ISO-10303-21;
HEADER;
FILE_DESCRIPTION(('STEP AP242'),'1');
FILE_NAME('395037004.stp','2026-07-27T15:52:11',('TraceParts'),('TraceParts S.A.S.'),'Spatial InterOp 3D',' ',' ');
FILE_SCHEMA(('AP242_MANAGED_MODEL_BASED_3D_ENGINEERING_MIM_LF  {1 0 10303 442 1 1 4}'));
ENDSEC;
DATA;
#1=MECHANICAL_DESIGN_GEOMETRIC_PRESENTATION_REPRESENTATION(' ',(#10,#11,#12,#13,#14,#15,#16,#17,#18,#19,#20,#21,#22,#23,#24,#25,#26,#27,#28,#29,#30,#31,#32,#33,#34,#35,#36,#37,#38,#39,#40,#41,#42,#43,#44,#45,#46,#47,#48,#49,#50,#51,#52,#53,#54,#55,#56,#57,#58,#59,#60,#61,#62,#63,#64,#65,#66,#67,#68,#69,#70,#71,#72,#73,#74,#75,#76,#77,#78,#79,#80,#81,#82,#83,#84,#85,#86,#87,#88,#89,#90,#91,#92,#93,#94,#95,#96,#97,#98,#99,#100,#101,#102,#103,#104,#105,#106,#107,#108,#109,#110,#111,#112,#113,#114,#115,#116,#117,#118,#119,#120,#121,#122,#123,#124,#125,#126,#127,#128,#129,#130,#131,#132,#133,#134,#135,#136,#137,#138,#139,#140,#141,#142,#143,#144,#145,#146,#147,#148,#149,#150,#151,#152,#153,#154,#155,#156,#157,#158,#159,#160,#161,#162,#163,#164,#165,#166,#167,#168,#169,#170,#171,#172,#173,#174,#175,#176,#177,#178,#179,#180,#181,#182,#183,#184,#185,#186,#187,#188,#189,#190,#191,#192,#193,#194,#195,#196,#197,#198,#199,#200,#201,#202,#203,#204,#205,#206,#207,#208,#209,#210,#211,#212,#213,#214,#215,#216,#217,#218,#219,#220,#221,#222,#223,#224,#225,#226,#227,#228,#229,#230,#231,#232,#233,#234,#235,#236,#237,#238,#239,#240,#241,#242,#243,#244,#245,#246,#247,#248,#249,#250,#251,#252,#253,#254,#255,#256,#257,#258,#259,#260,#261,#262,#263,#264,#265,#266,#267,#268,#269,#270,#271,#272,#273,#274,#275,#276,#277,#278,#279,#280,#281,#282,#283,#284,#285,#286,#287,#288,#289,#290,#291,#292,#293,#294,#295,#296,#297,#298,#299,#300,#301,#302,#303,#304,#305,#306,#307,#308,#309,#310,#311,#312),#6);
#2=PRODUCT_DEFINITION_CONTEXT('',#313,'design');
#3=APPLICATION_PROTOCOL_DEFINITION('INTERNATIONAL STANDARD','ap242_managed_model_based_3d_engineering',2014,#313);
#4=PRODUCT_CATEGORY_RELATIONSHIP('NONE','NONE',#314,#315);
#5=SHAPE_DEFINITION_REPRESENTATION(#316,#317);
#6= (GEOMETRIC_REPRESENTATION_CONTEXT(3)GLOBAL_UNCERTAINTY_ASSIGNED_CONTEXT((#320))GLOBAL_UNIT_ASSIGNED_CONTEXT((#322,#323,#324))REPRESENTATION_CONTEXT('NONE','WORKSPACE'));
#10=STYLED_ITEM('',(#326),#327);
#11=STYLED_ITEM('',(#328),#329);
#12=STYLED_ITEM('',(#330),#331);
#13=STYLED_ITEM('',(#332),#333);
#14=STYLED_ITEM('',(#334),#335);
#15=STYLED_ITEM('',(#336),#337);
#16=STYLED_ITEM('',(#338),#339);
#17=STYLED_ITEM('',(#340),#341);
#18=STYLED_ITEM('',(#342),#343);
#19=STYLED_ITEM('',(#344),#345);
#20=STYLED_ITEM('',(#346),#347);
#21=STYLED_ITEM('',(#348),#349);
#22=STYLED_ITEM('',(#350),#351);
#23=STYLED_ITEM('',(#352),#353);
#24=STYLED_ITEM('',(#354),#355);
#25=STYLED_ITEM('',(#356),#357);
#26=STYLED_ITEM('',(#358),#359);
#27=STYLED_ITEM('',(#360),#361);
#28=STYLED_ITEM('',(#362),#363);
#29=STYLED_ITEM('',(#364),#365);
#30=STYLED_ITEM('',(#366),#367);
#31=STYLED_ITEM('',(#368),#369);
#32=STYLED_ITEM('',(#370),#371);
#33=STYLED_ITEM('',(#372),#373);
#34=STYLED_ITEM('',(#374),#375);
#35=STYLED_ITEM('',(#376),#377);
#36=STYLED_ITEM('',(#378),#379);
#37=STYLED_ITEM('',(#380),#381);
#38=STYLED_ITEM('',(#382),#383);
#39=STYLED_ITEM('',(#384),#385);
#40=STYLED_ITEM('',(#386),#387);
#41=STYLED_ITEM('',(#388),#389);
#42=STYLED_ITEM('',(#390),#391);
#43=STYLED_ITEM('',(#392),#393);
#44=STYLED_ITEM('',(#394),#395);
#45=STYLED_ITEM('',(#396),#397);
#46=STYLED_ITEM('',(#398),#399);
#47=STYLED_ITEM('',(#400),#401);
#48=STYLED_ITEM('',(#402),#403);
#49=STYLED_ITEM('',(#404),#405);
#50=STYLED_ITEM('',(#406),#407);
#51=STYLED_ITEM('',(#408),#409);
#52=STYLED_ITEM('',(#410),#411);
#53=STYLED_ITEM('',(#412),#413);
#54=STYLED_ITEM('',(#414),#415);
#55=STYLED_ITEM('',(#416),#417);
#56=STYLED_ITEM('',(#418),#419);
#57=STYLED_ITEM('',(#420),#421);
#58=STYLED_ITEM('',(#422),#423);
#59=STYLED_ITEM('',(#424),#425);
#60=STYLED_ITEM('',(#426),#427);
#61=STYLED_ITEM('',(#428),#429);
#62=STYLED_ITEM('',(#430),#431);
#63=STYLED_ITEM('',(#432),#433);
#64=STYLED_ITEM('',(#434),#435);
#65=STYLED_ITEM('',(#436),#437);
#66=STYLED_ITEM('',(#438),#439);
#67=STYLED_ITEM('',(#440),#441);
#68=STYLED_ITEM('',(#442),#443);
#69=STYLED_ITEM('',(#444),#445);
#70=STYLED_ITEM('',(#446),#447);
#71=STYLED_ITEM('',(#448),#449);
#72=STYLED_ITEM('',(#450),#451);
#73=STYLED_ITEM('',(#452),#453);
#74=STYLED_ITEM('',(#454),#455);
#75=STYLED_ITEM('',(#456),#457);
#76=STYLED_ITEM('',(#458),#459);
#77=STYLED_ITEM('',(#460),#461);
#78=STYLED_ITEM('',(#462),#463);
#79=STYLED_ITEM('',(#464),#465);
#80=STYLED_ITEM('',(#466),#467);
#81=STYLED_ITEM('',(#468),#469);
#82=STYLED_ITEM('',(#470),#471);
#83=STYLED_ITEM('',(#472),#473);
#84=STYLED_ITEM('',(#474),#475);
#85=STYLED_ITEM('',(#476),#477);
#86=STYLED_ITEM('',(#478),#479);
#87=STYLED_ITEM('',(#480),#481);
#88=STYLED_ITEM('',(#482),#483);
#89=STYLED_ITEM('',(#484),#485);
#90=STYLED_ITEM('',(#486),#487);
#91=STYLED_ITEM('',(#488),#489);
#92=STYLED_ITEM('',(#490),#491);
#93=STYLED_ITEM('',(#492),#493);
#94=STYLED_ITEM('',(#494),#495);
#95=STYLED_ITEM('',(#496),#497);
#96=STYLED_ITEM('',(#498),#499);
#97=STYLED_ITEM('',(#500),#501);
#98=STYLED_ITEM('',(#502),#503);
#99=STYLED_ITEM('',(#504),#505);
#100=STYLED_ITEM('',(#506),#507);
#101=STYLED_ITEM('',(#508),#509);
#102=STYLED_ITEM('',(#510),#511);
#103=STYLED_ITEM('',(#512),#513);
#104=STYLED_ITEM('',(#514),#515);
#105=STYLED_ITEM('',(#516),#517);
#106=STYLED_ITEM('',(#518),#519);
#107=STYLED_ITEM('',(#520),#521);
#108=STYLED_ITEM('',(#522),#523);
#109=STYLED_ITEM('',(#524),#525);
#110=STYLED_ITEM('',(#526),#527);
#111=STYLED_ITEM('',(#528),#529);
#112=STYLED_ITEM('',(#530),#531);
#113=STYLED_ITEM('',(#532),#533);
#114=STYLED_ITEM('',(#534),#535);
#115=STYLED_ITEM('',(#536),#537);
#116=STYLED_ITEM('',(#538),#539);
#117=STYLED_ITEM('',(#540),#541);
#118=STYLED_ITEM('',(#542),#543);
#119=STYLED_ITEM('',(#544),#545);
#120=STYLED_ITEM('',(#546),#547);
#121=STYLED_ITEM('',(#548),#549);
#122=STYLED_ITEM('',(#550),#551);
#123=STYLED_ITEM('',(#552),#553);
#124=STYLED_ITEM('',(#554),#555);
#125=STYLED_ITEM('',(#556),#557);
#126=STYLED_ITEM('',(#558),#559);
#127=STYLED_ITEM('',(#560),#561);
#128=STYLED_ITEM('',(#562),#563);
#129=STYLED_ITEM('',(#564),#565);
#130=STYLED_ITEM('',(#566),#567);
#131=STYLED_ITEM('',(#568),#569);
#132=STYLED_ITEM('',(#570),#571);
#133=STYLED_ITEM('',(#572),#573);
#134=STYLED_ITEM('',(#574),#575);
#135=STYLED_ITEM('',(#576),#577);
#136=STYLED_ITEM('',(#578),#579);
#137=STYLED_ITEM('',(#580),#581);
#138=STYLED_ITEM('',(#582),#583);
#139=STYLED_ITEM('',(#584),#585);
#140=STYLED_ITEM('',(#586),#587);
#141=STYLED_ITEM('',(#588),#589);
#142=STYLED_ITEM('',(#590),#591);
#143=STYLED_ITEM('',(#592),#593);
#144=STYLED_ITEM('',(#594),#595);
#145=STYLED_ITEM('',(#596),#597);
#146=STYLED_ITEM('',(#598),#599);
#147=STYLED_ITEM('',(#600),#601);
#148=STYLED_ITEM('',(#602),#603);
#149=STYLED_ITEM('',(#604),#605);
#150=STYLED_ITEM('',(#606),#607);
#151=STYLED_ITEM('',(#608),#609);
#152=STYLED_ITEM('',(#610),#611);
#153=STYLED_ITEM('',(#612),#613);
#154=STYLED_ITEM('',(#614),#615);
#155=STYLED_ITEM('',(#616),#617);
#156=STYLED_ITEM('',(#618),#619);
#157=STYLED_ITEM('',(#620),#621);
#158=STYLED_ITEM('',(#622),#623);
#159=STYLED_ITEM('',(#624),#625);
#160=STYLED_ITEM('',(#626),#627);
#161=STYLED_ITEM('',(#628),#629);
#162=STYLED_ITEM('',(#630),#631);
#163=STYLED_ITEM('',(#632),#633);
#164=STYLED_ITEM('',(#634),#635);
#165=STYLED_ITEM('',(#636),#637);
#166=STYLED_ITEM('',(#638),#639);
#167=STYLED_ITEM('',(#640),#641);
#168=STYLED_ITEM('',(#642),#643);
#169=STYLED_ITEM('',(#644),#645);
#170=STYLED_ITEM('',(#646),#647);
#171=STYLED_ITEM('',(#648),#649);
#172=STYLED_ITEM('',(#650),#651);
#173=STYLED_ITEM('',(#652),#653);
#174=STYLED_ITEM('',(#654),#655);
#175=STYLED_ITEM('',(#656),#657);
#176=STYLED_ITEM('',(#658),#659);
#177=STYLED_ITEM('',(#660),#661);
#178=STYLED_ITEM('',(#662),#663);
#179=STYLED_ITEM('',(#664),#665);
#180=STYLED_ITEM('',(#666),#667);
#181=STYLED_ITEM('',(#668),#669);
#182=STYLED_ITEM('',(#670),#671);
#183=STYLED_ITEM('',(#672),#673);
#184=STYLED_ITEM('',(#674),#675);
#185=STYLED_ITEM('',(#676),#677);
#186=STYLED_ITEM('',(#678),#679);
#187=STYLED_ITEM('',(#680),#681);
#188=STYLED_ITEM('',(#682),#683);
#189=STYLED_ITEM('',(#684),#685);
#190=STYLED_ITEM('',(#686),#687);
#191=STYLED_ITEM('',(#688),#689);
#192=STYLED_ITEM('',(#690),#691);
#193=STYLED_ITEM('',(#692),#693);
#194=STYLED_ITEM('',(#694),#695);
#195=STYLED_ITEM('',(#696),#697);
#196=STYLED_ITEM('',(#698),#699);
#197=STYLED_ITEM('',(#700),#701);
#198=STYLED_ITEM('',(#702),#703);
#199=STYLED_ITEM('',(#704),#705);
#200=STYLED_ITEM('',(#706),#707);
#201=STYLED_ITEM('',(#708),#709);
#202=STYLED_ITEM('',(#710),#711);
#203=STYLED_ITEM('',(#712),#713);
#204=STYLED_ITEM('',(#714),#715);
#205=STYLED_ITEM('',(#716),#717);
#206=STYLED_ITEM('',(#718),#719);
#207=STYLED_ITEM('',(#720),#721);
#208=STYLED_ITEM('',(#722),#723);
#209=STYLED_ITEM('',(#724),#725);
#210=STYLED_ITEM('',(#726),#727);
#211=STYLED_ITEM('',(#728),#729);
#212=STYLED_ITEM('',(#730),#731);
#213=STYLED_ITEM('',(#732),#733);
#214=STYLED_ITEM('',(#734),#735);
#215=STYLED_ITEM('',(#736),#737);
#216=STYLED_ITEM('',(#738),#739);
#217=STYLED_ITEM('',(#740),#741);
#218=STYLED_ITEM('',(#742),#743);
#219=STYLED_ITEM('',(#744),#745);
#220=STYLED_ITEM('',(#746),#747);
#221=STYLED_ITEM('',(#748),#749);
#222=STYLED_ITEM('',(#750),#751);
#223=STYLED_ITEM('',(#752),#753);
#224=STYLED_ITEM('',(#754),#755);
#225=STYLED_ITEM('',(#756),#757);
#226=STYLED_ITEM('',(#758),#759);
#227=STYLED_ITEM('',(#760),#761);
#228=STYLED_ITEM('',(#762),#763);
#229=STYLED_ITEM('',(#764),#765);
#230=STYLED_ITEM('',(#766),#767);
#231=STYLED_ITEM('',(#768),#769);
#232=STYLED_ITEM('',(#770),#771);
#233=STYLED_ITEM('',(#772),#773);
#234=STYLED_ITEM('',(#774),#775);
#235=STYLED_ITEM('',(#776),#777);
#236=STYLED_ITEM('',(#778),#779);
#237=STYLED_ITEM('',(#780),#781);
#238=STYLED_ITEM('',(#782),#783);
#239=STYLED_ITEM('',(#784),#785);
#240=STYLED_ITEM('',(#786),#787);
#241=STYLED_ITEM('',(#788),#789);
#242=STYLED_ITEM('',(#790),#791);
#243=STYLED_ITEM('',(#792),#793);
#244=STYLED_ITEM('',(#794),#795);
#245=STYLED_ITEM('',(#796),#797);
#246=STYLED_ITEM('',(#798),#799);
#247=STYLED_ITEM('',(#800),#801);
#248=STYLED_ITEM('',(#802),#803);
#249=STYLED_ITEM('',(#804),#805);
#250=STYLED_ITEM('',(#806),#807);
#251=STYLED_ITEM('',(#808),#809);
#252=STYLED_ITEM('',(#810),#811);
#253=STYLED_ITEM('',(#812),#813);
#254=STYLED_ITEM('',(#814),#815);
#255=STYLED_ITEM('',(#816),#817);
#256=STYLED_ITEM('',(#818),#819);
#257=STYLED_ITEM('',(#820),#821);
#258=STYLED_ITEM('',(#822),#823);
#259=STYLED_ITEM('',(#824),#825);
#260=STYLED_ITEM('',(#826),#827);
#261=STYLED_ITEM('',(#828),#829);
#262=STYLED_ITEM('',(#830),#831);
#263=STYLED_ITEM('',(#832),#833);
#264=STYLED_ITEM('',(#834),#835);
#265=STYLED_ITEM('',(#836),#837);
#266=STYLED_ITEM('',(#838),#839);
#267=STYLED_ITEM('',(#840),#841);
#268=STYLED_ITEM('',(#842),#843);
#269=STYLED_ITEM('',(#844),#845);
#270=STYLED_ITEM('',(#846),#847);
#271=STYLED_ITEM('',(#848),#849);
#272=STYLED_ITEM('',(#850),#851);
#273=STYLED_ITEM('',(#852),#853);
#274=STYLED_ITEM('',(#854),#855);
#275=STYLED_ITEM('',(#856),#857);
#276=STYLED_ITEM('',(#858),#859);
#277=STYLED_ITEM('',(#860),#861);
#278=STYLED_ITEM('',(#862),#863);
#279=STYLED_ITEM('',(#864),#865);
#280=STYLED_ITEM('',(#866),#867);
#281=STYLED_ITEM('',(#868),#869);
#282=STYLED_ITEM('',(#870),#871);
#283=STYLED_ITEM('',(#872),#873);
#284=STYLED_ITEM('',(#874),#875);
#285=STYLED_ITEM('',(#876),#877);
#286=STYLED_ITEM('',(#878),#879);
#287=STYLED_ITEM('',(#880),#881);
#288=STYLED_ITEM('',(#882),#883);
#289=STYLED_ITEM('',(#884),#885);
#290=STYLED_ITEM('',(#886),#887);
#291=STYLED_ITEM('',(#888),#889);
#292=STYLED_ITEM('',(#890),#891);
#293=STYLED_ITEM('',(#892),#893);
#294=STYLED_ITEM('',(#894),#895);
#295=STYLED_ITEM('',(#896),#897);
#296=STYLED_ITEM('',(#898),#899);
#297=STYLED_ITEM('',(#900),#901);
#298=STYLED_ITEM('',(#902),#903);
#299=STYLED_ITEM('',(#904),#905);
#300=STYLED_ITEM('',(#906),#907);
#301=STYLED_ITEM('',(#908),#909);
#302=STYLED_ITEM('',(#910),#911);
#303=STYLED_ITEM('',(#912),#913);
#304=STYLED_ITEM('',(#914),#915);
#305=STYLED_ITEM('',(#916),#917);
#306=STYLED_ITEM('',(#918),#919);
#307=STYLED_ITEM('',(#920),#921);
#308=STYLED_ITEM('',(#922),#923);
#309=STYLED_ITEM('',(#924),#925);
#310=STYLED_ITEM('',(#926),#927);
#311=STYLED_ITEM('',(#928),#929);
#312=STYLED_ITEM('',(#930),#931);
#313=APPLICATION_CONTEXT('managed model based 3d engineering');
#314=PRODUCT_CATEGORY('part','NONE');
#315=PRODUCT_RELATED_PRODUCT_CATEGORY('detail',' ',(#932));
#316=PRODUCT_DEFINITION_SHAPE('NONE','NONE',#933);
#317=ADVANCED_BREP_SHAPE_REPRESENTATION('1',(#934,#935),#6);
#320=UNCERTAINTY_MEASURE_WITH_UNIT(LENGTH_MEASURE(1.0E-06),#322,'','');
#322= (CONVERSION_BASED_UNIT('MILLIMETRE',#938)LENGTH_UNIT()NAMED_UNIT(#941));
#323= (NAMED_UNIT(#943)PLANE_ANGLE_UNIT()SI_UNIT($,.RADIAN.));
#324= (NAMED_UNIT(#943)SOLID_ANGLE_UNIT()SI_UNIT($,.STERADIAN.));
#326=PRESENTATION_STYLE_ASSIGNMENT((#949));
#327=ADVANCED_FACE('',(#950),#951,.F.);
#328=PRESENTATION_STYLE_ASSIGNMENT((#952));
#329=ADVANCED_FACE('',(#953),#954,.F.);
#330=PRESENTATION_STYLE_ASSIGNMENT((#955));
#331=ADVANCED_FACE('',(#956),#957,.F.);
#332=PRESENTATION_STYLE_ASSIGNMENT((#958));
#333=ADVANCED_FACE('',(#959),#960,.F.);
#334=PRESENTATION_STYLE_ASSIGNMENT((#961));
#335=ADVANCED_FACE('',(#962),#963,.F.);
#336=PRESENTATION_STYLE_ASSIGNMENT((#964));
#337=ADVANCED_FACE('',(#965),#966,.F.);
#338=PRESENTATION_STYLE_ASSIGNMENT((#967));
#339=ADVANCED_FACE('',(#968),#969,.F.);
#340=PRESENTATION_STYLE_ASSIGNMENT((#970));
#341=ADVANCED_FACE('',(#971),#972,.F.);
#342=PRESENTATION_STYLE_ASSIGNMENT((#973));
#343=ADVANCED_FACE('',(#974),#975,.F.);
#344=PRESENTATION_STYLE_ASSIGNMENT((#976));
#345=ADVANCED_FACE('',(#977),#978,.F.);
#346=PRESENTATION_STYLE_ASSIGNMENT((#979));
#347=ADVANCED_FACE('',(#980),#981,.F.);
#348=PRESENTATION_STYLE_ASSIGNMENT((#982));
#349=ADVANCED_FACE('',(#983),#984,.F.);
#350=PRESENTATION_STYLE_ASSIGNMENT((#985));
#351=ADVANCED_FACE('',(#986),#987,.F.);
#352=PRESENTATION_STYLE_ASSIGNMENT((#988));
#353=ADVANCED_FACE('',(#989),#990,.F.);
#354=PRESENTATION_STYLE_ASSIGNMENT((#991));
#355=ADVANCED_FACE('',(#992),#993,.F.);
#356=PRESENTATION_STYLE_ASSIGNMENT((#994));
#357=ADVANCED_FACE('',(#995),#996,.F.);
#358=PRESENTATION_STYLE_ASSIGNMENT((#997));
#359=ADVANCED_FACE('',(#998),#999,.T.);
#360=PRESENTATION_STYLE_ASSIGNMENT((#1000));
#361=ADVANCED_FACE('',(#1001),#1002,.T.);
#362=PRESENTATION_STYLE_ASSIGNMENT((#1003));
#363=ADVANCED_FACE('',(#1004),#1005,.T.);
#364=PRESENTATION_STYLE_ASSIGNMENT((#1006));
#365=ADVANCED_FACE('',(#1007),#1008,.T.);
#366=PRESENTATION_STYLE_ASSIGNMENT((#1009));
#367=ADVANCED_FACE('',(#1010),#1011,.T.);
#368=PRESENTATION_STYLE_ASSIGNMENT((#1012));
#369=ADVANCED_FACE('',(#1013),#1014,.T.);
#370=PRESENTATION_STYLE_ASSIGNMENT((#1015));
#371=ADVANCED_FACE('',(#1016),#1017,.T.);
#372=PRESENTATION_STYLE_ASSIGNMENT((#1018));
#373=ADVANCED_FACE('',(#1019),#1020,.F.);
#374=PRESENTATION_STYLE_ASSIGNMENT((#1021));
#375=ADVANCED_FACE('',(#1022),#1023,.T.);
#376=PRESENTATION_STYLE_ASSIGNMENT((#1024));
#377=ADVANCED_FACE('',(#1025),#1026,.T.);
#378=PRESENTATION_STYLE_ASSIGNMENT((#1027));
#379=ADVANCED_FACE('',(#1028),#1029,.T.);
#380=PRESENTATION_STYLE_ASSIGNMENT((#1030));
#381=ADVANCED_FACE('',(#1031),#1032,.T.);
#382=PRESENTATION_STYLE_ASSIGNMENT((#1033));
#383=ADVANCED_FACE('',(#1034),#1035,.T.);
#384=PRESENTATION_STYLE_ASSIGNMENT((#1036));
#385=ADVANCED_FACE('',(#1037),#1038,.F.);
#386=PRESENTATION_STYLE_ASSIGNMENT((#1039));
#387=ADVANCED_FACE('',(#1040),#1041,.T.);
#388=PRESENTATION_STYLE_ASSIGNMENT((#1042));
#389=ADVANCED_FACE('',(#1043),#1044,.T.);
#390=PRESENTATION_STYLE_ASSIGNMENT((#1045));
#391=ADVANCED_FACE('',(#1046),#1047,.T.);
#392=PRESENTATION_STYLE_ASSIGNMENT((#1048));
#393=ADVANCED_FACE('',(#1049),#1050,.T.);
#394=PRESENTATION_STYLE_ASSIGNMENT((#1051));
#395=ADVANCED_FACE('',(#1052),#1053,.T.);
#396=PRESENTATION_STYLE_ASSIGNMENT((#1054));
#397=ADVANCED_FACE('',(#1055),#1056,.F.);
#398=PRESENTATION_STYLE_ASSIGNMENT((#1057));
#399=ADVANCED_FACE('',(#1058),#1059,.T.);
#400=PRESENTATION_STYLE_ASSIGNMENT((#1060));
#401=ADVANCED_FACE('',(#1061),#1062,.T.);
#402=PRESENTATION_STYLE_ASSIGNMENT((#1063));
#403=ADVANCED_FACE('',(#1064),#1065,.T.);
#404=PRESENTATION_STYLE_ASSIGNMENT((#1066));
#405=ADVANCED_FACE('',(#1067),#1068,.T.);
#406=PRESENTATION_STYLE_ASSIGNMENT((#1069));
#407=ADVANCED_FACE('',(#1070),#1071,.T.);
#408=PRESENTATION_STYLE_ASSIGNMENT((#1072));
#409=ADVANCED_FACE('',(#1073),#1074,.F.);
#410=PRESENTATION_STYLE_ASSIGNMENT((#1075));
#411=ADVANCED_FACE('',(#1076),#1077,.T.);
#412=PRESENTATION_STYLE_ASSIGNMENT((#1078));
#413=ADVANCED_FACE('',(#1079),#1080,.T.);
#414=PRESENTATION_STYLE_ASSIGNMENT((#1081));
#415=ADVANCED_FACE('',(#1082),#1083,.F.);
#416=PRESENTATION_STYLE_ASSIGNMENT((#1084));
#417=ADVANCED_FACE('',(#1085),#1086,.F.);
#418=PRESENTATION_STYLE_ASSIGNMENT((#1087));
#419=ADVANCED_FACE('',(#1088,#1089),#1090,.F.);
#420=PRESENTATION_STYLE_ASSIGNMENT((#1091));
#421=ADVANCED_FACE('',(#1092),#1093,.F.);
#422=PRESENTATION_STYLE_ASSIGNMENT((#1094));
#423=ADVANCED_FACE('',(#1095),#1096,.F.);
#424=PRESENTATION_STYLE_ASSIGNMENT((#1097));
#425=ADVANCED_FACE('',(#1098,#1099),#1100,.F.);
#426=PRESENTATION_STYLE_ASSIGNMENT((#1101));
#427=ADVANCED_FACE('',(#1102),#1103,.F.);
#428=PRESENTATION_STYLE_ASSIGNMENT((#1104));
#429=ADVANCED_FACE('',(#1105),#1106,.F.);
#430=PRESENTATION_STYLE_ASSIGNMENT((#1107));
#431=ADVANCED_FACE('',(#1108,#1109),#1110,.F.);
#432=PRESENTATION_STYLE_ASSIGNMENT((#1111));
#433=ADVANCED_FACE('',(#1112),#1113,.F.);
#434=PRESENTATION_STYLE_ASSIGNMENT((#1114));
#435=ADVANCED_FACE('',(#1115),#1116,.F.);
#436=PRESENTATION_STYLE_ASSIGNMENT((#1117));
#437=ADVANCED_FACE('',(#1118,#1119),#1120,.F.);
#438=PRESENTATION_STYLE_ASSIGNMENT((#1121));
#439=ADVANCED_FACE('',(#1122),#1123,.F.);
#440=PRESENTATION_STYLE_ASSIGNMENT((#1124));
#441=ADVANCED_FACE('',(#1125),#1126,.F.);
#442=PRESENTATION_STYLE_ASSIGNMENT((#1127));
#443=ADVANCED_FACE('',(#1128),#1129,.F.);
#444=PRESENTATION_STYLE_ASSIGNMENT((#1130));
#445=ADVANCED_FACE('',(#1131),#1132,.F.);
#446=PRESENTATION_STYLE_ASSIGNMENT((#1133));
#447=ADVANCED_FACE('',(#1134),#1135,.F.);
#448=PRESENTATION_STYLE_ASSIGNMENT((#1136));
#449=ADVANCED_FACE('',(#1137),#1138,.F.);
#450=PRESENTATION_STYLE_ASSIGNMENT((#1139));
#451=ADVANCED_FACE('',(#1140),#1141,.F.);
#452=PRESENTATION_STYLE_ASSIGNMENT((#1142));
#453=ADVANCED_FACE('',(#1143),#1144,.F.);
#454=PRESENTATION_STYLE_ASSIGNMENT((#1145));
#455=ADVANCED_FACE('',(#1146),#1147,.F.);
#456=PRESENTATION_STYLE_ASSIGNMENT((#1148));
#457=ADVANCED_FACE('',(#1149),#1150,.F.);
#458=PRESENTATION_STYLE_ASSIGNMENT((#1151));
#459=ADVANCED_FACE('',(#1152),#1153,.F.);
#460=PRESENTATION_STYLE_ASSIGNMENT((#1154));
#461=ADVANCED_FACE('',(#1155),#1156,.F.);
#462=PRESENTATION_STYLE_ASSIGNMENT((#1157));
#463=ADVANCED_FACE('',(#1158),#1159,.T.);
#464=PRESENTATION_STYLE_ASSIGNMENT((#1160));
#465=ADVANCED_FACE('',(#1161,#1162),#1163,.T.);
#466=PRESENTATION_STYLE_ASSIGNMENT((#1164));
#467=ADVANCED_FACE('',(#1165),#1166,.T.);
#468=PRESENTATION_STYLE_ASSIGNMENT((#1167));
#469=ADVANCED_FACE('',(#1168),#1169,.F.);
#470=PRESENTATION_STYLE_ASSIGNMENT((#1170));
#471=ADVANCED_FACE('',(#1171),#1172,.T.);
#472=PRESENTATION_STYLE_ASSIGNMENT((#1173));
#473=ADVANCED_FACE('',(#1174),#1175,.T.);
#474=PRESENTATION_STYLE_ASSIGNMENT((#1176));
#475=ADVANCED_FACE('',(#1177),#1178,.T.);
#476=PRESENTATION_STYLE_ASSIGNMENT((#1179));
#477=ADVANCED_FACE('',(#1180),#1181,.T.);
#478=PRESENTATION_STYLE_ASSIGNMENT((#1182));
#479=ADVANCED_FACE('',(#1183),#1184,.T.);
#480=PRESENTATION_STYLE_ASSIGNMENT((#1185));
#481=ADVANCED_FACE('',(#1186),#1187,.T.);
#482=PRESENTATION_STYLE_ASSIGNMENT((#1188));
#483=ADVANCED_FACE('',(#1189),#1190,.T.);
#484=PRESENTATION_STYLE_ASSIGNMENT((#1191));
#485=ADVANCED_FACE('',(#1192),#1193,.T.);
#486=PRESENTATION_STYLE_ASSIGNMENT((#1194));
#487=ADVANCED_FACE('',(#1195),#1196,.T.);
#488=PRESENTATION_STYLE_ASSIGNMENT((#1197));
#489=ADVANCED_FACE('',(#1198),#1199,.F.);
#490=PRESENTATION_STYLE_ASSIGNMENT((#1200));
#491=ADVANCED_FACE('',(#1201),#1202,.T.);
#492=PRESENTATION_STYLE_ASSIGNMENT((#1203));
#493=ADVANCED_FACE('',(#1204,#1205),#1206,.T.);
#494=PRESENTATION_STYLE_ASSIGNMENT((#1207));
#495=ADVANCED_FACE('',(#1208),#1209,.T.);
#496=PRESENTATION_STYLE_ASSIGNMENT((#1210));
#497=ADVANCED_FACE('',(#1211,#1212),#1213,.T.);
#498=PRESENTATION_STYLE_ASSIGNMENT((#1214));
#499=ADVANCED_FACE('',(#1215),#1216,.T.);
#500=PRESENTATION_STYLE_ASSIGNMENT((#1217));
#501=ADVANCED_FACE('',(#1218),#1219,.F.);
#502=PRESENTATION_STYLE_ASSIGNMENT((#1220));
#503=ADVANCED_FACE('',(#1221),#1222,.T.);
#504=PRESENTATION_STYLE_ASSIGNMENT((#1223));
#505=ADVANCED_FACE('',(#1224),#1225,.T.);
#506=PRESENTATION_STYLE_ASSIGNMENT((#1226));
#507=ADVANCED_FACE('',(#1227),#1228,.T.);
#508=PRESENTATION_STYLE_ASSIGNMENT((#1229));
#509=ADVANCED_FACE('',(#1230),#1231,.T.);
#510=PRESENTATION_STYLE_ASSIGNMENT((#1232));
#511=ADVANCED_FACE('',(#1233),#1234,.T.);
#512=PRESENTATION_STYLE_ASSIGNMENT((#1235));
#513=ADVANCED_FACE('',(#1236),#1237,.T.);
#514=PRESENTATION_STYLE_ASSIGNMENT((#1238));
#515=ADVANCED_FACE('',(#1239),#1240,.T.);
#516=PRESENTATION_STYLE_ASSIGNMENT((#1241));
#517=ADVANCED_FACE('',(#1242),#1243,.T.);
#518=PRESENTATION_STYLE_ASSIGNMENT((#1244));
#519=ADVANCED_FACE('',(#1245),#1246,.T.);
#520=PRESENTATION_STYLE_ASSIGNMENT((#1247));
#521=ADVANCED_FACE('',(#1248),#1249,.F.);
#522=PRESENTATION_STYLE_ASSIGNMENT((#1250));
#523=ADVANCED_FACE('',(#1251),#1252,.T.);
#524=PRESENTATION_STYLE_ASSIGNMENT((#1253));
#525=ADVANCED_FACE('',(#1254,#1255),#1256,.T.);
#526=PRESENTATION_STYLE_ASSIGNMENT((#1257));
#527=ADVANCED_FACE('',(#1258),#1259,.T.);
#528=PRESENTATION_STYLE_ASSIGNMENT((#1260));
#529=ADVANCED_FACE('',(#1261,#1262),#1263,.T.);
#530=PRESENTATION_STYLE_ASSIGNMENT((#1264));
#531=ADVANCED_FACE('',(#1265),#1266,.T.);
#532=PRESENTATION_STYLE_ASSIGNMENT((#1267));
#533=ADVANCED_FACE('',(#1268),#1269,.F.);
#534=PRESENTATION_STYLE_ASSIGNMENT((#1270));
#535=ADVANCED_FACE('',(#1271),#1272,.T.);
#536=PRESENTATION_STYLE_ASSIGNMENT((#1273));
#537=ADVANCED_FACE('',(#1274),#1275,.T.);
#538=PRESENTATION_STYLE_ASSIGNMENT((#1276));
#539=ADVANCED_FACE('',(#1277),#1278,.T.);
#540=PRESENTATION_STYLE_ASSIGNMENT((#1279));
#541=ADVANCED_FACE('',(#1280),#1281,.T.);
#542=PRESENTATION_STYLE_ASSIGNMENT((#1282));
#543=ADVANCED_FACE('',(#1283),#1284,.T.);
#544=PRESENTATION_STYLE_ASSIGNMENT((#1285));
#545=ADVANCED_FACE('',(#1286),#1287,.T.);
#546=PRESENTATION_STYLE_ASSIGNMENT((#1288));
#547=ADVANCED_FACE('',(#1289),#1290,.T.);
#548=PRESENTATION_STYLE_ASSIGNMENT((#1291));
#549=ADVANCED_FACE('',(#1292),#1293,.T.);
#550=PRESENTATION_STYLE_ASSIGNMENT((#1294));
#551=ADVANCED_FACE('',(#1295),#1296,.T.);
#552=PRESENTATION_STYLE_ASSIGNMENT((#1297));
#553=ADVANCED_FACE('',(#1298),#1299,.F.);
#554=PRESENTATION_STYLE_ASSIGNMENT((#1300));
#555=ADVANCED_FACE('',(#1301),#1302,.T.);
#556=PRESENTATION_STYLE_ASSIGNMENT((#1303));
#557=ADVANCED_FACE('',(#1304,#1305),#1306,.T.);
#558=PRESENTATION_STYLE_ASSIGNMENT((#1307));
#559=ADVANCED_FACE('',(#1308),#1309,.T.);
#560=PRESENTATION_STYLE_ASSIGNMENT((#1310));
#561=ADVANCED_FACE('',(#1311,#1312),#1313,.T.);
#562=PRESENTATION_STYLE_ASSIGNMENT((#1314));
#563=ADVANCED_FACE('',(#1315),#1316,.T.);
#564=PRESENTATION_STYLE_ASSIGNMENT((#1317));
#565=ADVANCED_FACE('',(#1318),#1319,.F.);
#566=PRESENTATION_STYLE_ASSIGNMENT((#1320));
#567=ADVANCED_FACE('',(#1321),#1322,.T.);
#568=PRESENTATION_STYLE_ASSIGNMENT((#1323));
#569=ADVANCED_FACE('',(#1324),#1325,.T.);
#570=PRESENTATION_STYLE_ASSIGNMENT((#1326));
#571=ADVANCED_FACE('',(#1327),#1328,.T.);
#572=PRESENTATION_STYLE_ASSIGNMENT((#1329));
#573=ADVANCED_FACE('',(#1330),#1331,.T.);
#574=PRESENTATION_STYLE_ASSIGNMENT((#1332));
#575=ADVANCED_FACE('',(#1333),#1334,.T.);
#576=PRESENTATION_STYLE_ASSIGNMENT((#1335));
#577=ADVANCED_FACE('',(#1336),#1337,.T.);
#578=PRESENTATION_STYLE_ASSIGNMENT((#1338));
#579=ADVANCED_FACE('',(#1339),#1340,.T.);
#580=PRESENTATION_STYLE_ASSIGNMENT((#1341));
#581=ADVANCED_FACE('',(#1342),#1343,.T.);
#582=PRESENTATION_STYLE_ASSIGNMENT((#1344));
#583=ADVANCED_FACE('',(#1345),#1346,.T.);
#584=PRESENTATION_STYLE_ASSIGNMENT((#1347));
#585=ADVANCED_FACE('',(#1348),#1349,.F.);
#586=PRESENTATION_STYLE_ASSIGNMENT((#1350));
#587=ADVANCED_FACE('',(#1351),#1352,.T.);
#588=PRESENTATION_STYLE_ASSIGNMENT((#1353));
#589=ADVANCED_FACE('',(#1354,#1355),#1356,.T.);
#590=PRESENTATION_STYLE_ASSIGNMENT((#1357));
#591=ADVANCED_FACE('',(#1358),#1359,.F.);
#592=PRESENTATION_STYLE_ASSIGNMENT((#1360));
#593=ADVANCED_FACE('',(#1361),#1362,.T.);
#594=PRESENTATION_STYLE_ASSIGNMENT((#1363));
#595=ADVANCED_FACE('',(#1364),#1365,.F.);
#596=PRESENTATION_STYLE_ASSIGNMENT((#1366));
#597=ADVANCED_FACE('',(#1367),#1368,.F.);
#598=PRESENTATION_STYLE_ASSIGNMENT((#1369));
#599=ADVANCED_FACE('',(#1370),#1371,.F.);
#600=PRESENTATION_STYLE_ASSIGNMENT((#1372));
#601=ADVANCED_FACE('',(#1373),#1374,.F.);
#602=PRESENTATION_STYLE_ASSIGNMENT((#1375));
#603=ADVANCED_FACE('',(#1376),#1377,.F.);
#604=PRESENTATION_STYLE_ASSIGNMENT((#1378));
#605=ADVANCED_FACE('',(#1379),#1380,.F.);
#606=PRESENTATION_STYLE_ASSIGNMENT((#1381));
#607=ADVANCED_FACE('',(#1382),#1383,.F.);
#608=PRESENTATION_STYLE_ASSIGNMENT((#1384));
#609=ADVANCED_FACE('',(#1385,#1386,#1387,#1388,#1389),#1390,.T.);
#610=PRESENTATION_STYLE_ASSIGNMENT((#1391));
#611=ADVANCED_FACE('',(#1392),#1393,.F.);
#612=PRESENTATION_STYLE_ASSIGNMENT((#1394));
#613=ADVANCED_FACE('',(#1395),#1396,.T.);
#614=PRESENTATION_STYLE_ASSIGNMENT((#1397));
#615=ADVANCED_FACE('',(#1398),#1399,.F.);
#616=PRESENTATION_STYLE_ASSIGNMENT((#1400));
#617=ADVANCED_FACE('',(#1401),#1402,.F.);
#618=PRESENTATION_STYLE_ASSIGNMENT((#1403));
#619=ADVANCED_FACE('',(#1404),#1405,.F.);
#620=PRESENTATION_STYLE_ASSIGNMENT((#1406));
#621=ADVANCED_FACE('',(#1407),#1408,.F.);
#622=PRESENTATION_STYLE_ASSIGNMENT((#1409));
#623=ADVANCED_FACE('',(#1410),#1411,.F.);
#624=PRESENTATION_STYLE_ASSIGNMENT((#1412));
#625=ADVANCED_FACE('',(#1413),#1414,.F.);
#626=PRESENTATION_STYLE_ASSIGNMENT((#1415));
#627=ADVANCED_FACE('',(#1416),#1417,.F.);
#628=PRESENTATION_STYLE_ASSIGNMENT((#1418));
#629=ADVANCED_FACE('',(#1419),#1420,.F.);
#630=PRESENTATION_STYLE_ASSIGNMENT((#1421));
#631=ADVANCED_FACE('',(#1422),#1423,.T.);
#632=PRESENTATION_STYLE_ASSIGNMENT((#1424));
#633=ADVANCED_FACE('',(#1425),#1426,.F.);
#634=PRESENTATION_STYLE_ASSIGNMENT((#1427));
#635=ADVANCED_FACE('',(#1428),#1429,.F.);
#636=PRESENTATION_STYLE_ASSIGNMENT((#1430));
#637=ADVANCED_FACE('',(#1431),#1432,.F.);
#638=PRESENTATION_STYLE_ASSIGNMENT((#1433));
#639=ADVANCED_FACE('',(#1434),#1435,.F.);
#640=PRESENTATION_STYLE_ASSIGNMENT((#1436));
#641=ADVANCED_FACE('',(#1437),#1438,.F.);
#642=PRESENTATION_STYLE_ASSIGNMENT((#1439));
#643=ADVANCED_FACE('',(#1440),#1441,.F.);
#644=PRESENTATION_STYLE_ASSIGNMENT((#1442));
#645=ADVANCED_FACE('',(#1443),#1444,.F.);
#646=PRESENTATION_STYLE_ASSIGNMENT((#1445));
#647=ADVANCED_FACE('',(#1446),#1447,.F.);
#648=PRESENTATION_STYLE_ASSIGNMENT((#1448));
#649=ADVANCED_FACE('',(#1449),#1450,.T.);
#650=PRESENTATION_STYLE_ASSIGNMENT((#1451));
#651=ADVANCED_FACE('',(#1452),#1453,.F.);
#652=PRESENTATION_STYLE_ASSIGNMENT((#1454));
#653=ADVANCED_FACE('',(#1455),#1456,.F.);
#654=PRESENTATION_STYLE_ASSIGNMENT((#1457));
#655=ADVANCED_FACE('',(#1458),#1459,.F.);
#656=PRESENTATION_STYLE_ASSIGNMENT((#1460));
#657=ADVANCED_FACE('',(#1461),#1462,.F.);
#658=PRESENTATION_STYLE_ASSIGNMENT((#1463));
#659=ADVANCED_FACE('',(#1464),#1465,.F.);
#660=PRESENTATION_STYLE_ASSIGNMENT((#1466));
#661=ADVANCED_FACE('',(#1467),#1468,.F.);
#662=PRESENTATION_STYLE_ASSIGNMENT((#1469));
#663=ADVANCED_FACE('',(#1470),#1471,.F.);
#664=PRESENTATION_STYLE_ASSIGNMENT((#1472));
#665=ADVANCED_FACE('',(#1473),#1474,.F.);
#666=PRESENTATION_STYLE_ASSIGNMENT((#1475));
#667=ADVANCED_FACE('',(#1476),#1477,.T.);
#668=PRESENTATION_STYLE_ASSIGNMENT((#1478));
#669=ADVANCED_FACE('',(#1479),#1480,.F.);
#670=PRESENTATION_STYLE_ASSIGNMENT((#1481));
#671=ADVANCED_FACE('',(#1482),#1483,.F.);
#672=PRESENTATION_STYLE_ASSIGNMENT((#1484));
#673=ADVANCED_FACE('',(#1485),#1486,.F.);
#674=PRESENTATION_STYLE_ASSIGNMENT((#1487));
#675=ADVANCED_FACE('',(#1488),#1489,.F.);
#676=PRESENTATION_STYLE_ASSIGNMENT((#1490));
#677=ADVANCED_FACE('',(#1491),#1492,.F.);
#678=PRESENTATION_STYLE_ASSIGNMENT((#1493));
#679=ADVANCED_FACE('',(#1494),#1495,.F.);
#680=PRESENTATION_STYLE_ASSIGNMENT((#1496));
#681=ADVANCED_FACE('',(#1497),#1498,.F.);
#682=PRESENTATION_STYLE_ASSIGNMENT((#1499));
#683=ADVANCED_FACE('',(#1500),#1501,.F.);
#684=PRESENTATION_STYLE_ASSIGNMENT((#1502));
#685=ADVANCED_FACE('',(#1503),#1504,.T.);
#686=PRESENTATION_STYLE_ASSIGNMENT((#1505));
#687=ADVANCED_FACE('',(#1506),#1507,.F.);
#688=PRESENTATION_STYLE_ASSIGNMENT((#1508));
#689=ADVANCED_FACE('',(#1509),#1510,.F.);
#690=PRESENTATION_STYLE_ASSIGNMENT((#1511));
#691=ADVANCED_FACE('',(#1512),#1513,.F.);
#692=PRESENTATION_STYLE_ASSIGNMENT((#1514));
#693=ADVANCED_FACE('',(#1515),#1516,.F.);
#694=PRESENTATION_STYLE_ASSIGNMENT((#1517));
#695=ADVANCED_FACE('',(#1518),#1519,.F.);
#696=PRESENTATION_STYLE_ASSIGNMENT((#1520));
#697=ADVANCED_FACE('',(#1521),#1522,.F.);
#698=PRESENTATION_STYLE_ASSIGNMENT((#1523));
#699=ADVANCED_FACE('',(#1524),#1525,.F.);
#700=PRESENTATION_STYLE_ASSIGNMENT((#1526));
#701=ADVANCED_FACE('',(#1527),#1528,.F.);
#702=PRESENTATION_STYLE_ASSIGNMENT((#1529));
#703=ADVANCED_FACE('',(#1530),#1531,.T.);
#704=PRESENTATION_STYLE_ASSIGNMENT((#1532));
#705=ADVANCED_FACE('',(#1533),#1534,.F.);
#706=PRESENTATION_STYLE_ASSIGNMENT((#1535));
#707=ADVANCED_FACE('',(#1536),#1537,.F.);
#708=PRESENTATION_STYLE_ASSIGNMENT((#1538));
#709=ADVANCED_FACE('',(#1539),#1540,.F.);
#710=PRESENTATION_STYLE_ASSIGNMENT((#1541));
#711=ADVANCED_FACE('',(#1542),#1543,.F.);
#712=PRESENTATION_STYLE_ASSIGNMENT((#1544));
#713=ADVANCED_FACE('',(#1545),#1546,.F.);
#714=PRESENTATION_STYLE_ASSIGNMENT((#1547));
#715=ADVANCED_FACE('',(#1548),#1549,.F.);
#716=PRESENTATION_STYLE_ASSIGNMENT((#1550));
#717=ADVANCED_FACE('',(#1551),#1552,.F.);
#718=PRESENTATION_STYLE_ASSIGNMENT((#1553));
#719=ADVANCED_FACE('',(#1554),#1555,.F.);
#720=PRESENTATION_STYLE_ASSIGNMENT((#1556));
#721=ADVANCED_FACE('',(#1557),#1558,.T.);
#722=PRESENTATION_STYLE_ASSIGNMENT((#1559));
#723=ADVANCED_FACE('',(#1560),#1561,.F.);
#724=PRESENTATION_STYLE_ASSIGNMENT((#1562));
#725=ADVANCED_FACE('',(#1563),#1564,.F.);
#726=PRESENTATION_STYLE_ASSIGNMENT((#1565));
#727=ADVANCED_FACE('',(#1566),#1567,.F.);
#728=PRESENTATION_STYLE_ASSIGNMENT((#1568));
#729=ADVANCED_FACE('',(#1569),#1570,.F.);
#730=PRESENTATION_STYLE_ASSIGNMENT((#1571));
#731=ADVANCED_FACE('',(#1572),#1573,.F.);
#732=PRESENTATION_STYLE_ASSIGNMENT((#1574));
#733=ADVANCED_FACE('',(#1575),#1576,.F.);
#734=PRESENTATION_STYLE_ASSIGNMENT((#1577));
#735=ADVANCED_FACE('',(#1578),#1579,.F.);
#736=PRESENTATION_STYLE_ASSIGNMENT((#1580));
#737=ADVANCED_FACE('',(#1581),#1582,.F.);
#738=PRESENTATION_STYLE_ASSIGNMENT((#1583));
#739=ADVANCED_FACE('',(#1584),#1585,.F.);
#740=PRESENTATION_STYLE_ASSIGNMENT((#1586));
#741=ADVANCED_FACE('',(#1587),#1588,.F.);
#742=PRESENTATION_STYLE_ASSIGNMENT((#1589));
#743=ADVANCED_FACE('',(#1590),#1591,.F.);
#744=PRESENTATION_STYLE_ASSIGNMENT((#1592));
#745=ADVANCED_FACE('',(#1593),#1594,.F.);
#746=PRESENTATION_STYLE_ASSIGNMENT((#1595));
#747=ADVANCED_FACE('',(#1596),#1597,.F.);
#748=PRESENTATION_STYLE_ASSIGNMENT((#1598));
#749=ADVANCED_FACE('',(#1599),#1600,.F.);
#750=PRESENTATION_STYLE_ASSIGNMENT((#1601));
#751=ADVANCED_FACE('',(#1602),#1603,.F.);
#752=PRESENTATION_STYLE_ASSIGNMENT((#1604));
#753=ADVANCED_FACE('',(#1605),#1606,.F.);
#754=PRESENTATION_STYLE_ASSIGNMENT((#1607));
#755=ADVANCED_FACE('',(#1608),#1609,.T.);
#756=PRESENTATION_STYLE_ASSIGNMENT((#1610));
#757=ADVANCED_FACE('',(#1611),#1612,.T.);
#758=PRESENTATION_STYLE_ASSIGNMENT((#1613));
#759=ADVANCED_FACE('',(#1614),#1615,.F.);
#760=PRESENTATION_STYLE_ASSIGNMENT((#1616));
#761=ADVANCED_FACE('',(#1617),#1618,.F.);
#762=PRESENTATION_STYLE_ASSIGNMENT((#1619));
#763=ADVANCED_FACE('',(#1620),#1621,.F.);
#764=PRESENTATION_STYLE_ASSIGNMENT((#1622));
#765=ADVANCED_FACE('',(#1623),#1624,.F.);
#766=PRESENTATION_STYLE_ASSIGNMENT((#1625));
#767=ADVANCED_FACE('',(#1626),#1627,.F.);
#768=PRESENTATION_STYLE_ASSIGNMENT((#1628));
#769=ADVANCED_FACE('',(#1629),#1630,.F.);
#770=PRESENTATION_STYLE_ASSIGNMENT((#1631));
#771=ADVANCED_FACE('',(#1632),#1633,.F.);
#772=PRESENTATION_STYLE_ASSIGNMENT((#1634));
#773=ADVANCED_FACE('',(#1635),#1636,.F.);
#774=PRESENTATION_STYLE_ASSIGNMENT((#1637));
#775=ADVANCED_FACE('',(#1638),#1639,.F.);
#776=PRESENTATION_STYLE_ASSIGNMENT((#1640));
#777=ADVANCED_FACE('',(#1641),#1642,.T.);
#778=PRESENTATION_STYLE_ASSIGNMENT((#1643));
#779=ADVANCED_FACE('',(#1644),#1645,.F.);
#780=PRESENTATION_STYLE_ASSIGNMENT((#1646));
#781=ADVANCED_FACE('',(#1647),#1648,.F.);
#782=PRESENTATION_STYLE_ASSIGNMENT((#1649));
#783=ADVANCED_FACE('',(#1650),#1651,.F.);
#784=PRESENTATION_STYLE_ASSIGNMENT((#1652));
#785=ADVANCED_FACE('',(#1653),#1654,.F.);
#786=PRESENTATION_STYLE_ASSIGNMENT((#1655));
#787=ADVANCED_FACE('',(#1656),#1657,.F.);
#788=PRESENTATION_STYLE_ASSIGNMENT((#1658));
#789=ADVANCED_FACE('',(#1659),#1660,.F.);
#790=PRESENTATION_STYLE_ASSIGNMENT((#1661));
#791=ADVANCED_FACE('',(#1662),#1663,.F.);
#792=PRESENTATION_STYLE_ASSIGNMENT((#1664));
#793=ADVANCED_FACE('',(#1665),#1666,.F.);
#794=PRESENTATION_STYLE_ASSIGNMENT((#1667));
#795=ADVANCED_FACE('',(#1668),#1669,.F.);
#796=PRESENTATION_STYLE_ASSIGNMENT((#1670));
#797=ADVANCED_FACE('',(#1671),#1672,.T.);
#798=PRESENTATION_STYLE_ASSIGNMENT((#1673));
#799=ADVANCED_FACE('',(#1674),#1675,.F.);
#800=PRESENTATION_STYLE_ASSIGNMENT((#1676));
#801=ADVANCED_FACE('',(#1677),#1678,.F.);
#802=PRESENTATION_STYLE_ASSIGNMENT((#1679));
#803=ADVANCED_FACE('',(#1680),#1681,.F.);
#804=PRESENTATION_STYLE_ASSIGNMENT((#1682));
#805=ADVANCED_FACE('',(#1683),#1684,.F.);
#806=PRESENTATION_STYLE_ASSIGNMENT((#1685));
#807=ADVANCED_FACE('',(#1686),#1687,.F.);
#808=PRESENTATION_STYLE_ASSIGNMENT((#1688));
#809=ADVANCED_FACE('',(#1689),#1690,.F.);
#810=PRESENTATION_STYLE_ASSIGNMENT((#1691));
#811=ADVANCED_FACE('',(#1692),#1693,.F.);
#812=PRESENTATION_STYLE_ASSIGNMENT((#1694));
#813=ADVANCED_FACE('',(#1695),#1696,.F.);
#814=PRESENTATION_STYLE_ASSIGNMENT((#1697));
#815=ADVANCED_FACE('',(#1698),#1699,.F.);
#816=PRESENTATION_STYLE_ASSIGNMENT((#1700));
#817=ADVANCED_FACE('',(#1701),#1702,.T.);
#818=PRESENTATION_STYLE_ASSIGNMENT((#1703));
#819=ADVANCED_FACE('',(#1704),#1705,.F.);
#820=PRESENTATION_STYLE_ASSIGNMENT((#1706));
#821=ADVANCED_FACE('',(#1707),#1708,.F.);
#822=PRESENTATION_STYLE_ASSIGNMENT((#1709));
#823=ADVANCED_FACE('',(#1710),#1711,.F.);
#824=PRESENTATION_STYLE_ASSIGNMENT((#1712));
#825=ADVANCED_FACE('',(#1713),#1714,.F.);
#826=PRESENTATION_STYLE_ASSIGNMENT((#1715));
#827=ADVANCED_FACE('',(#1716),#1717,.F.);
#828=PRESENTATION_STYLE_ASSIGNMENT((#1718));
#829=ADVANCED_FACE('',(#1719),#1720,.T.);
#830=PRESENTATION_STYLE_ASSIGNMENT((#1721));
#831=ADVANCED_FACE('',(#1722),#1723,.F.);
#832=PRESENTATION_STYLE_ASSIGNMENT((#1724));
#833=ADVANCED_FACE('',(#1725),#1726,.F.);
#834=PRESENTATION_STYLE_ASSIGNMENT((#1727));
#835=ADVANCED_FACE('',(#1728),#1729,.F.);
#836=PRESENTATION_STYLE_ASSIGNMENT((#1730));
#837=ADVANCED_FACE('',(#1731),#1732,.F.);
#838=PRESENTATION_STYLE_ASSIGNMENT((#1733));
#839=ADVANCED_FACE('',(#1734),#1735,.F.);
#840=PRESENTATION_STYLE_ASSIGNMENT((#1736));
#841=ADVANCED_FACE('',(#1737),#1738,.T.);
#842=PRESENTATION_STYLE_ASSIGNMENT((#1739));
#843=ADVANCED_FACE('',(#1740),#1741,.T.);
#844=PRESENTATION_STYLE_ASSIGNMENT((#1742));
#845=ADVANCED_FACE('',(#1743),#1744,.T.);
#846=PRESENTATION_STYLE_ASSIGNMENT((#1745));
#847=ADVANCED_FACE('',(#1746),#1747,.T.);
#848=PRESENTATION_STYLE_ASSIGNMENT((#1748));
#849=ADVANCED_FACE('',(#1749),#1750,.T.);
#850=PRESENTATION_STYLE_ASSIGNMENT((#1751));
#851=ADVANCED_FACE('',(#1752),#1753,.T.);
#852=PRESENTATION_STYLE_ASSIGNMENT((#1754));
#853=ADVANCED_FACE('',(#1755),#1756,.F.);
#854=PRESENTATION_STYLE_ASSIGNMENT((#1757));
#855=ADVANCED_FACE('',(#1758),#1759,.T.);
#856=PRESENTATION_STYLE_ASSIGNMENT((#1760));
#857=ADVANCED_FACE('',(#1761),#1762,.T.);
#858=PRESENTATION_STYLE_ASSIGNMENT((#1763));
#859=ADVANCED_FACE('',(#1764),#1765,.T.);
#860=PRESENTATION_STYLE_ASSIGNMENT((#1766));
#861=ADVANCED_FACE('',(#1767),#1768,.T.);
#862=PRESENTATION_STYLE_ASSIGNMENT((#1769));
#863=ADVANCED_FACE('',(#1770),#1771,.T.);
#864=PRESENTATION_STYLE_ASSIGNMENT((#1772));
#865=ADVANCED_FACE('',(#1773),#1774,.F.);
#866=PRESENTATION_STYLE_ASSIGNMENT((#1775));
#867=ADVANCED_FACE('',(#1776),#1777,.T.);
#868=PRESENTATION_STYLE_ASSIGNMENT((#1778));
#869=ADVANCED_FACE('',(#1779),#1780,.T.);
#870=PRESENTATION_STYLE_ASSIGNMENT((#1781));
#871=ADVANCED_FACE('',(#1782),#1783,.T.);
#872=PRESENTATION_STYLE_ASSIGNMENT((#1784));
#873=ADVANCED_FACE('',(#1785),#1786,.T.);
#874=PRESENTATION_STYLE_ASSIGNMENT((#1787));
#875=ADVANCED_FACE('',(#1788),#1789,.F.);
#876=PRESENTATION_STYLE_ASSIGNMENT((#1790));
#877=ADVANCED_FACE('',(#1791),#1792,.T.);
#878=PRESENTATION_STYLE_ASSIGNMENT((#1793));
#879=ADVANCED_FACE('',(#1794),#1795,.T.);
#880=PRESENTATION_STYLE_ASSIGNMENT((#1796));
#881=ADVANCED_FACE('',(#1797),#1798,.T.);
#882=PRESENTATION_STYLE_ASSIGNMENT((#1799));
#883=ADVANCED_FACE('',(#1800),#1801,.T.);
#884=PRESENTATION_STYLE_ASSIGNMENT((#1802));
#885=ADVANCED_FACE('',(#1803),#1804,.F.);
#886=PRESENTATION_STYLE_ASSIGNMENT((#1805));
#887=ADVANCED_FACE('',(#1806),#1807,.T.);
#888=PRESENTATION_STYLE_ASSIGNMENT((#1808));
#889=ADVANCED_FACE('',(#1809),#1810,.T.);
#890=PRESENTATION_STYLE_ASSIGNMENT((#1811));
#891=ADVANCED_FACE('',(#1812),#1813,.T.);
#892=PRESENTATION_STYLE_ASSIGNMENT((#1814));
#893=ADVANCED_FACE('',(#1815),#1816,.T.);
#894=PRESENTATION_STYLE_ASSIGNMENT((#1817));
#895=ADVANCED_FACE('',(#1818),#1819,.F.);
#896=PRESENTATION_STYLE_ASSIGNMENT((#1820));
#897=ADVANCED_FACE('',(#1821),#1822,.T.);
#898=PRESENTATION_STYLE_ASSIGNMENT((#1823));
#899=ADVANCED_FACE('',(#1824),#1825,.T.);
#900=PRESENTATION_STYLE_ASSIGNMENT((#1826));
#901=ADVANCED_FACE('',(#1827),#1828,.T.);
#902=PRESENTATION_STYLE_ASSIGNMENT((#1829));
#903=ADVANCED_FACE('',(#1830),#1831,.T.);
#904=PRESENTATION_STYLE_ASSIGNMENT((#1832));
#905=ADVANCED_FACE('',(#1833),#1834,.T.);
#906=PRESENTATION_STYLE_ASSIGNMENT((#1835));
#907=ADVANCED_FACE('',(#1836),#1837,.T.);
#908=PRESENTATION_STYLE_ASSIGNMENT((#1838));
#909=ADVANCED_FACE('',(#1839),#1840,.T.);
#910=PRESENTATION_STYLE_ASSIGNMENT((#1841));
#911=ADVANCED_FACE('',(#1842),#1843,.T.);
#912=PRESENTATION_STYLE_ASSIGNMENT((#1844));
#913=ADVANCED_FACE('',(#1845),#1846,.T.);
#914=PRESENTATION_STYLE_ASSIGNMENT((#1847));
#915=ADVANCED_FACE('',(#1848,#1849,#1850,#1851,#1852),#1853,.T.);
#916=PRESENTATION_STYLE_ASSIGNMENT((#1854));
#917=ADVANCED_FACE('',(#1855),#1856,.T.);
#918=PRESENTATION_STYLE_ASSIGNMENT((#1857));
#919=ADVANCED_FACE('',(#1858),#1859,.T.);
#920=PRESENTATION_STYLE_ASSIGNMENT((#1860));
#921=ADVANCED_FACE('',(#1861),#1862,.T.);
#922=PRESENTATION_STYLE_ASSIGNMENT((#1863));
#923=ADVANCED_FACE('',(#1864),#1865,.T.);
#924=PRESENTATION_STYLE_ASSIGNMENT((#1866));
#925=ADVANCED_FACE('',(#1867),#1868,.T.);
#926=PRESENTATION_STYLE_ASSIGNMENT((#1869));
#927=ADVANCED_FACE('',(#1870),#1871,.T.);
#928=PRESENTATION_STYLE_ASSIGNMENT((#1872));
#929=ADVANCED_FACE('',(#1873),#1874,.T.);
#930=PRESENTATION_STYLE_ASSIGNMENT((#1875));
#931=ADVANCED_FACE('',(#1876),#1877,.F.);
#932=PRODUCT('1','','PART--DESC',(#1878));
#933=PRODUCT_DEFINITION('','NONE',#1879,#2);
#934=MANIFOLD_SOLID_BREP('1',#1880);
#935=AXIS2_PLACEMENT_3D('',#1881,#1882,#1883);
#938=LENGTH_MEASURE_WITH_UNIT(LENGTH_MEASURE(1.0),#1884);
#941=DIMENSIONAL_EXPONENTS(1.0,0.0,0.0,0.0,0.0,0.0,0.0);
#943=DIMENSIONAL_EXPONENTS(0.0,0.0,0.0,0.0,0.0,0.0,0.0);
#949=SURFACE_STYLE_USAGE(.BOTH.,#1885);
#950=FACE_OUTER_BOUND('',#1886,.T.);
#951=CYLINDRICAL_SURFACE('',#1887,0.6);
#952=SURFACE_STYLE_USAGE(.BOTH.,#1888);
#953=FACE_OUTER_BOUND('',#1889,.T.);
#954=CONICAL_SURFACE('',#1890,0.8,0.785398163397448);
#955=SURFACE_STYLE_USAGE(.BOTH.,#1891);
#956=FACE_OUTER_BOUND('',#1892,.T.);
#957=CYLINDRICAL_SURFACE('',#1893,0.6);
#958=SURFACE_STYLE_USAGE(.BOTH.,#1894);
#959=FACE_OUTER_BOUND('',#1895,.T.);
#960=CONICAL_SURFACE('',#1896,0.8,0.785398163397448);
#961=SURFACE_STYLE_USAGE(.BOTH.,#1897);
#962=FACE_OUTER_BOUND('',#1898,.T.);
#963=CYLINDRICAL_SURFACE('',#1899,0.6);
#964=SURFACE_STYLE_USAGE(.BOTH.,#1900);
#965=FACE_OUTER_BOUND('',#1901,.T.);
#966=CONICAL_SURFACE('',#1902,0.8,0.785398163397448);
#967=SURFACE_STYLE_USAGE(.BOTH.,#1903);
#968=FACE_OUTER_BOUND('',#1904,.T.);
#969=CYLINDRICAL_SURFACE('',#1905,0.6);
#970=SURFACE_STYLE_USAGE(.BOTH.,#1906);
#971=FACE_OUTER_BOUND('',#1907,.T.);
#972=CONICAL_SURFACE('',#1908,0.8,0.785398163397448);
#973=SURFACE_STYLE_USAGE(.BOTH.,#1909);
#974=FACE_OUTER_BOUND('',#1910,.T.);
#975=CONICAL_SURFACE('',#1911,1.52399999999999,0.785398163397448);
#976=SURFACE_STYLE_USAGE(.BOTH.,#1912);
#977=FACE_OUTER_BOUND('',#1913,.T.);
#978=CYLINDRICAL_SURFACE('',#1914,1.39699999999999);
#979=SURFACE_STYLE_USAGE(.BOTH.,#1915);
#980=FACE_OUTER_BOUND('',#1916,.T.);
#981=CONICAL_SURFACE('',#1917,1.52399999999999,0.785398163397448);
#982=SURFACE_STYLE_USAGE(.BOTH.,#1918);
#983=FACE_OUTER_BOUND('',#1919,.T.);
#984=CYLINDRICAL_SURFACE('',#1920,1.39699999999999);
#985=SURFACE_STYLE_USAGE(.BOTH.,#1921);
#986=FACE_OUTER_BOUND('',#1922,.T.);
#987=CONICAL_SURFACE('',#1923,1.52399999999999,0.785398163397448);
#988=SURFACE_STYLE_USAGE(.BOTH.,#1924);
#989=FACE_OUTER_BOUND('',#1925,.T.);
#990=CYLINDRICAL_SURFACE('',#1926,1.39699999999999);
#991=SURFACE_STYLE_USAGE(.BOTH.,#1927);
#992=FACE_OUTER_BOUND('',#1928,.T.);
#993=CONICAL_SURFACE('',#1929,1.52399999999999,0.785398163397448);
#994=SURFACE_STYLE_USAGE(.BOTH.,#1930);
#995=FACE_OUTER_BOUND('',#1931,.T.);
#996=CYLINDRICAL_SURFACE('',#1932,1.39699999999999);
#997=SURFACE_STYLE_USAGE(.BOTH.,#1933);
#998=FACE_OUTER_BOUND('',#1934,.T.);
#999=CYLINDRICAL_SURFACE('',#1935,1.374);
#1000=SURFACE_STYLE_USAGE(.BOTH.,#1936);
#1001=FACE_OUTER_BOUND('',#1937,.T.);
#1002=CYLINDRICAL_SURFACE('',#1938,1.374);
#1003=SURFACE_STYLE_USAGE(.BOTH.,#1939);
#1004=FACE_OUTER_BOUND('',#1940,.T.);
#1005=CYLINDRICAL_SURFACE('',#1941,1.374);
#1006=SURFACE_STYLE_USAGE(.BOTH.,#1942);
#1007=FACE_OUTER_BOUND('',#1943,.T.);
#1008=CYLINDRICAL_SURFACE('',#1944,1.374);
#1009=SURFACE_STYLE_USAGE(.BOTH.,#1945);
#1010=FACE_OUTER_BOUND('',#1946,.T.);
#1011=CYLINDRICAL_SURFACE('',#1947,1.374);
#1012=SURFACE_STYLE_USAGE(.BOTH.,#1948);
#1013=FACE_OUTER_BOUND('',#1949,.T.);
#1014=PLANE('',#1950);
#1015=SURFACE_STYLE_USAGE(.BOTH.,#1951);
#1016=FACE_OUTER_BOUND('',#1952,.T.);
#1017=PLANE('',#1953);
#1018=SURFACE_STYLE_USAGE(.BOTH.,#1954);
#1019=FACE_OUTER_BOUND('',#1955,.T.);
#1020=PLANE('',#1956);
#1021=SURFACE_STYLE_USAGE(.BOTH.,#1957);
#1022=FACE_OUTER_BOUND('',#1958,.T.);
#1023=PLANE('',#1959);
#1024=SURFACE_STYLE_USAGE(.BOTH.,#1960);
#1025=FACE_OUTER_BOUND('',#1961,.T.);
#1026=PLANE('',#1962);
#1027=SURFACE_STYLE_USAGE(.BOTH.,#1963);
#1028=FACE_OUTER_BOUND('',#1964,.T.);
#1029=CYLINDRICAL_SURFACE('',#1965,1.374);
#1030=SURFACE_STYLE_USAGE(.BOTH.,#1966);
#1031=FACE_OUTER_BOUND('',#1967,.T.);
#1032=PLANE('',#1968);
#1033=SURFACE_STYLE_USAGE(.BOTH.,#1969);
#1034=FACE_OUTER_BOUND('',#1970,.T.);
#1035=PLANE('',#1971);
#1036=SURFACE_STYLE_USAGE(.BOTH.,#1972);
#1037=FACE_OUTER_BOUND('',#1973,.T.);
#1038=PLANE('',#1974);
#1039=SURFACE_STYLE_USAGE(.BOTH.,#1975);
#1040=FACE_OUTER_BOUND('',#1976,.T.);
#1041=PLANE('',#1977);
#1042=SURFACE_STYLE_USAGE(.BOTH.,#1978);
#1043=FACE_OUTER_BOUND('',#1979,.T.);
#1044=PLANE('',#1980);
#1045=SURFACE_STYLE_USAGE(.BOTH.,#1981);
#1046=FACE_OUTER_BOUND('',#1982,.T.);
#1047=CYLINDRICAL_SURFACE('',#1983,1.374);
#1048=SURFACE_STYLE_USAGE(.BOTH.,#1984);
#1049=FACE_OUTER_BOUND('',#1985,.T.);
#1050=PLANE('',#1986);
#1051=SURFACE_STYLE_USAGE(.BOTH.,#1987);
#1052=FACE_OUTER_BOUND('',#1988,.T.);
#1053=PLANE('',#1989);
#1054=SURFACE_STYLE_USAGE(.BOTH.,#1990);
#1055=FACE_OUTER_BOUND('',#1991,.T.);
#1056=PLANE('',#1992);
#1057=SURFACE_STYLE_USAGE(.BOTH.,#1993);
#1058=FACE_OUTER_BOUND('',#1994,.T.);
#1059=PLANE('',#1995);
#1060=SURFACE_STYLE_USAGE(.BOTH.,#1996);
#1061=FACE_OUTER_BOUND('',#1997,.T.);
#1062=PLANE('',#1998);
#1063=SURFACE_STYLE_USAGE(.BOTH.,#1999);
#1064=FACE_OUTER_BOUND('',#2000,.T.);
#1065=CYLINDRICAL_SURFACE('',#2001,1.374);
#1066=SURFACE_STYLE_USAGE(.BOTH.,#2002);
#1067=FACE_OUTER_BOUND('',#2003,.T.);
#1068=PLANE('',#2004);
#1069=SURFACE_STYLE_USAGE(.BOTH.,#2005);
#1070=FACE_OUTER_BOUND('',#2006,.T.);
#1071=PLANE('',#2007);
#1072=SURFACE_STYLE_USAGE(.BOTH.,#2008);
#1073=FACE_OUTER_BOUND('',#2009,.T.);
#1074=PLANE('',#2010);
#1075=SURFACE_STYLE_USAGE(.BOTH.,#2011);
#1076=FACE_OUTER_BOUND('',#2012,.T.);
#1077=PLANE('',#2013);
#1078=SURFACE_STYLE_USAGE(.BOTH.,#2014);
#1079=FACE_OUTER_BOUND('',#2015,.T.);
#1080=PLANE('',#2016);
#1081=SURFACE_STYLE_USAGE(.BOTH.,#2017);
#1082=FACE_OUTER_BOUND('',#2018,.T.);
#1083=CYLINDRICAL_SURFACE('',#2019,1.39699999999999);
#1084=SURFACE_STYLE_USAGE(.BOTH.,#2020);
#1085=FACE_OUTER_BOUND('',#2021,.T.);
#1086=CONICAL_SURFACE('',#2022,1.52399999999999,0.785398163397448);
#1087=SURFACE_STYLE_USAGE(.BOTH.,#2023);
#1088=FACE_BOUND('',#2024,.T.);
#1089=FACE_OUTER_BOUND('',#2025,.T.);
#1090=PLANE('',#2026);
#1091=SURFACE_STYLE_USAGE(.BOTH.,#2027);
#1092=FACE_OUTER_BOUND('',#2028,.T.);
#1093=CYLINDRICAL_SURFACE('',#2029,1.39699999999999);
#1094=SURFACE_STYLE_USAGE(.BOTH.,#2030);
#1095=FACE_OUTER_BOUND('',#2031,.T.);
#1096=CONICAL_SURFACE('',#2032,1.52399999999999,0.785398163397448);
#1097=SURFACE_STYLE_USAGE(.BOTH.,#2033);
#1098=FACE_BOUND('',#2034,.T.);
#1099=FACE_OUTER_BOUND('',#2035,.T.);
#1100=PLANE('',#2036);
#1101=SURFACE_STYLE_USAGE(.BOTH.,#2037);
#1102=FACE_OUTER_BOUND('',#2038,.T.);
#1103=CYLINDRICAL_SURFACE('',#2039,1.39699999999999);
#1104=SURFACE_STYLE_USAGE(.BOTH.,#2040);
#1105=FACE_OUTER_BOUND('',#2041,.T.);
#1106=CONICAL_SURFACE('',#2042,1.52399999999999,0.785398163397448);
#1107=SURFACE_STYLE_USAGE(.BOTH.,#2043);
#1108=FACE_BOUND('',#2044,.T.);
#1109=FACE_OUTER_BOUND('',#2045,.T.);
#1110=PLANE('',#2046);
#1111=SURFACE_STYLE_USAGE(.BOTH.,#2047);
#1112=FACE_OUTER_BOUND('',#2048,.T.);
#1113=CYLINDRICAL_SURFACE('',#2049,1.39699999999999);
#1114=SURFACE_STYLE_USAGE(.BOTH.,#2050);
#1115=FACE_OUTER_BOUND('',#2051,.T.);
#1116=CONICAL_SURFACE('',#2052,1.52399999999999,0.785398163397448);
#1117=SURFACE_STYLE_USAGE(.BOTH.,#2053);
#1118=FACE_BOUND('',#2054,.T.);
#1119=FACE_OUTER_BOUND('',#2055,.T.);
#1120=PLANE('',#2056);
#1121=SURFACE_STYLE_USAGE(.BOTH.,#2057);
#1122=FACE_OUTER_BOUND('',#2058,.T.);
#1123=CONICAL_SURFACE('',#2059,0.8,0.785398163397448);
#1124=SURFACE_STYLE_USAGE(.BOTH.,#2060);
#1125=FACE_OUTER_BOUND('',#2061,.T.);
#1126=CYLINDRICAL_SURFACE('',#2062,0.6);
#1127=SURFACE_STYLE_USAGE(.BOTH.,#2063);
#1128=FACE_OUTER_BOUND('',#2064,.T.);
#1129=PLANE('',#2065);
#1130=SURFACE_STYLE_USAGE(.BOTH.,#2066);
#1131=FACE_OUTER_BOUND('',#2067,.T.);
#1132=CONICAL_SURFACE('',#2068,0.8,0.785398163397448);
#1133=SURFACE_STYLE_USAGE(.BOTH.,#2069);
#1134=FACE_OUTER_BOUND('',#2070,.T.);
#1135=CYLINDRICAL_SURFACE('',#2071,0.6);
#1136=SURFACE_STYLE_USAGE(.BOTH.,#2072);
#1137=FACE_OUTER_BOUND('',#2073,.T.);
#1138=PLANE('',#2074);
#1139=SURFACE_STYLE_USAGE(.BOTH.,#2075);
#1140=FACE_OUTER_BOUND('',#2076,.T.);
#1141=CONICAL_SURFACE('',#2077,0.8,0.785398163397448);
#1142=SURFACE_STYLE_USAGE(.BOTH.,#2078);
#1143=FACE_OUTER_BOUND('',#2079,.T.);
#1144=CYLINDRICAL_SURFACE('',#2080,0.6);
#1145=SURFACE_STYLE_USAGE(.BOTH.,#2081);
#1146=FACE_OUTER_BOUND('',#2082,.T.);
#1147=PLANE('',#2083);
#1148=SURFACE_STYLE_USAGE(.BOTH.,#2084);
#1149=FACE_OUTER_BOUND('',#2085,.T.);
#1150=CONICAL_SURFACE('',#2086,0.8,0.785398163397448);
#1151=SURFACE_STYLE_USAGE(.BOTH.,#2087);
#1152=FACE_OUTER_BOUND('',#2088,.T.);
#1153=CYLINDRICAL_SURFACE('',#2089,0.6);
#1154=SURFACE_STYLE_USAGE(.BOTH.,#2090);
#1155=FACE_OUTER_BOUND('',#2091,.T.);
#1156=PLANE('',#2092);
#1157=SURFACE_STYLE_USAGE(.BOTH.,#2093);
#1158=FACE_OUTER_BOUND('',#2094,.T.);
#1159=PLANE('',#2095);
#1160=SURFACE_STYLE_USAGE(.BOTH.,#2096);
#1161=FACE_OUTER_BOUND('',#2097,.T.);
#1162=FACE_BOUND('',#2098,.T.);
#1163=PLANE('',#2099);
#1164=SURFACE_STYLE_USAGE(.BOTH.,#2100);
#1165=FACE_OUTER_BOUND('',#2101,.T.);
#1166=PLANE('',#2102);
#1167=SURFACE_STYLE_USAGE(.BOTH.,#2103);
#1168=FACE_OUTER_BOUND('',#2104,.T.);
#1169=PLANE('',#2105);
#1170=SURFACE_STYLE_USAGE(.BOTH.,#2106);
#1171=FACE_OUTER_BOUND('',#2107,.T.);
#1172=PLANE('',#2108);
#1173=SURFACE_STYLE_USAGE(.BOTH.,#2109);
#1174=FACE_OUTER_BOUND('',#2110,.T.);
#1175=PLANE('',#2111);
#1176=SURFACE_STYLE_USAGE(.BOTH.,#2112);
#1177=FACE_OUTER_BOUND('',#2113,.T.);
#1178=PLANE('',#2114);
#1179=SURFACE_STYLE_USAGE(.BOTH.,#2115);
#1180=FACE_OUTER_BOUND('',#2116,.T.);
#1181=PLANE('',#2117);
#1182=SURFACE_STYLE_USAGE(.BOTH.,#2118);
#1183=FACE_OUTER_BOUND('',#2119,.T.);
#1184=PLANE('',#2120);
#1185=SURFACE_STYLE_USAGE(.BOTH.,#2121);
#1186=FACE_OUTER_BOUND('',#2122,.T.);
#1187=PLANE('',#2123);
#1188=SURFACE_STYLE_USAGE(.BOTH.,#2124);
#1189=FACE_OUTER_BOUND('',#2125,.T.);
#1190=PLANE('',#2126);
#1191=SURFACE_STYLE_USAGE(.BOTH.,#2127);
#1192=FACE_OUTER_BOUND('',#2128,.T.);
#1193=PLANE('',#2129);
#1194=SURFACE_STYLE_USAGE(.BOTH.,#2130);
#1195=FACE_OUTER_BOUND('',#2131,.T.);
#1196=PLANE('',#2132);
#1197=SURFACE_STYLE_USAGE(.BOTH.,#2133);
#1198=FACE_OUTER_BOUND('',#2134,.T.);
#1199=CYLINDRICAL_SURFACE('',#2135,1.86563);
#1200=SURFACE_STYLE_USAGE(.BOTH.,#2136);
#1201=FACE_OUTER_BOUND('',#2137,.T.);
#1202=PLANE('',#2138);
#1203=SURFACE_STYLE_USAGE(.BOTH.,#2139);
#1204=FACE_BOUND('',#2140,.T.);
#1205=FACE_OUTER_BOUND('',#2141,.T.);
#1206=PLANE('',#2142);
#1207=SURFACE_STYLE_USAGE(.BOTH.,#2143);
#1208=FACE_OUTER_BOUND('',#2144,.T.);
#1209=PLANE('',#2145);
#1210=SURFACE_STYLE_USAGE(.BOTH.,#2146);
#1211=FACE_OUTER_BOUND('',#2147,.T.);
#1212=FACE_BOUND('',#2148,.T.);
#1213=PLANE('',#2149);
#1214=SURFACE_STYLE_USAGE(.BOTH.,#2150);
#1215=FACE_OUTER_BOUND('',#2151,.T.);
#1216=PLANE('',#2152);
#1217=SURFACE_STYLE_USAGE(.BOTH.,#2153);
#1218=FACE_OUTER_BOUND('',#2154,.T.);
#1219=PLANE('',#2155);
#1220=SURFACE_STYLE_USAGE(.BOTH.,#2156);
#1221=FACE_OUTER_BOUND('',#2157,.T.);
#1222=PLANE('',#2158);
#1223=SURFACE_STYLE_USAGE(.BOTH.,#2159);
#1224=FACE_OUTER_BOUND('',#2160,.T.);
#1225=PLANE('',#2161);
#1226=SURFACE_STYLE_USAGE(.BOTH.,#2162);
#1227=FACE_OUTER_BOUND('',#2163,.T.);
#1228=PLANE('',#2164);
#1229=SURFACE_STYLE_USAGE(.BOTH.,#2165);
#1230=FACE_OUTER_BOUND('',#2166,.T.);
#1231=PLANE('',#2167);
#1232=SURFACE_STYLE_USAGE(.BOTH.,#2168);
#1233=FACE_OUTER_BOUND('',#2169,.T.);
#1234=PLANE('',#2170);
#1235=SURFACE_STYLE_USAGE(.BOTH.,#2171);
#1236=FACE_OUTER_BOUND('',#2172,.T.);
#1237=PLANE('',#2173);
#1238=SURFACE_STYLE_USAGE(.BOTH.,#2174);
#1239=FACE_OUTER_BOUND('',#2175,.T.);
#1240=PLANE('',#2176);
#1241=SURFACE_STYLE_USAGE(.BOTH.,#2177);
#1242=FACE_OUTER_BOUND('',#2178,.T.);
#1243=PLANE('',#2179);
#1244=SURFACE_STYLE_USAGE(.BOTH.,#2180);
#1245=FACE_OUTER_BOUND('',#2181,.T.);
#1246=PLANE('',#2182);
#1247=SURFACE_STYLE_USAGE(.BOTH.,#2183);
#1248=FACE_OUTER_BOUND('',#2184,.T.);
#1249=CYLINDRICAL_SURFACE('',#2185,1.86563);
#1250=SURFACE_STYLE_USAGE(.BOTH.,#2186);
#1251=FACE_OUTER_BOUND('',#2187,.T.);
#1252=PLANE('',#2188);
#1253=SURFACE_STYLE_USAGE(.BOTH.,#2189);
#1254=FACE_BOUND('',#2190,.T.);
#1255=FACE_OUTER_BOUND('',#2191,.T.);
#1256=PLANE('',#2192);
#1257=SURFACE_STYLE_USAGE(.BOTH.,#2193);
#1258=FACE_OUTER_BOUND('',#2194,.T.);
#1259=PLANE('',#2195);
#1260=SURFACE_STYLE_USAGE(.BOTH.,#2196);
#1261=FACE_OUTER_BOUND('',#2197,.T.);
#1262=FACE_BOUND('',#2198,.T.);
#1263=PLANE('',#2199);
#1264=SURFACE_STYLE_USAGE(.BOTH.,#2200);
#1265=FACE_OUTER_BOUND('',#2201,.T.);
#1266=PLANE('',#2202);
#1267=SURFACE_STYLE_USAGE(.BOTH.,#2203);
#1268=FACE_OUTER_BOUND('',#2204,.T.);
#1269=PLANE('',#2205);
#1270=SURFACE_STYLE_USAGE(.BOTH.,#2206);
#1271=FACE_OUTER_BOUND('',#2207,.T.);
#1272=PLANE('',#2208);
#1273=SURFACE_STYLE_USAGE(.BOTH.,#2209);
#1274=FACE_OUTER_BOUND('',#2210,.T.);
#1275=PLANE('',#2211);
#1276=SURFACE_STYLE_USAGE(.BOTH.,#2212);
#1277=FACE_OUTER_BOUND('',#2213,.T.);
#1278=PLANE('',#2214);
#1279=SURFACE_STYLE_USAGE(.BOTH.,#2215);
#1280=FACE_OUTER_BOUND('',#2216,.T.);
#1281=PLANE('',#2217);
#1282=SURFACE_STYLE_USAGE(.BOTH.,#2218);
#1283=FACE_OUTER_BOUND('',#2219,.T.);
#1284=PLANE('',#2220);
#1285=SURFACE_STYLE_USAGE(.BOTH.,#2221);
#1286=FACE_OUTER_BOUND('',#2222,.T.);
#1287=PLANE('',#2223);
#1288=SURFACE_STYLE_USAGE(.BOTH.,#2224);
#1289=FACE_OUTER_BOUND('',#2225,.T.);
#1290=PLANE('',#2226);
#1291=SURFACE_STYLE_USAGE(.BOTH.,#2227);
#1292=FACE_OUTER_BOUND('',#2228,.T.);
#1293=PLANE('',#2229);
#1294=SURFACE_STYLE_USAGE(.BOTH.,#2230);
#1295=FACE_OUTER_BOUND('',#2231,.T.);
#1296=PLANE('',#2232);
#1297=SURFACE_STYLE_USAGE(.BOTH.,#2233);
#1298=FACE_OUTER_BOUND('',#2234,.T.);
#1299=CYLINDRICAL_SURFACE('',#2235,1.86563);
#1300=SURFACE_STYLE_USAGE(.BOTH.,#2236);
#1301=FACE_OUTER_BOUND('',#2237,.T.);
#1302=PLANE('',#2238);
#1303=SURFACE_STYLE_USAGE(.BOTH.,#2239);
#1304=FACE_BOUND('',#2240,.T.);
#1305=FACE_OUTER_BOUND('',#2241,.T.);
#1306=PLANE('',#2242);
#1307=SURFACE_STYLE_USAGE(.BOTH.,#2243);
#1308=FACE_OUTER_BOUND('',#2244,.T.);
#1309=PLANE('',#2245);
#1310=SURFACE_STYLE_USAGE(.BOTH.,#2246);
#1311=FACE_OUTER_BOUND('',#2247,.T.);
#1312=FACE_BOUND('',#2248,.T.);
#1313=PLANE('',#2249);
#1314=SURFACE_STYLE_USAGE(.BOTH.,#2250);
#1315=FACE_OUTER_BOUND('',#2251,.T.);
#1316=PLANE('',#2252);
#1317=SURFACE_STYLE_USAGE(.BOTH.,#2253);
#1318=FACE_OUTER_BOUND('',#2254,.T.);
#1319=PLANE('',#2255);
#1320=SURFACE_STYLE_USAGE(.BOTH.,#2256);
#1321=FACE_OUTER_BOUND('',#2257,.T.);
#1322=PLANE('',#2258);
#1323=SURFACE_STYLE_USAGE(.BOTH.,#2259);
#1324=FACE_OUTER_BOUND('',#2260,.T.);
#1325=PLANE('',#2261);
#1326=SURFACE_STYLE_USAGE(.BOTH.,#2262);
#1327=FACE_OUTER_BOUND('',#2263,.T.);
#1328=PLANE('',#2264);
#1329=SURFACE_STYLE_USAGE(.BOTH.,#2265);
#1330=FACE_OUTER_BOUND('',#2266,.T.);
#1331=PLANE('',#2267);
#1332=SURFACE_STYLE_USAGE(.BOTH.,#2268);
#1333=FACE_OUTER_BOUND('',#2269,.T.);
#1334=PLANE('',#2270);
#1335=SURFACE_STYLE_USAGE(.BOTH.,#2271);
#1336=FACE_OUTER_BOUND('',#2272,.T.);
#1337=PLANE('',#2273);
#1338=SURFACE_STYLE_USAGE(.BOTH.,#2274);
#1339=FACE_OUTER_BOUND('',#2275,.T.);
#1340=PLANE('',#2276);
#1341=SURFACE_STYLE_USAGE(.BOTH.,#2277);
#1342=FACE_OUTER_BOUND('',#2278,.T.);
#1343=PLANE('',#2279);
#1344=SURFACE_STYLE_USAGE(.BOTH.,#2280);
#1345=FACE_OUTER_BOUND('',#2281,.T.);
#1346=PLANE('',#2282);
#1347=SURFACE_STYLE_USAGE(.BOTH.,#2283);
#1348=FACE_OUTER_BOUND('',#2284,.T.);
#1349=CYLINDRICAL_SURFACE('',#2285,1.86563);
#1350=SURFACE_STYLE_USAGE(.BOTH.,#2286);
#1351=FACE_OUTER_BOUND('',#2287,.T.);
#1352=PLANE('',#2288);
#1353=SURFACE_STYLE_USAGE(.BOTH.,#2289);
#1354=FACE_BOUND('',#2290,.T.);
#1355=FACE_OUTER_BOUND('',#2291,.T.);
#1356=PLANE('',#2292);
#1357=SURFACE_STYLE_USAGE(.BOTH.,#2293);
#1358=FACE_OUTER_BOUND('',#2294,.T.);
#1359=PLANE('',#2295);
#1360=SURFACE_STYLE_USAGE(.BOTH.,#2296);
#1361=FACE_OUTER_BOUND('',#2297,.T.);
#1362=PLANE('',#2298);
#1363=SURFACE_STYLE_USAGE(.BOTH.,#2299);
#1364=FACE_OUTER_BOUND('',#2300,.T.);
#1365=PLANE('',#2301);
#1366=SURFACE_STYLE_USAGE(.BOTH.,#2302);
#1367=FACE_OUTER_BOUND('',#2303,.T.);
#1368=PLANE('',#2304);
#1369=SURFACE_STYLE_USAGE(.BOTH.,#2305);
#1370=FACE_OUTER_BOUND('',#2306,.T.);
#1371=PLANE('',#2307);
#1372=SURFACE_STYLE_USAGE(.BOTH.,#2308);
#1373=FACE_OUTER_BOUND('',#2309,.T.);
#1374=PLANE('',#2310);
#1375=SURFACE_STYLE_USAGE(.BOTH.,#2311);
#1376=FACE_OUTER_BOUND('',#2312,.T.);
#1377=PLANE('',#2313);
#1378=SURFACE_STYLE_USAGE(.BOTH.,#2314);
#1379=FACE_OUTER_BOUND('',#2315,.T.);
#1380=PLANE('',#2316);
#1381=SURFACE_STYLE_USAGE(.BOTH.,#2317);
#1382=FACE_OUTER_BOUND('',#2318,.T.);
#1383=PLANE('',#2319);
#1384=SURFACE_STYLE_USAGE(.BOTH.,#2320);
#1385=FACE_BOUND('',#2321,.T.);
#1386=FACE_BOUND('',#2322,.T.);
#1387=FACE_BOUND('',#2323,.T.);
#1388=FACE_BOUND('',#2324,.T.);
#1389=FACE_OUTER_BOUND('',#2325,.T.);
#1390=PLANE('',#2326);
#1391=SURFACE_STYLE_USAGE(.BOTH.,#2327);
#1392=FACE_OUTER_BOUND('',#2328,.T.);
#1393=PLANE('',#2329);
#1394=SURFACE_STYLE_USAGE(.BOTH.,#2330);
#1395=FACE_OUTER_BOUND('',#2331,.T.);
#1396=PLANE('',#2332);
#1397=SURFACE_STYLE_USAGE(.BOTH.,#2333);
#1398=FACE_OUTER_BOUND('',#2334,.T.);
#1399=PLANE('',#2335);
#1400=SURFACE_STYLE_USAGE(.BOTH.,#2336);
#1401=FACE_OUTER_BOUND('',#2337,.T.);
#1402=PLANE('',#2338);
#1403=SURFACE_STYLE_USAGE(.BOTH.,#2339);
#1404=FACE_OUTER_BOUND('',#2340,.T.);
#1405=PLANE('',#2341);
#1406=SURFACE_STYLE_USAGE(.BOTH.,#2342);
#1407=FACE_OUTER_BOUND('',#2343,.T.);
#1408=PLANE('',#2344);
#1409=SURFACE_STYLE_USAGE(.BOTH.,#2345);
#1410=FACE_OUTER_BOUND('',#2346,.T.);
#1411=PLANE('',#2347);
#1412=SURFACE_STYLE_USAGE(.BOTH.,#2348);
#1413=FACE_OUTER_BOUND('',#2349,.T.);
#1414=PLANE('',#2350);
#1415=SURFACE_STYLE_USAGE(.BOTH.,#2351);
#1416=FACE_OUTER_BOUND('',#2352,.T.);
#1417=PLANE('',#2353);
#1418=SURFACE_STYLE_USAGE(.BOTH.,#2354);
#1419=FACE_OUTER_BOUND('',#2355,.T.);
#1420=PLANE('',#2356);
#1421=SURFACE_STYLE_USAGE(.BOTH.,#2357);
#1422=FACE_OUTER_BOUND('',#2358,.T.);
#1423=PLANE('',#2359);
#1424=SURFACE_STYLE_USAGE(.BOTH.,#2360);
#1425=FACE_OUTER_BOUND('',#2361,.T.);
#1426=PLANE('',#2362);
#1427=SURFACE_STYLE_USAGE(.BOTH.,#2363);
#1428=FACE_OUTER_BOUND('',#2364,.T.);
#1429=PLANE('',#2365);
#1430=SURFACE_STYLE_USAGE(.BOTH.,#2366);
#1431=FACE_OUTER_BOUND('',#2367,.T.);
#1432=PLANE('',#2368);
#1433=SURFACE_STYLE_USAGE(.BOTH.,#2369);
#1434=FACE_OUTER_BOUND('',#2370,.T.);
#1435=PLANE('',#2371);
#1436=SURFACE_STYLE_USAGE(.BOTH.,#2372);
#1437=FACE_OUTER_BOUND('',#2373,.T.);
#1438=PLANE('',#2374);
#1439=SURFACE_STYLE_USAGE(.BOTH.,#2375);
#1440=FACE_OUTER_BOUND('',#2376,.T.);
#1441=PLANE('',#2377);
#1442=SURFACE_STYLE_USAGE(.BOTH.,#2378);
#1443=FACE_OUTER_BOUND('',#2379,.T.);
#1444=PLANE('',#2380);
#1445=SURFACE_STYLE_USAGE(.BOTH.,#2381);
#1446=FACE_OUTER_BOUND('',#2382,.T.);
#1447=PLANE('',#2383);
#1448=SURFACE_STYLE_USAGE(.BOTH.,#2384);
#1449=FACE_OUTER_BOUND('',#2385,.T.);
#1450=PLANE('',#2386);
#1451=SURFACE_STYLE_USAGE(.BOTH.,#2387);
#1452=FACE_OUTER_BOUND('',#2388,.T.);
#1453=PLANE('',#2389);
#1454=SURFACE_STYLE_USAGE(.BOTH.,#2390);
#1455=FACE_OUTER_BOUND('',#2391,.T.);
#1456=PLANE('',#2392);
#1457=SURFACE_STYLE_USAGE(.BOTH.,#2393);
#1458=FACE_OUTER_BOUND('',#2394,.T.);
#1459=PLANE('',#2395);
#1460=SURFACE_STYLE_USAGE(.BOTH.,#2396);
#1461=FACE_OUTER_BOUND('',#2397,.T.);
#1462=PLANE('',#2398);
#1463=SURFACE_STYLE_USAGE(.BOTH.,#2399);
#1464=FACE_OUTER_BOUND('',#2400,.T.);
#1465=PLANE('',#2401);
#1466=SURFACE_STYLE_USAGE(.BOTH.,#2402);
#1467=FACE_OUTER_BOUND('',#2403,.T.);
#1468=PLANE('',#2404);
#1469=SURFACE_STYLE_USAGE(.BOTH.,#2405);
#1470=FACE_OUTER_BOUND('',#2406,.T.);
#1471=PLANE('',#2407);
#1472=SURFACE_STYLE_USAGE(.BOTH.,#2408);
#1473=FACE_OUTER_BOUND('',#2409,.T.);
#1474=PLANE('',#2410);
#1475=SURFACE_STYLE_USAGE(.BOTH.,#2411);
#1476=FACE_OUTER_BOUND('',#2412,.T.);
#1477=PLANE('',#2413);
#1478=SURFACE_STYLE_USAGE(.BOTH.,#2414);
#1479=FACE_OUTER_BOUND('',#2415,.T.);
#1480=PLANE('',#2416);
#1481=SURFACE_STYLE_USAGE(.BOTH.,#2417);
#1482=FACE_OUTER_BOUND('',#2418,.T.);
#1483=PLANE('',#2419);
#1484=SURFACE_STYLE_USAGE(.BOTH.,#2420);
#1485=FACE_OUTER_BOUND('',#2421,.T.);
#1486=PLANE('',#2422);
#1487=SURFACE_STYLE_USAGE(.BOTH.,#2423);
#1488=FACE_OUTER_BOUND('',#2424,.T.);
#1489=PLANE('',#2425);
#1490=SURFACE_STYLE_USAGE(.BOTH.,#2426);
#1491=FACE_OUTER_BOUND('',#2427,.T.);
#1492=PLANE('',#2428);
#1493=SURFACE_STYLE_USAGE(.BOTH.,#2429);
#1494=FACE_OUTER_BOUND('',#2430,.T.);
#1495=PLANE('',#2431);
#1496=SURFACE_STYLE_USAGE(.BOTH.,#2432);
#1497=FACE_OUTER_BOUND('',#2433,.T.);
#1498=PLANE('',#2434);
#1499=SURFACE_STYLE_USAGE(.BOTH.,#2435);
#1500=FACE_OUTER_BOUND('',#2436,.T.);
#1501=PLANE('',#2437);
#1502=SURFACE_STYLE_USAGE(.BOTH.,#2438);
#1503=FACE_OUTER_BOUND('',#2439,.T.);
#1504=PLANE('',#2440);
#1505=SURFACE_STYLE_USAGE(.BOTH.,#2441);
#1506=FACE_OUTER_BOUND('',#2442,.T.);
#1507=PLANE('',#2443);
#1508=SURFACE_STYLE_USAGE(.BOTH.,#2444);
#1509=FACE_OUTER_BOUND('',#2445,.T.);
#1510=PLANE('',#2446);
#1511=SURFACE_STYLE_USAGE(.BOTH.,#2447);
#1512=FACE_OUTER_BOUND('',#2448,.T.);
#1513=PLANE('',#2449);
#1514=SURFACE_STYLE_USAGE(.BOTH.,#2450);
#1515=FACE_OUTER_BOUND('',#2451,.T.);
#1516=PLANE('',#2452);
#1517=SURFACE_STYLE_USAGE(.BOTH.,#2453);
#1518=FACE_OUTER_BOUND('',#2454,.T.);
#1519=PLANE('',#2455);
#1520=SURFACE_STYLE_USAGE(.BOTH.,#2456);
#1521=FACE_OUTER_BOUND('',#2457,.T.);
#1522=PLANE('',#2458);
#1523=SURFACE_STYLE_USAGE(.BOTH.,#2459);
#1524=FACE_OUTER_BOUND('',#2460,.T.);
#1525=PLANE('',#2461);
#1526=SURFACE_STYLE_USAGE(.BOTH.,#2462);
#1527=FACE_OUTER_BOUND('',#2463,.T.);
#1528=PLANE('',#2464);
#1529=SURFACE_STYLE_USAGE(.BOTH.,#2465);
#1530=FACE_OUTER_BOUND('',#2466,.T.);
#1531=PLANE('',#2467);
#1532=SURFACE_STYLE_USAGE(.BOTH.,#2468);
#1533=FACE_OUTER_BOUND('',#2469,.T.);
#1534=PLANE('',#2470);
#1535=SURFACE_STYLE_USAGE(.BOTH.,#2471);
#1536=FACE_OUTER_BOUND('',#2472,.T.);
#1537=PLANE('',#2473);
#1538=SURFACE_STYLE_USAGE(.BOTH.,#2474);
#1539=FACE_OUTER_BOUND('',#2475,.T.);
#1540=PLANE('',#2476);
#1541=SURFACE_STYLE_USAGE(.BOTH.,#2477);
#1542=FACE_OUTER_BOUND('',#2478,.T.);
#1543=PLANE('',#2479);
#1544=SURFACE_STYLE_USAGE(.BOTH.,#2480);
#1545=FACE_OUTER_BOUND('',#2481,.T.);
#1546=PLANE('',#2482);
#1547=SURFACE_STYLE_USAGE(.BOTH.,#2483);
#1548=FACE_OUTER_BOUND('',#2484,.T.);
#1549=PLANE('',#2485);
#1550=SURFACE_STYLE_USAGE(.BOTH.,#2486);
#1551=FACE_OUTER_BOUND('',#2487,.T.);
#1552=PLANE('',#2488);
#1553=SURFACE_STYLE_USAGE(.BOTH.,#2489);
#1554=FACE_OUTER_BOUND('',#2490,.T.);
#1555=PLANE('',#2491);
#1556=SURFACE_STYLE_USAGE(.BOTH.,#2492);
#1557=FACE_OUTER_BOUND('',#2493,.T.);
#1558=PLANE('',#2494);
#1559=SURFACE_STYLE_USAGE(.BOTH.,#2495);
#1560=FACE_OUTER_BOUND('',#2496,.T.);
#1561=PLANE('',#2497);
#1562=SURFACE_STYLE_USAGE(.BOTH.,#2498);
#1563=FACE_OUTER_BOUND('',#2499,.T.);
#1564=PLANE('',#2500);
#1565=SURFACE_STYLE_USAGE(.BOTH.,#2501);
#1566=FACE_OUTER_BOUND('',#2502,.T.);
#1567=PLANE('',#2503);
#1568=SURFACE_STYLE_USAGE(.BOTH.,#2504);
#1569=FACE_OUTER_BOUND('',#2505,.T.);
#1570=PLANE('',#2506);
#1571=SURFACE_STYLE_USAGE(.BOTH.,#2507);
#1572=FACE_OUTER_BOUND('',#2508,.T.);
#1573=PLANE('',#2509);
#1574=SURFACE_STYLE_USAGE(.BOTH.,#2510);
#1575=FACE_OUTER_BOUND('',#2511,.T.);
#1576=PLANE('',#2512);
#1577=SURFACE_STYLE_USAGE(.BOTH.,#2513);
#1578=FACE_OUTER_BOUND('',#2514,.T.);
#1579=PLANE('',#2515);
#1580=SURFACE_STYLE_USAGE(.BOTH.,#2516);
#1581=FACE_OUTER_BOUND('',#2517,.T.);
#1582=PLANE('',#2518);
#1583=SURFACE_STYLE_USAGE(.BOTH.,#2519);
#1584=FACE_OUTER_BOUND('',#2520,.T.);
#1585=PLANE('',#2521);
#1586=SURFACE_STYLE_USAGE(.BOTH.,#2522);
#1587=FACE_OUTER_BOUND('',#2523,.T.);
#1588=PLANE('',#2524);
#1589=SURFACE_STYLE_USAGE(.BOTH.,#2525);
#1590=FACE_OUTER_BOUND('',#2526,.T.);
#1591=PLANE('',#2527);
#1592=SURFACE_STYLE_USAGE(.BOTH.,#2528);
#1593=FACE_OUTER_BOUND('',#2529,.T.);
#1594=PLANE('',#2530);
#1595=SURFACE_STYLE_USAGE(.BOTH.,#2531);
#1596=FACE_OUTER_BOUND('',#2532,.T.);
#1597=PLANE('',#2533);
#1598=SURFACE_STYLE_USAGE(.BOTH.,#2534);
#1599=FACE_OUTER_BOUND('',#2535,.T.);
#1600=PLANE('',#2536);
#1601=SURFACE_STYLE_USAGE(.BOTH.,#2537);
#1602=FACE_OUTER_BOUND('',#2538,.T.);
#1603=PLANE('',#2539);
#1604=SURFACE_STYLE_USAGE(.BOTH.,#2540);
#1605=FACE_OUTER_BOUND('',#2541,.T.);
#1606=PLANE('',#2542);
#1607=SURFACE_STYLE_USAGE(.BOTH.,#2543);
#1608=FACE_OUTER_BOUND('',#2544,.T.);
#1609=PLANE('',#2545);
#1610=SURFACE_STYLE_USAGE(.BOTH.,#2546);
#1611=FACE_OUTER_BOUND('',#2547,.T.);
#1612=PLANE('',#2548);
#1613=SURFACE_STYLE_USAGE(.BOTH.,#2549);
#1614=FACE_OUTER_BOUND('',#2550,.T.);
#1615=PLANE('',#2551);
#1616=SURFACE_STYLE_USAGE(.BOTH.,#2552);
#1617=FACE_OUTER_BOUND('',#2553,.T.);
#1618=PLANE('',#2554);
#1619=SURFACE_STYLE_USAGE(.BOTH.,#2555);
#1620=FACE_OUTER_BOUND('',#2556,.T.);
#1621=PLANE('',#2557);
#1622=SURFACE_STYLE_USAGE(.BOTH.,#2558);
#1623=FACE_OUTER_BOUND('',#2559,.T.);
#1624=PLANE('',#2560);
#1625=SURFACE_STYLE_USAGE(.BOTH.,#2561);
#1626=FACE_OUTER_BOUND('',#2562,.T.);
#1627=PLANE('',#2563);
#1628=SURFACE_STYLE_USAGE(.BOTH.,#2564);
#1629=FACE_OUTER_BOUND('',#2565,.T.);
#1630=PLANE('',#2566);
#1631=SURFACE_STYLE_USAGE(.BOTH.,#2567);
#1632=FACE_OUTER_BOUND('',#2568,.T.);
#1633=PLANE('',#2569);
#1634=SURFACE_STYLE_USAGE(.BOTH.,#2570);
#1635=FACE_OUTER_BOUND('',#2571,.T.);
#1636=PLANE('',#2572);
#1637=SURFACE_STYLE_USAGE(.BOTH.,#2573);
#1638=FACE_OUTER_BOUND('',#2574,.T.);
#1639=PLANE('',#2575);
#1640=SURFACE_STYLE_USAGE(.BOTH.,#2576);
#1641=FACE_OUTER_BOUND('',#2577,.T.);
#1642=PLANE('',#2578);
#1643=SURFACE_STYLE_USAGE(.BOTH.,#2579);
#1644=FACE_OUTER_BOUND('',#2580,.T.);
#1645=PLANE('',#2581);
#1646=SURFACE_STYLE_USAGE(.BOTH.,#2582);
#1647=FACE_OUTER_BOUND('',#2583,.T.);
#1648=PLANE('',#2584);
#1649=SURFACE_STYLE_USAGE(.BOTH.,#2585);
#1650=FACE_OUTER_BOUND('',#2586,.T.);
#1651=PLANE('',#2587);
#1652=SURFACE_STYLE_USAGE(.BOTH.,#2588);
#1653=FACE_OUTER_BOUND('',#2589,.T.);
#1654=PLANE('',#2590);
#1655=SURFACE_STYLE_USAGE(.BOTH.,#2591);
#1656=FACE_OUTER_BOUND('',#2592,.T.);
#1657=PLANE('',#2593);
#1658=SURFACE_STYLE_USAGE(.BOTH.,#2594);
#1659=FACE_OUTER_BOUND('',#2595,.T.);
#1660=PLANE('',#2596);
#1661=SURFACE_STYLE_USAGE(.BOTH.,#2597);
#1662=FACE_OUTER_BOUND('',#2598,.T.);
#1663=PLANE('',#2599);
#1664=SURFACE_STYLE_USAGE(.BOTH.,#2600);
#1665=FACE_OUTER_BOUND('',#2601,.T.);
#1666=PLANE('',#2602);
#1667=SURFACE_STYLE_USAGE(.BOTH.,#2603);
#1668=FACE_OUTER_BOUND('',#2604,.T.);
#1669=PLANE('',#2605);
#1670=SURFACE_STYLE_USAGE(.BOTH.,#2606);
#1671=FACE_OUTER_BOUND('',#2607,.T.);
#1672=PLANE('',#2608);
#1673=SURFACE_STYLE_USAGE(.BOTH.,#2609);
#1674=FACE_OUTER_BOUND('',#2610,.T.);
#1675=PLANE('',#2611);
#1676=SURFACE_STYLE_USAGE(.BOTH.,#2612);
#1677=FACE_OUTER_BOUND('',#2613,.T.);
#1678=PLANE('',#2614);
#1679=SURFACE_STYLE_USAGE(.BOTH.,#2615);
#1680=FACE_OUTER_BOUND('',#2616,.T.);
#1681=PLANE('',#2617);
#1682=SURFACE_STYLE_USAGE(.BOTH.,#2618);
#1683=FACE_OUTER_BOUND('',#2619,.T.);
#1684=PLANE('',#2620);
#1685=SURFACE_STYLE_USAGE(.BOTH.,#2621);
#1686=FACE_OUTER_BOUND('',#2622,.T.);
#1687=PLANE('',#2623);
#1688=SURFACE_STYLE_USAGE(.BOTH.,#2624);
#1689=FACE_OUTER_BOUND('',#2625,.T.);
#1690=PLANE('',#2626);
#1691=SURFACE_STYLE_USAGE(.BOTH.,#2627);
#1692=FACE_OUTER_BOUND('',#2628,.T.);
#1693=PLANE('',#2629);
#1694=SURFACE_STYLE_USAGE(.BOTH.,#2630);
#1695=FACE_OUTER_BOUND('',#2631,.T.);
#1696=PLANE('',#2632);
#1697=SURFACE_STYLE_USAGE(.BOTH.,#2633);
#1698=FACE_OUTER_BOUND('',#2634,.T.);
#1699=PLANE('',#2635);
#1700=SURFACE_STYLE_USAGE(.BOTH.,#2636);
#1701=FACE_OUTER_BOUND('',#2637,.T.);
#1702=PLANE('',#2638);
#1703=SURFACE_STYLE_USAGE(.BOTH.,#2639);
#1704=FACE_OUTER_BOUND('',#2640,.T.);
#1705=PLANE('',#2641);
#1706=SURFACE_STYLE_USAGE(.BOTH.,#2642);
#1707=FACE_OUTER_BOUND('',#2643,.T.);
#1708=PLANE('',#2644);
#1709=SURFACE_STYLE_USAGE(.BOTH.,#2645);
#1710=FACE_OUTER_BOUND('',#2646,.T.);
#1711=PLANE('',#2647);
#1712=SURFACE_STYLE_USAGE(.BOTH.,#2648);
#1713=FACE_OUTER_BOUND('',#2649,.T.);
#1714=PLANE('',#2650);
#1715=SURFACE_STYLE_USAGE(.BOTH.,#2651);
#1716=FACE_OUTER_BOUND('',#2652,.T.);
#1717=PLANE('',#2653);
#1718=SURFACE_STYLE_USAGE(.BOTH.,#2654);
#1719=FACE_OUTER_BOUND('',#2655,.T.);
#1720=PLANE('',#2656);
#1721=SURFACE_STYLE_USAGE(.BOTH.,#2657);
#1722=FACE_OUTER_BOUND('',#2658,.T.);
#1723=PLANE('',#2659);
#1724=SURFACE_STYLE_USAGE(.BOTH.,#2660);
#1725=FACE_OUTER_BOUND('',#2661,.T.);
#1726=PLANE('',#2662);
#1727=SURFACE_STYLE_USAGE(.BOTH.,#2663);
#1728=FACE_OUTER_BOUND('',#2664,.T.);
#1729=PLANE('',#2665);
#1730=SURFACE_STYLE_USAGE(.BOTH.,#2666);
#1731=FACE_OUTER_BOUND('',#2667,.T.);
#1732=PLANE('',#2668);
#1733=SURFACE_STYLE_USAGE(.BOTH.,#2669);
#1734=FACE_OUTER_BOUND('',#2670,.T.);
#1735=PLANE('',#2671);
#1736=SURFACE_STYLE_USAGE(.BOTH.,#2672);
#1737=FACE_OUTER_BOUND('',#2673,.T.);
#1738=PLANE('',#2674);
#1739=SURFACE_STYLE_USAGE(.BOTH.,#2675);
#1740=FACE_OUTER_BOUND('',#2676,.T.);
#1741=PLANE('',#2677);
#1742=SURFACE_STYLE_USAGE(.BOTH.,#2678);
#1743=FACE_OUTER_BOUND('',#2679,.T.);
#1744=PLANE('',#2680);
#1745=SURFACE_STYLE_USAGE(.BOTH.,#2681);
#1746=FACE_OUTER_BOUND('',#2682,.T.);
#1747=PLANE('',#2683);
#1748=SURFACE_STYLE_USAGE(.BOTH.,#2684);
#1749=FACE_OUTER_BOUND('',#2685,.T.);
#1750=PLANE('',#2686);
#1751=SURFACE_STYLE_USAGE(.BOTH.,#2687);
#1752=FACE_OUTER_BOUND('',#2688,.T.);
#1753=PLANE('',#2689);
#1754=SURFACE_STYLE_USAGE(.BOTH.,#2690);
#1755=FACE_OUTER_BOUND('',#2691,.T.);
#1756=PLANE('',#2692);
#1757=SURFACE_STYLE_USAGE(.BOTH.,#2693);
#1758=FACE_OUTER_BOUND('',#2694,.T.);
#1759=PLANE('',#2695);
#1760=SURFACE_STYLE_USAGE(.BOTH.,#2696);
#1761=FACE_OUTER_BOUND('',#2697,.T.);
#1762=PLANE('',#2698);
#1763=SURFACE_STYLE_USAGE(.BOTH.,#2699);
#1764=FACE_OUTER_BOUND('',#2700,.T.);
#1765=PLANE('',#2701);
#1766=SURFACE_STYLE_USAGE(.BOTH.,#2702);
#1767=FACE_OUTER_BOUND('',#2703,.T.);
#1768=PLANE('',#2704);
#1769=SURFACE_STYLE_USAGE(.BOTH.,#2705);
#1770=FACE_OUTER_BOUND('',#2706,.T.);
#1771=PLANE('',#2707);
#1772=SURFACE_STYLE_USAGE(.BOTH.,#2708);
#1773=FACE_OUTER_BOUND('',#2709,.T.);
#1774=PLANE('',#2710);
#1775=SURFACE_STYLE_USAGE(.BOTH.,#2711);
#1776=FACE_OUTER_BOUND('',#2712,.T.);
#1777=PLANE('',#2713);
#1778=SURFACE_STYLE_USAGE(.BOTH.,#2714);
#1779=FACE_OUTER_BOUND('',#2715,.T.);
#1780=PLANE('',#2716);
#1781=SURFACE_STYLE_USAGE(.BOTH.,#2717);
#1782=FACE_OUTER_BOUND('',#2718,.T.);
#1783=PLANE('',#2719);
#1784=SURFACE_STYLE_USAGE(.BOTH.,#2720);
#1785=FACE_OUTER_BOUND('',#2721,.T.);
#1786=PLANE('',#2722);
#1787=SURFACE_STYLE_USAGE(.BOTH.,#2723);
#1788=FACE_OUTER_BOUND('',#2724,.T.);
#1789=PLANE('',#2725);
#1790=SURFACE_STYLE_USAGE(.BOTH.,#2726);
#1791=FACE_OUTER_BOUND('',#2727,.T.);
#1792=PLANE('',#2728);
#1793=SURFACE_STYLE_USAGE(.BOTH.,#2729);
#1794=FACE_OUTER_BOUND('',#2730,.T.);
#1795=PLANE('',#2731);
#1796=SURFACE_STYLE_USAGE(.BOTH.,#2732);
#1797=FACE_OUTER_BOUND('',#2733,.T.);
#1798=PLANE('',#2734);
#1799=SURFACE_STYLE_USAGE(.BOTH.,#2735);
#1800=FACE_OUTER_BOUND('',#2736,.T.);
#1801=PLANE('',#2737);
#1802=SURFACE_STYLE_USAGE(.BOTH.,#2738);
#1803=FACE_OUTER_BOUND('',#2739,.T.);
#1804=PLANE('',#2740);
#1805=SURFACE_STYLE_USAGE(.BOTH.,#2741);
#1806=FACE_OUTER_BOUND('',#2742,.T.);
#1807=PLANE('',#2743);
#1808=SURFACE_STYLE_USAGE(.BOTH.,#2744);
#1809=FACE_OUTER_BOUND('',#2745,.T.);
#1810=PLANE('',#2746);
#1811=SURFACE_STYLE_USAGE(.BOTH.,#2747);
#1812=FACE_OUTER_BOUND('',#2748,.T.);
#1813=PLANE('',#2749);
#1814=SURFACE_STYLE_USAGE(.BOTH.,#2750);
#1815=FACE_OUTER_BOUND('',#2751,.T.);
#1816=PLANE('',#2752);
#1817=SURFACE_STYLE_USAGE(.BOTH.,#2753);
#1818=FACE_OUTER_BOUND('',#2754,.T.);
#1819=PLANE('',#2755);
#1820=SURFACE_STYLE_USAGE(.BOTH.,#2756);
#1821=FACE_OUTER_BOUND('',#2757,.T.);
#1822=PLANE('',#2758);
#1823=SURFACE_STYLE_USAGE(.BOTH.,#2759);
#1824=FACE_OUTER_BOUND('',#2760,.T.);
#1825=PLANE('',#2761);
#1826=SURFACE_STYLE_USAGE(.BOTH.,#2762);
#1827=FACE_OUTER_BOUND('',#2763,.T.);
#1828=PLANE('',#2764);
#1829=SURFACE_STYLE_USAGE(.BOTH.,#2765);
#1830=FACE_OUTER_BOUND('',#2766,.T.);
#1831=PLANE('',#2767);
#1832=SURFACE_STYLE_USAGE(.BOTH.,#2768);
#1833=FACE_OUTER_BOUND('',#2769,.T.);
#1834=PLANE('',#2770);
#1835=SURFACE_STYLE_USAGE(.BOTH.,#2771);
#1836=FACE_OUTER_BOUND('',#2772,.T.);
#1837=PLANE('',#2773);
#1838=SURFACE_STYLE_USAGE(.BOTH.,#2774);
#1839=FACE_OUTER_BOUND('',#2775,.T.);
#1840=PLANE('',#2776);
#1841=SURFACE_STYLE_USAGE(.BOTH.,#2777);
#1842=FACE_OUTER_BOUND('',#2778,.T.);
#1843=PLANE('',#2779);
#1844=SURFACE_STYLE_USAGE(.BOTH.,#2780);
#1845=FACE_OUTER_BOUND('',#2781,.T.);
#1846=PLANE('',#2782);
#1847=SURFACE_STYLE_USAGE(.BOTH.,#2783);
#1848=FACE_BOUND('',#2784,.T.);
#1849=FACE_BOUND('',#2785,.T.);
#1850=FACE_BOUND('',#2786,.T.);
#1851=FACE_BOUND('',#2787,.T.);
#1852=FACE_OUTER_BOUND('',#2788,.T.);
#1853=PLANE('',#2789);
#1854=SURFACE_STYLE_USAGE(.BOTH.,#2790);
#1855=FACE_OUTER_BOUND('',#2791,.T.);
#1856=PLANE('',#2792);
#1857=SURFACE_STYLE_USAGE(.BOTH.,#2793);
#1858=FACE_OUTER_BOUND('',#2794,.T.);
#1859=PLANE('',#2795);
#1860=SURFACE_STYLE_USAGE(.BOTH.,#2796);
#1861=FACE_OUTER_BOUND('',#2797,.T.);
#1862=PLANE('',#2798);
#1863=SURFACE_STYLE_USAGE(.BOTH.,#2799);
#1864=FACE_OUTER_BOUND('',#2800,.T.);
#1865=PLANE('',#2801);
#1866=SURFACE_STYLE_USAGE(.BOTH.,#2802);
#1867=FACE_OUTER_BOUND('',#2803,.T.);
#1868=PLANE('',#2804);
#1869=SURFACE_STYLE_USAGE(.BOTH.,#2805);
#1870=FACE_OUTER_BOUND('',#2806,.T.);
#1871=PLANE('',#2807);
#1872=SURFACE_STYLE_USAGE(.BOTH.,#2808);
#1873=FACE_OUTER_BOUND('',#2809,.T.);
#1874=PLANE('',#2810);
#1875=SURFACE_STYLE_USAGE(.BOTH.,#2811);
#1876=FACE_OUTER_BOUND('',#2812,.T.);
#1877=PLANE('',#2813);
#1878=PRODUCT_CONTEXT('',#313,'mechanical');
#1879=PRODUCT_DEFINITION_FORMATION_WITH_SPECIFIED_SOURCE(' ','NONE',#932,.NOT_KNOWN.);
#1880=CLOSED_SHELL('',(#327,#329,#331,#333,#335,#337,#339,#341,#343,#345,#347,#349,#351,#353,#355,#357,#359,#361,#363,#365,#367,#369,#371,#373,#375,#377,#379,#381,#383,#385,#387,#389,#391,#393,#395,#397,#399,#401,#403,#405,#407,#409,#411,#413,#415,#417,#419,#421,#423,#425,#427,#429,#431,#433,#435,#437,#439,#441,#443,#445,#447,#449,#451,#453,#455,#457,#459,#461,#463,#465,#467,#469,#471,#473,#475,#477,#479,#481,#483,#485,#487,#489,#491,#493,#495,#497,#499,#501,#503,#505,#507,#509,#511,#513,#515,#517,#519,#521,#523,#525,#527,#529,#531,#533,#535,#537,#539,#541,#543,#545,#547,#549,#551,#553,#555,#557,#559,#561,#563,#565,#567,#569,#571,#573,#575,#577,#579,#581,#583,#585,#587,#589,#591,#593,#595,#597,#599,#601,#603,#605,#607,#609,#611,#613,#615,#617,#619,#621,#623,#625,#627,#629,#631,#633,#635,#637,#639,#641,#643,#645,#647,#649,#651,#653,#655,#657,#659,#661,#663,#665,#667,#669,#671,#673,#675,#677,#679,#681,#683,#685,#687,#689,#691,#693,#695,#697,#699,#701,#703,#705,#707,#709,#711,#713,#715,#717,#719,#721,#723,#725,#727,#729,#731,#733,#735,#737,#739,#741,#743,#745,#747,#749,#751,#753,#755,#757,#759,#761,#763,#765,#767,#769,#771,#773,#775,#777,#779,#781,#783,#785,#787,#789,#791,#793,#795,#797,#799,#801,#803,#805,#807,#809,#811,#813,#815,#817,#819,#821,#823,#825,#827,#829,#831,#833,#835,#837,#839,#841,#843,#845,#847,#849,#851,#853,#855,#857,#859,#861,#863,#865,#867,#869,#871,#873,#875,#877,#879,#881,#883,#885,#887,#889,#891,#893,#895,#897,#899,#901,#903,#905,#907,#909,#911,#913,#915,#917,#919,#921,#923,#925,#927,#929,#931));
#1881=CARTESIAN_POINT('',(0.0,0.0,0.0));
#1882=DIRECTION('',(0.0,0.0,1.0));
#1883=DIRECTION('',(1.0,0.0,0.0));
#1884= (NAMED_UNIT(#941)LENGTH_UNIT()SI_UNIT(.MILLI.,.METRE.));
#1885=SURFACE_SIDE_STYLE('',(#2815));
#1886=EDGE_LOOP('',(#2816,#2817,#2818,#2819));
#1887=AXIS2_PLACEMENT_3D('',#2820,#2821,#2822);
#1888=SURFACE_SIDE_STYLE('',(#2823));
#1889=EDGE_LOOP('',(#2824,#2825,#2826,#2827));
#1890=AXIS2_PLACEMENT_3D('',#2828,#2829,#2830);
#1891=SURFACE_SIDE_STYLE('',(#2831));
#1892=EDGE_LOOP('',(#2832,#2833,#2834,#2835));
#1893=AXIS2_PLACEMENT_3D('',#2836,#2837,#2838);
#1894=SURFACE_SIDE_STYLE('',(#2839));
#1895=EDGE_LOOP('',(#2840,#2841,#2842,#2843));
#1896=AXIS2_PLACEMENT_3D('',#2844,#2845,#2846);
#1897=SURFACE_SIDE_STYLE('',(#2847));
#1898=EDGE_LOOP('',(#2848,#2849,#2850,#2851));
#1899=AXIS2_PLACEMENT_3D('',#2852,#2853,#2854);
#1900=SURFACE_SIDE_STYLE('',(#2855));
#1901=EDGE_LOOP('',(#2856,#2857,#2858,#2859));
#1902=AXIS2_PLACEMENT_3D('',#2860,#2861,#2862);
#1903=SURFACE_SIDE_STYLE('',(#2863));
#1904=EDGE_LOOP('',(#2864,#2865,#2866,#2867));
#1905=AXIS2_PLACEMENT_3D('',#2868,#2869,#2870);
#1906=SURFACE_SIDE_STYLE('',(#2871));
#1907=EDGE_LOOP('',(#2872,#2873,#2874,#2875));
#1908=AXIS2_PLACEMENT_3D('',#2876,#2877,#2878);
#1909=SURFACE_SIDE_STYLE('',(#2879));
#1910=EDGE_LOOP('',(#2880,#2881,#2882,#2883));
#1911=AXIS2_PLACEMENT_3D('',#2884,#2885,#2886);
#1912=SURFACE_SIDE_STYLE('',(#2887));
#1913=EDGE_LOOP('',(#2888,#2889,#2890,#2891));
#1914=AXIS2_PLACEMENT_3D('',#2892,#2893,#2894);
#1915=SURFACE_SIDE_STYLE('',(#2895));
#1916=EDGE_LOOP('',(#2896,#2897,#2898,#2899));
#1917=AXIS2_PLACEMENT_3D('',#2900,#2901,#2902);
#1918=SURFACE_SIDE_STYLE('',(#2903));
#1919=EDGE_LOOP('',(#2904,#2905,#2906,#2907));
#1920=AXIS2_PLACEMENT_3D('',#2908,#2909,#2910);
#1921=SURFACE_SIDE_STYLE('',(#2911));
#1922=EDGE_LOOP('',(#2912,#2913,#2914,#2915));
#1923=AXIS2_PLACEMENT_3D('',#2916,#2917,#2918);
#1924=SURFACE_SIDE_STYLE('',(#2919));
#1925=EDGE_LOOP('',(#2920,#2921,#2922,#2923));
#1926=AXIS2_PLACEMENT_3D('',#2924,#2925,#2926);
#1927=SURFACE_SIDE_STYLE('',(#2927));
#1928=EDGE_LOOP('',(#2928,#2929,#2930,#2931));
#1929=AXIS2_PLACEMENT_3D('',#2932,#2933,#2934);
#1930=SURFACE_SIDE_STYLE('',(#2935));
#1931=EDGE_LOOP('',(#2936,#2937,#2938,#2939));
#1932=AXIS2_PLACEMENT_3D('',#2940,#2941,#2942);
#1933=SURFACE_SIDE_STYLE('',(#2943));
#1934=EDGE_LOOP('',(#2944,#2945,#2946,#2947,#2948,#2949,#2950,#2951));
#1935=AXIS2_PLACEMENT_3D('',#2952,#2953,#2954);
#1936=SURFACE_SIDE_STYLE('',(#2955));
#1937=EDGE_LOOP('',(#2956,#2957,#2958,#2959,#2960,#2961,#2962,#2963));
#1938=AXIS2_PLACEMENT_3D('',#2964,#2965,#2966);
#1939=SURFACE_SIDE_STYLE('',(#2967));
#1940=EDGE_LOOP('',(#2968,#2969,#2970,#2971,#2972,#2973,#2974,#2975));
#1941=AXIS2_PLACEMENT_3D('',#2976,#2977,#2978);
#1942=SURFACE_SIDE_STYLE('',(#2979));
#1943=EDGE_LOOP('',(#2980,#2981,#2982,#2983,#2984,#2985,#2986,#2987));
#1944=AXIS2_PLACEMENT_3D('',#2988,#2989,#2990);
#1945=SURFACE_SIDE_STYLE('',(#2991));
#1946=EDGE_LOOP('',(#2992,#2993,#2994,#2995,#2996,#2997,#2998,#2999));
#1947=AXIS2_PLACEMENT_3D('',#3000,#3001,#3002);
#1948=SURFACE_SIDE_STYLE('',(#3003));
#1949=EDGE_LOOP('',(#3004,#3005,#3006,#3007));
#1950=AXIS2_PLACEMENT_3D('',#3008,#3009,#3010);
#1951=SURFACE_SIDE_STYLE('',(#3011));
#1952=EDGE_LOOP('',(#3012,#3013,#3014,#3015,#3016,#3017));
#1953=AXIS2_PLACEMENT_3D('',#3018,#3019,#3020);
#1954=SURFACE_SIDE_STYLE('',(#3021));
#1955=EDGE_LOOP('',(#3022,#3023,#3024,#3025));
#1956=AXIS2_PLACEMENT_3D('',#3026,#3027,#3028);
#1957=SURFACE_SIDE_STYLE('',(#3029));
#1958=EDGE_LOOP('',(#3030,#3031));
#1959=AXIS2_PLACEMENT_3D('',#3032,#3033,#3034);
#1960=SURFACE_SIDE_STYLE('',(#3035));
#1961=EDGE_LOOP('',(#3036,#3037));
#1962=AXIS2_PLACEMENT_3D('',#3038,#3039,#3040);
#1963=SURFACE_SIDE_STYLE('',(#3041));
#1964=EDGE_LOOP('',(#3042,#3043,#3044,#3045,#3046,#3047,#3048,#3049));
#1965=AXIS2_PLACEMENT_3D('',#3050,#3051,#3052);
#1966=SURFACE_SIDE_STYLE('',(#3053));
#1967=EDGE_LOOP('',(#3054,#3055,#3056,#3057));
#1968=AXIS2_PLACEMENT_3D('',#3058,#3059,#3060);
#1969=SURFACE_SIDE_STYLE('',(#3061));
#1970=EDGE_LOOP('',(#3062,#3063,#3064,#3065,#3066,#3067));
#1971=AXIS2_PLACEMENT_3D('',#3068,#3069,#3070);
#1972=SURFACE_SIDE_STYLE('',(#3071));
#1973=EDGE_LOOP('',(#3072,#3073,#3074,#3075));
#1974=AXIS2_PLACEMENT_3D('',#3076,#3077,#3078);
#1975=SURFACE_SIDE_STYLE('',(#3079));
#1976=EDGE_LOOP('',(#3080,#3081));
#1977=AXIS2_PLACEMENT_3D('',#3082,#3083,#3084);
#1978=SURFACE_SIDE_STYLE('',(#3085));
#1979=EDGE_LOOP('',(#3086,#3087));
#1980=AXIS2_PLACEMENT_3D('',#3088,#3089,#3090);
#1981=SURFACE_SIDE_STYLE('',(#3091));
#1982=EDGE_LOOP('',(#3092,#3093,#3094,#3095,#3096,#3097,#3098,#3099));
#1983=AXIS2_PLACEMENT_3D('',#3100,#3101,#3102);
#1984=SURFACE_SIDE_STYLE('',(#3103));
#1985=EDGE_LOOP('',(#3104,#3105,#3106,#3107));
#1986=AXIS2_PLACEMENT_3D('',#3108,#3109,#3110);
#1987=SURFACE_SIDE_STYLE('',(#3111));
#1988=EDGE_LOOP('',(#3112,#3113,#3114,#3115,#3116,#3117));
#1989=AXIS2_PLACEMENT_3D('',#3118,#3119,#3120);
#1990=SURFACE_SIDE_STYLE('',(#3121));
#1991=EDGE_LOOP('',(#3122,#3123,#3124,#3125));
#1992=AXIS2_PLACEMENT_3D('',#3126,#3127,#3128);
#1993=SURFACE_SIDE_STYLE('',(#3129));
#1994=EDGE_LOOP('',(#3130,#3131));
#1995=AXIS2_PLACEMENT_3D('',#3132,#3133,#3134);
#1996=SURFACE_SIDE_STYLE('',(#3135));
#1997=EDGE_LOOP('',(#3136,#3137));
#1998=AXIS2_PLACEMENT_3D('',#3138,#3139,#3140);
#1999=SURFACE_SIDE_STYLE('',(#3141));
#2000=EDGE_LOOP('',(#3142,#3143,#3144,#3145,#3146,#3147,#3148,#3149));
#2001=AXIS2_PLACEMENT_3D('',#3150,#3151,#3152);
#2002=SURFACE_SIDE_STYLE('',(#3153));
#2003=EDGE_LOOP('',(#3154,#3155,#3156,#3157));
#2004=AXIS2_PLACEMENT_3D('',#3158,#3159,#3160);
#2005=SURFACE_SIDE_STYLE('',(#3161));
#2006=EDGE_LOOP('',(#3162,#3163,#3164,#3165,#3166,#3167));
#2007=AXIS2_PLACEMENT_3D('',#3168,#3169,#3170);
#2008=SURFACE_SIDE_STYLE('',(#3171));
#2009=EDGE_LOOP('',(#3172,#3173,#3174,#3175));
#2010=AXIS2_PLACEMENT_3D('',#3176,#3177,#3178);
#2011=SURFACE_SIDE_STYLE('',(#3179));
#2012=EDGE_LOOP('',(#3180,#3181));
#2013=AXIS2_PLACEMENT_3D('',#3182,#3183,#3184);
#2014=SURFACE_SIDE_STYLE('',(#3185));
#2015=EDGE_LOOP('',(#3186,#3187));
#2016=AXIS2_PLACEMENT_3D('',#3188,#3189,#3190);
#2017=SURFACE_SIDE_STYLE('',(#3191));
#2018=EDGE_LOOP('',(#3192,#3193,#3194,#3195));
#2019=AXIS2_PLACEMENT_3D('',#3196,#3197,#3198);
#2020=SURFACE_SIDE_STYLE('',(#3199));
#2021=EDGE_LOOP('',(#3200,#3201,#3202,#3203));
#2022=AXIS2_PLACEMENT_3D('',#3204,#3205,#3206);
#2023=SURFACE_SIDE_STYLE('',(#3207));
#2024=EDGE_LOOP('',(#3208,#3209));
#2025=EDGE_LOOP('',(#3210,#3211));
#2026=AXIS2_PLACEMENT_3D('',#3212,#3213,#3214);
#2027=SURFACE_SIDE_STYLE('',(#3215));
#2028=EDGE_LOOP('',(#3216,#3217,#3218,#3219));
#2029=AXIS2_PLACEMENT_3D('',#3220,#3221,#3222);
#2030=SURFACE_SIDE_STYLE('',(#3223));
#2031=EDGE_LOOP('',(#3224,#3225,#3226,#3227));
#2032=AXIS2_PLACEMENT_3D('',#3228,#3229,#3230);
#2033=SURFACE_SIDE_STYLE('',(#3231));
#2034=EDGE_LOOP('',(#3232,#3233));
#2035=EDGE_LOOP('',(#3234,#3235));
#2036=AXIS2_PLACEMENT_3D('',#3236,#3237,#3238);
#2037=SURFACE_SIDE_STYLE('',(#3239));
#2038=EDGE_LOOP('',(#3240,#3241,#3242,#3243));
#2039=AXIS2_PLACEMENT_3D('',#3244,#3245,#3246);
#2040=SURFACE_SIDE_STYLE('',(#3247));
#2041=EDGE_LOOP('',(#3248,#3249,#3250,#3251));
#2042=AXIS2_PLACEMENT_3D('',#3252,#3253,#3254);
#2043=SURFACE_SIDE_STYLE('',(#3255));
#2044=EDGE_LOOP('',(#3256,#3257));
#2045=EDGE_LOOP('',(#3258,#3259));
#2046=AXIS2_PLACEMENT_3D('',#3260,#3261,#3262);
#2047=SURFACE_SIDE_STYLE('',(#3263));
#2048=EDGE_LOOP('',(#3264,#3265,#3266,#3267));
#2049=AXIS2_PLACEMENT_3D('',#3268,#3269,#3270);
#2050=SURFACE_SIDE_STYLE('',(#3271));
#2051=EDGE_LOOP('',(#3272,#3273,#3274,#3275));
#2052=AXIS2_PLACEMENT_3D('',#3276,#3277,#3278);
#2053=SURFACE_SIDE_STYLE('',(#3279));
#2054=EDGE_LOOP('',(#3280,#3281));
#2055=EDGE_LOOP('',(#3282,#3283));
#2056=AXIS2_PLACEMENT_3D('',#3284,#3285,#3286);
#2057=SURFACE_SIDE_STYLE('',(#3287));
#2058=EDGE_LOOP('',(#3288,#3289,#3290,#3291));
#2059=AXIS2_PLACEMENT_3D('',#3292,#3293,#3294);
#2060=SURFACE_SIDE_STYLE('',(#3295));
#2061=EDGE_LOOP('',(#3296,#3297,#3298,#3299));
#2062=AXIS2_PLACEMENT_3D('',#3300,#3301,#3302);
#2063=SURFACE_SIDE_STYLE('',(#3303));
#2064=EDGE_LOOP('',(#3304,#3305));
#2065=AXIS2_PLACEMENT_3D('',#3306,#3307,#3308);
#2066=SURFACE_SIDE_STYLE('',(#3309));
#2067=EDGE_LOOP('',(#3310,#3311,#3312,#3313));
#2068=AXIS2_PLACEMENT_3D('',#3314,#3315,#3316);
#2069=SURFACE_SIDE_STYLE('',(#3317));
#2070=EDGE_LOOP('',(#3318,#3319,#3320,#3321));
#2071=AXIS2_PLACEMENT_3D('',#3322,#3323,#3324);
#2072=SURFACE_SIDE_STYLE('',(#3325));
#2073=EDGE_LOOP('',(#3326,#3327));
#2074=AXIS2_PLACEMENT_3D('',#3328,#3329,#3330);
#2075=SURFACE_SIDE_STYLE('',(#3331));
#2076=EDGE_LOOP('',(#3332,#3333,#3334,#3335));
#2077=AXIS2_PLACEMENT_3D('',#3336,#3337,#3338);
#2078=SURFACE_SIDE_STYLE('',(#3339));
#2079=EDGE_LOOP('',(#3340,#3341,#3342,#3343));
#2080=AXIS2_PLACEMENT_3D('',#3344,#3345,#3346);
#2081=SURFACE_SIDE_STYLE('',(#3347));
#2082=EDGE_LOOP('',(#3348,#3349));
#2083=AXIS2_PLACEMENT_3D('',#3350,#3351,#3352);
#2084=SURFACE_SIDE_STYLE('',(#3353));
#2085=EDGE_LOOP('',(#3354,#3355,#3356,#3357));
#2086=AXIS2_PLACEMENT_3D('',#3358,#3359,#3360);
#2087=SURFACE_SIDE_STYLE('',(#3361));
#2088=EDGE_LOOP('',(#3362,#3363,#3364,#3365));
#2089=AXIS2_PLACEMENT_3D('',#3366,#3367,#3368);
#2090=SURFACE_SIDE_STYLE('',(#3369));
#2091=EDGE_LOOP('',(#3370,#3371));
#2092=AXIS2_PLACEMENT_3D('',#3372,#3373,#3374);
#2093=SURFACE_SIDE_STYLE('',(#3375));
#2094=EDGE_LOOP('',(#3376,#3377,#3378,#3379));
#2095=AXIS2_PLACEMENT_3D('',#3380,#3381,#3382);
#2096=SURFACE_SIDE_STYLE('',(#3383));
#2097=EDGE_LOOP('',(#3384,#3385,#3386,#3387));
#2098=EDGE_LOOP('',(#3388,#3389,#3390,#3391));
#2099=AXIS2_PLACEMENT_3D('',#3392,#3393,#3394);
#2100=SURFACE_SIDE_STYLE('',(#3395));
#2101=EDGE_LOOP('',(#3396,#3397,#3398,#3399));
#2102=AXIS2_PLACEMENT_3D('',#3400,#3401,#3402);
#2103=SURFACE_SIDE_STYLE('',(#3403));
#2104=EDGE_LOOP('',(#3404,#3405,#3406,#3407,#3408,#3409,#3410,#3411));
#2105=AXIS2_PLACEMENT_3D('',#3412,#3413,#3414);
#2106=SURFACE_SIDE_STYLE('',(#3415));
#2107=EDGE_LOOP('',(#3416,#3417,#3418,#3419));
#2108=AXIS2_PLACEMENT_3D('',#3420,#3421,#3422);
#2109=SURFACE_SIDE_STYLE('',(#3423));
#2110=EDGE_LOOP('',(#3424,#3425,#3426,#3427));
#2111=AXIS2_PLACEMENT_3D('',#3428,#3429,#3430);
#2112=SURFACE_SIDE_STYLE('',(#3431));
#2113=EDGE_LOOP('',(#3432,#3433,#3434,#3435));
#2114=AXIS2_PLACEMENT_3D('',#3436,#3437,#3438);
#2115=SURFACE_SIDE_STYLE('',(#3439));
#2116=EDGE_LOOP('',(#3440,#3441,#3442,#3443));
#2117=AXIS2_PLACEMENT_3D('',#3444,#3445,#3446);
#2118=SURFACE_SIDE_STYLE('',(#3447));
#2119=EDGE_LOOP('',(#3448,#3449,#3450,#3451));
#2120=AXIS2_PLACEMENT_3D('',#3452,#3453,#3454);
#2121=SURFACE_SIDE_STYLE('',(#3455));
#2122=EDGE_LOOP('',(#3456,#3457,#3458,#3459));
#2123=AXIS2_PLACEMENT_3D('',#3460,#3461,#3462);
#2124=SURFACE_SIDE_STYLE('',(#3463));
#2125=EDGE_LOOP('',(#3464,#3465,#3466,#3467));
#2126=AXIS2_PLACEMENT_3D('',#3468,#3469,#3470);
#2127=SURFACE_SIDE_STYLE('',(#3471));
#2128=EDGE_LOOP('',(#3472,#3473,#3474,#3475,#3476,#3477,#3478,#3479));
#2129=AXIS2_PLACEMENT_3D('',#3480,#3481,#3482);
#2130=SURFACE_SIDE_STYLE('',(#3483));
#2131=EDGE_LOOP('',(#3484,#3485,#3486,#3487));
#2132=AXIS2_PLACEMENT_3D('',#3488,#3489,#3490);
#2133=SURFACE_SIDE_STYLE('',(#3491));
#2134=EDGE_LOOP('',(#3492,#3493,#3494,#3495));
#2135=AXIS2_PLACEMENT_3D('',#3496,#3497,#3498);
#2136=SURFACE_SIDE_STYLE('',(#3499));
#2137=EDGE_LOOP('',(#3500,#3501,#3502,#3503));
#2138=AXIS2_PLACEMENT_3D('',#3504,#3505,#3506);
#2139=SURFACE_SIDE_STYLE('',(#3507));
#2140=EDGE_LOOP('',(#3508,#3509));
#2141=EDGE_LOOP('',(#3510,#3511,#3512,#3513,#3514,#3515));
#2142=AXIS2_PLACEMENT_3D('',#3516,#3517,#3518);
#2143=SURFACE_SIDE_STYLE('',(#3519));
#2144=EDGE_LOOP('',(#3520,#3521,#3522,#3523));
#2145=AXIS2_PLACEMENT_3D('',#3524,#3525,#3526);
#2146=SURFACE_SIDE_STYLE('',(#3527));
#2147=EDGE_LOOP('',(#3528,#3529,#3530,#3531));
#2148=EDGE_LOOP('',(#3532,#3533,#3534,#3535));
#2149=AXIS2_PLACEMENT_3D('',#3536,#3537,#3538);
#2150=SURFACE_SIDE_STYLE('',(#3539));
#2151=EDGE_LOOP('',(#3540,#3541,#3542,#3543));
#2152=AXIS2_PLACEMENT_3D('',#3544,#3545,#3546);
#2153=SURFACE_SIDE_STYLE('',(#3547));
#2154=EDGE_LOOP('',(#3548,#3549,#3550,#3551,#3552,#3553,#3554,#3555));
#2155=AXIS2_PLACEMENT_3D('',#3556,#3557,#3558);
#2156=SURFACE_SIDE_STYLE('',(#3559));
#2157=EDGE_LOOP('',(#3560,#3561,#3562,#3563));
#2158=AXIS2_PLACEMENT_3D('',#3564,#3565,#3566);
#2159=SURFACE_SIDE_STYLE('',(#3567));
#2160=EDGE_LOOP('',(#3568,#3569,#3570,#3571));
#2161=AXIS2_PLACEMENT_3D('',#3572,#3573,#3574);
#2162=SURFACE_SIDE_STYLE('',(#3575));
#2163=EDGE_LOOP('',(#3576,#3577,#3578,#3579));
#2164=AXIS2_PLACEMENT_3D('',#3580,#3581,#3582);
#2165=SURFACE_SIDE_STYLE('',(#3583));
#2166=EDGE_LOOP('',(#3584,#3585,#3586,#3587));
#2167=AXIS2_PLACEMENT_3D('',#3588,#3589,#3590);
#2168=SURFACE_SIDE_STYLE('',(#3591));
#2169=EDGE_LOOP('',(#3592,#3593,#3594,#3595));
#2170=AXIS2_PLACEMENT_3D('',#3596,#3597,#3598);
#2171=SURFACE_SIDE_STYLE('',(#3599));
#2172=EDGE_LOOP('',(#3600,#3601,#3602,#3603));
#2173=AXIS2_PLACEMENT_3D('',#3604,#3605,#3606);
#2174=SURFACE_SIDE_STYLE('',(#3607));
#2175=EDGE_LOOP('',(#3608,#3609,#3610,#3611));
#2176=AXIS2_PLACEMENT_3D('',#3612,#3613,#3614);
#2177=SURFACE_SIDE_STYLE('',(#3615));
#2178=EDGE_LOOP('',(#3616,#3617,#3618,#3619,#3620,#3621,#3622,#3623));
#2179=AXIS2_PLACEMENT_3D('',#3624,#3625,#3626);
#2180=SURFACE_SIDE_STYLE('',(#3627));
#2181=EDGE_LOOP('',(#3628,#3629,#3630,#3631));
#2182=AXIS2_PLACEMENT_3D('',#3632,#3633,#3634);
#2183=SURFACE_SIDE_STYLE('',(#3635));
#2184=EDGE_LOOP('',(#3636,#3637,#3638,#3639));
#2185=AXIS2_PLACEMENT_3D('',#3640,#3641,#3642);
#2186=SURFACE_SIDE_STYLE('',(#3643));
#2187=EDGE_LOOP('',(#3644,#3645,#3646,#3647));
#2188=AXIS2_PLACEMENT_3D('',#3648,#3649,#3650);
#2189=SURFACE_SIDE_STYLE('',(#3651));
#2190=EDGE_LOOP('',(#3652,#3653));
#2191=EDGE_LOOP('',(#3654,#3655,#3656,#3657,#3658,#3659));
#2192=AXIS2_PLACEMENT_3D('',#3660,#3661,#3662);
#2193=SURFACE_SIDE_STYLE('',(#3663));
#2194=EDGE_LOOP('',(#3664,#3665,#3666,#3667));
#2195=AXIS2_PLACEMENT_3D('',#3668,#3669,#3670);
#2196=SURFACE_SIDE_STYLE('',(#3671));
#2197=EDGE_LOOP('',(#3672,#3673,#3674,#3675));
#2198=EDGE_LOOP('',(#3676,#3677,#3678,#3679));
#2199=AXIS2_PLACEMENT_3D('',#3680,#3681,#3682);
#2200=SURFACE_SIDE_STYLE('',(#3683));
#2201=EDGE_LOOP('',(#3684,#3685,#3686,#3687));
#2202=AXIS2_PLACEMENT_3D('',#3688,#3689,#3690);
#2203=SURFACE_SIDE_STYLE('',(#3691));
#2204=EDGE_LOOP('',(#3692,#3693,#3694,#3695,#3696,#3697,#3698,#3699));
#2205=AXIS2_PLACEMENT_3D('',#3700,#3701,#3702);
#2206=SURFACE_SIDE_STYLE('',(#3703));
#2207=EDGE_LOOP('',(#3704,#3705,#3706,#3707));
#2208=AXIS2_PLACEMENT_3D('',#3708,#3709,#3710);
#2209=SURFACE_SIDE_STYLE('',(#3711));
#2210=EDGE_LOOP('',(#3712,#3713,#3714,#3715));
#2211=AXIS2_PLACEMENT_3D('',#3716,#3717,#3718);
#2212=SURFACE_SIDE_STYLE('',(#3719));
#2213=EDGE_LOOP('',(#3720,#3721,#3722,#3723));
#2214=AXIS2_PLACEMENT_3D('',#3724,#3725,#3726);
#2215=SURFACE_SIDE_STYLE('',(#3727));
#2216=EDGE_LOOP('',(#3728,#3729,#3730,#3731));
#2217=AXIS2_PLACEMENT_3D('',#3732,#3733,#3734);
#2218=SURFACE_SIDE_STYLE('',(#3735));
#2219=EDGE_LOOP('',(#3736,#3737,#3738,#3739));
#2220=AXIS2_PLACEMENT_3D('',#3740,#3741,#3742);
#2221=SURFACE_SIDE_STYLE('',(#3743));
#2222=EDGE_LOOP('',(#3744,#3745,#3746,#3747));
#2223=AXIS2_PLACEMENT_3D('',#3748,#3749,#3750);
#2224=SURFACE_SIDE_STYLE('',(#3751));
#2225=EDGE_LOOP('',(#3752,#3753,#3754,#3755));
#2226=AXIS2_PLACEMENT_3D('',#3756,#3757,#3758);
#2227=SURFACE_SIDE_STYLE('',(#3759));
#2228=EDGE_LOOP('',(#3760,#3761,#3762,#3763,#3764,#3765,#3766,#3767));
#2229=AXIS2_PLACEMENT_3D('',#3768,#3769,#3770);
#2230=SURFACE_SIDE_STYLE('',(#3771));
#2231=EDGE_LOOP('',(#3772,#3773,#3774,#3775));
#2232=AXIS2_PLACEMENT_3D('',#3776,#3777,#3778);
#2233=SURFACE_SIDE_STYLE('',(#3779));
#2234=EDGE_LOOP('',(#3780,#3781,#3782,#3783));
#2235=AXIS2_PLACEMENT_3D('',#3784,#3785,#3786);
#2236=SURFACE_SIDE_STYLE('',(#3787));
#2237=EDGE_LOOP('',(#3788,#3789,#3790,#3791));
#2238=AXIS2_PLACEMENT_3D('',#3792,#3793,#3794);
#2239=SURFACE_SIDE_STYLE('',(#3795));
#2240=EDGE_LOOP('',(#3796,#3797));
#2241=EDGE_LOOP('',(#3798,#3799,#3800,#3801,#3802,#3803));
#2242=AXIS2_PLACEMENT_3D('',#3804,#3805,#3806);
#2243=SURFACE_SIDE_STYLE('',(#3807));
#2244=EDGE_LOOP('',(#3808,#3809,#3810,#3811));
#2245=AXIS2_PLACEMENT_3D('',#3812,#3813,#3814);
#2246=SURFACE_SIDE_STYLE('',(#3815));
#2247=EDGE_LOOP('',(#3816,#3817,#3818,#3819));
#2248=EDGE_LOOP('',(#3820,#3821,#3822,#3823));
#2249=AXIS2_PLACEMENT_3D('',#3824,#3825,#3826);
#2250=SURFACE_SIDE_STYLE('',(#3827));
#2251=EDGE_LOOP('',(#3828,#3829,#3830,#3831));
#2252=AXIS2_PLACEMENT_3D('',#3832,#3833,#3834);
#2253=SURFACE_SIDE_STYLE('',(#3835));
#2254=EDGE_LOOP('',(#3836,#3837,#3838,#3839,#3840,#3841,#3842,#3843));
#2255=AXIS2_PLACEMENT_3D('',#3844,#3845,#3846);
#2256=SURFACE_SIDE_STYLE('',(#3847));
#2257=EDGE_LOOP('',(#3848,#3849,#3850,#3851));
#2258=AXIS2_PLACEMENT_3D('',#3852,#3853,#3854);
#2259=SURFACE_SIDE_STYLE('',(#3855));
#2260=EDGE_LOOP('',(#3856,#3857,#3858,#3859));
#2261=AXIS2_PLACEMENT_3D('',#3860,#3861,#3862);
#2262=SURFACE_SIDE_STYLE('',(#3863));
#2263=EDGE_LOOP('',(#3864,#3865,#3866,#3867));
#2264=AXIS2_PLACEMENT_3D('',#3868,#3869,#3870);
#2265=SURFACE_SIDE_STYLE('',(#3871));
#2266=EDGE_LOOP('',(#3872,#3873,#3874,#3875));
#2267=AXIS2_PLACEMENT_3D('',#3876,#3877,#3878);
#2268=SURFACE_SIDE_STYLE('',(#3879));
#2269=EDGE_LOOP('',(#3880,#3881,#3882,#3883));
#2270=AXIS2_PLACEMENT_3D('',#3884,#3885,#3886);
#2271=SURFACE_SIDE_STYLE('',(#3887));
#2272=EDGE_LOOP('',(#3888,#3889,#3890,#3891));
#2273=AXIS2_PLACEMENT_3D('',#3892,#3893,#3894);
#2274=SURFACE_SIDE_STYLE('',(#3895));
#2275=EDGE_LOOP('',(#3896,#3897,#3898,#3899));
#2276=AXIS2_PLACEMENT_3D('',#3900,#3901,#3902);
#2277=SURFACE_SIDE_STYLE('',(#3903));
#2278=EDGE_LOOP('',(#3904,#3905,#3906,#3907,#3908,#3909,#3910,#3911));
#2279=AXIS2_PLACEMENT_3D('',#3912,#3913,#3914);
#2280=SURFACE_SIDE_STYLE('',(#3915));
#2281=EDGE_LOOP('',(#3916,#3917,#3918,#3919));
#2282=AXIS2_PLACEMENT_3D('',#3920,#3921,#3922);
#2283=SURFACE_SIDE_STYLE('',(#3923));
#2284=EDGE_LOOP('',(#3924,#3925,#3926,#3927));
#2285=AXIS2_PLACEMENT_3D('',#3928,#3929,#3930);
#2286=SURFACE_SIDE_STYLE('',(#3931));
#2287=EDGE_LOOP('',(#3932,#3933,#3934,#3935));
#2288=AXIS2_PLACEMENT_3D('',#3936,#3937,#3938);
#2289=SURFACE_SIDE_STYLE('',(#3939));
#2290=EDGE_LOOP('',(#3940,#3941));
#2291=EDGE_LOOP('',(#3942,#3943,#3944,#3945,#3946,#3947));
#2292=AXIS2_PLACEMENT_3D('',#3948,#3949,#3950);
#2293=SURFACE_SIDE_STYLE('',(#3951));
#2294=EDGE_LOOP('',(#3952,#3953,#3954,#3955));
#2295=AXIS2_PLACEMENT_3D('',#3956,#3957,#3958);
#2296=SURFACE_SIDE_STYLE('',(#3959));
#2297=EDGE_LOOP('',(#3960,#3961,#3962,#3963,#3964,#3965,#3966,#3967,#3968));
#2298=AXIS2_PLACEMENT_3D('',#3969,#3970,#3971);
#2299=SURFACE_SIDE_STYLE('',(#3972));
#2300=EDGE_LOOP('',(#3973,#3974,#3975,#3976));
#2301=AXIS2_PLACEMENT_3D('',#3977,#3978,#3979);
#2302=SURFACE_SIDE_STYLE('',(#3980));
#2303=EDGE_LOOP('',(#3981,#3982,#3983,#3984));
#2304=AXIS2_PLACEMENT_3D('',#3985,#3986,#3987);
#2305=SURFACE_SIDE_STYLE('',(#3988));
#2306=EDGE_LOOP('',(#3989,#3990,#3991,#3992));
#2307=AXIS2_PLACEMENT_3D('',#3993,#3994,#3995);
#2308=SURFACE_SIDE_STYLE('',(#3996));
#2309=EDGE_LOOP('',(#3997,#3998,#3999,#4000));
#2310=AXIS2_PLACEMENT_3D('',#4001,#4002,#4003);
#2311=SURFACE_SIDE_STYLE('',(#4004));
#2312=EDGE_LOOP('',(#4005,#4006,#4007,#4008));
#2313=AXIS2_PLACEMENT_3D('',#4009,#4010,#4011);
#2314=SURFACE_SIDE_STYLE('',(#4012));
#2315=EDGE_LOOP('',(#4013,#4014,#4015,#4016));
#2316=AXIS2_PLACEMENT_3D('',#4017,#4018,#4019);
#2317=SURFACE_SIDE_STYLE('',(#4020));
#2318=EDGE_LOOP('',(#4021,#4022,#4023,#4024,#4025,#4026,#4027,#4028,#4029));
#2319=AXIS2_PLACEMENT_3D('',#4030,#4031,#4032);
#2320=SURFACE_SIDE_STYLE('',(#4033));
#2321=EDGE_LOOP('',(#4034,#4035,#4036,#4037,#4038,#4039));
#2322=EDGE_LOOP('',(#4040,#4041,#4042,#4043,#4044,#4045));
#2323=EDGE_LOOP('',(#4046,#4047,#4048,#4049,#4050,#4051));
#2324=EDGE_LOOP('',(#4052,#4053,#4054,#4055,#4056,#4057));
#2325=EDGE_LOOP('',(#4058,#4059,#4060,#4061,#4062,#4063,#4064,#4065,#4066,#4067,#4068,#4069,#4070,#4071,#4072,#4073,#4074,#4075,#4076,#4077,#4078,#4079,#4080,#4081,#4082,#4083,#4084,#4085,#4086,#4087,#4088,#4089,#4090,#4091,#4092,#4093));
#2326=AXIS2_PLACEMENT_3D('',#4094,#4095,#4096);
#2327=SURFACE_SIDE_STYLE('',(#4097));
#2328=EDGE_LOOP('',(#4098,#4099,#4100,#4101));
#2329=AXIS2_PLACEMENT_3D('',#4102,#4103,#4104);
#2330=SURFACE_SIDE_STYLE('',(#4105));
#2331=EDGE_LOOP('',(#4106,#4107,#4108,#4109,#4110,#4111,#4112,#4113,#4114));
#2332=AXIS2_PLACEMENT_3D('',#4115,#4116,#4117);
#2333=SURFACE_SIDE_STYLE('',(#4118));
#2334=EDGE_LOOP('',(#4119,#4120,#4121,#4122));
#2335=AXIS2_PLACEMENT_3D('',#4123,#4124,#4125);
#2336=SURFACE_SIDE_STYLE('',(#4126));
#2337=EDGE_LOOP('',(#4127,#4128,#4129,#4130));
#2338=AXIS2_PLACEMENT_3D('',#4131,#4132,#4133);
#2339=SURFACE_SIDE_STYLE('',(#4134));
#2340=EDGE_LOOP('',(#4135,#4136,#4137,#4138));
#2341=AXIS2_PLACEMENT_3D('',#4139,#4140,#4141);
#2342=SURFACE_SIDE_STYLE('',(#4142));
#2343=EDGE_LOOP('',(#4143,#4144,#4145,#4146));
#2344=AXIS2_PLACEMENT_3D('',#4147,#4148,#4149);
#2345=SURFACE_SIDE_STYLE('',(#4150));
#2346=EDGE_LOOP('',(#4151,#4152,#4153,#4154));
#2347=AXIS2_PLACEMENT_3D('',#4155,#4156,#4157);
#2348=SURFACE_SIDE_STYLE('',(#4158));
#2349=EDGE_LOOP('',(#4159,#4160,#4161,#4162));
#2350=AXIS2_PLACEMENT_3D('',#4163,#4164,#4165);
#2351=SURFACE_SIDE_STYLE('',(#4166));
#2352=EDGE_LOOP('',(#4167,#4168,#4169,#4170,#4171,#4172,#4173,#4174,#4175));
#2353=AXIS2_PLACEMENT_3D('',#4176,#4177,#4178);
#2354=SURFACE_SIDE_STYLE('',(#4179));
#2355=EDGE_LOOP('',(#4180,#4181,#4182,#4183));
#2356=AXIS2_PLACEMENT_3D('',#4184,#4185,#4186);
#2357=SURFACE_SIDE_STYLE('',(#4187));
#2358=EDGE_LOOP('',(#4188,#4189,#4190,#4191,#4192,#4193,#4194,#4195,#4196));
#2359=AXIS2_PLACEMENT_3D('',#4197,#4198,#4199);
#2360=SURFACE_SIDE_STYLE('',(#4200));
#2361=EDGE_LOOP('',(#4201,#4202,#4203,#4204));
#2362=AXIS2_PLACEMENT_3D('',#4205,#4206,#4207);
#2363=SURFACE_SIDE_STYLE('',(#4208));
#2364=EDGE_LOOP('',(#4209,#4210,#4211,#4212));
#2365=AXIS2_PLACEMENT_3D('',#4213,#4214,#4215);
#2366=SURFACE_SIDE_STYLE('',(#4216));
#2367=EDGE_LOOP('',(#4217,#4218,#4219,#4220));
#2368=AXIS2_PLACEMENT_3D('',#4221,#4222,#4223);
#2369=SURFACE_SIDE_STYLE('',(#4224));
#2370=EDGE_LOOP('',(#4225,#4226,#4227,#4228));
#2371=AXIS2_PLACEMENT_3D('',#4229,#4230,#4231);
#2372=SURFACE_SIDE_STYLE('',(#4232));
#2373=EDGE_LOOP('',(#4233,#4234,#4235,#4236));
#2374=AXIS2_PLACEMENT_3D('',#4237,#4238,#4239);
#2375=SURFACE_SIDE_STYLE('',(#4240));
#2376=EDGE_LOOP('',(#4241,#4242,#4243,#4244));
#2377=AXIS2_PLACEMENT_3D('',#4245,#4246,#4247);
#2378=SURFACE_SIDE_STYLE('',(#4248));
#2379=EDGE_LOOP('',(#4249,#4250,#4251,#4252,#4253,#4254,#4255,#4256,#4257));
#2380=AXIS2_PLACEMENT_3D('',#4258,#4259,#4260);
#2381=SURFACE_SIDE_STYLE('',(#4261));
#2382=EDGE_LOOP('',(#4262,#4263,#4264,#4265));
#2383=AXIS2_PLACEMENT_3D('',#4266,#4267,#4268);
#2384=SURFACE_SIDE_STYLE('',(#4269));
#2385=EDGE_LOOP('',(#4270,#4271,#4272,#4273,#4274,#4275,#4276,#4277,#4278));
#2386=AXIS2_PLACEMENT_3D('',#4279,#4280,#4281);
#2387=SURFACE_SIDE_STYLE('',(#4282));
#2388=EDGE_LOOP('',(#4283,#4284,#4285,#4286));
#2389=AXIS2_PLACEMENT_3D('',#4287,#4288,#4289);
#2390=SURFACE_SIDE_STYLE('',(#4290));
#2391=EDGE_LOOP('',(#4291,#4292,#4293,#4294));
#2392=AXIS2_PLACEMENT_3D('',#4295,#4296,#4297);
#2393=SURFACE_SIDE_STYLE('',(#4298));
#2394=EDGE_LOOP('',(#4299,#4300,#4301,#4302));
#2395=AXIS2_PLACEMENT_3D('',#4303,#4304,#4305);
#2396=SURFACE_SIDE_STYLE('',(#4306));
#2397=EDGE_LOOP('',(#4307,#4308,#4309,#4310));
#2398=AXIS2_PLACEMENT_3D('',#4311,#4312,#4313);
#2399=SURFACE_SIDE_STYLE('',(#4314));
#2400=EDGE_LOOP('',(#4315,#4316,#4317,#4318));
#2401=AXIS2_PLACEMENT_3D('',#4319,#4320,#4321);
#2402=SURFACE_SIDE_STYLE('',(#4322));
#2403=EDGE_LOOP('',(#4323,#4324,#4325,#4326));
#2404=AXIS2_PLACEMENT_3D('',#4327,#4328,#4329);
#2405=SURFACE_SIDE_STYLE('',(#4330));
#2406=EDGE_LOOP('',(#4331,#4332,#4333,#4334,#4335,#4336,#4337,#4338,#4339));
#2407=AXIS2_PLACEMENT_3D('',#4340,#4341,#4342);
#2408=SURFACE_SIDE_STYLE('',(#4343));
#2409=EDGE_LOOP('',(#4344,#4345,#4346,#4347));
#2410=AXIS2_PLACEMENT_3D('',#4348,#4349,#4350);
#2411=SURFACE_SIDE_STYLE('',(#4351));
#2412=EDGE_LOOP('',(#4352,#4353,#4354,#4355,#4356,#4357,#4358,#4359,#4360));
#2413=AXIS2_PLACEMENT_3D('',#4361,#4362,#4363);
#2414=SURFACE_SIDE_STYLE('',(#4364));
#2415=EDGE_LOOP('',(#4365,#4366,#4367,#4368));
#2416=AXIS2_PLACEMENT_3D('',#4369,#4370,#4371);
#2417=SURFACE_SIDE_STYLE('',(#4372));
#2418=EDGE_LOOP('',(#4373,#4374,#4375,#4376));
#2419=AXIS2_PLACEMENT_3D('',#4377,#4378,#4379);
#2420=SURFACE_SIDE_STYLE('',(#4380));
#2421=EDGE_LOOP('',(#4381,#4382,#4383,#4384));
#2422=AXIS2_PLACEMENT_3D('',#4385,#4386,#4387);
#2423=SURFACE_SIDE_STYLE('',(#4388));
#2424=EDGE_LOOP('',(#4389,#4390,#4391,#4392));
#2425=AXIS2_PLACEMENT_3D('',#4393,#4394,#4395);
#2426=SURFACE_SIDE_STYLE('',(#4396));
#2427=EDGE_LOOP('',(#4397,#4398,#4399,#4400));
#2428=AXIS2_PLACEMENT_3D('',#4401,#4402,#4403);
#2429=SURFACE_SIDE_STYLE('',(#4404));
#2430=EDGE_LOOP('',(#4405,#4406,#4407,#4408));
#2431=AXIS2_PLACEMENT_3D('',#4409,#4410,#4411);
#2432=SURFACE_SIDE_STYLE('',(#4412));
#2433=EDGE_LOOP('',(#4413,#4414,#4415,#4416,#4417,#4418,#4419,#4420,#4421));
#2434=AXIS2_PLACEMENT_3D('',#4422,#4423,#4424);
#2435=SURFACE_SIDE_STYLE('',(#4425));
#2436=EDGE_LOOP('',(#4426,#4427,#4428,#4429));
#2437=AXIS2_PLACEMENT_3D('',#4430,#4431,#4432);
#2438=SURFACE_SIDE_STYLE('',(#4433));
#2439=EDGE_LOOP('',(#4434,#4435,#4436,#4437,#4438,#4439,#4440,#4441,#4442));
#2440=AXIS2_PLACEMENT_3D('',#4443,#4444,#4445);
#2441=SURFACE_SIDE_STYLE('',(#4446));
#2442=EDGE_LOOP('',(#4447,#4448,#4449,#4450));
#2443=AXIS2_PLACEMENT_3D('',#4451,#4452,#4453);
#2444=SURFACE_SIDE_STYLE('',(#4454));
#2445=EDGE_LOOP('',(#4455,#4456,#4457,#4458));
#2446=AXIS2_PLACEMENT_3D('',#4459,#4460,#4461);
#2447=SURFACE_SIDE_STYLE('',(#4462));
#2448=EDGE_LOOP('',(#4463,#4464,#4465,#4466));
#2449=AXIS2_PLACEMENT_3D('',#4467,#4468,#4469);
#2450=SURFACE_SIDE_STYLE('',(#4470));
#2451=EDGE_LOOP('',(#4471,#4472,#4473,#4474));
#2452=AXIS2_PLACEMENT_3D('',#4475,#4476,#4477);
#2453=SURFACE_SIDE_STYLE('',(#4478));
#2454=EDGE_LOOP('',(#4479,#4480,#4481,#4482));
#2455=AXIS2_PLACEMENT_3D('',#4483,#4484,#4485);
#2456=SURFACE_SIDE_STYLE('',(#4486));
#2457=EDGE_LOOP('',(#4487,#4488,#4489,#4490));
#2458=AXIS2_PLACEMENT_3D('',#4491,#4492,#4493);
#2459=SURFACE_SIDE_STYLE('',(#4494));
#2460=EDGE_LOOP('',(#4495,#4496,#4497,#4498,#4499,#4500,#4501,#4502,#4503));
#2461=AXIS2_PLACEMENT_3D('',#4504,#4505,#4506);
#2462=SURFACE_SIDE_STYLE('',(#4507));
#2463=EDGE_LOOP('',(#4508,#4509,#4510,#4511));
#2464=AXIS2_PLACEMENT_3D('',#4512,#4513,#4514);
#2465=SURFACE_SIDE_STYLE('',(#4515));
#2466=EDGE_LOOP('',(#4516,#4517,#4518,#4519,#4520,#4521,#4522,#4523,#4524));
#2467=AXIS2_PLACEMENT_3D('',#4525,#4526,#4527);
#2468=SURFACE_SIDE_STYLE('',(#4528));
#2469=EDGE_LOOP('',(#4529,#4530,#4531,#4532));
#2470=AXIS2_PLACEMENT_3D('',#4533,#4534,#4535);
#2471=SURFACE_SIDE_STYLE('',(#4536));
#2472=EDGE_LOOP('',(#4537,#4538,#4539,#4540));
#2473=AXIS2_PLACEMENT_3D('',#4541,#4542,#4543);
#2474=SURFACE_SIDE_STYLE('',(#4544));
#2475=EDGE_LOOP('',(#4545,#4546,#4547,#4548));
#2476=AXIS2_PLACEMENT_3D('',#4549,#4550,#4551);
#2477=SURFACE_SIDE_STYLE('',(#4552));
#2478=EDGE_LOOP('',(#4553,#4554,#4555,#4556));
#2479=AXIS2_PLACEMENT_3D('',#4557,#4558,#4559);
#2480=SURFACE_SIDE_STYLE('',(#4560));
#2481=EDGE_LOOP('',(#4561,#4562,#4563,#4564));
#2482=AXIS2_PLACEMENT_3D('',#4565,#4566,#4567);
#2483=SURFACE_SIDE_STYLE('',(#4568));
#2484=EDGE_LOOP('',(#4569,#4570,#4571,#4572));
#2485=AXIS2_PLACEMENT_3D('',#4573,#4574,#4575);
#2486=SURFACE_SIDE_STYLE('',(#4576));
#2487=EDGE_LOOP('',(#4577,#4578,#4579,#4580,#4581,#4582,#4583,#4584,#4585));
#2488=AXIS2_PLACEMENT_3D('',#4586,#4587,#4588);
#2489=SURFACE_SIDE_STYLE('',(#4589));
#2490=EDGE_LOOP('',(#4590,#4591,#4592,#4593));
#2491=AXIS2_PLACEMENT_3D('',#4594,#4595,#4596);
#2492=SURFACE_SIDE_STYLE('',(#4597));
#2493=EDGE_LOOP('',(#4598,#4599,#4600,#4601,#4602,#4603,#4604,#4605,#4606));
#2494=AXIS2_PLACEMENT_3D('',#4607,#4608,#4609);
#2495=SURFACE_SIDE_STYLE('',(#4610));
#2496=EDGE_LOOP('',(#4611,#4612,#4613,#4614));
#2497=AXIS2_PLACEMENT_3D('',#4615,#4616,#4617);
#2498=SURFACE_SIDE_STYLE('',(#4618));
#2499=EDGE_LOOP('',(#4619,#4620,#4621,#4622));
#2500=AXIS2_PLACEMENT_3D('',#4623,#4624,#4625);
#2501=SURFACE_SIDE_STYLE('',(#4626));
#2502=EDGE_LOOP('',(#4627,#4628,#4629,#4630));
#2503=AXIS2_PLACEMENT_3D('',#4631,#4632,#4633);
#2504=SURFACE_SIDE_STYLE('',(#4634));
#2505=EDGE_LOOP('',(#4635,#4636,#4637,#4638));
#2506=AXIS2_PLACEMENT_3D('',#4639,#4640,#4641);
#2507=SURFACE_SIDE_STYLE('',(#4642));
#2508=EDGE_LOOP('',(#4643,#4644,#4645,#4646));
#2509=AXIS2_PLACEMENT_3D('',#4647,#4648,#4649);
#2510=SURFACE_SIDE_STYLE('',(#4650));
#2511=EDGE_LOOP('',(#4651,#4652,#4653,#4654));
#2512=AXIS2_PLACEMENT_3D('',#4655,#4656,#4657);
#2513=SURFACE_SIDE_STYLE('',(#4658));
#2514=EDGE_LOOP('',(#4659,#4660,#4661,#4662,#4663,#4664,#4665,#4666,#4667));
#2515=AXIS2_PLACEMENT_3D('',#4668,#4669,#4670);
#2516=SURFACE_SIDE_STYLE('',(#4671));
#2517=EDGE_LOOP('',(#4672,#4673,#4674,#4675,#4676,#4677,#4678));
#2518=AXIS2_PLACEMENT_3D('',#4679,#4680,#4681);
#2519=SURFACE_SIDE_STYLE('',(#4682));
#2520=EDGE_LOOP('',(#4683,#4684,#4685,#4686));
#2521=AXIS2_PLACEMENT_3D('',#4687,#4688,#4689);
#2522=SURFACE_SIDE_STYLE('',(#4690));
#2523=EDGE_LOOP('',(#4691,#4692,#4693,#4694,#4695,#4696,#4697));
#2524=AXIS2_PLACEMENT_3D('',#4698,#4699,#4700);
#2525=SURFACE_SIDE_STYLE('',(#4701));
#2526=EDGE_LOOP('',(#4702,#4703,#4704,#4705));
#2527=AXIS2_PLACEMENT_3D('',#4706,#4707,#4708);
#2528=SURFACE_SIDE_STYLE('',(#4709));
#2529=EDGE_LOOP('',(#4710,#4711,#4712,#4713));
#2530=AXIS2_PLACEMENT_3D('',#4714,#4715,#4716);
#2531=SURFACE_SIDE_STYLE('',(#4717));
#2532=EDGE_LOOP('',(#4718,#4719,#4720,#4721,#4722,#4723));
#2533=AXIS2_PLACEMENT_3D('',#4724,#4725,#4726);
#2534=SURFACE_SIDE_STYLE('',(#4727));
#2535=EDGE_LOOP('',(#4728,#4729,#4730,#4731));
#2536=AXIS2_PLACEMENT_3D('',#4732,#4733,#4734);
#2537=SURFACE_SIDE_STYLE('',(#4735));
#2538=EDGE_LOOP('',(#4736,#4737,#4738,#4739,#4740,#4741));
#2539=AXIS2_PLACEMENT_3D('',#4742,#4743,#4744);
#2540=SURFACE_SIDE_STYLE('',(#4745));
#2541=EDGE_LOOP('',(#4746,#4747,#4748,#4749));
#2542=AXIS2_PLACEMENT_3D('',#4750,#4751,#4752);
#2543=SURFACE_SIDE_STYLE('',(#4753));
#2544=EDGE_LOOP('',(#4754,#4755,#4756,#4757));
#2545=AXIS2_PLACEMENT_3D('',#4758,#4759,#4760);
#2546=SURFACE_SIDE_STYLE('',(#4761));
#2547=EDGE_LOOP('',(#4762,#4763,#4764,#4765));
#2548=AXIS2_PLACEMENT_3D('',#4766,#4767,#4768);
#2549=SURFACE_SIDE_STYLE('',(#4769));
#2550=EDGE_LOOP('',(#4770,#4771,#4772,#4773,#4774,#4775,#4776));
#2551=AXIS2_PLACEMENT_3D('',#4777,#4778,#4779);
#2552=SURFACE_SIDE_STYLE('',(#4780));
#2553=EDGE_LOOP('',(#4781,#4782,#4783,#4784));
#2554=AXIS2_PLACEMENT_3D('',#4785,#4786,#4787);
#2555=SURFACE_SIDE_STYLE('',(#4788));
#2556=EDGE_LOOP('',(#4789,#4790,#4791,#4792,#4793,#4794,#4795));
#2557=AXIS2_PLACEMENT_3D('',#4796,#4797,#4798);
#2558=SURFACE_SIDE_STYLE('',(#4799));
#2559=EDGE_LOOP('',(#4800,#4801,#4802,#4803));
#2560=AXIS2_PLACEMENT_3D('',#4804,#4805,#4806);
#2561=SURFACE_SIDE_STYLE('',(#4807));
#2562=EDGE_LOOP('',(#4808,#4809,#4810,#4811));
#2563=AXIS2_PLACEMENT_3D('',#4812,#4813,#4814);
#2564=SURFACE_SIDE_STYLE('',(#4815));
#2565=EDGE_LOOP('',(#4816,#4817,#4818,#4819,#4820,#4821));
#2566=AXIS2_PLACEMENT_3D('',#4822,#4823,#4824);
#2567=SURFACE_SIDE_STYLE('',(#4825));
#2568=EDGE_LOOP('',(#4826,#4827,#4828,#4829));
#2569=AXIS2_PLACEMENT_3D('',#4830,#4831,#4832);
#2570=SURFACE_SIDE_STYLE('',(#4833));
#2571=EDGE_LOOP('',(#4834,#4835,#4836,#4837,#4838,#4839));
#2572=AXIS2_PLACEMENT_3D('',#4840,#4841,#4842);
#2573=SURFACE_SIDE_STYLE('',(#4843));
#2574=EDGE_LOOP('',(#4844,#4845,#4846,#4847));
#2575=AXIS2_PLACEMENT_3D('',#4848,#4849,#4850);
#2576=SURFACE_SIDE_STYLE('',(#4851));
#2577=EDGE_LOOP('',(#4852,#4853,#4854,#4855));
#2578=AXIS2_PLACEMENT_3D('',#4856,#4857,#4858);
#2579=SURFACE_SIDE_STYLE('',(#4859));
#2580=EDGE_LOOP('',(#4860,#4861,#4862,#4863,#4864,#4865,#4866));
#2581=AXIS2_PLACEMENT_3D('',#4867,#4868,#4869);
#2582=SURFACE_SIDE_STYLE('',(#4870));
#2583=EDGE_LOOP('',(#4871,#4872,#4873,#4874));
#2584=AXIS2_PLACEMENT_3D('',#4875,#4876,#4877);
#2585=SURFACE_SIDE_STYLE('',(#4878));
#2586=EDGE_LOOP('',(#4879,#4880,#4881,#4882,#4883,#4884,#4885));
#2587=AXIS2_PLACEMENT_3D('',#4886,#4887,#4888);
#2588=SURFACE_SIDE_STYLE('',(#4889));
#2589=EDGE_LOOP('',(#4890,#4891,#4892,#4893));
#2590=AXIS2_PLACEMENT_3D('',#4894,#4895,#4896);
#2591=SURFACE_SIDE_STYLE('',(#4897));
#2592=EDGE_LOOP('',(#4898,#4899,#4900,#4901));
#2593=AXIS2_PLACEMENT_3D('',#4902,#4903,#4904);
#2594=SURFACE_SIDE_STYLE('',(#4905));
#2595=EDGE_LOOP('',(#4906,#4907,#4908,#4909,#4910,#4911));
#2596=AXIS2_PLACEMENT_3D('',#4912,#4913,#4914);
#2597=SURFACE_SIDE_STYLE('',(#4915));
#2598=EDGE_LOOP('',(#4916,#4917,#4918,#4919));
#2599=AXIS2_PLACEMENT_3D('',#4920,#4921,#4922);
#2600=SURFACE_SIDE_STYLE('',(#4923));
#2601=EDGE_LOOP('',(#4924,#4925,#4926,#4927,#4928,#4929));
#2602=AXIS2_PLACEMENT_3D('',#4930,#4931,#4932);
#2603=SURFACE_SIDE_STYLE('',(#4933));
#2604=EDGE_LOOP('',(#4934,#4935,#4936,#4937));
#2605=AXIS2_PLACEMENT_3D('',#4938,#4939,#4940);
#2606=SURFACE_SIDE_STYLE('',(#4941));
#2607=EDGE_LOOP('',(#4942,#4943,#4944,#4945));
#2608=AXIS2_PLACEMENT_3D('',#4946,#4947,#4948);
#2609=SURFACE_SIDE_STYLE('',(#4949));
#2610=EDGE_LOOP('',(#4950,#4951,#4952,#4953,#4954,#4955,#4956));
#2611=AXIS2_PLACEMENT_3D('',#4957,#4958,#4959);
#2612=SURFACE_SIDE_STYLE('',(#4960));
#2613=EDGE_LOOP('',(#4961,#4962,#4963,#4964));
#2614=AXIS2_PLACEMENT_3D('',#4965,#4966,#4967);
#2615=SURFACE_SIDE_STYLE('',(#4968));
#2616=EDGE_LOOP('',(#4969,#4970,#4971,#4972,#4973,#4974,#4975));
#2617=AXIS2_PLACEMENT_3D('',#4976,#4977,#4978);
#2618=SURFACE_SIDE_STYLE('',(#4979));
#2619=EDGE_LOOP('',(#4980,#4981,#4982,#4983));
#2620=AXIS2_PLACEMENT_3D('',#4984,#4985,#4986);
#2621=SURFACE_SIDE_STYLE('',(#4987));
#2622=EDGE_LOOP('',(#4988,#4989,#4990,#4991));
#2623=AXIS2_PLACEMENT_3D('',#4992,#4993,#4994);
#2624=SURFACE_SIDE_STYLE('',(#4995));
#2625=EDGE_LOOP('',(#4996,#4997,#4998,#4999,#5000,#5001));
#2626=AXIS2_PLACEMENT_3D('',#5002,#5003,#5004);
#2627=SURFACE_SIDE_STYLE('',(#5005));
#2628=EDGE_LOOP('',(#5006,#5007,#5008,#5009));
#2629=AXIS2_PLACEMENT_3D('',#5010,#5011,#5012);
#2630=SURFACE_SIDE_STYLE('',(#5013));
#2631=EDGE_LOOP('',(#5014,#5015,#5016,#5017,#5018,#5019));
#2632=AXIS2_PLACEMENT_3D('',#5020,#5021,#5022);
#2633=SURFACE_SIDE_STYLE('',(#5023));
#2634=EDGE_LOOP('',(#5024,#5025,#5026,#5027));
#2635=AXIS2_PLACEMENT_3D('',#5028,#5029,#5030);
#2636=SURFACE_SIDE_STYLE('',(#5031));
#2637=EDGE_LOOP('',(#5032,#5033,#5034,#5035));
#2638=AXIS2_PLACEMENT_3D('',#5036,#5037,#5038);
#2639=SURFACE_SIDE_STYLE('',(#5039));
#2640=EDGE_LOOP('',(#5040,#5041,#5042,#5043));
#2641=AXIS2_PLACEMENT_3D('',#5044,#5045,#5046);
#2642=SURFACE_SIDE_STYLE('',(#5047));
#2643=EDGE_LOOP('',(#5048,#5049,#5050,#5051,#5052,#5053,#5054,#5055));
#2644=AXIS2_PLACEMENT_3D('',#5056,#5057,#5058);
#2645=SURFACE_SIDE_STYLE('',(#5059));
#2646=EDGE_LOOP('',(#5060,#5061,#5062,#5063));
#2647=AXIS2_PLACEMENT_3D('',#5064,#5065,#5066);
#2648=SURFACE_SIDE_STYLE('',(#5067));
#2649=EDGE_LOOP('',(#5068,#5069,#5070,#5071));
#2650=AXIS2_PLACEMENT_3D('',#5072,#5073,#5074);
#2651=SURFACE_SIDE_STYLE('',(#5075));
#2652=EDGE_LOOP('',(#5076,#5077,#5078,#5079));
#2653=AXIS2_PLACEMENT_3D('',#5080,#5081,#5082);
#2654=SURFACE_SIDE_STYLE('',(#5083));
#2655=EDGE_LOOP('',(#5084,#5085,#5086,#5087,#5088,#5089,#5090,#5091));
#2656=AXIS2_PLACEMENT_3D('',#5092,#5093,#5094);
#2657=SURFACE_SIDE_STYLE('',(#5095));
#2658=EDGE_LOOP('',(#5096,#5097,#5098,#5099,#5100,#5101,#5102,#5103,#5104,#5105,#5106,#5107,#5108,#5109,#5110,#5111));
#2659=AXIS2_PLACEMENT_3D('',#5112,#5113,#5114);
#2660=SURFACE_SIDE_STYLE('',(#5115));
#2661=EDGE_LOOP('',(#5116,#5117,#5118,#5119));
#2662=AXIS2_PLACEMENT_3D('',#5120,#5121,#5122);
#2663=SURFACE_SIDE_STYLE('',(#5123));
#2664=EDGE_LOOP('',(#5124,#5125,#5126,#5127));
#2665=AXIS2_PLACEMENT_3D('',#5128,#5129,#5130);
#2666=SURFACE_SIDE_STYLE('',(#5131));
#2667=EDGE_LOOP('',(#5132,#5133,#5134,#5135));
#2668=AXIS2_PLACEMENT_3D('',#5136,#5137,#5138);
#2669=SURFACE_SIDE_STYLE('',(#5139));
#2670=EDGE_LOOP('',(#5140,#5141,#5142,#5143));
#2671=AXIS2_PLACEMENT_3D('',#5144,#5145,#5146);
#2672=SURFACE_SIDE_STYLE('',(#5147));
#2673=EDGE_LOOP('',(#5148,#5149,#5150,#5151,#5152,#5153,#5154,#5155));
#2674=AXIS2_PLACEMENT_3D('',#5156,#5157,#5158);
#2675=SURFACE_SIDE_STYLE('',(#5159));
#2676=EDGE_LOOP('',(#5160,#5161,#5162,#5163,#5164,#5165,#5166,#5167,#5168,#5169,#5170,#5171,#5172,#5173,#5174,#5175));
#2677=AXIS2_PLACEMENT_3D('',#5176,#5177,#5178);
#2678=SURFACE_SIDE_STYLE('',(#5179));
#2679=EDGE_LOOP('',(#5180,#5181,#5182,#5183,#5184,#5185,#5186,#5187));
#2680=AXIS2_PLACEMENT_3D('',#5188,#5189,#5190);
#2681=SURFACE_SIDE_STYLE('',(#5191));
#2682=EDGE_LOOP('',(#5192,#5193,#5194,#5195,#5196,#5197,#5198,#5199));
#2683=AXIS2_PLACEMENT_3D('',#5200,#5201,#5202);
#2684=SURFACE_SIDE_STYLE('',(#5203));
#2685=EDGE_LOOP('',(#5204,#5205,#5206,#5207));
#2686=AXIS2_PLACEMENT_3D('',#5208,#5209,#5210);
#2687=SURFACE_SIDE_STYLE('',(#5211));
#2688=EDGE_LOOP('',(#5212,#5213,#5214,#5215));
#2689=AXIS2_PLACEMENT_3D('',#5216,#5217,#5218);
#2690=SURFACE_SIDE_STYLE('',(#5219));
#2691=EDGE_LOOP('',(#5220,#5221,#5222,#5223));
#2692=AXIS2_PLACEMENT_3D('',#5224,#5225,#5226);
#2693=SURFACE_SIDE_STYLE('',(#5227));
#2694=EDGE_LOOP('',(#5228,#5229,#5230,#5231,#5232,#5233,#5234,#5235,#5236,#5237,#5238,#5239,#5240,#5241,#5242,#5243,#5244,#5245,#5246,#5247,#5248,#5249,#5250,#5251));
#2695=AXIS2_PLACEMENT_3D('',#5252,#5253,#5254);
#2696=SURFACE_SIDE_STYLE('',(#5255));
#2697=EDGE_LOOP('',(#5256,#5257,#5258,#5259));
#2698=AXIS2_PLACEMENT_3D('',#5260,#5261,#5262);
#2699=SURFACE_SIDE_STYLE('',(#5263));
#2700=EDGE_LOOP('',(#5264,#5265,#5266,#5267));
#2701=AXIS2_PLACEMENT_3D('',#5268,#5269,#5270);
#2702=SURFACE_SIDE_STYLE('',(#5271));
#2703=EDGE_LOOP('',(#5272,#5273,#5274,#5275));
#2704=AXIS2_PLACEMENT_3D('',#5276,#5277,#5278);
#2705=SURFACE_SIDE_STYLE('',(#5279));
#2706=EDGE_LOOP('',(#5280,#5281,#5282,#5283));
#2707=AXIS2_PLACEMENT_3D('',#5284,#5285,#5286);
#2708=SURFACE_SIDE_STYLE('',(#5287));
#2709=EDGE_LOOP('',(#5288,#5289,#5290,#5291));
#2710=AXIS2_PLACEMENT_3D('',#5292,#5293,#5294);
#2711=SURFACE_SIDE_STYLE('',(#5295));
#2712=EDGE_LOOP('',(#5296,#5297,#5298,#5299));
#2713=AXIS2_PLACEMENT_3D('',#5300,#5301,#5302);
#2714=SURFACE_SIDE_STYLE('',(#5303));
#2715=EDGE_LOOP('',(#5304,#5305,#5306,#5307));
#2716=AXIS2_PLACEMENT_3D('',#5308,#5309,#5310);
#2717=SURFACE_SIDE_STYLE('',(#5311));
#2718=EDGE_LOOP('',(#5312,#5313,#5314,#5315));
#2719=AXIS2_PLACEMENT_3D('',#5316,#5317,#5318);
#2720=SURFACE_SIDE_STYLE('',(#5319));
#2721=EDGE_LOOP('',(#5320,#5321,#5322,#5323));
#2722=AXIS2_PLACEMENT_3D('',#5324,#5325,#5326);
#2723=SURFACE_SIDE_STYLE('',(#5327));
#2724=EDGE_LOOP('',(#5328,#5329,#5330,#5331));
#2725=AXIS2_PLACEMENT_3D('',#5332,#5333,#5334);
#2726=SURFACE_SIDE_STYLE('',(#5335));
#2727=EDGE_LOOP('',(#5336,#5337,#5338,#5339));
#2728=AXIS2_PLACEMENT_3D('',#5340,#5341,#5342);
#2729=SURFACE_SIDE_STYLE('',(#5343));
#2730=EDGE_LOOP('',(#5344,#5345,#5346,#5347));
#2731=AXIS2_PLACEMENT_3D('',#5348,#5349,#5350);
#2732=SURFACE_SIDE_STYLE('',(#5351));
#2733=EDGE_LOOP('',(#5352,#5353,#5354,#5355));
#2734=AXIS2_PLACEMENT_3D('',#5356,#5357,#5358);
#2735=SURFACE_SIDE_STYLE('',(#5359));
#2736=EDGE_LOOP('',(#5360,#5361,#5362,#5363));
#2737=AXIS2_PLACEMENT_3D('',#5364,#5365,#5366);
#2738=SURFACE_SIDE_STYLE('',(#5367));
#2739=EDGE_LOOP('',(#5368,#5369,#5370,#5371));
#2740=AXIS2_PLACEMENT_3D('',#5372,#5373,#5374);
#2741=SURFACE_SIDE_STYLE('',(#5375));
#2742=EDGE_LOOP('',(#5376,#5377,#5378,#5379));
#2743=AXIS2_PLACEMENT_3D('',#5380,#5381,#5382);
#2744=SURFACE_SIDE_STYLE('',(#5383));
#2745=EDGE_LOOP('',(#5384,#5385,#5386,#5387));
#2746=AXIS2_PLACEMENT_3D('',#5388,#5389,#5390);
#2747=SURFACE_SIDE_STYLE('',(#5391));
#2748=EDGE_LOOP('',(#5392,#5393,#5394,#5395));
#2749=AXIS2_PLACEMENT_3D('',#5396,#5397,#5398);
#2750=SURFACE_SIDE_STYLE('',(#5399));
#2751=EDGE_LOOP('',(#5400,#5401,#5402,#5403));
#2752=AXIS2_PLACEMENT_3D('',#5404,#5405,#5406);
#2753=SURFACE_SIDE_STYLE('',(#5407));
#2754=EDGE_LOOP('',(#5408,#5409,#5410,#5411));
#2755=AXIS2_PLACEMENT_3D('',#5412,#5413,#5414);
#2756=SURFACE_SIDE_STYLE('',(#5415));
#2757=EDGE_LOOP('',(#5416,#5417,#5418,#5419));
#2758=AXIS2_PLACEMENT_3D('',#5420,#5421,#5422);
#2759=SURFACE_SIDE_STYLE('',(#5423));
#2760=EDGE_LOOP('',(#5424,#5425,#5426,#5427));
#2761=AXIS2_PLACEMENT_3D('',#5428,#5429,#5430);
#2762=SURFACE_SIDE_STYLE('',(#5431));
#2763=EDGE_LOOP('',(#5432,#5433,#5434,#5435,#5436,#5437,#5438,#5439,#5440,#5441,#5442,#5443,#5444,#5445,#5446,#5447,#5448,#5449,#5450,#5451));
#2764=AXIS2_PLACEMENT_3D('',#5452,#5453,#5454);
#2765=SURFACE_SIDE_STYLE('',(#5455));
#2766=EDGE_LOOP('',(#5456,#5457,#5458,#5459,#5460,#5461,#5462,#5463,#5464,#5465,#5466,#5467,#5468,#5469,#5470,#5471,#5472,#5473,#5474,#5475));
#2767=AXIS2_PLACEMENT_3D('',#5476,#5477,#5478);
#2768=SURFACE_SIDE_STYLE('',(#5479));
#2769=EDGE_LOOP('',(#5480,#5481,#5482,#5483,#5484,#5485,#5486,#5487));
#2770=AXIS2_PLACEMENT_3D('',#5488,#5489,#5490);
#2771=SURFACE_SIDE_STYLE('',(#5491));
#2772=EDGE_LOOP('',(#5492,#5493,#5494,#5495));
#2773=AXIS2_PLACEMENT_3D('',#5496,#5497,#5498);
#2774=SURFACE_SIDE_STYLE('',(#5499));
#2775=EDGE_LOOP('',(#5500,#5501,#5502,#5503));
#2776=AXIS2_PLACEMENT_3D('',#5504,#5505,#5506);
#2777=SURFACE_SIDE_STYLE('',(#5507));
#2778=EDGE_LOOP('',(#5508,#5509,#5510,#5511));
#2779=AXIS2_PLACEMENT_3D('',#5512,#5513,#5514);
#2780=SURFACE_SIDE_STYLE('',(#5515));
#2781=EDGE_LOOP('',(#5516,#5517,#5518,#5519));
#2782=AXIS2_PLACEMENT_3D('',#5520,#5521,#5522);
#2783=SURFACE_SIDE_STYLE('',(#5523));
#2784=EDGE_LOOP('',(#5524,#5525));
#2785=EDGE_LOOP('',(#5526,#5527));
#2786=EDGE_LOOP('',(#5528,#5529));
#2787=EDGE_LOOP('',(#5530,#5531));
#2788=EDGE_LOOP('',(#5532,#5533,#5534,#5535));
#2789=AXIS2_PLACEMENT_3D('',#5536,#5537,#5538);
#2790=SURFACE_SIDE_STYLE('',(#5539));
#2791=EDGE_LOOP('',(#5540,#5541,#5542,#5543));
#2792=AXIS2_PLACEMENT_3D('',#5544,#5545,#5546);
#2793=SURFACE_SIDE_STYLE('',(#5547));
#2794=EDGE_LOOP('',(#5548,#5549,#5550,#5551));
#2795=AXIS2_PLACEMENT_3D('',#5552,#5553,#5554);
#2796=SURFACE_SIDE_STYLE('',(#5555));
#2797=EDGE_LOOP('',(#5556,#5557,#5558,#5559));
#2798=AXIS2_PLACEMENT_3D('',#5560,#5561,#5562);
#2799=SURFACE_SIDE_STYLE('',(#5563));
#2800=EDGE_LOOP('',(#5564,#5565,#5566,#5567,#5568,#5569,#5570,#5571,#5572,#5573,#5574,#5575,#5576,#5577));
#2801=AXIS2_PLACEMENT_3D('',#5578,#5579,#5580);
#2802=SURFACE_SIDE_STYLE('',(#5581));
#2803=EDGE_LOOP('',(#5582,#5583,#5584,#5585));
#2804=AXIS2_PLACEMENT_3D('',#5586,#5587,#5588);
#2805=SURFACE_SIDE_STYLE('',(#5589));
#2806=EDGE_LOOP('',(#5590,#5591,#5592,#5593,#5594,#5595,#5596,#5597,#5598,#5599,#5600,#5601,#5602,#5603,#5604,#5605,#5606,#5607,#5608,#5609));
#2807=AXIS2_PLACEMENT_3D('',#5610,#5611,#5612);
#2808=SURFACE_SIDE_STYLE('',(#5613));
#2809=EDGE_LOOP('',(#5614,#5615,#5616,#5617,#5618,#5619,#5620,#5621,#5622,#5623,#5624,#5625,#5626,#5627,#5628,#5629));
#2810=AXIS2_PLACEMENT_3D('',#5630,#5631,#5632);
#2811=SURFACE_SIDE_STYLE('',(#5633));
#2812=EDGE_LOOP('',(#5634,#5635,#5636,#5637,#5638,#5639,#5640,#5641));
#2813=AXIS2_PLACEMENT_3D('',#5642,#5643,#5644);
#2815=SURFACE_STYLE_FILL_AREA(#5645);
#2816=ORIENTED_EDGE('',*,*,#5646,.F.);
#2817=ORIENTED_EDGE('',*,*,#5647,.T.);
#2818=ORIENTED_EDGE('',*,*,#5648,.F.);
#2819=ORIENTED_EDGE('',*,*,#5649,.F.);
#2820=CARTESIAN_POINT('',(0.0,-15.6,0.0));
#2821=DIRECTION('',(-0.0,1.0,0.0));
#2822=DIRECTION('',(1.0,0.0,0.0));
#2823=SURFACE_STYLE_FILL_AREA(#5650);
#2824=ORIENTED_EDGE('',*,*,#5651,.F.);
#2825=ORIENTED_EDGE('',*,*,#5649,.T.);
#2826=ORIENTED_EDGE('',*,*,#5652,.F.);
#2827=ORIENTED_EDGE('',*,*,#5653,.F.);
#2828=CARTESIAN_POINT('',(0.0,-18.9,0.0));
#2829=DIRECTION('',(0.0,-1.0,-0.0));
#2830=DIRECTION('',(1.0,0.0,0.0));
#2831=SURFACE_STYLE_FILL_AREA(#5654);
#2832=ORIENTED_EDGE('',*,*,#5655,.F.);
#2833=ORIENTED_EDGE('',*,*,#5656,.T.);
#2834=ORIENTED_EDGE('',*,*,#5657,.F.);
#2835=ORIENTED_EDGE('',*,*,#5658,.F.);
#2836=CARTESIAN_POINT('',(3.5,-15.6,0.0));
#2837=DIRECTION('',(-0.0,1.0,0.0));
#2838=DIRECTION('',(1.0,0.0,0.0));
#2839=SURFACE_STYLE_FILL_AREA(#5659);
#2840=ORIENTED_EDGE('',*,*,#5660,.F.);
#2841=ORIENTED_EDGE('',*,*,#5658,.T.);
#2842=ORIENTED_EDGE('',*,*,#5661,.F.);
#2843=ORIENTED_EDGE('',*,*,#5662,.F.);
#2844=CARTESIAN_POINT('',(3.5,-18.9,0.0));
#2845=DIRECTION('',(0.0,-1.0,-0.0));
#2846=DIRECTION('',(1.0,0.0,0.0));
#2847=SURFACE_STYLE_FILL_AREA(#5663);
#2848=ORIENTED_EDGE('',*,*,#5664,.F.);
#2849=ORIENTED_EDGE('',*,*,#5665,.T.);
#2850=ORIENTED_EDGE('',*,*,#5666,.F.);
#2851=ORIENTED_EDGE('',*,*,#5667,.F.);
#2852=CARTESIAN_POINT('',(7.0,-15.6,0.0));
#2853=DIRECTION('',(-0.0,1.0,0.0));
#2854=DIRECTION('',(1.0,0.0,0.0));
#2855=SURFACE_STYLE_FILL_AREA(#5668);
#2856=ORIENTED_EDGE('',*,*,#5669,.F.);
#2857=ORIENTED_EDGE('',*,*,#5667,.T.);
#2858=ORIENTED_EDGE('',*,*,#5670,.F.);
#2859=ORIENTED_EDGE('',*,*,#5671,.F.);
#2860=CARTESIAN_POINT('',(7.0,-18.9,0.0));
#2861=DIRECTION('',(0.0,-1.0,-0.0));
#2862=DIRECTION('',(1.0,0.0,0.0));
#2863=SURFACE_STYLE_FILL_AREA(#5672);
#2864=ORIENTED_EDGE('',*,*,#5673,.F.);
#2865=ORIENTED_EDGE('',*,*,#5674,.T.);
#2866=ORIENTED_EDGE('',*,*,#5675,.F.);
#2867=ORIENTED_EDGE('',*,*,#5676,.F.);
#2868=CARTESIAN_POINT('',(10.5,-15.6,0.0));
#2869=DIRECTION('',(-0.0,1.0,0.0));
#2870=DIRECTION('',(1.0,0.0,0.0));
#2871=SURFACE_STYLE_FILL_AREA(#5677);
#2872=ORIENTED_EDGE('',*,*,#5678,.F.);
#2873=ORIENTED_EDGE('',*,*,#5676,.T.);
#2874=ORIENTED_EDGE('',*,*,#5679,.F.);
#2875=ORIENTED_EDGE('',*,*,#5680,.F.);
#2876=CARTESIAN_POINT('',(10.5,-18.9,0.0));
#2877=DIRECTION('',(0.0,-1.0,-0.0));
#2878=DIRECTION('',(1.0,0.0,0.0));
#2879=SURFACE_STYLE_FILL_AREA(#5681);
#2880=ORIENTED_EDGE('',*,*,#5682,.F.);
#2881=ORIENTED_EDGE('',*,*,#5683,.F.);
#2882=ORIENTED_EDGE('',*,*,#5684,.F.);
#2883=ORIENTED_EDGE('',*,*,#5685,.F.);
#2884=CARTESIAN_POINT('',(0.0,-0.126999999999995,0.0));
#2885=DIRECTION('',(-0.0,1.0,-0.0));
#2886=DIRECTION('',(1.0,0.0,0.0));
#2887=SURFACE_STYLE_FILL_AREA(#5686);
#2888=ORIENTED_EDGE('',*,*,#5687,.F.);
#2889=ORIENTED_EDGE('',*,*,#5685,.T.);
#2890=ORIENTED_EDGE('',*,*,#5688,.F.);
#2891=ORIENTED_EDGE('',*,*,#5689,.F.);
#2892=CARTESIAN_POINT('',(0.0,-1.016,0.0));
#2893=DIRECTION('',(-0.0,1.0,0.0));
#2894=DIRECTION('',(1.0,0.0,0.0));
#2895=SURFACE_STYLE_FILL_AREA(#5690);
#2896=ORIENTED_EDGE('',*,*,#5691,.F.);
#2897=ORIENTED_EDGE('',*,*,#5692,.F.);
#2898=ORIENTED_EDGE('',*,*,#5693,.F.);
#2899=ORIENTED_EDGE('',*,*,#5694,.F.);
#2900=CARTESIAN_POINT('',(3.5,-0.126999999999995,0.0));
#2901=DIRECTION('',(-0.0,1.0,-0.0));
#2902=DIRECTION('',(1.0,0.0,0.0));
#2903=SURFACE_STYLE_FILL_AREA(#5695);
#2904=ORIENTED_EDGE('',*,*,#5696,.F.);
#2905=ORIENTED_EDGE('',*,*,#5694,.T.);
#2906=ORIENTED_EDGE('',*,*,#5697,.F.);
#2907=ORIENTED_EDGE('',*,*,#5698,.F.);
#2908=CARTESIAN_POINT('',(3.5,-1.016,0.0));
#2909=DIRECTION('',(-0.0,1.0,0.0));
#2910=DIRECTION('',(1.0,0.0,0.0));
#2911=SURFACE_STYLE_FILL_AREA(#5699);
#2912=ORIENTED_EDGE('',*,*,#5700,.F.);
#2913=ORIENTED_EDGE('',*,*,#5701,.F.);
#2914=ORIENTED_EDGE('',*,*,#5702,.F.);
#2915=ORIENTED_EDGE('',*,*,#5703,.F.);
#2916=CARTESIAN_POINT('',(7.0,-0.126999999999995,0.0));
#2917=DIRECTION('',(-0.0,1.0,-0.0));
#2918=DIRECTION('',(1.0,0.0,0.0));
#2919=SURFACE_STYLE_FILL_AREA(#5704);
#2920=ORIENTED_EDGE('',*,*,#5705,.F.);
#2921=ORIENTED_EDGE('',*,*,#5703,.T.);
#2922=ORIENTED_EDGE('',*,*,#5706,.F.);
#2923=ORIENTED_EDGE('',*,*,#5707,.F.);
#2924=CARTESIAN_POINT('',(7.0,-1.016,0.0));
#2925=DIRECTION('',(-0.0,1.0,0.0));
#2926=DIRECTION('',(1.0,0.0,0.0));
#2927=SURFACE_STYLE_FILL_AREA(#5708);
#2928=ORIENTED_EDGE('',*,*,#5709,.F.);
#2929=ORIENTED_EDGE('',*,*,#5710,.F.);
#2930=ORIENTED_EDGE('',*,*,#5711,.F.);
#2931=ORIENTED_EDGE('',*,*,#5712,.F.);
#2932=CARTESIAN_POINT('',(10.5,-0.126999999999995,0.0));
#2933=DIRECTION('',(-0.0,1.0,-0.0));
#2934=DIRECTION('',(1.0,0.0,0.0));
#2935=SURFACE_STYLE_FILL_AREA(#5713);
#2936=ORIENTED_EDGE('',*,*,#5714,.F.);
#2937=ORIENTED_EDGE('',*,*,#5712,.T.);
#2938=ORIENTED_EDGE('',*,*,#5715,.F.);
#2939=ORIENTED_EDGE('',*,*,#5716,.F.);
#2940=CARTESIAN_POINT('',(10.5,-1.016,0.0));
#2941=DIRECTION('',(-0.0,1.0,0.0));
#2942=DIRECTION('',(1.0,0.0,0.0));
#2943=SURFACE_STYLE_FILL_AREA(#5717);
#2944=ORIENTED_EDGE('',*,*,#5718,.F.);
#2945=ORIENTED_EDGE('',*,*,#5719,.F.);
#2946=ORIENTED_EDGE('',*,*,#5720,.F.);
#2947=ORIENTED_EDGE('',*,*,#5721,.T.);
#2948=ORIENTED_EDGE('',*,*,#5722,.T.);
#2949=ORIENTED_EDGE('',*,*,#5723,.F.);
#2950=ORIENTED_EDGE('',*,*,#5724,.T.);
#2951=ORIENTED_EDGE('',*,*,#5725,.T.);
#2952=CARTESIAN_POINT('',(0.0,-1.55,0.0));
#2953=DIRECTION('',(-0.0,1.0,0.0));
#2954=DIRECTION('',(1.0,0.0,0.0));
#2955=SURFACE_STYLE_FILL_AREA(#5726);
#2956=ORIENTED_EDGE('',*,*,#5727,.F.);
#2957=ORIENTED_EDGE('',*,*,#5728,.F.);
#2958=ORIENTED_EDGE('',*,*,#5729,.F.);
#2959=ORIENTED_EDGE('',*,*,#5730,.T.);
#2960=ORIENTED_EDGE('',*,*,#5731,.T.);
#2961=ORIENTED_EDGE('',*,*,#5732,.F.);
#2962=ORIENTED_EDGE('',*,*,#5733,.T.);
#2963=ORIENTED_EDGE('',*,*,#5734,.T.);
#2964=CARTESIAN_POINT('',(3.5,-1.55,0.0));
#2965=DIRECTION('',(-0.0,1.0,0.0));
#2966=DIRECTION('',(1.0,0.0,0.0));
#2967=SURFACE_STYLE_FILL_AREA(#5735);
#2968=ORIENTED_EDGE('',*,*,#5736,.F.);
#2969=ORIENTED_EDGE('',*,*,#5737,.F.);
#2970=ORIENTED_EDGE('',*,*,#5738,.F.);
#2971=ORIENTED_EDGE('',*,*,#5739,.T.);
#2972=ORIENTED_EDGE('',*,*,#5740,.T.);
#2973=ORIENTED_EDGE('',*,*,#5741,.F.);
#2974=ORIENTED_EDGE('',*,*,#5742,.T.);
#2975=ORIENTED_EDGE('',*,*,#5743,.T.);
#2976=CARTESIAN_POINT('',(7.0,-1.55,0.0));
#2977=DIRECTION('',(-0.0,1.0,0.0));
#2978=DIRECTION('',(1.0,0.0,0.0));
#2979=SURFACE_STYLE_FILL_AREA(#5744);
#2980=ORIENTED_EDGE('',*,*,#5745,.F.);
#2981=ORIENTED_EDGE('',*,*,#5746,.F.);
#2982=ORIENTED_EDGE('',*,*,#5747,.F.);
#2983=ORIENTED_EDGE('',*,*,#5748,.T.);
#2984=ORIENTED_EDGE('',*,*,#5749,.T.);
#2985=ORIENTED_EDGE('',*,*,#5750,.F.);
#2986=ORIENTED_EDGE('',*,*,#5751,.T.);
#2987=ORIENTED_EDGE('',*,*,#5752,.T.);
#2988=CARTESIAN_POINT('',(10.5,-1.55,0.0));
#2989=DIRECTION('',(-0.0,1.0,0.0));
#2990=DIRECTION('',(1.0,0.0,0.0));
#2991=SURFACE_STYLE_FILL_AREA(#5753);
#2992=ORIENTED_EDGE('',*,*,#5745,.T.);
#2993=ORIENTED_EDGE('',*,*,#5754,.T.);
#2994=ORIENTED_EDGE('',*,*,#5755,.T.);
#2995=ORIENTED_EDGE('',*,*,#5756,.F.);
#2996=ORIENTED_EDGE('',*,*,#5757,.T.);
#2997=ORIENTED_EDGE('',*,*,#5758,.T.);
#2998=ORIENTED_EDGE('',*,*,#5747,.T.);
#2999=ORIENTED_EDGE('',*,*,#5759,.F.);
#3000=CARTESIAN_POINT('',(10.5,-1.55,0.0));
#3001=DIRECTION('',(-0.0,1.0,0.0));
#3002=DIRECTION('',(1.0,0.0,0.0));
#3003=SURFACE_STYLE_FILL_AREA(#5760);
#3004=ORIENTED_EDGE('',*,*,#5749,.F.);
#3005=ORIENTED_EDGE('',*,*,#5761,.F.);
#3006=ORIENTED_EDGE('',*,*,#5751,.F.);
#3007=ORIENTED_EDGE('',*,*,#5762,.F.);
#3008=CARTESIAN_POINT('',(10.5,-1.184,-0.254));
#3009=DIRECTION('',(0.0,0.0,1.0));
#3010=DIRECTION('',(1.0,0.0,0.0));
#3011=SURFACE_STYLE_FILL_AREA(#5763);
#3012=ORIENTED_EDGE('',*,*,#5758,.F.);
#3013=ORIENTED_EDGE('',*,*,#5764,.T.);
#3014=ORIENTED_EDGE('',*,*,#5754,.F.);
#3015=ORIENTED_EDGE('',*,*,#5752,.F.);
#3016=ORIENTED_EDGE('',*,*,#5761,.T.);
#3017=ORIENTED_EDGE('',*,*,#5748,.F.);
#3018=CARTESIAN_POINT('',(10.5,-1.684,-8.88178419700125E-16));
#3019=DIRECTION('',(0.0,1.0,0.0));
#3020=DIRECTION('',(0.0,0.0,1.0));
#3021=SURFACE_STYLE_FILL_AREA(#5765);
#3022=ORIENTED_EDGE('',*,*,#5757,.F.);
#3023=ORIENTED_EDGE('',*,*,#5766,.F.);
#3024=ORIENTED_EDGE('',*,*,#5755,.F.);
#3025=ORIENTED_EDGE('',*,*,#5764,.F.);
#3026=CARTESIAN_POINT('',(10.5,-1.184,0.253999999999999));
#3027=DIRECTION('',(0.0,0.0,1.0));
#3028=DIRECTION('',(1.0,0.0,0.0));
#3029=SURFACE_STYLE_FILL_AREA(#5767);
#3030=ORIENTED_EDGE('',*,*,#5762,.T.);
#3031=ORIENTED_EDGE('',*,*,#5750,.T.);
#3032=CARTESIAN_POINT('',(10.5,-1.1,0.0));
#3033=DIRECTION('',(-0.0,1.0,0.0));
#3034=DIRECTION('',(1.0,0.0,0.0));
#3035=SURFACE_STYLE_FILL_AREA(#5768);
#3036=ORIENTED_EDGE('',*,*,#5766,.T.);
#3037=ORIENTED_EDGE('',*,*,#5756,.T.);
#3038=CARTESIAN_POINT('',(10.5,-1.1,0.0));
#3039=DIRECTION('',(-0.0,1.0,0.0));
#3040=DIRECTION('',(1.0,0.0,0.0));
#3041=SURFACE_STYLE_FILL_AREA(#5769);
#3042=ORIENTED_EDGE('',*,*,#5736,.T.);
#3043=ORIENTED_EDGE('',*,*,#5770,.T.);
#3044=ORIENTED_EDGE('',*,*,#5771,.T.);
#3045=ORIENTED_EDGE('',*,*,#5772,.F.);
#3046=ORIENTED_EDGE('',*,*,#5773,.T.);
#3047=ORIENTED_EDGE('',*,*,#5774,.T.);
#3048=ORIENTED_EDGE('',*,*,#5738,.T.);
#3049=ORIENTED_EDGE('',*,*,#5775,.F.);
#3050=CARTESIAN_POINT('',(7.0,-1.55,0.0));
#3051=DIRECTION('',(-0.0,1.0,0.0));
#3052=DIRECTION('',(1.0,0.0,0.0));
#3053=SURFACE_STYLE_FILL_AREA(#5776);
#3054=ORIENTED_EDGE('',*,*,#5740,.F.);
#3055=ORIENTED_EDGE('',*,*,#5777,.F.);
#3056=ORIENTED_EDGE('',*,*,#5742,.F.);
#3057=ORIENTED_EDGE('',*,*,#5778,.F.);
#3058=CARTESIAN_POINT('',(7.0,-1.184,-0.254));
#3059=DIRECTION('',(0.0,0.0,1.0));
#3060=DIRECTION('',(1.0,0.0,0.0));
#3061=SURFACE_STYLE_FILL_AREA(#5779);
#3062=ORIENTED_EDGE('',*,*,#5774,.F.);
#3063=ORIENTED_EDGE('',*,*,#5780,.T.);
#3064=ORIENTED_EDGE('',*,*,#5770,.F.);
#3065=ORIENTED_EDGE('',*,*,#5743,.F.);
#3066=ORIENTED_EDGE('',*,*,#5777,.T.);
#3067=ORIENTED_EDGE('',*,*,#5739,.F.);
#3068=CARTESIAN_POINT('',(7.0,-1.684,-8.88178419700125E-16));
#3069=DIRECTION('',(0.0,1.0,0.0));
#3070=DIRECTION('',(0.0,0.0,1.0));
#3071=SURFACE_STYLE_FILL_AREA(#5781);
#3072=ORIENTED_EDGE('',*,*,#5773,.F.);
#3073=ORIENTED_EDGE('',*,*,#5782,.F.);
#3074=ORIENTED_EDGE('',*,*,#5771,.F.);
#3075=ORIENTED_EDGE('',*,*,#5780,.F.);
#3076=CARTESIAN_POINT('',(7.0,-1.184,0.253999999999999));
#3077=DIRECTION('',(0.0,0.0,1.0));
#3078=DIRECTION('',(1.0,0.0,0.0));
#3079=SURFACE_STYLE_FILL_AREA(#5783);
#3080=ORIENTED_EDGE('',*,*,#5778,.T.);
#3081=ORIENTED_EDGE('',*,*,#5741,.T.);
#3082=CARTESIAN_POINT('',(7.0,-1.1,0.0));
#3083=DIRECTION('',(-0.0,1.0,0.0));
#3084=DIRECTION('',(1.0,0.0,0.0));
#3085=SURFACE_STYLE_FILL_AREA(#5784);
#3086=ORIENTED_EDGE('',*,*,#5782,.T.);
#3087=ORIENTED_EDGE('',*,*,#5772,.T.);
#3088=CARTESIAN_POINT('',(7.0,-1.1,0.0));
#3089=DIRECTION('',(-0.0,1.0,0.0));
#3090=DIRECTION('',(1.0,0.0,0.0));
#3091=SURFACE_STYLE_FILL_AREA(#5785);
#3092=ORIENTED_EDGE('',*,*,#5727,.T.);
#3093=ORIENTED_EDGE('',*,*,#5786,.T.);
#3094=ORIENTED_EDGE('',*,*,#5787,.T.);
#3095=ORIENTED_EDGE('',*,*,#5788,.F.);
#3096=ORIENTED_EDGE('',*,*,#5789,.T.);
#3097=ORIENTED_EDGE('',*,*,#5790,.T.);
#3098=ORIENTED_EDGE('',*,*,#5729,.T.);
#3099=ORIENTED_EDGE('',*,*,#5791,.F.);
#3100=CARTESIAN_POINT('',(3.5,-1.55,0.0));
#3101=DIRECTION('',(-0.0,1.0,0.0));
#3102=DIRECTION('',(1.0,0.0,0.0));
#3103=SURFACE_STYLE_FILL_AREA(#5792);
#3104=ORIENTED_EDGE('',*,*,#5731,.F.);
#3105=ORIENTED_EDGE('',*,*,#5793,.F.);
#3106=ORIENTED_EDGE('',*,*,#5733,.F.);
#3107=ORIENTED_EDGE('',*,*,#5794,.F.);
#3108=CARTESIAN_POINT('',(3.5,-1.184,-0.254));
#3109=DIRECTION('',(0.0,0.0,1.0));
#3110=DIRECTION('',(1.0,0.0,0.0));
#3111=SURFACE_STYLE_FILL_AREA(#5795);
#3112=ORIENTED_EDGE('',*,*,#5790,.F.);
#3113=ORIENTED_EDGE('',*,*,#5796,.T.);
#3114=ORIENTED_EDGE('',*,*,#5786,.F.);
#3115=ORIENTED_EDGE('',*,*,#5734,.F.);
#3116=ORIENTED_EDGE('',*,*,#5793,.T.);
#3117=ORIENTED_EDGE('',*,*,#5730,.F.);
#3118=CARTESIAN_POINT('',(3.5,-1.684,-8.88178419700125E-16));
#3119=DIRECTION('',(0.0,1.0,0.0));
#3120=DIRECTION('',(0.0,0.0,1.0));
#3121=SURFACE_STYLE_FILL_AREA(#5797);
#3122=ORIENTED_EDGE('',*,*,#5789,.F.);
#3123=ORIENTED_EDGE('',*,*,#5798,.F.);
#3124=ORIENTED_EDGE('',*,*,#5787,.F.);
#3125=ORIENTED_EDGE('',*,*,#5796,.F.);
#3126=CARTESIAN_POINT('',(3.5,-1.184,0.253999999999999));
#3127=DIRECTION('',(0.0,0.0,1.0));
#3128=DIRECTION('',(1.0,0.0,0.0));
#3129=SURFACE_STYLE_FILL_AREA(#5799);
#3130=ORIENTED_EDGE('',*,*,#5794,.T.);
#3131=ORIENTED_EDGE('',*,*,#5732,.T.);
#3132=CARTESIAN_POINT('',(3.5,-1.1,0.0));
#3133=DIRECTION('',(-0.0,1.0,0.0));
#3134=DIRECTION('',(1.0,0.0,0.0));
#3135=SURFACE_STYLE_FILL_AREA(#5800);
#3136=ORIENTED_EDGE('',*,*,#5798,.T.);
#3137=ORIENTED_EDGE('',*,*,#5788,.T.);
#3138=CARTESIAN_POINT('',(3.5,-1.1,0.0));
#3139=DIRECTION('',(-0.0,1.0,0.0));
#3140=DIRECTION('',(1.0,0.0,0.0));
#3141=SURFACE_STYLE_FILL_AREA(#5801);
#3142=ORIENTED_EDGE('',*,*,#5718,.T.);
#3143=ORIENTED_EDGE('',*,*,#5802,.T.);
#3144=ORIENTED_EDGE('',*,*,#5803,.T.);
#3145=ORIENTED_EDGE('',*,*,#5804,.F.);
#3146=ORIENTED_EDGE('',*,*,#5805,.T.);
#3147=ORIENTED_EDGE('',*,*,#5806,.T.);
#3148=ORIENTED_EDGE('',*,*,#5720,.T.);
#3149=ORIENTED_EDGE('',*,*,#5807,.F.);
#3150=CARTESIAN_POINT('',(0.0,-1.55,0.0));
#3151=DIRECTION('',(-0.0,1.0,0.0));
#3152=DIRECTION('',(1.0,0.0,0.0));
#3153=SURFACE_STYLE_FILL_AREA(#5808);
#3154=ORIENTED_EDGE('',*,*,#5722,.F.);
#3155=ORIENTED_EDGE('',*,*,#5809,.F.);
#3156=ORIENTED_EDGE('',*,*,#5724,.F.);
#3157=ORIENTED_EDGE('',*,*,#5810,.F.);
#3158=CARTESIAN_POINT('',(0.0,-1.184,-0.254));
#3159=DIRECTION('',(0.0,0.0,1.0));
#3160=DIRECTION('',(1.0,0.0,0.0));
#3161=SURFACE_STYLE_FILL_AREA(#5811);
#3162=ORIENTED_EDGE('',*,*,#5806,.F.);
#3163=ORIENTED_EDGE('',*,*,#5812,.T.);
#3164=ORIENTED_EDGE('',*,*,#5802,.F.);
#3165=ORIENTED_EDGE('',*,*,#5725,.F.);
#3166=ORIENTED_EDGE('',*,*,#5809,.T.);
#3167=ORIENTED_EDGE('',*,*,#5721,.F.);
#3168=CARTESIAN_POINT('',(0.0,-1.684,-8.88178419700125E-16));
#3169=DIRECTION('',(0.0,1.0,0.0));
#3170=DIRECTION('',(0.0,0.0,1.0));
#3171=SURFACE_STYLE_FILL_AREA(#5813);
#3172=ORIENTED_EDGE('',*,*,#5805,.F.);
#3173=ORIENTED_EDGE('',*,*,#5814,.F.);
#3174=ORIENTED_EDGE('',*,*,#5803,.F.);
#3175=ORIENTED_EDGE('',*,*,#5812,.F.);
#3176=CARTESIAN_POINT('',(0.0,-1.184,0.253999999999999));
#3177=DIRECTION('',(0.0,0.0,1.0));
#3178=DIRECTION('',(1.0,0.0,0.0));
#3179=SURFACE_STYLE_FILL_AREA(#5815);
#3180=ORIENTED_EDGE('',*,*,#5810,.T.);
#3181=ORIENTED_EDGE('',*,*,#5723,.T.);
#3182=CARTESIAN_POINT('',(0.0,-1.1,0.0));
#3183=DIRECTION('',(-0.0,1.0,0.0));
#3184=DIRECTION('',(1.0,0.0,0.0));
#3185=SURFACE_STYLE_FILL_AREA(#5816);
#3186=ORIENTED_EDGE('',*,*,#5814,.T.);
#3187=ORIENTED_EDGE('',*,*,#5804,.T.);
#3188=CARTESIAN_POINT('',(0.0,-1.1,0.0));
#3189=DIRECTION('',(-0.0,1.0,0.0));
#3190=DIRECTION('',(1.0,0.0,0.0));
#3191=SURFACE_STYLE_FILL_AREA(#5817);
#3192=ORIENTED_EDGE('',*,*,#5714,.T.);
#3193=ORIENTED_EDGE('',*,*,#5818,.F.);
#3194=ORIENTED_EDGE('',*,*,#5715,.T.);
#3195=ORIENTED_EDGE('',*,*,#5819,.T.);
#3196=CARTESIAN_POINT('',(10.5,-1.016,0.0));
#3197=DIRECTION('',(-0.0,1.0,0.0));
#3198=DIRECTION('',(1.0,0.0,0.0));
#3199=SURFACE_STYLE_FILL_AREA(#5820);
#3200=ORIENTED_EDGE('',*,*,#5709,.T.);
#3201=ORIENTED_EDGE('',*,*,#5819,.F.);
#3202=ORIENTED_EDGE('',*,*,#5711,.T.);
#3203=ORIENTED_EDGE('',*,*,#5821,.F.);
#3204=CARTESIAN_POINT('',(10.5,-0.126999999999995,0.0));
#3205=DIRECTION('',(-0.0,1.0,-0.0));
#3206=DIRECTION('',(1.0,0.0,0.0));
#3207=SURFACE_STYLE_FILL_AREA(#5822);
#3208=ORIENTED_EDGE('',*,*,#5746,.T.);
#3209=ORIENTED_EDGE('',*,*,#5759,.T.);
#3210=ORIENTED_EDGE('',*,*,#5716,.T.);
#3211=ORIENTED_EDGE('',*,*,#5818,.T.);
#3212=CARTESIAN_POINT('',(11.1985,-1.77800000000001,0.0));
#3213=DIRECTION('',(-0.0,-1.0,-0.0));
#3214=DIRECTION('',(-1.0,0.0,0.0));
#3215=SURFACE_STYLE_FILL_AREA(#5823);
#3216=ORIENTED_EDGE('',*,*,#5705,.T.);
#3217=ORIENTED_EDGE('',*,*,#5824,.F.);
#3218=ORIENTED_EDGE('',*,*,#5706,.T.);
#3219=ORIENTED_EDGE('',*,*,#5825,.T.);
#3220=CARTESIAN_POINT('',(7.0,-1.016,0.0));
#3221=DIRECTION('',(-0.0,1.0,0.0));
#3222=DIRECTION('',(1.0,0.0,0.0));
#3223=SURFACE_STYLE_FILL_AREA(#5826);
#3224=ORIENTED_EDGE('',*,*,#5700,.T.);
#3225=ORIENTED_EDGE('',*,*,#5825,.F.);
#3226=ORIENTED_EDGE('',*,*,#5702,.T.);
#3227=ORIENTED_EDGE('',*,*,#5827,.F.);
#3228=CARTESIAN_POINT('',(7.0,-0.126999999999995,0.0));
#3229=DIRECTION('',(-0.0,1.0,-0.0));
#3230=DIRECTION('',(1.0,0.0,0.0));
#3231=SURFACE_STYLE_FILL_AREA(#5828);
#3232=ORIENTED_EDGE('',*,*,#5737,.T.);
#3233=ORIENTED_EDGE('',*,*,#5775,.T.);
#3234=ORIENTED_EDGE('',*,*,#5707,.T.);
#3235=ORIENTED_EDGE('',*,*,#5824,.T.);
#3236=CARTESIAN_POINT('',(7.6985,-1.77800000000001,0.0));
#3237=DIRECTION('',(-0.0,-1.0,-0.0));
#3238=DIRECTION('',(-1.0,0.0,0.0));
#3239=SURFACE_STYLE_FILL_AREA(#5829);
#3240=ORIENTED_EDGE('',*,*,#5696,.T.);
#3241=ORIENTED_EDGE('',*,*,#5830,.F.);
#3242=ORIENTED_EDGE('',*,*,#5697,.T.);
#3243=ORIENTED_EDGE('',*,*,#5831,.T.);
#3244=CARTESIAN_POINT('',(3.5,-1.016,0.0));
#3245=DIRECTION('',(-0.0,1.0,0.0));
#3246=DIRECTION('',(1.0,0.0,0.0));
#3247=SURFACE_STYLE_FILL_AREA(#5832);
#3248=ORIENTED_EDGE('',*,*,#5691,.T.);
#3249=ORIENTED_EDGE('',*,*,#5831,.F.);
#3250=ORIENTED_EDGE('',*,*,#5693,.T.);
#3251=ORIENTED_EDGE('',*,*,#5833,.F.);
#3252=CARTESIAN_POINT('',(3.5,-0.126999999999995,0.0));
#3253=DIRECTION('',(-0.0,1.0,-0.0));
#3254=DIRECTION('',(1.0,0.0,0.0));
#3255=SURFACE_STYLE_FILL_AREA(#5834);
#3256=ORIENTED_EDGE('',*,*,#5728,.T.);
#3257=ORIENTED_EDGE('',*,*,#5791,.T.);
#3258=ORIENTED_EDGE('',*,*,#5698,.T.);
#3259=ORIENTED_EDGE('',*,*,#5830,.T.);
#3260=CARTESIAN_POINT('',(4.1985,-1.77800000000001,0.0));
#3261=DIRECTION('',(-0.0,-1.0,-0.0));
#3262=DIRECTION('',(-1.0,0.0,0.0));
#3263=SURFACE_STYLE_FILL_AREA(#5835);
#3264=ORIENTED_EDGE('',*,*,#5687,.T.);
#3265=ORIENTED_EDGE('',*,*,#5836,.F.);
#3266=ORIENTED_EDGE('',*,*,#5688,.T.);
#3267=ORIENTED_EDGE('',*,*,#5837,.T.);
#3268=CARTESIAN_POINT('',(0.0,-1.016,0.0));
#3269=DIRECTION('',(-0.0,1.0,0.0));
#3270=DIRECTION('',(1.0,0.0,0.0));
#3271=SURFACE_STYLE_FILL_AREA(#5838);
#3272=ORIENTED_EDGE('',*,*,#5682,.T.);
#3273=ORIENTED_EDGE('',*,*,#5837,.F.);
#3274=ORIENTED_EDGE('',*,*,#5684,.T.);
#3275=ORIENTED_EDGE('',*,*,#5839,.F.);
#3276=CARTESIAN_POINT('',(0.0,-0.126999999999995,0.0));
#3277=DIRECTION('',(-0.0,1.0,-0.0));
#3278=DIRECTION('',(1.0,0.0,0.0));
#3279=SURFACE_STYLE_FILL_AREA(#5840);
#3280=ORIENTED_EDGE('',*,*,#5719,.T.);
#3281=ORIENTED_EDGE('',*,*,#5807,.T.);
#3282=ORIENTED_EDGE('',*,*,#5689,.T.);
#3283=ORIENTED_EDGE('',*,*,#5836,.T.);
#3284=CARTESIAN_POINT('',(0.698499999999997,-1.77800000000001,0.0));
#3285=DIRECTION('',(-0.0,-1.0,-0.0));
#3286=DIRECTION('',(-1.0,0.0,0.0));
#3287=SURFACE_STYLE_FILL_AREA(#5841);
#3288=ORIENTED_EDGE('',*,*,#5678,.T.);
#3289=ORIENTED_EDGE('',*,*,#5842,.F.);
#3290=ORIENTED_EDGE('',*,*,#5679,.T.);
#3291=ORIENTED_EDGE('',*,*,#5843,.T.);
#3292=CARTESIAN_POINT('',(10.5,-18.9,0.0));
#3293=DIRECTION('',(0.0,-1.0,-0.0));
#3294=DIRECTION('',(1.0,0.0,0.0));
#3295=SURFACE_STYLE_FILL_AREA(#5844);
#3296=ORIENTED_EDGE('',*,*,#5673,.T.);
#3297=ORIENTED_EDGE('',*,*,#5843,.F.);
#3298=ORIENTED_EDGE('',*,*,#5675,.T.);
#3299=ORIENTED_EDGE('',*,*,#5845,.T.);
#3300=CARTESIAN_POINT('',(10.5,-15.6,0.0));
#3301=DIRECTION('',(-0.0,1.0,0.0));
#3302=DIRECTION('',(1.0,0.0,0.0));
#3303=SURFACE_STYLE_FILL_AREA(#5846);
#3304=ORIENTED_EDGE('',*,*,#5674,.F.);
#3305=ORIENTED_EDGE('',*,*,#5845,.F.);
#3306=CARTESIAN_POINT('',(10.8,-12.5,0.0));
#3307=DIRECTION('',(-0.0,1.0,0.0));
#3308=DIRECTION('',(1.0,0.0,0.0));
#3309=SURFACE_STYLE_FILL_AREA(#5847);
#3310=ORIENTED_EDGE('',*,*,#5669,.T.);
#3311=ORIENTED_EDGE('',*,*,#5848,.F.);
#3312=ORIENTED_EDGE('',*,*,#5670,.T.);
#3313=ORIENTED_EDGE('',*,*,#5849,.T.);
#3314=CARTESIAN_POINT('',(7.0,-18.9,0.0));
#3315=DIRECTION('',(0.0,-1.0,-0.0));
#3316=DIRECTION('',(1.0,0.0,0.0));
#3317=SURFACE_STYLE_FILL_AREA(#5850);
#3318=ORIENTED_EDGE('',*,*,#5664,.T.);
#3319=ORIENTED_EDGE('',*,*,#5849,.F.);
#3320=ORIENTED_EDGE('',*,*,#5666,.T.);
#3321=ORIENTED_EDGE('',*,*,#5851,.T.);
#3322=CARTESIAN_POINT('',(7.0,-15.6,0.0));
#3323=DIRECTION('',(-0.0,1.0,0.0));
#3324=DIRECTION('',(1.0,0.0,0.0));
#3325=SURFACE_STYLE_FILL_AREA(#5852);
#3326=ORIENTED_EDGE('',*,*,#5665,.F.);
#3327=ORIENTED_EDGE('',*,*,#5851,.F.);
#3328=CARTESIAN_POINT('',(7.3,-12.5,0.0));
#3329=DIRECTION('',(-0.0,1.0,0.0));
#3330=DIRECTION('',(1.0,0.0,0.0));
#3331=SURFACE_STYLE_FILL_AREA(#5853);
#3332=ORIENTED_EDGE('',*,*,#5660,.T.);
#3333=ORIENTED_EDGE('',*,*,#5854,.F.);
#3334=ORIENTED_EDGE('',*,*,#5661,.T.);
#3335=ORIENTED_EDGE('',*,*,#5855,.T.);
#3336=CARTESIAN_POINT('',(3.5,-18.9,0.0));
#3337=DIRECTION('',(0.0,-1.0,-0.0));
#3338=DIRECTION('',(1.0,0.0,0.0));
#3339=SURFACE_STYLE_FILL_AREA(#5856);
#3340=ORIENTED_EDGE('',*,*,#5655,.T.);
#3341=ORIENTED_EDGE('',*,*,#5855,.F.);
#3342=ORIENTED_EDGE('',*,*,#5657,.T.);
#3343=ORIENTED_EDGE('',*,*,#5857,.T.);
#3344=CARTESIAN_POINT('',(3.5,-15.6,0.0));
#3345=DIRECTION('',(-0.0,1.0,0.0));
#3346=DIRECTION('',(1.0,0.0,0.0));
#3347=SURFACE_STYLE_FILL_AREA(#5858);
#3348=ORIENTED_EDGE('',*,*,#5656,.F.);
#3349=ORIENTED_EDGE('',*,*,#5857,.F.);
#3350=CARTESIAN_POINT('',(3.8,-12.5,0.0));
#3351=DIRECTION('',(-0.0,1.0,0.0));
#3352=DIRECTION('',(1.0,0.0,0.0));
#3353=SURFACE_STYLE_FILL_AREA(#5859);
#3354=ORIENTED_EDGE('',*,*,#5651,.T.);
#3355=ORIENTED_EDGE('',*,*,#5860,.F.);
#3356=ORIENTED_EDGE('',*,*,#5652,.T.);
#3357=ORIENTED_EDGE('',*,*,#5861,.T.);
#3358=CARTESIAN_POINT('',(0.0,-18.9,0.0));
#3359=DIRECTION('',(0.0,-1.0,-0.0));
#3360=DIRECTION('',(1.0,0.0,0.0));
#3361=SURFACE_STYLE_FILL_AREA(#5862);
#3362=ORIENTED_EDGE('',*,*,#5646,.T.);
#3363=ORIENTED_EDGE('',*,*,#5861,.F.);
#3364=ORIENTED_EDGE('',*,*,#5648,.T.);
#3365=ORIENTED_EDGE('',*,*,#5863,.T.);
#3366=CARTESIAN_POINT('',(0.0,-15.6,0.0));
#3367=DIRECTION('',(-0.0,1.0,0.0));
#3368=DIRECTION('',(1.0,0.0,0.0));
#3369=SURFACE_STYLE_FILL_AREA(#5864);
#3370=ORIENTED_EDGE('',*,*,#5647,.F.);
#3371=ORIENTED_EDGE('',*,*,#5863,.F.);
#3372=CARTESIAN_POINT('',(0.3,-12.5,0.0));
#3373=DIRECTION('',(-0.0,1.0,0.0));
#3374=DIRECTION('',(1.0,0.0,0.0));
#3375=SURFACE_STYLE_FILL_AREA(#5865);
#3376=ORIENTED_EDGE('',*,*,#5866,.F.);
#3377=ORIENTED_EDGE('',*,*,#5867,.T.);
#3378=ORIENTED_EDGE('',*,*,#5868,.T.);
#3379=ORIENTED_EDGE('',*,*,#5869,.F.);
#3380=CARTESIAN_POINT('',(9.05,-12.3,-2.30926389122033E-14));
#3381=DIRECTION('',(-1.0,-6.63234669974091E-33,-1.4150238487891E-17));
#3382=DIRECTION('',(1.4150238487891E-17,6.12323399573676E-17,-1.0));
#3383=SURFACE_STYLE_FILL_AREA(#5870);
#3384=ORIENTED_EDGE('',*,*,#5871,.F.);
#3385=ORIENTED_EDGE('',*,*,#5872,.T.);
#3386=ORIENTED_EDGE('',*,*,#5873,.T.);
#3387=ORIENTED_EDGE('',*,*,#5867,.F.);
#3388=ORIENTED_EDGE('',*,*,#5874,.T.);
#3389=ORIENTED_EDGE('',*,*,#5875,.T.);
#3390=ORIENTED_EDGE('',*,*,#5876,.T.);
#3391=ORIENTED_EDGE('',*,*,#5877,.T.);
#3392=CARTESIAN_POINT('',(10.5,-12.3,-2.05));
#3393=DIRECTION('',(1.94173751768485E-14,6.12323399573676E-17,-1.0));
#3394=DIRECTION('',(1.0,-1.18147251899523E-30,1.94173751768485E-14));
#3395=SURFACE_STYLE_FILL_AREA(#5878);
#3396=ORIENTED_EDGE('',*,*,#5879,.F.);
#3397=ORIENTED_EDGE('',*,*,#5880,.T.);
#3398=ORIENTED_EDGE('',*,*,#5881,.T.);
#3399=ORIENTED_EDGE('',*,*,#5872,.F.);
#3400=CARTESIAN_POINT('',(11.95,-12.3,4.44089209850063E-15));
#3401=DIRECTION('',(1.0,3.3161733498705E-33,6.83074592013124E-17));
#3402=DIRECTION('',(-6.83074592013124E-17,-6.12323399573676E-17,1.0));
#3403=SURFACE_STYLE_FILL_AREA(#5882);
#3404=ORIENTED_EDGE('',*,*,#5875,.F.);
#3405=ORIENTED_EDGE('',*,*,#5883,.T.);
#3406=ORIENTED_EDGE('',*,*,#5884,.T.);
#3407=ORIENTED_EDGE('',*,*,#5885,.T.);
#3408=ORIENTED_EDGE('',*,*,#5886,.F.);
#3409=ORIENTED_EDGE('',*,*,#5887,.T.);
#3410=ORIENTED_EDGE('',*,*,#5888,.T.);
#3411=ORIENTED_EDGE('',*,*,#5889,.T.);
#3412=CARTESIAN_POINT('',(10.4999818905,-16.8,-2.64757509861275));
#3413=DIRECTION('',(7.49879891330929E-33,-1.0,-6.12323399573676E-17));
#3414=DIRECTION('',(-1.0,0.0,-1.22464679914735E-16));
#3415=SURFACE_STYLE_FILL_AREA(#5890);
#3416=ORIENTED_EDGE('',*,*,#5874,.F.);
#3417=ORIENTED_EDGE('',*,*,#5891,.T.);
#3418=ORIENTED_EDGE('',*,*,#5892,.F.);
#3419=ORIENTED_EDGE('',*,*,#5883,.F.);
#3420=CARTESIAN_POINT('',(10.7499430555555,-16.8,-2.11063148148148));
#3421=DIRECTION('',(1.0,0.0,1.22464679914735E-16));
#3422=DIRECTION('',(-1.22464679914735E-16,-6.12323399573676E-17,1.0));
#3423=SURFACE_STYLE_FILL_AREA(#5893);
#3424=ORIENTED_EDGE('',*,*,#5894,.T.);
#3425=ORIENTED_EDGE('',*,*,#5895,.F.);
#3426=ORIENTED_EDGE('',*,*,#5884,.F.);
#3427=ORIENTED_EDGE('',*,*,#5892,.T.);
#3428=CARTESIAN_POINT('',(10.8249671296296,-16.8,-2.46063333333334));
#3429=DIRECTION('',(0.765903356636042,-3.93696827680582E-17,0.64295571254453));
#3430=DIRECTION('',(-0.64295571254453,-4.68980547080271E-17,0.765903356636042));
#3431=SURFACE_STYLE_FILL_AREA(#5896);
#3432=ORIENTED_EDGE('',*,*,#5897,.T.);
#3433=ORIENTED_EDGE('',*,*,#5898,.F.);
#3434=ORIENTED_EDGE('',*,*,#5885,.F.);
#3435=ORIENTED_EDGE('',*,*,#5895,.T.);
#3436=CARTESIAN_POINT('',(10.8999912037037,-16.8,-2.95000185185185));
#3437=DIRECTION('',(1.0,0.0,1.22464679914735E-16));
#3438=DIRECTION('',(-1.22464679914735E-16,-6.12323399573676E-17,1.0));
#3439=SURFACE_STYLE_FILL_AREA(#5899);
#3440=ORIENTED_EDGE('',*,*,#5900,.T.);
#3441=ORIENTED_EDGE('',*,*,#5901,.F.);
#3442=ORIENTED_EDGE('',*,*,#5886,.T.);
#3443=ORIENTED_EDGE('',*,*,#5898,.T.);
#3444=CARTESIAN_POINT('',(10.5,-16.8,-3.35));
#3445=DIRECTION('',(1.22464679914735E-16,6.12323399573676E-17,-1.0));
#3446=DIRECTION('',(1.0,0.0,1.22464679914735E-16));
#3447=SURFACE_STYLE_FILL_AREA(#5902);
#3448=ORIENTED_EDGE('',*,*,#5903,.T.);
#3449=ORIENTED_EDGE('',*,*,#5904,.F.);
#3450=ORIENTED_EDGE('',*,*,#5887,.F.);
#3451=ORIENTED_EDGE('',*,*,#5901,.T.);
#3452=CARTESIAN_POINT('',(10.1000087962963,-16.8,-2.95000185185185));
#3453=DIRECTION('',(-1.0,0.0,-1.22464679914735E-16));
#3454=DIRECTION('',(1.22464679914735E-16,6.12323399573676E-17,-1.0));
#3455=SURFACE_STYLE_FILL_AREA(#5905);
#3456=ORIENTED_EDGE('',*,*,#5906,.T.);
#3457=ORIENTED_EDGE('',*,*,#5907,.F.);
#3458=ORIENTED_EDGE('',*,*,#5888,.F.);
#3459=ORIENTED_EDGE('',*,*,#5904,.T.);
#3460=CARTESIAN_POINT('',(10.1749740740741,-16.8,-2.46063333333334));
#3461=DIRECTION('',(-0.766151513468188,-3.93515747780937E-17,0.642659986626214));
#3462=DIRECTION('',(-0.642659986626214,4.69132499315358E-17,-0.766151513468188));
#3463=SURFACE_STYLE_FILL_AREA(#5908);
#3464=ORIENTED_EDGE('',*,*,#5876,.F.);
#3465=ORIENTED_EDGE('',*,*,#5889,.F.);
#3466=ORIENTED_EDGE('',*,*,#5907,.T.);
#3467=ORIENTED_EDGE('',*,*,#5909,.T.);
#3468=CARTESIAN_POINT('',(10.2499393518518,-16.8,-2.11063148148148));
#3469=DIRECTION('',(-1.0,0.0,-1.22464679914735E-16));
#3470=DIRECTION('',(1.22464679914735E-16,6.12323399573676E-17,-1.0));
#3471=SURFACE_STYLE_FILL_AREA(#5910);
#3472=ORIENTED_EDGE('',*,*,#5877,.F.);
#3473=ORIENTED_EDGE('',*,*,#5909,.F.);
#3474=ORIENTED_EDGE('',*,*,#5906,.F.);
#3475=ORIENTED_EDGE('',*,*,#5903,.F.);
#3476=ORIENTED_EDGE('',*,*,#5900,.F.);
#3477=ORIENTED_EDGE('',*,*,#5897,.F.);
#3478=ORIENTED_EDGE('',*,*,#5894,.F.);
#3479=ORIENTED_EDGE('',*,*,#5891,.F.);
#3480=CARTESIAN_POINT('',(10.4999818905,-18.8,-2.64757509861275));
#3481=DIRECTION('',(7.49879891330929E-33,-1.0,-6.12323399573676E-17));
#3482=DIRECTION('',(-1.0,0.0,-1.22464679914735E-16));
#3483=SURFACE_STYLE_FILL_AREA(#5911);
#3484=ORIENTED_EDGE('',*,*,#5912,.F.);
#3485=ORIENTED_EDGE('',*,*,#5869,.T.);
#3486=ORIENTED_EDGE('',*,*,#5913,.T.);
#3487=ORIENTED_EDGE('',*,*,#5914,.F.);
#3488=CARTESIAN_POINT('',(9.30510000000004,-12.3,2.04999999999998));
#3489=DIRECTION('',(-1.22464679914735E-16,-6.12323399573676E-17,1.0));
#3490=DIRECTION('',(-1.0,0.0,-1.22464679914735E-16));
#3491=SURFACE_STYLE_FILL_AREA(#5915);
#3492=ORIENTED_EDGE('',*,*,#5916,.F.);
#3493=ORIENTED_EDGE('',*,*,#5914,.T.);
#3494=ORIENTED_EDGE('',*,*,#5917,.T.);
#3495=ORIENTED_EDGE('',*,*,#5918,.F.);
#3496=CARTESIAN_POINT('',(10.5,-12.3,3.66163000000002));
#3497=DIRECTION('',(7.49879891330929E-33,-1.0,-6.12323399573676E-17));
#3498=DIRECTION('',(-1.0,-1.46701707366113E-48,-1.22464679914735E-16));
#3499=SURFACE_STYLE_FILL_AREA(#5919);
#3500=ORIENTED_EDGE('',*,*,#5920,.F.);
#3501=ORIENTED_EDGE('',*,*,#5918,.T.);
#3502=ORIENTED_EDGE('',*,*,#5921,.T.);
#3503=ORIENTED_EDGE('',*,*,#5880,.F.);
#3504=CARTESIAN_POINT('',(11.6949,-12.3,2.04999999999998));
#3505=DIRECTION('',(-1.22464679914735E-16,-6.12323399573676E-17,1.0));
#3506=DIRECTION('',(-1.0,0.0,-1.22464679914735E-16));
#3507=SURFACE_STYLE_FILL_AREA(#5922);
#3508=ORIENTED_EDGE('',*,*,#5680,.T.);
#3509=ORIENTED_EDGE('',*,*,#5842,.T.);
#3510=ORIENTED_EDGE('',*,*,#5881,.F.);
#3511=ORIENTED_EDGE('',*,*,#5921,.F.);
#3512=ORIENTED_EDGE('',*,*,#5917,.F.);
#3513=ORIENTED_EDGE('',*,*,#5913,.F.);
#3514=ORIENTED_EDGE('',*,*,#5868,.F.);
#3515=ORIENTED_EDGE('',*,*,#5873,.F.);
#3516=CARTESIAN_POINT('',(10.5,-19.1,-0.00808144222009677));
#3517=DIRECTION('',(7.49879891330929E-33,-1.0,-6.12323399573676E-17));
#3518=DIRECTION('',(-1.0,0.0,-1.22464679914735E-16));
#3519=SURFACE_STYLE_FILL_AREA(#5923);
#3520=ORIENTED_EDGE('',*,*,#5924,.F.);
#3521=ORIENTED_EDGE('',*,*,#5925,.T.);
#3522=ORIENTED_EDGE('',*,*,#5926,.T.);
#3523=ORIENTED_EDGE('',*,*,#5927,.F.);
#3524=CARTESIAN_POINT('',(5.55,-12.3,-2.30926389122033E-14));
#3525=DIRECTION('',(-1.0,-6.63234669974091E-33,-1.4150238487891E-17));
#3526=DIRECTION('',(1.4150238487891E-17,6.12323399573676E-17,-1.0));
#3527=SURFACE_STYLE_FILL_AREA(#5928);
#3528=ORIENTED_EDGE('',*,*,#5929,.F.);
#3529=ORIENTED_EDGE('',*,*,#5930,.T.);
#3530=ORIENTED_EDGE('',*,*,#5931,.T.);
#3531=ORIENTED_EDGE('',*,*,#5925,.F.);
#3532=ORIENTED_EDGE('',*,*,#5932,.T.);
#3533=ORIENTED_EDGE('',*,*,#5933,.T.);
#3534=ORIENTED_EDGE('',*,*,#5934,.T.);
#3535=ORIENTED_EDGE('',*,*,#5935,.T.);
#3536=CARTESIAN_POINT('',(7.0,-12.3,-2.05));
#3537=DIRECTION('',(1.94173751768485E-14,6.12323399573676E-17,-1.0));
#3538=DIRECTION('',(1.0,-1.18147251899523E-30,1.94173751768485E-14));
#3539=SURFACE_STYLE_FILL_AREA(#5936);
#3540=ORIENTED_EDGE('',*,*,#5937,.F.);
#3541=ORIENTED_EDGE('',*,*,#5938,.T.);
#3542=ORIENTED_EDGE('',*,*,#5939,.T.);
#3543=ORIENTED_EDGE('',*,*,#5930,.F.);
#3544=CARTESIAN_POINT('',(8.45,-12.3,4.44089209850063E-15));
#3545=DIRECTION('',(1.0,3.3161733498705E-33,6.83074592013124E-17));
#3546=DIRECTION('',(-6.83074592013124E-17,-6.12323399573676E-17,1.0));
#3547=SURFACE_STYLE_FILL_AREA(#5940);
#3548=ORIENTED_EDGE('',*,*,#5933,.F.);
#3549=ORIENTED_EDGE('',*,*,#5941,.T.);
#3550=ORIENTED_EDGE('',*,*,#5942,.T.);
#3551=ORIENTED_EDGE('',*,*,#5943,.T.);
#3552=ORIENTED_EDGE('',*,*,#5944,.F.);
#3553=ORIENTED_EDGE('',*,*,#5945,.T.);
#3554=ORIENTED_EDGE('',*,*,#5946,.T.);
#3555=ORIENTED_EDGE('',*,*,#5947,.T.);
#3556=CARTESIAN_POINT('',(6.99998189049995,-16.8,-2.64757509861275));
#3557=DIRECTION('',(7.49879891330929E-33,-1.0,-6.12323399573676E-17));
#3558=DIRECTION('',(-1.0,0.0,-1.22464679914735E-16));
#3559=SURFACE_STYLE_FILL_AREA(#5948);
#3560=ORIENTED_EDGE('',*,*,#5932,.F.);
#3561=ORIENTED_EDGE('',*,*,#5949,.T.);
#3562=ORIENTED_EDGE('',*,*,#5950,.F.);
#3563=ORIENTED_EDGE('',*,*,#5941,.F.);
#3564=CARTESIAN_POINT('',(7.24994305555555,-16.8,-2.11063148148148));
#3565=DIRECTION('',(1.0,0.0,1.22464679914735E-16));
#3566=DIRECTION('',(-1.22464679914735E-16,-6.12323399573676E-17,1.0));
#3567=SURFACE_STYLE_FILL_AREA(#5951);
#3568=ORIENTED_EDGE('',*,*,#5952,.T.);
#3569=ORIENTED_EDGE('',*,*,#5953,.F.);
#3570=ORIENTED_EDGE('',*,*,#5942,.F.);
#3571=ORIENTED_EDGE('',*,*,#5950,.T.);
#3572=CARTESIAN_POINT('',(7.32496712962962,-16.8,-2.46063333333334));
#3573=DIRECTION('',(0.765903356636042,-3.93696827680582E-17,0.64295571254453));
#3574=DIRECTION('',(-0.64295571254453,-4.68980547080271E-17,0.765903356636042));
#3575=SURFACE_STYLE_FILL_AREA(#5954);
#3576=ORIENTED_EDGE('',*,*,#5955,.T.);
#3577=ORIENTED_EDGE('',*,*,#5956,.F.);
#3578=ORIENTED_EDGE('',*,*,#5943,.F.);
#3579=ORIENTED_EDGE('',*,*,#5953,.T.);
#3580=CARTESIAN_POINT('',(7.39999120370371,-16.8,-2.95000185185185));
#3581=DIRECTION('',(1.0,0.0,1.22464679914735E-16));
#3582=DIRECTION('',(-1.22464679914735E-16,-6.12323399573676E-17,1.0));
#3583=SURFACE_STYLE_FILL_AREA(#5957);
#3584=ORIENTED_EDGE('',*,*,#5958,.T.);
#3585=ORIENTED_EDGE('',*,*,#5959,.F.);
#3586=ORIENTED_EDGE('',*,*,#5944,.T.);
#3587=ORIENTED_EDGE('',*,*,#5956,.T.);
#3588=CARTESIAN_POINT('',(7.0,-16.8,-3.35));
#3589=DIRECTION('',(1.22464679914735E-16,6.12323399573676E-17,-1.0));
#3590=DIRECTION('',(1.0,0.0,1.22464679914735E-16));
#3591=SURFACE_STYLE_FILL_AREA(#5960);
#3592=ORIENTED_EDGE('',*,*,#5961,.T.);
#3593=ORIENTED_EDGE('',*,*,#5962,.F.);
#3594=ORIENTED_EDGE('',*,*,#5945,.F.);
#3595=ORIENTED_EDGE('',*,*,#5959,.T.);
#3596=CARTESIAN_POINT('',(6.6000087962963,-16.8,-2.95000185185185));
#3597=DIRECTION('',(-1.0,0.0,-1.22464679914735E-16));
#3598=DIRECTION('',(1.22464679914735E-16,6.12323399573676E-17,-1.0));
#3599=SURFACE_STYLE_FILL_AREA(#5963);
#3600=ORIENTED_EDGE('',*,*,#5964,.T.);
#3601=ORIENTED_EDGE('',*,*,#5965,.F.);
#3602=ORIENTED_EDGE('',*,*,#5946,.F.);
#3603=ORIENTED_EDGE('',*,*,#5962,.T.);
#3604=CARTESIAN_POINT('',(6.67497407407407,-16.8,-2.46063333333334));
#3605=DIRECTION('',(-0.766151513468188,-3.93515747780937E-17,0.642659986626214));
#3606=DIRECTION('',(-0.642659986626214,4.69132499315358E-17,-0.766151513468188));
#3607=SURFACE_STYLE_FILL_AREA(#5966);
#3608=ORIENTED_EDGE('',*,*,#5934,.F.);
#3609=ORIENTED_EDGE('',*,*,#5947,.F.);
#3610=ORIENTED_EDGE('',*,*,#5965,.T.);
#3611=ORIENTED_EDGE('',*,*,#5967,.T.);
#3612=CARTESIAN_POINT('',(6.74993935185184,-16.8,-2.11063148148148));
#3613=DIRECTION('',(-1.0,0.0,-1.22464679914735E-16));
#3614=DIRECTION('',(1.22464679914735E-16,6.12323399573676E-17,-1.0));
#3615=SURFACE_STYLE_FILL_AREA(#5968);
#3616=ORIENTED_EDGE('',*,*,#5935,.F.);
#3617=ORIENTED_EDGE('',*,*,#5967,.F.);
#3618=ORIENTED_EDGE('',*,*,#5964,.F.);
#3619=ORIENTED_EDGE('',*,*,#5961,.F.);
#3620=ORIENTED_EDGE('',*,*,#5958,.F.);
#3621=ORIENTED_EDGE('',*,*,#5955,.F.);
#3622=ORIENTED_EDGE('',*,*,#5952,.F.);
#3623=ORIENTED_EDGE('',*,*,#5949,.F.);
#3624=CARTESIAN_POINT('',(6.99998189049995,-18.8,-2.64757509861275));
#3625=DIRECTION('',(7.49879891330929E-33,-1.0,-6.12323399573676E-17));
#3626=DIRECTION('',(-1.0,0.0,-1.22464679914735E-16));
#3627=SURFACE_STYLE_FILL_AREA(#5969);
#3628=ORIENTED_EDGE('',*,*,#5970,.F.);
#3629=ORIENTED_EDGE('',*,*,#5927,.T.);
#3630=ORIENTED_EDGE('',*,*,#5971,.T.);
#3631=ORIENTED_EDGE('',*,*,#5972,.F.);
#3632=CARTESIAN_POINT('',(5.80510000000004,-12.3,2.04999999999998));
#3633=DIRECTION('',(-1.22464679914735E-16,-6.12323399573676E-17,1.0));
#3634=DIRECTION('',(-1.0,0.0,-1.22464679914735E-16));
#3635=SURFACE_STYLE_FILL_AREA(#5973);
#3636=ORIENTED_EDGE('',*,*,#5974,.F.);
#3637=ORIENTED_EDGE('',*,*,#5972,.T.);
#3638=ORIENTED_EDGE('',*,*,#5975,.T.);
#3639=ORIENTED_EDGE('',*,*,#5976,.F.);
#3640=CARTESIAN_POINT('',(7.0,-12.3,3.66163000000002));
#3641=DIRECTION('',(7.49879891330929E-33,-1.0,-6.12323399573676E-17));
#3642=DIRECTION('',(-1.0,-1.46701707366113E-48,-1.22464679914735E-16));
#3643=SURFACE_STYLE_FILL_AREA(#5977);
#3644=ORIENTED_EDGE('',*,*,#5978,.F.);
#3645=ORIENTED_EDGE('',*,*,#5976,.T.);
#3646=ORIENTED_EDGE('',*,*,#5979,.T.);
#3647=ORIENTED_EDGE('',*,*,#5938,.F.);
#3648=CARTESIAN_POINT('',(8.19490000000001,-12.3,2.04999999999998));
#3649=DIRECTION('',(-1.22464679914735E-16,-6.12323399573676E-17,1.0));
#3650=DIRECTION('',(-1.0,0.0,-1.22464679914735E-16));
#3651=SURFACE_STYLE_FILL_AREA(#5980);
#3652=ORIENTED_EDGE('',*,*,#5671,.T.);
#3653=ORIENTED_EDGE('',*,*,#5848,.T.);
#3654=ORIENTED_EDGE('',*,*,#5939,.F.);
#3655=ORIENTED_EDGE('',*,*,#5979,.F.);
#3656=ORIENTED_EDGE('',*,*,#5975,.F.);
#3657=ORIENTED_EDGE('',*,*,#5971,.F.);
#3658=ORIENTED_EDGE('',*,*,#5926,.F.);
#3659=ORIENTED_EDGE('',*,*,#5931,.F.);
#3660=CARTESIAN_POINT('',(6.99999999999999,-19.1,-0.00808144222009677));
#3661=DIRECTION('',(7.49879891330929E-33,-1.0,-6.12323399573676E-17));
#3662=DIRECTION('',(-1.0,0.0,-1.22464679914735E-16));
#3663=SURFACE_STYLE_FILL_AREA(#5981);
#3664=ORIENTED_EDGE('',*,*,#5982,.F.);
#3665=ORIENTED_EDGE('',*,*,#5983,.T.);
#3666=ORIENTED_EDGE('',*,*,#5984,.T.);
#3667=ORIENTED_EDGE('',*,*,#5985,.F.);
#3668=CARTESIAN_POINT('',(2.05,-12.3,-2.30926389122033E-14));
#3669=DIRECTION('',(-1.0,-6.63234669974091E-33,-1.4150238487891E-17));
#3670=DIRECTION('',(1.4150238487891E-17,6.12323399573676E-17,-1.0));
#3671=SURFACE_STYLE_FILL_AREA(#5986);
#3672=ORIENTED_EDGE('',*,*,#5987,.F.);
#3673=ORIENTED_EDGE('',*,*,#5988,.T.);
#3674=ORIENTED_EDGE('',*,*,#5989,.T.);
#3675=ORIENTED_EDGE('',*,*,#5983,.F.);
#3676=ORIENTED_EDGE('',*,*,#5990,.T.);
#3677=ORIENTED_EDGE('',*,*,#5991,.T.);
#3678=ORIENTED_EDGE('',*,*,#5992,.T.);
#3679=ORIENTED_EDGE('',*,*,#5993,.T.);
#3680=CARTESIAN_POINT('',(3.5,-12.3,-2.05));
#3681=DIRECTION('',(1.94173751768485E-14,6.12323399573676E-17,-1.0));
#3682=DIRECTION('',(1.0,-1.18147251899523E-30,1.94173751768485E-14));
#3683=SURFACE_STYLE_FILL_AREA(#5994);
#3684=ORIENTED_EDGE('',*,*,#5995,.F.);
#3685=ORIENTED_EDGE('',*,*,#5996,.T.);
#3686=ORIENTED_EDGE('',*,*,#5997,.T.);
#3687=ORIENTED_EDGE('',*,*,#5988,.F.);
#3688=CARTESIAN_POINT('',(4.95,-12.3,4.44089209850063E-15));
#3689=DIRECTION('',(1.0,3.3161733498705E-33,6.83074592013124E-17));
#3690=DIRECTION('',(-6.83074592013124E-17,-6.12323399573676E-17,1.0));
#3691=SURFACE_STYLE_FILL_AREA(#5998);
#3692=ORIENTED_EDGE('',*,*,#5991,.F.);
#3693=ORIENTED_EDGE('',*,*,#5999,.T.);
#3694=ORIENTED_EDGE('',*,*,#6000,.T.);
#3695=ORIENTED_EDGE('',*,*,#6001,.T.);
#3696=ORIENTED_EDGE('',*,*,#6002,.F.);
#3697=ORIENTED_EDGE('',*,*,#6003,.T.);
#3698=ORIENTED_EDGE('',*,*,#6004,.T.);
#3699=ORIENTED_EDGE('',*,*,#6005,.T.);
#3700=CARTESIAN_POINT('',(3.49998189049995,-16.8,-2.64757509861275));
#3701=DIRECTION('',(7.49879891330929E-33,-1.0,-6.12323399573676E-17));
#3702=DIRECTION('',(-1.0,0.0,-1.22464679914735E-16));
#3703=SURFACE_STYLE_FILL_AREA(#6006);
#3704=ORIENTED_EDGE('',*,*,#5990,.F.);
#3705=ORIENTED_EDGE('',*,*,#6007,.T.);
#3706=ORIENTED_EDGE('',*,*,#6008,.F.);
#3707=ORIENTED_EDGE('',*,*,#5999,.F.);
#3708=CARTESIAN_POINT('',(3.74994305555554,-16.8,-2.11063148148148));
#3709=DIRECTION('',(1.0,0.0,1.22464679914735E-16));
#3710=DIRECTION('',(-1.22464679914735E-16,-6.12323399573676E-17,1.0));
#3711=SURFACE_STYLE_FILL_AREA(#6009);
#3712=ORIENTED_EDGE('',*,*,#6010,.T.);
#3713=ORIENTED_EDGE('',*,*,#6011,.F.);
#3714=ORIENTED_EDGE('',*,*,#6000,.F.);
#3715=ORIENTED_EDGE('',*,*,#6008,.T.);
#3716=CARTESIAN_POINT('',(3.82496712962962,-16.8,-2.46063333333334));
#3717=DIRECTION('',(0.765903356636042,-3.93696827680582E-17,0.64295571254453));
#3718=DIRECTION('',(-0.64295571254453,-4.68980547080271E-17,0.765903356636042));
#3719=SURFACE_STYLE_FILL_AREA(#6012);
#3720=ORIENTED_EDGE('',*,*,#6013,.T.);
#3721=ORIENTED_EDGE('',*,*,#6014,.F.);
#3722=ORIENTED_EDGE('',*,*,#6001,.F.);
#3723=ORIENTED_EDGE('',*,*,#6011,.T.);
#3724=CARTESIAN_POINT('',(3.89999120370371,-16.8,-2.95000185185185));
#3725=DIRECTION('',(1.0,0.0,1.22464679914735E-16));
#3726=DIRECTION('',(-1.22464679914735E-16,-6.12323399573676E-17,1.0));
#3727=SURFACE_STYLE_FILL_AREA(#6015);
#3728=ORIENTED_EDGE('',*,*,#6016,.T.);
#3729=ORIENTED_EDGE('',*,*,#6017,.F.);
#3730=ORIENTED_EDGE('',*,*,#6002,.T.);
#3731=ORIENTED_EDGE('',*,*,#6014,.T.);
#3732=CARTESIAN_POINT('',(3.5,-16.8,-3.35));
#3733=DIRECTION('',(1.22464679914735E-16,6.12323399573676E-17,-1.0));
#3734=DIRECTION('',(1.0,0.0,1.22464679914735E-16));
#3735=SURFACE_STYLE_FILL_AREA(#6018);
#3736=ORIENTED_EDGE('',*,*,#6019,.T.);
#3737=ORIENTED_EDGE('',*,*,#6020,.F.);
#3738=ORIENTED_EDGE('',*,*,#6003,.F.);
#3739=ORIENTED_EDGE('',*,*,#6017,.T.);
#3740=CARTESIAN_POINT('',(3.1000087962963,-16.8,-2.95000185185185));
#3741=DIRECTION('',(-1.0,0.0,-1.22464679914735E-16));
#3742=DIRECTION('',(1.22464679914735E-16,6.12323399573676E-17,-1.0));
#3743=SURFACE_STYLE_FILL_AREA(#6021);
#3744=ORIENTED_EDGE('',*,*,#6022,.T.);
#3745=ORIENTED_EDGE('',*,*,#6023,.F.);
#3746=ORIENTED_EDGE('',*,*,#6004,.F.);
#3747=ORIENTED_EDGE('',*,*,#6020,.T.);
#3748=CARTESIAN_POINT('',(3.17497407407407,-16.8,-2.46063333333334));
#3749=DIRECTION('',(-0.766151513468188,-3.93515747780937E-17,0.642659986626214));
#3750=DIRECTION('',(-0.642659986626214,4.69132499315358E-17,-0.766151513468188));
#3751=SURFACE_STYLE_FILL_AREA(#6024);
#3752=ORIENTED_EDGE('',*,*,#5992,.F.);
#3753=ORIENTED_EDGE('',*,*,#6005,.F.);
#3754=ORIENTED_EDGE('',*,*,#6023,.T.);
#3755=ORIENTED_EDGE('',*,*,#6025,.T.);
#3756=CARTESIAN_POINT('',(3.24993935185184,-16.8,-2.11063148148148));
#3757=DIRECTION('',(-1.0,0.0,-1.22464679914735E-16));
#3758=DIRECTION('',(1.22464679914735E-16,6.12323399573676E-17,-1.0));
#3759=SURFACE_STYLE_FILL_AREA(#6026);
#3760=ORIENTED_EDGE('',*,*,#5993,.F.);
#3761=ORIENTED_EDGE('',*,*,#6025,.F.);
#3762=ORIENTED_EDGE('',*,*,#6022,.F.);
#3763=ORIENTED_EDGE('',*,*,#6019,.F.);
#3764=ORIENTED_EDGE('',*,*,#6016,.F.);
#3765=ORIENTED_EDGE('',*,*,#6013,.F.);
#3766=ORIENTED_EDGE('',*,*,#6010,.F.);
#3767=ORIENTED_EDGE('',*,*,#6007,.F.);
#3768=CARTESIAN_POINT('',(3.49998189049995,-18.8,-2.64757509861275));
#3769=DIRECTION('',(7.49879891330929E-33,-1.0,-6.12323399573676E-17));
#3770=DIRECTION('',(-1.0,0.0,-1.22464679914735E-16));
#3771=SURFACE_STYLE_FILL_AREA(#6027);
#3772=ORIENTED_EDGE('',*,*,#6028,.F.);
#3773=ORIENTED_EDGE('',*,*,#5985,.T.);
#3774=ORIENTED_EDGE('',*,*,#6029,.T.);
#3775=ORIENTED_EDGE('',*,*,#6030,.F.);
#3776=CARTESIAN_POINT('',(2.30510000000004,-12.3,2.04999999999998));
#3777=DIRECTION('',(-1.22464679914735E-16,-6.12323399573676E-17,1.0));
#3778=DIRECTION('',(-1.0,0.0,-1.22464679914735E-16));
#3779=SURFACE_STYLE_FILL_AREA(#6031);
#3780=ORIENTED_EDGE('',*,*,#6032,.F.);
#3781=ORIENTED_EDGE('',*,*,#6030,.T.);
#3782=ORIENTED_EDGE('',*,*,#6033,.T.);
#3783=ORIENTED_EDGE('',*,*,#6034,.F.);
#3784=CARTESIAN_POINT('',(3.5,-12.3,3.66163000000002));
#3785=DIRECTION('',(7.49879891330929E-33,-1.0,-6.12323399573676E-17));
#3786=DIRECTION('',(-1.0,-1.46701707366113E-48,-1.22464679914735E-16));
#3787=SURFACE_STYLE_FILL_AREA(#6035);
#3788=ORIENTED_EDGE('',*,*,#6036,.F.);
#3789=ORIENTED_EDGE('',*,*,#6034,.T.);
#3790=ORIENTED_EDGE('',*,*,#6037,.T.);
#3791=ORIENTED_EDGE('',*,*,#5996,.F.);
#3792=CARTESIAN_POINT('',(4.69490000000001,-12.3,2.04999999999998));
#3793=DIRECTION('',(-1.22464679914735E-16,-6.12323399573676E-17,1.0));
#3794=DIRECTION('',(-1.0,0.0,-1.22464679914735E-16));
#3795=SURFACE_STYLE_FILL_AREA(#6038);
#3796=ORIENTED_EDGE('',*,*,#5662,.T.);
#3797=ORIENTED_EDGE('',*,*,#5854,.T.);
#3798=ORIENTED_EDGE('',*,*,#5997,.F.);
#3799=ORIENTED_EDGE('',*,*,#6037,.F.);
#3800=ORIENTED_EDGE('',*,*,#6033,.F.);
#3801=ORIENTED_EDGE('',*,*,#6029,.F.);
#3802=ORIENTED_EDGE('',*,*,#5984,.F.);
#3803=ORIENTED_EDGE('',*,*,#5989,.F.);
#3804=CARTESIAN_POINT('',(3.49999999999999,-19.1,-0.00808144222009677));
#3805=DIRECTION('',(7.49879891330929E-33,-1.0,-6.12323399573676E-17));
#3806=DIRECTION('',(-1.0,0.0,-1.22464679914735E-16));
#3807=SURFACE_STYLE_FILL_AREA(#6039);
#3808=ORIENTED_EDGE('',*,*,#6040,.F.);
#3809=ORIENTED_EDGE('',*,*,#6041,.T.);
#3810=ORIENTED_EDGE('',*,*,#6042,.T.);
#3811=ORIENTED_EDGE('',*,*,#6043,.F.);
#3812=CARTESIAN_POINT('',(-1.45,-12.3,-2.30926389122033E-14));
#3813=DIRECTION('',(-1.0,-6.63234669974091E-33,-1.4150238487891E-17));
#3814=DIRECTION('',(1.4150238487891E-17,6.12323399573676E-17,-1.0));
#3815=SURFACE_STYLE_FILL_AREA(#6044);
#3816=ORIENTED_EDGE('',*,*,#6045,.F.);
#3817=ORIENTED_EDGE('',*,*,#6046,.T.);
#3818=ORIENTED_EDGE('',*,*,#6047,.T.);
#3819=ORIENTED_EDGE('',*,*,#6041,.F.);
#3820=ORIENTED_EDGE('',*,*,#6048,.T.);
#3821=ORIENTED_EDGE('',*,*,#6049,.T.);
#3822=ORIENTED_EDGE('',*,*,#6050,.T.);
#3823=ORIENTED_EDGE('',*,*,#6051,.T.);
#3824=CARTESIAN_POINT('',(8.88178419700125E-16,-12.3,-2.05));
#3825=DIRECTION('',(1.94173751768485E-14,6.12323399573676E-17,-1.0));
#3826=DIRECTION('',(1.0,-1.18147251899523E-30,1.94173751768485E-14));
#3827=SURFACE_STYLE_FILL_AREA(#6052);
#3828=ORIENTED_EDGE('',*,*,#6053,.F.);
#3829=ORIENTED_EDGE('',*,*,#6054,.T.);
#3830=ORIENTED_EDGE('',*,*,#6055,.T.);
#3831=ORIENTED_EDGE('',*,*,#6046,.F.);
#3832=CARTESIAN_POINT('',(1.45,-12.3,4.44089209850063E-15));
#3833=DIRECTION('',(1.0,3.3161733498705E-33,6.83074592013124E-17));
#3834=DIRECTION('',(-6.83074592013124E-17,-6.12323399573676E-17,1.0));
#3835=SURFACE_STYLE_FILL_AREA(#6056);
#3836=ORIENTED_EDGE('',*,*,#6049,.F.);
#3837=ORIENTED_EDGE('',*,*,#6057,.T.);
#3838=ORIENTED_EDGE('',*,*,#6058,.T.);
#3839=ORIENTED_EDGE('',*,*,#6059,.T.);
#3840=ORIENTED_EDGE('',*,*,#6060,.F.);
#3841=ORIENTED_EDGE('',*,*,#6061,.T.);
#3842=ORIENTED_EDGE('',*,*,#6062,.T.);
#3843=ORIENTED_EDGE('',*,*,#6063,.T.);
#3844=CARTESIAN_POINT('',(-1.81095000453269E-05,-16.8,-2.64757509861275));
#3845=DIRECTION('',(7.49879891330929E-33,-1.0,-6.12323399573676E-17));
#3846=DIRECTION('',(-1.0,0.0,-1.22464679914735E-16));
#3847=SURFACE_STYLE_FILL_AREA(#6064);
#3848=ORIENTED_EDGE('',*,*,#6048,.F.);
#3849=ORIENTED_EDGE('',*,*,#6065,.T.);
#3850=ORIENTED_EDGE('',*,*,#6066,.F.);
#3851=ORIENTED_EDGE('',*,*,#6057,.F.);
#3852=CARTESIAN_POINT('',(0.249943055555544,-16.8,-2.11063148148148));
#3853=DIRECTION('',(1.0,0.0,1.22464679914735E-16));
#3854=DIRECTION('',(-1.22464679914735E-16,-6.12323399573676E-17,1.0));
#3855=SURFACE_STYLE_FILL_AREA(#6067);
#3856=ORIENTED_EDGE('',*,*,#6068,.T.);
#3857=ORIENTED_EDGE('',*,*,#6069,.F.);
#3858=ORIENTED_EDGE('',*,*,#6058,.F.);
#3859=ORIENTED_EDGE('',*,*,#6066,.T.);
#3860=CARTESIAN_POINT('',(0.324967129629624,-16.8,-2.46063333333334));
#3861=DIRECTION('',(0.765903356636042,-3.93696827680582E-17,0.64295571254453));
#3862=DIRECTION('',(-0.64295571254453,-4.68980547080271E-17,0.765903356636042));
#3863=SURFACE_STYLE_FILL_AREA(#6070);
#3864=ORIENTED_EDGE('',*,*,#6071,.T.);
#3865=ORIENTED_EDGE('',*,*,#6072,.F.);
#3866=ORIENTED_EDGE('',*,*,#6059,.F.);
#3867=ORIENTED_EDGE('',*,*,#6069,.T.);
#3868=CARTESIAN_POINT('',(0.399991203703705,-16.8,-2.95000185185185));
#3869=DIRECTION('',(1.0,0.0,1.22464679914735E-16));
#3870=DIRECTION('',(-1.22464679914735E-16,-6.12323399573676E-17,1.0));
#3871=SURFACE_STYLE_FILL_AREA(#6073);
#3872=ORIENTED_EDGE('',*,*,#6074,.T.);
#3873=ORIENTED_EDGE('',*,*,#6075,.F.);
#3874=ORIENTED_EDGE('',*,*,#6060,.T.);
#3875=ORIENTED_EDGE('',*,*,#6072,.T.);
#3876=CARTESIAN_POINT('',(8.88178419700125E-16,-16.8,-3.35));
#3877=DIRECTION('',(1.22464679914735E-16,6.12323399573676E-17,-1.0));
#3878=DIRECTION('',(1.0,0.0,1.22464679914735E-16));
#3879=SURFACE_STYLE_FILL_AREA(#6076);
#3880=ORIENTED_EDGE('',*,*,#6077,.T.);
#3881=ORIENTED_EDGE('',*,*,#6078,.F.);
#3882=ORIENTED_EDGE('',*,*,#6061,.F.);
#3883=ORIENTED_EDGE('',*,*,#6075,.T.);
#3884=CARTESIAN_POINT('',(-0.399991203703704,-16.8,-2.95000185185185));
#3885=DIRECTION('',(-1.0,0.0,-1.22464679914735E-16));
#3886=DIRECTION('',(1.22464679914735E-16,6.12323399573676E-17,-1.0));
#3887=SURFACE_STYLE_FILL_AREA(#6079);
#3888=ORIENTED_EDGE('',*,*,#6080,.T.);
#3889=ORIENTED_EDGE('',*,*,#6081,.F.);
#3890=ORIENTED_EDGE('',*,*,#6062,.F.);
#3891=ORIENTED_EDGE('',*,*,#6078,.T.);
#3892=CARTESIAN_POINT('',(-0.325025925925934,-16.8,-2.46063333333334));
#3893=DIRECTION('',(-0.766151513468188,-3.93515747780937E-17,0.642659986626214));
#3894=DIRECTION('',(-0.642659986626214,4.69132499315358E-17,-0.766151513468188));
#3895=SURFACE_STYLE_FILL_AREA(#6082);
#3896=ORIENTED_EDGE('',*,*,#6050,.F.);
#3897=ORIENTED_EDGE('',*,*,#6063,.F.);
#3898=ORIENTED_EDGE('',*,*,#6081,.T.);
#3899=ORIENTED_EDGE('',*,*,#6083,.T.);
#3900=CARTESIAN_POINT('',(-0.250060648148164,-16.8,-2.11063148148148));
#3901=DIRECTION('',(-1.0,0.0,-1.22464679914735E-16));
#3902=DIRECTION('',(1.22464679914735E-16,6.12323399573676E-17,-1.0));
#3903=SURFACE_STYLE_FILL_AREA(#6084);
#3904=ORIENTED_EDGE('',*,*,#6051,.F.);
#3905=ORIENTED_EDGE('',*,*,#6083,.F.);
#3906=ORIENTED_EDGE('',*,*,#6080,.F.);
#3907=ORIENTED_EDGE('',*,*,#6077,.F.);
#3908=ORIENTED_EDGE('',*,*,#6074,.F.);
#3909=ORIENTED_EDGE('',*,*,#6071,.F.);
#3910=ORIENTED_EDGE('',*,*,#6068,.F.);
#3911=ORIENTED_EDGE('',*,*,#6065,.F.);
#3912=CARTESIAN_POINT('',(-1.81095000453269E-05,-18.8,-2.64757509861275));
#3913=DIRECTION('',(7.49879891330929E-33,-1.0,-6.12323399573676E-17));
#3914=DIRECTION('',(-1.0,0.0,-1.22464679914735E-16));
#3915=SURFACE_STYLE_FILL_AREA(#6085);
#3916=ORIENTED_EDGE('',*,*,#6086,.F.);
#3917=ORIENTED_EDGE('',*,*,#6043,.T.);
#3918=ORIENTED_EDGE('',*,*,#6087,.T.);
#3919=ORIENTED_EDGE('',*,*,#6088,.F.);
#3920=CARTESIAN_POINT('',(-1.19489999999996,-12.3,2.04999999999998));
#3921=DIRECTION('',(-1.22464679914735E-16,-6.12323399573676E-17,1.0));
#3922=DIRECTION('',(-1.0,0.0,-1.22464679914735E-16));
#3923=SURFACE_STYLE_FILL_AREA(#6089);
#3924=ORIENTED_EDGE('',*,*,#6090,.F.);
#3925=ORIENTED_EDGE('',*,*,#6088,.T.);
#3926=ORIENTED_EDGE('',*,*,#6091,.T.);
#3927=ORIENTED_EDGE('',*,*,#6092,.F.);
#3928=CARTESIAN_POINT('',(0.0,-12.3,3.66163000000002));
#3929=DIRECTION('',(7.49879891330929E-33,-1.0,-6.12323399573676E-17));
#3930=DIRECTION('',(-1.0,-1.46701707366113E-48,-1.22464679914735E-16));
#3931=SURFACE_STYLE_FILL_AREA(#6093);
#3932=ORIENTED_EDGE('',*,*,#6094,.F.);
#3933=ORIENTED_EDGE('',*,*,#6092,.T.);
#3934=ORIENTED_EDGE('',*,*,#6095,.T.);
#3935=ORIENTED_EDGE('',*,*,#6054,.F.);
#3936=CARTESIAN_POINT('',(1.19490000000001,-12.3,2.04999999999998));
#3937=DIRECTION('',(-1.22464679914735E-16,-6.12323399573676E-17,1.0));
#3938=DIRECTION('',(-1.0,0.0,-1.22464679914735E-16));
#3939=SURFACE_STYLE_FILL_AREA(#6096);
#3940=ORIENTED_EDGE('',*,*,#5653,.T.);
#3941=ORIENTED_EDGE('',*,*,#5860,.T.);
#3942=ORIENTED_EDGE('',*,*,#6055,.F.);
#3943=ORIENTED_EDGE('',*,*,#6095,.F.);
#3944=ORIENTED_EDGE('',*,*,#6091,.F.);
#3945=ORIENTED_EDGE('',*,*,#6087,.F.);
#3946=ORIENTED_EDGE('',*,*,#6042,.F.);
#3947=ORIENTED_EDGE('',*,*,#6047,.F.);
#3948=CARTESIAN_POINT('',(-5.77315972805081E-15,-19.1,-0.00808144222009677));
#3949=DIRECTION('',(7.49879891330929E-33,-1.0,-6.12323399573676E-17));
#3950=DIRECTION('',(-1.0,0.0,-1.22464679914735E-16));
#3951=SURFACE_STYLE_FILL_AREA(#6097);
#3952=ORIENTED_EDGE('',*,*,#6098,.F.);
#3953=ORIENTED_EDGE('',*,*,#6099,.F.);
#3954=ORIENTED_EDGE('',*,*,#6100,.F.);
#3955=ORIENTED_EDGE('',*,*,#6101,.T.);
#3956=CARTESIAN_POINT('',(11.25,-12.3499981481482,-4.49997129629633));
#3957=DIRECTION('',(-1.83697019872103E-16,0.0,1.0));
#3958=DIRECTION('',(0.0,1.0,0.0));
#3959=SURFACE_STYLE_FILL_AREA(#6102);
#3960=ORIENTED_EDGE('',*,*,#6103,.F.);
#3961=ORIENTED_EDGE('',*,*,#6101,.F.);
#3962=ORIENTED_EDGE('',*,*,#6104,.F.);
#3963=ORIENTED_EDGE('',*,*,#6105,.F.);
#3964=ORIENTED_EDGE('',*,*,#6106,.F.);
#3965=ORIENTED_EDGE('',*,*,#6107,.F.);
#3966=ORIENTED_EDGE('',*,*,#6108,.F.);
#3967=ORIENTED_EDGE('',*,*,#6109,.T.);
#3968=ORIENTED_EDGE('',*,*,#6110,.F.);
#3969=CARTESIAN_POINT('',(11.25,-11.8030803877962,-4.84527588039257));
#3970=DIRECTION('',(-1.0,0.0,-1.83697019872103E-16));
#3971=DIRECTION('',(-1.83697019872103E-16,0.0,1.0));
#3972=SURFACE_STYLE_FILL_AREA(#6111);
#3973=ORIENTED_EDGE('',*,*,#6112,.F.);
#3974=ORIENTED_EDGE('',*,*,#6113,.F.);
#3975=ORIENTED_EDGE('',*,*,#6107,.T.);
#3976=ORIENTED_EDGE('',*,*,#6114,.T.);
#3977=CARTESIAN_POINT('',(11.25,-11.4499569444445,-4.57493657407408));
#3978=DIRECTION('',(-1.51374694960467E-16,0.566523682092365,0.824045458472109));
#3979=DIRECTION('',(1.04068712087338E-16,0.824045458472109,-0.566523682092365));
#3980=SURFACE_STYLE_FILL_AREA(#6115);
#3981=ORIENTED_EDGE('',*,*,#6116,.F.);
#3982=ORIENTED_EDGE('',*,*,#6114,.F.);
#3983=ORIENTED_EDGE('',*,*,#6106,.T.);
#3984=ORIENTED_EDGE('',*,*,#6117,.T.);
#3985=CARTESIAN_POINT('',(11.25,-11.8499481481482,-4.09998009259258));
#3986=DIRECTION('',(0.0,1.0,0.0));
#3987=DIRECTION('',(1.83697019872103E-16,0.0,-1.0));
#3988=SURFACE_STYLE_FILL_AREA(#6118);
#3989=ORIENTED_EDGE('',*,*,#6119,.F.);
#3990=ORIENTED_EDGE('',*,*,#6117,.F.);
#3991=ORIENTED_EDGE('',*,*,#6105,.T.);
#3992=ORIENTED_EDGE('',*,*,#6120,.T.);
#3993=CARTESIAN_POINT('',(11.25,-11.9249722222223,-3.90001388888888));
#3994=DIRECTION('',(-1.83697019872103E-16,0.0,1.0));
#3995=DIRECTION('',(0.0,1.0,0.0));
#3996=SURFACE_STYLE_FILL_AREA(#6121);
#3997=ORIENTED_EDGE('',*,*,#6122,.F.);
#3998=ORIENTED_EDGE('',*,*,#6120,.F.);
#3999=ORIENTED_EDGE('',*,*,#6104,.T.);
#4000=ORIENTED_EDGE('',*,*,#6100,.T.);
#4001=CARTESIAN_POINT('',(11.25,-11.9999962962963,-4.19999259259261));
#4002=DIRECTION('',(0.0,-1.0,0.0));
#4003=DIRECTION('',(-1.83697019872103E-16,0.0,1.0));
#4004=SURFACE_STYLE_FILL_AREA(#6123);
#4005=ORIENTED_EDGE('',*,*,#6124,.F.);
#4006=ORIENTED_EDGE('',*,*,#6109,.F.);
#4007=ORIENTED_EDGE('',*,*,#6125,.T.);
#4008=ORIENTED_EDGE('',*,*,#6126,.F.);
#4009=CARTESIAN_POINT('',(11.25,-10.7499870370371,-5.12496342592594));
#4010=DIRECTION('',(0.0,1.0,0.0));
#4011=DIRECTION('',(1.83697019872103E-16,0.0,-1.0));
#4012=SURFACE_STYLE_FILL_AREA(#6127);
#4013=ORIENTED_EDGE('',*,*,#6128,.F.);
#4014=ORIENTED_EDGE('',*,*,#6125,.F.);
#4015=ORIENTED_EDGE('',*,*,#6108,.T.);
#4016=ORIENTED_EDGE('',*,*,#6113,.T.);
#4017=CARTESIAN_POINT('',(11.25,-10.8999763888889,-4.84992685185188));
#4018=DIRECTION('',(-1.83697019872103E-16,0.0,1.0));
#4019=DIRECTION('',(0.0,1.0,0.0));
#4020=SURFACE_STYLE_FILL_AREA(#6129);
#4021=ORIENTED_EDGE('',*,*,#6130,.F.);
#4022=ORIENTED_EDGE('',*,*,#6131,.F.);
#4023=ORIENTED_EDGE('',*,*,#6126,.T.);
#4024=ORIENTED_EDGE('',*,*,#6128,.T.);
#4025=ORIENTED_EDGE('',*,*,#6112,.T.);
#4026=ORIENTED_EDGE('',*,*,#6116,.T.);
#4027=ORIENTED_EDGE('',*,*,#6119,.T.);
#4028=ORIENTED_EDGE('',*,*,#6122,.T.);
#4029=ORIENTED_EDGE('',*,*,#6099,.T.);
#4030=CARTESIAN_POINT('',(9.75,-11.8030803877962,-4.84527588039257));
#4031=DIRECTION('',(-1.0,0.0,-1.83697019872103E-16));
#4032=DIRECTION('',(-1.83697019872103E-16,0.0,1.0));
#4033=SURFACE_STYLE_FILL_AREA(#6132);
#4034=ORIENTED_EDGE('',*,*,#5879,.T.);
#4035=ORIENTED_EDGE('',*,*,#5871,.T.);
#4036=ORIENTED_EDGE('',*,*,#5866,.T.);
#4037=ORIENTED_EDGE('',*,*,#5912,.T.);
#4038=ORIENTED_EDGE('',*,*,#5916,.T.);
#4039=ORIENTED_EDGE('',*,*,#5920,.T.);
#4040=ORIENTED_EDGE('',*,*,#5937,.T.);
#4041=ORIENTED_EDGE('',*,*,#5929,.T.);
#4042=ORIENTED_EDGE('',*,*,#5924,.T.);
#4043=ORIENTED_EDGE('',*,*,#5970,.T.);
#4044=ORIENTED_EDGE('',*,*,#5974,.T.);
#4045=ORIENTED_EDGE('',*,*,#5978,.T.);
#4046=ORIENTED_EDGE('',*,*,#5995,.T.);
#4047=ORIENTED_EDGE('',*,*,#5987,.T.);
#4048=ORIENTED_EDGE('',*,*,#5982,.T.);
#4049=ORIENTED_EDGE('',*,*,#6028,.T.);
#4050=ORIENTED_EDGE('',*,*,#6032,.T.);
#4051=ORIENTED_EDGE('',*,*,#6036,.T.);
#4052=ORIENTED_EDGE('',*,*,#6053,.T.);
#4053=ORIENTED_EDGE('',*,*,#6045,.T.);
#4054=ORIENTED_EDGE('',*,*,#6040,.T.);
#4055=ORIENTED_EDGE('',*,*,#6086,.T.);
#4056=ORIENTED_EDGE('',*,*,#6090,.T.);
#4057=ORIENTED_EDGE('',*,*,#6094,.T.);
#4058=ORIENTED_EDGE('',*,*,#6130,.T.);
#4059=ORIENTED_EDGE('',*,*,#6098,.T.);
#4060=ORIENTED_EDGE('',*,*,#6103,.T.);
#4061=ORIENTED_EDGE('',*,*,#6133,.F.);
#4062=ORIENTED_EDGE('',*,*,#6134,.F.);
#4063=ORIENTED_EDGE('',*,*,#6135,.T.);
#4064=ORIENTED_EDGE('',*,*,#6136,.T.);
#4065=ORIENTED_EDGE('',*,*,#6137,.T.);
#4066=ORIENTED_EDGE('',*,*,#6138,.T.);
#4067=ORIENTED_EDGE('',*,*,#6139,.T.);
#4068=ORIENTED_EDGE('',*,*,#6140,.T.);
#4069=ORIENTED_EDGE('',*,*,#6141,.T.);
#4070=ORIENTED_EDGE('',*,*,#6142,.T.);
#4071=ORIENTED_EDGE('',*,*,#6143,.T.);
#4072=ORIENTED_EDGE('',*,*,#6144,.T.);
#4073=ORIENTED_EDGE('',*,*,#6145,.T.);
#4074=ORIENTED_EDGE('',*,*,#6146,.T.);
#4075=ORIENTED_EDGE('',*,*,#6147,.T.);
#4076=ORIENTED_EDGE('',*,*,#6148,.T.);
#4077=ORIENTED_EDGE('',*,*,#6149,.T.);
#4078=ORIENTED_EDGE('',*,*,#6150,.T.);
#4079=ORIENTED_EDGE('',*,*,#6151,.T.);
#4080=ORIENTED_EDGE('',*,*,#6152,.T.);
#4081=ORIENTED_EDGE('',*,*,#6153,.F.);
#4082=ORIENTED_EDGE('',*,*,#6154,.T.);
#4083=ORIENTED_EDGE('',*,*,#6155,.T.);
#4084=ORIENTED_EDGE('',*,*,#6156,.T.);
#4085=ORIENTED_EDGE('',*,*,#6157,.F.);
#4086=ORIENTED_EDGE('',*,*,#6158,.T.);
#4087=ORIENTED_EDGE('',*,*,#6159,.T.);
#4088=ORIENTED_EDGE('',*,*,#6160,.T.);
#4089=ORIENTED_EDGE('',*,*,#6161,.F.);
#4090=ORIENTED_EDGE('',*,*,#6162,.T.);
#4091=ORIENTED_EDGE('',*,*,#6163,.T.);
#4092=ORIENTED_EDGE('',*,*,#6164,.T.);
#4093=ORIENTED_EDGE('',*,*,#6165,.F.);
#4094=CARTESIAN_POINT('',(12.8,-12.5,0.0));
#4095=DIRECTION('',(-3.74927562856021E-33,-1.0,-6.12303176911189E-17));
#4096=DIRECTION('',(6.12323399573676E-17,-6.12303176911189E-17,1.0));
#4097=SURFACE_STYLE_FILL_AREA(#6166);
#4098=ORIENTED_EDGE('',*,*,#6163,.F.);
#4099=ORIENTED_EDGE('',*,*,#6167,.F.);
#4100=ORIENTED_EDGE('',*,*,#6168,.F.);
#4101=ORIENTED_EDGE('',*,*,#6169,.T.);
#4102=CARTESIAN_POINT('',(7.75,-12.3499981481482,-4.49997129629633));
#4103=DIRECTION('',(-1.83697019872103E-16,0.0,1.0));
#4104=DIRECTION('',(0.0,1.0,0.0));
#4105=SURFACE_STYLE_FILL_AREA(#6170);
#4106=ORIENTED_EDGE('',*,*,#6164,.F.);
#4107=ORIENTED_EDGE('',*,*,#6169,.F.);
#4108=ORIENTED_EDGE('',*,*,#6171,.F.);
#4109=ORIENTED_EDGE('',*,*,#6172,.F.);
#4110=ORIENTED_EDGE('',*,*,#6173,.F.);
#4111=ORIENTED_EDGE('',*,*,#6174,.F.);
#4112=ORIENTED_EDGE('',*,*,#6175,.F.);
#4113=ORIENTED_EDGE('',*,*,#6176,.T.);
#4114=ORIENTED_EDGE('',*,*,#6177,.F.);
#4115=CARTESIAN_POINT('',(7.75,-11.8030803877962,-4.84527588039257));
#4116=DIRECTION('',(-1.0,0.0,-1.83697019872103E-16));
#4117=DIRECTION('',(-1.83697019872103E-16,0.0,1.0));
#4118=SURFACE_STYLE_FILL_AREA(#6178);
#4119=ORIENTED_EDGE('',*,*,#6179,.F.);
#4120=ORIENTED_EDGE('',*,*,#6180,.F.);
#4121=ORIENTED_EDGE('',*,*,#6174,.T.);
#4122=ORIENTED_EDGE('',*,*,#6181,.T.);
#4123=CARTESIAN_POINT('',(7.75,-11.4499569444445,-4.57493657407408));
#4124=DIRECTION('',(-1.51374694960467E-16,0.566523682092365,0.824045458472109));
#4125=DIRECTION('',(1.04068712087338E-16,0.824045458472109,-0.566523682092365));
#4126=SURFACE_STYLE_FILL_AREA(#6182);
#4127=ORIENTED_EDGE('',*,*,#6183,.F.);
#4128=ORIENTED_EDGE('',*,*,#6181,.F.);
#4129=ORIENTED_EDGE('',*,*,#6173,.T.);
#4130=ORIENTED_EDGE('',*,*,#6184,.T.);
#4131=CARTESIAN_POINT('',(7.75,-11.8499481481482,-4.09998009259258));
#4132=DIRECTION('',(0.0,1.0,0.0));
#4133=DIRECTION('',(1.83697019872103E-16,0.0,-1.0));
#4134=SURFACE_STYLE_FILL_AREA(#6185);
#4135=ORIENTED_EDGE('',*,*,#6186,.F.);
#4136=ORIENTED_EDGE('',*,*,#6184,.F.);
#4137=ORIENTED_EDGE('',*,*,#6172,.T.);
#4138=ORIENTED_EDGE('',*,*,#6187,.T.);
#4139=CARTESIAN_POINT('',(7.75,-11.9249722222223,-3.90001388888888));
#4140=DIRECTION('',(-1.83697019872103E-16,0.0,1.0));
#4141=DIRECTION('',(0.0,1.0,0.0));
#4142=SURFACE_STYLE_FILL_AREA(#6188);
#4143=ORIENTED_EDGE('',*,*,#6189,.F.);
#4144=ORIENTED_EDGE('',*,*,#6187,.F.);
#4145=ORIENTED_EDGE('',*,*,#6171,.T.);
#4146=ORIENTED_EDGE('',*,*,#6168,.T.);
#4147=CARTESIAN_POINT('',(7.75,-11.9999962962963,-4.19999259259261));
#4148=DIRECTION('',(0.0,-1.0,0.0));
#4149=DIRECTION('',(-1.83697019872103E-16,0.0,1.0));
#4150=SURFACE_STYLE_FILL_AREA(#6190);
#4151=ORIENTED_EDGE('',*,*,#6191,.F.);
#4152=ORIENTED_EDGE('',*,*,#6176,.F.);
#4153=ORIENTED_EDGE('',*,*,#6192,.T.);
#4154=ORIENTED_EDGE('',*,*,#6193,.F.);
#4155=CARTESIAN_POINT('',(7.75,-10.7499870370371,-5.12496342592594));
#4156=DIRECTION('',(0.0,1.0,0.0));
#4157=DIRECTION('',(1.83697019872103E-16,0.0,-1.0));
#4158=SURFACE_STYLE_FILL_AREA(#6194);
#4159=ORIENTED_EDGE('',*,*,#6195,.F.);
#4160=ORIENTED_EDGE('',*,*,#6192,.F.);
#4161=ORIENTED_EDGE('',*,*,#6175,.T.);
#4162=ORIENTED_EDGE('',*,*,#6180,.T.);
#4163=CARTESIAN_POINT('',(7.75,-10.8999763888889,-4.84992685185188));
#4164=DIRECTION('',(-1.83697019872103E-16,0.0,1.0));
#4165=DIRECTION('',(0.0,1.0,0.0));
#4166=SURFACE_STYLE_FILL_AREA(#6196);
#4167=ORIENTED_EDGE('',*,*,#6162,.F.);
#4168=ORIENTED_EDGE('',*,*,#6197,.F.);
#4169=ORIENTED_EDGE('',*,*,#6193,.T.);
#4170=ORIENTED_EDGE('',*,*,#6195,.T.);
#4171=ORIENTED_EDGE('',*,*,#6179,.T.);
#4172=ORIENTED_EDGE('',*,*,#6183,.T.);
#4173=ORIENTED_EDGE('',*,*,#6186,.T.);
#4174=ORIENTED_EDGE('',*,*,#6189,.T.);
#4175=ORIENTED_EDGE('',*,*,#6167,.T.);
#4176=CARTESIAN_POINT('',(6.25,-11.8030803877962,-4.84527588039257));
#4177=DIRECTION('',(-1.0,0.0,-1.83697019872103E-16));
#4178=DIRECTION('',(-1.83697019872103E-16,0.0,1.0));
#4179=SURFACE_STYLE_FILL_AREA(#6198);
#4180=ORIENTED_EDGE('',*,*,#6159,.F.);
#4181=ORIENTED_EDGE('',*,*,#6199,.F.);
#4182=ORIENTED_EDGE('',*,*,#6200,.F.);
#4183=ORIENTED_EDGE('',*,*,#6201,.T.);
#4184=CARTESIAN_POINT('',(4.25,-12.3499981481482,-4.49997129629633));
#4185=DIRECTION('',(-1.83697019872103E-16,0.0,1.0));
#4186=DIRECTION('',(0.0,1.0,0.0));
#4187=SURFACE_STYLE_FILL_AREA(#6202);
#4188=ORIENTED_EDGE('',*,*,#6160,.F.);
#4189=ORIENTED_EDGE('',*,*,#6201,.F.);
#4190=ORIENTED_EDGE('',*,*,#6203,.F.);
#4191=ORIENTED_EDGE('',*,*,#6204,.F.);
#4192=ORIENTED_EDGE('',*,*,#6205,.F.);
#4193=ORIENTED_EDGE('',*,*,#6206,.F.);
#4194=ORIENTED_EDGE('',*,*,#6207,.F.);
#4195=ORIENTED_EDGE('',*,*,#6208,.T.);
#4196=ORIENTED_EDGE('',*,*,#6209,.F.);
#4197=CARTESIAN_POINT('',(4.25,-11.8030803877962,-4.84527588039257));
#4198=DIRECTION('',(-1.0,0.0,-1.83697019872103E-16));
#4199=DIRECTION('',(-1.83697019872103E-16,0.0,1.0));
#4200=SURFACE_STYLE_FILL_AREA(#6210);
#4201=ORIENTED_EDGE('',*,*,#6211,.F.);
#4202=ORIENTED_EDGE('',*,*,#6212,.F.);
#4203=ORIENTED_EDGE('',*,*,#6206,.T.);
#4204=ORIENTED_EDGE('',*,*,#6213,.T.);
#4205=CARTESIAN_POINT('',(4.25,-11.4499569444445,-4.57493657407408));
#4206=DIRECTION('',(-1.51374694960467E-16,0.566523682092365,0.824045458472109));
#4207=DIRECTION('',(1.04068712087338E-16,0.824045458472109,-0.566523682092365));
#4208=SURFACE_STYLE_FILL_AREA(#6214);
#4209=ORIENTED_EDGE('',*,*,#6215,.F.);
#4210=ORIENTED_EDGE('',*,*,#6213,.F.);
#4211=ORIENTED_EDGE('',*,*,#6205,.T.);
#4212=ORIENTED_EDGE('',*,*,#6216,.T.);
#4213=CARTESIAN_POINT('',(4.25,-11.8499481481482,-4.09998009259258));
#4214=DIRECTION('',(0.0,1.0,0.0));
#4215=DIRECTION('',(1.83697019872103E-16,0.0,-1.0));
#4216=SURFACE_STYLE_FILL_AREA(#6217);
#4217=ORIENTED_EDGE('',*,*,#6218,.F.);
#4218=ORIENTED_EDGE('',*,*,#6216,.F.);
#4219=ORIENTED_EDGE('',*,*,#6204,.T.);
#4220=ORIENTED_EDGE('',*,*,#6219,.T.);
#4221=CARTESIAN_POINT('',(4.25,-11.9249722222223,-3.90001388888888));
#4222=DIRECTION('',(-1.83697019872103E-16,0.0,1.0));
#4223=DIRECTION('',(0.0,1.0,0.0));
#4224=SURFACE_STYLE_FILL_AREA(#6220);
#4225=ORIENTED_EDGE('',*,*,#6221,.F.);
#4226=ORIENTED_EDGE('',*,*,#6219,.F.);
#4227=ORIENTED_EDGE('',*,*,#6203,.T.);
#4228=ORIENTED_EDGE('',*,*,#6200,.T.);
#4229=CARTESIAN_POINT('',(4.25,-11.9999962962963,-4.19999259259261));
#4230=DIRECTION('',(0.0,-1.0,0.0));
#4231=DIRECTION('',(-1.83697019872103E-16,0.0,1.0));
#4232=SURFACE_STYLE_FILL_AREA(#6222);
#4233=ORIENTED_EDGE('',*,*,#6223,.F.);
#4234=ORIENTED_EDGE('',*,*,#6208,.F.);
#4235=ORIENTED_EDGE('',*,*,#6224,.T.);
#4236=ORIENTED_EDGE('',*,*,#6225,.F.);
#4237=CARTESIAN_POINT('',(4.25,-10.7499870370371,-5.12496342592594));
#4238=DIRECTION('',(0.0,1.0,0.0));
#4239=DIRECTION('',(1.83697019872103E-16,0.0,-1.0));
#4240=SURFACE_STYLE_FILL_AREA(#6226);
#4241=ORIENTED_EDGE('',*,*,#6227,.F.);
#4242=ORIENTED_EDGE('',*,*,#6224,.F.);
#4243=ORIENTED_EDGE('',*,*,#6207,.T.);
#4244=ORIENTED_EDGE('',*,*,#6212,.T.);
#4245=CARTESIAN_POINT('',(4.25,-10.8999763888889,-4.84992685185188));
#4246=DIRECTION('',(-1.83697019872103E-16,0.0,1.0));
#4247=DIRECTION('',(0.0,1.0,0.0));
#4248=SURFACE_STYLE_FILL_AREA(#6228);
#4249=ORIENTED_EDGE('',*,*,#6158,.F.);
#4250=ORIENTED_EDGE('',*,*,#6229,.F.);
#4251=ORIENTED_EDGE('',*,*,#6225,.T.);
#4252=ORIENTED_EDGE('',*,*,#6227,.T.);
#4253=ORIENTED_EDGE('',*,*,#6211,.T.);
#4254=ORIENTED_EDGE('',*,*,#6215,.T.);
#4255=ORIENTED_EDGE('',*,*,#6218,.T.);
#4256=ORIENTED_EDGE('',*,*,#6221,.T.);
#4257=ORIENTED_EDGE('',*,*,#6199,.T.);
#4258=CARTESIAN_POINT('',(2.75,-11.8030803877962,-4.84527588039257));
#4259=DIRECTION('',(-1.0,0.0,-1.83697019872103E-16));
#4260=DIRECTION('',(-1.83697019872103E-16,0.0,1.0));
#4261=SURFACE_STYLE_FILL_AREA(#6230);
#4262=ORIENTED_EDGE('',*,*,#6155,.F.);
#4263=ORIENTED_EDGE('',*,*,#6231,.F.);
#4264=ORIENTED_EDGE('',*,*,#6232,.F.);
#4265=ORIENTED_EDGE('',*,*,#6233,.T.);
#4266=CARTESIAN_POINT('',(0.750000000000001,-12.3499981481482,-4.49997129629633));
#4267=DIRECTION('',(-1.83697019872103E-16,0.0,1.0));
#4268=DIRECTION('',(0.0,1.0,0.0));
#4269=SURFACE_STYLE_FILL_AREA(#6234);
#4270=ORIENTED_EDGE('',*,*,#6156,.F.);
#4271=ORIENTED_EDGE('',*,*,#6233,.F.);
#4272=ORIENTED_EDGE('',*,*,#6235,.F.);
#4273=ORIENTED_EDGE('',*,*,#6236,.F.);
#4274=ORIENTED_EDGE('',*,*,#6237,.F.);
#4275=ORIENTED_EDGE('',*,*,#6238,.F.);
#4276=ORIENTED_EDGE('',*,*,#6239,.F.);
#4277=ORIENTED_EDGE('',*,*,#6240,.T.);
#4278=ORIENTED_EDGE('',*,*,#6241,.F.);
#4279=CARTESIAN_POINT('',(0.750000000000001,-11.8030803877962,-4.84527588039257));
#4280=DIRECTION('',(-1.0,0.0,-1.83697019872103E-16));
#4281=DIRECTION('',(-1.83697019872103E-16,0.0,1.0));
#4282=SURFACE_STYLE_FILL_AREA(#6242);
#4283=ORIENTED_EDGE('',*,*,#6243,.F.);
#4284=ORIENTED_EDGE('',*,*,#6244,.F.);
#4285=ORIENTED_EDGE('',*,*,#6238,.T.);
#4286=ORIENTED_EDGE('',*,*,#6245,.T.);
#4287=CARTESIAN_POINT('',(0.750000000000001,-11.4499569444445,-4.57493657407408));
#4288=DIRECTION('',(-1.51374694960467E-16,0.566523682092365,0.824045458472109));
#4289=DIRECTION('',(1.04068712087338E-16,0.824045458472109,-0.566523682092365));
#4290=SURFACE_STYLE_FILL_AREA(#6246);
#4291=ORIENTED_EDGE('',*,*,#6247,.F.);
#4292=ORIENTED_EDGE('',*,*,#6245,.F.);
#4293=ORIENTED_EDGE('',*,*,#6237,.T.);
#4294=ORIENTED_EDGE('',*,*,#6248,.T.);
#4295=CARTESIAN_POINT('',(0.750000000000001,-11.8499481481482,-4.09998009259258));
#4296=DIRECTION('',(0.0,1.0,0.0));
#4297=DIRECTION('',(1.83697019872103E-16,0.0,-1.0));
#4298=SURFACE_STYLE_FILL_AREA(#6249);
#4299=ORIENTED_EDGE('',*,*,#6250,.F.);
#4300=ORIENTED_EDGE('',*,*,#6248,.F.);
#4301=ORIENTED_EDGE('',*,*,#6236,.T.);
#4302=ORIENTED_EDGE('',*,*,#6251,.T.);
#4303=CARTESIAN_POINT('',(0.750000000000001,-11.9249722222223,-3.90001388888888));
#4304=DIRECTION('',(-1.83697019872103E-16,0.0,1.0));
#4305=DIRECTION('',(0.0,1.0,0.0));
#4306=SURFACE_STYLE_FILL_AREA(#6252);
#4307=ORIENTED_EDGE('',*,*,#6253,.F.);
#4308=ORIENTED_EDGE('',*,*,#6251,.F.);
#4309=ORIENTED_EDGE('',*,*,#6235,.T.);
#4310=ORIENTED_EDGE('',*,*,#6232,.T.);
#4311=CARTESIAN_POINT('',(0.750000000000001,-11.9999962962963,-4.19999259259261));
#4312=DIRECTION('',(0.0,-1.0,0.0));
#4313=DIRECTION('',(-1.83697019872103E-16,0.0,1.0));
#4314=SURFACE_STYLE_FILL_AREA(#6254);
#4315=ORIENTED_EDGE('',*,*,#6255,.F.);
#4316=ORIENTED_EDGE('',*,*,#6240,.F.);
#4317=ORIENTED_EDGE('',*,*,#6256,.T.);
#4318=ORIENTED_EDGE('',*,*,#6257,.F.);
#4319=CARTESIAN_POINT('',(0.750000000000001,-10.7499870370371,-5.12496342592594));
#4320=DIRECTION('',(0.0,1.0,0.0));
#4321=DIRECTION('',(1.83697019872103E-16,0.0,-1.0));
#4322=SURFACE_STYLE_FILL_AREA(#6258);
#4323=ORIENTED_EDGE('',*,*,#6259,.F.);
#4324=ORIENTED_EDGE('',*,*,#6256,.F.);
#4325=ORIENTED_EDGE('',*,*,#6239,.T.);
#4326=ORIENTED_EDGE('',*,*,#6244,.T.);
#4327=CARTESIAN_POINT('',(0.750000000000001,-10.8999763888889,-4.84992685185188));
#4328=DIRECTION('',(-1.83697019872103E-16,0.0,1.0));
#4329=DIRECTION('',(0.0,1.0,0.0));
#4330=SURFACE_STYLE_FILL_AREA(#6260);
#4331=ORIENTED_EDGE('',*,*,#6154,.F.);
#4332=ORIENTED_EDGE('',*,*,#6261,.F.);
#4333=ORIENTED_EDGE('',*,*,#6257,.T.);
#4334=ORIENTED_EDGE('',*,*,#6259,.T.);
#4335=ORIENTED_EDGE('',*,*,#6243,.T.);
#4336=ORIENTED_EDGE('',*,*,#6247,.T.);
#4337=ORIENTED_EDGE('',*,*,#6250,.T.);
#4338=ORIENTED_EDGE('',*,*,#6253,.T.);
#4339=ORIENTED_EDGE('',*,*,#6231,.T.);
#4340=CARTESIAN_POINT('',(-0.749999999999999,-11.8030803877962,-4.84527588039257));
#4341=DIRECTION('',(-1.0,0.0,-1.83697019872103E-16));
#4342=DIRECTION('',(-1.83697019872103E-16,0.0,1.0));
#4343=SURFACE_STYLE_FILL_AREA(#6262);
#4344=ORIENTED_EDGE('',*,*,#6137,.F.);
#4345=ORIENTED_EDGE('',*,*,#6263,.F.);
#4346=ORIENTED_EDGE('',*,*,#6264,.F.);
#4347=ORIENTED_EDGE('',*,*,#6265,.T.);
#4348=CARTESIAN_POINT('',(9.75,-12.3499981481482,4.49997129629633));
#4349=DIRECTION('',(6.12323399573676E-17,0.0,-1.0));
#4350=DIRECTION('',(0.0,1.0,0.0));
#4351=SURFACE_STYLE_FILL_AREA(#6266);
#4352=ORIENTED_EDGE('',*,*,#6138,.F.);
#4353=ORIENTED_EDGE('',*,*,#6265,.F.);
#4354=ORIENTED_EDGE('',*,*,#6267,.F.);
#4355=ORIENTED_EDGE('',*,*,#6268,.F.);
#4356=ORIENTED_EDGE('',*,*,#6269,.F.);
#4357=ORIENTED_EDGE('',*,*,#6270,.F.);
#4358=ORIENTED_EDGE('',*,*,#6271,.F.);
#4359=ORIENTED_EDGE('',*,*,#6272,.T.);
#4360=ORIENTED_EDGE('',*,*,#6273,.F.);
#4361=CARTESIAN_POINT('',(9.75,-11.8030803877962,4.84527588039257));
#4362=DIRECTION('',(1.0,0.0,6.12323399573676E-17));
#4363=DIRECTION('',(6.12323399573676E-17,0.0,-1.0));
#4364=SURFACE_STYLE_FILL_AREA(#6274);
#4365=ORIENTED_EDGE('',*,*,#6275,.F.);
#4366=ORIENTED_EDGE('',*,*,#6276,.F.);
#4367=ORIENTED_EDGE('',*,*,#6270,.T.);
#4368=ORIENTED_EDGE('',*,*,#6277,.T.);
#4369=CARTESIAN_POINT('',(9.75,-11.4499569444445,4.57493657407408));
#4370=DIRECTION('',(5.04582316534891E-17,0.566523682092365,-0.824045458472109));
#4371=DIRECTION('',(-3.46895706957794E-17,0.824045458472109,0.566523682092365));
#4372=SURFACE_STYLE_FILL_AREA(#6278);
#4373=ORIENTED_EDGE('',*,*,#6279,.F.);
#4374=ORIENTED_EDGE('',*,*,#6277,.F.);
#4375=ORIENTED_EDGE('',*,*,#6269,.T.);
#4376=ORIENTED_EDGE('',*,*,#6280,.T.);
#4377=CARTESIAN_POINT('',(9.75,-11.8499481481482,4.09998009259258));
#4378=DIRECTION('',(0.0,1.0,0.0));
#4379=DIRECTION('',(-6.12323399573676E-17,0.0,1.0));
#4380=SURFACE_STYLE_FILL_AREA(#6281);
#4381=ORIENTED_EDGE('',*,*,#6282,.F.);
#4382=ORIENTED_EDGE('',*,*,#6280,.F.);
#4383=ORIENTED_EDGE('',*,*,#6268,.T.);
#4384=ORIENTED_EDGE('',*,*,#6283,.T.);
#4385=CARTESIAN_POINT('',(9.75,-11.9249722222223,3.90001388888888));
#4386=DIRECTION('',(6.12323399573676E-17,0.0,-1.0));
#4387=DIRECTION('',(0.0,1.0,0.0));
#4388=SURFACE_STYLE_FILL_AREA(#6284);
#4389=ORIENTED_EDGE('',*,*,#6285,.F.);
#4390=ORIENTED_EDGE('',*,*,#6283,.F.);
#4391=ORIENTED_EDGE('',*,*,#6267,.T.);
#4392=ORIENTED_EDGE('',*,*,#6264,.T.);
#4393=CARTESIAN_POINT('',(9.75,-11.9999962962963,4.19999259259261));
#4394=DIRECTION('',(0.0,-1.0,0.0));
#4395=DIRECTION('',(6.12323399573676E-17,0.0,-1.0));
#4396=SURFACE_STYLE_FILL_AREA(#6286);
#4397=ORIENTED_EDGE('',*,*,#6287,.F.);
#4398=ORIENTED_EDGE('',*,*,#6272,.F.);
#4399=ORIENTED_EDGE('',*,*,#6288,.T.);
#4400=ORIENTED_EDGE('',*,*,#6289,.F.);
#4401=CARTESIAN_POINT('',(9.75,-10.7499870370371,5.12496342592594));
#4402=DIRECTION('',(0.0,1.0,0.0));
#4403=DIRECTION('',(-6.12323399573676E-17,0.0,1.0));
#4404=SURFACE_STYLE_FILL_AREA(#6290);
#4405=ORIENTED_EDGE('',*,*,#6291,.F.);
#4406=ORIENTED_EDGE('',*,*,#6288,.F.);
#4407=ORIENTED_EDGE('',*,*,#6271,.T.);
#4408=ORIENTED_EDGE('',*,*,#6276,.T.);
#4409=CARTESIAN_POINT('',(9.75,-10.8999763888889,4.84992685185188));
#4410=DIRECTION('',(6.12323399573676E-17,0.0,-1.0));
#4411=DIRECTION('',(0.0,1.0,0.0));
#4412=SURFACE_STYLE_FILL_AREA(#6292);
#4413=ORIENTED_EDGE('',*,*,#6136,.F.);
#4414=ORIENTED_EDGE('',*,*,#6293,.F.);
#4415=ORIENTED_EDGE('',*,*,#6289,.T.);
#4416=ORIENTED_EDGE('',*,*,#6291,.T.);
#4417=ORIENTED_EDGE('',*,*,#6275,.T.);
#4418=ORIENTED_EDGE('',*,*,#6279,.T.);
#4419=ORIENTED_EDGE('',*,*,#6282,.T.);
#4420=ORIENTED_EDGE('',*,*,#6285,.T.);
#4421=ORIENTED_EDGE('',*,*,#6263,.T.);
#4422=CARTESIAN_POINT('',(11.25,-11.8030803877962,4.84527588039257));
#4423=DIRECTION('',(1.0,0.0,6.12323399573676E-17));
#4424=DIRECTION('',(6.12323399573676E-17,0.0,-1.0));
#4425=SURFACE_STYLE_FILL_AREA(#6294);
#4426=ORIENTED_EDGE('',*,*,#6141,.F.);
#4427=ORIENTED_EDGE('',*,*,#6295,.F.);
#4428=ORIENTED_EDGE('',*,*,#6296,.F.);
#4429=ORIENTED_EDGE('',*,*,#6297,.T.);
#4430=CARTESIAN_POINT('',(6.25,-12.3499981481482,4.49997129629633));
#4431=DIRECTION('',(6.12323399573676E-17,0.0,-1.0));
#4432=DIRECTION('',(0.0,1.0,0.0));
#4433=SURFACE_STYLE_FILL_AREA(#6298);
#4434=ORIENTED_EDGE('',*,*,#6142,.F.);
#4435=ORIENTED_EDGE('',*,*,#6297,.F.);
#4436=ORIENTED_EDGE('',*,*,#6299,.F.);
#4437=ORIENTED_EDGE('',*,*,#6300,.F.);
#4438=ORIENTED_EDGE('',*,*,#6301,.F.);
#4439=ORIENTED_EDGE('',*,*,#6302,.F.);
#4440=ORIENTED_EDGE('',*,*,#6303,.F.);
#4441=ORIENTED_EDGE('',*,*,#6304,.T.);
#4442=ORIENTED_EDGE('',*,*,#6305,.F.);
#4443=CARTESIAN_POINT('',(6.25,-11.8030803877962,4.84527588039257));
#4444=DIRECTION('',(1.0,0.0,6.12323399573676E-17));
#4445=DIRECTION('',(6.12323399573676E-17,0.0,-1.0));
#4446=SURFACE_STYLE_FILL_AREA(#6306);
#4447=ORIENTED_EDGE('',*,*,#6307,.F.);
#4448=ORIENTED_EDGE('',*,*,#6308,.F.);
#4449=ORIENTED_EDGE('',*,*,#6302,.T.);
#4450=ORIENTED_EDGE('',*,*,#6309,.T.);
#4451=CARTESIAN_POINT('',(6.25,-11.4499569444445,4.57493657407408));
#4452=DIRECTION('',(5.04582316534891E-17,0.566523682092365,-0.824045458472109));
#4453=DIRECTION('',(-3.46895706957794E-17,0.824045458472109,0.566523682092365));
#4454=SURFACE_STYLE_FILL_AREA(#6310);
#4455=ORIENTED_EDGE('',*,*,#6311,.F.);
#4456=ORIENTED_EDGE('',*,*,#6309,.F.);
#4457=ORIENTED_EDGE('',*,*,#6301,.T.);
#4458=ORIENTED_EDGE('',*,*,#6312,.T.);
#4459=CARTESIAN_POINT('',(6.25,-11.8499481481482,4.09998009259258));
#4460=DIRECTION('',(0.0,1.0,0.0));
#4461=DIRECTION('',(-6.12323399573676E-17,0.0,1.0));
#4462=SURFACE_STYLE_FILL_AREA(#6313);
#4463=ORIENTED_EDGE('',*,*,#6314,.F.);
#4464=ORIENTED_EDGE('',*,*,#6312,.F.);
#4465=ORIENTED_EDGE('',*,*,#6300,.T.);
#4466=ORIENTED_EDGE('',*,*,#6315,.T.);
#4467=CARTESIAN_POINT('',(6.25,-11.9249722222223,3.90001388888888));
#4468=DIRECTION('',(6.12323399573676E-17,0.0,-1.0));
#4469=DIRECTION('',(0.0,1.0,0.0));
#4470=SURFACE_STYLE_FILL_AREA(#6316);
#4471=ORIENTED_EDGE('',*,*,#6317,.F.);
#4472=ORIENTED_EDGE('',*,*,#6315,.F.);
#4473=ORIENTED_EDGE('',*,*,#6299,.T.);
#4474=ORIENTED_EDGE('',*,*,#6296,.T.);
#4475=CARTESIAN_POINT('',(6.25,-11.9999962962963,4.19999259259261));
#4476=DIRECTION('',(0.0,-1.0,0.0));
#4477=DIRECTION('',(6.12323399573676E-17,0.0,-1.0));
#4478=SURFACE_STYLE_FILL_AREA(#6318);
#4479=ORIENTED_EDGE('',*,*,#6319,.F.);
#4480=ORIENTED_EDGE('',*,*,#6304,.F.);
#4481=ORIENTED_EDGE('',*,*,#6320,.T.);
#4482=ORIENTED_EDGE('',*,*,#6321,.F.);
#4483=CARTESIAN_POINT('',(6.25,-10.7499870370371,5.12496342592594));
#4484=DIRECTION('',(0.0,1.0,0.0));
#4485=DIRECTION('',(-6.12323399573676E-17,0.0,1.0));
#4486=SURFACE_STYLE_FILL_AREA(#6322);
#4487=ORIENTED_EDGE('',*,*,#6323,.F.);
#4488=ORIENTED_EDGE('',*,*,#6320,.F.);
#4489=ORIENTED_EDGE('',*,*,#6303,.T.);
#4490=ORIENTED_EDGE('',*,*,#6308,.T.);
#4491=CARTESIAN_POINT('',(6.25,-10.8999763888889,4.84992685185188));
#4492=DIRECTION('',(6.12323399573676E-17,0.0,-1.0));
#4493=DIRECTION('',(0.0,1.0,0.0));
#4494=SURFACE_STYLE_FILL_AREA(#6324);
#4495=ORIENTED_EDGE('',*,*,#6140,.F.);
#4496=ORIENTED_EDGE('',*,*,#6325,.F.);
#4497=ORIENTED_EDGE('',*,*,#6321,.T.);
#4498=ORIENTED_EDGE('',*,*,#6323,.T.);
#4499=ORIENTED_EDGE('',*,*,#6307,.T.);
#4500=ORIENTED_EDGE('',*,*,#6311,.T.);
#4501=ORIENTED_EDGE('',*,*,#6314,.T.);
#4502=ORIENTED_EDGE('',*,*,#6317,.T.);
#4503=ORIENTED_EDGE('',*,*,#6295,.T.);
#4504=CARTESIAN_POINT('',(7.75,-11.8030803877962,4.84527588039257));
#4505=DIRECTION('',(1.0,0.0,6.12323399573676E-17));
#4506=DIRECTION('',(6.12323399573676E-17,0.0,-1.0));
#4507=SURFACE_STYLE_FILL_AREA(#6326);
#4508=ORIENTED_EDGE('',*,*,#6145,.F.);
#4509=ORIENTED_EDGE('',*,*,#6327,.F.);
#4510=ORIENTED_EDGE('',*,*,#6328,.F.);
#4511=ORIENTED_EDGE('',*,*,#6329,.T.);
#4512=CARTESIAN_POINT('',(2.75,-12.3499981481482,4.49997129629633));
#4513=DIRECTION('',(6.12323399573676E-17,0.0,-1.0));
#4514=DIRECTION('',(0.0,1.0,0.0));
#4515=SURFACE_STYLE_FILL_AREA(#6330);
#4516=ORIENTED_EDGE('',*,*,#6146,.F.);
#4517=ORIENTED_EDGE('',*,*,#6329,.F.);
#4518=ORIENTED_EDGE('',*,*,#6331,.F.);
#4519=ORIENTED_EDGE('',*,*,#6332,.F.);
#4520=ORIENTED_EDGE('',*,*,#6333,.F.);
#4521=ORIENTED_EDGE('',*,*,#6334,.F.);
#4522=ORIENTED_EDGE('',*,*,#6335,.F.);
#4523=ORIENTED_EDGE('',*,*,#6336,.T.);
#4524=ORIENTED_EDGE('',*,*,#6337,.F.);
#4525=CARTESIAN_POINT('',(2.75,-11.8030803877962,4.84527588039257));
#4526=DIRECTION('',(1.0,0.0,6.12323399573676E-17));
#4527=DIRECTION('',(6.12323399573676E-17,0.0,-1.0));
#4528=SURFACE_STYLE_FILL_AREA(#6338);
#4529=ORIENTED_EDGE('',*,*,#6339,.F.);
#4530=ORIENTED_EDGE('',*,*,#6340,.F.);
#4531=ORIENTED_EDGE('',*,*,#6334,.T.);
#4532=ORIENTED_EDGE('',*,*,#6341,.T.);
#4533=CARTESIAN_POINT('',(2.75,-11.4499569444445,4.57493657407408));
#4534=DIRECTION('',(5.04582316534891E-17,0.566523682092365,-0.824045458472109));
#4535=DIRECTION('',(-3.46895706957794E-17,0.824045458472109,0.566523682092365));
#4536=SURFACE_STYLE_FILL_AREA(#6342);
#4537=ORIENTED_EDGE('',*,*,#6343,.F.);
#4538=ORIENTED_EDGE('',*,*,#6341,.F.);
#4539=ORIENTED_EDGE('',*,*,#6333,.T.);
#4540=ORIENTED_EDGE('',*,*,#6344,.T.);
#4541=CARTESIAN_POINT('',(2.75,-11.8499481481482,4.09998009259258));
#4542=DIRECTION('',(0.0,1.0,0.0));
#4543=DIRECTION('',(-6.12323399573676E-17,0.0,1.0));
#4544=SURFACE_STYLE_FILL_AREA(#6345);
#4545=ORIENTED_EDGE('',*,*,#6346,.F.);
#4546=ORIENTED_EDGE('',*,*,#6344,.F.);
#4547=ORIENTED_EDGE('',*,*,#6332,.T.);
#4548=ORIENTED_EDGE('',*,*,#6347,.T.);
#4549=CARTESIAN_POINT('',(2.75,-11.9249722222223,3.90001388888888));
#4550=DIRECTION('',(6.12323399573676E-17,0.0,-1.0));
#4551=DIRECTION('',(0.0,1.0,0.0));
#4552=SURFACE_STYLE_FILL_AREA(#6348);
#4553=ORIENTED_EDGE('',*,*,#6349,.F.);
#4554=ORIENTED_EDGE('',*,*,#6347,.F.);
#4555=ORIENTED_EDGE('',*,*,#6331,.T.);
#4556=ORIENTED_EDGE('',*,*,#6328,.T.);
#4557=CARTESIAN_POINT('',(2.75,-11.9999962962963,4.19999259259261));
#4558=DIRECTION('',(0.0,-1.0,0.0));
#4559=DIRECTION('',(6.12323399573676E-17,0.0,-1.0));
#4560=SURFACE_STYLE_FILL_AREA(#6350);
#4561=ORIENTED_EDGE('',*,*,#6351,.F.);
#4562=ORIENTED_EDGE('',*,*,#6336,.F.);
#4563=ORIENTED_EDGE('',*,*,#6352,.T.);
#4564=ORIENTED_EDGE('',*,*,#6353,.F.);
#4565=CARTESIAN_POINT('',(2.75,-10.7499870370371,5.12496342592594));
#4566=DIRECTION('',(0.0,1.0,0.0));
#4567=DIRECTION('',(-6.12323399573676E-17,0.0,1.0));
#4568=SURFACE_STYLE_FILL_AREA(#6354);
#4569=ORIENTED_EDGE('',*,*,#6355,.F.);
#4570=ORIENTED_EDGE('',*,*,#6352,.F.);
#4571=ORIENTED_EDGE('',*,*,#6335,.T.);
#4572=ORIENTED_EDGE('',*,*,#6340,.T.);
#4573=CARTESIAN_POINT('',(2.75,-10.8999763888889,4.84992685185188));
#4574=DIRECTION('',(6.12323399573676E-17,0.0,-1.0));
#4575=DIRECTION('',(0.0,1.0,0.0));
#4576=SURFACE_STYLE_FILL_AREA(#6356);
#4577=ORIENTED_EDGE('',*,*,#6144,.F.);
#4578=ORIENTED_EDGE('',*,*,#6357,.F.);
#4579=ORIENTED_EDGE('',*,*,#6353,.T.);
#4580=ORIENTED_EDGE('',*,*,#6355,.T.);
#4581=ORIENTED_EDGE('',*,*,#6339,.T.);
#4582=ORIENTED_EDGE('',*,*,#6343,.T.);
#4583=ORIENTED_EDGE('',*,*,#6346,.T.);
#4584=ORIENTED_EDGE('',*,*,#6349,.T.);
#4585=ORIENTED_EDGE('',*,*,#6327,.T.);
#4586=CARTESIAN_POINT('',(4.25,-11.8030803877962,4.84527588039257));
#4587=DIRECTION('',(1.0,0.0,6.12323399573676E-17));
#4588=DIRECTION('',(6.12323399573676E-17,0.0,-1.0));
#4589=SURFACE_STYLE_FILL_AREA(#6358);
#4590=ORIENTED_EDGE('',*,*,#6149,.F.);
#4591=ORIENTED_EDGE('',*,*,#6359,.F.);
#4592=ORIENTED_EDGE('',*,*,#6360,.F.);
#4593=ORIENTED_EDGE('',*,*,#6361,.T.);
#4594=CARTESIAN_POINT('',(-0.75,-12.3499981481482,4.49997129629633));
#4595=DIRECTION('',(6.12323399573676E-17,0.0,-1.0));
#4596=DIRECTION('',(0.0,1.0,0.0));
#4597=SURFACE_STYLE_FILL_AREA(#6362);
#4598=ORIENTED_EDGE('',*,*,#6150,.F.);
#4599=ORIENTED_EDGE('',*,*,#6361,.F.);
#4600=ORIENTED_EDGE('',*,*,#6363,.F.);
#4601=ORIENTED_EDGE('',*,*,#6364,.F.);
#4602=ORIENTED_EDGE('',*,*,#6365,.F.);
#4603=ORIENTED_EDGE('',*,*,#6366,.F.);
#4604=ORIENTED_EDGE('',*,*,#6367,.F.);
#4605=ORIENTED_EDGE('',*,*,#6368,.T.);
#4606=ORIENTED_EDGE('',*,*,#6369,.F.);
#4607=CARTESIAN_POINT('',(-0.75,-11.8030803877962,4.84527588039257));
#4608=DIRECTION('',(1.0,0.0,6.12323399573676E-17));
#4609=DIRECTION('',(6.12323399573676E-17,0.0,-1.0));
#4610=SURFACE_STYLE_FILL_AREA(#6370);
#4611=ORIENTED_EDGE('',*,*,#6371,.F.);
#4612=ORIENTED_EDGE('',*,*,#6372,.F.);
#4613=ORIENTED_EDGE('',*,*,#6366,.T.);
#4614=ORIENTED_EDGE('',*,*,#6373,.T.);
#4615=CARTESIAN_POINT('',(-0.75,-11.4499569444445,4.57493657407408));
#4616=DIRECTION('',(5.04582316534891E-17,0.566523682092365,-0.824045458472109));
#4617=DIRECTION('',(-3.46895706957794E-17,0.824045458472109,0.566523682092365));
#4618=SURFACE_STYLE_FILL_AREA(#6374);
#4619=ORIENTED_EDGE('',*,*,#6375,.F.);
#4620=ORIENTED_EDGE('',*,*,#6373,.F.);
#4621=ORIENTED_EDGE('',*,*,#6365,.T.);
#4622=ORIENTED_EDGE('',*,*,#6376,.T.);
#4623=CARTESIAN_POINT('',(-0.75,-11.8499481481482,4.09998009259258));
#4624=DIRECTION('',(0.0,1.0,0.0));
#4625=DIRECTION('',(-6.12323399573676E-17,0.0,1.0));
#4626=SURFACE_STYLE_FILL_AREA(#6377);
#4627=ORIENTED_EDGE('',*,*,#6378,.F.);
#4628=ORIENTED_EDGE('',*,*,#6376,.F.);
#4629=ORIENTED_EDGE('',*,*,#6364,.T.);
#4630=ORIENTED_EDGE('',*,*,#6379,.T.);
#4631=CARTESIAN_POINT('',(-0.75,-11.9249722222223,3.90001388888888));
#4632=DIRECTION('',(6.12323399573676E-17,0.0,-1.0));
#4633=DIRECTION('',(0.0,1.0,0.0));
#4634=SURFACE_STYLE_FILL_AREA(#6380);
#4635=ORIENTED_EDGE('',*,*,#6381,.F.);
#4636=ORIENTED_EDGE('',*,*,#6379,.F.);
#4637=ORIENTED_EDGE('',*,*,#6363,.T.);
#4638=ORIENTED_EDGE('',*,*,#6360,.T.);
#4639=CARTESIAN_POINT('',(-0.75,-11.9999962962963,4.19999259259261));
#4640=DIRECTION('',(0.0,-1.0,0.0));
#4641=DIRECTION('',(6.12323399573676E-17,0.0,-1.0));
#4642=SURFACE_STYLE_FILL_AREA(#6382);
#4643=ORIENTED_EDGE('',*,*,#6383,.F.);
#4644=ORIENTED_EDGE('',*,*,#6368,.F.);
#4645=ORIENTED_EDGE('',*,*,#6384,.T.);
#4646=ORIENTED_EDGE('',*,*,#6385,.F.);
#4647=CARTESIAN_POINT('',(-0.75,-10.7499870370371,5.12496342592594));
#4648=DIRECTION('',(0.0,1.0,0.0));
#4649=DIRECTION('',(-6.12323399573676E-17,0.0,1.0));
#4650=SURFACE_STYLE_FILL_AREA(#6386);
#4651=ORIENTED_EDGE('',*,*,#6387,.F.);
#4652=ORIENTED_EDGE('',*,*,#6384,.F.);
#4653=ORIENTED_EDGE('',*,*,#6367,.T.);
#4654=ORIENTED_EDGE('',*,*,#6372,.T.);
#4655=CARTESIAN_POINT('',(-0.75,-10.8999763888889,4.84992685185188));
#4656=DIRECTION('',(6.12323399573676E-17,0.0,-1.0));
#4657=DIRECTION('',(0.0,1.0,0.0));
#4658=SURFACE_STYLE_FILL_AREA(#6388);
#4659=ORIENTED_EDGE('',*,*,#6148,.F.);
#4660=ORIENTED_EDGE('',*,*,#6389,.F.);
#4661=ORIENTED_EDGE('',*,*,#6385,.T.);
#4662=ORIENTED_EDGE('',*,*,#6387,.T.);
#4663=ORIENTED_EDGE('',*,*,#6371,.T.);
#4664=ORIENTED_EDGE('',*,*,#6375,.T.);
#4665=ORIENTED_EDGE('',*,*,#6378,.T.);
#4666=ORIENTED_EDGE('',*,*,#6381,.T.);
#4667=ORIENTED_EDGE('',*,*,#6359,.T.);
#4668=CARTESIAN_POINT('',(0.75,-11.8030803877962,4.84527588039257));
#4669=DIRECTION('',(1.0,0.0,6.12323399573676E-17));
#4670=DIRECTION('',(6.12323399573676E-17,0.0,-1.0));
#4671=SURFACE_STYLE_FILL_AREA(#6390);
#4672=ORIENTED_EDGE('',*,*,#6391,.F.);
#4673=ORIENTED_EDGE('',*,*,#6392,.F.);
#4674=ORIENTED_EDGE('',*,*,#6393,.F.);
#4675=ORIENTED_EDGE('',*,*,#6394,.F.);
#4676=ORIENTED_EDGE('',*,*,#6395,.F.);
#4677=ORIENTED_EDGE('',*,*,#6396,.F.);
#4678=ORIENTED_EDGE('',*,*,#6397,.F.);
#4679=CARTESIAN_POINT('',(11.9478,-12.5,4.75389999999999));
#4680=DIRECTION('',(1.0,0.0,0.0));
#4681=DIRECTION('',(0.0,6.12323399573676E-17,-1.0));
#4682=SURFACE_STYLE_FILL_AREA(#6398);
#4683=ORIENTED_EDGE('',*,*,#6399,.F.);
#4684=ORIENTED_EDGE('',*,*,#6394,.T.);
#4685=ORIENTED_EDGE('',*,*,#6400,.F.);
#4686=ORIENTED_EDGE('',*,*,#6401,.F.);
#4687=CARTESIAN_POINT('',(11.6684,-12.5,3.51090000000028));
#4688=DIRECTION('',(0.905690226558377,2.59588446951403E-17,-0.423940106048762));
#4689=DIRECTION('',(-0.423940106048762,5.54575318486879E-17,-0.905690226558377));
#4690=SURFACE_STYLE_FILL_AREA(#6402);
#4691=ORIENTED_EDGE('',*,*,#6403,.F.);
#4692=ORIENTED_EDGE('',*,*,#6404,.F.);
#4693=ORIENTED_EDGE('',*,*,#6405,.F.);
#4694=ORIENTED_EDGE('',*,*,#6406,.F.);
#4695=ORIENTED_EDGE('',*,*,#6407,.T.);
#4696=ORIENTED_EDGE('',*,*,#6408,.F.);
#4697=ORIENTED_EDGE('',*,*,#6409,.F.);
#4698=CARTESIAN_POINT('',(9.05219999999999,-12.5,4.75390000000008));
#4699=DIRECTION('',(-1.0,0.0,0.0));
#4700=DIRECTION('',(0.0,-6.12323399573676E-17,1.0));
#4701=SURFACE_STYLE_FILL_AREA(#6410);
#4702=ORIENTED_EDGE('',*,*,#6411,.F.);
#4703=ORIENTED_EDGE('',*,*,#6412,.F.);
#4704=ORIENTED_EDGE('',*,*,#6413,.F.);
#4705=ORIENTED_EDGE('',*,*,#6407,.F.);
#4706=CARTESIAN_POINT('',(9.33159999999999,-12.5,3.51090000000028));
#4707=DIRECTION('',(-0.905690226558377,2.59588446951403E-17,-0.423940106048762));
#4708=DIRECTION('',(-0.423940106048762,-5.54575318486879E-17,0.905690226558377));
#4709=SURFACE_STYLE_FILL_AREA(#6414);
#4710=ORIENTED_EDGE('',*,*,#6396,.T.);
#4711=ORIENTED_EDGE('',*,*,#6415,.T.);
#4712=ORIENTED_EDGE('',*,*,#6405,.T.);
#4713=ORIENTED_EDGE('',*,*,#6416,.F.);
#4714=CARTESIAN_POINT('',(13.5,-9.8076,4.28690000000013));
#4715=DIRECTION('',(0.0,-1.0,0.0));
#4716=DIRECTION('',(6.12323399573676E-17,0.0,1.0));
#4717=SURFACE_STYLE_FILL_AREA(#6417);
#4718=ORIENTED_EDGE('',*,*,#6395,.T.);
#4719=ORIENTED_EDGE('',*,*,#6399,.T.);
#4720=ORIENTED_EDGE('',*,*,#6418,.T.);
#4721=ORIENTED_EDGE('',*,*,#6411,.T.);
#4722=ORIENTED_EDGE('',*,*,#6406,.T.);
#4723=ORIENTED_EDGE('',*,*,#6415,.F.);
#4724=CARTESIAN_POINT('',(13.5,-9.75680000000001,3.52490000000031));
#4725=DIRECTION('',(-5.19249204341102E-18,-0.996398007205978,-0.084799830400508));
#4726=DIRECTION('',(6.10117815100801E-17,-0.084799830400508,0.996398007205978));
#4727=SURFACE_STYLE_FILL_AREA(#6419);
#4728=ORIENTED_EDGE('',*,*,#6401,.T.);
#4729=ORIENTED_EDGE('',*,*,#6420,.T.);
#4730=ORIENTED_EDGE('',*,*,#6412,.T.);
#4731=ORIENTED_EDGE('',*,*,#6418,.F.);
#4732=CARTESIAN_POINT('',(13.5,-8.35980000000002,2.92800000000037));
#4733=DIRECTION('',(-6.12323399573676E-17,-0.0,-1.0));
#4734=DIRECTION('',(0.0,-1.0,0.0));
#4735=SURFACE_STYLE_FILL_AREA(#6421);
#4736=ORIENTED_EDGE('',*,*,#6400,.T.);
#4737=ORIENTED_EDGE('',*,*,#6393,.T.);
#4738=ORIENTED_EDGE('',*,*,#6422,.T.);
#4739=ORIENTED_EDGE('',*,*,#6408,.T.);
#4740=ORIENTED_EDGE('',*,*,#6413,.T.);
#4741=ORIENTED_EDGE('',*,*,#6420,.F.);
#4742=CARTESIAN_POINT('',(13.5,-6.3151,3.52490000000031));
#4743=DIRECTION('',(-4.65507504194341E-17,0.649652327582099,-0.760231447170638));
#4744=DIRECTION('',(-3.97797321766022E-17,-0.760231447170638,-0.649652327582099));
#4745=SURFACE_STYLE_FILL_AREA(#6423);
#4746=ORIENTED_EDGE('',*,*,#6424,.F.);
#4747=ORIENTED_EDGE('',*,*,#6409,.T.);
#4748=ORIENTED_EDGE('',*,*,#6422,.F.);
#4749=ORIENTED_EDGE('',*,*,#6392,.T.);
#4750=CARTESIAN_POINT('',(13.5,-5.61659999999998,4.76790000000015));
#4751=DIRECTION('',(0.0,1.0,0.0));
#4752=DIRECTION('',(-6.12323399573676E-17,0.0,-1.0));
#4753=SURFACE_STYLE_FILL_AREA(#6425);
#4754=ORIENTED_EDGE('',*,*,#6404,.T.);
#4755=ORIENTED_EDGE('',*,*,#6426,.T.);
#4756=ORIENTED_EDGE('',*,*,#6427,.T.);
#4757=ORIENTED_EDGE('',*,*,#6428,.F.);
#4758=CARTESIAN_POINT('',(12.8,-9.8076,4.82600000000001));
#4759=DIRECTION('',(3.63537720172974E-32,-1.0,5.93702152205981E-16));
#4760=DIRECTION('',(6.12323399573676E-17,5.93702152205981E-16,1.0));
#4761=SURFACE_STYLE_FILL_AREA(#6429);
#4762=ORIENTED_EDGE('',*,*,#6397,.T.);
#4763=ORIENTED_EDGE('',*,*,#6430,.F.);
#4764=ORIENTED_EDGE('',*,*,#6431,.F.);
#4765=ORIENTED_EDGE('',*,*,#6432,.T.);
#4766=CARTESIAN_POINT('',(12.8,-9.8076,4.82600000000001));
#4767=DIRECTION('',(3.63537720172974E-32,-1.0,5.93702152205981E-16));
#4768=DIRECTION('',(6.12323399573676E-17,5.93702152205981E-16,1.0));
#4769=SURFACE_STYLE_FILL_AREA(#6433);
#4770=ORIENTED_EDGE('',*,*,#6434,.F.);
#4771=ORIENTED_EDGE('',*,*,#6435,.F.);
#4772=ORIENTED_EDGE('',*,*,#6436,.F.);
#4773=ORIENTED_EDGE('',*,*,#6437,.F.);
#4774=ORIENTED_EDGE('',*,*,#6438,.F.);
#4775=ORIENTED_EDGE('',*,*,#6439,.F.);
#4776=ORIENTED_EDGE('',*,*,#6427,.F.);
#4777=CARTESIAN_POINT('',(8.44780000000001,-12.5,4.75389999999999));
#4778=DIRECTION('',(1.0,0.0,0.0));
#4779=DIRECTION('',(0.0,6.12323399573676E-17,-1.0));
#4780=SURFACE_STYLE_FILL_AREA(#6440);
#4781=ORIENTED_EDGE('',*,*,#6441,.F.);
#4782=ORIENTED_EDGE('',*,*,#6437,.T.);
#4783=ORIENTED_EDGE('',*,*,#6442,.F.);
#4784=ORIENTED_EDGE('',*,*,#6443,.F.);
#4785=CARTESIAN_POINT('',(8.16840000000001,-12.5,3.51090000000028));
#4786=DIRECTION('',(0.905690226558377,2.59588446951403E-17,-0.423940106048762));
#4787=DIRECTION('',(-0.423940106048762,5.54575318486879E-17,-0.905690226558377));
#4788=SURFACE_STYLE_FILL_AREA(#6444);
#4789=ORIENTED_EDGE('',*,*,#6445,.F.);
#4790=ORIENTED_EDGE('',*,*,#6446,.F.);
#4791=ORIENTED_EDGE('',*,*,#6447,.F.);
#4792=ORIENTED_EDGE('',*,*,#6448,.F.);
#4793=ORIENTED_EDGE('',*,*,#6449,.T.);
#4794=ORIENTED_EDGE('',*,*,#6450,.F.);
#4795=ORIENTED_EDGE('',*,*,#6451,.F.);
#4796=CARTESIAN_POINT('',(5.55219999999999,-12.5,4.75390000000008));
#4797=DIRECTION('',(-1.0,0.0,0.0));
#4798=DIRECTION('',(0.0,-6.12323399573676E-17,1.0));
#4799=SURFACE_STYLE_FILL_AREA(#6452);
#4800=ORIENTED_EDGE('',*,*,#6453,.F.);
#4801=ORIENTED_EDGE('',*,*,#6454,.F.);
#4802=ORIENTED_EDGE('',*,*,#6455,.F.);
#4803=ORIENTED_EDGE('',*,*,#6449,.F.);
#4804=CARTESIAN_POINT('',(5.83159999999999,-12.5,3.51090000000028));
#4805=DIRECTION('',(-0.905690226558377,2.59588446951403E-17,-0.423940106048762));
#4806=DIRECTION('',(-0.423940106048762,-5.54575318486879E-17,0.905690226558377));
#4807=SURFACE_STYLE_FILL_AREA(#6456);
#4808=ORIENTED_EDGE('',*,*,#6439,.T.);
#4809=ORIENTED_EDGE('',*,*,#6457,.T.);
#4810=ORIENTED_EDGE('',*,*,#6447,.T.);
#4811=ORIENTED_EDGE('',*,*,#6458,.F.);
#4812=CARTESIAN_POINT('',(10.0,-9.8076,4.28690000000013));
#4813=DIRECTION('',(0.0,-1.0,0.0));
#4814=DIRECTION('',(6.12323399573676E-17,0.0,1.0));
#4815=SURFACE_STYLE_FILL_AREA(#6459);
#4816=ORIENTED_EDGE('',*,*,#6438,.T.);
#4817=ORIENTED_EDGE('',*,*,#6441,.T.);
#4818=ORIENTED_EDGE('',*,*,#6460,.T.);
#4819=ORIENTED_EDGE('',*,*,#6453,.T.);
#4820=ORIENTED_EDGE('',*,*,#6448,.T.);
#4821=ORIENTED_EDGE('',*,*,#6457,.F.);
#4822=CARTESIAN_POINT('',(10.0,-9.75680000000001,3.52490000000031));
#4823=DIRECTION('',(-5.19249204341102E-18,-0.996398007205978,-0.084799830400508));
#4824=DIRECTION('',(6.10117815100801E-17,-0.084799830400508,0.996398007205978));
#4825=SURFACE_STYLE_FILL_AREA(#6461);
#4826=ORIENTED_EDGE('',*,*,#6443,.T.);
#4827=ORIENTED_EDGE('',*,*,#6462,.T.);
#4828=ORIENTED_EDGE('',*,*,#6454,.T.);
#4829=ORIENTED_EDGE('',*,*,#6460,.F.);
#4830=CARTESIAN_POINT('',(10.0,-8.35980000000002,2.92800000000037));
#4831=DIRECTION('',(-6.12323399573676E-17,-0.0,-1.0));
#4832=DIRECTION('',(0.0,-1.0,0.0));
#4833=SURFACE_STYLE_FILL_AREA(#6463);
#4834=ORIENTED_EDGE('',*,*,#6442,.T.);
#4835=ORIENTED_EDGE('',*,*,#6436,.T.);
#4836=ORIENTED_EDGE('',*,*,#6464,.T.);
#4837=ORIENTED_EDGE('',*,*,#6450,.T.);
#4838=ORIENTED_EDGE('',*,*,#6455,.T.);
#4839=ORIENTED_EDGE('',*,*,#6462,.F.);
#4840=CARTESIAN_POINT('',(10.0,-6.3151,3.52490000000031));
#4841=DIRECTION('',(-4.65507504194341E-17,0.649652327582099,-0.760231447170638));
#4842=DIRECTION('',(-3.97797321766022E-17,-0.760231447170638,-0.649652327582099));
#4843=SURFACE_STYLE_FILL_AREA(#6465);
#4844=ORIENTED_EDGE('',*,*,#6466,.F.);
#4845=ORIENTED_EDGE('',*,*,#6451,.T.);
#4846=ORIENTED_EDGE('',*,*,#6464,.F.);
#4847=ORIENTED_EDGE('',*,*,#6435,.T.);
#4848=CARTESIAN_POINT('',(10.0,-5.61659999999998,4.76790000000015));
#4849=DIRECTION('',(0.0,1.0,0.0));
#4850=DIRECTION('',(-6.12323399573676E-17,0.0,-1.0));
#4851=SURFACE_STYLE_FILL_AREA(#6467);
#4852=ORIENTED_EDGE('',*,*,#6446,.T.);
#4853=ORIENTED_EDGE('',*,*,#6468,.T.);
#4854=ORIENTED_EDGE('',*,*,#6469,.T.);
#4855=ORIENTED_EDGE('',*,*,#6470,.F.);
#4856=CARTESIAN_POINT('',(12.8,-9.8076,4.82600000000001));
#4857=DIRECTION('',(3.63537720172974E-32,-1.0,5.93702152205981E-16));
#4858=DIRECTION('',(6.12323399573676E-17,5.93702152205981E-16,1.0));
#4859=SURFACE_STYLE_FILL_AREA(#6471);
#4860=ORIENTED_EDGE('',*,*,#6472,.F.);
#4861=ORIENTED_EDGE('',*,*,#6473,.F.);
#4862=ORIENTED_EDGE('',*,*,#6474,.F.);
#4863=ORIENTED_EDGE('',*,*,#6475,.F.);
#4864=ORIENTED_EDGE('',*,*,#6476,.F.);
#4865=ORIENTED_EDGE('',*,*,#6477,.F.);
#4866=ORIENTED_EDGE('',*,*,#6469,.F.);
#4867=CARTESIAN_POINT('',(4.94780000000001,-12.5,4.75389999999999));
#4868=DIRECTION('',(1.0,0.0,0.0));
#4869=DIRECTION('',(0.0,6.12323399573676E-17,-1.0));
#4870=SURFACE_STYLE_FILL_AREA(#6478);
#4871=ORIENTED_EDGE('',*,*,#6479,.F.);
#4872=ORIENTED_EDGE('',*,*,#6475,.T.);
#4873=ORIENTED_EDGE('',*,*,#6480,.F.);
#4874=ORIENTED_EDGE('',*,*,#6481,.F.);
#4875=CARTESIAN_POINT('',(4.66840000000001,-12.5,3.51090000000028));
#4876=DIRECTION('',(0.905690226558377,2.59588446951403E-17,-0.423940106048762));
#4877=DIRECTION('',(-0.423940106048762,5.54575318486879E-17,-0.905690226558377));
#4878=SURFACE_STYLE_FILL_AREA(#6482);
#4879=ORIENTED_EDGE('',*,*,#6483,.F.);
#4880=ORIENTED_EDGE('',*,*,#6484,.F.);
#4881=ORIENTED_EDGE('',*,*,#6485,.F.);
#4882=ORIENTED_EDGE('',*,*,#6486,.F.);
#4883=ORIENTED_EDGE('',*,*,#6487,.T.);
#4884=ORIENTED_EDGE('',*,*,#6488,.F.);
#4885=ORIENTED_EDGE('',*,*,#6489,.F.);
#4886=CARTESIAN_POINT('',(2.05219999999999,-12.5,4.75390000000008));
#4887=DIRECTION('',(-1.0,0.0,0.0));
#4888=DIRECTION('',(0.0,-6.12323399573676E-17,1.0));
#4889=SURFACE_STYLE_FILL_AREA(#6490);
#4890=ORIENTED_EDGE('',*,*,#6491,.F.);
#4891=ORIENTED_EDGE('',*,*,#6492,.F.);
#4892=ORIENTED_EDGE('',*,*,#6493,.F.);
#4893=ORIENTED_EDGE('',*,*,#6487,.F.);
#4894=CARTESIAN_POINT('',(2.33159999999999,-12.5,3.51090000000028));
#4895=DIRECTION('',(-0.905690226558377,2.59588446951403E-17,-0.423940106048762));
#4896=DIRECTION('',(-0.423940106048762,-5.54575318486879E-17,0.905690226558377));
#4897=SURFACE_STYLE_FILL_AREA(#6494);
#4898=ORIENTED_EDGE('',*,*,#6477,.T.);
#4899=ORIENTED_EDGE('',*,*,#6495,.T.);
#4900=ORIENTED_EDGE('',*,*,#6485,.T.);
#4901=ORIENTED_EDGE('',*,*,#6496,.F.);
#4902=CARTESIAN_POINT('',(6.5,-9.8076,4.28690000000013));
#4903=DIRECTION('',(0.0,-1.0,0.0));
#4904=DIRECTION('',(6.12323399573676E-17,0.0,1.0));
#4905=SURFACE_STYLE_FILL_AREA(#6497);
#4906=ORIENTED_EDGE('',*,*,#6476,.T.);
#4907=ORIENTED_EDGE('',*,*,#6479,.T.);
#4908=ORIENTED_EDGE('',*,*,#6498,.T.);
#4909=ORIENTED_EDGE('',*,*,#6491,.T.);
#4910=ORIENTED_EDGE('',*,*,#6486,.T.);
#4911=ORIENTED_EDGE('',*,*,#6495,.F.);
#4912=CARTESIAN_POINT('',(6.5,-9.75680000000001,3.52490000000031));
#4913=DIRECTION('',(-5.19249204341102E-18,-0.996398007205978,-0.084799830400508));
#4914=DIRECTION('',(6.10117815100801E-17,-0.084799830400508,0.996398007205978));
#4915=SURFACE_STYLE_FILL_AREA(#6499);
#4916=ORIENTED_EDGE('',*,*,#6481,.T.);
#4917=ORIENTED_EDGE('',*,*,#6500,.T.);
#4918=ORIENTED_EDGE('',*,*,#6492,.T.);
#4919=ORIENTED_EDGE('',*,*,#6498,.F.);
#4920=CARTESIAN_POINT('',(6.5,-8.35980000000002,2.92800000000037));
#4921=DIRECTION('',(-6.12323399573676E-17,-0.0,-1.0));
#4922=DIRECTION('',(0.0,-1.0,0.0));
#4923=SURFACE_STYLE_FILL_AREA(#6501);
#4924=ORIENTED_EDGE('',*,*,#6480,.T.);
#4925=ORIENTED_EDGE('',*,*,#6474,.T.);
#4926=ORIENTED_EDGE('',*,*,#6502,.T.);
#4927=ORIENTED_EDGE('',*,*,#6488,.T.);
#4928=ORIENTED_EDGE('',*,*,#6493,.T.);
#4929=ORIENTED_EDGE('',*,*,#6500,.F.);
#4930=CARTESIAN_POINT('',(6.5,-6.3151,3.52490000000031));
#4931=DIRECTION('',(-4.65507504194341E-17,0.649652327582099,-0.760231447170638));
#4932=DIRECTION('',(-3.97797321766022E-17,-0.760231447170638,-0.649652327582099));
#4933=SURFACE_STYLE_FILL_AREA(#6503);
#4934=ORIENTED_EDGE('',*,*,#6504,.F.);
#4935=ORIENTED_EDGE('',*,*,#6489,.T.);
#4936=ORIENTED_EDGE('',*,*,#6502,.F.);
#4937=ORIENTED_EDGE('',*,*,#6473,.T.);
#4938=CARTESIAN_POINT('',(6.5,-5.61659999999998,4.76790000000015));
#4939=DIRECTION('',(0.0,1.0,0.0));
#4940=DIRECTION('',(-6.12323399573676E-17,0.0,-1.0));
#4941=SURFACE_STYLE_FILL_AREA(#6505);
#4942=ORIENTED_EDGE('',*,*,#6484,.T.);
#4943=ORIENTED_EDGE('',*,*,#6506,.T.);
#4944=ORIENTED_EDGE('',*,*,#6507,.T.);
#4945=ORIENTED_EDGE('',*,*,#6508,.F.);
#4946=CARTESIAN_POINT('',(12.8,-9.8076,4.82600000000001));
#4947=DIRECTION('',(3.63537720172974E-32,-1.0,5.93702152205981E-16));
#4948=DIRECTION('',(6.12323399573676E-17,5.93702152205981E-16,1.0));
#4949=SURFACE_STYLE_FILL_AREA(#6509);
#4950=ORIENTED_EDGE('',*,*,#6510,.F.);
#4951=ORIENTED_EDGE('',*,*,#6511,.F.);
#4952=ORIENTED_EDGE('',*,*,#6512,.F.);
#4953=ORIENTED_EDGE('',*,*,#6513,.T.);
#4954=ORIENTED_EDGE('',*,*,#6514,.F.);
#4955=ORIENTED_EDGE('',*,*,#6515,.F.);
#4956=ORIENTED_EDGE('',*,*,#6516,.F.);
#4957=CARTESIAN_POINT('',(-1.44780000000001,-12.5,4.75390000000008));
#4958=DIRECTION('',(-1.0,0.0,0.0));
#4959=DIRECTION('',(0.0,-6.12323399573676E-17,1.0));
#4960=SURFACE_STYLE_FILL_AREA(#6517);
#4961=ORIENTED_EDGE('',*,*,#6518,.F.);
#4962=ORIENTED_EDGE('',*,*,#6519,.T.);
#4963=ORIENTED_EDGE('',*,*,#6520,.F.);
#4964=ORIENTED_EDGE('',*,*,#6521,.F.);
#4965=CARTESIAN_POINT('',(1.16840000000001,-12.5,3.51090000000028));
#4966=DIRECTION('',(0.905690226558377,2.59588446951403E-17,-0.423940106048762));
#4967=DIRECTION('',(-0.423940106048762,5.54575318486879E-17,-0.905690226558377));
#4968=SURFACE_STYLE_FILL_AREA(#6522);
#4969=ORIENTED_EDGE('',*,*,#6507,.F.);
#4970=ORIENTED_EDGE('',*,*,#6523,.F.);
#4971=ORIENTED_EDGE('',*,*,#6524,.F.);
#4972=ORIENTED_EDGE('',*,*,#6525,.F.);
#4973=ORIENTED_EDGE('',*,*,#6519,.F.);
#4974=ORIENTED_EDGE('',*,*,#6526,.F.);
#4975=ORIENTED_EDGE('',*,*,#6527,.F.);
#4976=CARTESIAN_POINT('',(1.44780000000001,-12.5,4.75389999999999));
#4977=DIRECTION('',(1.0,0.0,0.0));
#4978=DIRECTION('',(0.0,6.12323399573676E-17,-1.0));
#4979=SURFACE_STYLE_FILL_AREA(#6528);
#4980=ORIENTED_EDGE('',*,*,#6529,.F.);
#4981=ORIENTED_EDGE('',*,*,#6530,.F.);
#4982=ORIENTED_EDGE('',*,*,#6531,.F.);
#4983=ORIENTED_EDGE('',*,*,#6513,.F.);
#4984=CARTESIAN_POINT('',(-1.16840000000001,-12.5,3.51090000000028));
#4985=DIRECTION('',(-0.905690226558377,2.59588446951403E-17,-0.423940106048762));
#4986=DIRECTION('',(-0.423940106048762,-5.54575318486879E-17,0.905690226558377));
#4987=SURFACE_STYLE_FILL_AREA(#6532);
#4988=ORIENTED_EDGE('',*,*,#6527,.T.);
#4989=ORIENTED_EDGE('',*,*,#6533,.T.);
#4990=ORIENTED_EDGE('',*,*,#6511,.T.);
#4991=ORIENTED_EDGE('',*,*,#6534,.F.);
#4992=CARTESIAN_POINT('',(3.0,-9.8076,4.28690000000013));
#4993=DIRECTION('',(0.0,-1.0,0.0));
#4994=DIRECTION('',(6.12323399573676E-17,0.0,1.0));
#4995=SURFACE_STYLE_FILL_AREA(#6535);
#4996=ORIENTED_EDGE('',*,*,#6526,.T.);
#4997=ORIENTED_EDGE('',*,*,#6518,.T.);
#4998=ORIENTED_EDGE('',*,*,#6536,.T.);
#4999=ORIENTED_EDGE('',*,*,#6529,.T.);
#5000=ORIENTED_EDGE('',*,*,#6512,.T.);
#5001=ORIENTED_EDGE('',*,*,#6533,.F.);
#5002=CARTESIAN_POINT('',(3.0,-9.75680000000001,3.52490000000031));
#5003=DIRECTION('',(-5.19249204341102E-18,-0.996398007205978,-0.084799830400508));
#5004=DIRECTION('',(6.10117815100801E-17,-0.084799830400508,0.996398007205978));
#5005=SURFACE_STYLE_FILL_AREA(#6537);
#5006=ORIENTED_EDGE('',*,*,#6521,.T.);
#5007=ORIENTED_EDGE('',*,*,#6538,.T.);
#5008=ORIENTED_EDGE('',*,*,#6530,.T.);
#5009=ORIENTED_EDGE('',*,*,#6536,.F.);
#5010=CARTESIAN_POINT('',(3.0,-8.35980000000002,2.92800000000037));
#5011=DIRECTION('',(-6.12323399573676E-17,-0.0,-1.0));
#5012=DIRECTION('',(0.0,-1.0,0.0));
#5013=SURFACE_STYLE_FILL_AREA(#6539);
#5014=ORIENTED_EDGE('',*,*,#6520,.T.);
#5015=ORIENTED_EDGE('',*,*,#6525,.T.);
#5016=ORIENTED_EDGE('',*,*,#6540,.T.);
#5017=ORIENTED_EDGE('',*,*,#6514,.T.);
#5018=ORIENTED_EDGE('',*,*,#6531,.T.);
#5019=ORIENTED_EDGE('',*,*,#6538,.F.);
#5020=CARTESIAN_POINT('',(3.0,-6.3151,3.52490000000031));
#5021=DIRECTION('',(-4.65507504194341E-17,0.649652327582099,-0.760231447170638));
#5022=DIRECTION('',(-3.97797321766022E-17,-0.760231447170638,-0.649652327582099));
#5023=SURFACE_STYLE_FILL_AREA(#6541);
#5024=ORIENTED_EDGE('',*,*,#6542,.F.);
#5025=ORIENTED_EDGE('',*,*,#6515,.T.);
#5026=ORIENTED_EDGE('',*,*,#6540,.F.);
#5027=ORIENTED_EDGE('',*,*,#6524,.T.);
#5028=CARTESIAN_POINT('',(3.0,-5.61659999999998,4.76790000000015));
#5029=DIRECTION('',(0.0,1.0,0.0));
#5030=DIRECTION('',(-6.12323399573676E-17,0.0,-1.0));
#5031=SURFACE_STYLE_FILL_AREA(#6543);
#5032=ORIENTED_EDGE('',*,*,#6510,.T.);
#5033=ORIENTED_EDGE('',*,*,#6544,.T.);
#5034=ORIENTED_EDGE('',*,*,#6545,.T.);
#5035=ORIENTED_EDGE('',*,*,#6546,.F.);
#5036=CARTESIAN_POINT('',(12.8,-9.8076,4.82600000000001));
#5037=DIRECTION('',(3.63537720172974E-32,-1.0,5.93702152205981E-16));
#5038=DIRECTION('',(6.12323399573676E-17,5.93702152205981E-16,1.0));
#5039=SURFACE_STYLE_FILL_AREA(#6547);
#5040=ORIENTED_EDGE('',*,*,#6548,.F.);
#5041=ORIENTED_EDGE('',*,*,#6549,.T.);
#5042=ORIENTED_EDGE('',*,*,#6550,.F.);
#5043=ORIENTED_EDGE('',*,*,#6551,.F.);
#5044=CARTESIAN_POINT('',(13.25,-11.84,0.00700000000000145));
#5045=DIRECTION('',(4.58818135021446E-33,1.0,7.49306878262195E-17));
#5046=DIRECTION('',(-6.12323399573676E-17,7.49306878262195E-17,-1.0));
#5047=SURFACE_STYLE_FILL_AREA(#6552);
#5048=ORIENTED_EDGE('',*,*,#6553,.F.);
#5049=ORIENTED_EDGE('',*,*,#6554,.T.);
#5050=ORIENTED_EDGE('',*,*,#6555,.T.);
#5051=ORIENTED_EDGE('',*,*,#6556,.T.);
#5052=ORIENTED_EDGE('',*,*,#6557,.F.);
#5053=ORIENTED_EDGE('',*,*,#6558,.T.);
#5054=ORIENTED_EDGE('',*,*,#6550,.T.);
#5055=ORIENTED_EDGE('',*,*,#6559,.T.);
#5056=CARTESIAN_POINT('',(12.75,-11.5799562061201,0.00700000000000145));
#5057=DIRECTION('',(-1.0,0.0,6.12323399573676E-17));
#5058=DIRECTION('',(6.12323399573676E-17,0.0,1.0));
#5059=SURFACE_STYLE_FILL_AREA(#6560);
#5060=ORIENTED_EDGE('',*,*,#6561,.F.);
#5061=ORIENTED_EDGE('',*,*,#6562,.F.);
#5062=ORIENTED_EDGE('',*,*,#6563,.T.);
#5063=ORIENTED_EDGE('',*,*,#6554,.F.);
#5064=CARTESIAN_POINT('',(13.25,-10.934940446486,4.48200000000002));
#5065=DIRECTION('',(6.12323399573676E-17,-0.0,1.0));
#5066=DIRECTION('',(0.0,1.0,0.0));
#5067=SURFACE_STYLE_FILL_AREA(#6564);
#5068=ORIENTED_EDGE('',*,*,#6565,.F.);
#5069=ORIENTED_EDGE('',*,*,#6566,.T.);
#5070=ORIENTED_EDGE('',*,*,#6555,.F.);
#5071=ORIENTED_EDGE('',*,*,#6563,.F.);
#5072=CARTESIAN_POINT('',(13.25,-11.87,0.00700000000000145));
#5073=DIRECTION('',(-4.55742259255939E-33,-1.0,-7.44283591927476E-17));
#5074=DIRECTION('',(6.12323399573676E-17,-7.44283591927476E-17,1.0));
#5075=SURFACE_STYLE_FILL_AREA(#6567);
#5076=ORIENTED_EDGE('',*,*,#6568,.F.);
#5077=ORIENTED_EDGE('',*,*,#6569,.F.);
#5078=ORIENTED_EDGE('',*,*,#6556,.F.);
#5079=ORIENTED_EDGE('',*,*,#6566,.F.);
#5080=CARTESIAN_POINT('',(13.25,-10.934940446486,-4.46800000000002));
#5081=DIRECTION('',(-6.12323399573676E-17,-1.18732867917654E-16,-1.0));
#5082=DIRECTION('',(7.27029133244701E-33,-1.0,1.18732867917654E-16));
#5083=SURFACE_STYLE_FILL_AREA(#6570);
#5084=ORIENTED_EDGE('',*,*,#6561,.T.);
#5085=ORIENTED_EDGE('',*,*,#6553,.T.);
#5086=ORIENTED_EDGE('',*,*,#6571,.T.);
#5087=ORIENTED_EDGE('',*,*,#6572,.T.);
#5088=ORIENTED_EDGE('',*,*,#6573,.T.);
#5089=ORIENTED_EDGE('',*,*,#6574,.T.);
#5090=ORIENTED_EDGE('',*,*,#6575,.F.);
#5091=ORIENTED_EDGE('',*,*,#6576,.F.);
#5092=CARTESIAN_POINT('',(12.8,-10.0108,4.82600000000001));
#5093=DIRECTION('',(0.0,1.0,0.0));
#5094=DIRECTION('',(-6.12323399573676E-17,0.0,-1.0));
#5095=SURFACE_STYLE_FILL_AREA(#6577);
#5096=ORIENTED_EDGE('',*,*,#6578,.T.);
#5097=ORIENTED_EDGE('',*,*,#6548,.T.);
#5098=ORIENTED_EDGE('',*,*,#6579,.T.);
#5099=ORIENTED_EDGE('',*,*,#6580,.T.);
#5100=ORIENTED_EDGE('',*,*,#6581,.T.);
#5101=ORIENTED_EDGE('',*,*,#6582,.F.);
#5102=ORIENTED_EDGE('',*,*,#6583,.T.);
#5103=ORIENTED_EDGE('',*,*,#6584,.F.);
#5104=ORIENTED_EDGE('',*,*,#6585,.T.);
#5105=ORIENTED_EDGE('',*,*,#6586,.T.);
#5106=ORIENTED_EDGE('',*,*,#6587,.T.);
#5107=ORIENTED_EDGE('',*,*,#6588,.T.);
#5108=ORIENTED_EDGE('',*,*,#6589,.T.);
#5109=ORIENTED_EDGE('',*,*,#6590,.T.);
#5110=ORIENTED_EDGE('',*,*,#6591,.F.);
#5111=ORIENTED_EDGE('',*,*,#6431,.T.);
#5112=CARTESIAN_POINT('',(12.8,-6.41351400469792,-0.0337928236059275));
#5113=DIRECTION('',(-1.0,0.0,6.12323399573676E-17));
#5114=DIRECTION('',(6.12323399573676E-17,0.0,1.0));
#5115=SURFACE_STYLE_FILL_AREA(#6592);
#5116=ORIENTED_EDGE('',*,*,#6573,.F.);
#5117=ORIENTED_EDGE('',*,*,#6593,.T.);
#5118=ORIENTED_EDGE('',*,*,#6594,.T.);
#5119=ORIENTED_EDGE('',*,*,#6595,.F.);
#5120=CARTESIAN_POINT('',(-2.25,-10.934940446486,4.48200000000002));
#5121=DIRECTION('',(6.12323399573676E-17,-0.0,1.0));
#5122=DIRECTION('',(0.0,1.0,0.0));
#5123=SURFACE_STYLE_FILL_AREA(#6596);
#5124=ORIENTED_EDGE('',*,*,#6597,.F.);
#5125=ORIENTED_EDGE('',*,*,#6594,.F.);
#5126=ORIENTED_EDGE('',*,*,#6598,.T.);
#5127=ORIENTED_EDGE('',*,*,#6599,.T.);
#5128=CARTESIAN_POINT('',(-2.25,-11.87,0.00700000000000145));
#5129=DIRECTION('',(-4.55742259255939E-33,-1.0,-7.44283591927476E-17));
#5130=DIRECTION('',(6.12323399573676E-17,-7.44283591927476E-17,1.0));
#5131=SURFACE_STYLE_FILL_AREA(#6600);
#5132=ORIENTED_EDGE('',*,*,#6601,.F.);
#5133=ORIENTED_EDGE('',*,*,#6599,.F.);
#5134=ORIENTED_EDGE('',*,*,#6602,.T.);
#5135=ORIENTED_EDGE('',*,*,#6603,.F.);
#5136=CARTESIAN_POINT('',(-2.25,-10.934940446486,-4.46800000000002));
#5137=DIRECTION('',(-6.12323399573676E-17,-1.18732867917654E-16,-1.0));
#5138=DIRECTION('',(7.27029133244701E-33,-1.0,1.18732867917654E-16));
#5139=SURFACE_STYLE_FILL_AREA(#6604);
#5140=ORIENTED_EDGE('',*,*,#6605,.F.);
#5141=ORIENTED_EDGE('',*,*,#6606,.F.);
#5142=ORIENTED_EDGE('',*,*,#6607,.F.);
#5143=ORIENTED_EDGE('',*,*,#6608,.T.);
#5144=CARTESIAN_POINT('',(-2.25,-11.84,0.00700000000000145));
#5145=DIRECTION('',(4.58818135021446E-33,1.0,7.49306878262195E-17));
#5146=DIRECTION('',(-6.12323399573676E-17,7.49306878262195E-17,-1.0));
#5147=SURFACE_STYLE_FILL_AREA(#6609);
#5148=ORIENTED_EDGE('',*,*,#6572,.F.);
#5149=ORIENTED_EDGE('',*,*,#6610,.T.);
#5150=ORIENTED_EDGE('',*,*,#6607,.T.);
#5151=ORIENTED_EDGE('',*,*,#6611,.T.);
#5152=ORIENTED_EDGE('',*,*,#6612,.F.);
#5153=ORIENTED_EDGE('',*,*,#6602,.F.);
#5154=ORIENTED_EDGE('',*,*,#6598,.F.);
#5155=ORIENTED_EDGE('',*,*,#6593,.F.);
#5156=CARTESIAN_POINT('',(-2.25,-11.5799562061201,0.00700000000000145));
#5157=DIRECTION('',(-1.0,0.0,6.12323399573676E-17));
#5158=DIRECTION('',(6.12323399573676E-17,0.0,1.0));
#5159=SURFACE_STYLE_FILL_AREA(#6613);
#5160=ORIENTED_EDGE('',*,*,#6614,.F.);
#5161=ORIENTED_EDGE('',*,*,#6545,.F.);
#5162=ORIENTED_EDGE('',*,*,#6615,.F.);
#5163=ORIENTED_EDGE('',*,*,#6616,.F.);
#5164=ORIENTED_EDGE('',*,*,#6617,.F.);
#5165=ORIENTED_EDGE('',*,*,#6618,.F.);
#5166=ORIENTED_EDGE('',*,*,#6619,.F.);
#5167=ORIENTED_EDGE('',*,*,#6620,.F.);
#5168=ORIENTED_EDGE('',*,*,#6621,.F.);
#5169=ORIENTED_EDGE('',*,*,#6622,.F.);
#5170=ORIENTED_EDGE('',*,*,#6623,.F.);
#5171=ORIENTED_EDGE('',*,*,#6624,.F.);
#5172=ORIENTED_EDGE('',*,*,#6625,.F.);
#5173=ORIENTED_EDGE('',*,*,#6626,.F.);
#5174=ORIENTED_EDGE('',*,*,#6627,.T.);
#5175=ORIENTED_EDGE('',*,*,#6605,.T.);
#5176=CARTESIAN_POINT('',(-2.3,-6.41351400469792,-0.0337928236059266));
#5177=DIRECTION('',(-1.0,0.0,6.12323399573676E-17));
#5178=DIRECTION('',(6.12323399573676E-17,0.0,1.0));
#5179=SURFACE_STYLE_FILL_AREA(#6628);
#5180=ORIENTED_EDGE('',*,*,#6595,.T.);
#5181=ORIENTED_EDGE('',*,*,#6597,.T.);
#5182=ORIENTED_EDGE('',*,*,#6601,.T.);
#5183=ORIENTED_EDGE('',*,*,#6629,.F.);
#5184=ORIENTED_EDGE('',*,*,#6630,.F.);
#5185=ORIENTED_EDGE('',*,*,#6152,.F.);
#5186=ORIENTED_EDGE('',*,*,#6631,.F.);
#5187=ORIENTED_EDGE('',*,*,#6574,.F.);
#5188=CARTESIAN_POINT('',(-2.3,-6.41351400469792,-0.0337928236059266));
#5189=DIRECTION('',(-1.0,0.0,6.12323399573676E-17));
#5190=DIRECTION('',(6.12323399573676E-17,0.0,1.0));
#5191=SURFACE_STYLE_FILL_AREA(#6632);
#5192=ORIENTED_EDGE('',*,*,#6569,.T.);
#5193=ORIENTED_EDGE('',*,*,#6633,.F.);
#5194=ORIENTED_EDGE('',*,*,#6634,.T.);
#5195=ORIENTED_EDGE('',*,*,#6629,.T.);
#5196=ORIENTED_EDGE('',*,*,#6603,.T.);
#5197=ORIENTED_EDGE('',*,*,#6612,.T.);
#5198=ORIENTED_EDGE('',*,*,#6635,.F.);
#5199=ORIENTED_EDGE('',*,*,#6557,.T.);
#5200=CARTESIAN_POINT('',(12.8,-10.0108,-4.81900000000001));
#5201=DIRECTION('',(0.0,1.0,0.0));
#5202=DIRECTION('',(-6.12323399573676E-17,0.0,-1.0));
#5203=SURFACE_STYLE_FILL_AREA(#6636);
#5204=ORIENTED_EDGE('',*,*,#6637,.F.);
#5205=ORIENTED_EDGE('',*,*,#6638,.F.);
#5206=ORIENTED_EDGE('',*,*,#6639,.F.);
#5207=ORIENTED_EDGE('',*,*,#6640,.F.);
#5208=CARTESIAN_POINT('',(12.015,-1.12079999999998,2.14220000000003));
#5209=DIRECTION('',(-1.0,0.0,6.12323399573676E-17));
#5210=DIRECTION('',(6.12323399573676E-17,0.0,1.0));
#5211=SURFACE_STYLE_FILL_AREA(#6641);
#5212=ORIENTED_EDGE('',*,*,#6642,.F.);
#5213=ORIENTED_EDGE('',*,*,#6640,.T.);
#5214=ORIENTED_EDGE('',*,*,#6643,.F.);
#5215=ORIENTED_EDGE('',*,*,#6644,.T.);
#5216=CARTESIAN_POINT('',(12.485,-1.12079999999999,2.49620000000003));
#5217=DIRECTION('',(6.12323399573676E-17,-2.13263179871503E-14,1.0));
#5218=DIRECTION('',(1.30586035302811E-30,1.0,2.13263179871503E-14));
#5219=SURFACE_STYLE_FILL_AREA(#6645);
#5220=ORIENTED_EDGE('',*,*,#6646,.F.);
#5221=ORIENTED_EDGE('',*,*,#6644,.F.);
#5222=ORIENTED_EDGE('',*,*,#6647,.F.);
#5223=ORIENTED_EDGE('',*,*,#6648,.F.);
#5224=CARTESIAN_POINT('',(12.485,-1.12079999999998,2.14220000000003));
#5225=DIRECTION('',(-1.0,0.0,6.12323399573676E-17));
#5226=DIRECTION('',(6.12323399573676E-17,0.0,1.0));
#5227=SURFACE_STYLE_FILL_AREA(#6649);
#5228=ORIENTED_EDGE('',*,*,#6637,.T.);
#5229=ORIENTED_EDGE('',*,*,#6642,.T.);
#5230=ORIENTED_EDGE('',*,*,#6646,.T.);
#5231=ORIENTED_EDGE('',*,*,#6650,.F.);
#5232=ORIENTED_EDGE('',*,*,#6586,.F.);
#5233=ORIENTED_EDGE('',*,*,#6651,.T.);
#5234=ORIENTED_EDGE('',*,*,#6620,.T.);
#5235=ORIENTED_EDGE('',*,*,#6652,.F.);
#5236=ORIENTED_EDGE('',*,*,#6653,.T.);
#5237=ORIENTED_EDGE('',*,*,#6654,.T.);
#5238=ORIENTED_EDGE('',*,*,#6655,.T.);
#5239=ORIENTED_EDGE('',*,*,#6656,.F.);
#5240=ORIENTED_EDGE('',*,*,#6657,.T.);
#5241=ORIENTED_EDGE('',*,*,#6658,.T.);
#5242=ORIENTED_EDGE('',*,*,#6659,.T.);
#5243=ORIENTED_EDGE('',*,*,#6660,.F.);
#5244=ORIENTED_EDGE('',*,*,#6661,.T.);
#5245=ORIENTED_EDGE('',*,*,#6662,.T.);
#5246=ORIENTED_EDGE('',*,*,#6663,.T.);
#5247=ORIENTED_EDGE('',*,*,#6664,.F.);
#5248=ORIENTED_EDGE('',*,*,#6665,.T.);
#5249=ORIENTED_EDGE('',*,*,#6666,.T.);
#5250=ORIENTED_EDGE('',*,*,#6667,.T.);
#5251=ORIENTED_EDGE('',*,*,#6668,.F.);
#5252=CARTESIAN_POINT('',(12.8,-0.612800000000002,2.49620000000004));
#5253=DIRECTION('',(0.0,-1.0,0.0));
#5254=DIRECTION('',(6.12323399573676E-17,0.0,1.0));
#5255=SURFACE_STYLE_FILL_AREA(#6669);
#5256=ORIENTED_EDGE('',*,*,#6648,.T.);
#5257=ORIENTED_EDGE('',*,*,#6670,.F.);
#5258=ORIENTED_EDGE('',*,*,#6587,.F.);
#5259=ORIENTED_EDGE('',*,*,#6650,.T.);
#5260=CARTESIAN_POINT('',(12.8,-1.12079999999999,1.98820000000003));
#5261=DIRECTION('',(6.12323399573676E-17,-0.0,1.0));
#5262=DIRECTION('',(0.0,1.0,0.0));
#5263=SURFACE_STYLE_FILL_AREA(#6671);
#5264=ORIENTED_EDGE('',*,*,#6647,.T.);
#5265=ORIENTED_EDGE('',*,*,#6672,.F.);
#5266=ORIENTED_EDGE('',*,*,#6588,.F.);
#5267=ORIENTED_EDGE('',*,*,#6670,.T.);
#5268=CARTESIAN_POINT('',(12.8,-1.62879999999998,2.24220000000003));
#5269=DIRECTION('',(0.0,1.0,0.0));
#5270=DIRECTION('',(-6.12323399573676E-17,0.0,-1.0));
#5271=SURFACE_STYLE_FILL_AREA(#6673);
#5272=ORIENTED_EDGE('',*,*,#6665,.F.);
#5273=ORIENTED_EDGE('',*,*,#6674,.F.);
#5274=ORIENTED_EDGE('',*,*,#6675,.F.);
#5275=ORIENTED_EDGE('',*,*,#6676,.F.);
#5276=CARTESIAN_POINT('',(8.515,-1.12079999999998,2.14220000000003));
#5277=DIRECTION('',(-1.0,0.0,6.12323399573676E-17));
#5278=DIRECTION('',(6.12323399573676E-17,0.0,1.0));
#5279=SURFACE_STYLE_FILL_AREA(#6677);
#5280=ORIENTED_EDGE('',*,*,#6666,.F.);
#5281=ORIENTED_EDGE('',*,*,#6676,.T.);
#5282=ORIENTED_EDGE('',*,*,#6678,.F.);
#5283=ORIENTED_EDGE('',*,*,#6679,.T.);
#5284=CARTESIAN_POINT('',(8.985,-1.12079999999999,2.49620000000003));
#5285=DIRECTION('',(6.12323399573676E-17,-2.13263179871503E-14,1.0));
#5286=DIRECTION('',(1.30586035302811E-30,1.0,2.13263179871503E-14));
#5287=SURFACE_STYLE_FILL_AREA(#6680);
#5288=ORIENTED_EDGE('',*,*,#6667,.F.);
#5289=ORIENTED_EDGE('',*,*,#6679,.F.);
#5290=ORIENTED_EDGE('',*,*,#6681,.F.);
#5291=ORIENTED_EDGE('',*,*,#6682,.F.);
#5292=CARTESIAN_POINT('',(8.985,-1.12079999999998,2.14220000000003));
#5293=DIRECTION('',(-1.0,0.0,6.12323399573676E-17));
#5294=DIRECTION('',(6.12323399573676E-17,0.0,1.0));
#5295=SURFACE_STYLE_FILL_AREA(#6683);
#5296=ORIENTED_EDGE('',*,*,#6638,.T.);
#5297=ORIENTED_EDGE('',*,*,#6668,.T.);
#5298=ORIENTED_EDGE('',*,*,#6682,.T.);
#5299=ORIENTED_EDGE('',*,*,#6684,.F.);
#5300=CARTESIAN_POINT('',(12.8,-1.12079999999999,1.98820000000003));
#5301=DIRECTION('',(6.12323399573676E-17,-0.0,1.0));
#5302=DIRECTION('',(0.0,1.0,0.0));
#5303=SURFACE_STYLE_FILL_AREA(#6685);
#5304=ORIENTED_EDGE('',*,*,#6639,.T.);
#5305=ORIENTED_EDGE('',*,*,#6684,.T.);
#5306=ORIENTED_EDGE('',*,*,#6681,.T.);
#5307=ORIENTED_EDGE('',*,*,#6686,.F.);
#5308=CARTESIAN_POINT('',(12.8,-1.62879999999998,2.24220000000003));
#5309=DIRECTION('',(0.0,1.0,0.0));
#5310=DIRECTION('',(-6.12323399573676E-17,0.0,-1.0));
#5311=SURFACE_STYLE_FILL_AREA(#6687);
#5312=ORIENTED_EDGE('',*,*,#6661,.F.);
#5313=ORIENTED_EDGE('',*,*,#6688,.F.);
#5314=ORIENTED_EDGE('',*,*,#6689,.F.);
#5315=ORIENTED_EDGE('',*,*,#6690,.F.);
#5316=CARTESIAN_POINT('',(5.015,-1.12079999999998,2.14220000000003));
#5317=DIRECTION('',(-1.0,0.0,6.12323399573676E-17));
#5318=DIRECTION('',(6.12323399573676E-17,0.0,1.0));
#5319=SURFACE_STYLE_FILL_AREA(#6691);
#5320=ORIENTED_EDGE('',*,*,#6662,.F.);
#5321=ORIENTED_EDGE('',*,*,#6690,.T.);
#5322=ORIENTED_EDGE('',*,*,#6692,.F.);
#5323=ORIENTED_EDGE('',*,*,#6693,.T.);
#5324=CARTESIAN_POINT('',(5.485,-1.12079999999999,2.49620000000003));
#5325=DIRECTION('',(6.12323399573676E-17,-2.13263179871503E-14,1.0));
#5326=DIRECTION('',(1.30586035302811E-30,1.0,2.13263179871503E-14));
#5327=SURFACE_STYLE_FILL_AREA(#6694);
#5328=ORIENTED_EDGE('',*,*,#6663,.F.);
#5329=ORIENTED_EDGE('',*,*,#6693,.F.);
#5330=ORIENTED_EDGE('',*,*,#6695,.F.);
#5331=ORIENTED_EDGE('',*,*,#6696,.F.);
#5332=CARTESIAN_POINT('',(5.485,-1.12079999999998,2.14220000000003));
#5333=DIRECTION('',(-1.0,0.0,6.12323399573676E-17));
#5334=DIRECTION('',(6.12323399573676E-17,0.0,1.0));
#5335=SURFACE_STYLE_FILL_AREA(#6697);
#5336=ORIENTED_EDGE('',*,*,#6674,.T.);
#5337=ORIENTED_EDGE('',*,*,#6664,.T.);
#5338=ORIENTED_EDGE('',*,*,#6696,.T.);
#5339=ORIENTED_EDGE('',*,*,#6698,.F.);
#5340=CARTESIAN_POINT('',(12.8,-1.12079999999999,1.98820000000003));
#5341=DIRECTION('',(6.12323399573676E-17,-0.0,1.0));
#5342=DIRECTION('',(0.0,1.0,0.0));
#5343=SURFACE_STYLE_FILL_AREA(#6699);
#5344=ORIENTED_EDGE('',*,*,#6675,.T.);
#5345=ORIENTED_EDGE('',*,*,#6698,.T.);
#5346=ORIENTED_EDGE('',*,*,#6695,.T.);
#5347=ORIENTED_EDGE('',*,*,#6700,.F.);
#5348=CARTESIAN_POINT('',(12.8,-1.62879999999998,2.24220000000003));
#5349=DIRECTION('',(0.0,1.0,0.0));
#5350=DIRECTION('',(-6.12323399573676E-17,0.0,-1.0));
#5351=SURFACE_STYLE_FILL_AREA(#6701);
#5352=ORIENTED_EDGE('',*,*,#6657,.F.);
#5353=ORIENTED_EDGE('',*,*,#6702,.F.);
#5354=ORIENTED_EDGE('',*,*,#6703,.F.);
#5355=ORIENTED_EDGE('',*,*,#6704,.F.);
#5356=CARTESIAN_POINT('',(1.515,-1.12079999999998,2.14220000000003));
#5357=DIRECTION('',(-1.0,0.0,6.12323399573676E-17));
#5358=DIRECTION('',(6.12323399573676E-17,0.0,1.0));
#5359=SURFACE_STYLE_FILL_AREA(#6705);
#5360=ORIENTED_EDGE('',*,*,#6658,.F.);
#5361=ORIENTED_EDGE('',*,*,#6704,.T.);
#5362=ORIENTED_EDGE('',*,*,#6706,.F.);
#5363=ORIENTED_EDGE('',*,*,#6707,.T.);
#5364=CARTESIAN_POINT('',(1.985,-1.12079999999999,2.49620000000003));
#5365=DIRECTION('',(6.12323399573676E-17,-2.13263179871503E-14,1.0));
#5366=DIRECTION('',(1.30586035302811E-30,1.0,2.13263179871503E-14));
#5367=SURFACE_STYLE_FILL_AREA(#6708);
#5368=ORIENTED_EDGE('',*,*,#6659,.F.);
#5369=ORIENTED_EDGE('',*,*,#6707,.F.);
#5370=ORIENTED_EDGE('',*,*,#6709,.F.);
#5371=ORIENTED_EDGE('',*,*,#6710,.F.);
#5372=CARTESIAN_POINT('',(1.985,-1.12079999999998,2.14220000000003));
#5373=DIRECTION('',(-1.0,0.0,6.12323399573676E-17));
#5374=DIRECTION('',(6.12323399573676E-17,0.0,1.0));
#5375=SURFACE_STYLE_FILL_AREA(#6711);
#5376=ORIENTED_EDGE('',*,*,#6688,.T.);
#5377=ORIENTED_EDGE('',*,*,#6660,.T.);
#5378=ORIENTED_EDGE('',*,*,#6710,.T.);
#5379=ORIENTED_EDGE('',*,*,#6712,.F.);
#5380=CARTESIAN_POINT('',(12.8,-1.12079999999999,1.98820000000003));
#5381=DIRECTION('',(6.12323399573676E-17,-0.0,1.0));
#5382=DIRECTION('',(0.0,1.0,0.0));
#5383=SURFACE_STYLE_FILL_AREA(#6713);
#5384=ORIENTED_EDGE('',*,*,#6689,.T.);
#5385=ORIENTED_EDGE('',*,*,#6712,.T.);
#5386=ORIENTED_EDGE('',*,*,#6709,.T.);
#5387=ORIENTED_EDGE('',*,*,#6714,.F.);
#5388=CARTESIAN_POINT('',(12.8,-1.62879999999998,2.24220000000003));
#5389=DIRECTION('',(0.0,1.0,0.0));
#5390=DIRECTION('',(-6.12323399573676E-17,0.0,-1.0));
#5391=SURFACE_STYLE_FILL_AREA(#6715);
#5392=ORIENTED_EDGE('',*,*,#6653,.F.);
#5393=ORIENTED_EDGE('',*,*,#6716,.F.);
#5394=ORIENTED_EDGE('',*,*,#6717,.F.);
#5395=ORIENTED_EDGE('',*,*,#6718,.F.);
#5396=CARTESIAN_POINT('',(-1.985,-1.12079999999998,2.14220000000003));
#5397=DIRECTION('',(-1.0,0.0,6.12323399573676E-17));
#5398=DIRECTION('',(6.12323399573676E-17,0.0,1.0));
#5399=SURFACE_STYLE_FILL_AREA(#6719);
#5400=ORIENTED_EDGE('',*,*,#6654,.F.);
#5401=ORIENTED_EDGE('',*,*,#6718,.T.);
#5402=ORIENTED_EDGE('',*,*,#6720,.F.);
#5403=ORIENTED_EDGE('',*,*,#6721,.T.);
#5404=CARTESIAN_POINT('',(-1.515,-1.12079999999999,2.49620000000003));
#5405=DIRECTION('',(6.12323399573676E-17,-2.13263179871503E-14,1.0));
#5406=DIRECTION('',(1.30586035302811E-30,1.0,2.13263179871503E-14));
#5407=SURFACE_STYLE_FILL_AREA(#6722);
#5408=ORIENTED_EDGE('',*,*,#6655,.F.);
#5409=ORIENTED_EDGE('',*,*,#6721,.F.);
#5410=ORIENTED_EDGE('',*,*,#6723,.F.);
#5411=ORIENTED_EDGE('',*,*,#6724,.F.);
#5412=CARTESIAN_POINT('',(-1.515,-1.12079999999998,2.14220000000003));
#5413=DIRECTION('',(-1.0,0.0,6.12323399573676E-17));
#5414=DIRECTION('',(6.12323399573676E-17,0.0,1.0));
#5415=SURFACE_STYLE_FILL_AREA(#6725);
#5416=ORIENTED_EDGE('',*,*,#6702,.T.);
#5417=ORIENTED_EDGE('',*,*,#6656,.T.);
#5418=ORIENTED_EDGE('',*,*,#6724,.T.);
#5419=ORIENTED_EDGE('',*,*,#6726,.F.);
#5420=CARTESIAN_POINT('',(12.8,-1.12079999999999,1.98820000000003));
#5421=DIRECTION('',(6.12323399573676E-17,-0.0,1.0));
#5422=DIRECTION('',(0.0,1.0,0.0));
#5423=SURFACE_STYLE_FILL_AREA(#6727);
#5424=ORIENTED_EDGE('',*,*,#6703,.T.);
#5425=ORIENTED_EDGE('',*,*,#6726,.T.);
#5426=ORIENTED_EDGE('',*,*,#6723,.T.);
#5427=ORIENTED_EDGE('',*,*,#6728,.F.);
#5428=CARTESIAN_POINT('',(12.8,-1.62879999999998,2.24220000000003));
#5429=DIRECTION('',(0.0,1.0,0.0));
#5430=DIRECTION('',(-6.12323399573676E-17,0.0,-1.0));
#5431=SURFACE_STYLE_FILL_AREA(#6729);
#5432=ORIENTED_EDGE('',*,*,#6293,.T.);
#5433=ORIENTED_EDGE('',*,*,#6135,.F.);
#5434=ORIENTED_EDGE('',*,*,#6730,.T.);
#5435=ORIENTED_EDGE('',*,*,#6575,.T.);
#5436=ORIENTED_EDGE('',*,*,#6631,.T.);
#5437=ORIENTED_EDGE('',*,*,#6151,.F.);
#5438=ORIENTED_EDGE('',*,*,#6369,.T.);
#5439=ORIENTED_EDGE('',*,*,#6383,.T.);
#5440=ORIENTED_EDGE('',*,*,#6389,.T.);
#5441=ORIENTED_EDGE('',*,*,#6147,.F.);
#5442=ORIENTED_EDGE('',*,*,#6337,.T.);
#5443=ORIENTED_EDGE('',*,*,#6351,.T.);
#5444=ORIENTED_EDGE('',*,*,#6357,.T.);
#5445=ORIENTED_EDGE('',*,*,#6143,.F.);
#5446=ORIENTED_EDGE('',*,*,#6305,.T.);
#5447=ORIENTED_EDGE('',*,*,#6319,.T.);
#5448=ORIENTED_EDGE('',*,*,#6325,.T.);
#5449=ORIENTED_EDGE('',*,*,#6139,.F.);
#5450=ORIENTED_EDGE('',*,*,#6273,.T.);
#5451=ORIENTED_EDGE('',*,*,#6287,.T.);
#5452=CARTESIAN_POINT('',(12.8,-11.2554,5.2));
#5453=DIRECTION('',(6.12323399573676E-17,-0.0,1.0));
#5454=DIRECTION('',(0.0,1.0,0.0));
#5455=SURFACE_STYLE_FILL_AREA(#6731);
#5456=ORIENTED_EDGE('',*,*,#6131,.T.);
#5457=ORIENTED_EDGE('',*,*,#6165,.T.);
#5458=ORIENTED_EDGE('',*,*,#6177,.T.);
#5459=ORIENTED_EDGE('',*,*,#6191,.T.);
#5460=ORIENTED_EDGE('',*,*,#6197,.T.);
#5461=ORIENTED_EDGE('',*,*,#6161,.T.);
#5462=ORIENTED_EDGE('',*,*,#6209,.T.);
#5463=ORIENTED_EDGE('',*,*,#6223,.T.);
#5464=ORIENTED_EDGE('',*,*,#6229,.T.);
#5465=ORIENTED_EDGE('',*,*,#6157,.T.);
#5466=ORIENTED_EDGE('',*,*,#6241,.T.);
#5467=ORIENTED_EDGE('',*,*,#6255,.T.);
#5468=ORIENTED_EDGE('',*,*,#6261,.T.);
#5469=ORIENTED_EDGE('',*,*,#6153,.T.);
#5470=ORIENTED_EDGE('',*,*,#6630,.T.);
#5471=ORIENTED_EDGE('',*,*,#6634,.F.);
#5472=ORIENTED_EDGE('',*,*,#6732,.T.);
#5473=ORIENTED_EDGE('',*,*,#6133,.T.);
#5474=ORIENTED_EDGE('',*,*,#6110,.T.);
#5475=ORIENTED_EDGE('',*,*,#6124,.T.);
#5476=CARTESIAN_POINT('',(12.8,-11.2554,-5.2));
#5477=DIRECTION('',(-6.12323399573676E-17,-0.0,-1.0));
#5478=DIRECTION('',(0.0,-1.0,0.0));
#5479=SURFACE_STYLE_FILL_AREA(#6733);
#5480=ORIENTED_EDGE('',*,*,#6627,.F.);
#5481=ORIENTED_EDGE('',*,*,#6734,.F.);
#5482=ORIENTED_EDGE('',*,*,#6579,.F.);
#5483=ORIENTED_EDGE('',*,*,#6551,.T.);
#5484=ORIENTED_EDGE('',*,*,#6558,.F.);
#5485=ORIENTED_EDGE('',*,*,#6635,.T.);
#5486=ORIENTED_EDGE('',*,*,#6611,.F.);
#5487=ORIENTED_EDGE('',*,*,#6606,.T.);
#5488=CARTESIAN_POINT('',(12.8,-5.46420000000002,-4.43800000000002));
#5489=DIRECTION('',(-6.12323399573676E-17,-0.0,-1.0));
#5490=DIRECTION('',(0.0,-1.0,0.0));
#5491=SURFACE_STYLE_FILL_AREA(#6735);
#5492=ORIENTED_EDGE('',*,*,#6626,.T.);
#5493=ORIENTED_EDGE('',*,*,#6736,.F.);
#5494=ORIENTED_EDGE('',*,*,#6580,.F.);
#5495=ORIENTED_EDGE('',*,*,#6734,.T.);
#5496=CARTESIAN_POINT('',(12.8,-0.917600000000013,-4.81900000000001));
#5497=DIRECTION('',(0.0,-1.0,0.0));
#5498=DIRECTION('',(6.12323399573676E-17,0.0,1.0));
#5499=SURFACE_STYLE_FILL_AREA(#6737);
#5500=ORIENTED_EDGE('',*,*,#6625,.T.);
#5501=ORIENTED_EDGE('',*,*,#6738,.F.);
#5502=ORIENTED_EDGE('',*,*,#6581,.F.);
#5503=ORIENTED_EDGE('',*,*,#6736,.T.);
#5504=CARTESIAN_POINT('',(12.8,-0.608800000000008,-5.2));
#5505=DIRECTION('',(-6.12323399573676E-17,-0.0,-1.0));
#5506=DIRECTION('',(0.0,-1.0,0.0));
#5507=SURFACE_STYLE_FILL_AREA(#6739);
#5508=ORIENTED_EDGE('',*,*,#6624,.T.);
#5509=ORIENTED_EDGE('',*,*,#6740,.F.);
#5510=ORIENTED_EDGE('',*,*,#6582,.T.);
#5511=ORIENTED_EDGE('',*,*,#6738,.T.);
#5512=CARTESIAN_POINT('',(12.8,-0.300000000000002,-3.59979999999996));
#5513=DIRECTION('',(0.0,1.0,0.0));
#5514=DIRECTION('',(-6.12323399573676E-17,0.0,-1.0));
#5515=SURFACE_STYLE_FILL_AREA(#6741);
#5516=ORIENTED_EDGE('',*,*,#6623,.T.);
#5517=ORIENTED_EDGE('',*,*,#6742,.F.);
#5518=ORIENTED_EDGE('',*,*,#6583,.F.);
#5519=ORIENTED_EDGE('',*,*,#6740,.T.);
#5520=CARTESIAN_POINT('',(12.8,-0.150000000000002,-1.99959999999992));
#5521=DIRECTION('',(-6.12323399573676E-17,1.48029736616687E-15,-1.0));
#5522=DIRECTION('',(-9.06420715631258E-32,-1.0,-1.48029736616687E-15));
#5523=SURFACE_STYLE_FILL_AREA(#6743);
#5524=ORIENTED_EDGE('',*,*,#5821,.T.);
#5525=ORIENTED_EDGE('',*,*,#5710,.T.);
#5526=ORIENTED_EDGE('',*,*,#5827,.T.);
#5527=ORIENTED_EDGE('',*,*,#5701,.T.);
#5528=ORIENTED_EDGE('',*,*,#5833,.T.);
#5529=ORIENTED_EDGE('',*,*,#5692,.T.);
#5530=ORIENTED_EDGE('',*,*,#5839,.T.);
#5531=ORIENTED_EDGE('',*,*,#5683,.T.);
#5532=ORIENTED_EDGE('',*,*,#6622,.T.);
#5533=ORIENTED_EDGE('',*,*,#6744,.F.);
#5534=ORIENTED_EDGE('',*,*,#6584,.T.);
#5535=ORIENTED_EDGE('',*,*,#6742,.T.);
#5536=CARTESIAN_POINT('',(12.8,-1.77635683940025E-15,0.502300000000066));
#5537=DIRECTION('',(0.0,1.0,0.0));
#5538=DIRECTION('',(-6.12323399573676E-17,0.0,-1.0));
#5539=SURFACE_STYLE_FILL_AREA(#6745);
#5540=ORIENTED_EDGE('',*,*,#6621,.T.);
#5541=ORIENTED_EDGE('',*,*,#6651,.F.);
#5542=ORIENTED_EDGE('',*,*,#6585,.F.);
#5543=ORIENTED_EDGE('',*,*,#6744,.T.);
#5544=CARTESIAN_POINT('',(12.8,-0.306400000000002,3.00420000000006));
#5545=DIRECTION('',(6.12323399573676E-17,-0.0,1.0));
#5546=DIRECTION('',(0.0,1.0,0.0));
#5547=SURFACE_STYLE_FILL_AREA(#6746);
#5548=ORIENTED_EDGE('',*,*,#6716,.T.);
#5549=ORIENTED_EDGE('',*,*,#6652,.T.);
#5550=ORIENTED_EDGE('',*,*,#6619,.T.);
#5551=ORIENTED_EDGE('',*,*,#6747,.F.);
#5552=CARTESIAN_POINT('',(12.8,-1.12079999999999,1.98820000000003));
#5553=DIRECTION('',(6.12323399573676E-17,-0.0,1.0));
#5554=DIRECTION('',(0.0,1.0,0.0));
#5555=SURFACE_STYLE_FILL_AREA(#6748);
#5556=ORIENTED_EDGE('',*,*,#6717,.T.);
#5557=ORIENTED_EDGE('',*,*,#6747,.T.);
#5558=ORIENTED_EDGE('',*,*,#6618,.T.);
#5559=ORIENTED_EDGE('',*,*,#6749,.F.);
#5560=CARTESIAN_POINT('',(12.8,-1.62879999999998,2.24220000000003));
#5561=DIRECTION('',(0.0,1.0,0.0));
#5562=DIRECTION('',(-6.12323399573676E-17,0.0,-1.0));
#5563=SURFACE_STYLE_FILL_AREA(#6750);
#5564=ORIENTED_EDGE('',*,*,#6617,.T.);
#5565=ORIENTED_EDGE('',*,*,#6751,.F.);
#5566=ORIENTED_EDGE('',*,*,#6589,.F.);
#5567=ORIENTED_EDGE('',*,*,#6672,.T.);
#5568=ORIENTED_EDGE('',*,*,#6643,.T.);
#5569=ORIENTED_EDGE('',*,*,#6686,.T.);
#5570=ORIENTED_EDGE('',*,*,#6678,.T.);
#5571=ORIENTED_EDGE('',*,*,#6700,.T.);
#5572=ORIENTED_EDGE('',*,*,#6692,.T.);
#5573=ORIENTED_EDGE('',*,*,#6714,.T.);
#5574=ORIENTED_EDGE('',*,*,#6706,.T.);
#5575=ORIENTED_EDGE('',*,*,#6728,.T.);
#5576=ORIENTED_EDGE('',*,*,#6720,.T.);
#5577=ORIENTED_EDGE('',*,*,#6749,.T.);
#5578=CARTESIAN_POINT('',(12.8,-3.31789999999997,2.86450000000002));
#5579=DIRECTION('',(5.98266640801372E-17,0.213039575587085,0.977043570795937));
#5580=DIRECTION('',(-1.30449117167217E-17,0.977043570795937,-0.213039575587085));
#5581=SURFACE_STYLE_FILL_AREA(#6752);
#5582=ORIENTED_EDGE('',*,*,#6616,.T.);
#5583=ORIENTED_EDGE('',*,*,#6753,.F.);
#5584=ORIENTED_EDGE('',*,*,#6590,.F.);
#5585=ORIENTED_EDGE('',*,*,#6751,.T.);
#5586=CARTESIAN_POINT('',(12.8,-5.00699999999996,4.21640000000001));
#5587=DIRECTION('',(0.0,1.0,0.0));
#5588=DIRECTION('',(-6.12323399573676E-17,0.0,-1.0));
#5589=SURFACE_STYLE_FILL_AREA(#6754);
#5590=ORIENTED_EDGE('',*,*,#6391,.T.);
#5591=ORIENTED_EDGE('',*,*,#6432,.F.);
#5592=ORIENTED_EDGE('',*,*,#6591,.T.);
#5593=ORIENTED_EDGE('',*,*,#6753,.T.);
#5594=ORIENTED_EDGE('',*,*,#6615,.T.);
#5595=ORIENTED_EDGE('',*,*,#6544,.F.);
#5596=ORIENTED_EDGE('',*,*,#6516,.T.);
#5597=ORIENTED_EDGE('',*,*,#6542,.T.);
#5598=ORIENTED_EDGE('',*,*,#6523,.T.);
#5599=ORIENTED_EDGE('',*,*,#6506,.F.);
#5600=ORIENTED_EDGE('',*,*,#6483,.T.);
#5601=ORIENTED_EDGE('',*,*,#6504,.T.);
#5602=ORIENTED_EDGE('',*,*,#6472,.T.);
#5603=ORIENTED_EDGE('',*,*,#6468,.F.);
#5604=ORIENTED_EDGE('',*,*,#6445,.T.);
#5605=ORIENTED_EDGE('',*,*,#6466,.T.);
#5606=ORIENTED_EDGE('',*,*,#6434,.T.);
#5607=ORIENTED_EDGE('',*,*,#6426,.F.);
#5608=ORIENTED_EDGE('',*,*,#6403,.T.);
#5609=ORIENTED_EDGE('',*,*,#6424,.T.);
#5610=CARTESIAN_POINT('',(12.8,-7.40729999999998,5.2));
#5611=DIRECTION('',(6.12323399573676E-17,-0.0,1.0));
#5612=DIRECTION('',(0.0,1.0,0.0));
#5613=SURFACE_STYLE_FILL_AREA(#6755);
#5614=ORIENTED_EDGE('',*,*,#6614,.T.);
#5615=ORIENTED_EDGE('',*,*,#6608,.F.);
#5616=ORIENTED_EDGE('',*,*,#6610,.F.);
#5617=ORIENTED_EDGE('',*,*,#6571,.F.);
#5618=ORIENTED_EDGE('',*,*,#6559,.F.);
#5619=ORIENTED_EDGE('',*,*,#6549,.F.);
#5620=ORIENTED_EDGE('',*,*,#6578,.F.);
#5621=ORIENTED_EDGE('',*,*,#6430,.T.);
#5622=ORIENTED_EDGE('',*,*,#6416,.T.);
#5623=ORIENTED_EDGE('',*,*,#6428,.T.);
#5624=ORIENTED_EDGE('',*,*,#6458,.T.);
#5625=ORIENTED_EDGE('',*,*,#6470,.T.);
#5626=ORIENTED_EDGE('',*,*,#6496,.T.);
#5627=ORIENTED_EDGE('',*,*,#6508,.T.);
#5628=ORIENTED_EDGE('',*,*,#6534,.T.);
#5629=ORIENTED_EDGE('',*,*,#6546,.T.);
#5630=CARTESIAN_POINT('',(12.8,-9.90920000000001,4.45200000000002));
#5631=DIRECTION('',(6.12323399573676E-17,-0.0,1.0));
#5632=DIRECTION('',(0.0,1.0,0.0));
#5633=SURFACE_STYLE_FILL_AREA(#6756);
#5634=ORIENTED_EDGE('',*,*,#6562,.T.);
#5635=ORIENTED_EDGE('',*,*,#6576,.T.);
#5636=ORIENTED_EDGE('',*,*,#6730,.F.);
#5637=ORIENTED_EDGE('',*,*,#6134,.T.);
#5638=ORIENTED_EDGE('',*,*,#6732,.F.);
#5639=ORIENTED_EDGE('',*,*,#6633,.T.);
#5640=ORIENTED_EDGE('',*,*,#6568,.T.);
#5641=ORIENTED_EDGE('',*,*,#6565,.T.);
#5642=CARTESIAN_POINT('',(12.8,-6.41351400469792,-0.0337928236059275));
#5643=DIRECTION('',(-1.0,0.0,6.12323399573676E-17));
#5644=DIRECTION('',(6.12323399573676E-17,0.0,1.0));
#5645=FILL_AREA_STYLE('',(#6757));
#5646=EDGE_CURVE('',#6758,#6759,#6760,.T.);
#5647=EDGE_CURVE('',#6758,#6761,#6762,.T.);
#5648=EDGE_CURVE('',#6763,#6761,#6764,.T.);
#5649=EDGE_CURVE('',#6759,#6763,#6765,.T.);
#5650=FILL_AREA_STYLE('',(#6766));
#5651=EDGE_CURVE('',#6759,#6767,#6768,.T.);
#5652=EDGE_CURVE('',#6769,#6763,#6770,.T.);
#5653=EDGE_CURVE('',#6767,#6769,#6771,.T.);
#5654=FILL_AREA_STYLE('',(#6772));
#5655=EDGE_CURVE('',#6773,#6774,#6775,.T.);
#5656=EDGE_CURVE('',#6773,#6776,#6777,.T.);
#5657=EDGE_CURVE('',#6778,#6776,#6779,.T.);
#5658=EDGE_CURVE('',#6774,#6778,#6780,.T.);
#5659=FILL_AREA_STYLE('',(#6781));
#5660=EDGE_CURVE('',#6774,#6782,#6783,.T.);
#5661=EDGE_CURVE('',#6784,#6778,#6785,.T.);
#5662=EDGE_CURVE('',#6782,#6784,#6786,.T.);
#5663=FILL_AREA_STYLE('',(#6787));
#5664=EDGE_CURVE('',#6788,#6789,#6790,.T.);
#5665=EDGE_CURVE('',#6788,#6791,#6792,.T.);
#5666=EDGE_CURVE('',#6793,#6791,#6794,.T.);
#5667=EDGE_CURVE('',#6789,#6793,#6795,.T.);
#5668=FILL_AREA_STYLE('',(#6796));
#5669=EDGE_CURVE('',#6789,#6797,#6798,.T.);
#5670=EDGE_CURVE('',#6799,#6793,#6800,.T.);
#5671=EDGE_CURVE('',#6797,#6799,#6801,.T.);
#5672=FILL_AREA_STYLE('',(#6802));
#5673=EDGE_CURVE('',#6803,#6804,#6805,.T.);
#5674=EDGE_CURVE('',#6803,#6806,#6807,.T.);
#5675=EDGE_CURVE('',#6808,#6806,#6809,.T.);
#5676=EDGE_CURVE('',#6804,#6808,#6810,.T.);
#5677=FILL_AREA_STYLE('',(#6811));
#5678=EDGE_CURVE('',#6804,#6812,#6813,.T.);
#5679=EDGE_CURVE('',#6814,#6808,#6815,.T.);
#5680=EDGE_CURVE('',#6812,#6814,#6816,.T.);
#5681=FILL_AREA_STYLE('',(#6817));
#5682=EDGE_CURVE('',#6818,#6819,#6820,.T.);
#5683=EDGE_CURVE('',#6821,#6818,#6822,.T.);
#5684=EDGE_CURVE('',#6823,#6821,#6824,.T.);
#5685=EDGE_CURVE('',#6819,#6823,#6825,.T.);
#5686=FILL_AREA_STYLE('',(#6826));
#5687=EDGE_CURVE('',#6819,#6827,#6828,.T.);
#5688=EDGE_CURVE('',#6829,#6823,#6830,.T.);
#5689=EDGE_CURVE('',#6827,#6829,#6831,.T.);
#5690=FILL_AREA_STYLE('',(#6832));
#5691=EDGE_CURVE('',#6833,#6834,#6835,.T.);
#5692=EDGE_CURVE('',#6836,#6833,#6837,.T.);
#5693=EDGE_CURVE('',#6838,#6836,#6839,.T.);
#5694=EDGE_CURVE('',#6834,#6838,#6840,.T.);
#5695=FILL_AREA_STYLE('',(#6841));
#5696=EDGE_CURVE('',#6834,#6842,#6843,.T.);
#5697=EDGE_CURVE('',#6844,#6838,#6845,.T.);
#5698=EDGE_CURVE('',#6842,#6844,#6846,.T.);
#5699=FILL_AREA_STYLE('',(#6847));
#5700=EDGE_CURVE('',#6848,#6849,#6850,.T.);
#5701=EDGE_CURVE('',#6851,#6848,#6852,.T.);
#5702=EDGE_CURVE('',#6853,#6851,#6854,.T.);
#5703=EDGE_CURVE('',#6849,#6853,#6855,.T.);
#5704=FILL_AREA_STYLE('',(#6856));
#5705=EDGE_CURVE('',#6849,#6857,#6858,.T.);
#5706=EDGE_CURVE('',#6859,#6853,#6860,.T.);
#5707=EDGE_CURVE('',#6857,#6859,#6861,.T.);
#5708=FILL_AREA_STYLE('',(#6862));
#5709=EDGE_CURVE('',#6863,#6864,#6865,.T.);
#5710=EDGE_CURVE('',#6866,#6863,#6867,.T.);
#5711=EDGE_CURVE('',#6868,#6866,#6869,.T.);
#5712=EDGE_CURVE('',#6864,#6868,#6870,.T.);
#5713=FILL_AREA_STYLE('',(#6871));
#5714=EDGE_CURVE('',#6864,#6872,#6873,.T.);
#5715=EDGE_CURVE('',#6874,#6868,#6875,.T.);
#5716=EDGE_CURVE('',#6872,#6874,#6876,.T.);
#5717=FILL_AREA_STYLE('',(#6877));
#5718=EDGE_CURVE('',#6878,#6879,#6880,.T.);
#5719=EDGE_CURVE('',#6881,#6878,#6882,.T.);
#5720=EDGE_CURVE('',#6883,#6881,#6884,.T.);
#5721=EDGE_CURVE('',#6883,#6885,#6886,.T.);
#5722=EDGE_CURVE('',#6885,#6887,#6888,.T.);
#5723=EDGE_CURVE('',#6889,#6887,#6890,.T.);
#5724=EDGE_CURVE('',#6889,#6891,#6892,.T.);
#5725=EDGE_CURVE('',#6891,#6879,#6893,.T.);
#5726=FILL_AREA_STYLE('',(#6894));
#5727=EDGE_CURVE('',#6895,#6896,#6897,.T.);
#5728=EDGE_CURVE('',#6898,#6895,#6899,.T.);
#5729=EDGE_CURVE('',#6900,#6898,#6901,.T.);
#5730=EDGE_CURVE('',#6900,#6902,#6903,.T.);
#5731=EDGE_CURVE('',#6902,#6904,#6905,.T.);
#5732=EDGE_CURVE('',#6906,#6904,#6907,.T.);
#5733=EDGE_CURVE('',#6906,#6908,#6909,.T.);
#5734=EDGE_CURVE('',#6908,#6896,#6910,.T.);
#5735=FILL_AREA_STYLE('',(#6911));
#5736=EDGE_CURVE('',#6912,#6913,#6914,.T.);
#5737=EDGE_CURVE('',#6915,#6912,#6916,.T.);
#5738=EDGE_CURVE('',#6917,#6915,#6918,.T.);
#5739=EDGE_CURVE('',#6917,#6919,#6920,.T.);
#5740=EDGE_CURVE('',#6919,#6921,#6922,.T.);
#5741=EDGE_CURVE('',#6923,#6921,#6924,.T.);
#5742=EDGE_CURVE('',#6923,#6925,#6926,.T.);
#5743=EDGE_CURVE('',#6925,#6913,#6927,.T.);
#5744=FILL_AREA_STYLE('',(#6928));
#5745=EDGE_CURVE('',#6929,#6930,#6931,.T.);
#5746=EDGE_CURVE('',#6932,#6929,#6933,.T.);
#5747=EDGE_CURVE('',#6934,#6932,#6935,.T.);
#5748=EDGE_CURVE('',#6934,#6936,#6937,.T.);
#5749=EDGE_CURVE('',#6936,#6938,#6939,.T.);
#5750=EDGE_CURVE('',#6940,#6938,#6941,.T.);
#5751=EDGE_CURVE('',#6940,#6942,#6943,.T.);
#5752=EDGE_CURVE('',#6942,#6930,#6944,.T.);
#5753=FILL_AREA_STYLE('',(#6945));
#5754=EDGE_CURVE('',#6930,#6946,#6947,.T.);
#5755=EDGE_CURVE('',#6946,#6948,#6949,.T.);
#5756=EDGE_CURVE('',#6950,#6948,#6951,.T.);
#5757=EDGE_CURVE('',#6950,#6952,#6953,.T.);
#5758=EDGE_CURVE('',#6952,#6934,#6954,.T.);
#5759=EDGE_CURVE('',#6929,#6932,#6955,.T.);
#5760=FILL_AREA_STYLE('',(#6956));
#5761=EDGE_CURVE('',#6942,#6936,#6957,.T.);
#5762=EDGE_CURVE('',#6938,#6940,#6958,.T.);
#5763=FILL_AREA_STYLE('',(#6959));
#5764=EDGE_CURVE('',#6952,#6946,#6960,.T.);
#5765=FILL_AREA_STYLE('',(#6961));
#5766=EDGE_CURVE('',#6948,#6950,#6962,.T.);
#5767=FILL_AREA_STYLE('',(#6963));
#5768=FILL_AREA_STYLE('',(#6964));
#5769=FILL_AREA_STYLE('',(#6965));
#5770=EDGE_CURVE('',#6913,#6966,#6967,.T.);
#5771=EDGE_CURVE('',#6966,#6968,#6969,.T.);
#5772=EDGE_CURVE('',#6970,#6968,#6971,.T.);
#5773=EDGE_CURVE('',#6970,#6972,#6973,.T.);
#5774=EDGE_CURVE('',#6972,#6917,#6974,.T.);
#5775=EDGE_CURVE('',#6912,#6915,#6975,.T.);
#5776=FILL_AREA_STYLE('',(#6976));
#5777=EDGE_CURVE('',#6925,#6919,#6977,.T.);
#5778=EDGE_CURVE('',#6921,#6923,#6978,.T.);
#5779=FILL_AREA_STYLE('',(#6979));
#5780=EDGE_CURVE('',#6972,#6966,#6980,.T.);
#5781=FILL_AREA_STYLE('',(#6981));
#5782=EDGE_CURVE('',#6968,#6970,#6982,.T.);
#5783=FILL_AREA_STYLE('',(#6983));
#5784=FILL_AREA_STYLE('',(#6984));
#5785=FILL_AREA_STYLE('',(#6985));
#5786=EDGE_CURVE('',#6896,#6986,#6987,.T.);
#5787=EDGE_CURVE('',#6986,#6988,#6989,.T.);
#5788=EDGE_CURVE('',#6990,#6988,#6991,.T.);
#5789=EDGE_CURVE('',#6990,#6992,#6993,.T.);
#5790=EDGE_CURVE('',#6992,#6900,#6994,.T.);
#5791=EDGE_CURVE('',#6895,#6898,#6995,.T.);
#5792=FILL_AREA_STYLE('',(#6996));
#5793=EDGE_CURVE('',#6908,#6902,#6997,.T.);
#5794=EDGE_CURVE('',#6904,#6906,#6998,.T.);
#5795=FILL_AREA_STYLE('',(#6999));
#5796=EDGE_CURVE('',#6992,#6986,#7000,.T.);
#5797=FILL_AREA_STYLE('',(#7001));
#5798=EDGE_CURVE('',#6988,#6990,#7002,.T.);
#5799=FILL_AREA_STYLE('',(#7003));
#5800=FILL_AREA_STYLE('',(#7004));
#5801=FILL_AREA_STYLE('',(#7005));
#5802=EDGE_CURVE('',#6879,#7006,#7007,.T.);
#5803=EDGE_CURVE('',#7006,#7008,#7009,.T.);
#5804=EDGE_CURVE('',#7010,#7008,#7011,.T.);
#5805=EDGE_CURVE('',#7010,#7012,#7013,.T.);
#5806=EDGE_CURVE('',#7012,#6883,#7014,.T.);
#5807=EDGE_CURVE('',#6878,#6881,#7015,.T.);
#5808=FILL_AREA_STYLE('',(#7016));
#5809=EDGE_CURVE('',#6891,#6885,#7017,.T.);
#5810=EDGE_CURVE('',#6887,#6889,#7018,.T.);
#5811=FILL_AREA_STYLE('',(#7019));
#5812=EDGE_CURVE('',#7012,#7006,#7020,.T.);
#5813=FILL_AREA_STYLE('',(#7021));
#5814=EDGE_CURVE('',#7008,#7010,#7022,.T.);
#5815=FILL_AREA_STYLE('',(#7023));
#5816=FILL_AREA_STYLE('',(#7024));
#5817=FILL_AREA_STYLE('',(#7025));
#5818=EDGE_CURVE('',#6874,#6872,#7026,.T.);
#5819=EDGE_CURVE('',#6868,#6864,#7027,.T.);
#5820=FILL_AREA_STYLE('',(#7028));
#5821=EDGE_CURVE('',#6863,#6866,#7029,.T.);
#5822=FILL_AREA_STYLE('',(#7030));
#5823=FILL_AREA_STYLE('',(#7031));
#5824=EDGE_CURVE('',#6859,#6857,#7032,.T.);
#5825=EDGE_CURVE('',#6853,#6849,#7033,.T.);
#5826=FILL_AREA_STYLE('',(#7034));
#5827=EDGE_CURVE('',#6848,#6851,#7035,.T.);
#5828=FILL_AREA_STYLE('',(#7036));
#5829=FILL_AREA_STYLE('',(#7037));
#5830=EDGE_CURVE('',#6844,#6842,#7038,.T.);
#5831=EDGE_CURVE('',#6838,#6834,#7039,.T.);
#5832=FILL_AREA_STYLE('',(#7040));
#5833=EDGE_CURVE('',#6833,#6836,#7041,.T.);
#5834=FILL_AREA_STYLE('',(#7042));
#5835=FILL_AREA_STYLE('',(#7043));
#5836=EDGE_CURVE('',#6829,#6827,#7044,.T.);
#5837=EDGE_CURVE('',#6823,#6819,#7045,.T.);
#5838=FILL_AREA_STYLE('',(#7046));
#5839=EDGE_CURVE('',#6818,#6821,#7047,.T.);
#5840=FILL_AREA_STYLE('',(#7048));
#5841=FILL_AREA_STYLE('',(#7049));
#5842=EDGE_CURVE('',#6814,#6812,#7050,.T.);
#5843=EDGE_CURVE('',#6808,#6804,#7051,.T.);
#5844=FILL_AREA_STYLE('',(#7052));
#5845=EDGE_CURVE('',#6806,#6803,#7053,.T.);
#5846=FILL_AREA_STYLE('',(#7054));
#5847=FILL_AREA_STYLE('',(#7055));
#5848=EDGE_CURVE('',#6799,#6797,#7056,.T.);
#5849=EDGE_CURVE('',#6793,#6789,#7057,.T.);
#5850=FILL_AREA_STYLE('',(#7058));
#5851=EDGE_CURVE('',#6791,#6788,#7059,.T.);
#5852=FILL_AREA_STYLE('',(#7060));
#5853=FILL_AREA_STYLE('',(#7061));
#5854=EDGE_CURVE('',#6784,#6782,#7062,.T.);
#5855=EDGE_CURVE('',#6778,#6774,#7063,.T.);
#5856=FILL_AREA_STYLE('',(#7064));
#5857=EDGE_CURVE('',#6776,#6773,#7065,.T.);
#5858=FILL_AREA_STYLE('',(#7066));
#5859=FILL_AREA_STYLE('',(#7067));
#5860=EDGE_CURVE('',#6769,#6767,#7068,.T.);
#5861=EDGE_CURVE('',#6763,#6759,#7069,.T.);
#5862=FILL_AREA_STYLE('',(#7070));
#5863=EDGE_CURVE('',#6761,#6758,#7071,.T.);
#5864=FILL_AREA_STYLE('',(#7072));
#5865=FILL_AREA_STYLE('',(#7073));
#5866=EDGE_CURVE('',#7074,#7075,#7076,.T.);
#5867=EDGE_CURVE('',#7074,#7077,#7078,.T.);
#5868=EDGE_CURVE('',#7077,#7079,#7080,.T.);
#5869=EDGE_CURVE('',#7075,#7079,#7081,.T.);
#5870=FILL_AREA_STYLE('',(#7082));
#5871=EDGE_CURVE('',#7083,#7074,#7084,.T.);
#5872=EDGE_CURVE('',#7083,#7085,#7086,.T.);
#5873=EDGE_CURVE('',#7085,#7077,#7087,.T.);
#5874=EDGE_CURVE('',#7088,#7089,#7090,.T.);
#5875=EDGE_CURVE('',#7089,#7091,#7092,.T.);
#5876=EDGE_CURVE('',#7091,#7093,#7094,.T.);
#5877=EDGE_CURVE('',#7093,#7088,#7095,.T.);
#5878=FILL_AREA_STYLE('',(#7096));
#5879=EDGE_CURVE('',#7097,#7083,#7098,.T.);
#5880=EDGE_CURVE('',#7097,#7099,#7100,.T.);
#5881=EDGE_CURVE('',#7099,#7085,#7101,.T.);
#5882=FILL_AREA_STYLE('',(#7102));
#5883=EDGE_CURVE('',#7089,#7103,#7104,.T.);
#5884=EDGE_CURVE('',#7103,#7105,#7106,.T.);
#5885=EDGE_CURVE('',#7105,#7107,#7108,.T.);
#5886=EDGE_CURVE('',#7109,#7107,#7110,.T.);
#5887=EDGE_CURVE('',#7109,#7111,#7112,.T.);
#5888=EDGE_CURVE('',#7111,#7113,#7114,.T.);
#5889=EDGE_CURVE('',#7113,#7091,#7115,.T.);
#5890=FILL_AREA_STYLE('',(#7116));
#5891=EDGE_CURVE('',#7088,#7117,#7118,.T.);
#5892=EDGE_CURVE('',#7103,#7117,#7119,.T.);
#5893=FILL_AREA_STYLE('',(#7120));
#5894=EDGE_CURVE('',#7117,#7121,#7122,.T.);
#5895=EDGE_CURVE('',#7105,#7121,#7123,.T.);
#5896=FILL_AREA_STYLE('',(#7124));
#5897=EDGE_CURVE('',#7121,#7125,#7126,.T.);
#5898=EDGE_CURVE('',#7107,#7125,#7127,.T.);
#5899=FILL_AREA_STYLE('',(#7128));
#5900=EDGE_CURVE('',#7125,#7129,#7130,.T.);
#5901=EDGE_CURVE('',#7109,#7129,#7131,.T.);
#5902=FILL_AREA_STYLE('',(#7132));
#5903=EDGE_CURVE('',#7129,#7133,#7134,.T.);
#5904=EDGE_CURVE('',#7111,#7133,#7135,.T.);
#5905=FILL_AREA_STYLE('',(#7136));
#5906=EDGE_CURVE('',#7133,#7137,#7138,.T.);
#5907=EDGE_CURVE('',#7113,#7137,#7139,.T.);
#5908=FILL_AREA_STYLE('',(#7140));
#5909=EDGE_CURVE('',#7137,#7093,#7141,.T.);
#5910=FILL_AREA_STYLE('',(#7142));
#5911=FILL_AREA_STYLE('',(#7143));
#5912=EDGE_CURVE('',#7075,#7144,#7145,.T.);
#5913=EDGE_CURVE('',#7079,#7146,#7147,.T.);
#5914=EDGE_CURVE('',#7144,#7146,#7148,.T.);
#5915=FILL_AREA_STYLE('',(#7149));
#5916=EDGE_CURVE('',#7144,#7150,#7151,.T.);
#5917=EDGE_CURVE('',#7146,#7152,#7153,.T.);
#5918=EDGE_CURVE('',#7150,#7152,#7154,.T.);
#5919=FILL_AREA_STYLE('',(#7155));
#5920=EDGE_CURVE('',#7150,#7097,#7156,.T.);
#5921=EDGE_CURVE('',#7152,#7099,#7157,.T.);
#5922=FILL_AREA_STYLE('',(#7158));
#5923=FILL_AREA_STYLE('',(#7159));
#5924=EDGE_CURVE('',#7160,#7161,#7162,.T.);
#5925=EDGE_CURVE('',#7160,#7163,#7164,.T.);
#5926=EDGE_CURVE('',#7163,#7165,#7166,.T.);
#5927=EDGE_CURVE('',#7161,#7165,#7167,.T.);
#5928=FILL_AREA_STYLE('',(#7168));
#5929=EDGE_CURVE('',#7169,#7160,#7170,.T.);
#5930=EDGE_CURVE('',#7169,#7171,#7172,.T.);
#5931=EDGE_CURVE('',#7171,#7163,#7173,.T.);
#5932=EDGE_CURVE('',#7174,#7175,#7176,.T.);
#5933=EDGE_CURVE('',#7175,#7177,#7178,.T.);
#5934=EDGE_CURVE('',#7177,#7179,#7180,.T.);
#5935=EDGE_CURVE('',#7179,#7174,#7181,.T.);
#5936=FILL_AREA_STYLE('',(#7182));
#5937=EDGE_CURVE('',#7183,#7169,#7184,.T.);
#5938=EDGE_CURVE('',#7183,#7185,#7186,.T.);
#5939=EDGE_CURVE('',#7185,#7171,#7187,.T.);
#5940=FILL_AREA_STYLE('',(#7188));
#5941=EDGE_CURVE('',#7175,#7189,#7190,.T.);
#5942=EDGE_CURVE('',#7189,#7191,#7192,.T.);
#5943=EDGE_CURVE('',#7191,#7193,#7194,.T.);
#5944=EDGE_CURVE('',#7195,#7193,#7196,.T.);
#5945=EDGE_CURVE('',#7195,#7197,#7198,.T.);
#5946=EDGE_CURVE('',#7197,#7199,#7200,.T.);
#5947=EDGE_CURVE('',#7199,#7177,#7201,.T.);
#5948=FILL_AREA_STYLE('',(#7202));
#5949=EDGE_CURVE('',#7174,#7203,#7204,.T.);
#5950=EDGE_CURVE('',#7189,#7203,#7205,.T.);
#5951=FILL_AREA_STYLE('',(#7206));
#5952=EDGE_CURVE('',#7203,#7207,#7208,.T.);
#5953=EDGE_CURVE('',#7191,#7207,#7209,.T.);
#5954=FILL_AREA_STYLE('',(#7210));
#5955=EDGE_CURVE('',#7207,#7211,#7212,.T.);
#5956=EDGE_CURVE('',#7193,#7211,#7213,.T.);
#5957=FILL_AREA_STYLE('',(#7214));
#5958=EDGE_CURVE('',#7211,#7215,#7216,.T.);
#5959=EDGE_CURVE('',#7195,#7215,#7217,.T.);
#5960=FILL_AREA_STYLE('',(#7218));
#5961=EDGE_CURVE('',#7215,#7219,#7220,.T.);
#5962=EDGE_CURVE('',#7197,#7219,#7221,.T.);
#5963=FILL_AREA_STYLE('',(#7222));
#5964=EDGE_CURVE('',#7219,#7223,#7224,.T.);
#5965=EDGE_CURVE('',#7199,#7223,#7225,.T.);
#5966=FILL_AREA_STYLE('',(#7226));
#5967=EDGE_CURVE('',#7223,#7179,#7227,.T.);
#5968=FILL_AREA_STYLE('',(#7228));
#5969=FILL_AREA_STYLE('',(#7229));
#5970=EDGE_CURVE('',#7161,#7230,#7231,.T.);
#5971=EDGE_CURVE('',#7165,#7232,#7233,.T.);
#5972=EDGE_CURVE('',#7230,#7232,#7234,.T.);
#5973=FILL_AREA_STYLE('',(#7235));
#5974=EDGE_CURVE('',#7230,#7236,#7237,.T.);
#5975=EDGE_CURVE('',#7232,#7238,#7239,.T.);
#5976=EDGE_CURVE('',#7236,#7238,#7240,.T.);
#5977=FILL_AREA_STYLE('',(#7241));
#5978=EDGE_CURVE('',#7236,#7183,#7242,.T.);
#5979=EDGE_CURVE('',#7238,#7185,#7243,.T.);
#5980=FILL_AREA_STYLE('',(#7244));
#5981=FILL_AREA_STYLE('',(#7245));
#5982=EDGE_CURVE('',#7246,#7247,#7248,.T.);
#5983=EDGE_CURVE('',#7246,#7249,#7250,.T.);
#5984=EDGE_CURVE('',#7249,#7251,#7252,.T.);
#5985=EDGE_CURVE('',#7247,#7251,#7253,.T.);
#5986=FILL_AREA_STYLE('',(#7254));
#5987=EDGE_CURVE('',#7255,#7246,#7256,.T.);
#5988=EDGE_CURVE('',#7255,#7257,#7258,.T.);
#5989=EDGE_CURVE('',#7257,#7249,#7259,.T.);
#5990=EDGE_CURVE('',#7260,#7261,#7262,.T.);
#5991=EDGE_CURVE('',#7261,#7263,#7264,.T.);
#5992=EDGE_CURVE('',#7263,#7265,#7266,.T.);
#5993=EDGE_CURVE('',#7265,#7260,#7267,.T.);
#5994=FILL_AREA_STYLE('',(#7268));
#5995=EDGE_CURVE('',#7269,#7255,#7270,.T.);
#5996=EDGE_CURVE('',#7269,#7271,#7272,.T.);
#5997=EDGE_CURVE('',#7271,#7257,#7273,.T.);
#5998=FILL_AREA_STYLE('',(#7274));
#5999=EDGE_CURVE('',#7261,#7275,#7276,.T.);
#6000=EDGE_CURVE('',#7275,#7277,#7278,.T.);
#6001=EDGE_CURVE('',#7277,#7279,#7280,.T.);
#6002=EDGE_CURVE('',#7281,#7279,#7282,.T.);
#6003=EDGE_CURVE('',#7281,#7283,#7284,.T.);
#6004=EDGE_CURVE('',#7283,#7285,#7286,.T.);
#6005=EDGE_CURVE('',#7285,#7263,#7287,.T.);
#6006=FILL_AREA_STYLE('',(#7288));
#6007=EDGE_CURVE('',#7260,#7289,#7290,.T.);
#6008=EDGE_CURVE('',#7275,#7289,#7291,.T.);
#6009=FILL_AREA_STYLE('',(#7292));
#6010=EDGE_CURVE('',#7289,#7293,#7294,.T.);
#6011=EDGE_CURVE('',#7277,#7293,#7295,.T.);
#6012=FILL_AREA_STYLE('',(#7296));
#6013=EDGE_CURVE('',#7293,#7297,#7298,.T.);
#6014=EDGE_CURVE('',#7279,#7297,#7299,.T.);
#6015=FILL_AREA_STYLE('',(#7300));
#6016=EDGE_CURVE('',#7297,#7301,#7302,.T.);
#6017=EDGE_CURVE('',#7281,#7301,#7303,.T.);
#6018=FILL_AREA_STYLE('',(#7304));
#6019=EDGE_CURVE('',#7301,#7305,#7306,.T.);
#6020=EDGE_CURVE('',#7283,#7305,#7307,.T.);
#6021=FILL_AREA_STYLE('',(#7308));
#6022=EDGE_CURVE('',#7305,#7309,#7310,.T.);
#6023=EDGE_CURVE('',#7285,#7309,#7311,.T.);
#6024=FILL_AREA_STYLE('',(#7312));
#6025=EDGE_CURVE('',#7309,#7265,#7313,.T.);
#6026=FILL_AREA_STYLE('',(#7314));
#6027=FILL_AREA_STYLE('',(#7315));
#6028=EDGE_CURVE('',#7247,#7316,#7317,.T.);
#6029=EDGE_CURVE('',#7251,#7318,#7319,.T.);
#6030=EDGE_CURVE('',#7316,#7318,#7320,.T.);
#6031=FILL_AREA_STYLE('',(#7321));
#6032=EDGE_CURVE('',#7316,#7322,#7323,.T.);
#6033=EDGE_CURVE('',#7318,#7324,#7325,.T.);
#6034=EDGE_CURVE('',#7322,#7324,#7326,.T.);
#6035=FILL_AREA_STYLE('',(#7327));
#6036=EDGE_CURVE('',#7322,#7269,#7328,.T.);
#6037=EDGE_CURVE('',#7324,#7271,#7329,.T.);
#6038=FILL_AREA_STYLE('',(#7330));
#6039=FILL_AREA_STYLE('',(#7331));
#6040=EDGE_CURVE('',#7332,#7333,#7334,.T.);
#6041=EDGE_CURVE('',#7332,#7335,#7336,.T.);
#6042=EDGE_CURVE('',#7335,#7337,#7338,.T.);
#6043=EDGE_CURVE('',#7333,#7337,#7339,.T.);
#6044=FILL_AREA_STYLE('',(#7340));
#6045=EDGE_CURVE('',#7341,#7332,#7342,.T.);
#6046=EDGE_CURVE('',#7341,#7343,#7344,.T.);
#6047=EDGE_CURVE('',#7343,#7335,#7345,.T.);
#6048=EDGE_CURVE('',#7346,#7347,#7348,.T.);
#6049=EDGE_CURVE('',#7347,#7349,#7350,.T.);
#6050=EDGE_CURVE('',#7349,#7351,#7352,.T.);
#6051=EDGE_CURVE('',#7351,#7346,#7353,.T.);
#6052=FILL_AREA_STYLE('',(#7354));
#6053=EDGE_CURVE('',#7355,#7341,#7356,.T.);
#6054=EDGE_CURVE('',#7355,#7357,#7358,.T.);
#6055=EDGE_CURVE('',#7357,#7343,#7359,.T.);
#6056=FILL_AREA_STYLE('',(#7360));
#6057=EDGE_CURVE('',#7347,#7361,#7362,.T.);
#6058=EDGE_CURVE('',#7361,#7363,#7364,.T.);
#6059=EDGE_CURVE('',#7363,#7365,#7366,.T.);
#6060=EDGE_CURVE('',#7367,#7365,#7368,.T.);
#6061=EDGE_CURVE('',#7367,#7369,#7370,.T.);
#6062=EDGE_CURVE('',#7369,#7371,#7372,.T.);
#6063=EDGE_CURVE('',#7371,#7349,#7373,.T.);
#6064=FILL_AREA_STYLE('',(#7374));
#6065=EDGE_CURVE('',#7346,#7375,#7376,.T.);
#6066=EDGE_CURVE('',#7361,#7375,#7377,.T.);
#6067=FILL_AREA_STYLE('',(#7378));
#6068=EDGE_CURVE('',#7375,#7379,#7380,.T.);
#6069=EDGE_CURVE('',#7363,#7379,#7381,.T.);
#6070=FILL_AREA_STYLE('',(#7382));
#6071=EDGE_CURVE('',#7379,#7383,#7384,.T.);
#6072=EDGE_CURVE('',#7365,#7383,#7385,.T.);
#6073=FILL_AREA_STYLE('',(#7386));
#6074=EDGE_CURVE('',#7383,#7387,#7388,.T.);
#6075=EDGE_CURVE('',#7367,#7387,#7389,.T.);
#6076=FILL_AREA_STYLE('',(#7390));
#6077=EDGE_CURVE('',#7387,#7391,#7392,.T.);
#6078=EDGE_CURVE('',#7369,#7391,#7393,.T.);
#6079=FILL_AREA_STYLE('',(#7394));
#6080=EDGE_CURVE('',#7391,#7395,#7396,.T.);
#6081=EDGE_CURVE('',#7371,#7395,#7397,.T.);
#6082=FILL_AREA_STYLE('',(#7398));
#6083=EDGE_CURVE('',#7395,#7351,#7399,.T.);
#6084=FILL_AREA_STYLE('',(#7400));
#6085=FILL_AREA_STYLE('',(#7401));
#6086=EDGE_CURVE('',#7333,#7402,#7403,.T.);
#6087=EDGE_CURVE('',#7337,#7404,#7405,.T.);
#6088=EDGE_CURVE('',#7402,#7404,#7406,.T.);
#6089=FILL_AREA_STYLE('',(#7407));
#6090=EDGE_CURVE('',#7402,#7408,#7409,.T.);
#6091=EDGE_CURVE('',#7404,#7410,#7411,.T.);
#6092=EDGE_CURVE('',#7408,#7410,#7412,.T.);
#6093=FILL_AREA_STYLE('',(#7413));
#6094=EDGE_CURVE('',#7408,#7355,#7414,.T.);
#6095=EDGE_CURVE('',#7410,#7357,#7415,.T.);
#6096=FILL_AREA_STYLE('',(#7416));
#6097=FILL_AREA_STYLE('',(#7417));
#6098=EDGE_CURVE('',#7418,#7419,#7420,.T.);
#6099=EDGE_CURVE('',#7421,#7418,#7422,.T.);
#6100=EDGE_CURVE('',#7423,#7421,#7424,.T.);
#6101=EDGE_CURVE('',#7423,#7419,#7425,.T.);
#6102=FILL_AREA_STYLE('',(#7426));
#6103=EDGE_CURVE('',#7419,#7427,#7428,.T.);
#6104=EDGE_CURVE('',#7429,#7423,#7430,.T.);
#6105=EDGE_CURVE('',#7431,#7429,#7432,.T.);
#6106=EDGE_CURVE('',#7433,#7431,#7434,.T.);
#6107=EDGE_CURVE('',#7435,#7433,#7436,.T.);
#6108=EDGE_CURVE('',#7437,#7435,#7438,.T.);
#6109=EDGE_CURVE('',#7437,#7439,#7440,.T.);
#6110=EDGE_CURVE('',#7427,#7439,#7441,.T.);
#6111=FILL_AREA_STYLE('',(#7442));
#6112=EDGE_CURVE('',#7443,#7444,#7445,.T.);
#6113=EDGE_CURVE('',#7435,#7443,#7446,.T.);
#6114=EDGE_CURVE('',#7433,#7444,#7447,.T.);
#6115=FILL_AREA_STYLE('',(#7448));
#6116=EDGE_CURVE('',#7444,#7449,#7450,.T.);
#6117=EDGE_CURVE('',#7431,#7449,#7451,.T.);
#6118=FILL_AREA_STYLE('',(#7452));
#6119=EDGE_CURVE('',#7449,#7453,#7454,.T.);
#6120=EDGE_CURVE('',#7429,#7453,#7455,.T.);
#6121=FILL_AREA_STYLE('',(#7456));
#6122=EDGE_CURVE('',#7453,#7421,#7457,.T.);
#6123=FILL_AREA_STYLE('',(#7458));
#6124=EDGE_CURVE('',#7439,#7459,#7460,.T.);
#6125=EDGE_CURVE('',#7437,#7461,#7462,.T.);
#6126=EDGE_CURVE('',#7459,#7461,#7463,.T.);
#6127=FILL_AREA_STYLE('',(#7464));
#6128=EDGE_CURVE('',#7461,#7443,#7465,.T.);
#6129=FILL_AREA_STYLE('',(#7466));
#6130=EDGE_CURVE('',#7467,#7418,#7468,.T.);
#6131=EDGE_CURVE('',#7459,#7467,#7469,.T.);
#6132=FILL_AREA_STYLE('',(#7470));
#6133=EDGE_CURVE('',#7471,#7427,#7472,.T.);
#6134=EDGE_CURVE('',#7473,#7471,#7474,.T.);
#6135=EDGE_CURVE('',#7473,#7475,#7476,.T.);
#6136=EDGE_CURVE('',#7475,#7477,#7478,.T.);
#6137=EDGE_CURVE('',#7477,#7479,#7480,.T.);
#6138=EDGE_CURVE('',#7479,#7481,#7482,.T.);
#6139=EDGE_CURVE('',#7481,#7483,#7484,.T.);
#6140=EDGE_CURVE('',#7483,#7485,#7486,.T.);
#6141=EDGE_CURVE('',#7485,#7487,#7488,.T.);
#6142=EDGE_CURVE('',#7487,#7489,#7490,.T.);
#6143=EDGE_CURVE('',#7489,#7491,#7492,.T.);
#6144=EDGE_CURVE('',#7491,#7493,#7494,.T.);
#6145=EDGE_CURVE('',#7493,#7495,#7496,.T.);
#6146=EDGE_CURVE('',#7495,#7497,#7498,.T.);
#6147=EDGE_CURVE('',#7497,#7499,#7500,.T.);
#6148=EDGE_CURVE('',#7499,#7501,#7502,.T.);
#6149=EDGE_CURVE('',#7501,#7503,#7504,.T.);
#6150=EDGE_CURVE('',#7503,#7505,#7506,.T.);
#6151=EDGE_CURVE('',#7505,#7507,#7508,.T.);
#6152=EDGE_CURVE('',#7507,#7509,#7510,.T.);
#6153=EDGE_CURVE('',#7511,#7509,#7512,.T.);
#6154=EDGE_CURVE('',#7511,#7513,#7514,.T.);
#6155=EDGE_CURVE('',#7513,#7515,#7516,.T.);
#6156=EDGE_CURVE('',#7515,#7517,#7518,.T.);
#6157=EDGE_CURVE('',#7519,#7517,#7520,.T.);
#6158=EDGE_CURVE('',#7519,#7521,#7522,.T.);
#6159=EDGE_CURVE('',#7521,#7523,#7524,.T.);
#6160=EDGE_CURVE('',#7523,#7525,#7526,.T.);
#6161=EDGE_CURVE('',#7527,#7525,#7528,.T.);
#6162=EDGE_CURVE('',#7527,#7529,#7530,.T.);
#6163=EDGE_CURVE('',#7529,#7531,#7532,.T.);
#6164=EDGE_CURVE('',#7531,#7533,#7534,.T.);
#6165=EDGE_CURVE('',#7467,#7533,#7535,.T.);
#6166=FILL_AREA_STYLE('',(#7536));
#6167=EDGE_CURVE('',#7537,#7529,#7538,.T.);
#6168=EDGE_CURVE('',#7539,#7537,#7540,.T.);
#6169=EDGE_CURVE('',#7539,#7531,#7541,.T.);
#6170=FILL_AREA_STYLE('',(#7542));
#6171=EDGE_CURVE('',#7543,#7539,#7544,.T.);
#6172=EDGE_CURVE('',#7545,#7543,#7546,.T.);
#6173=EDGE_CURVE('',#7547,#7545,#7548,.T.);
#6174=EDGE_CURVE('',#7549,#7547,#7550,.T.);
#6175=EDGE_CURVE('',#7551,#7549,#7552,.T.);
#6176=EDGE_CURVE('',#7551,#7553,#7554,.T.);
#6177=EDGE_CURVE('',#7533,#7553,#7555,.T.);
#6178=FILL_AREA_STYLE('',(#7556));
#6179=EDGE_CURVE('',#7557,#7558,#7559,.T.);
#6180=EDGE_CURVE('',#7549,#7557,#7560,.T.);
#6181=EDGE_CURVE('',#7547,#7558,#7561,.T.);
#6182=FILL_AREA_STYLE('',(#7562));
#6183=EDGE_CURVE('',#7558,#7563,#7564,.T.);
#6184=EDGE_CURVE('',#7545,#7563,#7565,.T.);
#6185=FILL_AREA_STYLE('',(#7566));
#6186=EDGE_CURVE('',#7563,#7567,#7568,.T.);
#6187=EDGE_CURVE('',#7543,#7567,#7569,.T.);
#6188=FILL_AREA_STYLE('',(#7570));
#6189=EDGE_CURVE('',#7567,#7537,#7571,.T.);
#6190=FILL_AREA_STYLE('',(#7572));
#6191=EDGE_CURVE('',#7553,#7573,#7574,.T.);
#6192=EDGE_CURVE('',#7551,#7575,#7576,.T.);
#6193=EDGE_CURVE('',#7573,#7575,#7577,.T.);
#6194=FILL_AREA_STYLE('',(#7578));
#6195=EDGE_CURVE('',#7575,#7557,#7579,.T.);
#6196=FILL_AREA_STYLE('',(#7580));
#6197=EDGE_CURVE('',#7573,#7527,#7581,.T.);
#6198=FILL_AREA_STYLE('',(#7582));
#6199=EDGE_CURVE('',#7583,#7521,#7584,.T.);
#6200=EDGE_CURVE('',#7585,#7583,#7586,.T.);
#6201=EDGE_CURVE('',#7585,#7523,#7587,.T.);
#6202=FILL_AREA_STYLE('',(#7588));
#6203=EDGE_CURVE('',#7589,#7585,#7590,.T.);
#6204=EDGE_CURVE('',#7591,#7589,#7592,.T.);
#6205=EDGE_CURVE('',#7593,#7591,#7594,.T.);
#6206=EDGE_CURVE('',#7595,#7593,#7596,.T.);
#6207=EDGE_CURVE('',#7597,#7595,#7598,.T.);
#6208=EDGE_CURVE('',#7597,#7599,#7600,.T.);
#6209=EDGE_CURVE('',#7525,#7599,#7601,.T.);
#6210=FILL_AREA_STYLE('',(#7602));
#6211=EDGE_CURVE('',#7603,#7604,#7605,.T.);
#6212=EDGE_CURVE('',#7595,#7603,#7606,.T.);
#6213=EDGE_CURVE('',#7593,#7604,#7607,.T.);
#6214=FILL_AREA_STYLE('',(#7608));
#6215=EDGE_CURVE('',#7604,#7609,#7610,.T.);
#6216=EDGE_CURVE('',#7591,#7609,#7611,.T.);
#6217=FILL_AREA_STYLE('',(#7612));
#6218=EDGE_CURVE('',#7609,#7613,#7614,.T.);
#6219=EDGE_CURVE('',#7589,#7613,#7615,.T.);
#6220=FILL_AREA_STYLE('',(#7616));
#6221=EDGE_CURVE('',#7613,#7583,#7617,.T.);
#6222=FILL_AREA_STYLE('',(#7618));
#6223=EDGE_CURVE('',#7599,#7619,#7620,.T.);
#6224=EDGE_CURVE('',#7597,#7621,#7622,.T.);
#6225=EDGE_CURVE('',#7619,#7621,#7623,.T.);
#6226=FILL_AREA_STYLE('',(#7624));
#6227=EDGE_CURVE('',#7621,#7603,#7625,.T.);
#6228=FILL_AREA_STYLE('',(#7626));
#6229=EDGE_CURVE('',#7619,#7519,#7627,.T.);
#6230=FILL_AREA_STYLE('',(#7628));
#6231=EDGE_CURVE('',#7629,#7513,#7630,.T.);
#6232=EDGE_CURVE('',#7631,#7629,#7632,.T.);
#6233=EDGE_CURVE('',#7631,#7515,#7633,.T.);
#6234=FILL_AREA_STYLE('',(#7634));
#6235=EDGE_CURVE('',#7635,#7631,#7636,.T.);
#6236=EDGE_CURVE('',#7637,#7635,#7638,.T.);
#6237=EDGE_CURVE('',#7639,#7637,#7640,.T.);
#6238=EDGE_CURVE('',#7641,#7639,#7642,.T.);
#6239=EDGE_CURVE('',#7643,#7641,#7644,.T.);
#6240=EDGE_CURVE('',#7643,#7645,#7646,.T.);
#6241=EDGE_CURVE('',#7517,#7645,#7647,.T.);
#6242=FILL_AREA_STYLE('',(#7648));
#6243=EDGE_CURVE('',#7649,#7650,#7651,.T.);
#6244=EDGE_CURVE('',#7641,#7649,#7652,.T.);
#6245=EDGE_CURVE('',#7639,#7650,#7653,.T.);
#6246=FILL_AREA_STYLE('',(#7654));
#6247=EDGE_CURVE('',#7650,#7655,#7656,.T.);
#6248=EDGE_CURVE('',#7637,#7655,#7657,.T.);
#6249=FILL_AREA_STYLE('',(#7658));
#6250=EDGE_CURVE('',#7655,#7659,#7660,.T.);
#6251=EDGE_CURVE('',#7635,#7659,#7661,.T.);
#6252=FILL_AREA_STYLE('',(#7662));
#6253=EDGE_CURVE('',#7659,#7629,#7663,.T.);
#6254=FILL_AREA_STYLE('',(#7664));
#6255=EDGE_CURVE('',#7645,#7665,#7666,.T.);
#6256=EDGE_CURVE('',#7643,#7667,#7668,.T.);
#6257=EDGE_CURVE('',#7665,#7667,#7669,.T.);
#6258=FILL_AREA_STYLE('',(#7670));
#6259=EDGE_CURVE('',#7667,#7649,#7671,.T.);
#6260=FILL_AREA_STYLE('',(#7672));
#6261=EDGE_CURVE('',#7665,#7511,#7673,.T.);
#6262=FILL_AREA_STYLE('',(#7674));
#6263=EDGE_CURVE('',#7675,#7477,#7676,.T.);
#6264=EDGE_CURVE('',#7677,#7675,#7678,.T.);
#6265=EDGE_CURVE('',#7677,#7479,#7679,.T.);
#6266=FILL_AREA_STYLE('',(#7680));
#6267=EDGE_CURVE('',#7681,#7677,#7682,.T.);
#6268=EDGE_CURVE('',#7683,#7681,#7684,.T.);
#6269=EDGE_CURVE('',#7685,#7683,#7686,.T.);
#6270=EDGE_CURVE('',#7687,#7685,#7688,.T.);
#6271=EDGE_CURVE('',#7689,#7687,#7690,.T.);
#6272=EDGE_CURVE('',#7689,#7691,#7692,.T.);
#6273=EDGE_CURVE('',#7481,#7691,#7693,.T.);
#6274=FILL_AREA_STYLE('',(#7694));
#6275=EDGE_CURVE('',#7695,#7696,#7697,.T.);
#6276=EDGE_CURVE('',#7687,#7695,#7698,.T.);
#6277=EDGE_CURVE('',#7685,#7696,#7699,.T.);
#6278=FILL_AREA_STYLE('',(#7700));
#6279=EDGE_CURVE('',#7696,#7701,#7702,.T.);
#6280=EDGE_CURVE('',#7683,#7701,#7703,.T.);
#6281=FILL_AREA_STYLE('',(#7704));
#6282=EDGE_CURVE('',#7701,#7705,#7706,.T.);
#6283=EDGE_CURVE('',#7681,#7705,#7707,.T.);
#6284=FILL_AREA_STYLE('',(#7708));
#6285=EDGE_CURVE('',#7705,#7675,#7709,.T.);
#6286=FILL_AREA_STYLE('',(#7710));
#6287=EDGE_CURVE('',#7691,#7711,#7712,.T.);
#6288=EDGE_CURVE('',#7689,#7713,#7714,.T.);
#6289=EDGE_CURVE('',#7711,#7713,#7715,.T.);
#6290=FILL_AREA_STYLE('',(#7716));
#6291=EDGE_CURVE('',#7713,#7695,#7717,.T.);
#6292=FILL_AREA_STYLE('',(#7718));
#6293=EDGE_CURVE('',#7711,#7475,#7719,.T.);
#6294=FILL_AREA_STYLE('',(#7720));
#6295=EDGE_CURVE('',#7721,#7485,#7722,.T.);
#6296=EDGE_CURVE('',#7723,#7721,#7724,.T.);
#6297=EDGE_CURVE('',#7723,#7487,#7725,.T.);
#6298=FILL_AREA_STYLE('',(#7726));
#6299=EDGE_CURVE('',#7727,#7723,#7728,.T.);
#6300=EDGE_CURVE('',#7729,#7727,#7730,.T.);
#6301=EDGE_CURVE('',#7731,#7729,#7732,.T.);
#6302=EDGE_CURVE('',#7733,#7731,#7734,.T.);
#6303=EDGE_CURVE('',#7735,#7733,#7736,.T.);
#6304=EDGE_CURVE('',#7735,#7737,#7738,.T.);
#6305=EDGE_CURVE('',#7489,#7737,#7739,.T.);
#6306=FILL_AREA_STYLE('',(#7740));
#6307=EDGE_CURVE('',#7741,#7742,#7743,.T.);
#6308=EDGE_CURVE('',#7733,#7741,#7744,.T.);
#6309=EDGE_CURVE('',#7731,#7742,#7745,.T.);
#6310=FILL_AREA_STYLE('',(#7746));
#6311=EDGE_CURVE('',#7742,#7747,#7748,.T.);
#6312=EDGE_CURVE('',#7729,#7747,#7749,.T.);
#6313=FILL_AREA_STYLE('',(#7750));
#6314=EDGE_CURVE('',#7747,#7751,#7752,.T.);
#6315=EDGE_CURVE('',#7727,#7751,#7753,.T.);
#6316=FILL_AREA_STYLE('',(#7754));
#6317=EDGE_CURVE('',#7751,#7721,#7755,.T.);
#6318=FILL_AREA_STYLE('',(#7756));
#6319=EDGE_CURVE('',#7737,#7757,#7758,.T.);
#6320=EDGE_CURVE('',#7735,#7759,#7760,.T.);
#6321=EDGE_CURVE('',#7757,#7759,#7761,.T.);
#6322=FILL_AREA_STYLE('',(#7762));
#6323=EDGE_CURVE('',#7759,#7741,#7763,.T.);
#6324=FILL_AREA_STYLE('',(#7764));
#6325=EDGE_CURVE('',#7757,#7483,#7765,.T.);
#6326=FILL_AREA_STYLE('',(#7766));
#6327=EDGE_CURVE('',#7767,#7493,#7768,.T.);
#6328=EDGE_CURVE('',#7769,#7767,#7770,.T.);
#6329=EDGE_CURVE('',#7769,#7495,#7771,.T.);
#6330=FILL_AREA_STYLE('',(#7772));
#6331=EDGE_CURVE('',#7773,#7769,#7774,.T.);
#6332=EDGE_CURVE('',#7775,#7773,#7776,.T.);
#6333=EDGE_CURVE('',#7777,#7775,#7778,.T.);
#6334=EDGE_CURVE('',#7779,#7777,#7780,.T.);
#6335=EDGE_CURVE('',#7781,#7779,#7782,.T.);
#6336=EDGE_CURVE('',#7781,#7783,#7784,.T.);
#6337=EDGE_CURVE('',#7497,#7783,#7785,.T.);
#6338=FILL_AREA_STYLE('',(#7786));
#6339=EDGE_CURVE('',#7787,#7788,#7789,.T.);
#6340=EDGE_CURVE('',#7779,#7787,#7790,.T.);
#6341=EDGE_CURVE('',#7777,#7788,#7791,.T.);
#6342=FILL_AREA_STYLE('',(#7792));
#6343=EDGE_CURVE('',#7788,#7793,#7794,.T.);
#6344=EDGE_CURVE('',#7775,#7793,#7795,.T.);
#6345=FILL_AREA_STYLE('',(#7796));
#6346=EDGE_CURVE('',#7793,#7797,#7798,.T.);
#6347=EDGE_CURVE('',#7773,#7797,#7799,.T.);
#6348=FILL_AREA_STYLE('',(#7800));
#6349=EDGE_CURVE('',#7797,#7767,#7801,.T.);
#6350=FILL_AREA_STYLE('',(#7802));
#6351=EDGE_CURVE('',#7783,#7803,#7804,.T.);
#6352=EDGE_CURVE('',#7781,#7805,#7806,.T.);
#6353=EDGE_CURVE('',#7803,#7805,#7807,.T.);
#6354=FILL_AREA_STYLE('',(#7808));
#6355=EDGE_CURVE('',#7805,#7787,#7809,.T.);
#6356=FILL_AREA_STYLE('',(#7810));
#6357=EDGE_CURVE('',#7803,#7491,#7811,.T.);
#6358=FILL_AREA_STYLE('',(#7812));
#6359=EDGE_CURVE('',#7813,#7501,#7814,.T.);
#6360=EDGE_CURVE('',#7815,#7813,#7816,.T.);
#6361=EDGE_CURVE('',#7815,#7503,#7817,.T.);
#6362=FILL_AREA_STYLE('',(#7818));
#6363=EDGE_CURVE('',#7819,#7815,#7820,.T.);
#6364=EDGE_CURVE('',#7821,#7819,#7822,.T.);
#6365=EDGE_CURVE('',#7823,#7821,#7824,.T.);
#6366=EDGE_CURVE('',#7825,#7823,#7826,.T.);
#6367=EDGE_CURVE('',#7827,#7825,#7828,.T.);
#6368=EDGE_CURVE('',#7827,#7829,#7830,.T.);
#6369=EDGE_CURVE('',#7505,#7829,#7831,.T.);
#6370=FILL_AREA_STYLE('',(#7832));
#6371=EDGE_CURVE('',#7833,#7834,#7835,.T.);
#6372=EDGE_CURVE('',#7825,#7833,#7836,.T.);
#6373=EDGE_CURVE('',#7823,#7834,#7837,.T.);
#6374=FILL_AREA_STYLE('',(#7838));
#6375=EDGE_CURVE('',#7834,#7839,#7840,.T.);
#6376=EDGE_CURVE('',#7821,#7839,#7841,.T.);
#6377=FILL_AREA_STYLE('',(#7842));
#6378=EDGE_CURVE('',#7839,#7843,#7844,.T.);
#6379=EDGE_CURVE('',#7819,#7843,#7845,.T.);
#6380=FILL_AREA_STYLE('',(#7846));
#6381=EDGE_CURVE('',#7843,#7813,#7847,.T.);
#6382=FILL_AREA_STYLE('',(#7848));
#6383=EDGE_CURVE('',#7829,#7849,#7850,.T.);
#6384=EDGE_CURVE('',#7827,#7851,#7852,.T.);
#6385=EDGE_CURVE('',#7849,#7851,#7853,.T.);
#6386=FILL_AREA_STYLE('',(#7854));
#6387=EDGE_CURVE('',#7851,#7833,#7855,.T.);
#6388=FILL_AREA_STYLE('',(#7856));
#6389=EDGE_CURVE('',#7849,#7499,#7857,.T.);
#6390=FILL_AREA_STYLE('',(#7858));
#6391=EDGE_CURVE('',#7859,#7860,#7861,.T.);
#6392=EDGE_CURVE('',#7862,#7859,#7863,.T.);
#6393=EDGE_CURVE('',#7864,#7862,#7865,.T.);
#6394=EDGE_CURVE('',#7866,#7864,#7867,.T.);
#6395=EDGE_CURVE('',#7868,#7866,#7869,.T.);
#6396=EDGE_CURVE('',#7870,#7868,#7871,.T.);
#6397=EDGE_CURVE('',#7860,#7870,#7872,.T.);
#6398=FILL_AREA_STYLE('',(#7873));
#6399=EDGE_CURVE('',#7866,#7874,#7875,.T.);
#6400=EDGE_CURVE('',#7876,#7864,#7877,.T.);
#6401=EDGE_CURVE('',#7874,#7876,#7878,.T.);
#6402=FILL_AREA_STYLE('',(#7879));
#6403=EDGE_CURVE('',#7880,#7881,#7882,.T.);
#6404=EDGE_CURVE('',#7883,#7880,#7884,.T.);
#6405=EDGE_CURVE('',#7885,#7883,#7886,.T.);
#6406=EDGE_CURVE('',#7887,#7885,#7888,.T.);
#6407=EDGE_CURVE('',#7887,#7889,#7890,.T.);
#6408=EDGE_CURVE('',#7891,#7889,#7892,.T.);
#6409=EDGE_CURVE('',#7881,#7891,#7893,.T.);
#6410=FILL_AREA_STYLE('',(#7894));
#6411=EDGE_CURVE('',#7895,#7887,#7896,.T.);
#6412=EDGE_CURVE('',#7897,#7895,#7898,.T.);
#6413=EDGE_CURVE('',#7889,#7897,#7899,.T.);
#6414=FILL_AREA_STYLE('',(#7900));
#6415=EDGE_CURVE('',#7868,#7885,#7901,.T.);
#6416=EDGE_CURVE('',#7870,#7883,#7902,.T.);
#6417=FILL_AREA_STYLE('',(#7903));
#6418=EDGE_CURVE('',#7874,#7895,#7904,.T.);
#6419=FILL_AREA_STYLE('',(#7905));
#6420=EDGE_CURVE('',#7876,#7897,#7906,.T.);
#6421=FILL_AREA_STYLE('',(#7907));
#6422=EDGE_CURVE('',#7862,#7891,#7908,.T.);
#6423=FILL_AREA_STYLE('',(#7909));
#6424=EDGE_CURVE('',#7881,#7859,#7910,.T.);
#6425=FILL_AREA_STYLE('',(#7911));
#6426=EDGE_CURVE('',#7880,#7912,#7913,.T.);
#6427=EDGE_CURVE('',#7912,#7914,#7915,.T.);
#6428=EDGE_CURVE('',#7883,#7914,#7916,.T.);
#6429=FILL_AREA_STYLE('',(#7917));
#6430=EDGE_CURVE('',#7918,#7870,#7919,.T.);
#6431=EDGE_CURVE('',#7920,#7918,#7921,.T.);
#6432=EDGE_CURVE('',#7920,#7860,#7922,.T.);
#6433=FILL_AREA_STYLE('',(#7923));
#6434=EDGE_CURVE('',#7924,#7912,#7925,.T.);
#6435=EDGE_CURVE('',#7926,#7924,#7927,.T.);
#6436=EDGE_CURVE('',#7928,#7926,#7929,.T.);
#6437=EDGE_CURVE('',#7930,#7928,#7931,.T.);
#6438=EDGE_CURVE('',#7932,#7930,#7933,.T.);
#6439=EDGE_CURVE('',#7914,#7932,#7934,.T.);
#6440=FILL_AREA_STYLE('',(#7935));
#6441=EDGE_CURVE('',#7930,#7936,#7937,.T.);
#6442=EDGE_CURVE('',#7938,#7928,#7939,.T.);
#6443=EDGE_CURVE('',#7936,#7938,#7940,.T.);
#6444=FILL_AREA_STYLE('',(#7941));
#6445=EDGE_CURVE('',#7942,#7943,#7944,.T.);
#6446=EDGE_CURVE('',#7945,#7942,#7946,.T.);
#6447=EDGE_CURVE('',#7947,#7945,#7948,.T.);
#6448=EDGE_CURVE('',#7949,#7947,#7950,.T.);
#6449=EDGE_CURVE('',#7949,#7951,#7952,.T.);
#6450=EDGE_CURVE('',#7953,#7951,#7954,.T.);
#6451=EDGE_CURVE('',#7943,#7953,#7955,.T.);
#6452=FILL_AREA_STYLE('',(#7956));
#6453=EDGE_CURVE('',#7957,#7949,#7958,.T.);
#6454=EDGE_CURVE('',#7959,#7957,#7960,.T.);
#6455=EDGE_CURVE('',#7951,#7959,#7961,.T.);
#6456=FILL_AREA_STYLE('',(#7962));
#6457=EDGE_CURVE('',#7932,#7947,#7963,.T.);
#6458=EDGE_CURVE('',#7914,#7945,#7964,.T.);
#6459=FILL_AREA_STYLE('',(#7965));
#6460=EDGE_CURVE('',#7936,#7957,#7966,.T.);
#6461=FILL_AREA_STYLE('',(#7967));
#6462=EDGE_CURVE('',#7938,#7959,#7968,.T.);
#6463=FILL_AREA_STYLE('',(#7969));
#6464=EDGE_CURVE('',#7926,#7953,#7970,.T.);
#6465=FILL_AREA_STYLE('',(#7971));
#6466=EDGE_CURVE('',#7943,#7924,#7972,.T.);
#6467=FILL_AREA_STYLE('',(#7973));
#6468=EDGE_CURVE('',#7942,#7974,#7975,.T.);
#6469=EDGE_CURVE('',#7974,#7976,#7977,.T.);
#6470=EDGE_CURVE('',#7945,#7976,#7978,.T.);
#6471=FILL_AREA_STYLE('',(#7979));
#6472=EDGE_CURVE('',#7980,#7974,#7981,.T.);
#6473=EDGE_CURVE('',#7982,#7980,#7983,.T.);
#6474=EDGE_CURVE('',#7984,#7982,#7985,.T.);
#6475=EDGE_CURVE('',#7986,#7984,#7987,.T.);
#6476=EDGE_CURVE('',#7988,#7986,#7989,.T.);
#6477=EDGE_CURVE('',#7976,#7988,#7990,.T.);
#6478=FILL_AREA_STYLE('',(#7991));
#6479=EDGE_CURVE('',#7986,#7992,#7993,.T.);
#6480=EDGE_CURVE('',#7994,#7984,#7995,.T.);
#6481=EDGE_CURVE('',#7992,#7994,#7996,.T.);
#6482=FILL_AREA_STYLE('',(#7997));
#6483=EDGE_CURVE('',#7998,#7999,#8000,.T.);
#6484=EDGE_CURVE('',#8001,#7998,#8002,.T.);
#6485=EDGE_CURVE('',#8003,#8001,#8004,.T.);
#6486=EDGE_CURVE('',#8005,#8003,#8006,.T.);
#6487=EDGE_CURVE('',#8005,#8007,#8008,.T.);
#6488=EDGE_CURVE('',#8009,#8007,#8010,.T.);
#6489=EDGE_CURVE('',#7999,#8009,#8011,.T.);
#6490=FILL_AREA_STYLE('',(#8012));
#6491=EDGE_CURVE('',#8013,#8005,#8014,.T.);
#6492=EDGE_CURVE('',#8015,#8013,#8016,.T.);
#6493=EDGE_CURVE('',#8007,#8015,#8017,.T.);
#6494=FILL_AREA_STYLE('',(#8018));
#6495=EDGE_CURVE('',#7988,#8003,#8019,.T.);
#6496=EDGE_CURVE('',#7976,#8001,#8020,.T.);
#6497=FILL_AREA_STYLE('',(#8021));
#6498=EDGE_CURVE('',#7992,#8013,#8022,.T.);
#6499=FILL_AREA_STYLE('',(#8023));
#6500=EDGE_CURVE('',#7994,#8015,#8024,.T.);
#6501=FILL_AREA_STYLE('',(#8025));
#6502=EDGE_CURVE('',#7982,#8009,#8026,.T.);
#6503=FILL_AREA_STYLE('',(#8027));
#6504=EDGE_CURVE('',#7999,#7980,#8028,.T.);
#6505=FILL_AREA_STYLE('',(#8029));
#6506=EDGE_CURVE('',#7998,#8030,#8031,.T.);
#6507=EDGE_CURVE('',#8030,#8032,#8033,.T.);
#6508=EDGE_CURVE('',#8001,#8032,#8034,.T.);
#6509=FILL_AREA_STYLE('',(#8035));
#6510=EDGE_CURVE('',#8036,#8037,#8038,.T.);
#6511=EDGE_CURVE('',#8039,#8036,#8040,.T.);
#6512=EDGE_CURVE('',#8041,#8039,#8042,.T.);
#6513=EDGE_CURVE('',#8041,#8043,#8044,.T.);
#6514=EDGE_CURVE('',#8045,#8043,#8046,.T.);
#6515=EDGE_CURVE('',#8047,#8045,#8048,.T.);
#6516=EDGE_CURVE('',#8037,#8047,#8049,.T.);
#6517=FILL_AREA_STYLE('',(#8050));
#6518=EDGE_CURVE('',#8051,#8052,#8053,.T.);
#6519=EDGE_CURVE('',#8051,#8054,#8055,.T.);
#6520=EDGE_CURVE('',#8056,#8054,#8057,.T.);
#6521=EDGE_CURVE('',#8052,#8056,#8058,.T.);
#6522=FILL_AREA_STYLE('',(#8059));
#6523=EDGE_CURVE('',#8060,#8030,#8061,.T.);
#6524=EDGE_CURVE('',#8062,#8060,#8063,.T.);
#6525=EDGE_CURVE('',#8054,#8062,#8064,.T.);
#6526=EDGE_CURVE('',#8065,#8051,#8066,.T.);
#6527=EDGE_CURVE('',#8032,#8065,#8067,.T.);
#6528=FILL_AREA_STYLE('',(#8068));
#6529=EDGE_CURVE('',#8069,#8041,#8070,.T.);
#6530=EDGE_CURVE('',#8071,#8069,#8072,.T.);
#6531=EDGE_CURVE('',#8043,#8071,#8073,.T.);
#6532=FILL_AREA_STYLE('',(#8074));
#6533=EDGE_CURVE('',#8065,#8039,#8075,.T.);
#6534=EDGE_CURVE('',#8032,#8036,#8076,.T.);
#6535=FILL_AREA_STYLE('',(#8077));
#6536=EDGE_CURVE('',#8052,#8069,#8078,.T.);
#6537=FILL_AREA_STYLE('',(#8079));
#6538=EDGE_CURVE('',#8056,#8071,#8080,.T.);
#6539=FILL_AREA_STYLE('',(#8081));
#6540=EDGE_CURVE('',#8062,#8045,#8082,.T.);
#6541=FILL_AREA_STYLE('',(#8083));
#6542=EDGE_CURVE('',#8047,#8060,#8084,.T.);
#6543=FILL_AREA_STYLE('',(#8085));
#6544=EDGE_CURVE('',#8037,#8086,#8087,.T.);
#6545=EDGE_CURVE('',#8086,#8088,#8089,.T.);
#6546=EDGE_CURVE('',#8036,#8088,#8090,.T.);
#6547=FILL_AREA_STYLE('',(#8091));
#6548=EDGE_CURVE('',#8092,#8093,#8094,.T.);
#6549=EDGE_CURVE('',#8092,#8095,#8096,.T.);
#6550=EDGE_CURVE('',#8097,#8095,#8098,.T.);
#6551=EDGE_CURVE('',#8093,#8097,#8099,.T.);
#6552=FILL_AREA_STYLE('',(#8100));
#6553=EDGE_CURVE('',#8101,#8102,#8103,.T.);
#6554=EDGE_CURVE('',#8101,#8104,#8105,.T.);
#6555=EDGE_CURVE('',#8104,#8106,#8107,.T.);
#6556=EDGE_CURVE('',#8106,#8108,#8109,.T.);
#6557=EDGE_CURVE('',#8110,#8108,#8111,.T.);
#6558=EDGE_CURVE('',#8110,#8097,#8112,.T.);
#6559=EDGE_CURVE('',#8095,#8102,#8113,.T.);
#6560=FILL_AREA_STYLE('',(#8114));
#6561=EDGE_CURVE('',#8115,#8101,#8116,.T.);
#6562=EDGE_CURVE('',#8117,#8115,#8118,.T.);
#6563=EDGE_CURVE('',#8117,#8104,#8119,.T.);
#6564=FILL_AREA_STYLE('',(#8120));
#6565=EDGE_CURVE('',#8121,#8117,#8122,.T.);
#6566=EDGE_CURVE('',#8121,#8106,#8123,.T.);
#6567=FILL_AREA_STYLE('',(#8124));
#6568=EDGE_CURVE('',#8125,#8121,#8126,.T.);
#6569=EDGE_CURVE('',#8108,#8125,#8127,.T.);
#6570=FILL_AREA_STYLE('',(#8128));
#6571=EDGE_CURVE('',#8102,#8129,#8130,.T.);
#6572=EDGE_CURVE('',#8129,#8131,#8132,.T.);
#6573=EDGE_CURVE('',#8131,#8133,#8134,.T.);
#6574=EDGE_CURVE('',#8133,#8135,#8136,.T.);
#6575=EDGE_CURVE('',#8137,#8135,#8138,.T.);
#6576=EDGE_CURVE('',#8115,#8137,#8139,.T.);
#6577=FILL_AREA_STYLE('',(#8140));
#6578=EDGE_CURVE('',#7918,#8092,#8141,.T.);
#6579=EDGE_CURVE('',#8093,#8142,#8143,.T.);
#6580=EDGE_CURVE('',#8142,#8144,#8145,.T.);
#6581=EDGE_CURVE('',#8144,#8146,#8147,.T.);
#6582=EDGE_CURVE('',#8148,#8146,#8149,.T.);
#6583=EDGE_CURVE('',#8148,#8150,#8151,.T.);
#6584=EDGE_CURVE('',#8152,#8150,#8153,.T.);
#6585=EDGE_CURVE('',#8152,#8154,#8155,.T.);
#6586=EDGE_CURVE('',#8154,#8156,#8157,.T.);
#6587=EDGE_CURVE('',#8156,#8158,#8159,.T.);
#6588=EDGE_CURVE('',#8158,#8160,#8161,.T.);
#6589=EDGE_CURVE('',#8160,#8162,#8163,.T.);
#6590=EDGE_CURVE('',#8162,#8164,#8165,.T.);
#6591=EDGE_CURVE('',#7920,#8164,#8166,.T.);
#6592=FILL_AREA_STYLE('',(#8167));
#6593=EDGE_CURVE('',#8131,#8168,#8169,.T.);
#6594=EDGE_CURVE('',#8168,#8170,#8171,.T.);
#6595=EDGE_CURVE('',#8133,#8170,#8172,.T.);
#6596=FILL_AREA_STYLE('',(#8173));
#6597=EDGE_CURVE('',#8170,#8174,#8175,.T.);
#6598=EDGE_CURVE('',#8168,#8176,#8177,.T.);
#6599=EDGE_CURVE('',#8176,#8174,#8178,.T.);
#6600=FILL_AREA_STYLE('',(#8179));
#6601=EDGE_CURVE('',#8174,#8180,#8181,.T.);
#6602=EDGE_CURVE('',#8176,#8182,#8183,.T.);
#6603=EDGE_CURVE('',#8180,#8182,#8184,.T.);
#6604=FILL_AREA_STYLE('',(#8185));
#6605=EDGE_CURVE('',#8186,#8187,#8188,.T.);
#6606=EDGE_CURVE('',#8189,#8186,#8190,.T.);
#6607=EDGE_CURVE('',#8191,#8189,#8192,.T.);
#6608=EDGE_CURVE('',#8191,#8187,#8193,.T.);
#6609=FILL_AREA_STYLE('',(#8194));
#6610=EDGE_CURVE('',#8129,#8191,#8195,.T.);
#6611=EDGE_CURVE('',#8189,#8196,#8197,.T.);
#6612=EDGE_CURVE('',#8182,#8196,#8198,.T.);
#6613=FILL_AREA_STYLE('',(#8199));
#6614=EDGE_CURVE('',#8088,#8187,#8200,.T.);
#6615=EDGE_CURVE('',#8201,#8086,#8202,.T.);
#6616=EDGE_CURVE('',#8203,#8201,#8204,.T.);
#6617=EDGE_CURVE('',#8205,#8203,#8206,.T.);
#6618=EDGE_CURVE('',#8207,#8205,#8208,.T.);
#6619=EDGE_CURVE('',#8209,#8207,#8210,.T.);
#6620=EDGE_CURVE('',#8211,#8209,#8212,.T.);
#6621=EDGE_CURVE('',#8213,#8211,#8214,.T.);
#6622=EDGE_CURVE('',#8215,#8213,#8216,.T.);
#6623=EDGE_CURVE('',#8217,#8215,#8218,.T.);
#6624=EDGE_CURVE('',#8219,#8217,#8220,.T.);
#6625=EDGE_CURVE('',#8221,#8219,#8222,.T.);
#6626=EDGE_CURVE('',#8223,#8221,#8224,.T.);
#6627=EDGE_CURVE('',#8223,#8186,#8225,.T.);
#6628=FILL_AREA_STYLE('',(#8226));
#6629=EDGE_CURVE('',#8227,#8180,#8228,.T.);
#6630=EDGE_CURVE('',#7509,#8227,#8229,.T.);
#6631=EDGE_CURVE('',#8135,#7507,#8230,.T.);
#6632=FILL_AREA_STYLE('',(#8231));
#6633=EDGE_CURVE('',#8232,#8125,#8233,.T.);
#6634=EDGE_CURVE('',#8232,#8227,#8234,.T.);
#6635=EDGE_CURVE('',#8110,#8196,#8235,.T.);
#6636=FILL_AREA_STYLE('',(#8236));
#6637=EDGE_CURVE('',#8237,#8238,#8239,.T.);
#6638=EDGE_CURVE('',#8240,#8237,#8241,.T.);
#6639=EDGE_CURVE('',#8242,#8240,#8243,.T.);
#6640=EDGE_CURVE('',#8238,#8242,#8244,.T.);
#6641=FILL_AREA_STYLE('',(#8245));
#6642=EDGE_CURVE('',#8238,#8246,#8247,.T.);
#6643=EDGE_CURVE('',#8248,#8242,#8249,.T.);
#6644=EDGE_CURVE('',#8248,#8246,#8250,.T.);
#6645=FILL_AREA_STYLE('',(#8251));
#6646=EDGE_CURVE('',#8246,#8252,#8253,.T.);
#6647=EDGE_CURVE('',#8254,#8248,#8255,.T.);
#6648=EDGE_CURVE('',#8252,#8254,#8256,.T.);
#6649=FILL_AREA_STYLE('',(#8257));
#6650=EDGE_CURVE('',#8156,#8252,#8258,.T.);
#6651=EDGE_CURVE('',#8154,#8211,#8259,.T.);
#6652=EDGE_CURVE('',#8260,#8209,#8261,.T.);
#6653=EDGE_CURVE('',#8260,#8262,#8263,.T.);
#6654=EDGE_CURVE('',#8262,#8264,#8265,.T.);
#6655=EDGE_CURVE('',#8264,#8266,#8267,.T.);
#6656=EDGE_CURVE('',#8268,#8266,#8269,.T.);
#6657=EDGE_CURVE('',#8268,#8270,#8271,.T.);
#6658=EDGE_CURVE('',#8270,#8272,#8273,.T.);
#6659=EDGE_CURVE('',#8272,#8274,#8275,.T.);
#6660=EDGE_CURVE('',#8276,#8274,#8277,.T.);
#6661=EDGE_CURVE('',#8276,#8278,#8279,.T.);
#6662=EDGE_CURVE('',#8278,#8280,#8281,.T.);
#6663=EDGE_CURVE('',#8280,#8282,#8283,.T.);
#6664=EDGE_CURVE('',#8284,#8282,#8285,.T.);
#6665=EDGE_CURVE('',#8284,#8286,#8287,.T.);
#6666=EDGE_CURVE('',#8286,#8288,#8289,.T.);
#6667=EDGE_CURVE('',#8288,#8290,#8291,.T.);
#6668=EDGE_CURVE('',#8237,#8290,#8292,.T.);
#6669=FILL_AREA_STYLE('',(#8293));
#6670=EDGE_CURVE('',#8158,#8254,#8294,.T.);
#6671=FILL_AREA_STYLE('',(#8295));
#6672=EDGE_CURVE('',#8160,#8248,#8296,.T.);
#6673=FILL_AREA_STYLE('',(#8297));
#6674=EDGE_CURVE('',#8298,#8284,#8299,.T.);
#6675=EDGE_CURVE('',#8300,#8298,#8301,.T.);
#6676=EDGE_CURVE('',#8286,#8300,#8302,.T.);
#6677=FILL_AREA_STYLE('',(#8303));
#6678=EDGE_CURVE('',#8304,#8300,#8305,.T.);
#6679=EDGE_CURVE('',#8304,#8288,#8306,.T.);
#6680=FILL_AREA_STYLE('',(#8307));
#6681=EDGE_CURVE('',#8308,#8304,#8309,.T.);
#6682=EDGE_CURVE('',#8290,#8308,#8310,.T.);
#6683=FILL_AREA_STYLE('',(#8311));
#6684=EDGE_CURVE('',#8240,#8308,#8312,.T.);
#6685=FILL_AREA_STYLE('',(#8313));
#6686=EDGE_CURVE('',#8242,#8304,#8314,.T.);
#6687=FILL_AREA_STYLE('',(#8315));
#6688=EDGE_CURVE('',#8316,#8276,#8317,.T.);
#6689=EDGE_CURVE('',#8318,#8316,#8319,.T.);
#6690=EDGE_CURVE('',#8278,#8318,#8320,.T.);
#6691=FILL_AREA_STYLE('',(#8321));
#6692=EDGE_CURVE('',#8322,#8318,#8323,.T.);
#6693=EDGE_CURVE('',#8322,#8280,#8324,.T.);
#6694=FILL_AREA_STYLE('',(#8325));
#6695=EDGE_CURVE('',#8326,#8322,#8327,.T.);
#6696=EDGE_CURVE('',#8282,#8326,#8328,.T.);
#6697=FILL_AREA_STYLE('',(#8329));
#6698=EDGE_CURVE('',#8298,#8326,#8330,.T.);
#6699=FILL_AREA_STYLE('',(#8331));
#6700=EDGE_CURVE('',#8300,#8322,#8332,.T.);
#6701=FILL_AREA_STYLE('',(#8333));
#6702=EDGE_CURVE('',#8334,#8268,#8335,.T.);
#6703=EDGE_CURVE('',#8336,#8334,#8337,.T.);
#6704=EDGE_CURVE('',#8270,#8336,#8338,.T.);
#6705=FILL_AREA_STYLE('',(#8339));
#6706=EDGE_CURVE('',#8340,#8336,#8341,.T.);
#6707=EDGE_CURVE('',#8340,#8272,#8342,.T.);
#6708=FILL_AREA_STYLE('',(#8343));
#6709=EDGE_CURVE('',#8344,#8340,#8345,.T.);
#6710=EDGE_CURVE('',#8274,#8344,#8346,.T.);
#6711=FILL_AREA_STYLE('',(#8347));
#6712=EDGE_CURVE('',#8316,#8344,#8348,.T.);
#6713=FILL_AREA_STYLE('',(#8349));
#6714=EDGE_CURVE('',#8318,#8340,#8350,.T.);
#6715=FILL_AREA_STYLE('',(#8351));
#6716=EDGE_CURVE('',#8352,#8260,#8353,.T.);
#6717=EDGE_CURVE('',#8354,#8352,#8355,.T.);
#6718=EDGE_CURVE('',#8262,#8354,#8356,.T.);
#6719=FILL_AREA_STYLE('',(#8357));
#6720=EDGE_CURVE('',#8358,#8354,#8359,.T.);
#6721=EDGE_CURVE('',#8358,#8264,#8360,.T.);
#6722=FILL_AREA_STYLE('',(#8361));
#6723=EDGE_CURVE('',#8362,#8358,#8363,.T.);
#6724=EDGE_CURVE('',#8266,#8362,#8364,.T.);
#6725=FILL_AREA_STYLE('',(#8365));
#6726=EDGE_CURVE('',#8334,#8362,#8366,.T.);
#6727=FILL_AREA_STYLE('',(#8367));
#6728=EDGE_CURVE('',#8336,#8358,#8368,.T.);
#6729=FILL_AREA_STYLE('',(#8369));
#6730=EDGE_CURVE('',#7473,#8137,#8370,.T.);
#6731=FILL_AREA_STYLE('',(#8371));
#6732=EDGE_CURVE('',#8232,#7471,#8372,.T.);
#6733=FILL_AREA_STYLE('',(#8373));
#6734=EDGE_CURVE('',#8142,#8223,#8374,.T.);
#6735=FILL_AREA_STYLE('',(#8375));
#6736=EDGE_CURVE('',#8144,#8221,#8376,.T.);
#6737=FILL_AREA_STYLE('',(#8377));
#6738=EDGE_CURVE('',#8146,#8219,#8378,.T.);
#6739=FILL_AREA_STYLE('',(#8379));
#6740=EDGE_CURVE('',#8148,#8217,#8380,.T.);
#6741=FILL_AREA_STYLE('',(#8381));
#6742=EDGE_CURVE('',#8150,#8215,#8382,.T.);
#6743=FILL_AREA_STYLE('',(#8383));
#6744=EDGE_CURVE('',#8152,#8213,#8384,.T.);
#6745=FILL_AREA_STYLE('',(#8385));
#6746=FILL_AREA_STYLE('',(#8386));
#6747=EDGE_CURVE('',#8352,#8207,#8387,.T.);
#6748=FILL_AREA_STYLE('',(#8388));
#6749=EDGE_CURVE('',#8354,#8205,#8389,.T.);
#6750=FILL_AREA_STYLE('',(#8390));
#6751=EDGE_CURVE('',#8162,#8203,#8391,.T.);
#6752=FILL_AREA_STYLE('',(#8392));
#6753=EDGE_CURVE('',#8164,#8201,#8393,.T.);
#6754=FILL_AREA_STYLE('',(#8394));
#6755=FILL_AREA_STYLE('',(#8395));
#6756=FILL_AREA_STYLE('',(#8396));
#6757=FILL_AREA_STYLE_COLOUR('',#8397);
#6758=VERTEX_POINT('',#8398);
#6759=VERTEX_POINT('',#8399);
#6760=LINE('',#8400,#8401);
#6761=VERTEX_POINT('',#8402);
#6762=CIRCLE('',#8403,0.6);
#6763=VERTEX_POINT('',#8404);
#6764=LINE('',#8405,#8406);
#6765=CIRCLE('',#8407,0.6);
#6766=FILL_AREA_STYLE_COLOUR('',#8408);
#6767=VERTEX_POINT('',#8409);
#6768=LINE('',#8410,#8411);
#6769=VERTEX_POINT('',#8412);
#6770=LINE('',#8413,#8414);
#6771=CIRCLE('',#8415,1.0);
#6772=FILL_AREA_STYLE_COLOUR('',#8416);
#6773=VERTEX_POINT('',#8417);
#6774=VERTEX_POINT('',#8418);
#6775=LINE('',#8419,#8420);
#6776=VERTEX_POINT('',#8421);
#6777=CIRCLE('',#8422,0.6);
#6778=VERTEX_POINT('',#8423);
#6779=LINE('',#8424,#8425);
#6780=CIRCLE('',#8426,0.6);
#6781=FILL_AREA_STYLE_COLOUR('',#8427);
#6782=VERTEX_POINT('',#8428);
#6783=LINE('',#8429,#8430);
#6784=VERTEX_POINT('',#8431);
#6785=LINE('',#8432,#8433);
#6786=CIRCLE('',#8434,1.0);
#6787=FILL_AREA_STYLE_COLOUR('',#8435);
#6788=VERTEX_POINT('',#8436);
#6789=VERTEX_POINT('',#8437);
#6790=LINE('',#8438,#8439);
#6791=VERTEX_POINT('',#8440);
#6792=CIRCLE('',#8441,0.6);
#6793=VERTEX_POINT('',#8442);
#6794=LINE('',#8443,#8444);
#6795=CIRCLE('',#8445,0.6);
#6796=FILL_AREA_STYLE_COLOUR('',#8446);
#6797=VERTEX_POINT('',#8447);
#6798=LINE('',#8448,#8449);
#6799=VERTEX_POINT('',#8450);
#6800=LINE('',#8451,#8452);
#6801=CIRCLE('',#8453,1.0);
#6802=FILL_AREA_STYLE_COLOUR('',#8454);
#6803=VERTEX_POINT('',#8455);
#6804=VERTEX_POINT('',#8456);
#6805=LINE('',#8457,#8458);
#6806=VERTEX_POINT('',#8459);
#6807=CIRCLE('',#8460,0.6);
#6808=VERTEX_POINT('',#8461);
#6809=LINE('',#8462,#8463);
#6810=CIRCLE('',#8464,0.6);
#6811=FILL_AREA_STYLE_COLOUR('',#8465);
#6812=VERTEX_POINT('',#8466);
#6813=LINE('',#8467,#8468);
#6814=VERTEX_POINT('',#8469);
#6815=LINE('',#8470,#8471);
#6816=CIRCLE('',#8472,1.0);
#6817=FILL_AREA_STYLE_COLOUR('',#8473);
#6818=VERTEX_POINT('',#8474);
#6819=VERTEX_POINT('',#8475);
#6820=LINE('',#8476,#8477);
#6821=VERTEX_POINT('',#8478);
#6822=CIRCLE('',#8479,1.65099999999998);
#6823=VERTEX_POINT('',#8480);
#6824=LINE('',#8481,#8482);
#6825=CIRCLE('',#8483,1.39699999999999);
#6826=FILL_AREA_STYLE_COLOUR('',#8484);
#6827=VERTEX_POINT('',#8485);
#6828=LINE('',#8486,#8487);
#6829=VERTEX_POINT('',#8488);
#6830=LINE('',#8489,#8490);
#6831=CIRCLE('',#8491,1.39699999999999);
#6832=FILL_AREA_STYLE_COLOUR('',#8492);
#6833=VERTEX_POINT('',#8493);
#6834=VERTEX_POINT('',#8494);
#6835=LINE('',#8495,#8496);
#6836=VERTEX_POINT('',#8497);
#6837=CIRCLE('',#8498,1.65099999999998);
#6838=VERTEX_POINT('',#8499);
#6839=LINE('',#8500,#8501);
#6840=CIRCLE('',#8502,1.39699999999999);
#6841=FILL_AREA_STYLE_COLOUR('',#8503);
#6842=VERTEX_POINT('',#8504);
#6843=LINE('',#8505,#8506);
#6844=VERTEX_POINT('',#8507);
#6845=LINE('',#8508,#8509);
#6846=CIRCLE('',#8510,1.39699999999999);
#6847=FILL_AREA_STYLE_COLOUR('',#8511);
#6848=VERTEX_POINT('',#8512);
#6849=VERTEX_POINT('',#8513);
#6850=LINE('',#8514,#8515);
#6851=VERTEX_POINT('',#8516);
#6852=CIRCLE('',#8517,1.65099999999998);
#6853=VERTEX_POINT('',#8518);
#6854=LINE('',#8519,#8520);
#6855=CIRCLE('',#8521,1.39699999999999);
#6856=FILL_AREA_STYLE_COLOUR('',#8522);
#6857=VERTEX_POINT('',#8523);
#6858=LINE('',#8524,#8525);
#6859=VERTEX_POINT('',#8526);
#6860=LINE('',#8527,#8528);
#6861=CIRCLE('',#8529,1.39699999999999);
#6862=FILL_AREA_STYLE_COLOUR('',#8530);
#6863=VERTEX_POINT('',#8531);
#6864=VERTEX_POINT('',#8532);
#6865=LINE('',#8533,#8534);
#6866=VERTEX_POINT('',#8535);
#6867=CIRCLE('',#8536,1.65099999999998);
#6868=VERTEX_POINT('',#8537);
#6869=LINE('',#8538,#8539);
#6870=CIRCLE('',#8540,1.39699999999999);
#6871=FILL_AREA_STYLE_COLOUR('',#8541);
#6872=VERTEX_POINT('',#8542);
#6873=LINE('',#8543,#8544);
#6874=VERTEX_POINT('',#8545);
#6875=LINE('',#8546,#8547);
#6876=CIRCLE('',#8548,1.39699999999999);
#6877=FILL_AREA_STYLE_COLOUR('',#8549);
#6878=VERTEX_POINT('',#8550);
#6879=VERTEX_POINT('',#8551);
#6880=LINE('',#8552,#8553);
#6881=VERTEX_POINT('',#8554);
#6882=CIRCLE('',#8555,1.374);
#6883=VERTEX_POINT('',#8556);
#6884=LINE('',#8557,#8558);
#6885=VERTEX_POINT('',#8559);
#6886=CIRCLE('',#8560,1.374);
#6887=VERTEX_POINT('',#8561);
#6888=LINE('',#8562,#8563);
#6889=VERTEX_POINT('',#8564);
#6890=CIRCLE('',#8565,1.374);
#6891=VERTEX_POINT('',#8566);
#6892=LINE('',#8567,#8568);
#6893=CIRCLE('',#8569,1.374);
#6894=FILL_AREA_STYLE_COLOUR('',#8570);
#6895=VERTEX_POINT('',#8571);
#6896=VERTEX_POINT('',#8572);
#6897=LINE('',#8573,#8574);
#6898=VERTEX_POINT('',#8575);
#6899=CIRCLE('',#8576,1.374);
#6900=VERTEX_POINT('',#8577);
#6901=LINE('',#8578,#8579);
#6902=VERTEX_POINT('',#8580);
#6903=CIRCLE('',#8581,1.374);
#6904=VERTEX_POINT('',#8582);
#6905=LINE('',#8583,#8584);
#6906=VERTEX_POINT('',#8585);
#6907=CIRCLE('',#8586,1.374);
#6908=VERTEX_POINT('',#8587);
#6909=LINE('',#8588,#8589);
#6910=CIRCLE('',#8590,1.374);
#6911=FILL_AREA_STYLE_COLOUR('',#8591);
#6912=VERTEX_POINT('',#8592);
#6913=VERTEX_POINT('',#8593);
#6914=LINE('',#8594,#8595);
#6915=VERTEX_POINT('',#8596);
#6916=CIRCLE('',#8597,1.374);
#6917=VERTEX_POINT('',#8598);
#6918=LINE('',#8599,#8600);
#6919=VERTEX_POINT('',#8601);
#6920=CIRCLE('',#8602,1.374);
#6921=VERTEX_POINT('',#8603);
#6922=LINE('',#8604,#8605);
#6923=VERTEX_POINT('',#8606);
#6924=CIRCLE('',#8607,1.374);
#6925=VERTEX_POINT('',#8608);
#6926=LINE('',#8609,#8610);
#6927=CIRCLE('',#8611,1.374);
#6928=FILL_AREA_STYLE_COLOUR('',#8612);
#6929=VERTEX_POINT('',#8613);
#6930=VERTEX_POINT('',#8614);
#6931=LINE('',#8615,#8616);
#6932=VERTEX_POINT('',#8617);
#6933=CIRCLE('',#8618,1.374);
#6934=VERTEX_POINT('',#8619);
#6935=LINE('',#8620,#8621);
#6936=VERTEX_POINT('',#8622);
#6937=CIRCLE('',#8623,1.374);
#6938=VERTEX_POINT('',#8624);
#6939=LINE('',#8625,#8626);
#6940=VERTEX_POINT('',#8627);
#6941=CIRCLE('',#8628,1.374);
#6942=VERTEX_POINT('',#8629);
#6943=LINE('',#8630,#8631);
#6944=CIRCLE('',#8632,1.374);
#6945=FILL_AREA_STYLE_COLOUR('',#8633);
#6946=VERTEX_POINT('',#8634);
#6947=CIRCLE('',#8635,1.374);
#6948=VERTEX_POINT('',#8636);
#6949=LINE('',#8637,#8638);
#6950=VERTEX_POINT('',#8639);
#6951=CIRCLE('',#8640,1.374);
#6952=VERTEX_POINT('',#8641);
#6953=LINE('',#8642,#8643);
#6954=CIRCLE('',#8644,1.374);
#6955=CIRCLE('',#8645,1.374);
#6956=FILL_AREA_STYLE_COLOUR('',#8646);
#6957=LINE('',#8647,#8648);
#6958=LINE('',#8649,#8650);
#6959=FILL_AREA_STYLE_COLOUR('',#8651);
#6960=LINE('',#8652,#8653);
#6961=FILL_AREA_STYLE_COLOUR('',#8654);
#6962=LINE('',#8655,#8656);
#6963=FILL_AREA_STYLE_COLOUR('',#8657);
#6964=FILL_AREA_STYLE_COLOUR('',#8658);
#6965=FILL_AREA_STYLE_COLOUR('',#8659);
#6966=VERTEX_POINT('',#8660);
#6967=CIRCLE('',#8661,1.374);
#6968=VERTEX_POINT('',#8662);
#6969=LINE('',#8663,#8664);
#6970=VERTEX_POINT('',#8665);
#6971=CIRCLE('',#8666,1.374);
#6972=VERTEX_POINT('',#8667);
#6973=LINE('',#8668,#8669);
#6974=CIRCLE('',#8670,1.374);
#6975=CIRCLE('',#8671,1.374);
#6976=FILL_AREA_STYLE_COLOUR('',#8672);
#6977=LINE('',#8673,#8674);
#6978=LINE('',#8675,#8676);
#6979=FILL_AREA_STYLE_COLOUR('',#8677);
#6980=LINE('',#8678,#8679);
#6981=FILL_AREA_STYLE_COLOUR('',#8680);
#6982=LINE('',#8681,#8682);
#6983=FILL_AREA_STYLE_COLOUR('',#8683);
#6984=FILL_AREA_STYLE_COLOUR('',#8684);
#6985=FILL_AREA_STYLE_COLOUR('',#8685);
#6986=VERTEX_POINT('',#8686);
#6987=CIRCLE('',#8687,1.374);
#6988=VERTEX_POINT('',#8688);
#6989=LINE('',#8689,#8690);
#6990=VERTEX_POINT('',#8691);
#6991=CIRCLE('',#8692,1.374);
#6992=VERTEX_POINT('',#8693);
#6993=LINE('',#8694,#8695);
#6994=CIRCLE('',#8696,1.374);
#6995=CIRCLE('',#8697,1.374);
#6996=FILL_AREA_STYLE_COLOUR('',#8698);
#6997=LINE('',#8699,#8700);
#6998=LINE('',#8701,#8702);
#6999=FILL_AREA_STYLE_COLOUR('',#8703);
#7000=LINE('',#8704,#8705);
#7001=FILL_AREA_STYLE_COLOUR('',#8706);
#7002=LINE('',#8707,#8708);
#7003=FILL_AREA_STYLE_COLOUR('',#8709);
#7004=FILL_AREA_STYLE_COLOUR('',#8710);
#7005=FILL_AREA_STYLE_COLOUR('',#8711);
#7006=VERTEX_POINT('',#8712);
#7007=CIRCLE('',#8713,1.374);
#7008=VERTEX_POINT('',#8714);
#7009=LINE('',#8715,#8716);
#7010=VERTEX_POINT('',#8717);
#7011=CIRCLE('',#8718,1.374);
#7012=VERTEX_POINT('',#8719);
#7013=LINE('',#8720,#8721);
#7014=CIRCLE('',#8722,1.374);
#7015=CIRCLE('',#8723,1.374);
#7016=FILL_AREA_STYLE_COLOUR('',#8724);
#7017=LINE('',#8725,#8726);
#7018=LINE('',#8727,#8728);
#7019=FILL_AREA_STYLE_COLOUR('',#8729);
#7020=LINE('',#8730,#8731);
#7021=FILL_AREA_STYLE_COLOUR('',#8732);
#7022=LINE('',#8733,#8734);
#7023=FILL_AREA_STYLE_COLOUR('',#8735);
#7024=FILL_AREA_STYLE_COLOUR('',#8736);
#7025=FILL_AREA_STYLE_COLOUR('',#8737);
#7026=CIRCLE('',#8738,1.39699999999999);
#7027=CIRCLE('',#8739,1.39699999999999);
#7028=FILL_AREA_STYLE_COLOUR('',#8740);
#7029=CIRCLE('',#8741,1.65099999999998);
#7030=FILL_AREA_STYLE_COLOUR('',#8742);
#7031=FILL_AREA_STYLE_COLOUR('',#8743);
#7032=CIRCLE('',#8744,1.39699999999999);
#7033=CIRCLE('',#8745,1.39699999999999);
#7034=FILL_AREA_STYLE_COLOUR('',#8746);
#7035=CIRCLE('',#8747,1.65099999999998);
#7036=FILL_AREA_STYLE_COLOUR('',#8748);
#7037=FILL_AREA_STYLE_COLOUR('',#8749);
#7038=CIRCLE('',#8750,1.39699999999999);
#7039=CIRCLE('',#8751,1.39699999999999);
#7040=FILL_AREA_STYLE_COLOUR('',#8752);
#7041=CIRCLE('',#8753,1.65099999999998);
#7042=FILL_AREA_STYLE_COLOUR('',#8754);
#7043=FILL_AREA_STYLE_COLOUR('',#8755);
#7044=CIRCLE('',#8756,1.39699999999999);
#7045=CIRCLE('',#8757,1.39699999999999);
#7046=FILL_AREA_STYLE_COLOUR('',#8758);
#7047=CIRCLE('',#8759,1.65099999999998);
#7048=FILL_AREA_STYLE_COLOUR('',#8760);
#7049=FILL_AREA_STYLE_COLOUR('',#8761);
#7050=CIRCLE('',#8762,1.0);
#7051=CIRCLE('',#8763,0.6);
#7052=FILL_AREA_STYLE_COLOUR('',#8764);
#7053=CIRCLE('',#8765,0.6);
#7054=FILL_AREA_STYLE_COLOUR('',#8766);
#7055=FILL_AREA_STYLE_COLOUR('',#8767);
#7056=CIRCLE('',#8768,1.0);
#7057=CIRCLE('',#8769,0.6);
#7058=FILL_AREA_STYLE_COLOUR('',#8770);
#7059=CIRCLE('',#8771,0.6);
#7060=FILL_AREA_STYLE_COLOUR('',#8772);
#7061=FILL_AREA_STYLE_COLOUR('',#8773);
#7062=CIRCLE('',#8774,1.0);
#7063=CIRCLE('',#8775,0.6);
#7064=FILL_AREA_STYLE_COLOUR('',#8776);
#7065=CIRCLE('',#8777,0.6);
#7066=FILL_AREA_STYLE_COLOUR('',#8778);
#7067=FILL_AREA_STYLE_COLOUR('',#8779);
#7068=CIRCLE('',#8780,1.0);
#7069=CIRCLE('',#8781,0.6);
#7070=FILL_AREA_STYLE_COLOUR('',#8782);
#7071=CIRCLE('',#8783,0.6);
#7072=FILL_AREA_STYLE_COLOUR('',#8784);
#7073=FILL_AREA_STYLE_COLOUR('',#8785);
#7074=VERTEX_POINT('',#8786);
#7075=VERTEX_POINT('',#8787);
#7076=LINE('',#8788,#8789);
#7077=VERTEX_POINT('',#8790);
#7078=LINE('',#8791,#8792);
#7079=VERTEX_POINT('',#8793);
#7080=LINE('',#8794,#8795);
#7081=LINE('',#8796,#8797);
#7082=FILL_AREA_STYLE_COLOUR('',#8798);
#7083=VERTEX_POINT('',#8799);
#7084=LINE('',#8800,#8801);
#7085=VERTEX_POINT('',#8802);
#7086=LINE('',#8803,#8804);
#7087=LINE('',#8805,#8806);
#7088=VERTEX_POINT('',#8807);
#7089=VERTEX_POINT('',#8808);
#7090=LINE('',#8809,#8810);
#7091=VERTEX_POINT('',#8811);
#7092=LINE('',#8812,#8813);
#7093=VERTEX_POINT('',#8814);
#7094=LINE('',#8815,#8816);
#7095=LINE('',#8817,#8818);
#7096=FILL_AREA_STYLE_COLOUR('',#8819);
#7097=VERTEX_POINT('',#8820);
#7098=LINE('',#8821,#8822);
#7099=VERTEX_POINT('',#8823);
#7100=LINE('',#8824,#8825);
#7101=LINE('',#8826,#8827);
#7102=FILL_AREA_STYLE_COLOUR('',#8828);
#7103=VERTEX_POINT('',#8829);
#7104=LINE('',#8830,#8831);
#7105=VERTEX_POINT('',#8832);
#7106=LINE('',#8833,#8834);
#7107=VERTEX_POINT('',#8835);
#7108=LINE('',#8836,#8837);
#7109=VERTEX_POINT('',#8838);
#7110=LINE('',#8839,#8840);
#7111=VERTEX_POINT('',#8841);
#7112=LINE('',#8842,#8843);
#7113=VERTEX_POINT('',#8844);
#7114=LINE('',#8845,#8846);
#7115=LINE('',#8847,#8848);
#7116=FILL_AREA_STYLE_COLOUR('',#8849);
#7117=VERTEX_POINT('',#8850);
#7118=LINE('',#8851,#8852);
#7119=LINE('',#8853,#8854);
#7120=FILL_AREA_STYLE_COLOUR('',#8855);
#7121=VERTEX_POINT('',#8856);
#7122=LINE('',#8857,#8858);
#7123=LINE('',#8859,#8860);
#7124=FILL_AREA_STYLE_COLOUR('',#8861);
#7125=VERTEX_POINT('',#8862);
#7126=LINE('',#8863,#8864);
#7127=LINE('',#8865,#8866);
#7128=FILL_AREA_STYLE_COLOUR('',#8867);
#7129=VERTEX_POINT('',#8868);
#7130=LINE('',#8869,#8870);
#7131=LINE('',#8871,#8872);
#7132=FILL_AREA_STYLE_COLOUR('',#8873);
#7133=VERTEX_POINT('',#8874);
#7134=LINE('',#8875,#8876);
#7135=LINE('',#8877,#8878);
#7136=FILL_AREA_STYLE_COLOUR('',#8879);
#7137=VERTEX_POINT('',#8880);
#7138=LINE('',#8881,#8882);
#7139=LINE('',#8883,#8884);
#7140=FILL_AREA_STYLE_COLOUR('',#8885);
#7141=LINE('',#8886,#8887);
#7142=FILL_AREA_STYLE_COLOUR('',#8888);
#7143=FILL_AREA_STYLE_COLOUR('',#8889);
#7144=VERTEX_POINT('',#8890);
#7145=LINE('',#8891,#8892);
#7146=VERTEX_POINT('',#8893);
#7147=LINE('',#8894,#8895);
#7148=LINE('',#8896,#8897);
#7149=FILL_AREA_STYLE_COLOUR('',#8898);
#7150=VERTEX_POINT('',#8899);
#7151=CIRCLE('',#8900,1.86563);
#7152=VERTEX_POINT('',#8901);
#7153=CIRCLE('',#8902,1.86563);
#7154=LINE('',#8903,#8904);
#7155=FILL_AREA_STYLE_COLOUR('',#8905);
#7156=LINE('',#8906,#8907);
#7157=LINE('',#8908,#8909);
#7158=FILL_AREA_STYLE_COLOUR('',#8910);
#7159=FILL_AREA_STYLE_COLOUR('',#8911);
#7160=VERTEX_POINT('',#8912);
#7161=VERTEX_POINT('',#8913);
#7162=LINE('',#8914,#8915);
#7163=VERTEX_POINT('',#8916);
#7164=LINE('',#8917,#8918);
#7165=VERTEX_POINT('',#8919);
#7166=LINE('',#8920,#8921);
#7167=LINE('',#8922,#8923);
#7168=FILL_AREA_STYLE_COLOUR('',#8924);
#7169=VERTEX_POINT('',#8925);
#7170=LINE('',#8926,#8927);
#7171=VERTEX_POINT('',#8928);
#7172=LINE('',#8929,#8930);
#7173=LINE('',#8931,#8932);
#7174=VERTEX_POINT('',#8933);
#7175=VERTEX_POINT('',#8934);
#7176=LINE('',#8935,#8936);
#7177=VERTEX_POINT('',#8937);
#7178=LINE('',#8938,#8939);
#7179=VERTEX_POINT('',#8940);
#7180=LINE('',#8941,#8942);
#7181=LINE('',#8943,#8944);
#7182=FILL_AREA_STYLE_COLOUR('',#8945);
#7183=VERTEX_POINT('',#8946);
#7184=LINE('',#8947,#8948);
#7185=VERTEX_POINT('',#8949);
#7186=LINE('',#8950,#8951);
#7187=LINE('',#8952,#8953);
#7188=FILL_AREA_STYLE_COLOUR('',#8954);
#7189=VERTEX_POINT('',#8955);
#7190=LINE('',#8956,#8957);
#7191=VERTEX_POINT('',#8958);
#7192=LINE('',#8959,#8960);
#7193=VERTEX_POINT('',#8961);
#7194=LINE('',#8962,#8963);
#7195=VERTEX_POINT('',#8964);
#7196=LINE('',#8965,#8966);
#7197=VERTEX_POINT('',#8967);
#7198=LINE('',#8968,#8969);
#7199=VERTEX_POINT('',#8970);
#7200=LINE('',#8971,#8972);
#7201=LINE('',#8973,#8974);
#7202=FILL_AREA_STYLE_COLOUR('',#8975);
#7203=VERTEX_POINT('',#8976);
#7204=LINE('',#8977,#8978);
#7205=LINE('',#8979,#8980);
#7206=FILL_AREA_STYLE_COLOUR('',#8981);
#7207=VERTEX_POINT('',#8982);
#7208=LINE('',#8983,#8984);
#7209=LINE('',#8985,#8986);
#7210=FILL_AREA_STYLE_COLOUR('',#8987);
#7211=VERTEX_POINT('',#8988);
#7212=LINE('',#8989,#8990);
#7213=LINE('',#8991,#8992);
#7214=FILL_AREA_STYLE_COLOUR('',#8993);
#7215=VERTEX_POINT('',#8994);
#7216=LINE('',#8995,#8996);
#7217=LINE('',#8997,#8998);
#7218=FILL_AREA_STYLE_COLOUR('',#8999);
#7219=VERTEX_POINT('',#9000);
#7220=LINE('',#9001,#9002);
#7221=LINE('',#9003,#9004);
#7222=FILL_AREA_STYLE_COLOUR('',#9005);
#7223=VERTEX_POINT('',#9006);
#7224=LINE('',#9007,#9008);
#7225=LINE('',#9009,#9010);
#7226=FILL_AREA_STYLE_COLOUR('',#9011);
#7227=LINE('',#9012,#9013);
#7228=FILL_AREA_STYLE_COLOUR('',#9014);
#7229=FILL_AREA_STYLE_COLOUR('',#9015);
#7230=VERTEX_POINT('',#9016);
#7231=LINE('',#9017,#9018);
#7232=VERTEX_POINT('',#9019);
#7233=LINE('',#9020,#9021);
#7234=LINE('',#9022,#9023);
#7235=FILL_AREA_STYLE_COLOUR('',#9024);
#7236=VERTEX_POINT('',#9025);
#7237=CIRCLE('',#9026,1.86563);
#7238=VERTEX_POINT('',#9027);
#7239=CIRCLE('',#9028,1.86563);
#7240=LINE('',#9029,#9030);
#7241=FILL_AREA_STYLE_COLOUR('',#9031);
#7242=LINE('',#9032,#9033);
#7243=LINE('',#9034,#9035);
#7244=FILL_AREA_STYLE_COLOUR('',#9036);
#7245=FILL_AREA_STYLE_COLOUR('',#9037);
#7246=VERTEX_POINT('',#9038);
#7247=VERTEX_POINT('',#9039);
#7248=LINE('',#9040,#9041);
#7249=VERTEX_POINT('',#9042);
#7250=LINE('',#9043,#9044);
#7251=VERTEX_POINT('',#9045);
#7252=LINE('',#9046,#9047);
#7253=LINE('',#9048,#9049);
#7254=FILL_AREA_STYLE_COLOUR('',#9050);
#7255=VERTEX_POINT('',#9051);
#7256=LINE('',#9052,#9053);
#7257=VERTEX_POINT('',#9054);
#7258=LINE('',#9055,#9056);
#7259=LINE('',#9057,#9058);
#7260=VERTEX_POINT('',#9059);
#7261=VERTEX_POINT('',#9060);
#7262=LINE('',#9061,#9062);
#7263=VERTEX_POINT('',#9063);
#7264=LINE('',#9064,#9065);
#7265=VERTEX_POINT('',#9066);
#7266=LINE('',#9067,#9068);
#7267=LINE('',#9069,#9070);
#7268=FILL_AREA_STYLE_COLOUR('',#9071);
#7269=VERTEX_POINT('',#9072);
#7270=LINE('',#9073,#9074);
#7271=VERTEX_POINT('',#9075);
#7272=LINE('',#9076,#9077);
#7273=LINE('',#9078,#9079);
#7274=FILL_AREA_STYLE_COLOUR('',#9080);
#7275=VERTEX_POINT('',#9081);
#7276=LINE('',#9082,#9083);
#7277=VERTEX_POINT('',#9084);
#7278=LINE('',#9085,#9086);
#7279=VERTEX_POINT('',#9087);
#7280=LINE('',#9088,#9089);
#7281=VERTEX_POINT('',#9090);
#7282=LINE('',#9091,#9092);
#7283=VERTEX_POINT('',#9093);
#7284=LINE('',#9094,#9095);
#7285=VERTEX_POINT('',#9096);
#7286=LINE('',#9097,#9098);
#7287=LINE('',#9099,#9100);
#7288=FILL_AREA_STYLE_COLOUR('',#9101);
#7289=VERTEX_POINT('',#9102);
#7290=LINE('',#9103,#9104);
#7291=LINE('',#9105,#9106);
#7292=FILL_AREA_STYLE_COLOUR('',#9107);
#7293=VERTEX_POINT('',#9108);
#7294=LINE('',#9109,#9110);
#7295=LINE('',#9111,#9112);
#7296=FILL_AREA_STYLE_COLOUR('',#9113);
#7297=VERTEX_POINT('',#9114);
#7298=LINE('',#9115,#9116);
#7299=LINE('',#9117,#9118);
#7300=FILL_AREA_STYLE_COLOUR('',#9119);
#7301=VERTEX_POINT('',#9120);
#7302=LINE('',#9121,#9122);
#7303=LINE('',#9123,#9124);
#7304=FILL_AREA_STYLE_COLOUR('',#9125);
#7305=VERTEX_POINT('',#9126);
#7306=LINE('',#9127,#9128);
#7307=LINE('',#9129,#9130);
#7308=FILL_AREA_STYLE_COLOUR('',#9131);
#7309=VERTEX_POINT('',#9132);
#7310=LINE('',#9133,#9134);
#7311=LINE('',#9135,#9136);
#7312=FILL_AREA_STYLE_COLOUR('',#9137);
#7313=LINE('',#9138,#9139);
#7314=FILL_AREA_STYLE_COLOUR('',#9140);
#7315=FILL_AREA_STYLE_COLOUR('',#9141);
#7316=VERTEX_POINT('',#9142);
#7317=LINE('',#9143,#9144);
#7318=VERTEX_POINT('',#9145);
#7319=LINE('',#9146,#9147);
#7320=LINE('',#9148,#9149);
#7321=FILL_AREA_STYLE_COLOUR('',#9150);
#7322=VERTEX_POINT('',#9151);
#7323=CIRCLE('',#9152,1.86563);
#7324=VERTEX_POINT('',#9153);
#7325=CIRCLE('',#9154,1.86563);
#7326=LINE('',#9155,#9156);
#7327=FILL_AREA_STYLE_COLOUR('',#9157);
#7328=LINE('',#9158,#9159);
#7329=LINE('',#9160,#9161);
#7330=FILL_AREA_STYLE_COLOUR('',#9162);
#7331=FILL_AREA_STYLE_COLOUR('',#9163);
#7332=VERTEX_POINT('',#9164);
#7333=VERTEX_POINT('',#9165);
#7334=LINE('',#9166,#9167);
#7335=VERTEX_POINT('',#9168);
#7336=LINE('',#9169,#9170);
#7337=VERTEX_POINT('',#9171);
#7338=LINE('',#9172,#9173);
#7339=LINE('',#9174,#9175);
#7340=FILL_AREA_STYLE_COLOUR('',#9176);
#7341=VERTEX_POINT('',#9177);
#7342=LINE('',#9178,#9179);
#7343=VERTEX_POINT('',#9180);
#7344=LINE('',#9181,#9182);
#7345=LINE('',#9183,#9184);
#7346=VERTEX_POINT('',#9185);
#7347=VERTEX_POINT('',#9186);
#7348=LINE('',#9187,#9188);
#7349=VERTEX_POINT('',#9189);
#7350=LINE('',#9190,#9191);
#7351=VERTEX_POINT('',#9192);
#7352=LINE('',#9193,#9194);
#7353=LINE('',#9195,#9196);
#7354=FILL_AREA_STYLE_COLOUR('',#9197);
#7355=VERTEX_POINT('',#9198);
#7356=LINE('',#9199,#9200);
#7357=VERTEX_POINT('',#9201);
#7358=LINE('',#9202,#9203);
#7359=LINE('',#9204,#9205);
#7360=FILL_AREA_STYLE_COLOUR('',#9206);
#7361=VERTEX_POINT('',#9207);
#7362=LINE('',#9208,#9209);
#7363=VERTEX_POINT('',#9210);
#7364=LINE('',#9211,#9212);
#7365=VERTEX_POINT('',#9213);
#7366=LINE('',#9214,#9215);
#7367=VERTEX_POINT('',#9216);
#7368=LINE('',#9217,#9218);
#7369=VERTEX_POINT('',#9219);
#7370=LINE('',#9220,#9221);
#7371=VERTEX_POINT('',#9222);
#7372=LINE('',#9223,#9224);
#7373=LINE('',#9225,#9226);
#7374=FILL_AREA_STYLE_COLOUR('',#9227);
#7375=VERTEX_POINT('',#9228);
#7376=LINE('',#9229,#9230);
#7377=LINE('',#9231,#9232);
#7378=FILL_AREA_STYLE_COLOUR('',#9233);
#7379=VERTEX_POINT('',#9234);
#7380=LINE('',#9235,#9236);
#7381=LINE('',#9237,#9238);
#7382=FILL_AREA_STYLE_COLOUR('',#9239);
#7383=VERTEX_POINT('',#9240);
#7384=LINE('',#9241,#9242);
#7385=LINE('',#9243,#9244);
#7386=FILL_AREA_STYLE_COLOUR('',#9245);
#7387=VERTEX_POINT('',#9246);
#7388=LINE('',#9247,#9248);
#7389=LINE('',#9249,#9250);
#7390=FILL_AREA_STYLE_COLOUR('',#9251);
#7391=VERTEX_POINT('',#9252);
#7392=LINE('',#9253,#9254);
#7393=LINE('',#9255,#9256);
#7394=FILL_AREA_STYLE_COLOUR('',#9257);
#7395=VERTEX_POINT('',#9258);
#7396=LINE('',#9259,#9260);
#7397=LINE('',#9261,#9262);
#7398=FILL_AREA_STYLE_COLOUR('',#9263);
#7399=LINE('',#9264,#9265);
#7400=FILL_AREA_STYLE_COLOUR('',#9266);
#7401=FILL_AREA_STYLE_COLOUR('',#9267);
#7402=VERTEX_POINT('',#9268);
#7403=LINE('',#9269,#9270);
#7404=VERTEX_POINT('',#9271);
#7405=LINE('',#9272,#9273);
#7406=LINE('',#9274,#9275);
#7407=FILL_AREA_STYLE_COLOUR('',#9276);
#7408=VERTEX_POINT('',#9277);
#7409=CIRCLE('',#9278,1.86563);
#7410=VERTEX_POINT('',#9279);
#7411=CIRCLE('',#9280,1.86563);
#7412=LINE('',#9281,#9282);
#7413=FILL_AREA_STYLE_COLOUR('',#9283);
#7414=LINE('',#9284,#9285);
#7415=LINE('',#9286,#9287);
#7416=FILL_AREA_STYLE_COLOUR('',#9288);
#7417=FILL_AREA_STYLE_COLOUR('',#9289);
#7418=VERTEX_POINT('',#9290);
#7419=VERTEX_POINT('',#9291);
#7420=LINE('',#9292,#9293);
#7421=VERTEX_POINT('',#9294);
#7422=LINE('',#9295,#9296);
#7423=VERTEX_POINT('',#9297);
#7424=LINE('',#9298,#9299);
#7425=LINE('',#9300,#9301);
#7426=FILL_AREA_STYLE_COLOUR('',#9302);
#7427=VERTEX_POINT('',#9303);
#7428=LINE('',#9304,#9305);
#7429=VERTEX_POINT('',#9306);
#7430=LINE('',#9307,#9308);
#7431=VERTEX_POINT('',#9309);
#7432=LINE('',#9310,#9311);
#7433=VERTEX_POINT('',#9312);
#7434=LINE('',#9313,#9314);
#7435=VERTEX_POINT('',#9315);
#7436=LINE('',#9316,#9317);
#7437=VERTEX_POINT('',#9318);
#7438=LINE('',#9319,#9320);
#7439=VERTEX_POINT('',#9321);
#7440=LINE('',#9322,#9323);
#7441=LINE('',#9324,#9325);
#7442=FILL_AREA_STYLE_COLOUR('',#9326);
#7443=VERTEX_POINT('',#9327);
#7444=VERTEX_POINT('',#9328);
#7445=LINE('',#9329,#9330);
#7446=LINE('',#9331,#9332);
#7447=LINE('',#9333,#9334);
#7448=FILL_AREA_STYLE_COLOUR('',#9335);
#7449=VERTEX_POINT('',#9336);
#7450=LINE('',#9337,#9338);
#7451=LINE('',#9339,#9340);
#7452=FILL_AREA_STYLE_COLOUR('',#9341);
#7453=VERTEX_POINT('',#9342);
#7454=LINE('',#9343,#9344);
#7455=LINE('',#9345,#9346);
#7456=FILL_AREA_STYLE_COLOUR('',#9347);
#7457=LINE('',#9348,#9349);
#7458=FILL_AREA_STYLE_COLOUR('',#9350);
#7459=VERTEX_POINT('',#9351);
#7460=LINE('',#9352,#9353);
#7461=VERTEX_POINT('',#9354);
#7462=LINE('',#9355,#9356);
#7463=LINE('',#9357,#9358);
#7464=FILL_AREA_STYLE_COLOUR('',#9359);
#7465=LINE('',#9360,#9361);
#7466=FILL_AREA_STYLE_COLOUR('',#9362);
#7467=VERTEX_POINT('',#9363);
#7468=LINE('',#9364,#9365);
#7469=LINE('',#9366,#9367);
#7470=FILL_AREA_STYLE_COLOUR('',#9368);
#7471=VERTEX_POINT('',#9369);
#7472=LINE('',#9370,#9371);
#7473=VERTEX_POINT('',#9372);
#7474=LINE('',#9373,#9374);
#7475=VERTEX_POINT('',#9375);
#7476=LINE('',#9376,#9377);
#7477=VERTEX_POINT('',#9378);
#7478=LINE('',#9379,#9380);
#7479=VERTEX_POINT('',#9381);
#7480=LINE('',#9382,#9383);
#7481=VERTEX_POINT('',#9384);
#7482=LINE('',#9385,#9386);
#7483=VERTEX_POINT('',#9387);
#7484=LINE('',#9388,#9389);
#7485=VERTEX_POINT('',#9390);
#7486=LINE('',#9391,#9392);
#7487=VERTEX_POINT('',#9393);
#7488=LINE('',#9394,#9395);
#7489=VERTEX_POINT('',#9396);
#7490=LINE('',#9397,#9398);
#7491=VERTEX_POINT('',#9399);
#7492=LINE('',#9400,#9401);
#7493=VERTEX_POINT('',#9402);
#7494=LINE('',#9403,#9404);
#7495=VERTEX_POINT('',#9405);
#7496=LINE('',#9406,#9407);
#7497=VERTEX_POINT('',#9408);
#7498=LINE('',#9409,#9410);
#7499=VERTEX_POINT('',#9411);
#7500=LINE('',#9412,#9413);
#7501=VERTEX_POINT('',#9414);
#7502=LINE('',#9415,#9416);
#7503=VERTEX_POINT('',#9417);
#7504=LINE('',#9418,#9419);
#7505=VERTEX_POINT('',#9420);
#7506=LINE('',#9421,#9422);
#7507=VERTEX_POINT('',#9423);
#7508=LINE('',#9424,#9425);
#7509=VERTEX_POINT('',#9426);
#7510=LINE('',#9427,#9428);
#7511=VERTEX_POINT('',#9429);
#7512=LINE('',#9430,#9431);
#7513=VERTEX_POINT('',#9432);
#7514=LINE('',#9433,#9434);
#7515=VERTEX_POINT('',#9435);
#7516=LINE('',#9436,#9437);
#7517=VERTEX_POINT('',#9438);
#7518=LINE('',#9439,#9440);
#7519=VERTEX_POINT('',#9441);
#7520=LINE('',#9442,#9443);
#7521=VERTEX_POINT('',#9444);
#7522=LINE('',#9445,#9446);
#7523=VERTEX_POINT('',#9447);
#7524=LINE('',#9448,#9449);
#7525=VERTEX_POINT('',#9450);
#7526=LINE('',#9451,#9452);
#7527=VERTEX_POINT('',#9453);
#7528=LINE('',#9454,#9455);
#7529=VERTEX_POINT('',#9456);
#7530=LINE('',#9457,#9458);
#7531=VERTEX_POINT('',#9459);
#7532=LINE('',#9460,#9461);
#7533=VERTEX_POINT('',#9462);
#7534=LINE('',#9463,#9464);
#7535=LINE('',#9465,#9466);
#7536=FILL_AREA_STYLE_COLOUR('',#9467);
#7537=VERTEX_POINT('',#9468);
#7538=LINE('',#9469,#9470);
#7539=VERTEX_POINT('',#9471);
#7540=LINE('',#9472,#9473);
#7541=LINE('',#9474,#9475);
#7542=FILL_AREA_STYLE_COLOUR('',#9476);
#7543=VERTEX_POINT('',#9477);
#7544=LINE('',#9478,#9479);
#7545=VERTEX_POINT('',#9480);
#7546=LINE('',#9481,#9482);
#7547=VERTEX_POINT('',#9483);
#7548=LINE('',#9484,#9485);
#7549=VERTEX_POINT('',#9486);
#7550=LINE('',#9487,#9488);
#7551=VERTEX_POINT('',#9489);
#7552=LINE('',#9490,#9491);
#7553=VERTEX_POINT('',#9492);
#7554=LINE('',#9493,#9494);
#7555=LINE('',#9495,#9496);
#7556=FILL_AREA_STYLE_COLOUR('',#9497);
#7557=VERTEX_POINT('',#9498);
#7558=VERTEX_POINT('',#9499);
#7559=LINE('',#9500,#9501);
#7560=LINE('',#9502,#9503);
#7561=LINE('',#9504,#9505);
#7562=FILL_AREA_STYLE_COLOUR('',#9506);
#7563=VERTEX_POINT('',#9507);
#7564=LINE('',#9508,#9509);
#7565=LINE('',#9510,#9511);
#7566=FILL_AREA_STYLE_COLOUR('',#9512);
#7567=VERTEX_POINT('',#9513);
#7568=LINE('',#9514,#9515);
#7569=LINE('',#9516,#9517);
#7570=FILL_AREA_STYLE_COLOUR('',#9518);
#7571=LINE('',#9519,#9520);
#7572=FILL_AREA_STYLE_COLOUR('',#9521);
#7573=VERTEX_POINT('',#9522);
#7574=LINE('',#9523,#9524);
#7575=VERTEX_POINT('',#9525);
#7576=LINE('',#9526,#9527);
#7577=LINE('',#9528,#9529);
#7578=FILL_AREA_STYLE_COLOUR('',#9530);
#7579=LINE('',#9531,#9532);
#7580=FILL_AREA_STYLE_COLOUR('',#9533);
#7581=LINE('',#9534,#9535);
#7582=FILL_AREA_STYLE_COLOUR('',#9536);
#7583=VERTEX_POINT('',#9537);
#7584=LINE('',#9538,#9539);
#7585=VERTEX_POINT('',#9540);
#7586=LINE('',#9541,#9542);
#7587=LINE('',#9543,#9544);
#7588=FILL_AREA_STYLE_COLOUR('',#9545);
#7589=VERTEX_POINT('',#9546);
#7590=LINE('',#9547,#9548);
#7591=VERTEX_POINT('',#9549);
#7592=LINE('',#9550,#9551);
#7593=VERTEX_POINT('',#9552);
#7594=LINE('',#9553,#9554);
#7595=VERTEX_POINT('',#9555);
#7596=LINE('',#9556,#9557);
#7597=VERTEX_POINT('',#9558);
#7598=LINE('',#9559,#9560);
#7599=VERTEX_POINT('',#9561);
#7600=LINE('',#9562,#9563);
#7601=LINE('',#9564,#9565);
#7602=FILL_AREA_STYLE_COLOUR('',#9566);
#7603=VERTEX_POINT('',#9567);
#7604=VERTEX_POINT('',#9568);
#7605=LINE('',#9569,#9570);
#7606=LINE('',#9571,#9572);
#7607=LINE('',#9573,#9574);
#7608=FILL_AREA_STYLE_COLOUR('',#9575);
#7609=VERTEX_POINT('',#9576);
#7610=LINE('',#9577,#9578);
#7611=LINE('',#9579,#9580);
#7612=FILL_AREA_STYLE_COLOUR('',#9581);
#7613=VERTEX_POINT('',#9582);
#7614=LINE('',#9583,#9584);
#7615=LINE('',#9585,#9586);
#7616=FILL_AREA_STYLE_COLOUR('',#9587);
#7617=LINE('',#9588,#9589);
#7618=FILL_AREA_STYLE_COLOUR('',#9590);
#7619=VERTEX_POINT('',#9591);
#7620=LINE('',#9592,#9593);
#7621=VERTEX_POINT('',#9594);
#7622=LINE('',#9595,#9596);
#7623=LINE('',#9597,#9598);
#7624=FILL_AREA_STYLE_COLOUR('',#9599);
#7625=LINE('',#9600,#9601);
#7626=FILL_AREA_STYLE_COLOUR('',#9602);
#7627=LINE('',#9603,#9604);
#7628=FILL_AREA_STYLE_COLOUR('',#9605);
#7629=VERTEX_POINT('',#9606);
#7630=LINE('',#9607,#9608);
#7631=VERTEX_POINT('',#9609);
#7632=LINE('',#9610,#9611);
#7633=LINE('',#9612,#9613);
#7634=FILL_AREA_STYLE_COLOUR('',#9614);
#7635=VERTEX_POINT('',#9615);
#7636=LINE('',#9616,#9617);
#7637=VERTEX_POINT('',#9618);
#7638=LINE('',#9619,#9620);
#7639=VERTEX_POINT('',#9621);
#7640=LINE('',#9622,#9623);
#7641=VERTEX_POINT('',#9624);
#7642=LINE('',#9625,#9626);
#7643=VERTEX_POINT('',#9627);
#7644=LINE('',#9628,#9629);
#7645=VERTEX_POINT('',#9630);
#7646=LINE('',#9631,#9632);
#7647=LINE('',#9633,#9634);
#7648=FILL_AREA_STYLE_COLOUR('',#9635);
#7649=VERTEX_POINT('',#9636);
#7650=VERTEX_POINT('',#9637);
#7651=LINE('',#9638,#9639);
#7652=LINE('',#9640,#9641);
#7653=LINE('',#9642,#9643);
#7654=FILL_AREA_STYLE_COLOUR('',#9644);
#7655=VERTEX_POINT('',#9645);
#7656=LINE('',#9646,#9647);
#7657=LINE('',#9648,#9649);
#7658=FILL_AREA_STYLE_COLOUR('',#9650);
#7659=VERTEX_POINT('',#9651);
#7660=LINE('',#9652,#9653);
#7661=LINE('',#9654,#9655);
#7662=FILL_AREA_STYLE_COLOUR('',#9656);
#7663=LINE('',#9657,#9658);
#7664=FILL_AREA_STYLE_COLOUR('',#9659);
#7665=VERTEX_POINT('',#9660);
#7666=LINE('',#9661,#9662);
#7667=VERTEX_POINT('',#9663);
#7668=LINE('',#9664,#9665);
#7669=LINE('',#9666,#9667);
#7670=FILL_AREA_STYLE_COLOUR('',#9668);
#7671=LINE('',#9669,#9670);
#7672=FILL_AREA_STYLE_COLOUR('',#9671);
#7673=LINE('',#9672,#9673);
#7674=FILL_AREA_STYLE_COLOUR('',#9674);
#7675=VERTEX_POINT('',#9675);
#7676=LINE('',#9676,#9677);
#7677=VERTEX_POINT('',#9678);
#7678=LINE('',#9679,#9680);
#7679=LINE('',#9681,#9682);
#7680=FILL_AREA_STYLE_COLOUR('',#9683);
#7681=VERTEX_POINT('',#9684);
#7682=LINE('',#9685,#9686);
#7683=VERTEX_POINT('',#9687);
#7684=LINE('',#9688,#9689);
#7685=VERTEX_POINT('',#9690);
#7686=LINE('',#9691,#9692);
#7687=VERTEX_POINT('',#9693);
#7688=LINE('',#9694,#9695);
#7689=VERTEX_POINT('',#9696);
#7690=LINE('',#9697,#9698);
#7691=VERTEX_POINT('',#9699);
#7692=LINE('',#9700,#9701);
#7693=LINE('',#9702,#9703);
#7694=FILL_AREA_STYLE_COLOUR('',#9704);
#7695=VERTEX_POINT('',#9705);
#7696=VERTEX_POINT('',#9706);
#7697=LINE('',#9707,#9708);
#7698=LINE('',#9709,#9710);
#7699=LINE('',#9711,#9712);
#7700=FILL_AREA_STYLE_COLOUR('',#9713);
#7701=VERTEX_POINT('',#9714);
#7702=LINE('',#9715,#9716);
#7703=LINE('',#9717,#9718);
#7704=FILL_AREA_STYLE_COLOUR('',#9719);
#7705=VERTEX_POINT('',#9720);
#7706=LINE('',#9721,#9722);
#7707=LINE('',#9723,#9724);
#7708=FILL_AREA_STYLE_COLOUR('',#9725);
#7709=LINE('',#9726,#9727);
#7710=FILL_AREA_STYLE_COLOUR('',#9728);
#7711=VERTEX_POINT('',#9729);
#7712=LINE('',#9730,#9731);
#7713=VERTEX_POINT('',#9732);
#7714=LINE('',#9733,#9734);
#7715=LINE('',#9735,#9736);
#7716=FILL_AREA_STYLE_COLOUR('',#9737);
#7717=LINE('',#9738,#9739);
#7718=FILL_AREA_STYLE_COLOUR('',#9740);
#7719=LINE('',#9741,#9742);
#7720=FILL_AREA_STYLE_COLOUR('',#9743);
#7721=VERTEX_POINT('',#9744);
#7722=LINE('',#9745,#9746);
#7723=VERTEX_POINT('',#9747);
#7724=LINE('',#9748,#9749);
#7725=LINE('',#9750,#9751);
#7726=FILL_AREA_STYLE_COLOUR('',#9752);
#7727=VERTEX_POINT('',#9753);
#7728=LINE('',#9754,#9755);
#7729=VERTEX_POINT('',#9756);
#7730=LINE('',#9757,#9758);
#7731=VERTEX_POINT('',#9759);
#7732=LINE('',#9760,#9761);
#7733=VERTEX_POINT('',#9762);
#7734=LINE('',#9763,#9764);
#7735=VERTEX_POINT('',#9765);
#7736=LINE('',#9766,#9767);
#7737=VERTEX_POINT('',#9768);
#7738=LINE('',#9769,#9770);
#7739=LINE('',#9771,#9772);
#7740=FILL_AREA_STYLE_COLOUR('',#9773);
#7741=VERTEX_POINT('',#9774);
#7742=VERTEX_POINT('',#9775);
#7743=LINE('',#9776,#9777);
#7744=LINE('',#9778,#9779);
#7745=LINE('',#9780,#9781);
#7746=FILL_AREA_STYLE_COLOUR('',#9782);
#7747=VERTEX_POINT('',#9783);
#7748=LINE('',#9784,#9785);
#7749=LINE('',#9786,#9787);
#7750=FILL_AREA_STYLE_COLOUR('',#9788);
#7751=VERTEX_POINT('',#9789);
#7752=LINE('',#9790,#9791);
#7753=LINE('',#9792,#9793);
#7754=FILL_AREA_STYLE_COLOUR('',#9794);
#7755=LINE('',#9795,#9796);
#7756=FILL_AREA_STYLE_COLOUR('',#9797);
#7757=VERTEX_POINT('',#9798);
#7758=LINE('',#9799,#9800);
#7759=VERTEX_POINT('',#9801);
#7760=LINE('',#9802,#9803);
#7761=LINE('',#9804,#9805);
#7762=FILL_AREA_STYLE_COLOUR('',#9806);
#7763=LINE('',#9807,#9808);
#7764=FILL_AREA_STYLE_COLOUR('',#9809);
#7765=LINE('',#9810,#9811);
#7766=FILL_AREA_STYLE_COLOUR('',#9812);
#7767=VERTEX_POINT('',#9813);
#7768=LINE('',#9814,#9815);
#7769=VERTEX_POINT('',#9816);
#7770=LINE('',#9817,#9818);
#7771=LINE('',#9819,#9820);
#7772=FILL_AREA_STYLE_COLOUR('',#9821);
#7773=VERTEX_POINT('',#9822);
#7774=LINE('',#9823,#9824);
#7775=VERTEX_POINT('',#9825);
#7776=LINE('',#9826,#9827);
#7777=VERTEX_POINT('',#9828);
#7778=LINE('',#9829,#9830);
#7779=VERTEX_POINT('',#9831);
#7780=LINE('',#9832,#9833);
#7781=VERTEX_POINT('',#9834);
#7782=LINE('',#9835,#9836);
#7783=VERTEX_POINT('',#9837);
#7784=LINE('',#9838,#9839);
#7785=LINE('',#9840,#9841);
#7786=FILL_AREA_STYLE_COLOUR('',#9842);
#7787=VERTEX_POINT('',#9843);
#7788=VERTEX_POINT('',#9844);
#7789=LINE('',#9845,#9846);
#7790=LINE('',#9847,#9848);
#7791=LINE('',#9849,#9850);
#7792=FILL_AREA_STYLE_COLOUR('',#9851);
#7793=VERTEX_POINT('',#9852);
#7794=LINE('',#9853,#9854);
#7795=LINE('',#9855,#9856);
#7796=FILL_AREA_STYLE_COLOUR('',#9857);
#7797=VERTEX_POINT('',#9858);
#7798=LINE('',#9859,#9860);
#7799=LINE('',#9861,#9862);
#7800=FILL_AREA_STYLE_COLOUR('',#9863);
#7801=LINE('',#9864,#9865);
#7802=FILL_AREA_STYLE_COLOUR('',#9866);
#7803=VERTEX_POINT('',#9867);
#7804=LINE('',#9868,#9869);
#7805=VERTEX_POINT('',#9870);
#7806=LINE('',#9871,#9872);
#7807=LINE('',#9873,#9874);
#7808=FILL_AREA_STYLE_COLOUR('',#9875);
#7809=LINE('',#9876,#9877);
#7810=FILL_AREA_STYLE_COLOUR('',#9878);
#7811=LINE('',#9879,#9880);
#7812=FILL_AREA_STYLE_COLOUR('',#9881);
#7813=VERTEX_POINT('',#9882);
#7814=LINE('',#9883,#9884);
#7815=VERTEX_POINT('',#9885);
#7816=LINE('',#9886,#9887);
#7817=LINE('',#9888,#9889);
#7818=FILL_AREA_STYLE_COLOUR('',#9890);
#7819=VERTEX_POINT('',#9891);
#7820=LINE('',#9892,#9893);
#7821=VERTEX_POINT('',#9894);
#7822=LINE('',#9895,#9896);
#7823=VERTEX_POINT('',#9897);
#7824=LINE('',#9898,#9899);
#7825=VERTEX_POINT('',#9900);
#7826=LINE('',#9901,#9902);
#7827=VERTEX_POINT('',#9903);
#7828=LINE('',#9904,#9905);
#7829=VERTEX_POINT('',#9906);
#7830=LINE('',#9907,#9908);
#7831=LINE('',#9909,#9910);
#7832=FILL_AREA_STYLE_COLOUR('',#9911);
#7833=VERTEX_POINT('',#9912);
#7834=VERTEX_POINT('',#9913);
#7835=LINE('',#9914,#9915);
#7836=LINE('',#9916,#9917);
#7837=LINE('',#9918,#9919);
#7838=FILL_AREA_STYLE_COLOUR('',#9920);
#7839=VERTEX_POINT('',#9921);
#7840=LINE('',#9922,#9923);
#7841=LINE('',#9924,#9925);
#7842=FILL_AREA_STYLE_COLOUR('',#9926);
#7843=VERTEX_POINT('',#9927);
#7844=LINE('',#9928,#9929);
#7845=LINE('',#9930,#9931);
#7846=FILL_AREA_STYLE_COLOUR('',#9932);
#7847=LINE('',#9933,#9934);
#7848=FILL_AREA_STYLE_COLOUR('',#9935);
#7849=VERTEX_POINT('',#9936);
#7850=LINE('',#9937,#9938);
#7851=VERTEX_POINT('',#9939);
#7852=LINE('',#9940,#9941);
#7853=LINE('',#9942,#9943);
#7854=FILL_AREA_STYLE_COLOUR('',#9944);
#7855=LINE('',#9945,#9946);
#7856=FILL_AREA_STYLE_COLOUR('',#9947);
#7857=LINE('',#9948,#9949);
#7858=FILL_AREA_STYLE_COLOUR('',#9950);
#7859=VERTEX_POINT('',#9951);
#7860=VERTEX_POINT('',#9952);
#7861=LINE('',#9953,#9954);
#7862=VERTEX_POINT('',#9955);
#7863=LINE('',#9956,#9957);
#7864=VERTEX_POINT('',#9958);
#7865=LINE('',#9959,#9960);
#7866=VERTEX_POINT('',#9961);
#7867=LINE('',#9962,#9963);
#7868=VERTEX_POINT('',#9964);
#7869=LINE('',#9965,#9966);
#7870=VERTEX_POINT('',#9967);
#7871=LINE('',#9968,#9969);
#7872=LINE('',#9970,#9971);
#7873=FILL_AREA_STYLE_COLOUR('',#9972);
#7874=VERTEX_POINT('',#9973);
#7875=LINE('',#9974,#9975);
#7876=VERTEX_POINT('',#9976);
#7877=LINE('',#9977,#9978);
#7878=LINE('',#9979,#9980);
#7879=FILL_AREA_STYLE_COLOUR('',#9981);
#7880=VERTEX_POINT('',#9982);
#7881=VERTEX_POINT('',#9983);
#7882=LINE('',#9984,#9985);
#7883=VERTEX_POINT('',#9986);
#7884=LINE('',#9987,#9988);
#7885=VERTEX_POINT('',#9989);
#7886=LINE('',#9990,#9991);
#7887=VERTEX_POINT('',#9992);
#7888=LINE('',#9993,#9994);
#7889=VERTEX_POINT('',#9995);
#7890=LINE('',#9996,#9997);
#7891=VERTEX_POINT('',#9998);
#7892=LINE('',#9999,#10000);
#7893=LINE('',#10001,#10002);
#7894=FILL_AREA_STYLE_COLOUR('',#10003);
#7895=VERTEX_POINT('',#10004);
#7896=LINE('',#10005,#10006);
#7897=VERTEX_POINT('',#10007);
#7898=LINE('',#10008,#10009);
#7899=LINE('',#10010,#10011);
#7900=FILL_AREA_STYLE_COLOUR('',#10012);
#7901=LINE('',#10013,#10014);
#7902=LINE('',#10015,#10016);
#7903=FILL_AREA_STYLE_COLOUR('',#10017);
#7904=LINE('',#10018,#10019);
#7905=FILL_AREA_STYLE_COLOUR('',#10020);
#7906=LINE('',#10021,#10022);
#7907=FILL_AREA_STYLE_COLOUR('',#10023);
#7908=LINE('',#10024,#10025);
#7909=FILL_AREA_STYLE_COLOUR('',#10026);
#7910=LINE('',#10027,#10028);
#7911=FILL_AREA_STYLE_COLOUR('',#10029);
#7912=VERTEX_POINT('',#10030);
#7913=LINE('',#10031,#10032);
#7914=VERTEX_POINT('',#10033);
#7915=LINE('',#10034,#10035);
#7916=LINE('',#10036,#10037);
#7917=FILL_AREA_STYLE_COLOUR('',#10038);
#7918=VERTEX_POINT('',#10039);
#7919=LINE('',#10040,#10041);
#7920=VERTEX_POINT('',#10042);
#7921=LINE('',#10043,#10044);
#7922=LINE('',#10045,#10046);
#7923=FILL_AREA_STYLE_COLOUR('',#10047);
#7924=VERTEX_POINT('',#10048);
#7925=LINE('',#10049,#10050);
#7926=VERTEX_POINT('',#10051);
#7927=LINE('',#10052,#10053);
#7928=VERTEX_POINT('',#10054);
#7929=LINE('',#10055,#10056);
#7930=VERTEX_POINT('',#10057);
#7931=LINE('',#10058,#10059);
#7932=VERTEX_POINT('',#10060);
#7933=LINE('',#10061,#10062);
#7934=LINE('',#10063,#10064);
#7935=FILL_AREA_STYLE_COLOUR('',#10065);
#7936=VERTEX_POINT('',#10066);
#7937=LINE('',#10067,#10068);
#7938=VERTEX_POINT('',#10069);
#7939=LINE('',#10070,#10071);
#7940=LINE('',#10072,#10073);
#7941=FILL_AREA_STYLE_COLOUR('',#10074);
#7942=VERTEX_POINT('',#10075);
#7943=VERTEX_POINT('',#10076);
#7944=LINE('',#10077,#10078);
#7945=VERTEX_POINT('',#10079);
#7946=LINE('',#10080,#10081);
#7947=VERTEX_POINT('',#10082);
#7948=LINE('',#10083,#10084);
#7949=VERTEX_POINT('',#10085);
#7950=LINE('',#10086,#10087);
#7951=VERTEX_POINT('',#10088);
#7952=LINE('',#10089,#10090);
#7953=VERTEX_POINT('',#10091);
#7954=LINE('',#10092,#10093);
#7955=LINE('',#10094,#10095);
#7956=FILL_AREA_STYLE_COLOUR('',#10096);
#7957=VERTEX_POINT('',#10097);
#7958=LINE('',#10098,#10099);
#7959=VERTEX_POINT('',#10100);
#7960=LINE('',#10101,#10102);
#7961=LINE('',#10103,#10104);
#7962=FILL_AREA_STYLE_COLOUR('',#10105);
#7963=LINE('',#10106,#10107);
#7964=LINE('',#10108,#10109);
#7965=FILL_AREA_STYLE_COLOUR('',#10110);
#7966=LINE('',#10111,#10112);
#7967=FILL_AREA_STYLE_COLOUR('',#10113);
#7968=LINE('',#10114,#10115);
#7969=FILL_AREA_STYLE_COLOUR('',#10116);
#7970=LINE('',#10117,#10118);
#7971=FILL_AREA_STYLE_COLOUR('',#10119);
#7972=LINE('',#10120,#10121);
#7973=FILL_AREA_STYLE_COLOUR('',#10122);
#7974=VERTEX_POINT('',#10123);
#7975=LINE('',#10124,#10125);
#7976=VERTEX_POINT('',#10126);
#7977=LINE('',#10127,#10128);
#7978=LINE('',#10129,#10130);
#7979=FILL_AREA_STYLE_COLOUR('',#10131);
#7980=VERTEX_POINT('',#10132);
#7981=LINE('',#10133,#10134);
#7982=VERTEX_POINT('',#10135);
#7983=LINE('',#10136,#10137);
#7984=VERTEX_POINT('',#10138);
#7985=LINE('',#10139,#10140);
#7986=VERTEX_POINT('',#10141);
#7987=LINE('',#10142,#10143);
#7988=VERTEX_POINT('',#10144);
#7989=LINE('',#10145,#10146);
#7990=LINE('',#10147,#10148);
#7991=FILL_AREA_STYLE_COLOUR('',#10149);
#7992=VERTEX_POINT('',#10150);
#7993=LINE('',#10151,#10152);
#7994=VERTEX_POINT('',#10153);
#7995=LINE('',#10154,#10155);
#7996=LINE('',#10156,#10157);
#7997=FILL_AREA_STYLE_COLOUR('',#10158);
#7998=VERTEX_POINT('',#10159);
#7999=VERTEX_POINT('',#10160);
#8000=LINE('',#10161,#10162);
#8001=VERTEX_POINT('',#10163);
#8002=LINE('',#10164,#10165);
#8003=VERTEX_POINT('',#10166);
#8004=LINE('',#10167,#10168);
#8005=VERTEX_POINT('',#10169);
#8006=LINE('',#10170,#10171);
#8007=VERTEX_POINT('',#10172);
#8008=LINE('',#10173,#10174);
#8009=VERTEX_POINT('',#10175);
#8010=LINE('',#10176,#10177);
#8011=LINE('',#10178,#10179);
#8012=FILL_AREA_STYLE_COLOUR('',#10180);
#8013=VERTEX_POINT('',#10181);
#8014=LINE('',#10182,#10183);
#8015=VERTEX_POINT('',#10184);
#8016=LINE('',#10185,#10186);
#8017=LINE('',#10187,#10188);
#8018=FILL_AREA_STYLE_COLOUR('',#10189);
#8019=LINE('',#10190,#10191);
#8020=LINE('',#10192,#10193);
#8021=FILL_AREA_STYLE_COLOUR('',#10194);
#8022=LINE('',#10195,#10196);
#8023=FILL_AREA_STYLE_COLOUR('',#10197);
#8024=LINE('',#10198,#10199);
#8025=FILL_AREA_STYLE_COLOUR('',#10200);
#8026=LINE('',#10201,#10202);
#8027=FILL_AREA_STYLE_COLOUR('',#10203);
#8028=LINE('',#10204,#10205);
#8029=FILL_AREA_STYLE_COLOUR('',#10206);
#8030=VERTEX_POINT('',#10207);
#8031=LINE('',#10208,#10209);
#8032=VERTEX_POINT('',#10210);
#8033=LINE('',#10211,#10212);
#8034=LINE('',#10213,#10214);
#8035=FILL_AREA_STYLE_COLOUR('',#10215);
#8036=VERTEX_POINT('',#10216);
#8037=VERTEX_POINT('',#10217);
#8038=LINE('',#10218,#10219);
#8039=VERTEX_POINT('',#10220);
#8040=LINE('',#10221,#10222);
#8041=VERTEX_POINT('',#10223);
#8042=LINE('',#10224,#10225);
#8043=VERTEX_POINT('',#10226);
#8044=LINE('',#10227,#10228);
#8045=VERTEX_POINT('',#10229);
#8046=LINE('',#10230,#10231);
#8047=VERTEX_POINT('',#10232);
#8048=LINE('',#10233,#10234);
#8049=LINE('',#10235,#10236);
#8050=FILL_AREA_STYLE_COLOUR('',#10237);
#8051=VERTEX_POINT('',#10238);
#8052=VERTEX_POINT('',#10239);
#8053=LINE('',#10240,#10241);
#8054=VERTEX_POINT('',#10242);
#8055=LINE('',#10243,#10244);
#8056=VERTEX_POINT('',#10245);
#8057=LINE('',#10246,#10247);
#8058=LINE('',#10248,#10249);
#8059=FILL_AREA_STYLE_COLOUR('',#10250);
#8060=VERTEX_POINT('',#10251);
#8061=LINE('',#10252,#10253);
#8062=VERTEX_POINT('',#10254);
#8063=LINE('',#10255,#10256);
#8064=LINE('',#10257,#10258);
#8065=VERTEX_POINT('',#10259);
#8066=LINE('',#10260,#10261);
#8067=LINE('',#10262,#10263);
#8068=FILL_AREA_STYLE_COLOUR('',#10264);
#8069=VERTEX_POINT('',#10265);
#8070=LINE('',#10266,#10267);
#8071=VERTEX_POINT('',#10268);
#8072=LINE('',#10269,#10270);
#8073=LINE('',#10271,#10272);
#8074=FILL_AREA_STYLE_COLOUR('',#10273);
#8075=LINE('',#10274,#10275);
#8076=LINE('',#10276,#10277);
#8077=FILL_AREA_STYLE_COLOUR('',#10278);
#8078=LINE('',#10279,#10280);
#8079=FILL_AREA_STYLE_COLOUR('',#10281);
#8080=LINE('',#10282,#10283);
#8081=FILL_AREA_STYLE_COLOUR('',#10284);
#8082=LINE('',#10285,#10286);
#8083=FILL_AREA_STYLE_COLOUR('',#10287);
#8084=LINE('',#10288,#10289);
#8085=FILL_AREA_STYLE_COLOUR('',#10290);
#8086=VERTEX_POINT('',#10291);
#8087=LINE('',#10292,#10293);
#8088=VERTEX_POINT('',#10294);
#8089=LINE('',#10295,#10296);
#8090=LINE('',#10297,#10298);
#8091=FILL_AREA_STYLE_COLOUR('',#10299);
#8092=VERTEX_POINT('',#10300);
#8093=VERTEX_POINT('',#10301);
#8094=LINE('',#10302,#10303);
#8095=VERTEX_POINT('',#10304);
#8096=LINE('',#10305,#10306);
#8097=VERTEX_POINT('',#10307);
#8098=LINE('',#10308,#10309);
#8099=LINE('',#10310,#10311);
#8100=FILL_AREA_STYLE_COLOUR('',#10312);
#8101=VERTEX_POINT('',#10313);
#8102=VERTEX_POINT('',#10314);
#8103=LINE('',#10315,#10316);
#8104=VERTEX_POINT('',#10317);
#8105=LINE('',#10318,#10319);
#8106=VERTEX_POINT('',#10320);
#8107=LINE('',#10321,#10322);
#8108=VERTEX_POINT('',#10323);
#8109=LINE('',#10324,#10325);
#8110=VERTEX_POINT('',#10326);
#8111=LINE('',#10327,#10328);
#8112=LINE('',#10329,#10330);
#8113=LINE('',#10331,#10332);
#8114=FILL_AREA_STYLE_COLOUR('',#10333);
#8115=VERTEX_POINT('',#10334);
#8116=LINE('',#10335,#10336);
#8117=VERTEX_POINT('',#10337);
#8118=LINE('',#10338,#10339);
#8119=LINE('',#10340,#10341);
#8120=FILL_AREA_STYLE_COLOUR('',#10342);
#8121=VERTEX_POINT('',#10343);
#8122=LINE('',#10344,#10345);
#8123=LINE('',#10346,#10347);
#8124=FILL_AREA_STYLE_COLOUR('',#10348);
#8125=VERTEX_POINT('',#10349);
#8126=LINE('',#10350,#10351);
#8127=LINE('',#10352,#10353);
#8128=FILL_AREA_STYLE_COLOUR('',#10354);
#8129=VERTEX_POINT('',#10355);
#8130=LINE('',#10356,#10357);
#8131=VERTEX_POINT('',#10358);
#8132=LINE('',#10359,#10360);
#8133=VERTEX_POINT('',#10361);
#8134=LINE('',#10362,#10363);
#8135=VERTEX_POINT('',#10364);
#8136=LINE('',#10365,#10366);
#8137=VERTEX_POINT('',#10367);
#8138=LINE('',#10368,#10369);
#8139=LINE('',#10370,#10371);
#8140=FILL_AREA_STYLE_COLOUR('',#10372);
#8141=LINE('',#10373,#10374);
#8142=VERTEX_POINT('',#10375);
#8143=LINE('',#10376,#10377);
#8144=VERTEX_POINT('',#10378);
#8145=LINE('',#10379,#10380);
#8146=VERTEX_POINT('',#10381);
#8147=LINE('',#10382,#10383);
#8148=VERTEX_POINT('',#10384);
#8149=LINE('',#10385,#10386);
#8150=VERTEX_POINT('',#10387);
#8151=LINE('',#10388,#10389);
#8152=VERTEX_POINT('',#10390);
#8153=LINE('',#10391,#10392);
#8154=VERTEX_POINT('',#10393);
#8155=LINE('',#10394,#10395);
#8156=VERTEX_POINT('',#10396);
#8157=LINE('',#10397,#10398);
#8158=VERTEX_POINT('',#10399);
#8159=LINE('',#10400,#10401);
#8160=VERTEX_POINT('',#10402);
#8161=LINE('',#10403,#10404);
#8162=VERTEX_POINT('',#10405);
#8163=LINE('',#10406,#10407);
#8164=VERTEX_POINT('',#10408);
#8165=LINE('',#10409,#10410);
#8166=LINE('',#10411,#10412);
#8167=FILL_AREA_STYLE_COLOUR('',#10413);
#8168=VERTEX_POINT('',#10414);
#8169=LINE('',#10415,#10416);
#8170=VERTEX_POINT('',#10417);
#8171=LINE('',#10418,#10419);
#8172=LINE('',#10420,#10421);
#8173=FILL_AREA_STYLE_COLOUR('',#10422);
#8174=VERTEX_POINT('',#10423);
#8175=LINE('',#10424,#10425);
#8176=VERTEX_POINT('',#10426);
#8177=LINE('',#10427,#10428);
#8178=LINE('',#10429,#10430);
#8179=FILL_AREA_STYLE_COLOUR('',#10431);
#8180=VERTEX_POINT('',#10432);
#8181=LINE('',#10433,#10434);
#8182=VERTEX_POINT('',#10435);
#8183=LINE('',#10436,#10437);
#8184=LINE('',#10438,#10439);
#8185=FILL_AREA_STYLE_COLOUR('',#10440);
#8186=VERTEX_POINT('',#10441);
#8187=VERTEX_POINT('',#10442);
#8188=LINE('',#10443,#10444);
#8189=VERTEX_POINT('',#10445);
#8190=LINE('',#10446,#10447);
#8191=VERTEX_POINT('',#10448);
#8192=LINE('',#10449,#10450);
#8193=LINE('',#10451,#10452);
#8194=FILL_AREA_STYLE_COLOUR('',#10453);
#8195=LINE('',#10454,#10455);
#8196=VERTEX_POINT('',#10456);
#8197=LINE('',#10457,#10458);
#8198=LINE('',#10459,#10460);
#8199=FILL_AREA_STYLE_COLOUR('',#10461);
#8200=LINE('',#10462,#10463);
#8201=VERTEX_POINT('',#10464);
#8202=LINE('',#10465,#10466);
#8203=VERTEX_POINT('',#10467);
#8204=LINE('',#10468,#10469);
#8205=VERTEX_POINT('',#10470);
#8206=LINE('',#10471,#10472);
#8207=VERTEX_POINT('',#10473);
#8208=LINE('',#10474,#10475);
#8209=VERTEX_POINT('',#10476);
#8210=LINE('',#10477,#10478);
#8211=VERTEX_POINT('',#10479);
#8212=LINE('',#10480,#10481);
#8213=VERTEX_POINT('',#10482);
#8214=LINE('',#10483,#10484);
#8215=VERTEX_POINT('',#10485);
#8216=LINE('',#10486,#10487);
#8217=VERTEX_POINT('',#10488);
#8218=LINE('',#10489,#10490);
#8219=VERTEX_POINT('',#10491);
#8220=LINE('',#10492,#10493);
#8221=VERTEX_POINT('',#10494);
#8222=LINE('',#10495,#10496);
#8223=VERTEX_POINT('',#10497);
#8224=LINE('',#10498,#10499);
#8225=LINE('',#10500,#10501);
#8226=FILL_AREA_STYLE_COLOUR('',#10502);
#8227=VERTEX_POINT('',#10503);
#8228=LINE('',#10504,#10505);
#8229=LINE('',#10506,#10507);
#8230=LINE('',#10508,#10509);
#8231=FILL_AREA_STYLE_COLOUR('',#10510);
#8232=VERTEX_POINT('',#10511);
#8233=LINE('',#10512,#10513);
#8234=LINE('',#10514,#10515);
#8235=LINE('',#10516,#10517);
#8236=FILL_AREA_STYLE_COLOUR('',#10518);
#8237=VERTEX_POINT('',#10519);
#8238=VERTEX_POINT('',#10520);
#8239=LINE('',#10521,#10522);
#8240=VERTEX_POINT('',#10523);
#8241=LINE('',#10524,#10525);
#8242=VERTEX_POINT('',#10526);
#8243=LINE('',#10527,#10528);
#8244=LINE('',#10529,#10530);
#8245=FILL_AREA_STYLE_COLOUR('',#10531);
#8246=VERTEX_POINT('',#10532);
#8247=LINE('',#10533,#10534);
#8248=VERTEX_POINT('',#10535);
#8249=LINE('',#10536,#10537);
#8250=LINE('',#10538,#10539);
#8251=FILL_AREA_STYLE_COLOUR('',#10540);
#8252=VERTEX_POINT('',#10541);
#8253=LINE('',#10542,#10543);
#8254=VERTEX_POINT('',#10544);
#8255=LINE('',#10545,#10546);
#8256=LINE('',#10547,#10548);
#8257=FILL_AREA_STYLE_COLOUR('',#10549);
#8258=LINE('',#10550,#10551);
#8259=LINE('',#10552,#10553);
#8260=VERTEX_POINT('',#10554);
#8261=LINE('',#10555,#10556);
#8262=VERTEX_POINT('',#10557);
#8263=LINE('',#10558,#10559);
#8264=VERTEX_POINT('',#10560);
#8265=LINE('',#10561,#10562);
#8266=VERTEX_POINT('',#10563);
#8267=LINE('',#10564,#10565);
#8268=VERTEX_POINT('',#10566);
#8269=LINE('',#10567,#10568);
#8270=VERTEX_POINT('',#10569);
#8271=LINE('',#10570,#10571);
#8272=VERTEX_POINT('',#10572);
#8273=LINE('',#10573,#10574);
#8274=VERTEX_POINT('',#10575);
#8275=LINE('',#10576,#10577);
#8276=VERTEX_POINT('',#10578);
#8277=LINE('',#10579,#10580);
#8278=VERTEX_POINT('',#10581);
#8279=LINE('',#10582,#10583);
#8280=VERTEX_POINT('',#10584);
#8281=LINE('',#10585,#10586);
#8282=VERTEX_POINT('',#10587);
#8283=LINE('',#10588,#10589);
#8284=VERTEX_POINT('',#10590);
#8285=LINE('',#10591,#10592);
#8286=VERTEX_POINT('',#10593);
#8287=LINE('',#10594,#10595);
#8288=VERTEX_POINT('',#10596);
#8289=LINE('',#10597,#10598);
#8290=VERTEX_POINT('',#10599);
#8291=LINE('',#10600,#10601);
#8292=LINE('',#10602,#10603);
#8293=FILL_AREA_STYLE_COLOUR('',#10604);
#8294=LINE('',#10605,#10606);
#8295=FILL_AREA_STYLE_COLOUR('',#10607);
#8296=LINE('',#10608,#10609);
#8297=FILL_AREA_STYLE_COLOUR('',#10610);
#8298=VERTEX_POINT('',#10611);
#8299=LINE('',#10612,#10613);
#8300=VERTEX_POINT('',#10614);
#8301=LINE('',#10615,#10616);
#8302=LINE('',#10617,#10618);
#8303=FILL_AREA_STYLE_COLOUR('',#10619);
#8304=VERTEX_POINT('',#10620);
#8305=LINE('',#10621,#10622);
#8306=LINE('',#10623,#10624);
#8307=FILL_AREA_STYLE_COLOUR('',#10625);
#8308=VERTEX_POINT('',#10626);
#8309=LINE('',#10627,#10628);
#8310=LINE('',#10629,#10630);
#8311=FILL_AREA_STYLE_COLOUR('',#10631);
#8312=LINE('',#10632,#10633);
#8313=FILL_AREA_STYLE_COLOUR('',#10634);
#8314=LINE('',#10635,#10636);
#8315=FILL_AREA_STYLE_COLOUR('',#10637);
#8316=VERTEX_POINT('',#10638);
#8317=LINE('',#10639,#10640);
#8318=VERTEX_POINT('',#10641);
#8319=LINE('',#10642,#10643);
#8320=LINE('',#10644,#10645);
#8321=FILL_AREA_STYLE_COLOUR('',#10646);
#8322=VERTEX_POINT('',#10647);
#8323=LINE('',#10648,#10649);
#8324=LINE('',#10650,#10651);
#8325=FILL_AREA_STYLE_COLOUR('',#10652);
#8326=VERTEX_POINT('',#10653);
#8327=LINE('',#10654,#10655);
#8328=LINE('',#10656,#10657);
#8329=FILL_AREA_STYLE_COLOUR('',#10658);
#8330=LINE('',#10659,#10660);
#8331=FILL_AREA_STYLE_COLOUR('',#10661);
#8332=LINE('',#10662,#10663);
#8333=FILL_AREA_STYLE_COLOUR('',#10664);
#8334=VERTEX_POINT('',#10665);
#8335=LINE('',#10666,#10667);
#8336=VERTEX_POINT('',#10668);
#8337=LINE('',#10669,#10670);
#8338=LINE('',#10671,#10672);
#8339=FILL_AREA_STYLE_COLOUR('',#10673);
#8340=VERTEX_POINT('',#10674);
#8341=LINE('',#10675,#10676);
#8342=LINE('',#10677,#10678);
#8343=FILL_AREA_STYLE_COLOUR('',#10679);
#8344=VERTEX_POINT('',#10680);
#8345=LINE('',#10681,#10682);
#8346=LINE('',#10683,#10684);
#8347=FILL_AREA_STYLE_COLOUR('',#10685);
#8348=LINE('',#10686,#10687);
#8349=FILL_AREA_STYLE_COLOUR('',#10688);
#8350=LINE('',#10689,#10690);
#8351=FILL_AREA_STYLE_COLOUR('',#10691);
#8352=VERTEX_POINT('',#10692);
#8353=LINE('',#10693,#10694);
#8354=VERTEX_POINT('',#10695);
#8355=LINE('',#10696,#10697);
#8356=LINE('',#10698,#10699);
#8357=FILL_AREA_STYLE_COLOUR('',#10700);
#8358=VERTEX_POINT('',#10701);
#8359=LINE('',#10702,#10703);
#8360=LINE('',#10704,#10705);
#8361=FILL_AREA_STYLE_COLOUR('',#10706);
#8362=VERTEX_POINT('',#10707);
#8363=LINE('',#10708,#10709);
#8364=LINE('',#10710,#10711);
#8365=FILL_AREA_STYLE_COLOUR('',#10712);
#8366=LINE('',#10713,#10714);
#8367=FILL_AREA_STYLE_COLOUR('',#10715);
#8368=LINE('',#10716,#10717);
#8369=FILL_AREA_STYLE_COLOUR('',#10718);
#8370=LINE('',#10719,#10720);
#8371=FILL_AREA_STYLE_COLOUR('',#10721);
#8372=LINE('',#10722,#10723);
#8373=FILL_AREA_STYLE_COLOUR('',#10724);
#8374=LINE('',#10725,#10726);
#8375=FILL_AREA_STYLE_COLOUR('',#10727);
#8376=LINE('',#10728,#10729);
#8377=FILL_AREA_STYLE_COLOUR('',#10730);
#8378=LINE('',#10731,#10732);
#8379=FILL_AREA_STYLE_COLOUR('',#10733);
#8380=LINE('',#10734,#10735);
#8381=FILL_AREA_STYLE_COLOUR('',#10736);
#8382=LINE('',#10737,#10738);
#8383=FILL_AREA_STYLE_COLOUR('',#10739);
#8384=LINE('',#10740,#10741);
#8385=FILL_AREA_STYLE_COLOUR('',#10742);
#8386=FILL_AREA_STYLE_COLOUR('',#10743);
#8387=LINE('',#10744,#10745);
#8388=FILL_AREA_STYLE_COLOUR('',#10746);
#8389=LINE('',#10747,#10748);
#8390=FILL_AREA_STYLE_COLOUR('',#10749);
#8391=LINE('',#10750,#10751);
#8392=FILL_AREA_STYLE_COLOUR('',#10752);
#8393=LINE('',#10753,#10754);
#8394=FILL_AREA_STYLE_COLOUR('',#10755);
#8395=FILL_AREA_STYLE_COLOUR('',#10756);
#8396=FILL_AREA_STYLE_COLOUR('',#10757);
#8397=COLOUR_RGB('',0.431372553110123,0.862745106220245,0.549019634723663);
#8398=CARTESIAN_POINT('',(0.6,-12.5,0.0));
#8399=CARTESIAN_POINT('',(0.6,-18.7,0.0));
#8400=CARTESIAN_POINT('',(0.6,-15.6,7.34788079488412E-17));
#8401=VECTOR('',#10758,1.0);
#8402=CARTESIAN_POINT('',(-0.6,-12.5,-7.34788079488412E-17));
#8403=AXIS2_PLACEMENT_3D('',#10759,#10760,#10761);
#8404=CARTESIAN_POINT('',(-0.6,-18.7,-7.34788079488412E-17));
#8405=CARTESIAN_POINT('',(-0.6,-15.6,-7.34788079488412E-17));
#8406=VECTOR('',#10762,1.0);
#8407=AXIS2_PLACEMENT_3D('',#10763,#10764,#10765);
#8408=COLOUR_RGB('',0.431372553110123,0.862745106220245,0.549019634723663);
#8409=CARTESIAN_POINT('',(1.0,-19.1,0.0));
#8410=CARTESIAN_POINT('',(0.8,-18.9,9.79717439317882E-17));
#8411=VECTOR('',#10766,1.0);
#8412=CARTESIAN_POINT('',(-1.0,-19.1,-1.22464679914735E-16));
#8413=CARTESIAN_POINT('',(-0.8,-18.9,-9.79717439317882E-17));
#8414=VECTOR('',#10767,1.0);
#8415=AXIS2_PLACEMENT_3D('',#10768,#10769,#10770);
#8416=COLOUR_RGB('',0.431372553110123,0.862745106220245,0.549019634723663);
#8417=CARTESIAN_POINT('',(4.1,-12.5,0.0));
#8418=CARTESIAN_POINT('',(4.1,-18.7,0.0));
#8419=CARTESIAN_POINT('',(4.1,-15.6,7.34788079488412E-17));
#8420=VECTOR('',#10771,1.0);
#8421=CARTESIAN_POINT('',(2.9,-12.5,-7.34788079488412E-17));
#8422=AXIS2_PLACEMENT_3D('',#10772,#10773,#10774);
#8423=CARTESIAN_POINT('',(2.9,-18.7,-7.34788079488412E-17));
#8424=CARTESIAN_POINT('',(2.9,-15.6,-7.34788079488412E-17));
#8425=VECTOR('',#10775,1.0);
#8426=AXIS2_PLACEMENT_3D('',#10776,#10777,#10778);
#8427=COLOUR_RGB('',0.431372553110123,0.862745106220245,0.549019634723663);
#8428=CARTESIAN_POINT('',(4.5,-19.1,0.0));
#8429=CARTESIAN_POINT('',(4.3,-18.9,9.79717439317883E-17));
#8430=VECTOR('',#10779,1.0);
#8431=CARTESIAN_POINT('',(2.5,-19.1,-1.22464679914735E-16));
#8432=CARTESIAN_POINT('',(2.7,-18.9,-9.79717439317883E-17));
#8433=VECTOR('',#10780,1.0);
#8434=AXIS2_PLACEMENT_3D('',#10781,#10782,#10783);
#8435=COLOUR_RGB('',0.431372553110123,0.862745106220245,0.549019634723663);
#8436=CARTESIAN_POINT('',(7.6,-12.5,0.0));
#8437=CARTESIAN_POINT('',(7.6,-18.7,0.0));
#8438=CARTESIAN_POINT('',(7.6,-15.6,7.34788079488412E-17));
#8439=VECTOR('',#10784,1.0);
#8440=CARTESIAN_POINT('',(6.4,-12.5,-7.34788079488412E-17));
#8441=AXIS2_PLACEMENT_3D('',#10785,#10786,#10787);
#8442=CARTESIAN_POINT('',(6.4,-18.7,-7.34788079488412E-17));
#8443=CARTESIAN_POINT('',(6.4,-15.6,-7.34788079488412E-17));
#8444=VECTOR('',#10788,1.0);
#8445=AXIS2_PLACEMENT_3D('',#10789,#10790,#10791);
#8446=COLOUR_RGB('',0.431372553110123,0.862745106220245,0.549019634723663);
#8447=CARTESIAN_POINT('',(8.0,-19.1,0.0));
#8448=CARTESIAN_POINT('',(7.8,-18.9,9.79717439317883E-17));
#8449=VECTOR('',#10792,1.0);
#8450=CARTESIAN_POINT('',(6.0,-19.1,-1.22464679914735E-16));
#8451=CARTESIAN_POINT('',(6.2,-18.9,-9.79717439317883E-17));
#8452=VECTOR('',#10793,1.0);
#8453=AXIS2_PLACEMENT_3D('',#10794,#10795,#10796);
#8454=COLOUR_RGB('',0.431372553110123,0.862745106220245,0.549019634723663);
#8455=CARTESIAN_POINT('',(11.1,-12.5,0.0));
#8456=CARTESIAN_POINT('',(11.1,-18.7,0.0));
#8457=CARTESIAN_POINT('',(11.1,-15.6,7.34788079488412E-17));
#8458=VECTOR('',#10797,1.0);
#8459=CARTESIAN_POINT('',(9.9,-12.5,-7.34788079488412E-17));
#8460=AXIS2_PLACEMENT_3D('',#10798,#10799,#10800);
#8461=CARTESIAN_POINT('',(9.9,-18.7,-7.34788079488411E-17));
#8462=CARTESIAN_POINT('',(9.9,-15.6,-7.34788079488412E-17));
#8463=VECTOR('',#10801,1.0);
#8464=AXIS2_PLACEMENT_3D('',#10802,#10803,#10804);
#8465=COLOUR_RGB('',0.431372553110123,0.862745106220245,0.549019634723663);
#8466=CARTESIAN_POINT('',(11.5,-19.1,0.0));
#8467=CARTESIAN_POINT('',(11.3,-18.9,9.79717439317882E-17));
#8468=VECTOR('',#10805,1.0);
#8469=CARTESIAN_POINT('',(9.5,-19.1,-1.22464679914735E-16));
#8470=CARTESIAN_POINT('',(9.7,-18.9,-9.79717439317882E-17));
#8471=VECTOR('',#10806,1.0);
#8472=AXIS2_PLACEMENT_3D('',#10807,#10808,#10809);
#8473=COLOUR_RGB('',0.431372553110123,0.862745106220245,0.549019634723663);
#8474=CARTESIAN_POINT('',(1.65099999999999,1.77635683940025E-15,0.0));
#8475=CARTESIAN_POINT('',(1.39699999999999,-0.253999999999992,0.0));
#8476=CARTESIAN_POINT('',(1.52399999999999,-0.126999999999995,1.86636172190055E-16));
#8477=VECTOR('',#10810,1.0);
#8478=CARTESIAN_POINT('',(-1.65099999999998,-1.77635683940025E-15,-2.02189186539226E-16));
#8479=AXIS2_PLACEMENT_3D('',#10811,#10812,#10813);
#8480=CARTESIAN_POINT('',(-1.39699999999999,-0.253999999999992,-1.71083157840884E-16));
#8481=CARTESIAN_POINT('',(-1.52399999999999,-0.126999999999995,-1.86636172190055E-16));
#8482=VECTOR('',#10814,1.0);
#8483=AXIS2_PLACEMENT_3D('',#10815,#10816,#10817);
#8484=COLOUR_RGB('',0.431372553110123,0.862745106220245,0.549019634723663);
#8485=CARTESIAN_POINT('',(1.39699999999999,-1.77800000000001,0.0));
#8486=CARTESIAN_POINT('',(1.39699999999999,-1.016,1.71083157840884E-16));
#8487=VECTOR('',#10818,1.0);
#8488=CARTESIAN_POINT('',(-1.39699999999999,-1.77800000000001,-1.71083157840884E-16));
#8489=CARTESIAN_POINT('',(-1.39699999999999,-1.016,-1.71083157840884E-16));
#8490=VECTOR('',#10819,1.0);
#8491=AXIS2_PLACEMENT_3D('',#10820,#10821,#10822);
#8492=COLOUR_RGB('',0.431372553110123,0.862745106220245,0.549019634723663);
#8493=CARTESIAN_POINT('',(5.15099999999999,1.77635683940025E-15,0.0));
#8494=CARTESIAN_POINT('',(4.89699999999999,-0.253999999999992,0.0));
#8495=CARTESIAN_POINT('',(5.02399999999999,-0.126999999999995,1.86636172190055E-16));
#8496=VECTOR('',#10823,1.0);
#8497=CARTESIAN_POINT('',(1.84900000000002,-1.77635683940025E-15,-2.02189186539226E-16));
#8498=AXIS2_PLACEMENT_3D('',#10824,#10825,#10826);
#8499=CARTESIAN_POINT('',(2.10300000000001,-0.253999999999992,-1.71083157840884E-16));
#8500=CARTESIAN_POINT('',(1.97600000000001,-0.126999999999995,-1.86636172190055E-16));
#8501=VECTOR('',#10827,1.0);
#8502=AXIS2_PLACEMENT_3D('',#10828,#10829,#10830);
#8503=COLOUR_RGB('',0.431372553110123,0.862745106220245,0.549019634723663);
#8504=CARTESIAN_POINT('',(4.89699999999999,-1.77800000000001,0.0));
#8505=CARTESIAN_POINT('',(4.89699999999999,-1.016,1.71083157840884E-16));
#8506=VECTOR('',#10831,1.0);
#8507=CARTESIAN_POINT('',(2.10300000000001,-1.77800000000001,-1.71083157840884E-16));
#8508=CARTESIAN_POINT('',(2.10300000000001,-1.016,-1.71083157840884E-16));
#8509=VECTOR('',#10832,1.0);
#8510=AXIS2_PLACEMENT_3D('',#10833,#10834,#10835);
#8511=COLOUR_RGB('',0.431372553110123,0.862745106220245,0.549019634723663);
#8512=CARTESIAN_POINT('',(8.65099999999999,1.77635683940025E-15,0.0));
#8513=CARTESIAN_POINT('',(8.39699999999999,-0.253999999999992,0.0));
#8514=CARTESIAN_POINT('',(8.52399999999999,-0.126999999999995,1.86636172190055E-16));
#8515=VECTOR('',#10836,1.0);
#8516=CARTESIAN_POINT('',(5.34900000000002,-1.77635683940025E-15,-2.02189186539226E-16));
#8517=AXIS2_PLACEMENT_3D('',#10837,#10838,#10839);
#8518=CARTESIAN_POINT('',(5.60300000000001,-0.253999999999992,-1.71083157840884E-16));
#8519=CARTESIAN_POINT('',(5.47600000000001,-0.126999999999995,-1.86636172190055E-16));
#8520=VECTOR('',#10840,1.0);
#8521=AXIS2_PLACEMENT_3D('',#10841,#10842,#10843);
#8522=COLOUR_RGB('',0.431372553110123,0.862745106220245,0.549019634723663);
#8523=CARTESIAN_POINT('',(8.39699999999999,-1.77800000000001,0.0));
#8524=CARTESIAN_POINT('',(8.39699999999999,-1.016,1.71083157840884E-16));
#8525=VECTOR('',#10844,1.0);
#8526=CARTESIAN_POINT('',(5.60300000000001,-1.77800000000001,-1.71083157840884E-16));
#8527=CARTESIAN_POINT('',(5.60300000000001,-1.016,-1.71083157840884E-16));
#8528=VECTOR('',#10845,1.0);
#8529=AXIS2_PLACEMENT_3D('',#10846,#10847,#10848);
#8530=COLOUR_RGB('',0.431372553110123,0.862745106220245,0.549019634723663);
#8531=CARTESIAN_POINT('',(12.151,1.77635683940025E-15,0.0));
#8532=CARTESIAN_POINT('',(11.897,-0.253999999999992,0.0));
#8533=CARTESIAN_POINT('',(12.024,-0.126999999999995,1.86636172190055E-16));
#8534=VECTOR('',#10849,1.0);
#8535=CARTESIAN_POINT('',(8.84900000000002,-1.77635683940025E-15,-2.02189186539226E-16));
#8536=AXIS2_PLACEMENT_3D('',#10850,#10851,#10852);
#8537=CARTESIAN_POINT('',(9.10300000000001,-0.253999999999992,-1.71083157840884E-16));
#8538=CARTESIAN_POINT('',(8.97600000000001,-0.126999999999995,-1.86636172190055E-16));
#8539=VECTOR('',#10853,1.0);
#8540=AXIS2_PLACEMENT_3D('',#10854,#10855,#10856);
#8541=COLOUR_RGB('',0.431372553110123,0.862745106220245,0.549019634723663);
#8542=CARTESIAN_POINT('',(11.897,-1.77800000000001,0.0));
#8543=CARTESIAN_POINT('',(11.897,-1.016,1.71083157840884E-16));
#8544=VECTOR('',#10857,1.0);
#8545=CARTESIAN_POINT('',(9.10300000000001,-1.77800000000001,-1.71083157840884E-16));
#8546=CARTESIAN_POINT('',(9.10300000000001,-1.016,-1.71083157840884E-16));
#8547=VECTOR('',#10858,1.0);
#8548=AXIS2_PLACEMENT_3D('',#10859,#10860,#10861);
#8549=COLOUR_RGB('',0.647058844566345,0.647058844566345,0.647058844566345);
#8550=CARTESIAN_POINT('',(1.374,-1.77800000000001,1.68266470202846E-16));
#8551=CARTESIAN_POINT('',(1.374,-1.684,1.68266470202846E-16));
#8552=CARTESIAN_POINT('',(1.374,-1.55,1.68266470202846E-16));
#8553=VECTOR('',#10862,1.0);
#8554=CARTESIAN_POINT('',(-1.374,-1.77800000000001,0.0));
#8555=AXIS2_PLACEMENT_3D('',#10863,#10864,#10865);
#8556=CARTESIAN_POINT('',(-1.374,-1.684,-1.68266470202846E-16));
#8557=CARTESIAN_POINT('',(-1.374,-1.55,-1.68266470202846E-16));
#8558=VECTOR('',#10866,1.0);
#8559=CARTESIAN_POINT('',(-1.35031848095181,-1.684,-0.254));
#8560=AXIS2_PLACEMENT_3D('',#10867,#10868,#10869);
#8561=CARTESIAN_POINT('',(-1.35031848095181,-1.1,-0.254));
#8562=CARTESIAN_POINT('',(-1.35031848095181,-1.392,-0.254));
#8563=VECTOR('',#10870,1.0);
#8564=CARTESIAN_POINT('',(1.35031848095181,-1.1,-0.254));
#8565=AXIS2_PLACEMENT_3D('',#10871,#10872,#10873);
#8566=CARTESIAN_POINT('',(1.35031848095181,-1.684,-0.254));
#8567=CARTESIAN_POINT('',(1.35031848095181,-1.392,-0.254));
#8568=VECTOR('',#10874,1.0);
#8569=AXIS2_PLACEMENT_3D('',#10875,#10876,#10877);
#8570=COLOUR_RGB('',0.647058844566345,0.647058844566345,0.647058844566345);
#8571=CARTESIAN_POINT('',(4.874,-1.77800000000001,1.68266470202846E-16));
#8572=CARTESIAN_POINT('',(4.874,-1.684,1.68266470202846E-16));
#8573=CARTESIAN_POINT('',(4.874,-1.55,1.68266470202846E-16));
#8574=VECTOR('',#10878,1.0);
#8575=CARTESIAN_POINT('',(2.126,-1.77800000000001,0.0));
#8576=AXIS2_PLACEMENT_3D('',#10879,#10880,#10881);
#8577=CARTESIAN_POINT('',(2.126,-1.684,-1.68266470202846E-16));
#8578=CARTESIAN_POINT('',(2.126,-1.55,-1.68266470202846E-16));
#8579=VECTOR('',#10882,1.0);
#8580=CARTESIAN_POINT('',(2.14968151904819,-1.684,-0.254));
#8581=AXIS2_PLACEMENT_3D('',#10883,#10884,#10885);
#8582=CARTESIAN_POINT('',(2.14968151904819,-1.1,-0.254));
#8583=CARTESIAN_POINT('',(2.14968151904819,-1.392,-0.254));
#8584=VECTOR('',#10886,1.0);
#8585=CARTESIAN_POINT('',(4.85031848095181,-1.1,-0.254));
#8586=AXIS2_PLACEMENT_3D('',#10887,#10888,#10889);
#8587=CARTESIAN_POINT('',(4.85031848095181,-1.684,-0.254));
#8588=CARTESIAN_POINT('',(4.85031848095181,-1.392,-0.254));
#8589=VECTOR('',#10890,1.0);
#8590=AXIS2_PLACEMENT_3D('',#10891,#10892,#10893);
#8591=COLOUR_RGB('',0.647058844566345,0.647058844566345,0.647058844566345);
#8592=CARTESIAN_POINT('',(8.374,-1.77800000000001,1.68266470202846E-16));
#8593=CARTESIAN_POINT('',(8.374,-1.684,1.68266470202846E-16));
#8594=CARTESIAN_POINT('',(8.374,-1.55,1.68266470202846E-16));
#8595=VECTOR('',#10894,1.0);
#8596=CARTESIAN_POINT('',(5.626,-1.77800000000001,0.0));
#8597=AXIS2_PLACEMENT_3D('',#10895,#10896,#10897);
#8598=CARTESIAN_POINT('',(5.626,-1.684,-1.68266470202846E-16));
#8599=CARTESIAN_POINT('',(5.626,-1.55,-1.68266470202846E-16));
#8600=VECTOR('',#10898,1.0);
#8601=CARTESIAN_POINT('',(5.64968151904819,-1.684,-0.254));
#8602=AXIS2_PLACEMENT_3D('',#10899,#10900,#10901);
#8603=CARTESIAN_POINT('',(5.64968151904819,-1.1,-0.254));
#8604=CARTESIAN_POINT('',(5.64968151904819,-1.392,-0.254));
#8605=VECTOR('',#10902,1.0);
#8606=CARTESIAN_POINT('',(8.35031848095181,-1.1,-0.254));
#8607=AXIS2_PLACEMENT_3D('',#10903,#10904,#10905);
#8608=CARTESIAN_POINT('',(8.35031848095181,-1.684,-0.254));
#8609=CARTESIAN_POINT('',(8.35031848095181,-1.392,-0.254));
#8610=VECTOR('',#10906,1.0);
#8611=AXIS2_PLACEMENT_3D('',#10907,#10908,#10909);
#8612=COLOUR_RGB('',0.647058844566345,0.647058844566345,0.647058844566345);
#8613=CARTESIAN_POINT('',(11.874,-1.77800000000001,1.68266470202846E-16));
#8614=CARTESIAN_POINT('',(11.874,-1.684,1.68266470202846E-16));
#8615=CARTESIAN_POINT('',(11.874,-1.55,1.68266470202846E-16));
#8616=VECTOR('',#10910,1.0);
#8617=CARTESIAN_POINT('',(9.126,-1.77800000000001,0.0));
#8618=AXIS2_PLACEMENT_3D('',#10911,#10912,#10913);
#8619=CARTESIAN_POINT('',(9.126,-1.684,-1.68266470202846E-16));
#8620=CARTESIAN_POINT('',(9.126,-1.55,-1.68266470202846E-16));
#8621=VECTOR('',#10914,1.0);
#8622=CARTESIAN_POINT('',(9.14968151904819,-1.684,-0.254));
#8623=AXIS2_PLACEMENT_3D('',#10915,#10916,#10917);
#8624=CARTESIAN_POINT('',(9.14968151904819,-1.1,-0.254));
#8625=CARTESIAN_POINT('',(9.14968151904819,-1.392,-0.254));
#8626=VECTOR('',#10918,1.0);
#8627=CARTESIAN_POINT('',(11.8503184809518,-1.1,-0.254));
#8628=AXIS2_PLACEMENT_3D('',#10919,#10920,#10921);
#8629=CARTESIAN_POINT('',(11.8503184809518,-1.684,-0.254));
#8630=CARTESIAN_POINT('',(11.8503184809518,-1.392,-0.254));
#8631=VECTOR('',#10922,1.0);
#8632=AXIS2_PLACEMENT_3D('',#10923,#10924,#10925);
#8633=COLOUR_RGB('',0.647058844566345,0.647058844566345,0.647058844566345);
#8634=CARTESIAN_POINT('',(11.8503184809518,-1.684,0.253999999999999));
#8635=AXIS2_PLACEMENT_3D('',#10926,#10927,#10928);
#8636=CARTESIAN_POINT('',(11.8503184809518,-1.1,0.253999999999999));
#8637=CARTESIAN_POINT('',(11.8503184809518,-1.392,0.253999999999999));
#8638=VECTOR('',#10929,1.0);
#8639=CARTESIAN_POINT('',(9.14968151904819,-1.1,0.253999999999999));
#8640=AXIS2_PLACEMENT_3D('',#10930,#10931,#10932);
#8641=CARTESIAN_POINT('',(9.14968151904819,-1.684,0.253999999999999));
#8642=CARTESIAN_POINT('',(9.14968151904819,-1.392,0.253999999999999));
#8643=VECTOR('',#10933,1.0);
#8644=AXIS2_PLACEMENT_3D('',#10934,#10935,#10936);
#8645=AXIS2_PLACEMENT_3D('',#10937,#10938,#10939);
#8646=COLOUR_RGB('',0.647058844566345,0.647058844566345,0.647058844566345);
#8647=CARTESIAN_POINT('',(10.5,-1.684,-0.254));
#8648=VECTOR('',#10940,1.0);
#8649=CARTESIAN_POINT('',(10.5,-1.1,-0.254));
#8650=VECTOR('',#10941,1.0);
#8651=COLOUR_RGB('',0.647058844566345,0.647058844566345,0.647058844566345);
#8652=CARTESIAN_POINT('',(10.5,-1.684,0.253999999999999));
#8653=VECTOR('',#10942,1.0);
#8654=COLOUR_RGB('',0.647058844566345,0.647058844566345,0.647058844566345);
#8655=CARTESIAN_POINT('',(10.5,-1.1,0.253999999999999));
#8656=VECTOR('',#10943,1.0);
#8657=COLOUR_RGB('',0.647058844566345,0.647058844566345,0.647058844566345);
#8658=COLOUR_RGB('',0.647058844566345,0.647058844566345,0.647058844566345);
#8659=COLOUR_RGB('',0.647058844566345,0.647058844566345,0.647058844566345);
#8660=CARTESIAN_POINT('',(8.35031848095181,-1.684,0.253999999999999));
#8661=AXIS2_PLACEMENT_3D('',#10944,#10945,#10946);
#8662=CARTESIAN_POINT('',(8.35031848095181,-1.1,0.253999999999999));
#8663=CARTESIAN_POINT('',(8.35031848095181,-1.392,0.253999999999999));
#8664=VECTOR('',#10947,1.0);
#8665=CARTESIAN_POINT('',(5.64968151904819,-1.1,0.253999999999999));
#8666=AXIS2_PLACEMENT_3D('',#10948,#10949,#10950);
#8667=CARTESIAN_POINT('',(5.64968151904819,-1.684,0.253999999999999));
#8668=CARTESIAN_POINT('',(5.64968151904819,-1.392,0.253999999999999));
#8669=VECTOR('',#10951,1.0);
#8670=AXIS2_PLACEMENT_3D('',#10952,#10953,#10954);
#8671=AXIS2_PLACEMENT_3D('',#10955,#10956,#10957);
#8672=COLOUR_RGB('',0.647058844566345,0.647058844566345,0.647058844566345);
#8673=CARTESIAN_POINT('',(7.0,-1.684,-0.254));
#8674=VECTOR('',#10958,1.0);
#8675=CARTESIAN_POINT('',(7.0,-1.1,-0.254));
#8676=VECTOR('',#10959,1.0);
#8677=COLOUR_RGB('',0.647058844566345,0.647058844566345,0.647058844566345);
#8678=CARTESIAN_POINT('',(7.0,-1.684,0.253999999999999));
#8679=VECTOR('',#10960,1.0);
#8680=COLOUR_RGB('',0.647058844566345,0.647058844566345,0.647058844566345);
#8681=CARTESIAN_POINT('',(7.0,-1.1,0.253999999999999));
#8682=VECTOR('',#10961,1.0);
#8683=COLOUR_RGB('',0.647058844566345,0.647058844566345,0.647058844566345);
#8684=COLOUR_RGB('',0.647058844566345,0.647058844566345,0.647058844566345);
#8685=COLOUR_RGB('',0.647058844566345,0.647058844566345,0.647058844566345);
#8686=CARTESIAN_POINT('',(4.85031848095181,-1.684,0.253999999999999));
#8687=AXIS2_PLACEMENT_3D('',#10962,#10963,#10964);
#8688=CARTESIAN_POINT('',(4.85031848095181,-1.1,0.253999999999999));
#8689=CARTESIAN_POINT('',(4.85031848095181,-1.392,0.253999999999999));
#8690=VECTOR('',#10965,1.0);
#8691=CARTESIAN_POINT('',(2.14968151904819,-1.1,0.253999999999999));
#8692=AXIS2_PLACEMENT_3D('',#10966,#10967,#10968);
#8693=CARTESIAN_POINT('',(2.14968151904819,-1.684,0.253999999999999));
#8694=CARTESIAN_POINT('',(2.14968151904819,-1.392,0.253999999999999));
#8695=VECTOR('',#10969,1.0);
#8696=AXIS2_PLACEMENT_3D('',#10970,#10971,#10972);
#8697=AXIS2_PLACEMENT_3D('',#10973,#10974,#10975);
#8698=COLOUR_RGB('',0.647058844566345,0.647058844566345,0.647058844566345);
#8699=CARTESIAN_POINT('',(3.5,-1.684,-0.254));
#8700=VECTOR('',#10976,1.0);
#8701=CARTESIAN_POINT('',(3.5,-1.1,-0.254));
#8702=VECTOR('',#10977,1.0);
#8703=COLOUR_RGB('',0.647058844566345,0.647058844566345,0.647058844566345);
#8704=CARTESIAN_POINT('',(3.5,-1.684,0.253999999999999));
#8705=VECTOR('',#10978,1.0);
#8706=COLOUR_RGB('',0.647058844566345,0.647058844566345,0.647058844566345);
#8707=CARTESIAN_POINT('',(3.5,-1.1,0.253999999999999));
#8708=VECTOR('',#10979,1.0);
#8709=COLOUR_RGB('',0.647058844566345,0.647058844566345,0.647058844566345);
#8710=COLOUR_RGB('',0.647058844566345,0.647058844566345,0.647058844566345);
#8711=COLOUR_RGB('',0.647058844566345,0.647058844566345,0.647058844566345);
#8712=CARTESIAN_POINT('',(1.35031848095181,-1.684,0.253999999999999));
#8713=AXIS2_PLACEMENT_3D('',#10980,#10981,#10982);
#8714=CARTESIAN_POINT('',(1.35031848095181,-1.1,0.253999999999999));
#8715=CARTESIAN_POINT('',(1.35031848095181,-1.392,0.253999999999999));
#8716=VECTOR('',#10983,1.0);
#8717=CARTESIAN_POINT('',(-1.35031848095181,-1.1,0.253999999999999));
#8718=AXIS2_PLACEMENT_3D('',#10984,#10985,#10986);
#8719=CARTESIAN_POINT('',(-1.35031848095181,-1.684,0.253999999999999));
#8720=CARTESIAN_POINT('',(-1.35031848095181,-1.392,0.253999999999999));
#8721=VECTOR('',#10987,1.0);
#8722=AXIS2_PLACEMENT_3D('',#10988,#10989,#10990);
#8723=AXIS2_PLACEMENT_3D('',#10991,#10992,#10993);
#8724=COLOUR_RGB('',0.647058844566345,0.647058844566345,0.647058844566345);
#8725=CARTESIAN_POINT('',(0.0,-1.684,-0.254));
#8726=VECTOR('',#10994,1.0);
#8727=CARTESIAN_POINT('',(0.0,-1.1,-0.254));
#8728=VECTOR('',#10995,1.0);
#8729=COLOUR_RGB('',0.647058844566345,0.647058844566345,0.647058844566345);
#8730=CARTESIAN_POINT('',(0.0,-1.684,0.253999999999999));
#8731=VECTOR('',#10996,1.0);
#8732=COLOUR_RGB('',0.647058844566345,0.647058844566345,0.647058844566345);
#8733=CARTESIAN_POINT('',(0.0,-1.1,0.253999999999999));
#8734=VECTOR('',#10997,1.0);
#8735=COLOUR_RGB('',0.647058844566345,0.647058844566345,0.647058844566345);
#8736=COLOUR_RGB('',0.647058844566345,0.647058844566345,0.647058844566345);
#8737=COLOUR_RGB('',0.431372553110123,0.862745106220245,0.549019634723663);
#8738=AXIS2_PLACEMENT_3D('',#10998,#10999,#11000);
#8739=AXIS2_PLACEMENT_3D('',#11001,#11002,#11003);
#8740=COLOUR_RGB('',0.431372553110123,0.862745106220245,0.549019634723663);
#8741=AXIS2_PLACEMENT_3D('',#11004,#11005,#11006);
#8742=COLOUR_RGB('',0.431372553110123,0.862745106220245,0.549019634723663);
#8743=COLOUR_RGB('',0.431372553110123,0.862745106220245,0.549019634723663);
#8744=AXIS2_PLACEMENT_3D('',#11007,#11008,#11009);
#8745=AXIS2_PLACEMENT_3D('',#11010,#11011,#11012);
#8746=COLOUR_RGB('',0.431372553110123,0.862745106220245,0.549019634723663);
#8747=AXIS2_PLACEMENT_3D('',#11013,#11014,#11015);
#8748=COLOUR_RGB('',0.431372553110123,0.862745106220245,0.549019634723663);
#8749=COLOUR_RGB('',0.431372553110123,0.862745106220245,0.549019634723663);
#8750=AXIS2_PLACEMENT_3D('',#11016,#11017,#11018);
#8751=AXIS2_PLACEMENT_3D('',#11019,#11020,#11021);
#8752=COLOUR_RGB('',0.431372553110123,0.862745106220245,0.549019634723663);
#8753=AXIS2_PLACEMENT_3D('',#11022,#11023,#11024);
#8754=COLOUR_RGB('',0.431372553110123,0.862745106220245,0.549019634723663);
#8755=COLOUR_RGB('',0.431372553110123,0.862745106220245,0.549019634723663);
#8756=AXIS2_PLACEMENT_3D('',#11025,#11026,#11027);
#8757=AXIS2_PLACEMENT_3D('',#11028,#11029,#11030);
#8758=COLOUR_RGB('',0.431372553110123,0.862745106220245,0.549019634723663);
#8759=AXIS2_PLACEMENT_3D('',#11031,#11032,#11033);
#8760=COLOUR_RGB('',0.431372553110123,0.862745106220245,0.549019634723663);
#8761=COLOUR_RGB('',0.431372553110123,0.862745106220245,0.549019634723663);
#8762=AXIS2_PLACEMENT_3D('',#11034,#11035,#11036);
#8763=AXIS2_PLACEMENT_3D('',#11037,#11038,#11039);
#8764=COLOUR_RGB('',0.431372553110123,0.862745106220245,0.549019634723663);
#8765=AXIS2_PLACEMENT_3D('',#11040,#11041,#11042);
#8766=COLOUR_RGB('',0.431372553110123,0.862745106220245,0.549019634723663);
#8767=COLOUR_RGB('',0.431372553110123,0.862745106220245,0.549019634723663);
#8768=AXIS2_PLACEMENT_3D('',#11043,#11044,#11045);
#8769=AXIS2_PLACEMENT_3D('',#11046,#11047,#11048);
#8770=COLOUR_RGB('',0.431372553110123,0.862745106220245,0.549019634723663);
#8771=AXIS2_PLACEMENT_3D('',#11049,#11050,#11051);
#8772=COLOUR_RGB('',0.431372553110123,0.862745106220245,0.549019634723663);
#8773=COLOUR_RGB('',0.431372553110123,0.862745106220245,0.549019634723663);
#8774=AXIS2_PLACEMENT_3D('',#11052,#11053,#11054);
#8775=AXIS2_PLACEMENT_3D('',#11055,#11056,#11057);
#8776=COLOUR_RGB('',0.431372553110123,0.862745106220245,0.549019634723663);
#8777=AXIS2_PLACEMENT_3D('',#11058,#11059,#11060);
#8778=COLOUR_RGB('',0.431372553110123,0.862745106220245,0.549019634723663);
#8779=COLOUR_RGB('',0.431372553110123,0.862745106220245,0.549019634723663);
#8780=AXIS2_PLACEMENT_3D('',#11061,#11062,#11063);
#8781=AXIS2_PLACEMENT_3D('',#11064,#11065,#11066);
#8782=COLOUR_RGB('',0.431372553110123,0.862745106220245,0.549019634723663);
#8783=AXIS2_PLACEMENT_3D('',#11067,#11068,#11069);
#8784=COLOUR_RGB('',0.431372553110123,0.862745106220245,0.549019634723663);
#8785=COLOUR_RGB('',0.431372553110123,0.862745106220245,0.549019634723663);
#8786=CARTESIAN_POINT('',(9.05,-12.5,-2.05000000000003));
#8787=CARTESIAN_POINT('',(9.05,-12.5,2.04999999999998));
#8788=CARTESIAN_POINT('',(9.05,-12.5,-1.15463194561016E-14));
#8789=VECTOR('',#11070,1.0);
#8790=CARTESIAN_POINT('',(9.05,-19.1,-2.05000000000003));
#8791=CARTESIAN_POINT('',(9.05,-12.3,-2.05000000000003));
#8792=VECTOR('',#11071,1.0);
#8793=CARTESIAN_POINT('',(9.05,-19.1,2.04999999999998));
#8794=CARTESIAN_POINT('',(9.05,-19.1,-2.05000000000003));
#8795=VECTOR('',#11072,1.0);
#8796=CARTESIAN_POINT('',(9.05,-12.3,2.04999999999998));
#8797=VECTOR('',#11073,1.0);
#8798=COLOUR_RGB('',0.431372553110123,0.862745106220245,0.549019634723663);
#8799=CARTESIAN_POINT('',(11.95,-12.5,-2.04999999999997));
#8800=CARTESIAN_POINT('',(11.65,-12.5,-2.04999999999998));
#8801=VECTOR('',#11074,1.0);
#8802=CARTESIAN_POINT('',(11.95,-19.1,-2.04999999999997));
#8803=CARTESIAN_POINT('',(11.95,-12.3,-2.04999999999997));
#8804=VECTOR('',#11075,1.0);
#8805=CARTESIAN_POINT('',(11.95,-19.1,-2.04999999999997));
#8806=VECTOR('',#11076,1.0);
#8807=CARTESIAN_POINT('',(10.7499430555555,-18.8,-2.05));
#8808=CARTESIAN_POINT('',(10.7499430555555,-16.8,-2.05));
#8809=CARTESIAN_POINT('',(10.7499430555555,-14.55,-2.05));
#8810=VECTOR('',#11077,1.0);
#8811=CARTESIAN_POINT('',(10.2499393518518,-16.8,-2.05000000000001));
#8812=CARTESIAN_POINT('',(10.49999094525,-16.8,-2.05));
#8813=VECTOR('',#11078,1.0);
#8814=CARTESIAN_POINT('',(10.2499393518518,-18.8,-2.05000000000001));
#8815=CARTESIAN_POINT('',(10.2499393518518,-14.55,-2.05000000000001));
#8816=VECTOR('',#11079,1.0);
#8817=CARTESIAN_POINT('',(10.49999094525,-18.8,-2.05));
#8818=VECTOR('',#11080,1.0);
#8819=COLOUR_RGB('',0.431372553110123,0.862745106220245,0.549019634723663);
#8820=CARTESIAN_POINT('',(11.95,-12.5,2.04999999999998));
#8821=CARTESIAN_POINT('',(11.95,-12.5,2.66453525910038E-15));
#8822=VECTOR('',#11081,1.0);
#8823=CARTESIAN_POINT('',(11.95,-19.1,2.04999999999998));
#8824=CARTESIAN_POINT('',(11.95,-12.3,2.04999999999998));
#8825=VECTOR('',#11082,1.0);
#8826=CARTESIAN_POINT('',(11.95,-19.1,-2.04999999999997));
#8827=VECTOR('',#11083,1.0);
#8828=COLOUR_RGB('',0.431372553110123,0.862745106220245,0.549019634723663);
#8829=CARTESIAN_POINT('',(10.7499430555555,-16.8,-2.37126296296297));
#8830=CARTESIAN_POINT('',(10.7499430555555,-16.8,-1.85));
#8831=VECTOR('',#11084,1.0);
#8832=CARTESIAN_POINT('',(10.8999912037037,-16.8,-2.55000370370371));
#8833=CARTESIAN_POINT('',(10.7499430555555,-16.8,-2.37126296296297));
#8834=VECTOR('',#11085,0.999999999999999);
#8835=CARTESIAN_POINT('',(10.8999912037037,-16.8,-3.35));
#8836=CARTESIAN_POINT('',(10.8999912037037,-16.8,-2.55000370370371));
#8837=VECTOR('',#11086,1.0);
#8838=CARTESIAN_POINT('',(10.1000087962963,-16.8,-3.35));
#8839=CARTESIAN_POINT('',(10.1000087962963,-16.8,-3.35));
#8840=VECTOR('',#11087,1.0);
#8841=CARTESIAN_POINT('',(10.1000087962963,-16.8,-2.55000370370371));
#8842=CARTESIAN_POINT('',(10.1000087962963,-16.8,-3.35));
#8843=VECTOR('',#11088,1.0);
#8844=CARTESIAN_POINT('',(10.2499393518518,-16.8,-2.37126296296297));
#8845=CARTESIAN_POINT('',(10.1000087962963,-16.8,-2.55000370370371));
#8846=VECTOR('',#11089,1.0);
#8847=CARTESIAN_POINT('',(10.2499393518518,-16.8,-2.37126296296297));
#8848=VECTOR('',#11090,1.0);
#8849=COLOUR_RGB('',0.431372553110123,0.862745106220245,0.549019634723663);
#8850=CARTESIAN_POINT('',(10.7499430555555,-18.8,-2.37126296296297));
#8851=CARTESIAN_POINT('',(10.7499430555555,-18.8,-1.85));
#8852=VECTOR('',#11091,1.0);
#8853=CARTESIAN_POINT('',(10.7499430555555,-16.8,-2.37126296296297));
#8854=VECTOR('',#11092,1.0);
#8855=COLOUR_RGB('',0.431372553110123,0.862745106220245,0.549019634723663);
#8856=CARTESIAN_POINT('',(10.8999912037037,-18.8,-2.55000370370371));
#8857=CARTESIAN_POINT('',(10.7499430555555,-18.8,-2.37126296296297));
#8858=VECTOR('',#11093,0.999999999999999);
#8859=CARTESIAN_POINT('',(10.8999912037037,-16.8,-2.55000370370371));
#8860=VECTOR('',#11094,1.0);
#8861=COLOUR_RGB('',0.431372553110123,0.862745106220245,0.549019634723663);
#8862=CARTESIAN_POINT('',(10.8999912037037,-18.8,-3.35));
#8863=CARTESIAN_POINT('',(10.8999912037037,-18.8,-2.55000370370371));
#8864=VECTOR('',#11095,1.0);
#8865=CARTESIAN_POINT('',(10.8999912037037,-16.8,-3.35));
#8866=VECTOR('',#11096,1.0);
#8867=COLOUR_RGB('',0.431372553110123,0.862745106220245,0.549019634723663);
#8868=CARTESIAN_POINT('',(10.1000087962963,-18.8,-3.35));
#8869=CARTESIAN_POINT('',(10.1000087962963,-18.8,-3.35));
#8870=VECTOR('',#11097,1.0);
#8871=CARTESIAN_POINT('',(10.1000087962963,-16.8,-3.35));
#8872=VECTOR('',#11098,1.0);
#8873=COLOUR_RGB('',0.431372553110123,0.862745106220245,0.549019634723663);
#8874=CARTESIAN_POINT('',(10.1000087962963,-18.8,-2.55000370370371));
#8875=CARTESIAN_POINT('',(10.1000087962963,-18.8,-3.35));
#8876=VECTOR('',#11099,1.0);
#8877=CARTESIAN_POINT('',(10.1000087962963,-16.8,-2.55000370370371));
#8878=VECTOR('',#11100,1.0);
#8879=COLOUR_RGB('',0.431372553110123,0.862745106220245,0.549019634723663);
#8880=CARTESIAN_POINT('',(10.2499393518518,-18.8,-2.37126296296297));
#8881=CARTESIAN_POINT('',(10.1000087962963,-18.8,-2.55000370370371));
#8882=VECTOR('',#11101,1.0);
#8883=CARTESIAN_POINT('',(10.2499393518518,-16.8,-2.37126296296297));
#8884=VECTOR('',#11102,1.0);
#8885=COLOUR_RGB('',0.431372553110123,0.862745106220245,0.549019634723663);
#8886=CARTESIAN_POINT('',(10.2499393518518,-18.8,-2.37126296296297));
#8887=VECTOR('',#11103,1.0);
#8888=COLOUR_RGB('',0.431372553110123,0.862745106220245,0.549019634723663);
#8889=COLOUR_RGB('',0.431372553110123,0.862745106220245,0.549019634723663);
#8890=CARTESIAN_POINT('',(9.56020000000007,-12.5,2.04999999999998));
#8891=CARTESIAN_POINT('',(11.05255,-12.5,2.04999999999998));
#8892=VECTOR('',#11104,1.0);
#8893=CARTESIAN_POINT('',(9.56020000000007,-19.1,2.04999999999998));
#8894=CARTESIAN_POINT('',(9.56020000000007,-19.1,2.04999999999998));
#8895=VECTOR('',#11105,1.0);
#8896=CARTESIAN_POINT('',(9.56020000000007,-12.3,2.04999999999998));
#8897=VECTOR('',#11106,1.0);
#8898=COLOUR_RGB('',0.431372553110123,0.862745106220245,0.549019634723663);
#8899=CARTESIAN_POINT('',(11.4398,-12.5,2.04999999999998));
#8900=AXIS2_PLACEMENT_3D('',#11107,#11108,#11109);
#8901=CARTESIAN_POINT('',(11.4398,-19.1,2.04999999999998));
#8902=AXIS2_PLACEMENT_3D('',#11110,#11111,#11112);
#8903=CARTESIAN_POINT('',(11.4398,-12.3,2.04999999999998));
#8904=VECTOR('',#11113,1.0);
#8905=COLOUR_RGB('',0.431372553110123,0.862745106220245,0.549019634723663);
#8906=CARTESIAN_POINT('',(12.24745,-12.5,2.04999999999998));
#8907=VECTOR('',#11114,1.0);
#8908=CARTESIAN_POINT('',(11.95,-19.1,2.04999999999998));
#8909=VECTOR('',#11115,1.0);
#8910=COLOUR_RGB('',0.431372553110123,0.862745106220245,0.549019634723663);
#8911=COLOUR_RGB('',0.431372553110123,0.862745106220245,0.549019634723663);
#8912=CARTESIAN_POINT('',(5.55,-12.5,-2.05000000000003));
#8913=CARTESIAN_POINT('',(5.55,-12.5,2.04999999999998));
#8914=CARTESIAN_POINT('',(5.55,-12.5,-1.15463194561016E-14));
#8915=VECTOR('',#11116,1.0);
#8916=CARTESIAN_POINT('',(5.55,-19.1,-2.05000000000003));
#8917=CARTESIAN_POINT('',(5.55,-12.3,-2.05000000000003));
#8918=VECTOR('',#11117,1.0);
#8919=CARTESIAN_POINT('',(5.55,-19.1,2.04999999999998));
#8920=CARTESIAN_POINT('',(5.55,-19.1,-2.05000000000003));
#8921=VECTOR('',#11118,1.0);
#8922=CARTESIAN_POINT('',(5.55,-12.3,2.04999999999998));
#8923=VECTOR('',#11119,1.0);
#8924=COLOUR_RGB('',0.431372553110123,0.862745106220245,0.549019634723663);
#8925=CARTESIAN_POINT('',(8.45,-12.5,-2.04999999999997));
#8926=CARTESIAN_POINT('',(9.90000000000002,-12.5,-2.04999999999994));
#8927=VECTOR('',#11120,1.0);
#8928=CARTESIAN_POINT('',(8.45,-19.1,-2.04999999999997));
#8929=CARTESIAN_POINT('',(8.45,-12.3,-2.04999999999997));
#8930=VECTOR('',#11121,1.0);
#8931=CARTESIAN_POINT('',(8.45,-19.1,-2.04999999999997));
#8932=VECTOR('',#11122,1.0);
#8933=CARTESIAN_POINT('',(7.24994305555555,-18.8,-2.05));
#8934=CARTESIAN_POINT('',(7.24994305555555,-16.8,-2.05));
#8935=CARTESIAN_POINT('',(7.24994305555555,-14.55,-2.05));
#8936=VECTOR('',#11123,1.0);
#8937=CARTESIAN_POINT('',(6.74993935185184,-16.8,-2.05000000000001));
#8938=CARTESIAN_POINT('',(6.99999094524997,-16.8,-2.05));
#8939=VECTOR('',#11124,1.0);
#8940=CARTESIAN_POINT('',(6.74993935185184,-18.8,-2.05000000000001));
#8941=CARTESIAN_POINT('',(6.74993935185184,-14.55,-2.05000000000001));
#8942=VECTOR('',#11125,1.0);
#8943=CARTESIAN_POINT('',(6.99999094524997,-18.8,-2.05));
#8944=VECTOR('',#11126,1.0);
#8945=COLOUR_RGB('',0.431372553110123,0.862745106220245,0.549019634723663);
#8946=CARTESIAN_POINT('',(8.45,-12.5,2.04999999999998));
#8947=CARTESIAN_POINT('',(8.45,-12.5,2.66453525910038E-15));
#8948=VECTOR('',#11127,1.0);
#8949=CARTESIAN_POINT('',(8.45,-19.1,2.04999999999998));
#8950=CARTESIAN_POINT('',(8.45,-12.3,2.04999999999998));
#8951=VECTOR('',#11128,1.0);
#8952=CARTESIAN_POINT('',(8.45,-19.1,-2.04999999999997));
#8953=VECTOR('',#11129,1.0);
#8954=COLOUR_RGB('',0.431372553110123,0.862745106220245,0.549019634723663);
#8955=CARTESIAN_POINT('',(7.24994305555555,-16.8,-2.37126296296297));
#8956=CARTESIAN_POINT('',(7.24994305555555,-16.8,-1.85));
#8957=VECTOR('',#11130,1.0);
#8958=CARTESIAN_POINT('',(7.39999120370371,-16.8,-2.55000370370371));
#8959=CARTESIAN_POINT('',(7.24994305555555,-16.8,-2.37126296296297));
#8960=VECTOR('',#11131,0.999999999999999);
#8961=CARTESIAN_POINT('',(7.39999120370371,-16.8,-3.35));
#8962=CARTESIAN_POINT('',(7.39999120370371,-16.8,-2.55000370370371));
#8963=VECTOR('',#11132,1.0);
#8964=CARTESIAN_POINT('',(6.6000087962963,-16.8,-3.35));
#8965=CARTESIAN_POINT('',(6.6000087962963,-16.8,-3.35));
#8966=VECTOR('',#11133,1.0);
#8967=CARTESIAN_POINT('',(6.6000087962963,-16.8,-2.55000370370371));
#8968=CARTESIAN_POINT('',(6.6000087962963,-16.8,-3.35));
#8969=VECTOR('',#11134,1.0);
#8970=CARTESIAN_POINT('',(6.74993935185184,-16.8,-2.37126296296297));
#8971=CARTESIAN_POINT('',(6.6000087962963,-16.8,-2.55000370370371));
#8972=VECTOR('',#11135,1.0);
#8973=CARTESIAN_POINT('',(6.74993935185184,-16.8,-2.37126296296297));
#8974=VECTOR('',#11136,1.0);
#8975=COLOUR_RGB('',0.431372553110123,0.862745106220245,0.549019634723663);
#8976=CARTESIAN_POINT('',(7.24994305555555,-18.8,-2.37126296296297));
#8977=CARTESIAN_POINT('',(7.24994305555555,-18.8,-1.85));
#8978=VECTOR('',#11137,1.0);
#8979=CARTESIAN_POINT('',(7.24994305555555,-16.8,-2.37126296296297));
#8980=VECTOR('',#11138,1.0);
#8981=COLOUR_RGB('',0.431372553110123,0.862745106220245,0.549019634723663);
#8982=CARTESIAN_POINT('',(7.39999120370371,-18.8,-2.55000370370371));
#8983=CARTESIAN_POINT('',(7.24994305555555,-18.8,-2.37126296296297));
#8984=VECTOR('',#11139,0.999999999999999);
#8985=CARTESIAN_POINT('',(7.39999120370371,-16.8,-2.55000370370371));
#8986=VECTOR('',#11140,1.0);
#8987=COLOUR_RGB('',0.431372553110123,0.862745106220245,0.549019634723663);
#8988=CARTESIAN_POINT('',(7.39999120370371,-18.8,-3.35));
#8989=CARTESIAN_POINT('',(7.39999120370371,-18.8,-2.55000370370371));
#8990=VECTOR('',#11141,1.0);
#8991=CARTESIAN_POINT('',(7.39999120370371,-16.8,-3.35));
#8992=VECTOR('',#11142,1.0);
#8993=COLOUR_RGB('',0.431372553110123,0.862745106220245,0.549019634723663);
#8994=CARTESIAN_POINT('',(6.6000087962963,-18.8,-3.35));
#8995=CARTESIAN_POINT('',(6.6000087962963,-18.8,-3.35));
#8996=VECTOR('',#11143,1.0);
#8997=CARTESIAN_POINT('',(6.6000087962963,-16.8,-3.35));
#8998=VECTOR('',#11144,1.0);
#8999=COLOUR_RGB('',0.431372553110123,0.862745106220245,0.549019634723663);
#9000=CARTESIAN_POINT('',(6.6000087962963,-18.8,-2.55000370370371));
#9001=CARTESIAN_POINT('',(6.6000087962963,-18.8,-3.35));
#9002=VECTOR('',#11145,1.0);
#9003=CARTESIAN_POINT('',(6.6000087962963,-16.8,-2.55000370370371));
#9004=VECTOR('',#11146,1.0);
#9005=COLOUR_RGB('',0.431372553110123,0.862745106220245,0.549019634723663);
#9006=CARTESIAN_POINT('',(6.74993935185184,-18.8,-2.37126296296297));
#9007=CARTESIAN_POINT('',(6.6000087962963,-18.8,-2.55000370370371));
#9008=VECTOR('',#11147,1.0);
#9009=CARTESIAN_POINT('',(6.74993935185184,-16.8,-2.37126296296297));
#9010=VECTOR('',#11148,1.0);
#9011=COLOUR_RGB('',0.431372553110123,0.862745106220245,0.549019634723663);
#9012=CARTESIAN_POINT('',(6.74993935185184,-18.8,-2.37126296296297));
#9013=VECTOR('',#11149,1.0);
#9014=COLOUR_RGB('',0.431372553110123,0.862745106220245,0.549019634723663);
#9015=COLOUR_RGB('',0.431372553110123,0.862745106220245,0.549019634723663);
#9016=CARTESIAN_POINT('',(6.06020000000007,-12.5,2.04999999999998));
#9017=CARTESIAN_POINT('',(9.30255000000002,-12.5,2.04999999999998));
#9018=VECTOR('',#11150,1.0);
#9019=CARTESIAN_POINT('',(6.06020000000007,-19.1,2.04999999999998));
#9020=CARTESIAN_POINT('',(6.06020000000007,-19.1,2.04999999999998));
#9021=VECTOR('',#11151,1.0);
#9022=CARTESIAN_POINT('',(6.06020000000007,-12.3,2.04999999999998));
#9023=VECTOR('',#11152,1.0);
#9024=COLOUR_RGB('',0.431372553110123,0.862745106220245,0.549019634723663);
#9025=CARTESIAN_POINT('',(7.93980000000002,-12.5,2.04999999999998));
#9026=AXIS2_PLACEMENT_3D('',#11153,#11154,#11155);
#9027=CARTESIAN_POINT('',(7.93980000000002,-19.1,2.04999999999998));
#9028=AXIS2_PLACEMENT_3D('',#11156,#11157,#11158);
#9029=CARTESIAN_POINT('',(7.93980000000002,-12.3,2.04999999999998));
#9030=VECTOR('',#11159,1.0);
#9031=COLOUR_RGB('',0.431372553110123,0.862745106220245,0.549019634723663);
#9032=CARTESIAN_POINT('',(10.49745,-12.5,2.04999999999998));
#9033=VECTOR('',#11160,1.0);
#9034=CARTESIAN_POINT('',(8.45,-19.1,2.04999999999998));
#9035=VECTOR('',#11161,1.0);
#9036=COLOUR_RGB('',0.431372553110123,0.862745106220245,0.549019634723663);
#9037=COLOUR_RGB('',0.431372553110123,0.862745106220245,0.549019634723663);
#9038=CARTESIAN_POINT('',(2.05,-12.5,-2.05000000000003));
#9039=CARTESIAN_POINT('',(2.05,-12.5,2.04999999999998));
#9040=CARTESIAN_POINT('',(2.05,-12.5,-1.15463194561016E-14));
#9041=VECTOR('',#11162,1.0);
#9042=CARTESIAN_POINT('',(2.05,-19.1,-2.05000000000003));
#9043=CARTESIAN_POINT('',(2.05,-12.3,-2.05000000000003));
#9044=VECTOR('',#11163,1.0);
#9045=CARTESIAN_POINT('',(2.05,-19.1,2.04999999999998));
#9046=CARTESIAN_POINT('',(2.05,-19.1,-2.05000000000003));
#9047=VECTOR('',#11164,1.0);
#9048=CARTESIAN_POINT('',(2.05,-12.3,2.04999999999998));
#9049=VECTOR('',#11165,1.0);
#9050=COLOUR_RGB('',0.431372553110123,0.862745106220245,0.549019634723663);
#9051=CARTESIAN_POINT('',(4.95,-12.5,-2.04999999999997));
#9052=CARTESIAN_POINT('',(8.15000000000002,-12.5,-2.04999999999991));
#9053=VECTOR('',#11166,1.0);
#9054=CARTESIAN_POINT('',(4.95,-19.1,-2.04999999999997));
#9055=CARTESIAN_POINT('',(4.95,-12.3,-2.04999999999997));
#9056=VECTOR('',#11167,1.0);
#9057=CARTESIAN_POINT('',(4.95,-19.1,-2.04999999999997));
#9058=VECTOR('',#11168,1.0);
#9059=CARTESIAN_POINT('',(3.74994305555554,-18.8,-2.05));
#9060=CARTESIAN_POINT('',(3.74994305555554,-16.8,-2.05));
#9061=CARTESIAN_POINT('',(3.74994305555554,-14.55,-2.05));
#9062=VECTOR('',#11169,1.0);
#9063=CARTESIAN_POINT('',(3.24993935185184,-16.8,-2.05000000000001));
#9064=CARTESIAN_POINT('',(3.49999094524997,-16.8,-2.05));
#9065=VECTOR('',#11170,1.0);
#9066=CARTESIAN_POINT('',(3.24993935185184,-18.8,-2.05000000000001));
#9067=CARTESIAN_POINT('',(3.24993935185184,-14.55,-2.05000000000001));
#9068=VECTOR('',#11171,1.0);
#9069=CARTESIAN_POINT('',(3.49999094524997,-18.8,-2.05));
#9070=VECTOR('',#11172,1.0);
#9071=COLOUR_RGB('',0.431372553110123,0.862745106220245,0.549019634723663);
#9072=CARTESIAN_POINT('',(4.95,-12.5,2.04999999999998));
#9073=CARTESIAN_POINT('',(4.95,-12.5,2.66453525910038E-15));
#9074=VECTOR('',#11173,1.0);
#9075=CARTESIAN_POINT('',(4.95,-19.1,2.04999999999998));
#9076=CARTESIAN_POINT('',(4.95,-12.3,2.04999999999998));
#9077=VECTOR('',#11174,1.0);
#9078=CARTESIAN_POINT('',(4.95,-19.1,-2.04999999999997));
#9079=VECTOR('',#11175,1.0);
#9080=COLOUR_RGB('',0.431372553110123,0.862745106220245,0.549019634723663);
#9081=CARTESIAN_POINT('',(3.74994305555554,-16.8,-2.37126296296297));
#9082=CARTESIAN_POINT('',(3.74994305555554,-16.8,-1.85));
#9083=VECTOR('',#11176,1.0);
#9084=CARTESIAN_POINT('',(3.89999120370371,-16.8,-2.55000370370371));
#9085=CARTESIAN_POINT('',(3.74994305555554,-16.8,-2.37126296296297));
#9086=VECTOR('',#11177,0.999999999999999);
#9087=CARTESIAN_POINT('',(3.89999120370371,-16.8,-3.35));
#9088=CARTESIAN_POINT('',(3.89999120370371,-16.8,-2.55000370370371));
#9089=VECTOR('',#11178,1.0);
#9090=CARTESIAN_POINT('',(3.1000087962963,-16.8,-3.35));
#9091=CARTESIAN_POINT('',(3.1000087962963,-16.8,-3.35));
#9092=VECTOR('',#11179,1.0);
#9093=CARTESIAN_POINT('',(3.1000087962963,-16.8,-2.55000370370371));
#9094=CARTESIAN_POINT('',(3.1000087962963,-16.8,-3.35));
#9095=VECTOR('',#11180,1.0);
#9096=CARTESIAN_POINT('',(3.24993935185184,-16.8,-2.37126296296297));
#9097=CARTESIAN_POINT('',(3.1000087962963,-16.8,-2.55000370370371));
#9098=VECTOR('',#11181,1.0);
#9099=CARTESIAN_POINT('',(3.24993935185184,-16.8,-2.37126296296297));
#9100=VECTOR('',#11182,1.0);
#9101=COLOUR_RGB('',0.431372553110123,0.862745106220245,0.549019634723663);
#9102=CARTESIAN_POINT('',(3.74994305555554,-18.8,-2.37126296296297));
#9103=CARTESIAN_POINT('',(3.74994305555554,-18.8,-1.85));
#9104=VECTOR('',#11183,1.0);
#9105=CARTESIAN_POINT('',(3.74994305555554,-16.8,-2.37126296296297));
#9106=VECTOR('',#11184,1.0);
#9107=COLOUR_RGB('',0.431372553110123,0.862745106220245,0.549019634723663);
#9108=CARTESIAN_POINT('',(3.89999120370371,-18.8,-2.55000370370371));
#9109=CARTESIAN_POINT('',(3.74994305555554,-18.8,-2.37126296296297));
#9110=VECTOR('',#11185,0.999999999999999);
#9111=CARTESIAN_POINT('',(3.89999120370371,-16.8,-2.55000370370371));
#9112=VECTOR('',#11186,1.0);
#9113=COLOUR_RGB('',0.431372553110123,0.862745106220245,0.549019634723663);
#9114=CARTESIAN_POINT('',(3.89999120370371,-18.8,-3.35));
#9115=CARTESIAN_POINT('',(3.89999120370371,-18.8,-2.55000370370371));
#9116=VECTOR('',#11187,1.0);
#9117=CARTESIAN_POINT('',(3.89999120370371,-16.8,-3.35));
#9118=VECTOR('',#11188,1.0);
#9119=COLOUR_RGB('',0.431372553110123,0.862745106220245,0.549019634723663);
#9120=CARTESIAN_POINT('',(3.1000087962963,-18.8,-3.35));
#9121=CARTESIAN_POINT('',(3.1000087962963,-18.8,-3.35));
#9122=VECTOR('',#11189,1.0);
#9123=CARTESIAN_POINT('',(3.1000087962963,-16.8,-3.35));
#9124=VECTOR('',#11190,1.0);
#9125=COLOUR_RGB('',0.431372553110123,0.862745106220245,0.549019634723663);
#9126=CARTESIAN_POINT('',(3.1000087962963,-18.8,-2.55000370370371));
#9127=CARTESIAN_POINT('',(3.1000087962963,-18.8,-3.35));
#9128=VECTOR('',#11191,1.0);
#9129=CARTESIAN_POINT('',(3.1000087962963,-16.8,-2.55000370370371));
#9130=VECTOR('',#11192,1.0);
#9131=COLOUR_RGB('',0.431372553110123,0.862745106220245,0.549019634723663);
#9132=CARTESIAN_POINT('',(3.24993935185184,-18.8,-2.37126296296297));
#9133=CARTESIAN_POINT('',(3.1000087962963,-18.8,-2.55000370370371));
#9134=VECTOR('',#11193,1.0);
#9135=CARTESIAN_POINT('',(3.24993935185184,-16.8,-2.37126296296297));
#9136=VECTOR('',#11194,1.0);
#9137=COLOUR_RGB('',0.431372553110123,0.862745106220245,0.549019634723663);
#9138=CARTESIAN_POINT('',(3.24993935185184,-18.8,-2.37126296296297));
#9139=VECTOR('',#11195,1.0);
#9140=COLOUR_RGB('',0.431372553110123,0.862745106220245,0.549019634723663);
#9141=COLOUR_RGB('',0.431372553110123,0.862745106220245,0.549019634723663);
#9142=CARTESIAN_POINT('',(2.56020000000007,-12.5,2.04999999999998));
#9143=CARTESIAN_POINT('',(7.55255000000002,-12.5,2.04999999999998));
#9144=VECTOR('',#11196,1.0);
#9145=CARTESIAN_POINT('',(2.56020000000007,-19.1,2.04999999999998));
#9146=CARTESIAN_POINT('',(2.56020000000007,-19.1,2.04999999999998));
#9147=VECTOR('',#11197,1.0);
#9148=CARTESIAN_POINT('',(2.56020000000007,-12.3,2.04999999999998));
#9149=VECTOR('',#11198,1.0);
#9150=COLOUR_RGB('',0.431372553110123,0.862745106220245,0.549019634723663);
#9151=CARTESIAN_POINT('',(4.43980000000002,-12.5,2.04999999999998));
#9152=AXIS2_PLACEMENT_3D('',#11199,#11200,#11201);
#9153=CARTESIAN_POINT('',(4.43980000000002,-19.1,2.04999999999998));
#9154=AXIS2_PLACEMENT_3D('',#11202,#11203,#11204);
#9155=CARTESIAN_POINT('',(4.43980000000002,-12.3,2.04999999999998));
#9156=VECTOR('',#11205,1.0);
#9157=COLOUR_RGB('',0.431372553110123,0.862745106220245,0.549019634723663);
#9158=CARTESIAN_POINT('',(8.74745,-12.5,2.04999999999998));
#9159=VECTOR('',#11206,1.0);
#9160=CARTESIAN_POINT('',(4.95,-19.1,2.04999999999998));
#9161=VECTOR('',#11207,1.0);
#9162=COLOUR_RGB('',0.431372553110123,0.862745106220245,0.549019634723663);
#9163=COLOUR_RGB('',0.431372553110123,0.862745106220245,0.549019634723663);
#9164=CARTESIAN_POINT('',(-1.45,-12.5,-2.05000000000003));
#9165=CARTESIAN_POINT('',(-1.45,-12.5,2.04999999999998));
#9166=CARTESIAN_POINT('',(-1.45,-12.5,-1.15463194561016E-14));
#9167=VECTOR('',#11208,1.0);
#9168=CARTESIAN_POINT('',(-1.45,-19.1,-2.05000000000003));
#9169=CARTESIAN_POINT('',(-1.45,-12.3,-2.05000000000003));
#9170=VECTOR('',#11209,1.0);
#9171=CARTESIAN_POINT('',(-1.45,-19.1,2.04999999999998));
#9172=CARTESIAN_POINT('',(-1.45,-19.1,-2.05000000000003));
#9173=VECTOR('',#11210,1.0);
#9174=CARTESIAN_POINT('',(-1.45,-12.3,2.04999999999998));
#9175=VECTOR('',#11211,1.0);
#9176=COLOUR_RGB('',0.431372553110123,0.862745106220245,0.549019634723663);
#9177=CARTESIAN_POINT('',(1.45,-12.5,-2.04999999999997));
#9178=CARTESIAN_POINT('',(6.40000000000002,-12.5,-2.04999999999988));
#9179=VECTOR('',#11212,1.0);
#9180=CARTESIAN_POINT('',(1.45,-19.1,-2.04999999999997));
#9181=CARTESIAN_POINT('',(1.45,-12.3,-2.04999999999997));
#9182=VECTOR('',#11213,1.0);
#9183=CARTESIAN_POINT('',(1.45,-19.1,-2.04999999999997));
#9184=VECTOR('',#11214,1.0);
#9185=CARTESIAN_POINT('',(0.249943055555544,-18.8,-2.05));
#9186=CARTESIAN_POINT('',(0.249943055555544,-16.8,-2.05));
#9187=CARTESIAN_POINT('',(0.249943055555544,-14.55,-2.05));
#9188=VECTOR('',#11215,1.0);
#9189=CARTESIAN_POINT('',(-0.250060648148164,-16.8,-2.05000000000001));
#9190=CARTESIAN_POINT('',(-9.0547500279925E-06,-16.8,-2.05));
#9191=VECTOR('',#11216,1.0);
#9192=CARTESIAN_POINT('',(-0.250060648148164,-18.8,-2.05000000000001));
#9193=CARTESIAN_POINT('',(-0.250060648148164,-14.55,-2.05000000000001));
#9194=VECTOR('',#11217,1.0);
#9195=CARTESIAN_POINT('',(-9.0547500279925E-06,-18.8,-2.05));
#9196=VECTOR('',#11218,1.0);
#9197=COLOUR_RGB('',0.431372553110123,0.862745106220245,0.549019634723663);
#9198=CARTESIAN_POINT('',(1.45,-12.5,2.04999999999998));
#9199=CARTESIAN_POINT('',(1.45,-12.5,2.66453525910038E-15));
#9200=VECTOR('',#11219,1.0);
#9201=CARTESIAN_POINT('',(1.45,-19.1,2.04999999999998));
#9202=CARTESIAN_POINT('',(1.45,-12.3,2.04999999999998));
#9203=VECTOR('',#11220,1.0);
#9204=CARTESIAN_POINT('',(1.45,-19.1,-2.04999999999997));
#9205=VECTOR('',#11221,1.0);
#9206=COLOUR_RGB('',0.431372553110123,0.862745106220245,0.549019634723663);
#9207=CARTESIAN_POINT('',(0.249943055555544,-16.8,-2.37126296296297));
#9208=CARTESIAN_POINT('',(0.249943055555544,-16.8,-1.85));
#9209=VECTOR('',#11222,1.0);
#9210=CARTESIAN_POINT('',(0.399991203703705,-16.8,-2.55000370370371));
#9211=CARTESIAN_POINT('',(0.249943055555544,-16.8,-2.37126296296297));
#9212=VECTOR('',#11223,0.999999999999999);
#9213=CARTESIAN_POINT('',(0.399991203703705,-16.8,-3.35));
#9214=CARTESIAN_POINT('',(0.399991203703705,-16.8,-2.55000370370371));
#9215=VECTOR('',#11224,1.0);
#9216=CARTESIAN_POINT('',(-0.399991203703704,-16.8,-3.35));
#9217=CARTESIAN_POINT('',(-0.399991203703704,-16.8,-3.35));
#9218=VECTOR('',#11225,1.0);
#9219=CARTESIAN_POINT('',(-0.399991203703704,-16.8,-2.55000370370371));
#9220=CARTESIAN_POINT('',(-0.399991203703704,-16.8,-3.35));
#9221=VECTOR('',#11226,1.0);
#9222=CARTESIAN_POINT('',(-0.250060648148164,-16.8,-2.37126296296297));
#9223=CARTESIAN_POINT('',(-0.399991203703704,-16.8,-2.55000370370371));
#9224=VECTOR('',#11227,1.0);
#9225=CARTESIAN_POINT('',(-0.250060648148164,-16.8,-2.37126296296297));
#9226=VECTOR('',#11228,1.0);
#9227=COLOUR_RGB('',0.431372553110123,0.862745106220245,0.549019634723663);
#9228=CARTESIAN_POINT('',(0.249943055555544,-18.8,-2.37126296296297));
#9229=CARTESIAN_POINT('',(0.249943055555544,-18.8,-1.85));
#9230=VECTOR('',#11229,1.0);
#9231=CARTESIAN_POINT('',(0.249943055555544,-16.8,-2.37126296296297));
#9232=VECTOR('',#11230,1.0);
#9233=COLOUR_RGB('',0.431372553110123,0.862745106220245,0.549019634723663);
#9234=CARTESIAN_POINT('',(0.399991203703705,-18.8,-2.55000370370371));
#9235=CARTESIAN_POINT('',(0.249943055555544,-18.8,-2.37126296296297));
#9236=VECTOR('',#11231,0.999999999999999);
#9237=CARTESIAN_POINT('',(0.399991203703705,-16.8,-2.55000370370371));
#9238=VECTOR('',#11232,1.0);
#9239=COLOUR_RGB('',0.431372553110123,0.862745106220245,0.549019634723663);
#9240=CARTESIAN_POINT('',(0.399991203703705,-18.8,-3.35));
#9241=CARTESIAN_POINT('',(0.399991203703705,-18.8,-2.55000370370371));
#9242=VECTOR('',#11233,1.0);
#9243=CARTESIAN_POINT('',(0.399991203703705,-16.8,-3.35));
#9244=VECTOR('',#11234,1.0);
#9245=COLOUR_RGB('',0.431372553110123,0.862745106220245,0.549019634723663);
#9246=CARTESIAN_POINT('',(-0.399991203703704,-18.8,-3.35));
#9247=CARTESIAN_POINT('',(-0.399991203703704,-18.8,-3.35));
#9248=VECTOR('',#11235,1.0);
#9249=CARTESIAN_POINT('',(-0.399991203703704,-16.8,-3.35));
#9250=VECTOR('',#11236,1.0);
#9251=COLOUR_RGB('',0.431372553110123,0.862745106220245,0.549019634723663);
#9252=CARTESIAN_POINT('',(-0.399991203703704,-18.8,-2.55000370370371));
#9253=CARTESIAN_POINT('',(-0.399991203703704,-18.8,-3.35));
#9254=VECTOR('',#11237,1.0);
#9255=CARTESIAN_POINT('',(-0.399991203703704,-16.8,-2.55000370370371));
#9256=VECTOR('',#11238,1.0);
#9257=COLOUR_RGB('',0.431372553110123,0.862745106220245,0.549019634723663);
#9258=CARTESIAN_POINT('',(-0.250060648148164,-18.8,-2.37126296296297));
#9259=CARTESIAN_POINT('',(-0.399991203703704,-18.8,-2.55000370370371));
#9260=VECTOR('',#11239,1.0);
#9261=CARTESIAN_POINT('',(-0.250060648148164,-16.8,-2.37126296296297));
#9262=VECTOR('',#11240,1.0);
#9263=COLOUR_RGB('',0.431372553110123,0.862745106220245,0.549019634723663);
#9264=CARTESIAN_POINT('',(-0.250060648148164,-18.8,-2.37126296296297));
#9265=VECTOR('',#11241,1.0);
#9266=COLOUR_RGB('',0.431372553110123,0.862745106220245,0.549019634723663);
#9267=COLOUR_RGB('',0.431372553110123,0.862745106220245,0.549019634723663);
#9268=CARTESIAN_POINT('',(-0.939799999999929,-12.5,2.04999999999998));
#9269=CARTESIAN_POINT('',(5.80255000000002,-12.5,2.04999999999998));
#9270=VECTOR('',#11242,1.0);
#9271=CARTESIAN_POINT('',(-0.939799999999929,-19.1,2.04999999999998));
#9272=CARTESIAN_POINT('',(-0.939799999999929,-19.1,2.04999999999998));
#9273=VECTOR('',#11243,1.0);
#9274=CARTESIAN_POINT('',(-0.939799999999929,-12.3,2.04999999999998));
#9275=VECTOR('',#11244,1.0);
#9276=COLOUR_RGB('',0.431372553110123,0.862745106220245,0.549019634723663);
#9277=CARTESIAN_POINT('',(0.939800000000021,-12.5,2.04999999999998));
#9278=AXIS2_PLACEMENT_3D('',#11245,#11246,#11247);
#9279=CARTESIAN_POINT('',(0.939800000000021,-19.1,2.04999999999998));
#9280=AXIS2_PLACEMENT_3D('',#11248,#11249,#11250);
#9281=CARTESIAN_POINT('',(0.939800000000021,-12.3,2.04999999999998));
#9282=VECTOR('',#11251,1.0);
#9283=COLOUR_RGB('',0.431372553110123,0.862745106220245,0.549019634723663);
#9284=CARTESIAN_POINT('',(6.99745000000001,-12.5,2.04999999999998));
#9285=VECTOR('',#11252,1.0);
#9286=CARTESIAN_POINT('',(1.45,-19.1,2.04999999999998));
#9287=VECTOR('',#11253,1.0);
#9288=COLOUR_RGB('',0.431372553110123,0.862745106220245,0.549019634723663);
#9289=COLOUR_RGB('',0.431372553110123,0.862745106220245,0.549019634723663);
#9290=CARTESIAN_POINT('',(9.75,-12.5,-4.49997129629633));
#9291=CARTESIAN_POINT('',(11.25,-12.5,-4.49997129629633));
#9292=CARTESIAN_POINT('',(12.025,-12.5,-4.49997129629633));
#9293=VECTOR('',#11254,1.0);
#9294=CARTESIAN_POINT('',(9.75,-11.9999962962963,-4.49997129629633));
#9295=CARTESIAN_POINT('',(9.75,-11.9999962962963,-4.49997129629633));
#9296=VECTOR('',#11255,1.0);
#9297=CARTESIAN_POINT('',(11.25,-11.9999962962963,-4.49997129629633));
#9298=CARTESIAN_POINT('',(11.25,-11.9999962962963,-4.49997129629633));
#9299=VECTOR('',#11256,1.0);
#9300=CARTESIAN_POINT('',(11.25,-11.9999962962963,-4.49997129629633));
#9301=VECTOR('',#11257,1.0);
#9302=COLOUR_RGB('',0.431372553110123,0.862745106220245,0.549019634723663);
#9303=CARTESIAN_POINT('',(11.25,-12.5,-5.2));
#9304=CARTESIAN_POINT('',(11.25,-12.5,-2.42263794019629));
#9305=VECTOR('',#11258,1.0);
#9306=CARTESIAN_POINT('',(11.25,-11.9999962962963,-3.90001388888888));
#9307=CARTESIAN_POINT('',(11.25,-11.9999962962963,-3.90001388888888));
#9308=VECTOR('',#11259,1.0);
#9309=CARTESIAN_POINT('',(11.25,-11.8499481481482,-3.90001388888888));
#9310=CARTESIAN_POINT('',(11.25,-11.8499481481482,-3.90001388888888));
#9311=VECTOR('',#11260,1.0);
#9312=CARTESIAN_POINT('',(11.25,-11.8499481481482,-4.29994629629628));
#9313=CARTESIAN_POINT('',(11.25,-11.8499481481482,-4.29994629629628));
#9314=VECTOR('',#11261,1.0);
#9315=CARTESIAN_POINT('',(11.25,-11.0499657407408,-4.84992685185188));
#9316=CARTESIAN_POINT('',(11.25,-11.0499657407408,-4.84992685185188));
#9317=VECTOR('',#11262,0.999999999999999);
#9318=CARTESIAN_POINT('',(11.25,-10.7499870370371,-4.84992685185188));
#9319=CARTESIAN_POINT('',(11.25,-10.7499870370371,-4.84992685185188));
#9320=VECTOR('',#11263,1.0);
#9321=CARTESIAN_POINT('',(11.25,-10.7499870370371,-5.2));
#9322=CARTESIAN_POINT('',(11.25,-10.7499870370371,-4.84992685185188));
#9323=VECTOR('',#11264,1.0);
#9324=CARTESIAN_POINT('',(11.25,-11.5292401938981,-5.2));
#9325=VECTOR('',#11265,1.0);
#9326=COLOUR_RGB('',0.431372553110123,0.862745106220245,0.549019634723663);
#9327=CARTESIAN_POINT('',(9.75,-11.0499657407408,-4.84992685185188));
#9328=CARTESIAN_POINT('',(9.75,-11.8499481481482,-4.29994629629628));
#9329=CARTESIAN_POINT('',(9.75,-11.0499657407408,-4.84992685185188));
#9330=VECTOR('',#11266,0.999999999999999);
#9331=CARTESIAN_POINT('',(11.25,-11.0499657407408,-4.84992685185188));
#9332=VECTOR('',#11267,1.0);
#9333=CARTESIAN_POINT('',(11.25,-11.8499481481482,-4.29994629629628));
#9334=VECTOR('',#11268,1.0);
#9335=COLOUR_RGB('',0.431372553110123,0.862745106220245,0.549019634723663);
#9336=CARTESIAN_POINT('',(9.75,-11.8499481481482,-3.90001388888888));
#9337=CARTESIAN_POINT('',(9.75,-11.8499481481482,-4.29994629629628));
#9338=VECTOR('',#11269,1.0);
#9339=CARTESIAN_POINT('',(11.25,-11.8499481481482,-3.90001388888888));
#9340=VECTOR('',#11270,1.0);
#9341=COLOUR_RGB('',0.431372553110123,0.862745106220245,0.549019634723663);
#9342=CARTESIAN_POINT('',(9.75,-11.9999962962963,-3.90001388888888));
#9343=CARTESIAN_POINT('',(9.75,-11.8499481481482,-3.90001388888888));
#9344=VECTOR('',#11271,1.0);
#9345=CARTESIAN_POINT('',(11.25,-11.9999962962963,-3.90001388888888));
#9346=VECTOR('',#11272,1.0);
#9347=COLOUR_RGB('',0.431372553110123,0.862745106220245,0.549019634723663);
#9348=CARTESIAN_POINT('',(9.75,-11.9999962962963,-3.90001388888888));
#9349=VECTOR('',#11273,1.0);
#9350=COLOUR_RGB('',0.431372553110123,0.862745106220245,0.549019634723663);
#9351=CARTESIAN_POINT('',(9.75,-10.7499870370371,-5.2));
#9352=CARTESIAN_POINT('',(12.025,-10.7499870370371,-5.2));
#9353=VECTOR('',#11274,1.0);
#9354=CARTESIAN_POINT('',(9.75,-10.7499870370371,-4.84992685185188));
#9355=CARTESIAN_POINT('',(11.25,-10.7499870370371,-4.84992685185188));
#9356=VECTOR('',#11275,1.0);
#9357=CARTESIAN_POINT('',(9.75,-10.7499870370371,-4.84992685185188));
#9358=VECTOR('',#11276,1.0);
#9359=COLOUR_RGB('',0.431372553110123,0.862745106220245,0.549019634723663);
#9360=CARTESIAN_POINT('',(9.75,-10.7499870370371,-4.84992685185188));
#9361=VECTOR('',#11277,1.0);
#9362=COLOUR_RGB('',0.431372553110123,0.862745106220245,0.549019634723663);
#9363=CARTESIAN_POINT('',(9.75,-12.5,-5.2));
#9364=CARTESIAN_POINT('',(9.75,-12.5,-2.42263794019629));
#9365=VECTOR('',#11278,1.0);
#9366=CARTESIAN_POINT('',(9.75,-11.5292401938981,-5.2));
#9367=VECTOR('',#11279,1.0);
#9368=COLOUR_RGB('',0.431372553110123,0.862745106220245,0.549019634723663);
#9369=CARTESIAN_POINT('',(12.8,-12.5,-5.2));
#9370=CARTESIAN_POINT('',(12.8,-12.5,-5.2));
#9371=VECTOR('',#11280,1.0);
#9372=CARTESIAN_POINT('',(12.8,-12.5,5.2));
#9373=CARTESIAN_POINT('',(12.8,-12.5,5.2));
#9374=VECTOR('',#11281,1.0);
#9375=CARTESIAN_POINT('',(11.25,-12.5,5.2));
#9376=CARTESIAN_POINT('',(12.8,-12.5,5.2));
#9377=VECTOR('',#11282,1.0);
#9378=CARTESIAN_POINT('',(11.25,-12.5,4.49997129629633));
#9379=CARTESIAN_POINT('',(11.25,-12.5,2.42263794019629));
#9380=VECTOR('',#11283,1.0);
#9381=CARTESIAN_POINT('',(9.75,-12.5,4.49997129629633));
#9382=CARTESIAN_POINT('',(11.275,-12.5,4.49997129629633));
#9383=VECTOR('',#11284,1.0);
#9384=CARTESIAN_POINT('',(9.75,-12.5,5.2));
#9385=CARTESIAN_POINT('',(9.75,-12.5,2.42263794019629));
#9386=VECTOR('',#11285,1.0);
#9387=CARTESIAN_POINT('',(7.75,-12.5,5.2));
#9388=CARTESIAN_POINT('',(12.8,-12.5,5.2));
#9389=VECTOR('',#11286,1.0);
#9390=CARTESIAN_POINT('',(7.75,-12.5,4.49997129629633));
#9391=CARTESIAN_POINT('',(7.75,-12.5,2.42263794019629));
#9392=VECTOR('',#11287,1.0);
#9393=CARTESIAN_POINT('',(6.25,-12.5,4.49997129629633));
#9394=CARTESIAN_POINT('',(9.525,-12.5,4.49997129629633));
#9395=VECTOR('',#11288,1.0);
#9396=CARTESIAN_POINT('',(6.25,-12.5,5.2));
#9397=CARTESIAN_POINT('',(6.25,-12.5,2.42263794019629));
#9398=VECTOR('',#11289,1.0);
#9399=CARTESIAN_POINT('',(4.25,-12.5,5.2));
#9400=CARTESIAN_POINT('',(12.8,-12.5,5.2));
#9401=VECTOR('',#11290,1.0);
#9402=CARTESIAN_POINT('',(4.25,-12.5,4.49997129629633));
#9403=CARTESIAN_POINT('',(4.25,-12.5,2.42263794019629));
#9404=VECTOR('',#11291,1.0);
#9405=CARTESIAN_POINT('',(2.75,-12.5,4.49997129629633));
#9406=CARTESIAN_POINT('',(7.775,-12.5,4.49997129629633));
#9407=VECTOR('',#11292,1.0);
#9408=CARTESIAN_POINT('',(2.75,-12.5,5.2));
#9409=CARTESIAN_POINT('',(2.75,-12.5,2.42263794019629));
#9410=VECTOR('',#11293,1.0);
#9411=CARTESIAN_POINT('',(0.749999999999999,-12.5,5.2));
#9412=CARTESIAN_POINT('',(12.8,-12.5,5.2));
#9413=VECTOR('',#11294,1.0);
#9414=CARTESIAN_POINT('',(0.75,-12.5,4.49997129629633));
#9415=CARTESIAN_POINT('',(0.749999999999999,-12.5,2.42263794019629));
#9416=VECTOR('',#11295,1.0);
#9417=CARTESIAN_POINT('',(-0.75,-12.5,4.49997129629633));
#9418=CARTESIAN_POINT('',(6.025,-12.5,4.49997129629633));
#9419=VECTOR('',#11296,1.0);
#9420=CARTESIAN_POINT('',(-0.750000000000001,-12.5,5.2));
#9421=CARTESIAN_POINT('',(-0.750000000000001,-12.5,2.42263794019629));
#9422=VECTOR('',#11297,1.0);
#9423=CARTESIAN_POINT('',(-2.3,-12.5,5.2));
#9424=CARTESIAN_POINT('',(12.8,-12.5,5.2));
#9425=VECTOR('',#11298,1.0);
#9426=CARTESIAN_POINT('',(-2.3,-12.5,-5.2));
#9427=CARTESIAN_POINT('',(-2.3,-12.5,5.2));
#9428=VECTOR('',#11299,1.0);
#9429=CARTESIAN_POINT('',(-0.749999999999999,-12.5,-5.2));
#9430=CARTESIAN_POINT('',(12.8,-12.5,-5.2));
#9431=VECTOR('',#11300,1.0);
#9432=CARTESIAN_POINT('',(-0.749999999999999,-12.5,-4.49997129629633));
#9433=CARTESIAN_POINT('',(-0.749999999999999,-12.5,-2.42263794019629));
#9434=VECTOR('',#11301,1.0);
#9435=CARTESIAN_POINT('',(0.750000000000001,-12.5,-4.49997129629633));
#9436=CARTESIAN_POINT('',(6.775,-12.5,-4.49997129629633));
#9437=VECTOR('',#11302,1.0);
#9438=CARTESIAN_POINT('',(0.750000000000001,-12.5,-5.2));
#9439=CARTESIAN_POINT('',(0.750000000000001,-12.5,-2.42263794019629));
#9440=VECTOR('',#11303,1.0);
#9441=CARTESIAN_POINT('',(2.75,-12.5,-5.2));
#9442=CARTESIAN_POINT('',(12.8,-12.5,-5.2));
#9443=VECTOR('',#11304,1.0);
#9444=CARTESIAN_POINT('',(2.75,-12.5,-4.49997129629633));
#9445=CARTESIAN_POINT('',(2.75,-12.5,-2.42263794019629));
#9446=VECTOR('',#11305,1.0);
#9447=CARTESIAN_POINT('',(4.25,-12.5,-4.49997129629633));
#9448=CARTESIAN_POINT('',(8.525,-12.5,-4.49997129629633));
#9449=VECTOR('',#11306,1.0);
#9450=CARTESIAN_POINT('',(4.25,-12.5,-5.2));
#9451=CARTESIAN_POINT('',(4.25,-12.5,-2.42263794019629));
#9452=VECTOR('',#11307,1.0);
#9453=CARTESIAN_POINT('',(6.25,-12.5,-5.2));
#9454=CARTESIAN_POINT('',(12.8,-12.5,-5.2));
#9455=VECTOR('',#11308,1.0);
#9456=CARTESIAN_POINT('',(6.25,-12.5,-4.49997129629633));
#9457=CARTESIAN_POINT('',(6.25,-12.5,-2.42263794019629));
#9458=VECTOR('',#11309,1.0);
#9459=CARTESIAN_POINT('',(7.75,-12.5,-4.49997129629633));
#9460=CARTESIAN_POINT('',(10.275,-12.5,-4.49997129629633));
#9461=VECTOR('',#11310,1.0);
#9462=CARTESIAN_POINT('',(7.75,-12.5,-5.2));
#9463=CARTESIAN_POINT('',(7.75,-12.5,-2.42263794019629));
#9464=VECTOR('',#11311,1.0);
#9465=CARTESIAN_POINT('',(12.8,-12.5,-5.2));
#9466=VECTOR('',#11312,1.0);
#9467=COLOUR_RGB('',0.431372553110123,0.862745106220245,0.549019634723663);
#9468=CARTESIAN_POINT('',(6.25,-11.9999962962963,-4.49997129629633));
#9469=CARTESIAN_POINT('',(6.25,-11.9999962962963,-4.49997129629633));
#9470=VECTOR('',#11313,1.0);
#9471=CARTESIAN_POINT('',(7.75,-11.9999962962963,-4.49997129629633));
#9472=CARTESIAN_POINT('',(7.75,-11.9999962962963,-4.49997129629633));
#9473=VECTOR('',#11314,1.0);
#9474=CARTESIAN_POINT('',(7.75,-11.9999962962963,-4.49997129629633));
#9475=VECTOR('',#11315,1.0);
#9476=COLOUR_RGB('',0.431372553110123,0.862745106220245,0.549019634723663);
#9477=CARTESIAN_POINT('',(7.75,-11.9999962962963,-3.90001388888888));
#9478=CARTESIAN_POINT('',(7.75,-11.9999962962963,-3.90001388888888));
#9479=VECTOR('',#11316,1.0);
#9480=CARTESIAN_POINT('',(7.75,-11.8499481481482,-3.90001388888888));
#9481=CARTESIAN_POINT('',(7.75,-11.8499481481482,-3.90001388888888));
#9482=VECTOR('',#11317,1.0);
#9483=CARTESIAN_POINT('',(7.75,-11.8499481481482,-4.29994629629628));
#9484=CARTESIAN_POINT('',(7.75,-11.8499481481482,-4.29994629629628));
#9485=VECTOR('',#11318,1.0);
#9486=CARTESIAN_POINT('',(7.75,-11.0499657407408,-4.84992685185188));
#9487=CARTESIAN_POINT('',(7.75,-11.0499657407408,-4.84992685185188));
#9488=VECTOR('',#11319,0.999999999999999);
#9489=CARTESIAN_POINT('',(7.75,-10.7499870370371,-4.84992685185188));
#9490=CARTESIAN_POINT('',(7.75,-10.7499870370371,-4.84992685185188));
#9491=VECTOR('',#11320,1.0);
#9492=CARTESIAN_POINT('',(7.75,-10.7499870370371,-5.2));
#9493=CARTESIAN_POINT('',(7.75,-10.7499870370371,-4.84992685185188));
#9494=VECTOR('',#11321,1.0);
#9495=CARTESIAN_POINT('',(7.75,-11.5292401938981,-5.2));
#9496=VECTOR('',#11322,1.0);
#9497=COLOUR_RGB('',0.431372553110123,0.862745106220245,0.549019634723663);
#9498=CARTESIAN_POINT('',(6.25,-11.0499657407408,-4.84992685185188));
#9499=CARTESIAN_POINT('',(6.25,-11.8499481481482,-4.29994629629628));
#9500=CARTESIAN_POINT('',(6.25,-11.0499657407408,-4.84992685185188));
#9501=VECTOR('',#11323,0.999999999999999);
#9502=CARTESIAN_POINT('',(7.75,-11.0499657407408,-4.84992685185188));
#9503=VECTOR('',#11324,1.0);
#9504=CARTESIAN_POINT('',(7.75,-11.8499481481482,-4.29994629629628));
#9505=VECTOR('',#11325,1.0);
#9506=COLOUR_RGB('',0.431372553110123,0.862745106220245,0.549019634723663);
#9507=CARTESIAN_POINT('',(6.25,-11.8499481481482,-3.90001388888888));
#9508=CARTESIAN_POINT('',(6.25,-11.8499481481482,-4.29994629629628));
#9509=VECTOR('',#11326,1.0);
#9510=CARTESIAN_POINT('',(7.75,-11.8499481481482,-3.90001388888888));
#9511=VECTOR('',#11327,1.0);
#9512=COLOUR_RGB('',0.431372553110123,0.862745106220245,0.549019634723663);
#9513=CARTESIAN_POINT('',(6.25,-11.9999962962963,-3.90001388888888));
#9514=CARTESIAN_POINT('',(6.25,-11.8499481481482,-3.90001388888888));
#9515=VECTOR('',#11328,1.0);
#9516=CARTESIAN_POINT('',(7.75,-11.9999962962963,-3.90001388888888));
#9517=VECTOR('',#11329,1.0);
#9518=COLOUR_RGB('',0.431372553110123,0.862745106220245,0.549019634723663);
#9519=CARTESIAN_POINT('',(6.25,-11.9999962962963,-3.90001388888888));
#9520=VECTOR('',#11330,1.0);
#9521=COLOUR_RGB('',0.431372553110123,0.862745106220245,0.549019634723663);
#9522=CARTESIAN_POINT('',(6.25,-10.7499870370371,-5.2));
#9523=CARTESIAN_POINT('',(10.275,-10.7499870370371,-5.2));
#9524=VECTOR('',#11331,1.0);
#9525=CARTESIAN_POINT('',(6.25,-10.7499870370371,-4.84992685185188));
#9526=CARTESIAN_POINT('',(7.75,-10.7499870370371,-4.84992685185188));
#9527=VECTOR('',#11332,1.0);
#9528=CARTESIAN_POINT('',(6.25,-10.7499870370371,-4.84992685185188));
#9529=VECTOR('',#11333,1.0);
#9530=COLOUR_RGB('',0.431372553110123,0.862745106220245,0.549019634723663);
#9531=CARTESIAN_POINT('',(6.25,-10.7499870370371,-4.84992685185188));
#9532=VECTOR('',#11334,1.0);
#9533=COLOUR_RGB('',0.431372553110123,0.862745106220245,0.549019634723663);
#9534=CARTESIAN_POINT('',(6.25,-11.5292401938981,-5.2));
#9535=VECTOR('',#11335,1.0);
#9536=COLOUR_RGB('',0.431372553110123,0.862745106220245,0.549019634723663);
#9537=CARTESIAN_POINT('',(2.75,-11.9999962962963,-4.49997129629633));
#9538=CARTESIAN_POINT('',(2.75,-11.9999962962963,-4.49997129629633));
#9539=VECTOR('',#11336,1.0);
#9540=CARTESIAN_POINT('',(4.25,-11.9999962962963,-4.49997129629633));
#9541=CARTESIAN_POINT('',(4.25,-11.9999962962963,-4.49997129629633));
#9542=VECTOR('',#11337,1.0);
#9543=CARTESIAN_POINT('',(4.25,-11.9999962962963,-4.49997129629633));
#9544=VECTOR('',#11338,1.0);
#9545=COLOUR_RGB('',0.431372553110123,0.862745106220245,0.549019634723663);
#9546=CARTESIAN_POINT('',(4.25,-11.9999962962963,-3.90001388888888));
#9547=CARTESIAN_POINT('',(4.25,-11.9999962962963,-3.90001388888888));
#9548=VECTOR('',#11339,1.0);
#9549=CARTESIAN_POINT('',(4.25,-11.8499481481482,-3.90001388888888));
#9550=CARTESIAN_POINT('',(4.25,-11.8499481481482,-3.90001388888888));
#9551=VECTOR('',#11340,1.0);
#9552=CARTESIAN_POINT('',(4.25,-11.8499481481482,-4.29994629629628));
#9553=CARTESIAN_POINT('',(4.25,-11.8499481481482,-4.29994629629628));
#9554=VECTOR('',#11341,1.0);
#9555=CARTESIAN_POINT('',(4.25,-11.0499657407408,-4.84992685185188));
#9556=CARTESIAN_POINT('',(4.25,-11.0499657407408,-4.84992685185188));
#9557=VECTOR('',#11342,0.999999999999999);
#9558=CARTESIAN_POINT('',(4.25,-10.7499870370371,-4.84992685185188));
#9559=CARTESIAN_POINT('',(4.25,-10.7499870370371,-4.84992685185188));
#9560=VECTOR('',#11343,1.0);
#9561=CARTESIAN_POINT('',(4.25,-10.7499870370371,-5.2));
#9562=CARTESIAN_POINT('',(4.25,-10.7499870370371,-4.84992685185188));
#9563=VECTOR('',#11344,1.0);
#9564=CARTESIAN_POINT('',(4.25,-11.5292401938981,-5.2));
#9565=VECTOR('',#11345,1.0);
#9566=COLOUR_RGB('',0.431372553110123,0.862745106220245,0.549019634723663);
#9567=CARTESIAN_POINT('',(2.75,-11.0499657407408,-4.84992685185188));
#9568=CARTESIAN_POINT('',(2.75,-11.8499481481482,-4.29994629629628));
#9569=CARTESIAN_POINT('',(2.75,-11.0499657407408,-4.84992685185188));
#9570=VECTOR('',#11346,0.999999999999999);
#9571=CARTESIAN_POINT('',(4.25,-11.0499657407408,-4.84992685185188));
#9572=VECTOR('',#11347,1.0);
#9573=CARTESIAN_POINT('',(4.25,-11.8499481481482,-4.29994629629628));
#9574=VECTOR('',#11348,1.0);
#9575=COLOUR_RGB('',0.431372553110123,0.862745106220245,0.549019634723663);
#9576=CARTESIAN_POINT('',(2.75,-11.8499481481482,-3.90001388888888));
#9577=CARTESIAN_POINT('',(2.75,-11.8499481481482,-4.29994629629628));
#9578=VECTOR('',#11349,1.0);
#9579=CARTESIAN_POINT('',(4.25,-11.8499481481482,-3.90001388888888));
#9580=VECTOR('',#11350,1.0);
#9581=COLOUR_RGB('',0.431372553110123,0.862745106220245,0.549019634723663);
#9582=CARTESIAN_POINT('',(2.75,-11.9999962962963,-3.90001388888888));
#9583=CARTESIAN_POINT('',(2.75,-11.8499481481482,-3.90001388888888));
#9584=VECTOR('',#11351,1.0);
#9585=CARTESIAN_POINT('',(4.25,-11.9999962962963,-3.90001388888888));
#9586=VECTOR('',#11352,1.0);
#9587=COLOUR_RGB('',0.431372553110123,0.862745106220245,0.549019634723663);
#9588=CARTESIAN_POINT('',(2.75,-11.9999962962963,-3.90001388888888));
#9589=VECTOR('',#11353,1.0);
#9590=COLOUR_RGB('',0.431372553110123,0.862745106220245,0.549019634723663);
#9591=CARTESIAN_POINT('',(2.75,-10.7499870370371,-5.2));
#9592=CARTESIAN_POINT('',(8.525,-10.7499870370371,-5.2));
#9593=VECTOR('',#11354,1.0);
#9594=CARTESIAN_POINT('',(2.75,-10.7499870370371,-4.84992685185188));
#9595=CARTESIAN_POINT('',(4.25,-10.7499870370371,-4.84992685185188));
#9596=VECTOR('',#11355,1.0);
#9597=CARTESIAN_POINT('',(2.75,-10.7499870370371,-4.84992685185188));
#9598=VECTOR('',#11356,1.0);
#9599=COLOUR_RGB('',0.431372553110123,0.862745106220245,0.549019634723663);
#9600=CARTESIAN_POINT('',(2.75,-10.7499870370371,-4.84992685185188));
#9601=VECTOR('',#11357,1.0);
#9602=COLOUR_RGB('',0.431372553110123,0.862745106220245,0.549019634723663);
#9603=CARTESIAN_POINT('',(2.75,-11.5292401938981,-5.2));
#9604=VECTOR('',#11358,1.0);
#9605=COLOUR_RGB('',0.431372553110123,0.862745106220245,0.549019634723663);
#9606=CARTESIAN_POINT('',(-0.749999999999999,-11.9999962962963,-4.49997129629633));
#9607=CARTESIAN_POINT('',(-0.749999999999999,-11.9999962962963,-4.49997129629633));
#9608=VECTOR('',#11359,1.0);
#9609=CARTESIAN_POINT('',(0.750000000000001,-11.9999962962963,-4.49997129629633));
#9610=CARTESIAN_POINT('',(0.750000000000001,-11.9999962962963,-4.49997129629633));
#9611=VECTOR('',#11360,1.0);
#9612=CARTESIAN_POINT('',(0.750000000000001,-11.9999962962963,-4.49997129629633));
#9613=VECTOR('',#11361,1.0);
#9614=COLOUR_RGB('',0.431372553110123,0.862745106220245,0.549019634723663);
#9615=CARTESIAN_POINT('',(0.750000000000001,-11.9999962962963,-3.90001388888888));
#9616=CARTESIAN_POINT('',(0.750000000000001,-11.9999962962963,-3.90001388888888));
#9617=VECTOR('',#11362,1.0);
#9618=CARTESIAN_POINT('',(0.750000000000001,-11.8499481481482,-3.90001388888888));
#9619=CARTESIAN_POINT('',(0.750000000000001,-11.8499481481482,-3.90001388888888));
#9620=VECTOR('',#11363,1.0);
#9621=CARTESIAN_POINT('',(0.750000000000001,-11.8499481481482,-4.29994629629628));
#9622=CARTESIAN_POINT('',(0.750000000000001,-11.8499481481482,-4.29994629629628));
#9623=VECTOR('',#11364,1.0);
#9624=CARTESIAN_POINT('',(0.750000000000001,-11.0499657407408,-4.84992685185188));
#9625=CARTESIAN_POINT('',(0.750000000000001,-11.0499657407408,-4.84992685185188));
#9626=VECTOR('',#11365,0.999999999999999);
#9627=CARTESIAN_POINT('',(0.750000000000001,-10.7499870370371,-4.84992685185188));
#9628=CARTESIAN_POINT('',(0.750000000000001,-10.7499870370371,-4.84992685185188));
#9629=VECTOR('',#11366,1.0);
#9630=CARTESIAN_POINT('',(0.750000000000001,-10.7499870370371,-5.2));
#9631=CARTESIAN_POINT('',(0.750000000000001,-10.7499870370371,-4.84992685185188));
#9632=VECTOR('',#11367,1.0);
#9633=CARTESIAN_POINT('',(0.750000000000002,-11.5292401938981,-5.2));
#9634=VECTOR('',#11368,1.0);
#9635=COLOUR_RGB('',0.431372553110123,0.862745106220245,0.549019634723663);
#9636=CARTESIAN_POINT('',(-0.749999999999999,-11.0499657407408,-4.84992685185188));
#9637=CARTESIAN_POINT('',(-0.749999999999999,-11.8499481481482,-4.29994629629628));
#9638=CARTESIAN_POINT('',(-0.749999999999999,-11.0499657407408,-4.84992685185188));
#9639=VECTOR('',#11369,0.999999999999999);
#9640=CARTESIAN_POINT('',(0.750000000000001,-11.0499657407408,-4.84992685185188));
#9641=VECTOR('',#11370,1.0);
#9642=CARTESIAN_POINT('',(0.750000000000001,-11.8499481481482,-4.29994629629628));
#9643=VECTOR('',#11371,1.0);
#9644=COLOUR_RGB('',0.431372553110123,0.862745106220245,0.549019634723663);
#9645=CARTESIAN_POINT('',(-0.749999999999999,-11.8499481481482,-3.90001388888888));
#9646=CARTESIAN_POINT('',(-0.749999999999999,-11.8499481481482,-4.29994629629628));
#9647=VECTOR('',#11372,1.0);
#9648=CARTESIAN_POINT('',(0.750000000000001,-11.8499481481482,-3.90001388888888));
#9649=VECTOR('',#11373,1.0);
#9650=COLOUR_RGB('',0.431372553110123,0.862745106220245,0.549019634723663);
#9651=CARTESIAN_POINT('',(-0.749999999999999,-11.9999962962963,-3.90001388888888));
#9652=CARTESIAN_POINT('',(-0.749999999999999,-11.8499481481482,-3.90001388888888));
#9653=VECTOR('',#11374,1.0);
#9654=CARTESIAN_POINT('',(0.750000000000001,-11.9999962962963,-3.90001388888888));
#9655=VECTOR('',#11375,1.0);
#9656=COLOUR_RGB('',0.431372553110123,0.862745106220245,0.549019634723663);
#9657=CARTESIAN_POINT('',(-0.749999999999999,-11.9999962962963,-3.90001388888888));
#9658=VECTOR('',#11376,1.0);
#9659=COLOUR_RGB('',0.431372553110123,0.862745106220245,0.549019634723663);
#9660=CARTESIAN_POINT('',(-0.749999999999999,-10.7499870370371,-5.2));
#9661=CARTESIAN_POINT('',(6.775,-10.7499870370371,-5.2));
#9662=VECTOR('',#11377,1.0);
#9663=CARTESIAN_POINT('',(-0.749999999999999,-10.7499870370371,-4.84992685185188));
#9664=CARTESIAN_POINT('',(0.750000000000001,-10.7499870370371,-4.84992685185188));
#9665=VECTOR('',#11378,1.0);
#9666=CARTESIAN_POINT('',(-0.749999999999999,-10.7499870370371,-4.84992685185188));
#9667=VECTOR('',#11379,1.0);
#9668=COLOUR_RGB('',0.431372553110123,0.862745106220245,0.549019634723663);
#9669=CARTESIAN_POINT('',(-0.749999999999999,-10.7499870370371,-4.84992685185188));
#9670=VECTOR('',#11380,1.0);
#9671=COLOUR_RGB('',0.431372553110123,0.862745106220245,0.549019634723663);
#9672=CARTESIAN_POINT('',(-0.749999999999998,-11.5292401938981,-5.2));
#9673=VECTOR('',#11381,1.0);
#9674=COLOUR_RGB('',0.431372553110123,0.862745106220245,0.549019634723663);
#9675=CARTESIAN_POINT('',(11.25,-11.9999962962963,4.49997129629633));
#9676=CARTESIAN_POINT('',(11.25,-11.9999962962963,4.49997129629633));
#9677=VECTOR('',#11382,1.0);
#9678=CARTESIAN_POINT('',(9.75,-11.9999962962963,4.49997129629633));
#9679=CARTESIAN_POINT('',(9.75,-11.9999962962963,4.49997129629633));
#9680=VECTOR('',#11383,1.0);
#9681=CARTESIAN_POINT('',(9.75,-11.9999962962963,4.49997129629633));
#9682=VECTOR('',#11384,1.0);
#9683=COLOUR_RGB('',0.431372553110123,0.862745106220245,0.549019634723663);
#9684=CARTESIAN_POINT('',(9.75,-11.9999962962963,3.90001388888888));
#9685=CARTESIAN_POINT('',(9.75,-11.9999962962963,3.90001388888888));
#9686=VECTOR('',#11385,1.0);
#9687=CARTESIAN_POINT('',(9.75,-11.8499481481482,3.90001388888888));
#9688=CARTESIAN_POINT('',(9.75,-11.8499481481482,3.90001388888888));
#9689=VECTOR('',#11386,1.0);
#9690=CARTESIAN_POINT('',(9.75,-11.8499481481482,4.29994629629628));
#9691=CARTESIAN_POINT('',(9.75,-11.8499481481482,4.29994629629628));
#9692=VECTOR('',#11387,1.0);
#9693=CARTESIAN_POINT('',(9.75,-11.0499657407408,4.84992685185188));
#9694=CARTESIAN_POINT('',(9.75,-11.0499657407408,4.84992685185188));
#9695=VECTOR('',#11388,0.999999999999999);
#9696=CARTESIAN_POINT('',(9.75,-10.7499870370371,4.84992685185188));
#9697=CARTESIAN_POINT('',(9.75,-10.7499870370371,4.84992685185188));
#9698=VECTOR('',#11389,1.0);
#9699=CARTESIAN_POINT('',(9.75,-10.7499870370371,5.2));
#9700=CARTESIAN_POINT('',(9.75,-10.7499870370371,4.84992685185188));
#9701=VECTOR('',#11390,1.0);
#9702=CARTESIAN_POINT('',(9.75,-11.5292401938981,5.2));
#9703=VECTOR('',#11391,1.0);
#9704=COLOUR_RGB('',0.431372553110123,0.862745106220245,0.549019634723663);
#9705=CARTESIAN_POINT('',(11.25,-11.0499657407408,4.84992685185188));
#9706=CARTESIAN_POINT('',(11.25,-11.8499481481482,4.29994629629628));
#9707=CARTESIAN_POINT('',(11.25,-11.0499657407408,4.84992685185188));
#9708=VECTOR('',#11392,0.999999999999999);
#9709=CARTESIAN_POINT('',(9.75,-11.0499657407408,4.84992685185188));
#9710=VECTOR('',#11393,1.0);
#9711=CARTESIAN_POINT('',(9.75,-11.8499481481482,4.29994629629628));
#9712=VECTOR('',#11394,1.0);
#9713=COLOUR_RGB('',0.431372553110123,0.862745106220245,0.549019634723663);
#9714=CARTESIAN_POINT('',(11.25,-11.8499481481482,3.90001388888888));
#9715=CARTESIAN_POINT('',(11.25,-11.8499481481482,4.29994629629628));
#9716=VECTOR('',#11395,1.0);
#9717=CARTESIAN_POINT('',(9.75,-11.8499481481482,3.90001388888888));
#9718=VECTOR('',#11396,1.0);
#9719=COLOUR_RGB('',0.431372553110123,0.862745106220245,0.549019634723663);
#9720=CARTESIAN_POINT('',(11.25,-11.9999962962963,3.90001388888888));
#9721=CARTESIAN_POINT('',(11.25,-11.8499481481482,3.90001388888888));
#9722=VECTOR('',#11397,1.0);
#9723=CARTESIAN_POINT('',(9.75,-11.9999962962963,3.90001388888888));
#9724=VECTOR('',#11398,1.0);
#9725=COLOUR_RGB('',0.431372553110123,0.862745106220245,0.549019634723663);
#9726=CARTESIAN_POINT('',(11.25,-11.9999962962963,3.90001388888888));
#9727=VECTOR('',#11399,1.0);
#9728=COLOUR_RGB('',0.431372553110123,0.862745106220245,0.549019634723663);
#9729=CARTESIAN_POINT('',(11.25,-10.7499870370371,5.2));
#9730=CARTESIAN_POINT('',(11.275,-10.7499870370371,5.2));
#9731=VECTOR('',#11400,1.0);
#9732=CARTESIAN_POINT('',(11.25,-10.7499870370371,4.84992685185188));
#9733=CARTESIAN_POINT('',(9.75,-10.7499870370371,4.84992685185188));
#9734=VECTOR('',#11401,1.0);
#9735=CARTESIAN_POINT('',(11.25,-10.7499870370371,4.84992685185188));
#9736=VECTOR('',#11402,1.0);
#9737=COLOUR_RGB('',0.431372553110123,0.862745106220245,0.549019634723663);
#9738=CARTESIAN_POINT('',(11.25,-10.7499870370371,4.84992685185188));
#9739=VECTOR('',#11403,1.0);
#9740=COLOUR_RGB('',0.431372553110123,0.862745106220245,0.549019634723663);
#9741=CARTESIAN_POINT('',(11.25,-11.5292401938981,5.2));
#9742=VECTOR('',#11404,1.0);
#9743=COLOUR_RGB('',0.431372553110123,0.862745106220245,0.549019634723663);
#9744=CARTESIAN_POINT('',(7.75,-11.9999962962963,4.49997129629633));
#9745=CARTESIAN_POINT('',(7.75,-11.9999962962963,4.49997129629633));
#9746=VECTOR('',#11405,1.0);
#9747=CARTESIAN_POINT('',(6.25,-11.9999962962963,4.49997129629633));
#9748=CARTESIAN_POINT('',(6.25,-11.9999962962963,4.49997129629633));
#9749=VECTOR('',#11406,1.0);
#9750=CARTESIAN_POINT('',(6.25,-11.9999962962963,4.49997129629633));
#9751=VECTOR('',#11407,1.0);
#9752=COLOUR_RGB('',0.431372553110123,0.862745106220245,0.549019634723663);
#9753=CARTESIAN_POINT('',(6.25,-11.9999962962963,3.90001388888888));
#9754=CARTESIAN_POINT('',(6.25,-11.9999962962963,3.90001388888888));
#9755=VECTOR('',#11408,1.0);
#9756=CARTESIAN_POINT('',(6.25,-11.8499481481482,3.90001388888888));
#9757=CARTESIAN_POINT('',(6.25,-11.8499481481482,3.90001388888888));
#9758=VECTOR('',#11409,1.0);
#9759=CARTESIAN_POINT('',(6.25,-11.8499481481482,4.29994629629628));
#9760=CARTESIAN_POINT('',(6.25,-11.8499481481482,4.29994629629628));
#9761=VECTOR('',#11410,1.0);
#9762=CARTESIAN_POINT('',(6.25,-11.0499657407408,4.84992685185188));
#9763=CARTESIAN_POINT('',(6.25,-11.0499657407408,4.84992685185188));
#9764=VECTOR('',#11411,0.999999999999999);
#9765=CARTESIAN_POINT('',(6.25,-10.7499870370371,4.84992685185188));
#9766=CARTESIAN_POINT('',(6.25,-10.7499870370371,4.84992685185188));
#9767=VECTOR('',#11412,1.0);
#9768=CARTESIAN_POINT('',(6.25,-10.7499870370371,5.2));
#9769=CARTESIAN_POINT('',(6.25,-10.7499870370371,4.84992685185188));
#9770=VECTOR('',#11413,1.0);
#9771=CARTESIAN_POINT('',(6.25,-11.5292401938981,5.2));
#9772=VECTOR('',#11414,1.0);
#9773=COLOUR_RGB('',0.431372553110123,0.862745106220245,0.549019634723663);
#9774=CARTESIAN_POINT('',(7.75,-11.0499657407408,4.84992685185188));
#9775=CARTESIAN_POINT('',(7.75,-11.8499481481482,4.29994629629628));
#9776=CARTESIAN_POINT('',(7.75,-11.0499657407408,4.84992685185188));
#9777=VECTOR('',#11415,0.999999999999999);
#9778=CARTESIAN_POINT('',(6.25,-11.0499657407408,4.84992685185188));
#9779=VECTOR('',#11416,1.0);
#9780=CARTESIAN_POINT('',(6.25,-11.8499481481482,4.29994629629628));
#9781=VECTOR('',#11417,1.0);
#9782=COLOUR_RGB('',0.431372553110123,0.862745106220245,0.549019634723663);
#9783=CARTESIAN_POINT('',(7.75,-11.8499481481482,3.90001388888888));
#9784=CARTESIAN_POINT('',(7.75,-11.8499481481482,4.29994629629628));
#9785=VECTOR('',#11418,1.0);
#9786=CARTESIAN_POINT('',(6.25,-11.8499481481482,3.90001388888888));
#9787=VECTOR('',#11419,1.0);
#9788=COLOUR_RGB('',0.431372553110123,0.862745106220245,0.549019634723663);
#9789=CARTESIAN_POINT('',(7.75,-11.9999962962963,3.90001388888888));
#9790=CARTESIAN_POINT('',(7.75,-11.8499481481482,3.90001388888888));
#9791=VECTOR('',#11420,1.0);
#9792=CARTESIAN_POINT('',(6.25,-11.9999962962963,3.90001388888888));
#9793=VECTOR('',#11421,1.0);
#9794=COLOUR_RGB('',0.431372553110123,0.862745106220245,0.549019634723663);
#9795=CARTESIAN_POINT('',(7.75,-11.9999962962963,3.90001388888888));
#9796=VECTOR('',#11422,1.0);
#9797=COLOUR_RGB('',0.431372553110123,0.862745106220245,0.549019634723663);
#9798=CARTESIAN_POINT('',(7.75,-10.7499870370371,5.2));
#9799=CARTESIAN_POINT('',(9.525,-10.7499870370371,5.2));
#9800=VECTOR('',#11423,1.0);
#9801=CARTESIAN_POINT('',(7.75,-10.7499870370371,4.84992685185188));
#9802=CARTESIAN_POINT('',(6.25,-10.7499870370371,4.84992685185188));
#9803=VECTOR('',#11424,1.0);
#9804=CARTESIAN_POINT('',(7.75,-10.7499870370371,4.84992685185188));
#9805=VECTOR('',#11425,1.0);
#9806=COLOUR_RGB('',0.431372553110123,0.862745106220245,0.549019634723663);
#9807=CARTESIAN_POINT('',(7.75,-10.7499870370371,4.84992685185188));
#9808=VECTOR('',#11426,1.0);
#9809=COLOUR_RGB('',0.431372553110123,0.862745106220245,0.549019634723663);
#9810=CARTESIAN_POINT('',(7.75,-11.5292401938981,5.2));
#9811=VECTOR('',#11427,1.0);
#9812=COLOUR_RGB('',0.431372553110123,0.862745106220245,0.549019634723663);
#9813=CARTESIAN_POINT('',(4.25,-11.9999962962963,4.49997129629633));
#9814=CARTESIAN_POINT('',(4.25,-11.9999962962963,4.49997129629633));
#9815=VECTOR('',#11428,1.0);
#9816=CARTESIAN_POINT('',(2.75,-11.9999962962963,4.49997129629633));
#9817=CARTESIAN_POINT('',(2.75,-11.9999962962963,4.49997129629633));
#9818=VECTOR('',#11429,1.0);
#9819=CARTESIAN_POINT('',(2.75,-11.9999962962963,4.49997129629633));
#9820=VECTOR('',#11430,1.0);
#9821=COLOUR_RGB('',0.431372553110123,0.862745106220245,0.549019634723663);
#9822=CARTESIAN_POINT('',(2.75,-11.9999962962963,3.90001388888888));
#9823=CARTESIAN_POINT('',(2.75,-11.9999962962963,3.90001388888888));
#9824=VECTOR('',#11431,1.0);
#9825=CARTESIAN_POINT('',(2.75,-11.8499481481482,3.90001388888888));
#9826=CARTESIAN_POINT('',(2.75,-11.8499481481482,3.90001388888888));
#9827=VECTOR('',#11432,1.0);
#9828=CARTESIAN_POINT('',(2.75,-11.8499481481482,4.29994629629628));
#9829=CARTESIAN_POINT('',(2.75,-11.8499481481482,4.29994629629628));
#9830=VECTOR('',#11433,1.0);
#9831=CARTESIAN_POINT('',(2.75,-11.0499657407408,4.84992685185188));
#9832=CARTESIAN_POINT('',(2.75,-11.0499657407408,4.84992685185188));
#9833=VECTOR('',#11434,0.999999999999999);
#9834=CARTESIAN_POINT('',(2.75,-10.7499870370371,4.84992685185188));
#9835=CARTESIAN_POINT('',(2.75,-10.7499870370371,4.84992685185188));
#9836=VECTOR('',#11435,1.0);
#9837=CARTESIAN_POINT('',(2.75,-10.7499870370371,5.2));
#9838=CARTESIAN_POINT('',(2.75,-10.7499870370371,4.84992685185188));
#9839=VECTOR('',#11436,1.0);
#9840=CARTESIAN_POINT('',(2.75,-11.5292401938981,5.2));
#9841=VECTOR('',#11437,1.0);
#9842=COLOUR_RGB('',0.431372553110123,0.862745106220245,0.549019634723663);
#9843=CARTESIAN_POINT('',(4.25,-11.0499657407408,4.84992685185188));
#9844=CARTESIAN_POINT('',(4.25,-11.8499481481482,4.29994629629628));
#9845=CARTESIAN_POINT('',(4.25,-11.0499657407408,4.84992685185188));
#9846=VECTOR('',#11438,0.999999999999999);
#9847=CARTESIAN_POINT('',(2.75,-11.0499657407408,4.84992685185188));
#9848=VECTOR('',#11439,1.0);
#9849=CARTESIAN_POINT('',(2.75,-11.8499481481482,4.29994629629628));
#9850=VECTOR('',#11440,1.0);
#9851=COLOUR_RGB('',0.431372553110123,0.862745106220245,0.549019634723663);
#9852=CARTESIAN_POINT('',(4.25,-11.8499481481482,3.90001388888888));
#9853=CARTESIAN_POINT('',(4.25,-11.8499481481482,4.29994629629628));
#9854=VECTOR('',#11441,1.0);
#9855=CARTESIAN_POINT('',(2.75,-11.8499481481482,3.90001388888888));
#9856=VECTOR('',#11442,1.0);
#9857=COLOUR_RGB('',0.431372553110123,0.862745106220245,0.549019634723663);
#9858=CARTESIAN_POINT('',(4.25,-11.9999962962963,3.90001388888888));
#9859=CARTESIAN_POINT('',(4.25,-11.8499481481482,3.90001388888888));
#9860=VECTOR('',#11443,1.0);
#9861=CARTESIAN_POINT('',(2.75,-11.9999962962963,3.90001388888888));
#9862=VECTOR('',#11444,1.0);
#9863=COLOUR_RGB('',0.431372553110123,0.862745106220245,0.549019634723663);
#9864=CARTESIAN_POINT('',(4.25,-11.9999962962963,3.90001388888888));
#9865=VECTOR('',#11445,1.0);
#9866=COLOUR_RGB('',0.431372553110123,0.862745106220245,0.549019634723663);
#9867=CARTESIAN_POINT('',(4.25,-10.7499870370371,5.2));
#9868=CARTESIAN_POINT('',(7.775,-10.7499870370371,5.2));
#9869=VECTOR('',#11446,1.0);
#9870=CARTESIAN_POINT('',(4.25,-10.7499870370371,4.84992685185188));
#9871=CARTESIAN_POINT('',(2.75,-10.7499870370371,4.84992685185188));
#9872=VECTOR('',#11447,1.0);
#9873=CARTESIAN_POINT('',(4.25,-10.7499870370371,4.84992685185188));
#9874=VECTOR('',#11448,1.0);
#9875=COLOUR_RGB('',0.431372553110123,0.862745106220245,0.549019634723663);
#9876=CARTESIAN_POINT('',(4.25,-10.7499870370371,4.84992685185188));
#9877=VECTOR('',#11449,1.0);
#9878=COLOUR_RGB('',0.431372553110123,0.862745106220245,0.549019634723663);
#9879=CARTESIAN_POINT('',(4.25,-11.5292401938981,5.2));
#9880=VECTOR('',#11450,1.0);
#9881=COLOUR_RGB('',0.431372553110123,0.862745106220245,0.549019634723663);
#9882=CARTESIAN_POINT('',(0.75,-11.9999962962963,4.49997129629633));
#9883=CARTESIAN_POINT('',(0.75,-11.9999962962963,4.49997129629633));
#9884=VECTOR('',#11451,1.0);
#9885=CARTESIAN_POINT('',(-0.75,-11.9999962962963,4.49997129629633));
#9886=CARTESIAN_POINT('',(-0.75,-11.9999962962963,4.49997129629633));
#9887=VECTOR('',#11452,1.0);
#9888=CARTESIAN_POINT('',(-0.75,-11.9999962962963,4.49997129629633));
#9889=VECTOR('',#11453,1.0);
#9890=COLOUR_RGB('',0.431372553110123,0.862745106220245,0.549019634723663);
#9891=CARTESIAN_POINT('',(-0.75,-11.9999962962963,3.90001388888888));
#9892=CARTESIAN_POINT('',(-0.75,-11.9999962962963,3.90001388888888));
#9893=VECTOR('',#11454,1.0);
#9894=CARTESIAN_POINT('',(-0.75,-11.8499481481482,3.90001388888888));
#9895=CARTESIAN_POINT('',(-0.75,-11.8499481481482,3.90001388888888));
#9896=VECTOR('',#11455,1.0);
#9897=CARTESIAN_POINT('',(-0.75,-11.8499481481482,4.29994629629628));
#9898=CARTESIAN_POINT('',(-0.75,-11.8499481481482,4.29994629629628));
#9899=VECTOR('',#11456,1.0);
#9900=CARTESIAN_POINT('',(-0.75,-11.0499657407408,4.84992685185188));
#9901=CARTESIAN_POINT('',(-0.75,-11.0499657407408,4.84992685185188));
#9902=VECTOR('',#11457,1.0);
#9903=CARTESIAN_POINT('',(-0.75,-10.7499870370371,4.84992685185188));
#9904=CARTESIAN_POINT('',(-0.75,-10.7499870370371,4.84992685185188));
#9905=VECTOR('',#11458,1.0);
#9906=CARTESIAN_POINT('',(-0.75,-10.7499870370371,5.2));
#9907=CARTESIAN_POINT('',(-0.75,-10.7499870370371,4.84992685185188));
#9908=VECTOR('',#11459,1.0);
#9909=CARTESIAN_POINT('',(-0.750000000000001,-11.5292401938981,5.2));
#9910=VECTOR('',#11460,1.0);
#9911=COLOUR_RGB('',0.431372553110123,0.862745106220245,0.549019634723663);
#9912=CARTESIAN_POINT('',(0.75,-11.0499657407408,4.84992685185188));
#9913=CARTESIAN_POINT('',(0.75,-11.8499481481482,4.29994629629628));
#9914=CARTESIAN_POINT('',(0.75,-11.0499657407408,4.84992685185188));
#9915=VECTOR('',#11461,0.999999999999999);
#9916=CARTESIAN_POINT('',(-0.75,-11.0499657407408,4.84992685185188));
#9917=VECTOR('',#11462,1.0);
#9918=CARTESIAN_POINT('',(-0.75,-11.8499481481482,4.29994629629628));
#9919=VECTOR('',#11463,1.0);
#9920=COLOUR_RGB('',0.431372553110123,0.862745106220245,0.549019634723663);
#9921=CARTESIAN_POINT('',(0.75,-11.8499481481482,3.90001388888888));
#9922=CARTESIAN_POINT('',(0.75,-11.8499481481482,4.29994629629628));
#9923=VECTOR('',#11464,1.0);
#9924=CARTESIAN_POINT('',(-0.75,-11.8499481481482,3.90001388888888));
#9925=VECTOR('',#11465,1.0);
#9926=COLOUR_RGB('',0.431372553110123,0.862745106220245,0.549019634723663);
#9927=CARTESIAN_POINT('',(0.75,-11.9999962962963,3.90001388888888));
#9928=CARTESIAN_POINT('',(0.75,-11.8499481481482,3.90001388888888));
#9929=VECTOR('',#11466,1.0);
#9930=CARTESIAN_POINT('',(-0.75,-11.9999962962963,3.90001388888888));
#9931=VECTOR('',#11467,1.0);
#9932=COLOUR_RGB('',0.431372553110123,0.862745106220245,0.549019634723663);
#9933=CARTESIAN_POINT('',(0.75,-11.9999962962963,3.90001388888888));
#9934=VECTOR('',#11468,1.0);
#9935=COLOUR_RGB('',0.431372553110123,0.862745106220245,0.549019634723663);
#9936=CARTESIAN_POINT('',(0.75,-10.7499870370371,5.2));
#9937=CARTESIAN_POINT('',(6.025,-10.7499870370371,5.2));
#9938=VECTOR('',#11469,1.0);
#9939=CARTESIAN_POINT('',(0.75,-10.7499870370371,4.84992685185188));
#9940=CARTESIAN_POINT('',(-0.75,-10.7499870370371,4.84992685185188));
#9941=VECTOR('',#11470,1.0);
#9942=CARTESIAN_POINT('',(0.75,-10.7499870370371,4.84992685185188));
#9943=VECTOR('',#11471,1.0);
#9944=COLOUR_RGB('',0.431372553110123,0.862745106220245,0.549019634723663);
#9945=CARTESIAN_POINT('',(0.75,-10.7499870370371,4.84992685185188));
#9946=VECTOR('',#11472,1.0);
#9947=COLOUR_RGB('',0.431372553110123,0.862745106220245,0.549019634723663);
#9948=CARTESIAN_POINT('',(0.749999999999999,-11.5292401938981,5.2));
#9949=VECTOR('',#11473,1.0);
#9950=COLOUR_RGB('',0.431372553110123,0.862745106220245,0.549019634723663);
#9951=CARTESIAN_POINT('',(11.9478,-5.61659999999998,5.2));
#9952=CARTESIAN_POINT('',(11.9478,-9.8076,5.2));
#9953=CARTESIAN_POINT('',(11.9478,-9.95364999999999,5.2));
#9954=VECTOR('',#11474,1.0);
#9955=CARTESIAN_POINT('',(11.9478,-5.61659999999998,4.12180000000025));
#9956=CARTESIAN_POINT('',(11.9478,-5.61659999999998,4.76090000000007));
#9957=VECTOR('',#11475,1.0);
#9958=CARTESIAN_POINT('',(11.9478,-5.6329829787236,4.10780000000006));
#9959=CARTESIAN_POINT('',(11.9478,-7.79889418227005,2.25693042606061));
#9960=VECTOR('',#11476,1.0);
#9961=CARTESIAN_POINT('',(11.9478,-9.80640851063828,4.10780000000006));
#9962=CARTESIAN_POINT('',(11.9478,-12.5,4.10780000000006));
#9963=VECTOR('',#11477,1.0);
#9964=CARTESIAN_POINT('',(11.9478,-9.8076,4.12180000000025));
#9965=CARTESIAN_POINT('',(11.9478,-9.81858498876404,4.25087361797767));
#9966=VECTOR('',#11478,1.0);
#9967=CARTESIAN_POINT('',(11.9478,-9.80759999999998,4.45200000000002));
#9968=CARTESIAN_POINT('',(11.9478,-9.8076,4.52040000000006));
#9969=VECTOR('',#11479,1.0);
#9970=CARTESIAN_POINT('',(11.9478,-9.8076,4.78995));
#9971=VECTOR('',#11480,1.0);
#9972=COLOUR_RGB('',0.431372553110123,0.862745106220245,0.549019634723663);
#9973=CARTESIAN_POINT('',(11.3955531914893,-9.70600000000001,2.92800000000037));
#9974=CARTESIAN_POINT('',(11.8792862499314,-9.79395146517127,3.96142971576263));
#9975=VECTOR('',#11481,1.0);
#9976=CARTESIAN_POINT('',(11.3955531914893,-7.01360000000002,2.92800000000037));
#9977=CARTESIAN_POINT('',(11.0962496159941,-7.76185893873773,2.28857872507913));
#9978=VECTOR('',#11482,1.0);
#9979=CARTESIAN_POINT('',(11.3955531914893,-10.4299,2.92800000000037));
#9980=VECTOR('',#11483,1.0);
#9981=COLOUR_RGB('',0.431372553110123,0.862745106220245,0.549019634723663);
#9982=CARTESIAN_POINT('',(9.05219999999999,-9.8076,5.2));
#9983=CARTESIAN_POINT('',(9.05219999999999,-5.61659999999998,5.2));
#9984=CARTESIAN_POINT('',(9.05219999999999,-9.95364999999999,5.2));
#9985=VECTOR('',#11484,1.0);
#9986=CARTESIAN_POINT('',(9.05219999999999,-9.80759999999998,4.45200000000002));
#9987=CARTESIAN_POINT('',(9.05219999999999,-9.8076,4.78995000000004));
#9988=VECTOR('',#11485,1.0);
#9989=CARTESIAN_POINT('',(9.05219999999999,-9.8076,4.12180000000025));
#9990=CARTESIAN_POINT('',(9.05219999999999,-9.8076,4.5204000000001));
#9991=VECTOR('',#11486,1.0);
#9992=CARTESIAN_POINT('',(9.05219999999999,-9.80640851063828,4.10780000000006));
#9993=CARTESIAN_POINT('',(9.05219999999999,-9.81858498876404,4.25087361797772));
#9994=VECTOR('',#11487,1.0);
#9995=CARTESIAN_POINT('',(9.05219999999999,-5.6329829787236,4.10780000000006));
#9996=CARTESIAN_POINT('',(9.05219999999999,-12.5,4.10780000000006));
#9997=VECTOR('',#11488,1.0);
#9998=CARTESIAN_POINT('',(9.05219999999999,-5.61659999999998,4.12180000000025));
#9999=CARTESIAN_POINT('',(9.05219999999999,-7.79889418227003,2.25693042606062));
#10000=VECTOR('',#11489,1.0);
#10001=CARTESIAN_POINT('',(9.05219999999999,-5.61659999999998,4.76090000000011));
#10002=VECTOR('',#11490,1.0);
#10003=COLOUR_RGB('',0.431372553110123,0.862745106220245,0.549019634723663);
#10004=CARTESIAN_POINT('',(9.60444680851069,-9.70600000000001,2.92800000000037));
#10005=CARTESIAN_POINT('',(9.65670489071124,-9.69649853050901,2.81635773348107));
#10006=VECTOR('',#11491,1.0);
#10007=CARTESIAN_POINT('',(9.60444680851069,-7.01360000000002,2.92800000000037));
#10008=CARTESIAN_POINT('',(9.60444680851069,-10.4299,2.92800000000037));
#10009=VECTOR('',#11492,1.0);
#10010=CARTESIAN_POINT('',(10.1576853262935,-8.39669629445671,1.74608134837389));
#10011=VECTOR('',#11493,1.0);
#10012=COLOUR_RGB('',0.431372553110123,0.862745106220245,0.549019634723663);
#10013=CARTESIAN_POINT('',(13.5,-9.8076,4.12180000000025));
#10014=VECTOR('',#11494,1.0);
#10015=CARTESIAN_POINT('',(12.8,-9.8076,4.45200000000002));
#10016=VECTOR('',#11495,1.0);
#10017=COLOUR_RGB('',0.431372553110123,0.862745106220245,0.549019634723663);
#10018=CARTESIAN_POINT('',(13.5,-9.70600000000001,2.92800000000037));
#10019=VECTOR('',#11496,1.0);
#10020=COLOUR_RGB('',0.431372553110123,0.862745106220245,0.549019634723663);
#10021=CARTESIAN_POINT('',(13.5,-7.01360000000002,2.92800000000037));
#10022=VECTOR('',#11497,1.0);
#10023=COLOUR_RGB('',0.431372553110123,0.862745106220245,0.549019634723663);
#10024=CARTESIAN_POINT('',(13.5,-5.61659999999998,4.12180000000025));
#10025=VECTOR('',#11498,1.0);
#10026=COLOUR_RGB('',0.431372553110123,0.862745106220245,0.549019634723663);
#10027=CARTESIAN_POINT('',(13.15,-5.61659999999998,5.2));
#10028=VECTOR('',#11499,1.0);
#10029=COLOUR_RGB('',0.431372553110123,0.862745106220245,0.549019634723663);
#10030=CARTESIAN_POINT('',(8.44780000000001,-9.8076,5.2));
#10031=CARTESIAN_POINT('',(12.8,-9.8076,5.2));
#10032=VECTOR('',#11500,1.0);
#10033=CARTESIAN_POINT('',(8.44780000000001,-9.80759999999998,4.45200000000002));
#10034=CARTESIAN_POINT('',(8.44780000000001,-9.8076,4.78995));
#10035=VECTOR('',#11501,1.0);
#10036=CARTESIAN_POINT('',(12.8,-9.8076,4.45200000000002));
#10037=VECTOR('',#11502,1.0);
#10038=COLOUR_RGB('',0.431372553110123,0.862745106220245,0.549019634723663);
#10039=CARTESIAN_POINT('',(12.8,-9.8076,4.45200000000002));
#10040=CARTESIAN_POINT('',(12.8,-9.8076,4.45200000000002));
#10041=VECTOR('',#11503,1.0);
#10042=CARTESIAN_POINT('',(12.8,-9.8076,5.2));
#10043=CARTESIAN_POINT('',(12.8,-9.8076,5.2));
#10044=VECTOR('',#11504,1.0);
#10045=CARTESIAN_POINT('',(12.8,-9.8076,5.2));
#10046=VECTOR('',#11505,1.0);
#10047=COLOUR_RGB('',0.431372553110123,0.862745106220245,0.549019634723663);
#10048=CARTESIAN_POINT('',(8.44780000000001,-5.61659999999998,5.2));
#10049=CARTESIAN_POINT('',(8.44780000000001,-9.95364999999999,5.2));
#10050=VECTOR('',#11506,1.0);
#10051=CARTESIAN_POINT('',(8.44780000000001,-5.61659999999998,4.12180000000025));
#10052=CARTESIAN_POINT('',(8.44780000000001,-5.61659999999998,4.76090000000007));
#10053=VECTOR('',#11507,1.0);
#10054=CARTESIAN_POINT('',(8.44780000000001,-5.6329829787236,4.10780000000006));
#10055=CARTESIAN_POINT('',(8.44780000000001,-7.79889418227005,2.25693042606061));
#10056=VECTOR('',#11508,1.0);
#10057=CARTESIAN_POINT('',(8.44780000000001,-9.80640851063828,4.10780000000006));
#10058=CARTESIAN_POINT('',(8.44780000000001,-12.5,4.10780000000006));
#10059=VECTOR('',#11509,1.0);
#10060=CARTESIAN_POINT('',(8.44780000000001,-9.8076,4.12180000000025));
#10061=CARTESIAN_POINT('',(8.44780000000001,-9.81858498876404,4.25087361797767));
#10062=VECTOR('',#11510,1.0);
#10063=CARTESIAN_POINT('',(8.44780000000001,-9.8076,4.52040000000006));
#10064=VECTOR('',#11511,1.0);
#10065=COLOUR_RGB('',0.431372553110123,0.862745106220245,0.549019634723663);
#10066=CARTESIAN_POINT('',(7.8955531914893,-9.70600000000001,2.92800000000037));
#10067=CARTESIAN_POINT('',(8.3792862499314,-9.79395146517127,3.96142971576263));
#10068=VECTOR('',#11512,1.0);
#10069=CARTESIAN_POINT('',(7.8955531914893,-7.01360000000002,2.92800000000037));
#10070=CARTESIAN_POINT('',(7.59624961599414,-7.76185893873773,2.28857872507913));
#10071=VECTOR('',#11513,1.0);
#10072=CARTESIAN_POINT('',(7.89555319148931,-10.4299,2.92800000000037));
#10073=VECTOR('',#11514,1.0);
#10074=COLOUR_RGB('',0.431372553110123,0.862745106220245,0.549019634723663);
#10075=CARTESIAN_POINT('',(5.55219999999999,-9.8076,5.2));
#10076=CARTESIAN_POINT('',(5.55219999999999,-5.61659999999998,5.2));
#10077=CARTESIAN_POINT('',(5.55219999999999,-9.95364999999999,5.2));
#10078=VECTOR('',#11515,1.0);
#10079=CARTESIAN_POINT('',(5.55219999999999,-9.80759999999998,4.45200000000002));
#10080=CARTESIAN_POINT('',(5.55219999999999,-9.8076,4.78995000000004));
#10081=VECTOR('',#11516,1.0);
#10082=CARTESIAN_POINT('',(5.55219999999999,-9.8076,4.12180000000025));
#10083=CARTESIAN_POINT('',(5.55219999999999,-9.8076,4.5204000000001));
#10084=VECTOR('',#11517,1.0);
#10085=CARTESIAN_POINT('',(5.55219999999999,-9.80640851063828,4.10780000000006));
#10086=CARTESIAN_POINT('',(5.55219999999999,-9.81858498876404,4.25087361797772));
#10087=VECTOR('',#11518,1.0);
#10088=CARTESIAN_POINT('',(5.55219999999999,-5.6329829787236,4.10780000000006));
#10089=CARTESIAN_POINT('',(5.55219999999999,-12.5,4.10780000000006));
#10090=VECTOR('',#11519,1.0);
#10091=CARTESIAN_POINT('',(5.55219999999999,-5.61659999999998,4.12180000000025));
#10092=CARTESIAN_POINT('',(5.55219999999999,-7.79889418227003,2.25693042606062));
#10093=VECTOR('',#11520,1.0);
#10094=CARTESIAN_POINT('',(5.55219999999999,-5.61659999999998,4.76090000000011));
#10095=VECTOR('',#11521,1.0);
#10096=COLOUR_RGB('',0.431372553110123,0.862745106220245,0.549019634723663);
#10097=CARTESIAN_POINT('',(6.1044468085107,-9.70600000000001,2.92800000000037));
#10098=CARTESIAN_POINT('',(6.15670489071124,-9.69649853050901,2.81635773348107));
#10099=VECTOR('',#11522,1.0);
#10100=CARTESIAN_POINT('',(6.1044468085107,-7.01360000000002,2.92800000000037));
#10101=CARTESIAN_POINT('',(6.1044468085107,-10.4299,2.92800000000037));
#10102=VECTOR('',#11523,1.0);
#10103=CARTESIAN_POINT('',(6.65768532629351,-8.39669629445671,1.74608134837389));
#10104=VECTOR('',#11524,1.0);
#10105=COLOUR_RGB('',0.431372553110123,0.862745106220245,0.549019634723663);
#10106=CARTESIAN_POINT('',(10.0,-9.8076,4.12180000000025));
#10107=VECTOR('',#11525,1.0);
#10108=CARTESIAN_POINT('',(12.8,-9.8076,4.45200000000002));
#10109=VECTOR('',#11526,1.0);
#10110=COLOUR_RGB('',0.431372553110123,0.862745106220245,0.549019634723663);
#10111=CARTESIAN_POINT('',(10.0,-9.70600000000001,2.92800000000037));
#10112=VECTOR('',#11527,1.0);
#10113=COLOUR_RGB('',0.431372553110123,0.862745106220245,0.549019634723663);
#10114=CARTESIAN_POINT('',(10.0,-7.01360000000002,2.92800000000037));
#10115=VECTOR('',#11528,1.0);
#10116=COLOUR_RGB('',0.431372553110123,0.862745106220245,0.549019634723663);
#10117=CARTESIAN_POINT('',(10.0,-5.61659999999998,4.12180000000025));
#10118=VECTOR('',#11529,1.0);
#10119=COLOUR_RGB('',0.431372553110123,0.862745106220245,0.549019634723663);
#10120=CARTESIAN_POINT('',(11.4,-5.61659999999998,5.2));
#10121=VECTOR('',#11530,1.0);
#10122=COLOUR_RGB('',0.431372553110123,0.862745106220245,0.549019634723663);
#10123=CARTESIAN_POINT('',(4.94780000000001,-9.8076,5.2));
#10124=CARTESIAN_POINT('',(12.8,-9.8076,5.2));
#10125=VECTOR('',#11531,1.0);
#10126=CARTESIAN_POINT('',(4.94780000000001,-9.80759999999998,4.45200000000002));
#10127=CARTESIAN_POINT('',(4.94780000000001,-9.8076,4.78995));
#10128=VECTOR('',#11532,1.0);
#10129=CARTESIAN_POINT('',(12.8,-9.8076,4.45200000000002));
#10130=VECTOR('',#11533,1.0);
#10131=COLOUR_RGB('',0.431372553110123,0.862745106220245,0.549019634723663);
#10132=CARTESIAN_POINT('',(4.94780000000001,-5.61659999999998,5.2));
#10133=CARTESIAN_POINT('',(4.94780000000001,-9.95364999999999,5.2));
#10134=VECTOR('',#11534,1.0);
#10135=CARTESIAN_POINT('',(4.94780000000001,-5.61659999999998,4.12180000000025));
#10136=CARTESIAN_POINT('',(4.94780000000001,-5.61659999999998,4.76090000000007));
#10137=VECTOR('',#11535,1.0);
#10138=CARTESIAN_POINT('',(4.94780000000001,-5.6329829787236,4.10780000000006));
#10139=CARTESIAN_POINT('',(4.94780000000001,-7.79889418227005,2.25693042606061));
#10140=VECTOR('',#11536,1.0);
#10141=CARTESIAN_POINT('',(4.94780000000001,-9.80640851063828,4.10780000000006));
#10142=CARTESIAN_POINT('',(4.94780000000001,-12.5,4.10780000000006));
#10143=VECTOR('',#11537,1.0);
#10144=CARTESIAN_POINT('',(4.94780000000001,-9.8076,4.12180000000025));
#10145=CARTESIAN_POINT('',(4.94780000000001,-9.81858498876404,4.25087361797767));
#10146=VECTOR('',#11538,1.0);
#10147=CARTESIAN_POINT('',(4.94780000000001,-9.8076,4.52040000000006));
#10148=VECTOR('',#11539,1.0);
#10149=COLOUR_RGB('',0.431372553110123,0.862745106220245,0.549019634723663);
#10150=CARTESIAN_POINT('',(4.3955531914893,-9.70600000000001,2.92800000000037));
#10151=CARTESIAN_POINT('',(4.8792862499314,-9.79395146517127,3.96142971576263));
#10152=VECTOR('',#11540,1.0);
#10153=CARTESIAN_POINT('',(4.3955531914893,-7.01360000000002,2.92800000000037));
#10154=CARTESIAN_POINT('',(4.09624961599414,-7.76185893873773,2.28857872507913));
#10155=VECTOR('',#11541,1.0);
#10156=CARTESIAN_POINT('',(4.39555319148931,-10.4299,2.92800000000037));
#10157=VECTOR('',#11542,1.0);
#10158=COLOUR_RGB('',0.431372553110123,0.862745106220245,0.549019634723663);
#10159=CARTESIAN_POINT('',(2.05219999999999,-9.8076,5.2));
#10160=CARTESIAN_POINT('',(2.05219999999999,-5.61659999999998,5.2));
#10161=CARTESIAN_POINT('',(2.05219999999999,-9.95364999999999,5.2));
#10162=VECTOR('',#11543,1.0);
#10163=CARTESIAN_POINT('',(2.05219999999999,-9.80759999999998,4.45200000000002));
#10164=CARTESIAN_POINT('',(2.05219999999999,-9.8076,4.78995000000004));
#10165=VECTOR('',#11544,1.0);
#10166=CARTESIAN_POINT('',(2.05219999999999,-9.8076,4.12180000000025));
#10167=CARTESIAN_POINT('',(2.05219999999999,-9.8076,4.5204000000001));
#10168=VECTOR('',#11545,1.0);
#10169=CARTESIAN_POINT('',(2.05219999999999,-9.80640851063828,4.10780000000006));
#10170=CARTESIAN_POINT('',(2.05219999999999,-9.81858498876404,4.25087361797772));
#10171=VECTOR('',#11546,1.0);
#10172=CARTESIAN_POINT('',(2.05219999999999,-5.6329829787236,4.10780000000006));
#10173=CARTESIAN_POINT('',(2.05219999999999,-12.5,4.10780000000006));
#10174=VECTOR('',#11547,1.0);
#10175=CARTESIAN_POINT('',(2.05219999999999,-5.61659999999998,4.12180000000025));
#10176=CARTESIAN_POINT('',(2.05219999999999,-7.79889418227003,2.25693042606062));
#10177=VECTOR('',#11548,1.0);
#10178=CARTESIAN_POINT('',(2.05219999999999,-5.61659999999998,4.76090000000011));
#10179=VECTOR('',#11549,1.0);
#10180=COLOUR_RGB('',0.431372553110123,0.862745106220245,0.549019634723663);
#10181=CARTESIAN_POINT('',(2.6044468085107,-9.70600000000001,2.92800000000037));
#10182=CARTESIAN_POINT('',(2.65670489071124,-9.69649853050901,2.81635773348107));
#10183=VECTOR('',#11550,1.0);
#10184=CARTESIAN_POINT('',(2.6044468085107,-7.01360000000002,2.92800000000037));
#10185=CARTESIAN_POINT('',(2.6044468085107,-10.4299,2.92800000000037));
#10186=VECTOR('',#11551,1.0);
#10187=CARTESIAN_POINT('',(3.15768532629351,-8.39669629445671,1.74608134837389));
#10188=VECTOR('',#11552,1.0);
#10189=COLOUR_RGB('',0.431372553110123,0.862745106220245,0.549019634723663);
#10190=CARTESIAN_POINT('',(6.5,-9.8076,4.12180000000025));
#10191=VECTOR('',#11553,1.0);
#10192=CARTESIAN_POINT('',(12.8,-9.8076,4.45200000000002));
#10193=VECTOR('',#11554,1.0);
#10194=COLOUR_RGB('',0.431372553110123,0.862745106220245,0.549019634723663);
#10195=CARTESIAN_POINT('',(6.5,-9.70600000000001,2.92800000000037));
#10196=VECTOR('',#11555,1.0);
#10197=COLOUR_RGB('',0.431372553110123,0.862745106220245,0.549019634723663);
#10198=CARTESIAN_POINT('',(6.5,-7.01360000000002,2.92800000000037));
#10199=VECTOR('',#11556,1.0);
#10200=COLOUR_RGB('',0.431372553110123,0.862745106220245,0.549019634723663);
#10201=CARTESIAN_POINT('',(6.5,-5.61659999999998,4.12180000000025));
#10202=VECTOR('',#11557,1.0);
#10203=COLOUR_RGB('',0.431372553110123,0.862745106220245,0.549019634723663);
#10204=CARTESIAN_POINT('',(9.65,-5.61659999999998,5.2));
#10205=VECTOR('',#11558,1.0);
#10206=COLOUR_RGB('',0.431372553110123,0.862745106220245,0.549019634723663);
#10207=CARTESIAN_POINT('',(1.44780000000001,-9.8076,5.2));
#10208=CARTESIAN_POINT('',(12.8,-9.8076,5.2));
#10209=VECTOR('',#11559,1.0);
#10210=CARTESIAN_POINT('',(1.44780000000001,-9.80759999999998,4.45200000000002));
#10211=CARTESIAN_POINT('',(1.44780000000001,-9.8076,4.78995));
#10212=VECTOR('',#11560,1.0);
#10213=CARTESIAN_POINT('',(12.8,-9.8076,4.45200000000002));
#10214=VECTOR('',#11561,1.0);
#10215=COLOUR_RGB('',0.431372553110123,0.862745106220245,0.549019634723663);
#10216=CARTESIAN_POINT('',(-1.44780000000001,-9.80759999999998,4.45200000000002));
#10217=CARTESIAN_POINT('',(-1.44780000000001,-9.8076,5.2));
#10218=CARTESIAN_POINT('',(-1.44780000000001,-9.8076,4.78995000000004));
#10219=VECTOR('',#11562,1.0);
#10220=CARTESIAN_POINT('',(-1.44780000000001,-9.8076,4.12180000000025));
#10221=CARTESIAN_POINT('',(-1.44780000000001,-9.8076,4.5204000000001));
#10222=VECTOR('',#11563,1.0);
#10223=CARTESIAN_POINT('',(-1.44780000000001,-9.80640851063828,4.10780000000006));
#10224=CARTESIAN_POINT('',(-1.44780000000001,-9.81858498876404,4.25087361797772));
#10225=VECTOR('',#11564,1.0);
#10226=CARTESIAN_POINT('',(-1.44780000000001,-5.6329829787236,4.10780000000006));
#10227=CARTESIAN_POINT('',(-1.44780000000001,-12.5,4.10780000000006));
#10228=VECTOR('',#11565,1.0);
#10229=CARTESIAN_POINT('',(-1.44780000000001,-5.61659999999998,4.12180000000025));
#10230=CARTESIAN_POINT('',(-1.44780000000001,-7.79889418227003,2.25693042606062));
#10231=VECTOR('',#11566,1.0);
#10232=CARTESIAN_POINT('',(-1.44780000000001,-5.61659999999998,5.2));
#10233=CARTESIAN_POINT('',(-1.44780000000001,-5.61659999999998,4.76090000000011));
#10234=VECTOR('',#11567,1.0);
#10235=CARTESIAN_POINT('',(-1.44780000000001,-9.95364999999999,5.2));
#10236=VECTOR('',#11568,1.0);
#10237=COLOUR_RGB('',0.431372553110123,0.862745106220245,0.549019634723663);
#10238=CARTESIAN_POINT('',(1.44780000000001,-9.80640851063828,4.10780000000006));
#10239=CARTESIAN_POINT('',(0.895553191489305,-9.70600000000001,2.92800000000037));
#10240=CARTESIAN_POINT('',(1.3792862499314,-9.79395146517127,3.96142971576263));
#10241=VECTOR('',#11569,1.0);
#10242=CARTESIAN_POINT('',(1.44780000000001,-5.6329829787236,4.10780000000006));
#10243=CARTESIAN_POINT('',(1.44780000000001,-12.5,4.10780000000006));
#10244=VECTOR('',#11570,1.0);
#10245=CARTESIAN_POINT('',(0.895553191489305,-7.01360000000002,2.92800000000037));
#10246=CARTESIAN_POINT('',(0.596249615994143,-7.76185893873773,2.28857872507913));
#10247=VECTOR('',#11571,1.0);
#10248=CARTESIAN_POINT('',(0.895553191489306,-10.4299,2.92800000000037));
#10249=VECTOR('',#11572,1.0);
#10250=COLOUR_RGB('',0.431372553110123,0.862745106220245,0.549019634723663);
#10251=CARTESIAN_POINT('',(1.44780000000001,-5.61659999999998,5.2));
#10252=CARTESIAN_POINT('',(1.44780000000001,-9.95364999999999,5.2));
#10253=VECTOR('',#11573,1.0);
#10254=CARTESIAN_POINT('',(1.44780000000001,-5.61659999999998,4.12180000000025));
#10255=CARTESIAN_POINT('',(1.44780000000001,-5.61659999999998,4.76090000000007));
#10256=VECTOR('',#11574,1.0);
#10257=CARTESIAN_POINT('',(1.44780000000001,-7.79889418227005,2.25693042606061));
#10258=VECTOR('',#11575,1.0);
#10259=CARTESIAN_POINT('',(1.44780000000001,-9.8076,4.12180000000025));
#10260=CARTESIAN_POINT('',(1.44780000000001,-9.81858498876404,4.25087361797767));
#10261=VECTOR('',#11576,1.0);
#10262=CARTESIAN_POINT('',(1.44780000000001,-9.8076,4.52040000000006));
#10263=VECTOR('',#11577,1.0);
#10264=COLOUR_RGB('',0.431372553110123,0.862745106220245,0.549019634723663);
#10265=CARTESIAN_POINT('',(-0.895553191489305,-9.70600000000001,2.92800000000037));
#10266=CARTESIAN_POINT('',(-0.843295109288764,-9.69649853050901,2.81635773348107));
#10267=VECTOR('',#11578,1.0);
#10268=CARTESIAN_POINT('',(-0.895553191489305,-7.01360000000002,2.92800000000037));
#10269=CARTESIAN_POINT('',(-0.895553191489305,-10.4299,2.92800000000037));
#10270=VECTOR('',#11579,1.0);
#10271=CARTESIAN_POINT('',(-0.342314673706489,-8.39669629445671,1.74608134837389));
#10272=VECTOR('',#11580,1.0);
#10273=COLOUR_RGB('',0.431372553110123,0.862745106220245,0.549019634723663);
#10274=CARTESIAN_POINT('',(3.0,-9.8076,4.12180000000025));
#10275=VECTOR('',#11581,1.0);
#10276=CARTESIAN_POINT('',(12.8,-9.8076,4.45200000000002));
#10277=VECTOR('',#11582,1.0);
#10278=COLOUR_RGB('',0.431372553110123,0.862745106220245,0.549019634723663);
#10279=CARTESIAN_POINT('',(3.0,-9.70600000000001,2.92800000000037));
#10280=VECTOR('',#11583,1.0);
#10281=COLOUR_RGB('',0.431372553110123,0.862745106220245,0.549019634723663);
#10282=CARTESIAN_POINT('',(3.0,-7.01360000000002,2.92800000000037));
#10283=VECTOR('',#11584,1.0);
#10284=COLOUR_RGB('',0.431372553110123,0.862745106220245,0.549019634723663);
#10285=CARTESIAN_POINT('',(3.0,-5.61659999999998,4.12180000000025));
#10286=VECTOR('',#11585,1.0);
#10287=COLOUR_RGB('',0.431372553110123,0.862745106220245,0.549019634723663);
#10288=CARTESIAN_POINT('',(7.9,-5.61659999999998,5.2));
#10289=VECTOR('',#11586,1.0);
#10290=COLOUR_RGB('',0.431372553110123,0.862745106220245,0.549019634723663);
#10291=CARTESIAN_POINT('',(-2.3,-9.8076,5.2));
#10292=CARTESIAN_POINT('',(12.8,-9.8076,5.2));
#10293=VECTOR('',#11587,1.0);
#10294=CARTESIAN_POINT('',(-2.3,-9.8076,4.45200000000002));
#10295=CARTESIAN_POINT('',(-2.3,-9.8076,5.2));
#10296=VECTOR('',#11588,1.0);
#10297=CARTESIAN_POINT('',(12.8,-9.8076,4.45200000000002));
#10298=VECTOR('',#11589,1.0);
#10299=COLOUR_RGB('',0.431372553110123,0.862745106220245,0.549019634723663);
#10300=CARTESIAN_POINT('',(12.8,-11.84,4.45200000000002));
#10301=CARTESIAN_POINT('',(12.8,-11.84,-4.43800000000002));
#10302=CARTESIAN_POINT('',(12.8,-11.84,-0.0133964118029626));
#10303=VECTOR('',#11590,1.0);
#10304=CARTESIAN_POINT('',(12.75,-11.84,4.45200000000002));
#10305=CARTESIAN_POINT('',(13.25,-11.84,4.45200000000002));
#10306=VECTOR('',#11591,1.0);
#10307=CARTESIAN_POINT('',(12.75,-11.84,-4.43800000000002));
#10308=CARTESIAN_POINT('',(12.75,-11.84,4.45200000000002));
#10309=VECTOR('',#11592,1.0);
#10310=CARTESIAN_POINT('',(13.25,-11.84,-4.43800000000002));
#10311=VECTOR('',#11593,1.0);
#10312=COLOUR_RGB('',0.431372553110123,0.862745106220245,0.549019634723663);
#10313=CARTESIAN_POINT('',(12.75,-10.0108,4.48200000000002));
#10314=CARTESIAN_POINT('',(12.75,-10.0108,4.45200000000002));
#10315=CARTESIAN_POINT('',(12.75,-10.0108,2.41650000000001));
#10316=VECTOR('',#11594,1.0);
#10317=CARTESIAN_POINT('',(12.75,-11.87,4.48200000000002));
#10318=CARTESIAN_POINT('',(12.75,-9.99988089297204,4.48200000000002));
#10319=VECTOR('',#11595,1.0);
#10320=CARTESIAN_POINT('',(12.75,-11.87,-4.46800000000002));
#10321=CARTESIAN_POINT('',(12.75,-11.87,4.48200000000002));
#10322=VECTOR('',#11596,1.0);
#10323=CARTESIAN_POINT('',(12.75,-10.0108,-4.46800000000002));
#10324=CARTESIAN_POINT('',(12.75,-11.87,-4.46800000000002));
#10325=VECTOR('',#11597,1.0);
#10326=CARTESIAN_POINT('',(12.75,-10.0108,-4.43800000000002));
#10327=CARTESIAN_POINT('',(12.75,-10.0108,-2.406));
#10328=VECTOR('',#11598,1.0);
#10329=CARTESIAN_POINT('',(12.75,-11.84,-4.43800000000002));
#10330=VECTOR('',#11599,1.0);
#10331=CARTESIAN_POINT('',(12.75,-10.0108,4.45200000000002));
#10332=VECTOR('',#11600,1.0);
#10333=COLOUR_RGB('',0.431372553110123,0.862745106220245,0.549019634723663);
#10334=CARTESIAN_POINT('',(12.8,-10.0108,4.48200000000002));
#10335=CARTESIAN_POINT('',(13.025,-10.0108,4.48200000000002));
#10336=VECTOR('',#11601,1.0);
#10337=CARTESIAN_POINT('',(12.8,-11.87,4.48200000000002));
#10338=CARTESIAN_POINT('',(12.8,-8.67422722559197,4.48200000000002));
#10339=VECTOR('',#11602,1.0);
#10340=CARTESIAN_POINT('',(13.25,-11.87,4.48200000000002));
#10341=VECTOR('',#11603,1.0);
#10342=COLOUR_RGB('',0.431372553110123,0.862745106220245,0.549019634723663);
#10343=CARTESIAN_POINT('',(12.8,-11.87,-4.46800000000002));
#10344=CARTESIAN_POINT('',(12.8,-11.87,-0.0133964118029626));
#10345=VECTOR('',#11604,1.0);
#10346=CARTESIAN_POINT('',(13.25,-11.87,-4.46800000000002));
#10347=VECTOR('',#11605,1.0);
#10348=COLOUR_RGB('',0.431372553110123,0.862745106220245,0.549019634723663);
#10349=CARTESIAN_POINT('',(12.8,-10.0108,-4.46800000000002));
#10350=CARTESIAN_POINT('',(12.8,-8.67422722559197,-4.46800000000002));
#10351=VECTOR('',#11606,1.0);
#10352=CARTESIAN_POINT('',(13.025,-10.0108,-4.46800000000002));
#10353=VECTOR('',#11607,1.0);
#10354=COLOUR_RGB('',0.431372553110123,0.862745106220245,0.549019634723663);
#10355=CARTESIAN_POINT('',(-2.25,-10.0108,4.45200000000002));
#10356=CARTESIAN_POINT('',(12.8,-10.0108,4.45200000000002));
#10357=VECTOR('',#11608,1.0);
#10358=CARTESIAN_POINT('',(-2.25,-10.0108,4.48200000000002));
#10359=CARTESIAN_POINT('',(-2.25,-10.0108,2.41650000000001));
#10360=VECTOR('',#11609,1.0);
#10361=CARTESIAN_POINT('',(-2.3,-10.0108,4.48200000000002));
#10362=CARTESIAN_POINT('',(5.275,-10.0108,4.48200000000002));
#10363=VECTOR('',#11610,1.0);
#10364=CARTESIAN_POINT('',(-2.3,-10.0108,5.2));
#10365=CARTESIAN_POINT('',(-2.3,-10.0108,4.45200000000002));
#10366=VECTOR('',#11611,1.0);
#10367=CARTESIAN_POINT('',(12.8,-10.0108,5.2));
#10368=CARTESIAN_POINT('',(12.8,-10.0108,5.2));
#10369=VECTOR('',#11612,1.0);
#10370=CARTESIAN_POINT('',(12.8,-10.0108,4.45200000000002));
#10371=VECTOR('',#11613,1.0);
#10372=COLOUR_RGB('',0.431372553110123,0.862745106220245,0.549019634723663);
#10373=CARTESIAN_POINT('',(12.8,-9.8076,4.45200000000002));
#10374=VECTOR('',#11614,1.0);
#10375=CARTESIAN_POINT('',(12.8,-0.917600000000013,-4.43800000000002));
#10376=CARTESIAN_POINT('',(12.8,-8.66945700234896,-4.43800000000002));
#10377=VECTOR('',#11615,1.0);
#10378=CARTESIAN_POINT('',(12.8,-0.917600000000013,-5.2));
#10379=CARTESIAN_POINT('',(12.8,-0.917600000000013,-4.43800000000002));
#10380=VECTOR('',#11616,1.0);
#10381=CARTESIAN_POINT('',(12.8,-0.300000000000002,-5.2));
#10382=CARTESIAN_POINT('',(12.8,-0.917600000000013,-5.2));
#10383=VECTOR('',#11617,1.0);
#10384=CARTESIAN_POINT('',(12.8,-0.300000000000002,-1.99959999999992));
#10385=CARTESIAN_POINT('',(12.8,-0.300000000000002,-1.99959999999992));
#10386=VECTOR('',#11618,1.0);
#10387=CARTESIAN_POINT('',(12.8,-1.77635683940025E-15,-1.99959999999992));
#10388=CARTESIAN_POINT('',(12.8,-0.300000000000002,-1.99959999999992));
#10389=VECTOR('',#11619,1.0);
#10390=CARTESIAN_POINT('',(12.8,-1.77635683940025E-15,3.00420000000006));
#10391=CARTESIAN_POINT('',(12.8,-1.77635683940025E-15,3.00420000000006));
#10392=VECTOR('',#11620,1.0);
#10393=CARTESIAN_POINT('',(12.8,-0.612800000000002,3.00420000000006));
#10394=CARTESIAN_POINT('',(12.8,-1.77635683940025E-15,3.00420000000006));
#10395=VECTOR('',#11621,1.0);
#10396=CARTESIAN_POINT('',(12.8,-0.612800000000002,1.98820000000003));
#10397=CARTESIAN_POINT('',(12.8,-0.612800000000002,3.00420000000006));
#10398=VECTOR('',#11622,1.0);
#10399=CARTESIAN_POINT('',(12.8,-1.62879999999998,1.98820000000003));
#10400=CARTESIAN_POINT('',(12.8,-0.612800000000002,1.98820000000003));
#10401=VECTOR('',#11623,1.0);
#10402=CARTESIAN_POINT('',(12.8,-1.62879999999998,2.49620000000002));
#10403=CARTESIAN_POINT('',(12.8,-1.62879999999998,1.98820000000003));
#10404=VECTOR('',#11624,1.0);
#10405=CARTESIAN_POINT('',(12.8,-5.00699999999996,3.23280000000002));
#10406=CARTESIAN_POINT('',(12.8,-1.62879999999998,2.49620000000002));
#10407=VECTOR('',#11625,1.0);
#10408=CARTESIAN_POINT('',(12.8,-5.00699999999996,5.2));
#10409=CARTESIAN_POINT('',(12.8,-5.00699999999996,3.23280000000002));
#10410=VECTOR('',#11626,1.0);
#10411=CARTESIAN_POINT('',(12.8,-9.8076,5.2));
#10412=VECTOR('',#11627,1.0);
#10413=COLOUR_RGB('',0.431372553110123,0.862745106220245,0.549019634723663);
#10414=CARTESIAN_POINT('',(-2.25,-11.87,4.48200000000002));
#10415=CARTESIAN_POINT('',(-2.25,-9.99988089297204,4.48200000000002));
#10416=VECTOR('',#11628,1.0);
#10417=CARTESIAN_POINT('',(-2.3,-11.87,4.48200000000002));
#10418=CARTESIAN_POINT('',(-2.25,-11.87,4.48200000000002));
#10419=VECTOR('',#11629,1.0);
#10420=CARTESIAN_POINT('',(-2.3,-8.67422722559197,4.48200000000002));
#10421=VECTOR('',#11630,1.0);
#10422=COLOUR_RGB('',0.431372553110123,0.862745106220245,0.549019634723663);
#10423=CARTESIAN_POINT('',(-2.3,-11.87,-4.46800000000002));
#10424=CARTESIAN_POINT('',(-2.3,-11.87,-0.0133964118029626));
#10425=VECTOR('',#11631,1.0);
#10426=CARTESIAN_POINT('',(-2.25,-11.87,-4.46800000000002));
#10427=CARTESIAN_POINT('',(-2.25,-11.87,4.48200000000002));
#10428=VECTOR('',#11632,1.0);
#10429=CARTESIAN_POINT('',(-2.25,-11.87,-4.46800000000002));
#10430=VECTOR('',#11633,1.0);
#10431=COLOUR_RGB('',0.431372553110123,0.862745106220245,0.549019634723663);
#10432=CARTESIAN_POINT('',(-2.3,-10.0108,-4.46800000000002));
#10433=CARTESIAN_POINT('',(-2.3,-8.67422722559197,-4.46800000000002));
#10434=VECTOR('',#11634,1.0);
#10435=CARTESIAN_POINT('',(-2.25,-10.0108,-4.46800000000002));
#10436=CARTESIAN_POINT('',(-2.25,-11.87,-4.46800000000002));
#10437=VECTOR('',#11635,1.0);
#10438=CARTESIAN_POINT('',(5.275,-10.0108,-4.46800000000002));
#10439=VECTOR('',#11636,1.0);
#10440=COLOUR_RGB('',0.431372553110123,0.862745106220245,0.549019634723663);
#10441=CARTESIAN_POINT('',(-2.3,-11.84,-4.43800000000002));
#10442=CARTESIAN_POINT('',(-2.3,-11.84,4.45200000000002));
#10443=CARTESIAN_POINT('',(-2.3,-11.84,-0.0133964118029626));
#10444=VECTOR('',#11637,1.0);
#10445=CARTESIAN_POINT('',(-2.25,-11.84,-4.43800000000002));
#10446=CARTESIAN_POINT('',(-2.25,-11.84,-4.43800000000002));
#10447=VECTOR('',#11638,1.0);
#10448=CARTESIAN_POINT('',(-2.25,-11.84,4.45200000000002));
#10449=CARTESIAN_POINT('',(-2.25,-11.84,4.45200000000002));
#10450=VECTOR('',#11639,1.0);
#10451=CARTESIAN_POINT('',(-2.25,-11.84,4.45200000000002));
#10452=VECTOR('',#11640,1.0);
#10453=COLOUR_RGB('',0.431372553110123,0.862745106220245,0.549019634723663);
#10454=CARTESIAN_POINT('',(-2.25,-10.0108,4.45200000000002));
#10455=VECTOR('',#11641,1.0);
#10456=CARTESIAN_POINT('',(-2.25,-10.0108,-4.43800000000002));
#10457=CARTESIAN_POINT('',(-2.25,-11.84,-4.43800000000002));
#10458=VECTOR('',#11642,1.0);
#10459=CARTESIAN_POINT('',(-2.25,-10.0108,-2.406));
#10460=VECTOR('',#11643,1.0);
#10461=COLOUR_RGB('',0.431372553110123,0.862745106220245,0.549019634723663);
#10462=CARTESIAN_POINT('',(-2.3,-9.8076,4.45200000000002));
#10463=VECTOR('',#11644,1.0);
#10464=CARTESIAN_POINT('',(-2.3,-5.00699999999996,5.2));
#10465=CARTESIAN_POINT('',(-2.3,-9.8076,5.2));
#10466=VECTOR('',#11645,1.0);
#10467=CARTESIAN_POINT('',(-2.3,-5.00699999999996,3.23280000000002));
#10468=CARTESIAN_POINT('',(-2.3,-5.00699999999996,3.23280000000002));
#10469=VECTOR('',#11646,1.0);
#10470=CARTESIAN_POINT('',(-2.3,-1.62879999999998,2.49620000000002));
#10471=CARTESIAN_POINT('',(-2.3,-1.62879999999998,2.49620000000002));
#10472=VECTOR('',#11647,0.999999999999999);
#10473=CARTESIAN_POINT('',(-2.3,-1.62879999999998,1.98820000000003));
#10474=CARTESIAN_POINT('',(-2.3,-1.62879999999998,1.98820000000003));
#10475=VECTOR('',#11648,1.0);
#10476=CARTESIAN_POINT('',(-2.3,-0.612800000000002,1.98820000000003));
#10477=CARTESIAN_POINT('',(-2.3,-0.612800000000002,1.98820000000003));
#10478=VECTOR('',#11649,1.0);
#10479=CARTESIAN_POINT('',(-2.3,-0.612800000000002,3.00420000000006));
#10480=CARTESIAN_POINT('',(-2.3,-0.612800000000002,3.00420000000006));
#10481=VECTOR('',#11650,1.0);
#10482=CARTESIAN_POINT('',(-2.3,-1.77635683940025E-15,3.00420000000006));
#10483=CARTESIAN_POINT('',(-2.3,-1.77635683940025E-15,3.00420000000006));
#10484=VECTOR('',#11651,1.0);
#10485=CARTESIAN_POINT('',(-2.3,-1.77635683940025E-15,-1.99959999999992));
#10486=CARTESIAN_POINT('',(-2.3,-1.77635683940025E-15,3.00420000000006));
#10487=VECTOR('',#11652,1.0);
#10488=CARTESIAN_POINT('',(-2.3,-0.300000000000002,-1.99959999999992));
#10489=CARTESIAN_POINT('',(-2.3,-0.300000000000002,-1.99959999999992));
#10490=VECTOR('',#11653,1.0);
#10491=CARTESIAN_POINT('',(-2.3,-0.300000000000002,-5.2));
#10492=CARTESIAN_POINT('',(-2.3,-0.300000000000002,-1.99959999999992));
#10493=VECTOR('',#11654,1.0);
#10494=CARTESIAN_POINT('',(-2.3,-0.917600000000013,-5.2));
#10495=CARTESIAN_POINT('',(-2.3,-0.917600000000013,-5.2));
#10496=VECTOR('',#11655,1.0);
#10497=CARTESIAN_POINT('',(-2.3,-0.917600000000013,-4.43800000000002));
#10498=CARTESIAN_POINT('',(-2.3,-0.917600000000013,-4.43800000000002));
#10499=VECTOR('',#11656,1.0);
#10500=CARTESIAN_POINT('',(-2.3,-8.66945700234896,-4.43800000000002));
#10501=VECTOR('',#11657,1.0);
#10502=COLOUR_RGB('',0.431372553110123,0.862745106220245,0.549019634723663);
#10503=CARTESIAN_POINT('',(-2.3,-10.0108,-5.2));
#10504=CARTESIAN_POINT('',(-2.3,-10.0108,-5.2));
#10505=VECTOR('',#11658,1.0);
#10506=CARTESIAN_POINT('',(-2.3,-10.0108,-5.2));
#10507=VECTOR('',#11659,1.0);
#10508=CARTESIAN_POINT('',(-2.3,-12.5,5.2));
#10509=VECTOR('',#11660,1.0);
#10510=COLOUR_RGB('',0.431372553110123,0.862745106220245,0.549019634723663);
#10511=CARTESIAN_POINT('',(12.8,-10.0108,-5.2));
#10512=CARTESIAN_POINT('',(12.8,-10.0108,-5.2));
#10513=VECTOR('',#11661,1.0);
#10514=CARTESIAN_POINT('',(12.8,-10.0108,-5.2));
#10515=VECTOR('',#11662,1.0);
#10516=CARTESIAN_POINT('',(12.8,-10.0108,-4.43800000000002));
#10517=VECTOR('',#11663,1.0);
#10518=COLOUR_RGB('',0.431372553110123,0.862745106220245,0.549019634723663);
#10519=CARTESIAN_POINT('',(12.015,-0.612800000000002,1.98820000000003));
#10520=CARTESIAN_POINT('',(12.015,-0.612800000000002,2.49620000000004));
#10521=CARTESIAN_POINT('',(12.015,-0.612800000000002,2.31920000000004));
#10522=VECTOR('',#11664,1.0);
#10523=CARTESIAN_POINT('',(12.015,-1.62879999999998,1.98820000000003));
#10524=CARTESIAN_POINT('',(12.015,-1.12079999999999,1.98820000000003));
#10525=VECTOR('',#11665,1.0);
#10526=CARTESIAN_POINT('',(12.015,-1.62879999999998,2.49620000000002));
#10527=CARTESIAN_POINT('',(12.015,-1.62879999999998,2.19220000000003));
#10528=VECTOR('',#11666,1.0);
#10529=CARTESIAN_POINT('',(12.015,-1.82879999999998,2.49620000000002));
#10530=VECTOR('',#11667,1.0);
#10531=COLOUR_RGB('',0.431372553110123,0.862745106220245,0.549019634723663);
#10532=CARTESIAN_POINT('',(12.485,-0.612800000000002,2.49620000000004));
#10533=CARTESIAN_POINT('',(12.6425,-0.612800000000002,2.49620000000004));
#10534=VECTOR('',#11668,1.0);
#10535=CARTESIAN_POINT('',(12.485,-1.62879999999998,2.49620000000002));
#10536=CARTESIAN_POINT('',(12.8,-1.62879999999998,2.49620000000002));
#10537=VECTOR('',#11669,1.0);
#10538=CARTESIAN_POINT('',(12.485,-1.82879999999998,2.49620000000002));
#10539=VECTOR('',#11670,1.0);
#10540=COLOUR_RGB('',0.431372553110123,0.862745106220245,0.549019634723663);
#10541=CARTESIAN_POINT('',(12.485,-0.612800000000002,1.98820000000003));
#10542=CARTESIAN_POINT('',(12.485,-0.612800000000002,2.31920000000004));
#10543=VECTOR('',#11671,1.0);
#10544=CARTESIAN_POINT('',(12.485,-1.62879999999998,1.98820000000003));
#10545=CARTESIAN_POINT('',(12.485,-1.62879999999998,2.19220000000003));
#10546=VECTOR('',#11672,1.0);
#10547=CARTESIAN_POINT('',(12.485,-1.12079999999999,1.98820000000003));
#10548=VECTOR('',#11673,1.0);
#10549=COLOUR_RGB('',0.431372553110123,0.862745106220245,0.549019634723663);
#10550=CARTESIAN_POINT('',(12.8,-0.612800000000002,1.98820000000003));
#10551=VECTOR('',#11674,1.0);
#10552=CARTESIAN_POINT('',(12.8,-0.612800000000002,3.00420000000006));
#10553=VECTOR('',#11675,1.0);
#10554=CARTESIAN_POINT('',(-1.985,-0.612800000000002,1.98820000000003));
#10555=CARTESIAN_POINT('',(12.8,-0.612800000000002,1.98820000000003));
#10556=VECTOR('',#11676,1.0);
#10557=CARTESIAN_POINT('',(-1.985,-0.612800000000002,2.49620000000004));
#10558=CARTESIAN_POINT('',(-1.985,-0.612800000000002,2.31920000000004));
#10559=VECTOR('',#11677,1.0);
#10560=CARTESIAN_POINT('',(-1.515,-0.612800000000002,2.49620000000004));
#10561=CARTESIAN_POINT('',(5.6425,-0.612800000000002,2.49620000000004));
#10562=VECTOR('',#11678,1.0);
#10563=CARTESIAN_POINT('',(-1.515,-0.612800000000002,1.98820000000003));
#10564=CARTESIAN_POINT('',(-1.515,-0.612800000000002,2.31920000000004));
#10565=VECTOR('',#11679,1.0);
#10566=CARTESIAN_POINT('',(1.515,-0.612800000000002,1.98820000000003));
#10567=CARTESIAN_POINT('',(12.8,-0.612800000000002,1.98820000000003));
#10568=VECTOR('',#11680,1.0);
#10569=CARTESIAN_POINT('',(1.515,-0.612800000000002,2.49620000000004));
#10570=CARTESIAN_POINT('',(1.515,-0.612800000000002,2.31920000000004));
#10571=VECTOR('',#11681,1.0);
#10572=CARTESIAN_POINT('',(1.985,-0.612800000000002,2.49620000000004));
#10573=CARTESIAN_POINT('',(7.3925,-0.612800000000002,2.49620000000004));
#10574=VECTOR('',#11682,1.0);
#10575=CARTESIAN_POINT('',(1.985,-0.612800000000002,1.98820000000003));
#10576=CARTESIAN_POINT('',(1.985,-0.612800000000002,2.31920000000004));
#10577=VECTOR('',#11683,1.0);
#10578=CARTESIAN_POINT('',(5.015,-0.612800000000002,1.98820000000003));
#10579=CARTESIAN_POINT('',(12.8,-0.612800000000002,1.98820000000003));
#10580=VECTOR('',#11684,1.0);
#10581=CARTESIAN_POINT('',(5.015,-0.612800000000002,2.49620000000004));
#10582=CARTESIAN_POINT('',(5.015,-0.612800000000002,2.31920000000004));
#10583=VECTOR('',#11685,1.0);
#10584=CARTESIAN_POINT('',(5.485,-0.612800000000002,2.49620000000004));
#10585=CARTESIAN_POINT('',(9.1425,-0.612800000000002,2.49620000000004));
#10586=VECTOR('',#11686,1.0);
#10587=CARTESIAN_POINT('',(5.485,-0.612800000000002,1.98820000000003));
#10588=CARTESIAN_POINT('',(5.485,-0.612800000000002,2.31920000000004));
#10589=VECTOR('',#11687,1.0);
#10590=CARTESIAN_POINT('',(8.515,-0.612800000000002,1.98820000000003));
#10591=CARTESIAN_POINT('',(12.8,-0.612800000000002,1.98820000000003));
#10592=VECTOR('',#11688,1.0);
#10593=CARTESIAN_POINT('',(8.515,-0.612800000000002,2.49620000000004));
#10594=CARTESIAN_POINT('',(8.515,-0.612800000000002,2.31920000000004));
#10595=VECTOR('',#11689,1.0);
#10596=CARTESIAN_POINT('',(8.985,-0.612800000000002,2.49620000000004));
#10597=CARTESIAN_POINT('',(10.8925,-0.612800000000002,2.49620000000004));
#10598=VECTOR('',#11690,1.0);
#10599=CARTESIAN_POINT('',(8.985,-0.612800000000002,1.98820000000003));
#10600=CARTESIAN_POINT('',(8.985,-0.612800000000002,2.31920000000004));
#10601=VECTOR('',#11691,1.0);
#10602=CARTESIAN_POINT('',(12.8,-0.612800000000002,1.98820000000003));
#10603=VECTOR('',#11692,1.0);
#10604=COLOUR_RGB('',0.431372553110123,0.862745106220245,0.549019634723663);
#10605=CARTESIAN_POINT('',(12.8,-1.62879999999998,1.98820000000003));
#10606=VECTOR('',#11693,1.0);
#10607=COLOUR_RGB('',0.431372553110123,0.862745106220245,0.549019634723663);
#10608=CARTESIAN_POINT('',(12.8,-1.62879999999998,2.49620000000002));
#10609=VECTOR('',#11694,1.0);
#10610=COLOUR_RGB('',0.431372553110123,0.862745106220245,0.549019634723663);
#10611=CARTESIAN_POINT('',(8.515,-1.62879999999998,1.98820000000003));
#10612=CARTESIAN_POINT('',(8.515,-1.12079999999999,1.98820000000003));
#10613=VECTOR('',#11695,1.0);
#10614=CARTESIAN_POINT('',(8.515,-1.62879999999998,2.49620000000002));
#10615=CARTESIAN_POINT('',(8.515,-1.62879999999998,2.19220000000003));
#10616=VECTOR('',#11696,1.0);
#10617=CARTESIAN_POINT('',(8.515,-1.82879999999998,2.49620000000002));
#10618=VECTOR('',#11697,1.0);
#10619=COLOUR_RGB('',0.431372553110123,0.862745106220245,0.549019634723663);
#10620=CARTESIAN_POINT('',(8.985,-1.62879999999998,2.49620000000002));
#10621=CARTESIAN_POINT('',(12.8,-1.62879999999998,2.49620000000002));
#10622=VECTOR('',#11698,1.0);
#10623=CARTESIAN_POINT('',(8.985,-1.82879999999998,2.49620000000002));
#10624=VECTOR('',#11699,1.0);
#10625=COLOUR_RGB('',0.431372553110123,0.862745106220245,0.549019634723663);
#10626=CARTESIAN_POINT('',(8.985,-1.62879999999998,1.98820000000003));
#10627=CARTESIAN_POINT('',(8.985,-1.62879999999998,2.19220000000003));
#10628=VECTOR('',#11700,1.0);
#10629=CARTESIAN_POINT('',(8.985,-1.12079999999999,1.98820000000003));
#10630=VECTOR('',#11701,1.0);
#10631=COLOUR_RGB('',0.431372553110123,0.862745106220245,0.549019634723663);
#10632=CARTESIAN_POINT('',(12.8,-1.62879999999998,1.98820000000003));
#10633=VECTOR('',#11702,1.0);
#10634=COLOUR_RGB('',0.431372553110123,0.862745106220245,0.549019634723663);
#10635=CARTESIAN_POINT('',(12.8,-1.62879999999998,2.49620000000002));
#10636=VECTOR('',#11703,1.0);
#10637=COLOUR_RGB('',0.431372553110123,0.862745106220245,0.549019634723663);
#10638=CARTESIAN_POINT('',(5.015,-1.62879999999998,1.98820000000003));
#10639=CARTESIAN_POINT('',(5.015,-1.12079999999999,1.98820000000003));
#10640=VECTOR('',#11704,1.0);
#10641=CARTESIAN_POINT('',(5.015,-1.62879999999998,2.49620000000002));
#10642=CARTESIAN_POINT('',(5.015,-1.62879999999998,2.19220000000003));
#10643=VECTOR('',#11705,1.0);
#10644=CARTESIAN_POINT('',(5.015,-1.82879999999998,2.49620000000002));
#10645=VECTOR('',#11706,1.0);
#10646=COLOUR_RGB('',0.431372553110123,0.862745106220245,0.549019634723663);
#10647=CARTESIAN_POINT('',(5.485,-1.62879999999998,2.49620000000002));
#10648=CARTESIAN_POINT('',(12.8,-1.62879999999998,2.49620000000002));
#10649=VECTOR('',#11707,1.0);
#10650=CARTESIAN_POINT('',(5.485,-1.82879999999998,2.49620000000002));
#10651=VECTOR('',#11708,1.0);
#10652=COLOUR_RGB('',0.431372553110123,0.862745106220245,0.549019634723663);
#10653=CARTESIAN_POINT('',(5.485,-1.62879999999998,1.98820000000003));
#10654=CARTESIAN_POINT('',(5.485,-1.62879999999998,2.19220000000003));
#10655=VECTOR('',#11709,1.0);
#10656=CARTESIAN_POINT('',(5.485,-1.12079999999999,1.98820000000003));
#10657=VECTOR('',#11710,1.0);
#10658=COLOUR_RGB('',0.431372553110123,0.862745106220245,0.549019634723663);
#10659=CARTESIAN_POINT('',(12.8,-1.62879999999998,1.98820000000003));
#10660=VECTOR('',#11711,1.0);
#10661=COLOUR_RGB('',0.431372553110123,0.862745106220245,0.549019634723663);
#10662=CARTESIAN_POINT('',(12.8,-1.62879999999998,2.49620000000002));
#10663=VECTOR('',#11712,1.0);
#10664=COLOUR_RGB('',0.431372553110123,0.862745106220245,0.549019634723663);
#10665=CARTESIAN_POINT('',(1.515,-1.62879999999998,1.98820000000003));
#10666=CARTESIAN_POINT('',(1.515,-1.12079999999999,1.98820000000003));
#10667=VECTOR('',#11713,1.0);
#10668=CARTESIAN_POINT('',(1.515,-1.62879999999998,2.49620000000002));
#10669=CARTESIAN_POINT('',(1.515,-1.62879999999998,2.19220000000003));
#10670=VECTOR('',#11714,1.0);
#10671=CARTESIAN_POINT('',(1.515,-1.82879999999998,2.49620000000002));
#10672=VECTOR('',#11715,1.0);
#10673=COLOUR_RGB('',0.431372553110123,0.862745106220245,0.549019634723663);
#10674=CARTESIAN_POINT('',(1.985,-1.62879999999998,2.49620000000002));
#10675=CARTESIAN_POINT('',(12.8,-1.62879999999998,2.49620000000002));
#10676=VECTOR('',#11716,1.0);
#10677=CARTESIAN_POINT('',(1.985,-1.82879999999998,2.49620000000002));
#10678=VECTOR('',#11717,1.0);
#10679=COLOUR_RGB('',0.431372553110123,0.862745106220245,0.549019634723663);
#10680=CARTESIAN_POINT('',(1.985,-1.62879999999998,1.98820000000003));
#10681=CARTESIAN_POINT('',(1.985,-1.62879999999998,2.19220000000003));
#10682=VECTOR('',#11718,1.0);
#10683=CARTESIAN_POINT('',(1.985,-1.12079999999999,1.98820000000003));
#10684=VECTOR('',#11719,1.0);
#10685=COLOUR_RGB('',0.431372553110123,0.862745106220245,0.549019634723663);
#10686=CARTESIAN_POINT('',(12.8,-1.62879999999998,1.98820000000003));
#10687=VECTOR('',#11720,1.0);
#10688=COLOUR_RGB('',0.431372553110123,0.862745106220245,0.549019634723663);
#10689=CARTESIAN_POINT('',(12.8,-1.62879999999998,2.49620000000002));
#10690=VECTOR('',#11721,1.0);
#10691=COLOUR_RGB('',0.431372553110123,0.862745106220245,0.549019634723663);
#10692=CARTESIAN_POINT('',(-1.985,-1.62879999999998,1.98820000000003));
#10693=CARTESIAN_POINT('',(-1.985,-1.12079999999999,1.98820000000003));
#10694=VECTOR('',#11722,1.0);
#10695=CARTESIAN_POINT('',(-1.985,-1.62879999999998,2.49620000000002));
#10696=CARTESIAN_POINT('',(-1.985,-1.62879999999998,2.19220000000003));
#10697=VECTOR('',#11723,1.0);
#10698=CARTESIAN_POINT('',(-1.985,-1.82879999999998,2.49620000000002));
#10699=VECTOR('',#11724,1.0);
#10700=COLOUR_RGB('',0.431372553110123,0.862745106220245,0.549019634723663);
#10701=CARTESIAN_POINT('',(-1.515,-1.62879999999998,2.49620000000002));
#10702=CARTESIAN_POINT('',(12.8,-1.62879999999998,2.49620000000002));
#10703=VECTOR('',#11725,1.0);
#10704=CARTESIAN_POINT('',(-1.515,-1.82879999999998,2.49620000000002));
#10705=VECTOR('',#11726,1.0);
#10706=COLOUR_RGB('',0.431372553110123,0.862745106220245,0.549019634723663);
#10707=CARTESIAN_POINT('',(-1.515,-1.62879999999998,1.98820000000003));
#10708=CARTESIAN_POINT('',(-1.515,-1.62879999999998,2.19220000000003));
#10709=VECTOR('',#11727,1.0);
#10710=CARTESIAN_POINT('',(-1.515,-1.12079999999999,1.98820000000003));
#10711=VECTOR('',#11728,1.0);
#10712=COLOUR_RGB('',0.431372553110123,0.862745106220245,0.549019634723663);
#10713=CARTESIAN_POINT('',(12.8,-1.62879999999998,1.98820000000003));
#10714=VECTOR('',#11729,1.0);
#10715=COLOUR_RGB('',0.431372553110123,0.862745106220245,0.549019634723663);
#10716=CARTESIAN_POINT('',(12.8,-1.62879999999998,2.49620000000002));
#10717=VECTOR('',#11730,1.0);
#10718=COLOUR_RGB('',0.431372553110123,0.862745106220245,0.549019634723663);
#10719=CARTESIAN_POINT('',(12.8,-12.5,5.2));
#10720=VECTOR('',#11731,1.0);
#10721=COLOUR_RGB('',0.431372553110123,0.862745106220245,0.549019634723663);
#10722=CARTESIAN_POINT('',(12.8,-10.0108,-5.2));
#10723=VECTOR('',#11732,1.0);
#10724=COLOUR_RGB('',0.431372553110123,0.862745106220245,0.549019634723663);
#10725=CARTESIAN_POINT('',(12.8,-0.917600000000013,-4.43800000000002));
#10726=VECTOR('',#11733,1.0);
#10727=COLOUR_RGB('',0.431372553110123,0.862745106220245,0.549019634723663);
#10728=CARTESIAN_POINT('',(12.8,-0.917600000000013,-5.2));
#10729=VECTOR('',#11734,1.0);
#10730=COLOUR_RGB('',0.431372553110123,0.862745106220245,0.549019634723663);
#10731=CARTESIAN_POINT('',(12.8,-0.300000000000002,-5.2));
#10732=VECTOR('',#11735,1.0);
#10733=COLOUR_RGB('',0.431372553110123,0.862745106220245,0.549019634723663);
#10734=CARTESIAN_POINT('',(12.8,-0.300000000000002,-1.99959999999992));
#10735=VECTOR('',#11736,1.0);
#10736=COLOUR_RGB('',0.431372553110123,0.862745106220245,0.549019634723663);
#10737=CARTESIAN_POINT('',(12.8,-1.77635683940025E-15,-1.99959999999992));
#10738=VECTOR('',#11737,1.0);
#10739=COLOUR_RGB('',0.431372553110123,0.862745106220245,0.549019634723663);
#10740=CARTESIAN_POINT('',(12.8,-1.77635683940025E-15,3.00420000000006));
#10741=VECTOR('',#11738,1.0);
#10742=COLOUR_RGB('',0.431372553110123,0.862745106220245,0.549019634723663);
#10743=COLOUR_RGB('',0.431372553110123,0.862745106220245,0.549019634723663);
#10744=CARTESIAN_POINT('',(12.8,-1.62879999999998,1.98820000000003));
#10745=VECTOR('',#11739,1.0);
#10746=COLOUR_RGB('',0.431372553110123,0.862745106220245,0.549019634723663);
#10747=CARTESIAN_POINT('',(12.8,-1.62879999999998,2.49620000000002));
#10748=VECTOR('',#11740,1.0);
#10749=COLOUR_RGB('',0.431372553110123,0.862745106220245,0.549019634723663);
#10750=CARTESIAN_POINT('',(12.8,-5.00699999999996,3.23280000000002));
#10751=VECTOR('',#11741,1.0);
#10752=COLOUR_RGB('',0.431372553110123,0.862745106220245,0.549019634723663);
#10753=CARTESIAN_POINT('',(12.8,-5.00699999999996,5.2));
#10754=VECTOR('',#11742,1.0);
#10755=COLOUR_RGB('',0.431372553110123,0.862745106220245,0.549019634723663);
#10756=COLOUR_RGB('',0.431372553110123,0.862745106220245,0.549019634723663);
#10757=COLOUR_RGB('',0.431372553110123,0.862745106220245,0.549019634723663);
#10758=DIRECTION('',(-0.0,-1.0,-0.0));
#10759=CARTESIAN_POINT('',(0.0,-12.5,0.0));
#10760=DIRECTION('',(-0.0,1.0,0.0));
#10761=DIRECTION('',(1.0,0.0,0.0));
#10762=DIRECTION('',(-0.0,1.0,-0.0));
#10763=CARTESIAN_POINT('',(0.0,-18.7,0.0));
#10764=DIRECTION('',(-0.0,1.0,0.0));
#10765=DIRECTION('',(1.0,0.0,0.0));
#10766=DIRECTION('',(0.707106781186547,-0.707106781186548,8.65956056235493E-17));
#10767=DIRECTION('',(0.707106781186547,0.707106781186548,8.65956056235493E-17));
#10768=CARTESIAN_POINT('',(0.0,-19.1,0.0));
#10769=DIRECTION('',(-7.49879891330929E-33,1.0,6.12323399573676E-17));
#10770=DIRECTION('',(1.0,7.49879891330929E-33,4.59169004331693E-49));
#10771=DIRECTION('',(-0.0,-1.0,-0.0));
#10772=CARTESIAN_POINT('',(3.5,-12.5,0.0));
#10773=DIRECTION('',(-0.0,1.0,0.0));
#10774=DIRECTION('',(1.0,0.0,0.0));
#10775=DIRECTION('',(-0.0,1.0,-0.0));
#10776=CARTESIAN_POINT('',(3.5,-18.7,0.0));
#10777=DIRECTION('',(-0.0,1.0,0.0));
#10778=DIRECTION('',(1.0,0.0,0.0));
#10779=DIRECTION('',(0.707106781186547,-0.707106781186548,8.65956056235493E-17));
#10780=DIRECTION('',(0.707106781186547,0.707106781186548,8.65956056235493E-17));
#10781=CARTESIAN_POINT('',(3.5,-19.1,0.0));
#10782=DIRECTION('',(-7.49879891330929E-33,1.0,6.12323399573676E-17));
#10783=DIRECTION('',(1.0,7.49879891330929E-33,4.59169004331693E-49));
#10784=DIRECTION('',(-0.0,-1.0,-0.0));
#10785=CARTESIAN_POINT('',(7.0,-12.5,0.0));
#10786=DIRECTION('',(-0.0,1.0,0.0));
#10787=DIRECTION('',(1.0,0.0,0.0));
#10788=DIRECTION('',(-0.0,1.0,-0.0));
#10789=CARTESIAN_POINT('',(7.0,-18.7,0.0));
#10790=DIRECTION('',(-0.0,1.0,0.0));
#10791=DIRECTION('',(1.0,0.0,0.0));
#10792=DIRECTION('',(0.707106781186547,-0.707106781186548,8.65956056235493E-17));
#10793=DIRECTION('',(0.707106781186547,0.707106781186548,8.65956056235493E-17));
#10794=CARTESIAN_POINT('',(7.0,-19.1,0.0));
#10795=DIRECTION('',(-7.49879891330929E-33,1.0,6.12323399573676E-17));
#10796=DIRECTION('',(1.0,7.49879891330929E-33,4.59169004331693E-49));
#10797=DIRECTION('',(-0.0,-1.0,-0.0));
#10798=CARTESIAN_POINT('',(10.5,-12.5,0.0));
#10799=DIRECTION('',(-0.0,1.0,0.0));
#10800=DIRECTION('',(1.0,0.0,0.0));
#10801=DIRECTION('',(-0.0,1.0,-0.0));
#10802=CARTESIAN_POINT('',(10.5,-18.7,0.0));
#10803=DIRECTION('',(-0.0,1.0,0.0));
#10804=DIRECTION('',(1.0,0.0,0.0));
#10805=DIRECTION('',(0.707106781186548,-0.707106781186547,8.65956056235492E-17));
#10806=DIRECTION('',(0.707106781186548,0.707106781186547,8.65956056235493E-17));
#10807=CARTESIAN_POINT('',(10.5,-19.1,0.0));
#10808=DIRECTION('',(-7.49879891330929E-33,1.0,6.12323399573676E-17));
#10809=DIRECTION('',(1.0,7.49879891330929E-33,4.59169004331693E-49));
#10810=DIRECTION('',(-0.707106781186548,-0.707106781186547,-8.65956056235493E-17));
#10811=CARTESIAN_POINT('',(0.0,-1.77635683940025E-15,0.0));
#10812=DIRECTION('',(0.0,-1.0,0.0));
#10813=DIRECTION('',(1.0,0.0,0.0));
#10814=DIRECTION('',(-0.707106781186548,0.707106781186547,-8.65956056235493E-17));
#10815=CARTESIAN_POINT('',(0.0,-0.253999999999992,0.0));
#10816=DIRECTION('',(-0.0,1.0,0.0));
#10817=DIRECTION('',(1.0,0.0,0.0));
#10818=DIRECTION('',(-0.0,-1.0,-0.0));
#10819=DIRECTION('',(-0.0,1.0,-0.0));
#10820=CARTESIAN_POINT('',(0.0,-1.77800000000001,0.0));
#10821=DIRECTION('',(-0.0,1.0,0.0));
#10822=DIRECTION('',(1.0,0.0,0.0));
#10823=DIRECTION('',(-0.707106781186548,-0.707106781186547,-8.65956056235493E-17));
#10824=CARTESIAN_POINT('',(3.5,-1.77635683940025E-15,0.0));
#10825=DIRECTION('',(0.0,-1.0,0.0));
#10826=DIRECTION('',(1.0,0.0,0.0));
#10827=DIRECTION('',(-0.707106781186548,0.707106781186547,-8.65956056235493E-17));
#10828=CARTESIAN_POINT('',(3.5,-0.253999999999992,0.0));
#10829=DIRECTION('',(-0.0,1.0,0.0));
#10830=DIRECTION('',(1.0,0.0,0.0));
#10831=DIRECTION('',(-0.0,-1.0,-0.0));
#10832=DIRECTION('',(-0.0,1.0,-0.0));
#10833=CARTESIAN_POINT('',(3.5,-1.77800000000001,0.0));
#10834=DIRECTION('',(-0.0,1.0,0.0));
#10835=DIRECTION('',(1.0,0.0,0.0));
#10836=DIRECTION('',(-0.707106781186548,-0.707106781186547,-8.65956056235493E-17));
#10837=CARTESIAN_POINT('',(7.0,-1.77635683940025E-15,0.0));
#10838=DIRECTION('',(0.0,-1.0,0.0));
#10839=DIRECTION('',(1.0,0.0,0.0));
#10840=DIRECTION('',(-0.707106781186548,0.707106781186547,-8.65956056235493E-17));
#10841=CARTESIAN_POINT('',(7.0,-0.253999999999992,0.0));
#10842=DIRECTION('',(-0.0,1.0,0.0));
#10843=DIRECTION('',(1.0,0.0,0.0));
#10844=DIRECTION('',(-0.0,-1.0,-0.0));
#10845=DIRECTION('',(-0.0,1.0,-0.0));
#10846=CARTESIAN_POINT('',(7.0,-1.77800000000001,0.0));
#10847=DIRECTION('',(-0.0,1.0,0.0));
#10848=DIRECTION('',(1.0,0.0,0.0));
#10849=DIRECTION('',(-0.707106781186548,-0.707106781186547,-8.65956056235493E-17));
#10850=CARTESIAN_POINT('',(10.5,-1.77635683940025E-15,0.0));
#10851=DIRECTION('',(0.0,-1.0,0.0));
#10852=DIRECTION('',(1.0,0.0,0.0));
#10853=DIRECTION('',(-0.707106781186548,0.707106781186547,-8.65956056235493E-17));
#10854=CARTESIAN_POINT('',(10.5,-0.253999999999992,0.0));
#10855=DIRECTION('',(-0.0,1.0,0.0));
#10856=DIRECTION('',(1.0,0.0,0.0));
#10857=DIRECTION('',(-0.0,-1.0,-0.0));
#10858=DIRECTION('',(-0.0,1.0,-0.0));
#10859=CARTESIAN_POINT('',(10.5,-1.77800000000001,0.0));
#10860=DIRECTION('',(-0.0,1.0,0.0));
#10861=DIRECTION('',(1.0,0.0,0.0));
#10862=DIRECTION('',(0.0,1.0,0.0));
#10863=CARTESIAN_POINT('',(0.0,-1.77800000000001,0.0));
#10864=DIRECTION('',(0.0,-1.0,0.0));
#10865=DIRECTION('',(1.0,0.0,0.0));
#10866=DIRECTION('',(-0.0,-1.0,-0.0));
#10867=CARTESIAN_POINT('',(0.0,-1.684,0.0));
#10868=DIRECTION('',(0.0,-1.0,0.0));
#10869=DIRECTION('',(1.0,0.0,0.0));
#10870=DIRECTION('',(0.0,1.0,0.0));
#10871=CARTESIAN_POINT('',(0.0,-1.1,0.0));
#10872=DIRECTION('',(-0.0,1.0,0.0));
#10873=DIRECTION('',(1.0,0.0,0.0));
#10874=DIRECTION('',(0.0,-1.0,0.0));
#10875=CARTESIAN_POINT('',(0.0,-1.684,0.0));
#10876=DIRECTION('',(0.0,-1.0,0.0));
#10877=DIRECTION('',(1.0,0.0,0.0));
#10878=DIRECTION('',(0.0,1.0,0.0));
#10879=CARTESIAN_POINT('',(3.5,-1.77800000000001,0.0));
#10880=DIRECTION('',(0.0,-1.0,0.0));
#10881=DIRECTION('',(1.0,0.0,0.0));
#10882=DIRECTION('',(-0.0,-1.0,-0.0));
#10883=CARTESIAN_POINT('',(3.5,-1.684,0.0));
#10884=DIRECTION('',(0.0,-1.0,0.0));
#10885=DIRECTION('',(1.0,0.0,0.0));
#10886=DIRECTION('',(0.0,1.0,0.0));
#10887=CARTESIAN_POINT('',(3.5,-1.1,0.0));
#10888=DIRECTION('',(-0.0,1.0,0.0));
#10889=DIRECTION('',(1.0,0.0,0.0));
#10890=DIRECTION('',(0.0,-1.0,0.0));
#10891=CARTESIAN_POINT('',(3.5,-1.684,0.0));
#10892=DIRECTION('',(0.0,-1.0,0.0));
#10893=DIRECTION('',(1.0,0.0,0.0));
#10894=DIRECTION('',(0.0,1.0,0.0));
#10895=CARTESIAN_POINT('',(7.0,-1.77800000000001,0.0));
#10896=DIRECTION('',(0.0,-1.0,0.0));
#10897=DIRECTION('',(1.0,0.0,0.0));
#10898=DIRECTION('',(-0.0,-1.0,-0.0));
#10899=CARTESIAN_POINT('',(7.0,-1.684,0.0));
#10900=DIRECTION('',(0.0,-1.0,0.0));
#10901=DIRECTION('',(1.0,0.0,0.0));
#10902=DIRECTION('',(0.0,1.0,0.0));
#10903=CARTESIAN_POINT('',(7.0,-1.1,0.0));
#10904=DIRECTION('',(-0.0,1.0,0.0));
#10905=DIRECTION('',(1.0,0.0,0.0));
#10906=DIRECTION('',(0.0,-1.0,0.0));
#10907=CARTESIAN_POINT('',(7.0,-1.684,0.0));
#10908=DIRECTION('',(0.0,-1.0,0.0));
#10909=DIRECTION('',(1.0,0.0,0.0));
#10910=DIRECTION('',(0.0,1.0,0.0));
#10911=CARTESIAN_POINT('',(10.5,-1.77800000000001,0.0));
#10912=DIRECTION('',(0.0,-1.0,0.0));
#10913=DIRECTION('',(1.0,0.0,0.0));
#10914=DIRECTION('',(-0.0,-1.0,-0.0));
#10915=CARTESIAN_POINT('',(10.5,-1.684,0.0));
#10916=DIRECTION('',(0.0,-1.0,0.0));
#10917=DIRECTION('',(1.0,0.0,0.0));
#10918=DIRECTION('',(0.0,1.0,0.0));
#10919=CARTESIAN_POINT('',(10.5,-1.1,0.0));
#10920=DIRECTION('',(-0.0,1.0,0.0));
#10921=DIRECTION('',(1.0,0.0,0.0));
#10922=DIRECTION('',(0.0,-1.0,0.0));
#10923=CARTESIAN_POINT('',(10.5,-1.684,0.0));
#10924=DIRECTION('',(0.0,-1.0,0.0));
#10925=DIRECTION('',(1.0,0.0,0.0));
#10926=CARTESIAN_POINT('',(10.5,-1.684,0.0));
#10927=DIRECTION('',(0.0,-1.0,0.0));
#10928=DIRECTION('',(1.0,0.0,0.0));
#10929=DIRECTION('',(0.0,1.0,0.0));
#10930=CARTESIAN_POINT('',(10.5,-1.1,0.0));
#10931=DIRECTION('',(-0.0,1.0,0.0));
#10932=DIRECTION('',(1.0,0.0,0.0));
#10933=DIRECTION('',(0.0,-1.0,0.0));
#10934=CARTESIAN_POINT('',(10.5,-1.684,0.0));
#10935=DIRECTION('',(0.0,-1.0,0.0));
#10936=DIRECTION('',(1.0,0.0,0.0));
#10937=CARTESIAN_POINT('',(10.5,-1.77800000000001,0.0));
#10938=DIRECTION('',(0.0,-1.0,0.0));
#10939=DIRECTION('',(1.0,0.0,0.0));
#10940=DIRECTION('',(-1.0,0.0,0.0));
#10941=DIRECTION('',(1.0,0.0,0.0));
#10942=DIRECTION('',(1.0,0.0,0.0));
#10943=DIRECTION('',(-1.0,0.0,0.0));
#10944=CARTESIAN_POINT('',(7.0,-1.684,0.0));
#10945=DIRECTION('',(0.0,-1.0,0.0));
#10946=DIRECTION('',(1.0,0.0,0.0));
#10947=DIRECTION('',(0.0,1.0,0.0));
#10948=CARTESIAN_POINT('',(7.0,-1.1,0.0));
#10949=DIRECTION('',(-0.0,1.0,0.0));
#10950=DIRECTION('',(1.0,0.0,0.0));
#10951=DIRECTION('',(0.0,-1.0,0.0));
#10952=CARTESIAN_POINT('',(7.0,-1.684,0.0));
#10953=DIRECTION('',(0.0,-1.0,0.0));
#10954=DIRECTION('',(1.0,0.0,0.0));
#10955=CARTESIAN_POINT('',(7.0,-1.77800000000001,0.0));
#10956=DIRECTION('',(0.0,-1.0,0.0));
#10957=DIRECTION('',(1.0,0.0,0.0));
#10958=DIRECTION('',(-1.0,0.0,0.0));
#10959=DIRECTION('',(1.0,0.0,0.0));
#10960=DIRECTION('',(1.0,0.0,0.0));
#10961=DIRECTION('',(-1.0,0.0,0.0));
#10962=CARTESIAN_POINT('',(3.5,-1.684,0.0));
#10963=DIRECTION('',(0.0,-1.0,0.0));
#10964=DIRECTION('',(1.0,0.0,0.0));
#10965=DIRECTION('',(0.0,1.0,0.0));
#10966=CARTESIAN_POINT('',(3.5,-1.1,0.0));
#10967=DIRECTION('',(-0.0,1.0,0.0));
#10968=DIRECTION('',(1.0,0.0,0.0));
#10969=DIRECTION('',(0.0,-1.0,0.0));
#10970=CARTESIAN_POINT('',(3.5,-1.684,0.0));
#10971=DIRECTION('',(0.0,-1.0,0.0));
#10972=DIRECTION('',(1.0,0.0,0.0));
#10973=CARTESIAN_POINT('',(3.5,-1.77800000000001,0.0));
#10974=DIRECTION('',(0.0,-1.0,0.0));
#10975=DIRECTION('',(1.0,0.0,0.0));
#10976=DIRECTION('',(-1.0,0.0,0.0));
#10977=DIRECTION('',(1.0,0.0,0.0));
#10978=DIRECTION('',(1.0,0.0,0.0));
#10979=DIRECTION('',(-1.0,0.0,0.0));
#10980=CARTESIAN_POINT('',(0.0,-1.684,0.0));
#10981=DIRECTION('',(0.0,-1.0,0.0));
#10982=DIRECTION('',(1.0,0.0,0.0));
#10983=DIRECTION('',(0.0,1.0,0.0));
#10984=CARTESIAN_POINT('',(0.0,-1.1,0.0));
#10985=DIRECTION('',(-0.0,1.0,0.0));
#10986=DIRECTION('',(1.0,0.0,0.0));
#10987=DIRECTION('',(0.0,-1.0,0.0));
#10988=CARTESIAN_POINT('',(0.0,-1.684,0.0));
#10989=DIRECTION('',(0.0,-1.0,0.0));
#10990=DIRECTION('',(1.0,0.0,0.0));
#10991=CARTESIAN_POINT('',(0.0,-1.77800000000001,0.0));
#10992=DIRECTION('',(0.0,-1.0,0.0));
#10993=DIRECTION('',(1.0,0.0,0.0));
#10994=DIRECTION('',(-1.0,0.0,0.0));
#10995=DIRECTION('',(1.0,0.0,0.0));
#10996=DIRECTION('',(1.0,0.0,0.0));
#10997=DIRECTION('',(-1.0,0.0,0.0));
#10998=CARTESIAN_POINT('',(10.5,-1.77800000000001,0.0));
#10999=DIRECTION('',(-0.0,1.0,0.0));
#11000=DIRECTION('',(1.0,0.0,0.0));
#11001=CARTESIAN_POINT('',(10.5,-0.253999999999992,0.0));
#11002=DIRECTION('',(-0.0,1.0,0.0));
#11003=DIRECTION('',(1.0,0.0,0.0));
#11004=CARTESIAN_POINT('',(10.5,-1.77635683940025E-15,0.0));
#11005=DIRECTION('',(0.0,-1.0,0.0));
#11006=DIRECTION('',(1.0,0.0,0.0));
#11007=CARTESIAN_POINT('',(7.0,-1.77800000000001,0.0));
#11008=DIRECTION('',(-0.0,1.0,0.0));
#11009=DIRECTION('',(1.0,0.0,0.0));
#11010=CARTESIAN_POINT('',(7.0,-0.253999999999992,0.0));
#11011=DIRECTION('',(-0.0,1.0,0.0));
#11012=DIRECTION('',(1.0,0.0,0.0));
#11013=CARTESIAN_POINT('',(7.0,-1.77635683940025E-15,0.0));
#11014=DIRECTION('',(0.0,-1.0,0.0));
#11015=DIRECTION('',(1.0,0.0,0.0));
#11016=CARTESIAN_POINT('',(3.5,-1.77800000000001,0.0));
#11017=DIRECTION('',(-0.0,1.0,0.0));
#11018=DIRECTION('',(1.0,0.0,0.0));
#11019=CARTESIAN_POINT('',(3.5,-0.253999999999992,0.0));
#11020=DIRECTION('',(-0.0,1.0,0.0));
#11021=DIRECTION('',(1.0,0.0,0.0));
#11022=CARTESIAN_POINT('',(3.5,-1.77635683940025E-15,0.0));
#11023=DIRECTION('',(0.0,-1.0,0.0));
#11024=DIRECTION('',(1.0,0.0,0.0));
#11025=CARTESIAN_POINT('',(0.0,-1.77800000000001,0.0));
#11026=DIRECTION('',(-0.0,1.0,0.0));
#11027=DIRECTION('',(1.0,0.0,0.0));
#11028=CARTESIAN_POINT('',(0.0,-0.253999999999992,0.0));
#11029=DIRECTION('',(-0.0,1.0,0.0));
#11030=DIRECTION('',(1.0,0.0,0.0));
#11031=CARTESIAN_POINT('',(0.0,-1.77635683940025E-15,0.0));
#11032=DIRECTION('',(0.0,-1.0,0.0));
#11033=DIRECTION('',(1.0,0.0,0.0));
#11034=CARTESIAN_POINT('',(10.5,-19.1,0.0));
#11035=DIRECTION('',(-7.49879891330929E-33,1.0,6.12323399573676E-17));
#11036=DIRECTION('',(1.0,7.49879891330929E-33,4.59169004331693E-49));
#11037=CARTESIAN_POINT('',(10.5,-18.7,0.0));
#11038=DIRECTION('',(-0.0,1.0,0.0));
#11039=DIRECTION('',(1.0,0.0,0.0));
#11040=CARTESIAN_POINT('',(10.5,-12.5,0.0));
#11041=DIRECTION('',(-0.0,1.0,0.0));
#11042=DIRECTION('',(1.0,0.0,0.0));
#11043=CARTESIAN_POINT('',(7.0,-19.1,0.0));
#11044=DIRECTION('',(-7.49879891330929E-33,1.0,6.12323399573676E-17));
#11045=DIRECTION('',(1.0,7.49879891330929E-33,4.59169004331693E-49));
#11046=CARTESIAN_POINT('',(7.0,-18.7,0.0));
#11047=DIRECTION('',(-0.0,1.0,0.0));
#11048=DIRECTION('',(1.0,0.0,0.0));
#11049=CARTESIAN_POINT('',(7.0,-12.5,0.0));
#11050=DIRECTION('',(-0.0,1.0,0.0));
#11051=DIRECTION('',(1.0,0.0,0.0));
#11052=CARTESIAN_POINT('',(3.5,-19.1,0.0));
#11053=DIRECTION('',(-7.49879891330929E-33,1.0,6.12323399573676E-17));
#11054=DIRECTION('',(1.0,7.49879891330929E-33,4.59169004331693E-49));
#11055=CARTESIAN_POINT('',(3.5,-18.7,0.0));
#11056=DIRECTION('',(-0.0,1.0,0.0));
#11057=DIRECTION('',(1.0,0.0,0.0));
#11058=CARTESIAN_POINT('',(3.5,-12.5,0.0));
#11059=DIRECTION('',(-0.0,1.0,0.0));
#11060=DIRECTION('',(1.0,0.0,0.0));
#11061=CARTESIAN_POINT('',(0.0,-19.1,0.0));
#11062=DIRECTION('',(-7.49879891330929E-33,1.0,6.12323399573676E-17));
#11063=DIRECTION('',(1.0,7.49879891330929E-33,4.59169004331693E-49));
#11064=CARTESIAN_POINT('',(0.0,-18.7,0.0));
#11065=DIRECTION('',(-0.0,1.0,0.0));
#11066=DIRECTION('',(1.0,0.0,0.0));
#11067=CARTESIAN_POINT('',(0.0,-12.5,0.0));
#11068=DIRECTION('',(-0.0,1.0,0.0));
#11069=DIRECTION('',(1.0,0.0,0.0));
#11070=DIRECTION('',(-1.4150238487891E-17,-6.12303176911189E-17,1.0));
#11071=DIRECTION('',(7.49879891330929E-33,-1.0,-6.12323399573676E-17));
#11072=DIRECTION('',(-1.4150238487891E-17,-6.12323399573676E-17,1.0));
#11073=DIRECTION('',(7.49879891330929E-33,-1.0,-6.12323399573676E-17));
#11074=DIRECTION('',(-1.0,1.19268132643464E-30,-1.94173751768485E-14));
#11075=DIRECTION('',(7.49879891330929E-33,-1.0,-6.12323399573676E-17));
#11076=DIRECTION('',(-1.0,1.18147251899523E-30,-1.94173751768485E-14));
#11077=DIRECTION('',(-7.49879891330929E-33,1.0,6.12323399573676E-17));
#11078=DIRECTION('',(-1.0,1.18147251899523E-30,-1.94173751768485E-14));
#11079=DIRECTION('',(7.49879891330929E-33,-1.0,-6.12323399573676E-17));
#11080=DIRECTION('',(1.0,-1.18147251899523E-30,1.94173751768485E-14));
#11081=DIRECTION('',(6.83074592013124E-17,6.12303176911189E-17,-1.0));
#11082=DIRECTION('',(7.49879891330929E-33,-1.0,-6.12323399573676E-17));
#11083=DIRECTION('',(6.83074592013124E-17,6.12323399573676E-17,-1.0));
#11084=DIRECTION('',(1.22464679914735E-16,6.12323399573676E-17,-1.0));
#11085=DIRECTION('',(0.64295571254453,4.68980547080271E-17,-0.765903356636042));
#11086=DIRECTION('',(1.22464679914735E-16,6.12323399573676E-17,-1.0));
#11087=DIRECTION('',(1.0,0.0,1.22464679914735E-16));
#11088=DIRECTION('',(-1.22464679914735E-16,-6.12323399573676E-17,1.0));
#11089=DIRECTION('',(0.642659986626214,-4.69132499315358E-17,0.766151513468188));
#11090=DIRECTION('',(-1.22464679914735E-16,-6.12323399573676E-17,1.0));
#11091=DIRECTION('',(1.22464679914735E-16,6.12323399573676E-17,-1.0));
#11092=DIRECTION('',(7.49879891330929E-33,-1.0,-6.12323399573676E-17));
#11093=DIRECTION('',(0.64295571254453,4.68980547080271E-17,-0.765903356636042));
#11094=DIRECTION('',(7.49879891330929E-33,-1.0,-6.12323399573676E-17));
#11095=DIRECTION('',(1.22464679914735E-16,6.12323399573676E-17,-1.0));
#11096=DIRECTION('',(7.49879891330929E-33,-1.0,-6.12323399573676E-17));
#11097=DIRECTION('',(-1.0,0.0,-1.22464679914735E-16));
#11098=DIRECTION('',(7.49879891330929E-33,-1.0,-6.12323399573676E-17));
#11099=DIRECTION('',(-1.22464679914735E-16,-6.12323399573676E-17,1.0));
#11100=DIRECTION('',(7.49879891330929E-33,-1.0,-6.12323399573676E-17));
#11101=DIRECTION('',(0.642659986626214,-4.69132499315358E-17,0.766151513468188));
#11102=DIRECTION('',(7.49879891330929E-33,-1.0,-6.12323399573676E-17));
#11103=DIRECTION('',(-1.22464679914735E-16,-6.12323399573676E-17,1.0));
#11104=DIRECTION('',(1.0,-1.12478268856806E-32,1.22464679914735E-16));
#11105=DIRECTION('',(1.0,0.0,1.22464679914735E-16));
#11106=DIRECTION('',(7.49879891330929E-33,-1.0,-6.12323399573676E-17));
#11107=CARTESIAN_POINT('',(10.5,-12.5,3.66163000000002));
#11108=DIRECTION('',(-3.74927562856021E-33,-1.0,-6.12303176911189E-17));
#11109=DIRECTION('',(-1.0,1.12478268856806E-32,-1.22464679914735E-16));
#11110=CARTESIAN_POINT('',(10.5,-19.1,3.66163000000002));
#11111=DIRECTION('',(7.49879891330929E-33,-1.0,-6.12323399573676E-17));
#11112=DIRECTION('',(-1.0,-1.46701707366113E-48,-1.22464679914735E-16));
#11113=DIRECTION('',(7.49879891330929E-33,-1.0,-6.12323399573676E-17));
#11114=DIRECTION('',(1.0,-1.12478268856806E-32,1.22464679914735E-16));
#11115=DIRECTION('',(1.0,0.0,1.22464679914735E-16));
#11116=DIRECTION('',(-1.4150238487891E-17,-6.12303176911189E-17,1.0));
#11117=DIRECTION('',(7.49879891330929E-33,-1.0,-6.12323399573676E-17));
#11118=DIRECTION('',(-1.4150238487891E-17,-6.12323399573676E-17,1.0));
#11119=DIRECTION('',(7.49879891330929E-33,-1.0,-6.12323399573676E-17));
#11120=DIRECTION('',(-1.0,1.19268132643464E-30,-1.94173751768485E-14));
#11121=DIRECTION('',(7.49879891330929E-33,-1.0,-6.12323399573676E-17));
#11122=DIRECTION('',(-1.0,1.18147251899523E-30,-1.94173751768485E-14));
#11123=DIRECTION('',(-7.49879891330929E-33,1.0,6.12323399573676E-17));
#11124=DIRECTION('',(-1.0,1.18147251899523E-30,-1.94173751768485E-14));
#11125=DIRECTION('',(7.49879891330929E-33,-1.0,-6.12323399573676E-17));
#11126=DIRECTION('',(1.0,-1.18147251899523E-30,1.94173751768485E-14));
#11127=DIRECTION('',(6.83074592013124E-17,6.12303176911189E-17,-1.0));
#11128=DIRECTION('',(7.49879891330929E-33,-1.0,-6.12323399573676E-17));
#11129=DIRECTION('',(6.83074592013124E-17,6.12323399573676E-17,-1.0));
#11130=DIRECTION('',(1.22464679914735E-16,6.12323399573676E-17,-1.0));
#11131=DIRECTION('',(0.64295571254453,4.68980547080271E-17,-0.765903356636042));
#11132=DIRECTION('',(1.22464679914735E-16,6.12323399573676E-17,-1.0));
#11133=DIRECTION('',(1.0,0.0,1.22464679914735E-16));
#11134=DIRECTION('',(-1.22464679914735E-16,-6.12323399573676E-17,1.0));
#11135=DIRECTION('',(0.642659986626214,-4.69132499315358E-17,0.766151513468188));
#11136=DIRECTION('',(-1.22464679914735E-16,-6.12323399573676E-17,1.0));
#11137=DIRECTION('',(1.22464679914735E-16,6.12323399573676E-17,-1.0));
#11138=DIRECTION('',(7.49879891330929E-33,-1.0,-6.12323399573676E-17));
#11139=DIRECTION('',(0.64295571254453,4.68980547080271E-17,-0.765903356636042));
#11140=DIRECTION('',(7.49879891330929E-33,-1.0,-6.12323399573676E-17));
#11141=DIRECTION('',(1.22464679914735E-16,6.12323399573676E-17,-1.0));
#11142=DIRECTION('',(7.49879891330929E-33,-1.0,-6.12323399573676E-17));
#11143=DIRECTION('',(-1.0,0.0,-1.22464679914735E-16));
#11144=DIRECTION('',(7.49879891330929E-33,-1.0,-6.12323399573676E-17));
#11145=DIRECTION('',(-1.22464679914735E-16,-6.12323399573676E-17,1.0));
#11146=DIRECTION('',(7.49879891330929E-33,-1.0,-6.12323399573676E-17));
#11147=DIRECTION('',(0.642659986626214,-4.69132499315358E-17,0.766151513468188));
#11148=DIRECTION('',(7.49879891330929E-33,-1.0,-6.12323399573676E-17));
#11149=DIRECTION('',(-1.22464679914735E-16,-6.12323399573676E-17,1.0));
#11150=DIRECTION('',(1.0,-1.12478268856806E-32,1.22464679914735E-16));
#11151=DIRECTION('',(1.0,0.0,1.22464679914735E-16));
#11152=DIRECTION('',(7.49879891330929E-33,-1.0,-6.12323399573676E-17));
#11153=CARTESIAN_POINT('',(7.0,-12.5,3.66163000000002));
#11154=DIRECTION('',(-3.74927562856021E-33,-1.0,-6.12303176911189E-17));
#11155=DIRECTION('',(-1.0,1.12478268856806E-32,-1.22464679914735E-16));
#11156=CARTESIAN_POINT('',(7.0,-19.1,3.66163000000002));
#11157=DIRECTION('',(7.49879891330929E-33,-1.0,-6.12323399573676E-17));
#11158=DIRECTION('',(-1.0,-1.46701707366113E-48,-1.22464679914735E-16));
#11159=DIRECTION('',(7.49879891330929E-33,-1.0,-6.12323399573676E-17));
#11160=DIRECTION('',(1.0,-1.12478268856806E-32,1.22464679914735E-16));
#11161=DIRECTION('',(1.0,0.0,1.22464679914735E-16));
#11162=DIRECTION('',(-1.4150238487891E-17,-6.12303176911189E-17,1.0));
#11163=DIRECTION('',(7.49879891330929E-33,-1.0,-6.12323399573676E-17));
#11164=DIRECTION('',(-1.4150238487891E-17,-6.12323399573676E-17,1.0));
#11165=DIRECTION('',(7.49879891330929E-33,-1.0,-6.12323399573676E-17));
#11166=DIRECTION('',(-1.0,1.19268132643464E-30,-1.94173751768485E-14));
#11167=DIRECTION('',(7.49879891330929E-33,-1.0,-6.12323399573676E-17));
#11168=DIRECTION('',(-1.0,1.18147251899523E-30,-1.94173751768485E-14));
#11169=DIRECTION('',(-7.49879891330929E-33,1.0,6.12323399573676E-17));
#11170=DIRECTION('',(-1.0,1.18147251899523E-30,-1.94173751768485E-14));
#11171=DIRECTION('',(7.49879891330929E-33,-1.0,-6.12323399573676E-17));
#11172=DIRECTION('',(1.0,-1.18147251899523E-30,1.94173751768485E-14));
#11173=DIRECTION('',(6.83074592013124E-17,6.12303176911189E-17,-1.0));
#11174=DIRECTION('',(7.49879891330929E-33,-1.0,-6.12323399573676E-17));
#11175=DIRECTION('',(6.83074592013124E-17,6.12323399573676E-17,-1.0));
#11176=DIRECTION('',(1.22464679914735E-16,6.12323399573676E-17,-1.0));
#11177=DIRECTION('',(0.64295571254453,4.68980547080271E-17,-0.765903356636042));
#11178=DIRECTION('',(1.22464679914735E-16,6.12323399573676E-17,-1.0));
#11179=DIRECTION('',(1.0,0.0,1.22464679914735E-16));
#11180=DIRECTION('',(-1.22464679914735E-16,-6.12323399573676E-17,1.0));
#11181=DIRECTION('',(0.642659986626214,-4.69132499315358E-17,0.766151513468188));
#11182=DIRECTION('',(-1.22464679914735E-16,-6.12323399573676E-17,1.0));
#11183=DIRECTION('',(1.22464679914735E-16,6.12323399573676E-17,-1.0));
#11184=DIRECTION('',(7.49879891330929E-33,-1.0,-6.12323399573676E-17));
#11185=DIRECTION('',(0.64295571254453,4.68980547080271E-17,-0.765903356636042));
#11186=DIRECTION('',(7.49879891330929E-33,-1.0,-6.12323399573676E-17));
#11187=DIRECTION('',(1.22464679914735E-16,6.12323399573676E-17,-1.0));
#11188=DIRECTION('',(7.49879891330929E-33,-1.0,-6.12323399573676E-17));
#11189=DIRECTION('',(-1.0,0.0,-1.22464679914735E-16));
#11190=DIRECTION('',(7.49879891330929E-33,-1.0,-6.12323399573676E-17));
#11191=DIRECTION('',(-1.22464679914735E-16,-6.12323399573676E-17,1.0));
#11192=DIRECTION('',(7.49879891330929E-33,-1.0,-6.12323399573676E-17));
#11193=DIRECTION('',(0.642659986626214,-4.69132499315358E-17,0.766151513468188));
#11194=DIRECTION('',(7.49879891330929E-33,-1.0,-6.12323399573676E-17));
#11195=DIRECTION('',(-1.22464679914735E-16,-6.12323399573676E-17,1.0));
#11196=DIRECTION('',(1.0,-1.12478268856806E-32,1.22464679914735E-16));
#11197=DIRECTION('',(1.0,0.0,1.22464679914735E-16));
#11198=DIRECTION('',(7.49879891330929E-33,-1.0,-6.12323399573676E-17));
#11199=CARTESIAN_POINT('',(3.5,-12.5,3.66163000000002));
#11200=DIRECTION('',(-3.74927562856021E-33,-1.0,-6.12303176911189E-17));
#11201=DIRECTION('',(-1.0,1.12478268856806E-32,-1.22464679914735E-16));
#11202=CARTESIAN_POINT('',(3.5,-19.1,3.66163000000002));
#11203=DIRECTION('',(7.49879891330929E-33,-1.0,-6.12323399573676E-17));
#11204=DIRECTION('',(-1.0,-1.46701707366113E-48,-1.22464679914735E-16));
#11205=DIRECTION('',(7.49879891330929E-33,-1.0,-6.12323399573676E-17));
#11206=DIRECTION('',(1.0,-1.12478268856806E-32,1.22464679914735E-16));
#11207=DIRECTION('',(1.0,0.0,1.22464679914735E-16));
#11208=DIRECTION('',(-1.4150238487891E-17,-6.12303176911189E-17,1.0));
#11209=DIRECTION('',(7.49879891330929E-33,-1.0,-6.12323399573676E-17));
#11210=DIRECTION('',(-1.4150238487891E-17,-6.12323399573676E-17,1.0));
#11211=DIRECTION('',(7.49879891330929E-33,-1.0,-6.12323399573676E-17));
#11212=DIRECTION('',(-1.0,1.19268132643464E-30,-1.94173751768485E-14));
#11213=DIRECTION('',(7.49879891330929E-33,-1.0,-6.12323399573676E-17));
#11214=DIRECTION('',(-1.0,1.18147251899523E-30,-1.94173751768485E-14));
#11215=DIRECTION('',(-7.49879891330929E-33,1.0,6.12323399573676E-17));
#11216=DIRECTION('',(-1.0,1.18147251899523E-30,-1.94173751768485E-14));
#11217=DIRECTION('',(7.49879891330929E-33,-1.0,-6.12323399573676E-17));
#11218=DIRECTION('',(1.0,-1.18147251899523E-30,1.94173751768485E-14));
#11219=DIRECTION('',(6.83074592013124E-17,6.12303176911189E-17,-1.0));
#11220=DIRECTION('',(7.49879891330929E-33,-1.0,-6.12323399573676E-17));
#11221=DIRECTION('',(6.83074592013124E-17,6.12323399573676E-17,-1.0));
#11222=DIRECTION('',(1.22464679914735E-16,6.12323399573676E-17,-1.0));
#11223=DIRECTION('',(0.64295571254453,4.68980547080271E-17,-0.765903356636042));
#11224=DIRECTION('',(1.22464679914735E-16,6.12323399573676E-17,-1.0));
#11225=DIRECTION('',(1.0,0.0,1.22464679914735E-16));
#11226=DIRECTION('',(-1.22464679914735E-16,-6.12323399573676E-17,1.0));
#11227=DIRECTION('',(0.642659986626214,-4.69132499315358E-17,0.766151513468188));
#11228=DIRECTION('',(-1.22464679914735E-16,-6.12323399573676E-17,1.0));
#11229=DIRECTION('',(1.22464679914735E-16,6.12323399573676E-17,-1.0));
#11230=DIRECTION('',(7.49879891330929E-33,-1.0,-6.12323399573676E-17));
#11231=DIRECTION('',(0.64295571254453,4.68980547080271E-17,-0.765903356636042));
#11232=DIRECTION('',(7.49879891330929E-33,-1.0,-6.12323399573676E-17));
#11233=DIRECTION('',(1.22464679914735E-16,6.12323399573676E-17,-1.0));
#11234=DIRECTION('',(7.49879891330929E-33,-1.0,-6.12323399573676E-17));
#11235=DIRECTION('',(-1.0,0.0,-1.22464679914735E-16));
#11236=DIRECTION('',(7.49879891330929E-33,-1.0,-6.12323399573676E-17));
#11237=DIRECTION('',(-1.22464679914735E-16,-6.12323399573676E-17,1.0));
#11238=DIRECTION('',(7.49879891330929E-33,-1.0,-6.12323399573676E-17));
#11239=DIRECTION('',(0.642659986626214,-4.69132499315358E-17,0.766151513468188));
#11240=DIRECTION('',(7.49879891330929E-33,-1.0,-6.12323399573676E-17));
#11241=DIRECTION('',(-1.22464679914735E-16,-6.12323399573676E-17,1.0));
#11242=DIRECTION('',(1.0,-1.12478268856806E-32,1.22464679914735E-16));
#11243=DIRECTION('',(1.0,0.0,1.22464679914735E-16));
#11244=DIRECTION('',(7.49879891330929E-33,-1.0,-6.12323399573676E-17));
#11245=CARTESIAN_POINT('',(0.0,-12.5,3.66163000000002));
#11246=DIRECTION('',(-3.74927562856021E-33,-1.0,-6.12303176911189E-17));
#11247=DIRECTION('',(-1.0,1.12478268856806E-32,-1.22464679914735E-16));
#11248=CARTESIAN_POINT('',(0.0,-19.1,3.66163000000002));
#11249=DIRECTION('',(7.49879891330929E-33,-1.0,-6.12323399573676E-17));
#11250=DIRECTION('',(-1.0,-1.46701707366113E-48,-1.22464679914735E-16));
#11251=DIRECTION('',(7.49879891330929E-33,-1.0,-6.12323399573676E-17));
#11252=DIRECTION('',(1.0,-1.12478268856806E-32,1.22464679914735E-16));
#11253=DIRECTION('',(1.0,0.0,1.22464679914735E-16));
#11254=DIRECTION('',(1.0,-1.49971025142409E-32,1.83697019872103E-16));
#11255=DIRECTION('',(0.0,-1.0,0.0));
#11256=DIRECTION('',(-1.0,0.0,-1.83697019872103E-16));
#11257=DIRECTION('',(0.0,-1.0,0.0));
#11258=DIRECTION('',(1.83697019872103E-16,6.12303176911189E-17,-1.0));
#11259=DIRECTION('',(1.83697019872103E-16,0.0,-1.0));
#11260=DIRECTION('',(0.0,-1.0,0.0));
#11261=DIRECTION('',(-1.83697019872103E-16,0.0,1.0));
#11262=DIRECTION('',(-1.04068712087338E-16,-0.824045458472109,0.566523682092365));
#11263=DIRECTION('',(0.0,-1.0,0.0));
#11264=DIRECTION('',(1.83697019872103E-16,0.0,-1.0));
#11265=DIRECTION('',(0.0,1.0,0.0));
#11266=DIRECTION('',(-1.04068712087338E-16,-0.824045458472109,0.566523682092365));
#11267=DIRECTION('',(-1.0,0.0,-1.83697019872103E-16));
#11268=DIRECTION('',(-1.0,0.0,-1.83697019872103E-16));
#11269=DIRECTION('',(-1.83697019872103E-16,0.0,1.0));
#11270=DIRECTION('',(-1.0,0.0,-1.83697019872103E-16));
#11271=DIRECTION('',(0.0,-1.0,0.0));
#11272=DIRECTION('',(-1.0,0.0,-1.83697019872103E-16));
#11273=DIRECTION('',(1.83697019872103E-16,0.0,-1.0));
#11274=DIRECTION('',(-1.0,0.0,6.12323399573676E-17));
#11275=DIRECTION('',(-1.0,0.0,-1.83697019872103E-16));
#11276=DIRECTION('',(-1.83697019872103E-16,0.0,1.0));
#11277=DIRECTION('',(0.0,-1.0,0.0));
#11278=DIRECTION('',(-1.83697019872103E-16,-6.12303176911189E-17,1.0));
#11279=DIRECTION('',(0.0,-1.0,0.0));
#11280=DIRECTION('',(-1.0,0.0,6.12323399573676E-17));
#11281=DIRECTION('',(-6.12323399573676E-17,6.12303176911189E-17,-1.0));
#11282=DIRECTION('',(-1.0,0.0,6.12323399573676E-17));
#11283=DIRECTION('',(6.12323399573676E-17,6.12303176911189E-17,-1.0));
#11284=DIRECTION('',(-1.0,7.49855125712043E-33,-6.12323399573676E-17));
#11285=DIRECTION('',(-6.12323399573676E-17,-6.12303176911189E-17,1.0));
#11286=DIRECTION('',(-1.0,0.0,6.12323399573676E-17));
#11287=DIRECTION('',(6.12323399573676E-17,6.12303176911189E-17,-1.0));
#11288=DIRECTION('',(-1.0,7.49855125712043E-33,-6.12323399573676E-17));
#11289=DIRECTION('',(-6.12323399573676E-17,-6.12303176911189E-17,1.0));
#11290=DIRECTION('',(-1.0,0.0,6.12323399573676E-17));
#11291=DIRECTION('',(6.12323399573676E-17,6.12303176911189E-17,-1.0));
#11292=DIRECTION('',(-1.0,7.49855125712043E-33,-6.12323399573676E-17));
#11293=DIRECTION('',(-6.12323399573676E-17,-6.12303176911189E-17,1.0));
#11294=DIRECTION('',(-1.0,0.0,6.12323399573676E-17));
#11295=DIRECTION('',(6.12323399573676E-17,6.12303176911189E-17,-1.0));
#11296=DIRECTION('',(-1.0,7.49855125712043E-33,-6.12323399573676E-17));
#11297=DIRECTION('',(-6.12323399573676E-17,-6.12303176911189E-17,1.0));
#11298=DIRECTION('',(-1.0,0.0,6.12323399573676E-17));
#11299=DIRECTION('',(-6.12323399573676E-17,6.12303176911189E-17,-1.0));
#11300=DIRECTION('',(-1.0,0.0,6.12323399573676E-17));
#11301=DIRECTION('',(-1.83697019872103E-16,-6.12303176911189E-17,1.0));
#11302=DIRECTION('',(1.0,-1.49971025142409E-32,1.83697019872103E-16));
#11303=DIRECTION('',(1.83697019872103E-16,6.12303176911189E-17,-1.0));
#11304=DIRECTION('',(-1.0,0.0,6.12323399573676E-17));
#11305=DIRECTION('',(-1.83697019872103E-16,-6.12303176911189E-17,1.0));
#11306=DIRECTION('',(1.0,-1.49971025142409E-32,1.83697019872103E-16));
#11307=DIRECTION('',(1.83697019872103E-16,6.12303176911189E-17,-1.0));
#11308=DIRECTION('',(-1.0,0.0,6.12323399573676E-17));
#11309=DIRECTION('',(-1.83697019872103E-16,-6.12303176911189E-17,1.0));
#11310=DIRECTION('',(1.0,-1.49971025142409E-32,1.83697019872103E-16));
#11311=DIRECTION('',(1.83697019872103E-16,6.12303176911189E-17,-1.0));
#11312=DIRECTION('',(-1.0,0.0,6.12323399573676E-17));
#11313=DIRECTION('',(0.0,-1.0,0.0));
#11314=DIRECTION('',(-1.0,0.0,-1.83697019872103E-16));
#11315=DIRECTION('',(0.0,-1.0,0.0));
#11316=DIRECTION('',(1.83697019872103E-16,0.0,-1.0));
#11317=DIRECTION('',(0.0,-1.0,0.0));
#11318=DIRECTION('',(-1.83697019872103E-16,0.0,1.0));
#11319=DIRECTION('',(-1.04068712087338E-16,-0.824045458472109,0.566523682092365));
#11320=DIRECTION('',(0.0,-1.0,0.0));
#11321=DIRECTION('',(1.83697019872103E-16,0.0,-1.0));
#11322=DIRECTION('',(0.0,1.0,0.0));
#11323=DIRECTION('',(-1.04068712087338E-16,-0.824045458472109,0.566523682092365));
#11324=DIRECTION('',(-1.0,0.0,-1.83697019872103E-16));
#11325=DIRECTION('',(-1.0,0.0,-1.83697019872103E-16));
#11326=DIRECTION('',(-1.83697019872103E-16,0.0,1.0));
#11327=DIRECTION('',(-1.0,0.0,-1.83697019872103E-16));
#11328=DIRECTION('',(0.0,-1.0,0.0));
#11329=DIRECTION('',(-1.0,0.0,-1.83697019872103E-16));
#11330=DIRECTION('',(1.83697019872103E-16,0.0,-1.0));
#11331=DIRECTION('',(-1.0,0.0,6.12323399573676E-17));
#11332=DIRECTION('',(-1.0,0.0,-1.83697019872103E-16));
#11333=DIRECTION('',(-1.83697019872103E-16,0.0,1.0));
#11334=DIRECTION('',(0.0,-1.0,0.0));
#11335=DIRECTION('',(0.0,-1.0,0.0));
#11336=DIRECTION('',(0.0,-1.0,0.0));
#11337=DIRECTION('',(-1.0,0.0,-1.83697019872103E-16));
#11338=DIRECTION('',(0.0,-1.0,0.0));
#11339=DIRECTION('',(1.83697019872103E-16,0.0,-1.0));
#11340=DIRECTION('',(0.0,-1.0,0.0));
#11341=DIRECTION('',(-1.83697019872103E-16,0.0,1.0));
#11342=DIRECTION('',(-1.04068712087338E-16,-0.824045458472109,0.566523682092365));
#11343=DIRECTION('',(0.0,-1.0,0.0));
#11344=DIRECTION('',(1.83697019872103E-16,0.0,-1.0));
#11345=DIRECTION('',(0.0,1.0,0.0));
#11346=DIRECTION('',(-1.04068712087338E-16,-0.824045458472109,0.566523682092365));
#11347=DIRECTION('',(-1.0,0.0,-1.83697019872103E-16));
#11348=DIRECTION('',(-1.0,0.0,-1.83697019872103E-16));
#11349=DIRECTION('',(-1.83697019872103E-16,0.0,1.0));
#11350=DIRECTION('',(-1.0,0.0,-1.83697019872103E-16));
#11351=DIRECTION('',(0.0,-1.0,0.0));
#11352=DIRECTION('',(-1.0,0.0,-1.83697019872103E-16));
#11353=DIRECTION('',(1.83697019872103E-16,0.0,-1.0));
#11354=DIRECTION('',(-1.0,0.0,6.12323399573676E-17));
#11355=DIRECTION('',(-1.0,0.0,-1.83697019872103E-16));
#11356=DIRECTION('',(-1.83697019872103E-16,0.0,1.0));
#11357=DIRECTION('',(0.0,-1.0,0.0));
#11358=DIRECTION('',(0.0,-1.0,0.0));
#11359=DIRECTION('',(0.0,-1.0,0.0));
#11360=DIRECTION('',(-1.0,0.0,-1.83697019872103E-16));
#11361=DIRECTION('',(0.0,-1.0,0.0));
#11362=DIRECTION('',(1.83697019872103E-16,0.0,-1.0));
#11363=DIRECTION('',(0.0,-1.0,0.0));
#11364=DIRECTION('',(-1.83697019872103E-16,0.0,1.0));
#11365=DIRECTION('',(-1.04068712087338E-16,-0.824045458472109,0.566523682092365));
#11366=DIRECTION('',(0.0,-1.0,0.0));
#11367=DIRECTION('',(1.83697019872103E-16,0.0,-1.0));
#11368=DIRECTION('',(0.0,1.0,0.0));
#11369=DIRECTION('',(-1.04068712087338E-16,-0.824045458472109,0.566523682092365));
#11370=DIRECTION('',(-1.0,0.0,-1.83697019872103E-16));
#11371=DIRECTION('',(-1.0,0.0,-1.83697019872103E-16));
#11372=DIRECTION('',(-1.83697019872103E-16,0.0,1.0));
#11373=DIRECTION('',(-1.0,0.0,-1.83697019872103E-16));
#11374=DIRECTION('',(0.0,-1.0,0.0));
#11375=DIRECTION('',(-1.0,0.0,-1.83697019872103E-16));
#11376=DIRECTION('',(1.83697019872103E-16,0.0,-1.0));
#11377=DIRECTION('',(-1.0,0.0,6.12323399573676E-17));
#11378=DIRECTION('',(-1.0,0.0,-1.83697019872103E-16));
#11379=DIRECTION('',(-1.83697019872103E-16,0.0,1.0));
#11380=DIRECTION('',(0.0,-1.0,0.0));
#11381=DIRECTION('',(0.0,-1.0,0.0));
#11382=DIRECTION('',(0.0,-1.0,0.0));
#11383=DIRECTION('',(1.0,0.0,6.12323399573676E-17));
#11384=DIRECTION('',(0.0,-1.0,0.0));
#11385=DIRECTION('',(-6.12323399573676E-17,0.0,1.0));
#11386=DIRECTION('',(0.0,-1.0,0.0));
#11387=DIRECTION('',(6.12323399573676E-17,0.0,-1.0));
#11388=DIRECTION('',(3.46895706957794E-17,-0.824045458472109,-0.566523682092365));
#11389=DIRECTION('',(0.0,-1.0,0.0));
#11390=DIRECTION('',(-6.12323399573676E-17,0.0,1.0));
#11391=DIRECTION('',(0.0,1.0,0.0));
#11392=DIRECTION('',(3.46895706957794E-17,-0.824045458472109,-0.566523682092365));
#11393=DIRECTION('',(1.0,0.0,6.12323399573676E-17));
#11394=DIRECTION('',(1.0,0.0,6.12323399573676E-17));
#11395=DIRECTION('',(6.12323399573676E-17,0.0,-1.0));
#11396=DIRECTION('',(1.0,0.0,6.12323399573676E-17));
#11397=DIRECTION('',(0.0,-1.0,0.0));
#11398=DIRECTION('',(1.0,0.0,6.12323399573676E-17));
#11399=DIRECTION('',(-6.12323399573676E-17,0.0,1.0));
#11400=DIRECTION('',(1.0,0.0,-6.12323399573676E-17));
#11401=DIRECTION('',(1.0,0.0,6.12323399573676E-17));
#11402=DIRECTION('',(6.12323399573676E-17,0.0,-1.0));
#11403=DIRECTION('',(0.0,-1.0,0.0));
#11404=DIRECTION('',(0.0,-1.0,0.0));
#11405=DIRECTION('',(0.0,-1.0,0.0));
#11406=DIRECTION('',(1.0,0.0,6.12323399573676E-17));
#11407=DIRECTION('',(0.0,-1.0,0.0));
#11408=DIRECTION('',(-6.12323399573676E-17,0.0,1.0));
#11409=DIRECTION('',(0.0,-1.0,0.0));
#11410=DIRECTION('',(6.12323399573676E-17,0.0,-1.0));
#11411=DIRECTION('',(3.46895706957794E-17,-0.824045458472109,-0.566523682092365));
#11412=DIRECTION('',(0.0,-1.0,0.0));
#11413=DIRECTION('',(-6.12323399573676E-17,0.0,1.0));
#11414=DIRECTION('',(0.0,1.0,0.0));
#11415=DIRECTION('',(3.46895706957794E-17,-0.824045458472109,-0.566523682092365));
#11416=DIRECTION('',(1.0,0.0,6.12323399573676E-17));
#11417=DIRECTION('',(1.0,0.0,6.12323399573676E-17));
#11418=DIRECTION('',(6.12323399573676E-17,0.0,-1.0));
#11419=DIRECTION('',(1.0,0.0,6.12323399573676E-17));
#11420=DIRECTION('',(0.0,-1.0,0.0));
#11421=DIRECTION('',(1.0,0.0,6.12323399573676E-17));
#11422=DIRECTION('',(-6.12323399573676E-17,0.0,1.0));
#11423=DIRECTION('',(1.0,0.0,-6.12323399573676E-17));
#11424=DIRECTION('',(1.0,0.0,6.12323399573676E-17));
#11425=DIRECTION('',(6.12323399573676E-17,0.0,-1.0));
#11426=DIRECTION('',(0.0,-1.0,0.0));
#11427=DIRECTION('',(0.0,-1.0,0.0));
#11428=DIRECTION('',(0.0,-1.0,0.0));
#11429=DIRECTION('',(1.0,0.0,6.12323399573676E-17));
#11430=DIRECTION('',(0.0,-1.0,0.0));
#11431=DIRECTION('',(-6.12323399573676E-17,0.0,1.0));
#11432=DIRECTION('',(0.0,-1.0,0.0));
#11433=DIRECTION('',(6.12323399573676E-17,0.0,-1.0));
#11434=DIRECTION('',(3.46895706957794E-17,-0.824045458472109,-0.566523682092365));
#11435=DIRECTION('',(0.0,-1.0,0.0));
#11436=DIRECTION('',(-6.12323399573676E-17,0.0,1.0));
#11437=DIRECTION('',(0.0,1.0,0.0));
#11438=DIRECTION('',(3.46895706957794E-17,-0.824045458472109,-0.566523682092365));
#11439=DIRECTION('',(1.0,0.0,6.12323399573676E-17));
#11440=DIRECTION('',(1.0,0.0,6.12323399573676E-17));
#11441=DIRECTION('',(6.12323399573676E-17,0.0,-1.0));
#11442=DIRECTION('',(1.0,0.0,6.12323399573676E-17));
#11443=DIRECTION('',(0.0,-1.0,0.0));
#11444=DIRECTION('',(1.0,0.0,6.12323399573676E-17));
#11445=DIRECTION('',(-6.12323399573676E-17,0.0,1.0));
#11446=DIRECTION('',(1.0,0.0,-6.12323399573676E-17));
#11447=DIRECTION('',(1.0,0.0,6.12323399573676E-17));
#11448=DIRECTION('',(6.12323399573676E-17,0.0,-1.0));
#11449=DIRECTION('',(0.0,-1.0,0.0));
#11450=DIRECTION('',(0.0,-1.0,0.0));
#11451=DIRECTION('',(0.0,-1.0,0.0));
#11452=DIRECTION('',(1.0,0.0,6.12323399573676E-17));
#11453=DIRECTION('',(0.0,-1.0,0.0));
#11454=DIRECTION('',(-6.12323399573676E-17,0.0,1.0));
#11455=DIRECTION('',(0.0,-1.0,0.0));
#11456=DIRECTION('',(6.12323399573676E-17,0.0,-1.0));
#11457=DIRECTION('',(3.46895706957794E-17,-0.824045458472109,-0.566523682092365));
#11458=DIRECTION('',(0.0,-1.0,0.0));
#11459=DIRECTION('',(-6.12323399573676E-17,0.0,1.0));
#11460=DIRECTION('',(0.0,1.0,0.0));
#11461=DIRECTION('',(3.46895706957794E-17,-0.824045458472109,-0.566523682092365));
#11462=DIRECTION('',(1.0,0.0,6.12323399573676E-17));
#11463=DIRECTION('',(1.0,0.0,6.12323399573676E-17));
#11464=DIRECTION('',(6.12323399573676E-17,0.0,-1.0));
#11465=DIRECTION('',(1.0,0.0,6.12323399573676E-17));
#11466=DIRECTION('',(0.0,-1.0,0.0));
#11467=DIRECTION('',(1.0,0.0,6.12323399573676E-17));
#11468=DIRECTION('',(-6.12323399573676E-17,0.0,1.0));
#11469=DIRECTION('',(1.0,0.0,-6.12323399573676E-17));
#11470=DIRECTION('',(1.0,0.0,6.12323399573676E-17));
#11471=DIRECTION('',(6.12323399573676E-17,0.0,-1.0));
#11472=DIRECTION('',(0.0,-1.0,0.0));
#11473=DIRECTION('',(0.0,-1.0,0.0));
#11474=DIRECTION('',(0.0,-1.0,0.0));
#11475=DIRECTION('',(0.0,0.0,1.0));
#11476=DIRECTION('',(0.0,0.760231447170637,0.649652327582099));
#11477=DIRECTION('',(0.0,1.0,6.12323399573676E-17));
#11478=DIRECTION('',(0.0,0.084799830400508,-0.996398007205978));
#11479=DIRECTION('',(0.0,0.0,-1.0));
#11480=DIRECTION('',(0.0,-5.93702152205981E-16,-1.0));
#11481=DIRECTION('',(-0.42268630631657,0.0768520556938921,-0.903011654403241));
#11482=DIRECTION('',(0.290938104693337,0.727345261733162,0.621549587299169));
#11483=DIRECTION('',(-2.86619463630339E-17,1.0,1.75503804354113E-33));
#11484=DIRECTION('',(0.0,1.0,0.0));
#11485=DIRECTION('',(0.0,5.93702152205981E-16,1.0));
#11486=DIRECTION('',(0.0,0.0,1.0));
#11487=DIRECTION('',(0.0,-0.084799830400508,0.996398007205978));
#11488=DIRECTION('',(0.0,1.0,6.12323399573676E-17));
#11489=DIRECTION('',(-0.0,-0.760231447170637,-0.649652327582099));
#11490=DIRECTION('',(0.0,0.0,-1.0));
#11491=DIRECTION('',(-0.42268630631657,-0.0768520556938921,0.903011654403241));
#11492=DIRECTION('',(-2.8661946363034E-17,-1.0,1.75503804354113E-33));
#11493=DIRECTION('',(0.290938104693337,-0.727345261733162,-0.621549587299169));
#11494=DIRECTION('',(-1.0,0.0,6.12323399573676E-17));
#11495=DIRECTION('',(-1.0,0.0,6.12323399573676E-17));
#11496=DIRECTION('',(-1.0,0.0,6.12323399573676E-17));
#11497=DIRECTION('',(-1.0,0.0,6.12323399573676E-17));
#11498=DIRECTION('',(-1.0,0.0,6.12323399573676E-17));
#11499=DIRECTION('',(1.0,0.0,-6.12323399573676E-17));
#11500=DIRECTION('',(-1.0,0.0,6.12323399573676E-17));
#11501=DIRECTION('',(0.0,-5.93702152205981E-16,-1.0));
#11502=DIRECTION('',(-1.0,0.0,6.12323399573676E-17));
#11503=DIRECTION('',(-1.0,0.0,6.12323399573676E-17));
#11504=DIRECTION('',(-6.12323399573676E-17,-5.93702152205981E-16,-1.0));
#11505=DIRECTION('',(-1.0,0.0,6.12323399573676E-17));
#11506=DIRECTION('',(0.0,-1.0,0.0));
#11507=DIRECTION('',(0.0,0.0,1.0));
#11508=DIRECTION('',(0.0,0.760231447170637,0.649652327582099));
#11509=DIRECTION('',(0.0,1.0,6.12323399573676E-17));
#11510=DIRECTION('',(0.0,0.084799830400508,-0.996398007205978));
#11511=DIRECTION('',(0.0,0.0,-1.0));
#11512=DIRECTION('',(-0.42268630631657,0.0768520556938921,-0.903011654403241));
#11513=DIRECTION('',(0.290938104693337,0.727345261733162,0.621549587299169));
#11514=DIRECTION('',(-2.86619463630339E-17,1.0,1.75503804354113E-33));
#11515=DIRECTION('',(0.0,1.0,0.0));
#11516=DIRECTION('',(0.0,5.93702152205981E-16,1.0));
#11517=DIRECTION('',(0.0,0.0,1.0));
#11518=DIRECTION('',(0.0,-0.084799830400508,0.996398007205978));
#11519=DIRECTION('',(0.0,1.0,6.12323399573676E-17));
#11520=DIRECTION('',(-0.0,-0.760231447170637,-0.649652327582099));
#11521=DIRECTION('',(0.0,0.0,-1.0));
#11522=DIRECTION('',(-0.42268630631657,-0.0768520556938921,0.903011654403241));
#11523=DIRECTION('',(-2.8661946363034E-17,-1.0,1.75503804354113E-33));
#11524=DIRECTION('',(0.290938104693337,-0.727345261733162,-0.621549587299169));
#11525=DIRECTION('',(-1.0,0.0,6.12323399573676E-17));
#11526=DIRECTION('',(-1.0,0.0,6.12323399573676E-17));
#11527=DIRECTION('',(-1.0,0.0,6.12323399573676E-17));
#11528=DIRECTION('',(-1.0,0.0,6.12323399573676E-17));
#11529=DIRECTION('',(-1.0,0.0,6.12323399573676E-17));
#11530=DIRECTION('',(1.0,0.0,-6.12323399573676E-17));
#11531=DIRECTION('',(-1.0,0.0,6.12323399573676E-17));
#11532=DIRECTION('',(0.0,-5.93702152205981E-16,-1.0));
#11533=DIRECTION('',(-1.0,0.0,6.12323399573676E-17));
#11534=DIRECTION('',(0.0,-1.0,0.0));
#11535=DIRECTION('',(0.0,0.0,1.0));
#11536=DIRECTION('',(0.0,0.760231447170637,0.649652327582099));
#11537=DIRECTION('',(0.0,1.0,6.12323399573676E-17));
#11538=DIRECTION('',(0.0,0.084799830400508,-0.996398007205978));
#11539=DIRECTION('',(0.0,0.0,-1.0));
#11540=DIRECTION('',(-0.42268630631657,0.0768520556938921,-0.903011654403241));
#11541=DIRECTION('',(0.290938104693337,0.727345261733162,0.621549587299169));
#11542=DIRECTION('',(-2.86619463630339E-17,1.0,1.75503804354113E-33));
#11543=DIRECTION('',(0.0,1.0,0.0));
#11544=DIRECTION('',(0.0,5.93702152205981E-16,1.0));
#11545=DIRECTION('',(0.0,0.0,1.0));
#11546=DIRECTION('',(0.0,-0.084799830400508,0.996398007205978));
#11547=DIRECTION('',(0.0,1.0,6.12323399573676E-17));
#11548=DIRECTION('',(-0.0,-0.760231447170637,-0.649652327582099));
#11549=DIRECTION('',(0.0,0.0,-1.0));
#11550=DIRECTION('',(-0.42268630631657,-0.0768520556938921,0.903011654403241));
#11551=DIRECTION('',(-2.8661946363034E-17,-1.0,1.75503804354113E-33));
#11552=DIRECTION('',(0.290938104693337,-0.727345261733162,-0.621549587299169));
#11553=DIRECTION('',(-1.0,0.0,6.12323399573676E-17));
#11554=DIRECTION('',(-1.0,0.0,6.12323399573676E-17));
#11555=DIRECTION('',(-1.0,0.0,6.12323399573676E-17));
#11556=DIRECTION('',(-1.0,0.0,6.12323399573676E-17));
#11557=DIRECTION('',(-1.0,0.0,6.12323399573676E-17));
#11558=DIRECTION('',(1.0,0.0,-6.12323399573676E-17));
#11559=DIRECTION('',(-1.0,0.0,6.12323399573676E-17));
#11560=DIRECTION('',(0.0,-5.93702152205981E-16,-1.0));
#11561=DIRECTION('',(-1.0,0.0,6.12323399573676E-17));
#11562=DIRECTION('',(0.0,5.93702152205981E-16,1.0));
#11563=DIRECTION('',(0.0,0.0,1.0));
#11564=DIRECTION('',(0.0,-0.084799830400508,0.996398007205978));
#11565=DIRECTION('',(0.0,1.0,6.12323399573676E-17));
#11566=DIRECTION('',(-0.0,-0.760231447170638,-0.649652327582099));
#11567=DIRECTION('',(0.0,0.0,-1.0));
#11568=DIRECTION('',(0.0,1.0,0.0));
#11569=DIRECTION('',(-0.42268630631657,0.0768520556938921,-0.903011654403241));
#11570=DIRECTION('',(0.0,1.0,6.12323399573676E-17));
#11571=DIRECTION('',(0.290938104693337,0.727345261733162,0.621549587299169));
#11572=DIRECTION('',(-2.86619463630339E-17,1.0,1.75503804354113E-33));
#11573=DIRECTION('',(0.0,-1.0,0.0));
#11574=DIRECTION('',(0.0,0.0,1.0));
#11575=DIRECTION('',(0.0,0.760231447170638,0.649652327582099));
#11576=DIRECTION('',(0.0,0.084799830400508,-0.996398007205978));
#11577=DIRECTION('',(0.0,0.0,-1.0));
#11578=DIRECTION('',(-0.42268630631657,-0.0768520556938921,0.903011654403241));
#11579=DIRECTION('',(-2.8661946363034E-17,-1.0,1.75503804354113E-33));
#11580=DIRECTION('',(0.290938104693337,-0.727345261733162,-0.621549587299169));
#11581=DIRECTION('',(-1.0,0.0,6.12323399573676E-17));
#11582=DIRECTION('',(-1.0,0.0,6.12323399573676E-17));
#11583=DIRECTION('',(-1.0,0.0,6.12323399573676E-17));
#11584=DIRECTION('',(-1.0,0.0,6.12323399573676E-17));
#11585=DIRECTION('',(-1.0,0.0,6.12323399573676E-17));
#11586=DIRECTION('',(1.0,0.0,-6.12323399573676E-17));
#11587=DIRECTION('',(-1.0,0.0,6.12323399573676E-17));
#11588=DIRECTION('',(-6.12323399573676E-17,-5.93702152205981E-16,-1.0));
#11589=DIRECTION('',(-1.0,0.0,6.12323399573676E-17));
#11590=DIRECTION('',(-6.12323399573676E-17,7.49306878262195E-17,-1.0));
#11591=DIRECTION('',(-1.0,0.0,6.12323399573676E-17));
#11592=DIRECTION('',(6.12323399573676E-17,-7.49306878262195E-17,1.0));
#11593=DIRECTION('',(-1.0,0.0,6.12323399573676E-17));
#11594=DIRECTION('',(-6.12323399573676E-17,0.0,-1.0));
#11595=DIRECTION('',(0.0,-1.0,0.0));
#11596=DIRECTION('',(-6.12323399573676E-17,7.44283591927476E-17,-1.0));
#11597=DIRECTION('',(-7.27029133244701E-33,1.0,-1.18732867917654E-16));
#11598=DIRECTION('',(-6.12323399573676E-17,0.0,-1.0));
#11599=DIRECTION('',(3.71646368206569E-33,-1.0,6.06944579392725E-17));
#11600=DIRECTION('',(0.0,1.0,0.0));
#11601=DIRECTION('',(-1.0,0.0,6.12323399573676E-17));
#11602=DIRECTION('',(0.0,1.0,0.0));
#11603=DIRECTION('',(-1.0,0.0,6.12323399573676E-17));
#11604=DIRECTION('',(6.12323399573676E-17,-7.44283591927476E-17,1.0));
#11605=DIRECTION('',(-1.0,0.0,6.12323399573676E-17));
#11606=DIRECTION('',(7.27029133244701E-33,-1.0,1.18732867917654E-16));
#11607=DIRECTION('',(1.0,0.0,-6.12323399573676E-17));
#11608=DIRECTION('',(-1.0,0.0,6.12323399573676E-17));
#11609=DIRECTION('',(6.12323399573676E-17,0.0,1.0));
#11610=DIRECTION('',(-1.0,0.0,6.12323399573676E-17));
#11611=DIRECTION('',(6.12323399573676E-17,0.0,1.0));
#11612=DIRECTION('',(-1.0,0.0,6.12323399573676E-17));
#11613=DIRECTION('',(6.12323399573676E-17,0.0,1.0));
#11614=DIRECTION('',(0.0,-1.0,0.0));
#11615=DIRECTION('',(-3.71646368206569E-33,1.0,-6.06944579392725E-17));
#11616=DIRECTION('',(-6.12323399573676E-17,0.0,-1.0));
#11617=DIRECTION('',(0.0,1.0,0.0));
#11618=DIRECTION('',(-6.12323399573676E-17,0.0,-1.0));
#11619=DIRECTION('',(9.06420715631258E-32,1.0,1.48029736616687E-15));
#11620=DIRECTION('',(-6.12323399573676E-17,0.0,-1.0));
#11621=DIRECTION('',(0.0,-1.0,0.0));
#11622=DIRECTION('',(-6.12323399573676E-17,0.0,-1.0));
#11623=DIRECTION('',(0.0,-1.0,0.0));
#11624=DIRECTION('',(6.12323399573676E-17,0.0,1.0));
#11625=DIRECTION('',(1.30449117167217E-17,-0.977043570795937,0.213039575587085));
#11626=DIRECTION('',(6.12323399573676E-17,0.0,1.0));
#11627=DIRECTION('',(0.0,1.0,0.0));
#11628=DIRECTION('',(0.0,-1.0,0.0));
#11629=DIRECTION('',(-1.0,0.0,6.12323399573676E-17));
#11630=DIRECTION('',(0.0,-1.0,0.0));
#11631=DIRECTION('',(-6.12323399573676E-17,7.44283591927476E-17,-1.0));
#11632=DIRECTION('',(-6.12323399573676E-17,7.44283591927476E-17,-1.0));
#11633=DIRECTION('',(-1.0,0.0,6.12323399573676E-17));
#11634=DIRECTION('',(-7.27029133244701E-33,1.0,-1.18732867917654E-16));
#11635=DIRECTION('',(-7.27029133244701E-33,1.0,-1.18732867917654E-16));
#11636=DIRECTION('',(1.0,0.0,-6.12323399573676E-17));
#11637=DIRECTION('',(6.12323399573676E-17,-7.49306878262195E-17,1.0));
#11638=DIRECTION('',(-1.0,0.0,6.12323399573676E-17));
#11639=DIRECTION('',(-6.12323399573676E-17,7.49306878262195E-17,-1.0));
#11640=DIRECTION('',(-1.0,0.0,6.12323399573676E-17));
#11641=DIRECTION('',(0.0,-1.0,0.0));
#11642=DIRECTION('',(-3.71646368206569E-33,1.0,-6.06944579392725E-17));
#11643=DIRECTION('',(6.12323399573676E-17,0.0,1.0));
#11644=DIRECTION('',(0.0,-1.0,0.0));
#11645=DIRECTION('',(0.0,-1.0,0.0));
#11646=DIRECTION('',(6.12323399573676E-17,0.0,1.0));
#11647=DIRECTION('',(1.30449117167217E-17,-0.977043570795937,0.213039575587085));
#11648=DIRECTION('',(6.12323399573676E-17,0.0,1.0));
#11649=DIRECTION('',(0.0,-1.0,0.0));
#11650=DIRECTION('',(-6.12323399573676E-17,0.0,-1.0));
#11651=DIRECTION('',(0.0,-1.0,0.0));
#11652=DIRECTION('',(6.12323399573676E-17,0.0,1.0));
#11653=DIRECTION('',(9.06420715631258E-32,1.0,1.48029736616687E-15));
#11654=DIRECTION('',(6.12323399573676E-17,0.0,1.0));
#11655=DIRECTION('',(0.0,1.0,0.0));
#11656=DIRECTION('',(-6.12323399573676E-17,0.0,-1.0));
#11657=DIRECTION('',(3.71646368206569E-33,-1.0,6.06944579392725E-17));
#11658=DIRECTION('',(6.12323399573676E-17,0.0,1.0));
#11659=DIRECTION('',(0.0,1.0,0.0));
#11660=DIRECTION('',(0.0,-1.0,0.0));
#11661=DIRECTION('',(6.12323399573676E-17,0.0,1.0));
#11662=DIRECTION('',(-1.0,0.0,6.12323399573676E-17));
#11663=DIRECTION('',(-1.0,0.0,6.12323399573676E-17));
#11664=DIRECTION('',(6.12323399573676E-17,0.0,1.0));
#11665=DIRECTION('',(0.0,1.0,0.0));
#11666=DIRECTION('',(-6.12323399573676E-17,0.0,-1.0));
#11667=DIRECTION('',(-1.30586035302811E-30,-1.0,-2.13263179871503E-14));
#11668=DIRECTION('',(1.0,0.0,-6.12323399573676E-17));
#11669=DIRECTION('',(-1.0,0.0,6.12323399573676E-17));
#11670=DIRECTION('',(1.30586035302811E-30,1.0,2.13263179871503E-14));
#11671=DIRECTION('',(-6.12323399573676E-17,-0.0,-1.0));
#11672=DIRECTION('',(6.12323399573676E-17,0.0,1.0));
#11673=DIRECTION('',(0.0,-1.0,0.0));
#11674=DIRECTION('',(-1.0,0.0,6.12323399573676E-17));
#11675=DIRECTION('',(-1.0,0.0,6.12323399573676E-17));
#11676=DIRECTION('',(-1.0,0.0,6.12323399573676E-17));
#11677=DIRECTION('',(6.12323399573676E-17,0.0,1.0));
#11678=DIRECTION('',(1.0,0.0,-6.12323399573676E-17));
#11679=DIRECTION('',(-6.12323399573676E-17,-0.0,-1.0));
#11680=DIRECTION('',(-1.0,0.0,6.12323399573676E-17));
#11681=DIRECTION('',(6.12323399573676E-17,0.0,1.0));
#11682=DIRECTION('',(1.0,0.0,-6.12323399573676E-17));
#11683=DIRECTION('',(-6.12323399573676E-17,-0.0,-1.0));
#11684=DIRECTION('',(-1.0,0.0,6.12323399573676E-17));
#11685=DIRECTION('',(6.12323399573676E-17,0.0,1.0));
#11686=DIRECTION('',(1.0,0.0,-6.12323399573676E-17));
#11687=DIRECTION('',(-6.12323399573676E-17,-0.0,-1.0));
#11688=DIRECTION('',(-1.0,0.0,6.12323399573676E-17));
#11689=DIRECTION('',(6.12323399573676E-17,0.0,1.0));
#11690=DIRECTION('',(1.0,0.0,-6.12323399573676E-17));
#11691=DIRECTION('',(-6.12323399573676E-17,-0.0,-1.0));
#11692=DIRECTION('',(-1.0,0.0,6.12323399573676E-17));
#11693=DIRECTION('',(-1.0,0.0,6.12323399573676E-17));
#11694=DIRECTION('',(-1.0,0.0,6.12323399573676E-17));
#11695=DIRECTION('',(0.0,1.0,0.0));
#11696=DIRECTION('',(-6.12323399573676E-17,0.0,-1.0));
#11697=DIRECTION('',(-1.30586035302811E-30,-1.0,-2.13263179871503E-14));
#11698=DIRECTION('',(-1.0,0.0,6.12323399573676E-17));
#11699=DIRECTION('',(1.30586035302811E-30,1.0,2.13263179871503E-14));
#11700=DIRECTION('',(6.12323399573676E-17,0.0,1.0));
#11701=DIRECTION('',(0.0,-1.0,0.0));
#11702=DIRECTION('',(-1.0,0.0,6.12323399573676E-17));
#11703=DIRECTION('',(-1.0,0.0,6.12323399573676E-17));
#11704=DIRECTION('',(0.0,1.0,0.0));
#11705=DIRECTION('',(-6.12323399573676E-17,0.0,-1.0));
#11706=DIRECTION('',(-1.30586035302811E-30,-1.0,-2.13263179871503E-14));
#11707=DIRECTION('',(-1.0,0.0,6.12323399573676E-17));
#11708=DIRECTION('',(1.30586035302811E-30,1.0,2.13263179871503E-14));
#11709=DIRECTION('',(6.12323399573676E-17,0.0,1.0));
#11710=DIRECTION('',(0.0,-1.0,0.0));
#11711=DIRECTION('',(-1.0,0.0,6.12323399573676E-17));
#11712=DIRECTION('',(-1.0,0.0,6.12323399573676E-17));
#11713=DIRECTION('',(0.0,1.0,0.0));
#11714=DIRECTION('',(-6.12323399573676E-17,0.0,-1.0));
#11715=DIRECTION('',(-1.30586035302811E-30,-1.0,-2.13263179871503E-14));
#11716=DIRECTION('',(-1.0,0.0,6.12323399573676E-17));
#11717=DIRECTION('',(1.30586035302811E-30,1.0,2.13263179871503E-14));
#11718=DIRECTION('',(6.12323399573676E-17,0.0,1.0));
#11719=DIRECTION('',(0.0,-1.0,0.0));
#11720=DIRECTION('',(-1.0,0.0,6.12323399573676E-17));
#11721=DIRECTION('',(-1.0,0.0,6.12323399573676E-17));
#11722=DIRECTION('',(0.0,1.0,0.0));
#11723=DIRECTION('',(-6.12323399573676E-17,0.0,-1.0));
#11724=DIRECTION('',(-1.30586035302811E-30,-1.0,-2.13263179871503E-14));
#11725=DIRECTION('',(-1.0,0.0,6.12323399573676E-17));
#11726=DIRECTION('',(1.30586035302811E-30,1.0,2.13263179871503E-14));
#11727=DIRECTION('',(6.12323399573676E-17,0.0,1.0));
#11728=DIRECTION('',(0.0,-1.0,0.0));
#11729=DIRECTION('',(-1.0,0.0,6.12323399573676E-17));
#11730=DIRECTION('',(-1.0,0.0,6.12323399573676E-17));
#11731=DIRECTION('',(0.0,1.0,0.0));
#11732=DIRECTION('',(0.0,-1.0,0.0));
#11733=DIRECTION('',(-1.0,0.0,6.12323399573676E-17));
#11734=DIRECTION('',(-1.0,0.0,6.12323399573676E-17));
#11735=DIRECTION('',(-1.0,0.0,6.12323399573676E-17));
#11736=DIRECTION('',(-1.0,0.0,6.12323399573676E-17));
#11737=DIRECTION('',(-1.0,0.0,6.12323399573676E-17));
#11738=DIRECTION('',(-1.0,0.0,6.12323399573676E-17));
#11739=DIRECTION('',(-1.0,0.0,6.12323399573676E-17));
#11740=DIRECTION('',(-1.0,0.0,6.12323399573676E-17));
#11741=DIRECTION('',(-1.0,0.0,6.12323399573676E-17));
#11742=DIRECTION('',(-1.0,0.0,6.12323399573676E-17));
ENDSEC;
END-ISO-10303-21;
