ISO-10303-21;
HEADER;
FILE_DESCRIPTION(('STEP AP242'),'1');
FILE_NAME('395037005.stp','2026-07-27T15:53:50',('TraceParts'),('TraceParts S.A.S.'),'Spatial InterOp 3D',' ',' ');
FILE_SCHEMA(('AP242_MANAGED_MODEL_BASED_3D_ENGINEERING_MIM_LF  {1 0 10303 442 1 1 4}'));
ENDSEC;
DATA;
#1=MECHANICAL_DESIGN_GEOMETRIC_PRESENTATION_REPRESENTATION(' ',(#10,#11,#12,#13,#14,#15,#16,#17,#18,#19,#20,#21,#22,#23,#24,#25,#26,#27,#28,#29,#30,#31,#32,#33,#34,#35,#36,#37,#38,#39,#40,#41,#42,#43,#44,#45,#46,#47,#48,#49,#50,#51,#52,#53,#54,#55,#56,#57,#58,#59,#60,#61,#62,#63,#64,#65,#66,#67,#68,#69,#70,#71,#72,#73,#74,#75,#76,#77,#78,#79,#80,#81,#82,#83,#84,#85,#86,#87,#88,#89,#90,#91,#92,#93,#94,#95,#96,#97,#98,#99,#100,#101,#102,#103,#104,#105,#106,#107,#108,#109,#110,#111,#112,#113,#114,#115,#116,#117,#118,#119,#120,#121,#122,#123,#124,#125,#126,#127,#128,#129,#130,#131,#132,#133,#134,#135,#136,#137,#138,#139,#140,#141,#142,#143,#144,#145,#146,#147,#148,#149,#150,#151,#152,#153,#154,#155,#156,#157,#158,#159,#160,#161,#162,#163,#164,#165,#166,#167,#168,#169,#170,#171,#172,#173,#174,#175,#176,#177,#178,#179,#180,#181,#182,#183,#184,#185,#186,#187,#188,#189,#190,#191,#192,#193,#194,#195,#196,#197,#198,#199,#200,#201,#202,#203,#204,#205,#206,#207,#208,#209,#210,#211,#212,#213,#214,#215,#216,#217,#218,#219,#220,#221,#222,#223,#224,#225,#226,#227,#228,#229,#230,#231,#232,#233,#234,#235,#236,#237,#238,#239,#240,#241,#242,#243,#244,#245,#246,#247,#248,#249,#250,#251,#252,#253,#254,#255,#256,#257,#258,#259,#260,#261,#262,#263,#264,#265,#266,#267,#268,#269,#270,#271,#272,#273,#274,#275,#276,#277,#278,#279,#280,#281,#282,#283,#284,#285,#286,#287,#288,#289,#290,#291,#292,#293,#294,#295,#296,#297,#298,#299,#300,#301,#302,#303,#304,#305,#306,#307,#308,#309,#310,#311,#312,#313,#314,#315,#316,#317,#318,#319,#320,#321,#322,#323,#324,#325,#326,#327,#328,#329,#330,#331,#332,#333,#334,#335,#336,#337,#338,#339,#340,#341,#342,#343,#344,#345,#346,#347,#348,#349,#350,#351,#352,#353,#354,#355,#356,#357,#358,#359,#360,#361,#362,#363,#364,#365,#366,#367,#368,#369,#370,#371,#372,#373,#374,#375,#376,#377,#378),#6);
#2=PRODUCT_DEFINITION_CONTEXT('',#379,'design');
#3=APPLICATION_PROTOCOL_DEFINITION('INTERNATIONAL STANDARD','ap242_managed_model_based_3d_engineering',2014,#379);
#4=PRODUCT_CATEGORY_RELATIONSHIP('NONE','NONE',#380,#381);
#5=SHAPE_DEFINITION_REPRESENTATION(#382,#383);
#6= (GEOMETRIC_REPRESENTATION_CONTEXT(3)GLOBAL_UNCERTAINTY_ASSIGNED_CONTEXT((#386))GLOBAL_UNIT_ASSIGNED_CONTEXT((#388,#389,#390))REPRESENTATION_CONTEXT('NONE','WORKSPACE'));
#10=STYLED_ITEM('',(#392),#393);
#11=STYLED_ITEM('',(#394),#395);
#12=STYLED_ITEM('',(#396),#397);
#13=STYLED_ITEM('',(#398),#399);
#14=STYLED_ITEM('',(#400),#401);
#15=STYLED_ITEM('',(#402),#403);
#16=STYLED_ITEM('',(#404),#405);
#17=STYLED_ITEM('',(#406),#407);
#18=STYLED_ITEM('',(#408),#409);
#19=STYLED_ITEM('',(#410),#411);
#20=STYLED_ITEM('',(#412),#413);
#21=STYLED_ITEM('',(#414),#415);
#22=STYLED_ITEM('',(#416),#417);
#23=STYLED_ITEM('',(#418),#419);
#24=STYLED_ITEM('',(#420),#421);
#25=STYLED_ITEM('',(#422),#423);
#26=STYLED_ITEM('',(#424),#425);
#27=STYLED_ITEM('',(#426),#427);
#28=STYLED_ITEM('',(#428),#429);
#29=STYLED_ITEM('',(#430),#431);
#30=STYLED_ITEM('',(#432),#433);
#31=STYLED_ITEM('',(#434),#435);
#32=STYLED_ITEM('',(#436),#437);
#33=STYLED_ITEM('',(#438),#439);
#34=STYLED_ITEM('',(#440),#441);
#35=STYLED_ITEM('',(#442),#443);
#36=STYLED_ITEM('',(#444),#445);
#37=STYLED_ITEM('',(#446),#447);
#38=STYLED_ITEM('',(#448),#449);
#39=STYLED_ITEM('',(#450),#451);
#40=STYLED_ITEM('',(#452),#453);
#41=STYLED_ITEM('',(#454),#455);
#42=STYLED_ITEM('',(#456),#457);
#43=STYLED_ITEM('',(#458),#459);
#44=STYLED_ITEM('',(#460),#461);
#45=STYLED_ITEM('',(#462),#463);
#46=STYLED_ITEM('',(#464),#465);
#47=STYLED_ITEM('',(#466),#467);
#48=STYLED_ITEM('',(#468),#469);
#49=STYLED_ITEM('',(#470),#471);
#50=STYLED_ITEM('',(#472),#473);
#51=STYLED_ITEM('',(#474),#475);
#52=STYLED_ITEM('',(#476),#477);
#53=STYLED_ITEM('',(#478),#479);
#54=STYLED_ITEM('',(#480),#481);
#55=STYLED_ITEM('',(#482),#483);
#56=STYLED_ITEM('',(#484),#485);
#57=STYLED_ITEM('',(#486),#487);
#58=STYLED_ITEM('',(#488),#489);
#59=STYLED_ITEM('',(#490),#491);
#60=STYLED_ITEM('',(#492),#493);
#61=STYLED_ITEM('',(#494),#495);
#62=STYLED_ITEM('',(#496),#497);
#63=STYLED_ITEM('',(#498),#499);
#64=STYLED_ITEM('',(#500),#501);
#65=STYLED_ITEM('',(#502),#503);
#66=STYLED_ITEM('',(#504),#505);
#67=STYLED_ITEM('',(#506),#507);
#68=STYLED_ITEM('',(#508),#509);
#69=STYLED_ITEM('',(#510),#511);
#70=STYLED_ITEM('',(#512),#513);
#71=STYLED_ITEM('',(#514),#515);
#72=STYLED_ITEM('',(#516),#517);
#73=STYLED_ITEM('',(#518),#519);
#74=STYLED_ITEM('',(#520),#521);
#75=STYLED_ITEM('',(#522),#523);
#76=STYLED_ITEM('',(#524),#525);
#77=STYLED_ITEM('',(#526),#527);
#78=STYLED_ITEM('',(#528),#529);
#79=STYLED_ITEM('',(#530),#531);
#80=STYLED_ITEM('',(#532),#533);
#81=STYLED_ITEM('',(#534),#535);
#82=STYLED_ITEM('',(#536),#537);
#83=STYLED_ITEM('',(#538),#539);
#84=STYLED_ITEM('',(#540),#541);
#85=STYLED_ITEM('',(#542),#543);
#86=STYLED_ITEM('',(#544),#545);
#87=STYLED_ITEM('',(#546),#547);
#88=STYLED_ITEM('',(#548),#549);
#89=STYLED_ITEM('',(#550),#551);
#90=STYLED_ITEM('',(#552),#553);
#91=STYLED_ITEM('',(#554),#555);
#92=STYLED_ITEM('',(#556),#557);
#93=STYLED_ITEM('',(#558),#559);
#94=STYLED_ITEM('',(#560),#561);
#95=STYLED_ITEM('',(#562),#563);
#96=STYLED_ITEM('',(#564),#565);
#97=STYLED_ITEM('',(#566),#567);
#98=STYLED_ITEM('',(#568),#569);
#99=STYLED_ITEM('',(#570),#571);
#100=STYLED_ITEM('',(#572),#573);
#101=STYLED_ITEM('',(#574),#575);
#102=STYLED_ITEM('',(#576),#577);
#103=STYLED_ITEM('',(#578),#579);
#104=STYLED_ITEM('',(#580),#581);
#105=STYLED_ITEM('',(#582),#583);
#106=STYLED_ITEM('',(#584),#585);
#107=STYLED_ITEM('',(#586),#587);
#108=STYLED_ITEM('',(#588),#589);
#109=STYLED_ITEM('',(#590),#591);
#110=STYLED_ITEM('',(#592),#593);
#111=STYLED_ITEM('',(#594),#595);
#112=STYLED_ITEM('',(#596),#597);
#113=STYLED_ITEM('',(#598),#599);
#114=STYLED_ITEM('',(#600),#601);
#115=STYLED_ITEM('',(#602),#603);
#116=STYLED_ITEM('',(#604),#605);
#117=STYLED_ITEM('',(#606),#607);
#118=STYLED_ITEM('',(#608),#609);
#119=STYLED_ITEM('',(#610),#611);
#120=STYLED_ITEM('',(#612),#613);
#121=STYLED_ITEM('',(#614),#615);
#122=STYLED_ITEM('',(#616),#617);
#123=STYLED_ITEM('',(#618),#619);
#124=STYLED_ITEM('',(#620),#621);
#125=STYLED_ITEM('',(#622),#623);
#126=STYLED_ITEM('',(#624),#625);
#127=STYLED_ITEM('',(#626),#627);
#128=STYLED_ITEM('',(#628),#629);
#129=STYLED_ITEM('',(#630),#631);
#130=STYLED_ITEM('',(#632),#633);
#131=STYLED_ITEM('',(#634),#635);
#132=STYLED_ITEM('',(#636),#637);
#133=STYLED_ITEM('',(#638),#639);
#134=STYLED_ITEM('',(#640),#641);
#135=STYLED_ITEM('',(#642),#643);
#136=STYLED_ITEM('',(#644),#645);
#137=STYLED_ITEM('',(#646),#647);
#138=STYLED_ITEM('',(#648),#649);
#139=STYLED_ITEM('',(#650),#651);
#140=STYLED_ITEM('',(#652),#653);
#141=STYLED_ITEM('',(#654),#655);
#142=STYLED_ITEM('',(#656),#657);
#143=STYLED_ITEM('',(#658),#659);
#144=STYLED_ITEM('',(#660),#661);
#145=STYLED_ITEM('',(#662),#663);
#146=STYLED_ITEM('',(#664),#665);
#147=STYLED_ITEM('',(#666),#667);
#148=STYLED_ITEM('',(#668),#669);
#149=STYLED_ITEM('',(#670),#671);
#150=STYLED_ITEM('',(#672),#673);
#151=STYLED_ITEM('',(#674),#675);
#152=STYLED_ITEM('',(#676),#677);
#153=STYLED_ITEM('',(#678),#679);
#154=STYLED_ITEM('',(#680),#681);
#155=STYLED_ITEM('',(#682),#683);
#156=STYLED_ITEM('',(#684),#685);
#157=STYLED_ITEM('',(#686),#687);
#158=STYLED_ITEM('',(#688),#689);
#159=STYLED_ITEM('',(#690),#691);
#160=STYLED_ITEM('',(#692),#693);
#161=STYLED_ITEM('',(#694),#695);
#162=STYLED_ITEM('',(#696),#697);
#163=STYLED_ITEM('',(#698),#699);
#164=STYLED_ITEM('',(#700),#701);
#165=STYLED_ITEM('',(#702),#703);
#166=STYLED_ITEM('',(#704),#705);
#167=STYLED_ITEM('',(#706),#707);
#168=STYLED_ITEM('',(#708),#709);
#169=STYLED_ITEM('',(#710),#711);
#170=STYLED_ITEM('',(#712),#713);
#171=STYLED_ITEM('',(#714),#715);
#172=STYLED_ITEM('',(#716),#717);
#173=STYLED_ITEM('',(#718),#719);
#174=STYLED_ITEM('',(#720),#721);
#175=STYLED_ITEM('',(#722),#723);
#176=STYLED_ITEM('',(#724),#725);
#177=STYLED_ITEM('',(#726),#727);
#178=STYLED_ITEM('',(#728),#729);
#179=STYLED_ITEM('',(#730),#731);
#180=STYLED_ITEM('',(#732),#733);
#181=STYLED_ITEM('',(#734),#735);
#182=STYLED_ITEM('',(#736),#737);
#183=STYLED_ITEM('',(#738),#739);
#184=STYLED_ITEM('',(#740),#741);
#185=STYLED_ITEM('',(#742),#743);
#186=STYLED_ITEM('',(#744),#745);
#187=STYLED_ITEM('',(#746),#747);
#188=STYLED_ITEM('',(#748),#749);
#189=STYLED_ITEM('',(#750),#751);
#190=STYLED_ITEM('',(#752),#753);
#191=STYLED_ITEM('',(#754),#755);
#192=STYLED_ITEM('',(#756),#757);
#193=STYLED_ITEM('',(#758),#759);
#194=STYLED_ITEM('',(#760),#761);
#195=STYLED_ITEM('',(#762),#763);
#196=STYLED_ITEM('',(#764),#765);
#197=STYLED_ITEM('',(#766),#767);
#198=STYLED_ITEM('',(#768),#769);
#199=STYLED_ITEM('',(#770),#771);
#200=STYLED_ITEM('',(#772),#773);
#201=STYLED_ITEM('',(#774),#775);
#202=STYLED_ITEM('',(#776),#777);
#203=STYLED_ITEM('',(#778),#779);
#204=STYLED_ITEM('',(#780),#781);
#205=STYLED_ITEM('',(#782),#783);
#206=STYLED_ITEM('',(#784),#785);
#207=STYLED_ITEM('',(#786),#787);
#208=STYLED_ITEM('',(#788),#789);
#209=STYLED_ITEM('',(#790),#791);
#210=STYLED_ITEM('',(#792),#793);
#211=STYLED_ITEM('',(#794),#795);
#212=STYLED_ITEM('',(#796),#797);
#213=STYLED_ITEM('',(#798),#799);
#214=STYLED_ITEM('',(#800),#801);
#215=STYLED_ITEM('',(#802),#803);
#216=STYLED_ITEM('',(#804),#805);
#217=STYLED_ITEM('',(#806),#807);
#218=STYLED_ITEM('',(#808),#809);
#219=STYLED_ITEM('',(#810),#811);
#220=STYLED_ITEM('',(#812),#813);
#221=STYLED_ITEM('',(#814),#815);
#222=STYLED_ITEM('',(#816),#817);
#223=STYLED_ITEM('',(#818),#819);
#224=STYLED_ITEM('',(#820),#821);
#225=STYLED_ITEM('',(#822),#823);
#226=STYLED_ITEM('',(#824),#825);
#227=STYLED_ITEM('',(#826),#827);
#228=STYLED_ITEM('',(#828),#829);
#229=STYLED_ITEM('',(#830),#831);
#230=STYLED_ITEM('',(#832),#833);
#231=STYLED_ITEM('',(#834),#835);
#232=STYLED_ITEM('',(#836),#837);
#233=STYLED_ITEM('',(#838),#839);
#234=STYLED_ITEM('',(#840),#841);
#235=STYLED_ITEM('',(#842),#843);
#236=STYLED_ITEM('',(#844),#845);
#237=STYLED_ITEM('',(#846),#847);
#238=STYLED_ITEM('',(#848),#849);
#239=STYLED_ITEM('',(#850),#851);
#240=STYLED_ITEM('',(#852),#853);
#241=STYLED_ITEM('',(#854),#855);
#242=STYLED_ITEM('',(#856),#857);
#243=STYLED_ITEM('',(#858),#859);
#244=STYLED_ITEM('',(#860),#861);
#245=STYLED_ITEM('',(#862),#863);
#246=STYLED_ITEM('',(#864),#865);
#247=STYLED_ITEM('',(#866),#867);
#248=STYLED_ITEM('',(#868),#869);
#249=STYLED_ITEM('',(#870),#871);
#250=STYLED_ITEM('',(#872),#873);
#251=STYLED_ITEM('',(#874),#875);
#252=STYLED_ITEM('',(#876),#877);
#253=STYLED_ITEM('',(#878),#879);
#254=STYLED_ITEM('',(#880),#881);
#255=STYLED_ITEM('',(#882),#883);
#256=STYLED_ITEM('',(#884),#885);
#257=STYLED_ITEM('',(#886),#887);
#258=STYLED_ITEM('',(#888),#889);
#259=STYLED_ITEM('',(#890),#891);
#260=STYLED_ITEM('',(#892),#893);
#261=STYLED_ITEM('',(#894),#895);
#262=STYLED_ITEM('',(#896),#897);
#263=STYLED_ITEM('',(#898),#899);
#264=STYLED_ITEM('',(#900),#901);
#265=STYLED_ITEM('',(#902),#903);
#266=STYLED_ITEM('',(#904),#905);
#267=STYLED_ITEM('',(#906),#907);
#268=STYLED_ITEM('',(#908),#909);
#269=STYLED_ITEM('',(#910),#911);
#270=STYLED_ITEM('',(#912),#913);
#271=STYLED_ITEM('',(#914),#915);
#272=STYLED_ITEM('',(#916),#917);
#273=STYLED_ITEM('',(#918),#919);
#274=STYLED_ITEM('',(#920),#921);
#275=STYLED_ITEM('',(#922),#923);
#276=STYLED_ITEM('',(#924),#925);
#277=STYLED_ITEM('',(#926),#927);
#278=STYLED_ITEM('',(#928),#929);
#279=STYLED_ITEM('',(#930),#931);
#280=STYLED_ITEM('',(#932),#933);
#281=STYLED_ITEM('',(#934),#935);
#282=STYLED_ITEM('',(#936),#937);
#283=STYLED_ITEM('',(#938),#939);
#284=STYLED_ITEM('',(#940),#941);
#285=STYLED_ITEM('',(#942),#943);
#286=STYLED_ITEM('',(#944),#945);
#287=STYLED_ITEM('',(#946),#947);
#288=STYLED_ITEM('',(#948),#949);
#289=STYLED_ITEM('',(#950),#951);
#290=STYLED_ITEM('',(#952),#953);
#291=STYLED_ITEM('',(#954),#955);
#292=STYLED_ITEM('',(#956),#957);
#293=STYLED_ITEM('',(#958),#959);
#294=STYLED_ITEM('',(#960),#961);
#295=STYLED_ITEM('',(#962),#963);
#296=STYLED_ITEM('',(#964),#965);
#297=STYLED_ITEM('',(#966),#967);
#298=STYLED_ITEM('',(#968),#969);
#299=STYLED_ITEM('',(#970),#971);
#300=STYLED_ITEM('',(#972),#973);
#301=STYLED_ITEM('',(#974),#975);
#302=STYLED_ITEM('',(#976),#977);
#303=STYLED_ITEM('',(#978),#979);
#304=STYLED_ITEM('',(#980),#981);
#305=STYLED_ITEM('',(#982),#983);
#306=STYLED_ITEM('',(#984),#985);
#307=STYLED_ITEM('',(#986),#987);
#308=STYLED_ITEM('',(#988),#989);
#309=STYLED_ITEM('',(#990),#991);
#310=STYLED_ITEM('',(#992),#993);
#311=STYLED_ITEM('',(#994),#995);
#312=STYLED_ITEM('',(#996),#997);
#313=STYLED_ITEM('',(#998),#999);
#314=STYLED_ITEM('',(#1000),#1001);
#315=STYLED_ITEM('',(#1002),#1003);
#316=STYLED_ITEM('',(#1004),#1005);
#317=STYLED_ITEM('',(#1006),#1007);
#318=STYLED_ITEM('',(#1008),#1009);
#319=STYLED_ITEM('',(#1010),#1011);
#320=STYLED_ITEM('',(#1012),#1013);
#321=STYLED_ITEM('',(#1014),#1015);
#322=STYLED_ITEM('',(#1016),#1017);
#323=STYLED_ITEM('',(#1018),#1019);
#324=STYLED_ITEM('',(#1020),#1021);
#325=STYLED_ITEM('',(#1022),#1023);
#326=STYLED_ITEM('',(#1024),#1025);
#327=STYLED_ITEM('',(#1026),#1027);
#328=STYLED_ITEM('',(#1028),#1029);
#329=STYLED_ITEM('',(#1030),#1031);
#330=STYLED_ITEM('',(#1032),#1033);
#331=STYLED_ITEM('',(#1034),#1035);
#332=STYLED_ITEM('',(#1036),#1037);
#333=STYLED_ITEM('',(#1038),#1039);
#334=STYLED_ITEM('',(#1040),#1041);
#335=STYLED_ITEM('',(#1042),#1043);
#336=STYLED_ITEM('',(#1044),#1045);
#337=STYLED_ITEM('',(#1046),#1047);
#338=STYLED_ITEM('',(#1048),#1049);
#339=STYLED_ITEM('',(#1050),#1051);
#340=STYLED_ITEM('',(#1052),#1053);
#341=STYLED_ITEM('',(#1054),#1055);
#342=STYLED_ITEM('',(#1056),#1057);
#343=STYLED_ITEM('',(#1058),#1059);
#344=STYLED_ITEM('',(#1060),#1061);
#345=STYLED_ITEM('',(#1062),#1063);
#346=STYLED_ITEM('',(#1064),#1065);
#347=STYLED_ITEM('',(#1066),#1067);
#348=STYLED_ITEM('',(#1068),#1069);
#349=STYLED_ITEM('',(#1070),#1071);
#350=STYLED_ITEM('',(#1072),#1073);
#351=STYLED_ITEM('',(#1074),#1075);
#352=STYLED_ITEM('',(#1076),#1077);
#353=STYLED_ITEM('',(#1078),#1079);
#354=STYLED_ITEM('',(#1080),#1081);
#355=STYLED_ITEM('',(#1082),#1083);
#356=STYLED_ITEM('',(#1084),#1085);
#357=STYLED_ITEM('',(#1086),#1087);
#358=STYLED_ITEM('',(#1088),#1089);
#359=STYLED_ITEM('',(#1090),#1091);
#360=STYLED_ITEM('',(#1092),#1093);
#361=STYLED_ITEM('',(#1094),#1095);
#362=STYLED_ITEM('',(#1096),#1097);
#363=STYLED_ITEM('',(#1098),#1099);
#364=STYLED_ITEM('',(#1100),#1101);
#365=STYLED_ITEM('',(#1102),#1103);
#366=STYLED_ITEM('',(#1104),#1105);
#367=STYLED_ITEM('',(#1106),#1107);
#368=STYLED_ITEM('',(#1108),#1109);
#369=STYLED_ITEM('',(#1110),#1111);
#370=STYLED_ITEM('',(#1112),#1113);
#371=STYLED_ITEM('',(#1114),#1115);
#372=STYLED_ITEM('',(#1116),#1117);
#373=STYLED_ITEM('',(#1118),#1119);
#374=STYLED_ITEM('',(#1120),#1121);
#375=STYLED_ITEM('',(#1122),#1123);
#376=STYLED_ITEM('',(#1124),#1125);
#377=STYLED_ITEM('',(#1126),#1127);
#378=STYLED_ITEM('',(#1128),#1129);
#379=APPLICATION_CONTEXT('managed model based 3d engineering');
#380=PRODUCT_CATEGORY('part','NONE');
#381=PRODUCT_RELATED_PRODUCT_CATEGORY('detail',' ',(#1130));
#382=PRODUCT_DEFINITION_SHAPE('NONE','NONE',#1131);
#383=ADVANCED_BREP_SHAPE_REPRESENTATION('1',(#1132,#1133),#6);
#386=UNCERTAINTY_MEASURE_WITH_UNIT(LENGTH_MEASURE(1.0E-06),#388,'','');
#388= (CONVERSION_BASED_UNIT('MILLIMETRE',#1136)LENGTH_UNIT()NAMED_UNIT(#1139));
#389= (NAMED_UNIT(#1141)PLANE_ANGLE_UNIT()SI_UNIT($,.RADIAN.));
#390= (NAMED_UNIT(#1141)SOLID_ANGLE_UNIT()SI_UNIT($,.STERADIAN.));
#392=PRESENTATION_STYLE_ASSIGNMENT((#1147));
#393=ADVANCED_FACE('',(#1148),#1149,.F.);
#394=PRESENTATION_STYLE_ASSIGNMENT((#1150));
#395=ADVANCED_FACE('',(#1151),#1152,.F.);
#396=PRESENTATION_STYLE_ASSIGNMENT((#1153));
#397=ADVANCED_FACE('',(#1154),#1155,.F.);
#398=PRESENTATION_STYLE_ASSIGNMENT((#1156));
#399=ADVANCED_FACE('',(#1157),#1158,.F.);
#400=PRESENTATION_STYLE_ASSIGNMENT((#1159));
#401=ADVANCED_FACE('',(#1160),#1161,.F.);
#402=PRESENTATION_STYLE_ASSIGNMENT((#1162));
#403=ADVANCED_FACE('',(#1163),#1164,.F.);
#404=PRESENTATION_STYLE_ASSIGNMENT((#1165));
#405=ADVANCED_FACE('',(#1166),#1167,.F.);
#406=PRESENTATION_STYLE_ASSIGNMENT((#1168));
#407=ADVANCED_FACE('',(#1169),#1170,.F.);
#408=PRESENTATION_STYLE_ASSIGNMENT((#1171));
#409=ADVANCED_FACE('',(#1172),#1173,.F.);
#410=PRESENTATION_STYLE_ASSIGNMENT((#1174));
#411=ADVANCED_FACE('',(#1175),#1176,.F.);
#412=PRESENTATION_STYLE_ASSIGNMENT((#1177));
#413=ADVANCED_FACE('',(#1178),#1179,.F.);
#414=PRESENTATION_STYLE_ASSIGNMENT((#1180));
#415=ADVANCED_FACE('',(#1181),#1182,.F.);
#416=PRESENTATION_STYLE_ASSIGNMENT((#1183));
#417=ADVANCED_FACE('',(#1184),#1185,.F.);
#418=PRESENTATION_STYLE_ASSIGNMENT((#1186));
#419=ADVANCED_FACE('',(#1187),#1188,.F.);
#420=PRESENTATION_STYLE_ASSIGNMENT((#1189));
#421=ADVANCED_FACE('',(#1190),#1191,.F.);
#422=PRESENTATION_STYLE_ASSIGNMENT((#1192));
#423=ADVANCED_FACE('',(#1193),#1194,.F.);
#424=PRESENTATION_STYLE_ASSIGNMENT((#1195));
#425=ADVANCED_FACE('',(#1196),#1197,.F.);
#426=PRESENTATION_STYLE_ASSIGNMENT((#1198));
#427=ADVANCED_FACE('',(#1199),#1200,.F.);
#428=PRESENTATION_STYLE_ASSIGNMENT((#1201));
#429=ADVANCED_FACE('',(#1202),#1203,.F.);
#430=PRESENTATION_STYLE_ASSIGNMENT((#1204));
#431=ADVANCED_FACE('',(#1205),#1206,.F.);
#432=PRESENTATION_STYLE_ASSIGNMENT((#1207));
#433=ADVANCED_FACE('',(#1208),#1209,.T.);
#434=PRESENTATION_STYLE_ASSIGNMENT((#1210));
#435=ADVANCED_FACE('',(#1211),#1212,.T.);
#436=PRESENTATION_STYLE_ASSIGNMENT((#1213));
#437=ADVANCED_FACE('',(#1214),#1215,.T.);
#438=PRESENTATION_STYLE_ASSIGNMENT((#1216));
#439=ADVANCED_FACE('',(#1217),#1218,.T.);
#440=PRESENTATION_STYLE_ASSIGNMENT((#1219));
#441=ADVANCED_FACE('',(#1220),#1221,.T.);
#442=PRESENTATION_STYLE_ASSIGNMENT((#1222));
#443=ADVANCED_FACE('',(#1223),#1224,.T.);
#444=PRESENTATION_STYLE_ASSIGNMENT((#1225));
#445=ADVANCED_FACE('',(#1226),#1227,.T.);
#446=PRESENTATION_STYLE_ASSIGNMENT((#1228));
#447=ADVANCED_FACE('',(#1229),#1230,.T.);
#448=PRESENTATION_STYLE_ASSIGNMENT((#1231));
#449=ADVANCED_FACE('',(#1232),#1233,.F.);
#450=PRESENTATION_STYLE_ASSIGNMENT((#1234));
#451=ADVANCED_FACE('',(#1235),#1236,.T.);
#452=PRESENTATION_STYLE_ASSIGNMENT((#1237));
#453=ADVANCED_FACE('',(#1238),#1239,.T.);
#454=PRESENTATION_STYLE_ASSIGNMENT((#1240));
#455=ADVANCED_FACE('',(#1241),#1242,.T.);
#456=PRESENTATION_STYLE_ASSIGNMENT((#1243));
#457=ADVANCED_FACE('',(#1244),#1245,.T.);
#458=PRESENTATION_STYLE_ASSIGNMENT((#1246));
#459=ADVANCED_FACE('',(#1247),#1248,.T.);
#460=PRESENTATION_STYLE_ASSIGNMENT((#1249));
#461=ADVANCED_FACE('',(#1250),#1251,.F.);
#462=PRESENTATION_STYLE_ASSIGNMENT((#1252));
#463=ADVANCED_FACE('',(#1253),#1254,.T.);
#464=PRESENTATION_STYLE_ASSIGNMENT((#1255));
#465=ADVANCED_FACE('',(#1256),#1257,.T.);
#466=PRESENTATION_STYLE_ASSIGNMENT((#1258));
#467=ADVANCED_FACE('',(#1259),#1260,.T.);
#468=PRESENTATION_STYLE_ASSIGNMENT((#1261));
#469=ADVANCED_FACE('',(#1262),#1263,.T.);
#470=PRESENTATION_STYLE_ASSIGNMENT((#1264));
#471=ADVANCED_FACE('',(#1265),#1266,.T.);
#472=PRESENTATION_STYLE_ASSIGNMENT((#1267));
#473=ADVANCED_FACE('',(#1268),#1269,.F.);
#474=PRESENTATION_STYLE_ASSIGNMENT((#1270));
#475=ADVANCED_FACE('',(#1271),#1272,.T.);
#476=PRESENTATION_STYLE_ASSIGNMENT((#1273));
#477=ADVANCED_FACE('',(#1274),#1275,.T.);
#478=PRESENTATION_STYLE_ASSIGNMENT((#1276));
#479=ADVANCED_FACE('',(#1277),#1278,.T.);
#480=PRESENTATION_STYLE_ASSIGNMENT((#1279));
#481=ADVANCED_FACE('',(#1280),#1281,.T.);
#482=PRESENTATION_STYLE_ASSIGNMENT((#1282));
#483=ADVANCED_FACE('',(#1283),#1284,.T.);
#484=PRESENTATION_STYLE_ASSIGNMENT((#1285));
#485=ADVANCED_FACE('',(#1286),#1287,.F.);
#486=PRESENTATION_STYLE_ASSIGNMENT((#1288));
#487=ADVANCED_FACE('',(#1289),#1290,.T.);
#488=PRESENTATION_STYLE_ASSIGNMENT((#1291));
#489=ADVANCED_FACE('',(#1292),#1293,.T.);
#490=PRESENTATION_STYLE_ASSIGNMENT((#1294));
#491=ADVANCED_FACE('',(#1295),#1296,.T.);
#492=PRESENTATION_STYLE_ASSIGNMENT((#1297));
#493=ADVANCED_FACE('',(#1298),#1299,.T.);
#494=PRESENTATION_STYLE_ASSIGNMENT((#1300));
#495=ADVANCED_FACE('',(#1301),#1302,.T.);
#496=PRESENTATION_STYLE_ASSIGNMENT((#1303));
#497=ADVANCED_FACE('',(#1304),#1305,.F.);
#498=PRESENTATION_STYLE_ASSIGNMENT((#1306));
#499=ADVANCED_FACE('',(#1307),#1308,.T.);
#500=PRESENTATION_STYLE_ASSIGNMENT((#1309));
#501=ADVANCED_FACE('',(#1310),#1311,.T.);
#502=PRESENTATION_STYLE_ASSIGNMENT((#1312));
#503=ADVANCED_FACE('',(#1313),#1314,.F.);
#504=PRESENTATION_STYLE_ASSIGNMENT((#1315));
#505=ADVANCED_FACE('',(#1316),#1317,.F.);
#506=PRESENTATION_STYLE_ASSIGNMENT((#1318));
#507=ADVANCED_FACE('',(#1319,#1320),#1321,.F.);
#508=PRESENTATION_STYLE_ASSIGNMENT((#1322));
#509=ADVANCED_FACE('',(#1323),#1324,.F.);
#510=PRESENTATION_STYLE_ASSIGNMENT((#1325));
#511=ADVANCED_FACE('',(#1326),#1327,.F.);
#512=PRESENTATION_STYLE_ASSIGNMENT((#1328));
#513=ADVANCED_FACE('',(#1329,#1330),#1331,.F.);
#514=PRESENTATION_STYLE_ASSIGNMENT((#1332));
#515=ADVANCED_FACE('',(#1333),#1334,.F.);
#516=PRESENTATION_STYLE_ASSIGNMENT((#1335));
#517=ADVANCED_FACE('',(#1336),#1337,.F.);
#518=PRESENTATION_STYLE_ASSIGNMENT((#1338));
#519=ADVANCED_FACE('',(#1339,#1340),#1341,.F.);
#520=PRESENTATION_STYLE_ASSIGNMENT((#1342));
#521=ADVANCED_FACE('',(#1343),#1344,.F.);
#522=PRESENTATION_STYLE_ASSIGNMENT((#1345));
#523=ADVANCED_FACE('',(#1346),#1347,.F.);
#524=PRESENTATION_STYLE_ASSIGNMENT((#1348));
#525=ADVANCED_FACE('',(#1349,#1350),#1351,.F.);
#526=PRESENTATION_STYLE_ASSIGNMENT((#1352));
#527=ADVANCED_FACE('',(#1353),#1354,.F.);
#528=PRESENTATION_STYLE_ASSIGNMENT((#1355));
#529=ADVANCED_FACE('',(#1356),#1357,.F.);
#530=PRESENTATION_STYLE_ASSIGNMENT((#1358));
#531=ADVANCED_FACE('',(#1359,#1360),#1361,.F.);
#532=PRESENTATION_STYLE_ASSIGNMENT((#1362));
#533=ADVANCED_FACE('',(#1363),#1364,.F.);
#534=PRESENTATION_STYLE_ASSIGNMENT((#1365));
#535=ADVANCED_FACE('',(#1366),#1367,.F.);
#536=PRESENTATION_STYLE_ASSIGNMENT((#1368));
#537=ADVANCED_FACE('',(#1369),#1370,.F.);
#538=PRESENTATION_STYLE_ASSIGNMENT((#1371));
#539=ADVANCED_FACE('',(#1372),#1373,.F.);
#540=PRESENTATION_STYLE_ASSIGNMENT((#1374));
#541=ADVANCED_FACE('',(#1375),#1376,.F.);
#542=PRESENTATION_STYLE_ASSIGNMENT((#1377));
#543=ADVANCED_FACE('',(#1378),#1379,.F.);
#544=PRESENTATION_STYLE_ASSIGNMENT((#1380));
#545=ADVANCED_FACE('',(#1381),#1382,.F.);
#546=PRESENTATION_STYLE_ASSIGNMENT((#1383));
#547=ADVANCED_FACE('',(#1384),#1385,.F.);
#548=PRESENTATION_STYLE_ASSIGNMENT((#1386));
#549=ADVANCED_FACE('',(#1387),#1388,.F.);
#550=PRESENTATION_STYLE_ASSIGNMENT((#1389));
#551=ADVANCED_FACE('',(#1390),#1391,.F.);
#552=PRESENTATION_STYLE_ASSIGNMENT((#1392));
#553=ADVANCED_FACE('',(#1393),#1394,.F.);
#554=PRESENTATION_STYLE_ASSIGNMENT((#1395));
#555=ADVANCED_FACE('',(#1396),#1397,.F.);
#556=PRESENTATION_STYLE_ASSIGNMENT((#1398));
#557=ADVANCED_FACE('',(#1399),#1400,.F.);
#558=PRESENTATION_STYLE_ASSIGNMENT((#1401));
#559=ADVANCED_FACE('',(#1402),#1403,.F.);
#560=PRESENTATION_STYLE_ASSIGNMENT((#1404));
#561=ADVANCED_FACE('',(#1405),#1406,.F.);
#562=PRESENTATION_STYLE_ASSIGNMENT((#1407));
#563=ADVANCED_FACE('',(#1408),#1409,.T.);
#564=PRESENTATION_STYLE_ASSIGNMENT((#1410));
#565=ADVANCED_FACE('',(#1411,#1412),#1413,.T.);
#566=PRESENTATION_STYLE_ASSIGNMENT((#1414));
#567=ADVANCED_FACE('',(#1415),#1416,.T.);
#568=PRESENTATION_STYLE_ASSIGNMENT((#1417));
#569=ADVANCED_FACE('',(#1418),#1419,.F.);
#570=PRESENTATION_STYLE_ASSIGNMENT((#1420));
#571=ADVANCED_FACE('',(#1421),#1422,.T.);
#572=PRESENTATION_STYLE_ASSIGNMENT((#1423));
#573=ADVANCED_FACE('',(#1424),#1425,.T.);
#574=PRESENTATION_STYLE_ASSIGNMENT((#1426));
#575=ADVANCED_FACE('',(#1427),#1428,.T.);
#576=PRESENTATION_STYLE_ASSIGNMENT((#1429));
#577=ADVANCED_FACE('',(#1430),#1431,.T.);
#578=PRESENTATION_STYLE_ASSIGNMENT((#1432));
#579=ADVANCED_FACE('',(#1433),#1434,.T.);
#580=PRESENTATION_STYLE_ASSIGNMENT((#1435));
#581=ADVANCED_FACE('',(#1436),#1437,.T.);
#582=PRESENTATION_STYLE_ASSIGNMENT((#1438));
#583=ADVANCED_FACE('',(#1439),#1440,.T.);
#584=PRESENTATION_STYLE_ASSIGNMENT((#1441));
#585=ADVANCED_FACE('',(#1442),#1443,.T.);
#586=PRESENTATION_STYLE_ASSIGNMENT((#1444));
#587=ADVANCED_FACE('',(#1445),#1446,.T.);
#588=PRESENTATION_STYLE_ASSIGNMENT((#1447));
#589=ADVANCED_FACE('',(#1448),#1449,.F.);
#590=PRESENTATION_STYLE_ASSIGNMENT((#1450));
#591=ADVANCED_FACE('',(#1451),#1452,.T.);
#592=PRESENTATION_STYLE_ASSIGNMENT((#1453));
#593=ADVANCED_FACE('',(#1454,#1455),#1456,.T.);
#594=PRESENTATION_STYLE_ASSIGNMENT((#1457));
#595=ADVANCED_FACE('',(#1458),#1459,.T.);
#596=PRESENTATION_STYLE_ASSIGNMENT((#1460));
#597=ADVANCED_FACE('',(#1461,#1462),#1463,.T.);
#598=PRESENTATION_STYLE_ASSIGNMENT((#1464));
#599=ADVANCED_FACE('',(#1465),#1466,.T.);
#600=PRESENTATION_STYLE_ASSIGNMENT((#1467));
#601=ADVANCED_FACE('',(#1468),#1469,.F.);
#602=PRESENTATION_STYLE_ASSIGNMENT((#1470));
#603=ADVANCED_FACE('',(#1471),#1472,.T.);
#604=PRESENTATION_STYLE_ASSIGNMENT((#1473));
#605=ADVANCED_FACE('',(#1474),#1475,.T.);
#606=PRESENTATION_STYLE_ASSIGNMENT((#1476));
#607=ADVANCED_FACE('',(#1477),#1478,.T.);
#608=PRESENTATION_STYLE_ASSIGNMENT((#1479));
#609=ADVANCED_FACE('',(#1480),#1481,.T.);
#610=PRESENTATION_STYLE_ASSIGNMENT((#1482));
#611=ADVANCED_FACE('',(#1483),#1484,.T.);
#612=PRESENTATION_STYLE_ASSIGNMENT((#1485));
#613=ADVANCED_FACE('',(#1486),#1487,.T.);
#614=PRESENTATION_STYLE_ASSIGNMENT((#1488));
#615=ADVANCED_FACE('',(#1489),#1490,.T.);
#616=PRESENTATION_STYLE_ASSIGNMENT((#1491));
#617=ADVANCED_FACE('',(#1492),#1493,.T.);
#618=PRESENTATION_STYLE_ASSIGNMENT((#1494));
#619=ADVANCED_FACE('',(#1495),#1496,.T.);
#620=PRESENTATION_STYLE_ASSIGNMENT((#1497));
#621=ADVANCED_FACE('',(#1498),#1499,.F.);
#622=PRESENTATION_STYLE_ASSIGNMENT((#1500));
#623=ADVANCED_FACE('',(#1501),#1502,.T.);
#624=PRESENTATION_STYLE_ASSIGNMENT((#1503));
#625=ADVANCED_FACE('',(#1504,#1505),#1506,.T.);
#626=PRESENTATION_STYLE_ASSIGNMENT((#1507));
#627=ADVANCED_FACE('',(#1508),#1509,.T.);
#628=PRESENTATION_STYLE_ASSIGNMENT((#1510));
#629=ADVANCED_FACE('',(#1511,#1512),#1513,.T.);
#630=PRESENTATION_STYLE_ASSIGNMENT((#1514));
#631=ADVANCED_FACE('',(#1515),#1516,.T.);
#632=PRESENTATION_STYLE_ASSIGNMENT((#1517));
#633=ADVANCED_FACE('',(#1518),#1519,.F.);
#634=PRESENTATION_STYLE_ASSIGNMENT((#1520));
#635=ADVANCED_FACE('',(#1521),#1522,.T.);
#636=PRESENTATION_STYLE_ASSIGNMENT((#1523));
#637=ADVANCED_FACE('',(#1524),#1525,.T.);
#638=PRESENTATION_STYLE_ASSIGNMENT((#1526));
#639=ADVANCED_FACE('',(#1527),#1528,.T.);
#640=PRESENTATION_STYLE_ASSIGNMENT((#1529));
#641=ADVANCED_FACE('',(#1530),#1531,.T.);
#642=PRESENTATION_STYLE_ASSIGNMENT((#1532));
#643=ADVANCED_FACE('',(#1533),#1534,.T.);
#644=PRESENTATION_STYLE_ASSIGNMENT((#1535));
#645=ADVANCED_FACE('',(#1536),#1537,.T.);
#646=PRESENTATION_STYLE_ASSIGNMENT((#1538));
#647=ADVANCED_FACE('',(#1539),#1540,.T.);
#648=PRESENTATION_STYLE_ASSIGNMENT((#1541));
#649=ADVANCED_FACE('',(#1542),#1543,.T.);
#650=PRESENTATION_STYLE_ASSIGNMENT((#1544));
#651=ADVANCED_FACE('',(#1545),#1546,.T.);
#652=PRESENTATION_STYLE_ASSIGNMENT((#1547));
#653=ADVANCED_FACE('',(#1548),#1549,.F.);
#654=PRESENTATION_STYLE_ASSIGNMENT((#1550));
#655=ADVANCED_FACE('',(#1551),#1552,.T.);
#656=PRESENTATION_STYLE_ASSIGNMENT((#1553));
#657=ADVANCED_FACE('',(#1554,#1555),#1556,.T.);
#658=PRESENTATION_STYLE_ASSIGNMENT((#1557));
#659=ADVANCED_FACE('',(#1558),#1559,.T.);
#660=PRESENTATION_STYLE_ASSIGNMENT((#1560));
#661=ADVANCED_FACE('',(#1561,#1562),#1563,.T.);
#662=PRESENTATION_STYLE_ASSIGNMENT((#1564));
#663=ADVANCED_FACE('',(#1565),#1566,.T.);
#664=PRESENTATION_STYLE_ASSIGNMENT((#1567));
#665=ADVANCED_FACE('',(#1568),#1569,.F.);
#666=PRESENTATION_STYLE_ASSIGNMENT((#1570));
#667=ADVANCED_FACE('',(#1571),#1572,.T.);
#668=PRESENTATION_STYLE_ASSIGNMENT((#1573));
#669=ADVANCED_FACE('',(#1574),#1575,.T.);
#670=PRESENTATION_STYLE_ASSIGNMENT((#1576));
#671=ADVANCED_FACE('',(#1577),#1578,.T.);
#672=PRESENTATION_STYLE_ASSIGNMENT((#1579));
#673=ADVANCED_FACE('',(#1580),#1581,.T.);
#674=PRESENTATION_STYLE_ASSIGNMENT((#1582));
#675=ADVANCED_FACE('',(#1583),#1584,.T.);
#676=PRESENTATION_STYLE_ASSIGNMENT((#1585));
#677=ADVANCED_FACE('',(#1586),#1587,.T.);
#678=PRESENTATION_STYLE_ASSIGNMENT((#1588));
#679=ADVANCED_FACE('',(#1589),#1590,.T.);
#680=PRESENTATION_STYLE_ASSIGNMENT((#1591));
#681=ADVANCED_FACE('',(#1592),#1593,.T.);
#682=PRESENTATION_STYLE_ASSIGNMENT((#1594));
#683=ADVANCED_FACE('',(#1595),#1596,.T.);
#684=PRESENTATION_STYLE_ASSIGNMENT((#1597));
#685=ADVANCED_FACE('',(#1598),#1599,.F.);
#686=PRESENTATION_STYLE_ASSIGNMENT((#1600));
#687=ADVANCED_FACE('',(#1601),#1602,.T.);
#688=PRESENTATION_STYLE_ASSIGNMENT((#1603));
#689=ADVANCED_FACE('',(#1604,#1605),#1606,.T.);
#690=PRESENTATION_STYLE_ASSIGNMENT((#1607));
#691=ADVANCED_FACE('',(#1608),#1609,.T.);
#692=PRESENTATION_STYLE_ASSIGNMENT((#1610));
#693=ADVANCED_FACE('',(#1611,#1612),#1613,.T.);
#694=PRESENTATION_STYLE_ASSIGNMENT((#1614));
#695=ADVANCED_FACE('',(#1615),#1616,.T.);
#696=PRESENTATION_STYLE_ASSIGNMENT((#1617));
#697=ADVANCED_FACE('',(#1618),#1619,.F.);
#698=PRESENTATION_STYLE_ASSIGNMENT((#1620));
#699=ADVANCED_FACE('',(#1621),#1622,.T.);
#700=PRESENTATION_STYLE_ASSIGNMENT((#1623));
#701=ADVANCED_FACE('',(#1624),#1625,.T.);
#702=PRESENTATION_STYLE_ASSIGNMENT((#1626));
#703=ADVANCED_FACE('',(#1627),#1628,.T.);
#704=PRESENTATION_STYLE_ASSIGNMENT((#1629));
#705=ADVANCED_FACE('',(#1630),#1631,.T.);
#706=PRESENTATION_STYLE_ASSIGNMENT((#1632));
#707=ADVANCED_FACE('',(#1633),#1634,.T.);
#708=PRESENTATION_STYLE_ASSIGNMENT((#1635));
#709=ADVANCED_FACE('',(#1636),#1637,.T.);
#710=PRESENTATION_STYLE_ASSIGNMENT((#1638));
#711=ADVANCED_FACE('',(#1639),#1640,.T.);
#712=PRESENTATION_STYLE_ASSIGNMENT((#1641));
#713=ADVANCED_FACE('',(#1642),#1643,.T.);
#714=PRESENTATION_STYLE_ASSIGNMENT((#1644));
#715=ADVANCED_FACE('',(#1645),#1646,.T.);
#716=PRESENTATION_STYLE_ASSIGNMENT((#1647));
#717=ADVANCED_FACE('',(#1648),#1649,.F.);
#718=PRESENTATION_STYLE_ASSIGNMENT((#1650));
#719=ADVANCED_FACE('',(#1651),#1652,.T.);
#720=PRESENTATION_STYLE_ASSIGNMENT((#1653));
#721=ADVANCED_FACE('',(#1654,#1655),#1656,.T.);
#722=PRESENTATION_STYLE_ASSIGNMENT((#1657));
#723=ADVANCED_FACE('',(#1658),#1659,.F.);
#724=PRESENTATION_STYLE_ASSIGNMENT((#1660));
#725=ADVANCED_FACE('',(#1661),#1662,.T.);
#726=PRESENTATION_STYLE_ASSIGNMENT((#1663));
#727=ADVANCED_FACE('',(#1664),#1665,.F.);
#728=PRESENTATION_STYLE_ASSIGNMENT((#1666));
#729=ADVANCED_FACE('',(#1667),#1668,.F.);
#730=PRESENTATION_STYLE_ASSIGNMENT((#1669));
#731=ADVANCED_FACE('',(#1670),#1671,.F.);
#732=PRESENTATION_STYLE_ASSIGNMENT((#1672));
#733=ADVANCED_FACE('',(#1673),#1674,.F.);
#734=PRESENTATION_STYLE_ASSIGNMENT((#1675));
#735=ADVANCED_FACE('',(#1676),#1677,.F.);
#736=PRESENTATION_STYLE_ASSIGNMENT((#1678));
#737=ADVANCED_FACE('',(#1679),#1680,.F.);
#738=PRESENTATION_STYLE_ASSIGNMENT((#1681));
#739=ADVANCED_FACE('',(#1682),#1683,.F.);
#740=PRESENTATION_STYLE_ASSIGNMENT((#1684));
#741=ADVANCED_FACE('',(#1685,#1686,#1687,#1688,#1689,#1690),#1691,.T.);
#742=PRESENTATION_STYLE_ASSIGNMENT((#1692));
#743=ADVANCED_FACE('',(#1693),#1694,.F.);
#744=PRESENTATION_STYLE_ASSIGNMENT((#1695));
#745=ADVANCED_FACE('',(#1696),#1697,.T.);
#746=PRESENTATION_STYLE_ASSIGNMENT((#1698));
#747=ADVANCED_FACE('',(#1699),#1700,.F.);
#748=PRESENTATION_STYLE_ASSIGNMENT((#1701));
#749=ADVANCED_FACE('',(#1702),#1703,.F.);
#750=PRESENTATION_STYLE_ASSIGNMENT((#1704));
#751=ADVANCED_FACE('',(#1705),#1706,.F.);
#752=PRESENTATION_STYLE_ASSIGNMENT((#1707));
#753=ADVANCED_FACE('',(#1708),#1709,.F.);
#754=PRESENTATION_STYLE_ASSIGNMENT((#1710));
#755=ADVANCED_FACE('',(#1711),#1712,.F.);
#756=PRESENTATION_STYLE_ASSIGNMENT((#1713));
#757=ADVANCED_FACE('',(#1714),#1715,.F.);
#758=PRESENTATION_STYLE_ASSIGNMENT((#1716));
#759=ADVANCED_FACE('',(#1717),#1718,.F.);
#760=PRESENTATION_STYLE_ASSIGNMENT((#1719));
#761=ADVANCED_FACE('',(#1720),#1721,.F.);
#762=PRESENTATION_STYLE_ASSIGNMENT((#1722));
#763=ADVANCED_FACE('',(#1723),#1724,.T.);
#764=PRESENTATION_STYLE_ASSIGNMENT((#1725));
#765=ADVANCED_FACE('',(#1726),#1727,.F.);
#766=PRESENTATION_STYLE_ASSIGNMENT((#1728));
#767=ADVANCED_FACE('',(#1729),#1730,.F.);
#768=PRESENTATION_STYLE_ASSIGNMENT((#1731));
#769=ADVANCED_FACE('',(#1732),#1733,.F.);
#770=PRESENTATION_STYLE_ASSIGNMENT((#1734));
#771=ADVANCED_FACE('',(#1735),#1736,.F.);
#772=PRESENTATION_STYLE_ASSIGNMENT((#1737));
#773=ADVANCED_FACE('',(#1738),#1739,.F.);
#774=PRESENTATION_STYLE_ASSIGNMENT((#1740));
#775=ADVANCED_FACE('',(#1741),#1742,.F.);
#776=PRESENTATION_STYLE_ASSIGNMENT((#1743));
#777=ADVANCED_FACE('',(#1744),#1745,.F.);
#778=PRESENTATION_STYLE_ASSIGNMENT((#1746));
#779=ADVANCED_FACE('',(#1747),#1748,.F.);
#780=PRESENTATION_STYLE_ASSIGNMENT((#1749));
#781=ADVANCED_FACE('',(#1750),#1751,.T.);
#782=PRESENTATION_STYLE_ASSIGNMENT((#1752));
#783=ADVANCED_FACE('',(#1753),#1754,.F.);
#784=PRESENTATION_STYLE_ASSIGNMENT((#1755));
#785=ADVANCED_FACE('',(#1756),#1757,.F.);
#786=PRESENTATION_STYLE_ASSIGNMENT((#1758));
#787=ADVANCED_FACE('',(#1759),#1760,.F.);
#788=PRESENTATION_STYLE_ASSIGNMENT((#1761));
#789=ADVANCED_FACE('',(#1762),#1763,.F.);
#790=PRESENTATION_STYLE_ASSIGNMENT((#1764));
#791=ADVANCED_FACE('',(#1765),#1766,.F.);
#792=PRESENTATION_STYLE_ASSIGNMENT((#1767));
#793=ADVANCED_FACE('',(#1768),#1769,.F.);
#794=PRESENTATION_STYLE_ASSIGNMENT((#1770));
#795=ADVANCED_FACE('',(#1771),#1772,.F.);
#796=PRESENTATION_STYLE_ASSIGNMENT((#1773));
#797=ADVANCED_FACE('',(#1774),#1775,.F.);
#798=PRESENTATION_STYLE_ASSIGNMENT((#1776));
#799=ADVANCED_FACE('',(#1777),#1778,.T.);
#800=PRESENTATION_STYLE_ASSIGNMENT((#1779));
#801=ADVANCED_FACE('',(#1780),#1781,.F.);
#802=PRESENTATION_STYLE_ASSIGNMENT((#1782));
#803=ADVANCED_FACE('',(#1783),#1784,.F.);
#804=PRESENTATION_STYLE_ASSIGNMENT((#1785));
#805=ADVANCED_FACE('',(#1786),#1787,.F.);
#806=PRESENTATION_STYLE_ASSIGNMENT((#1788));
#807=ADVANCED_FACE('',(#1789),#1790,.F.);
#808=PRESENTATION_STYLE_ASSIGNMENT((#1791));
#809=ADVANCED_FACE('',(#1792),#1793,.F.);
#810=PRESENTATION_STYLE_ASSIGNMENT((#1794));
#811=ADVANCED_FACE('',(#1795),#1796,.F.);
#812=PRESENTATION_STYLE_ASSIGNMENT((#1797));
#813=ADVANCED_FACE('',(#1798),#1799,.F.);
#814=PRESENTATION_STYLE_ASSIGNMENT((#1800));
#815=ADVANCED_FACE('',(#1801),#1802,.F.);
#816=PRESENTATION_STYLE_ASSIGNMENT((#1803));
#817=ADVANCED_FACE('',(#1804),#1805,.T.);
#818=PRESENTATION_STYLE_ASSIGNMENT((#1806));
#819=ADVANCED_FACE('',(#1807),#1808,.F.);
#820=PRESENTATION_STYLE_ASSIGNMENT((#1809));
#821=ADVANCED_FACE('',(#1810),#1811,.F.);
#822=PRESENTATION_STYLE_ASSIGNMENT((#1812));
#823=ADVANCED_FACE('',(#1813),#1814,.F.);
#824=PRESENTATION_STYLE_ASSIGNMENT((#1815));
#825=ADVANCED_FACE('',(#1816),#1817,.F.);
#826=PRESENTATION_STYLE_ASSIGNMENT((#1818));
#827=ADVANCED_FACE('',(#1819),#1820,.F.);
#828=PRESENTATION_STYLE_ASSIGNMENT((#1821));
#829=ADVANCED_FACE('',(#1822),#1823,.F.);
#830=PRESENTATION_STYLE_ASSIGNMENT((#1824));
#831=ADVANCED_FACE('',(#1825),#1826,.F.);
#832=PRESENTATION_STYLE_ASSIGNMENT((#1827));
#833=ADVANCED_FACE('',(#1828),#1829,.F.);
#834=PRESENTATION_STYLE_ASSIGNMENT((#1830));
#835=ADVANCED_FACE('',(#1831),#1832,.T.);
#836=PRESENTATION_STYLE_ASSIGNMENT((#1833));
#837=ADVANCED_FACE('',(#1834),#1835,.F.);
#838=PRESENTATION_STYLE_ASSIGNMENT((#1836));
#839=ADVANCED_FACE('',(#1837),#1838,.F.);
#840=PRESENTATION_STYLE_ASSIGNMENT((#1839));
#841=ADVANCED_FACE('',(#1840),#1841,.F.);
#842=PRESENTATION_STYLE_ASSIGNMENT((#1842));
#843=ADVANCED_FACE('',(#1843),#1844,.F.);
#844=PRESENTATION_STYLE_ASSIGNMENT((#1845));
#845=ADVANCED_FACE('',(#1846),#1847,.F.);
#846=PRESENTATION_STYLE_ASSIGNMENT((#1848));
#847=ADVANCED_FACE('',(#1849),#1850,.F.);
#848=PRESENTATION_STYLE_ASSIGNMENT((#1851));
#849=ADVANCED_FACE('',(#1852),#1853,.F.);
#850=PRESENTATION_STYLE_ASSIGNMENT((#1854));
#851=ADVANCED_FACE('',(#1855),#1856,.F.);
#852=PRESENTATION_STYLE_ASSIGNMENT((#1857));
#853=ADVANCED_FACE('',(#1858),#1859,.T.);
#854=PRESENTATION_STYLE_ASSIGNMENT((#1860));
#855=ADVANCED_FACE('',(#1861),#1862,.F.);
#856=PRESENTATION_STYLE_ASSIGNMENT((#1863));
#857=ADVANCED_FACE('',(#1864),#1865,.F.);
#858=PRESENTATION_STYLE_ASSIGNMENT((#1866));
#859=ADVANCED_FACE('',(#1867),#1868,.F.);
#860=PRESENTATION_STYLE_ASSIGNMENT((#1869));
#861=ADVANCED_FACE('',(#1870),#1871,.F.);
#862=PRESENTATION_STYLE_ASSIGNMENT((#1872));
#863=ADVANCED_FACE('',(#1873),#1874,.F.);
#864=PRESENTATION_STYLE_ASSIGNMENT((#1875));
#865=ADVANCED_FACE('',(#1876),#1877,.F.);
#866=PRESENTATION_STYLE_ASSIGNMENT((#1878));
#867=ADVANCED_FACE('',(#1879),#1880,.F.);
#868=PRESENTATION_STYLE_ASSIGNMENT((#1881));
#869=ADVANCED_FACE('',(#1882),#1883,.F.);
#870=PRESENTATION_STYLE_ASSIGNMENT((#1884));
#871=ADVANCED_FACE('',(#1885),#1886,.T.);
#872=PRESENTATION_STYLE_ASSIGNMENT((#1887));
#873=ADVANCED_FACE('',(#1888),#1889,.F.);
#874=PRESENTATION_STYLE_ASSIGNMENT((#1890));
#875=ADVANCED_FACE('',(#1891),#1892,.F.);
#876=PRESENTATION_STYLE_ASSIGNMENT((#1893));
#877=ADVANCED_FACE('',(#1894),#1895,.F.);
#878=PRESENTATION_STYLE_ASSIGNMENT((#1896));
#879=ADVANCED_FACE('',(#1897),#1898,.F.);
#880=PRESENTATION_STYLE_ASSIGNMENT((#1899));
#881=ADVANCED_FACE('',(#1900),#1901,.F.);
#882=PRESENTATION_STYLE_ASSIGNMENT((#1902));
#883=ADVANCED_FACE('',(#1903),#1904,.F.);
#884=PRESENTATION_STYLE_ASSIGNMENT((#1905));
#885=ADVANCED_FACE('',(#1906),#1907,.F.);
#886=PRESENTATION_STYLE_ASSIGNMENT((#1908));
#887=ADVANCED_FACE('',(#1909),#1910,.F.);
#888=PRESENTATION_STYLE_ASSIGNMENT((#1911));
#889=ADVANCED_FACE('',(#1912),#1913,.T.);
#890=PRESENTATION_STYLE_ASSIGNMENT((#1914));
#891=ADVANCED_FACE('',(#1915),#1916,.F.);
#892=PRESENTATION_STYLE_ASSIGNMENT((#1917));
#893=ADVANCED_FACE('',(#1918),#1919,.F.);
#894=PRESENTATION_STYLE_ASSIGNMENT((#1920));
#895=ADVANCED_FACE('',(#1921),#1922,.F.);
#896=PRESENTATION_STYLE_ASSIGNMENT((#1923));
#897=ADVANCED_FACE('',(#1924),#1925,.F.);
#898=PRESENTATION_STYLE_ASSIGNMENT((#1926));
#899=ADVANCED_FACE('',(#1927),#1928,.F.);
#900=PRESENTATION_STYLE_ASSIGNMENT((#1929));
#901=ADVANCED_FACE('',(#1930),#1931,.F.);
#902=PRESENTATION_STYLE_ASSIGNMENT((#1932));
#903=ADVANCED_FACE('',(#1933),#1934,.F.);
#904=PRESENTATION_STYLE_ASSIGNMENT((#1935));
#905=ADVANCED_FACE('',(#1936),#1937,.F.);
#906=PRESENTATION_STYLE_ASSIGNMENT((#1938));
#907=ADVANCED_FACE('',(#1939),#1940,.F.);
#908=PRESENTATION_STYLE_ASSIGNMENT((#1941));
#909=ADVANCED_FACE('',(#1942),#1943,.F.);
#910=PRESENTATION_STYLE_ASSIGNMENT((#1944));
#911=ADVANCED_FACE('',(#1945),#1946,.F.);
#912=PRESENTATION_STYLE_ASSIGNMENT((#1947));
#913=ADVANCED_FACE('',(#1948),#1949,.F.);
#914=PRESENTATION_STYLE_ASSIGNMENT((#1950));
#915=ADVANCED_FACE('',(#1951),#1952,.F.);
#916=PRESENTATION_STYLE_ASSIGNMENT((#1953));
#917=ADVANCED_FACE('',(#1954),#1955,.F.);
#918=PRESENTATION_STYLE_ASSIGNMENT((#1956));
#919=ADVANCED_FACE('',(#1957),#1958,.F.);
#920=PRESENTATION_STYLE_ASSIGNMENT((#1959));
#921=ADVANCED_FACE('',(#1960),#1961,.F.);
#922=PRESENTATION_STYLE_ASSIGNMENT((#1962));
#923=ADVANCED_FACE('',(#1963),#1964,.T.);
#924=PRESENTATION_STYLE_ASSIGNMENT((#1965));
#925=ADVANCED_FACE('',(#1966),#1967,.T.);
#926=PRESENTATION_STYLE_ASSIGNMENT((#1968));
#927=ADVANCED_FACE('',(#1969),#1970,.F.);
#928=PRESENTATION_STYLE_ASSIGNMENT((#1971));
#929=ADVANCED_FACE('',(#1972),#1973,.F.);
#930=PRESENTATION_STYLE_ASSIGNMENT((#1974));
#931=ADVANCED_FACE('',(#1975),#1976,.F.);
#932=PRESENTATION_STYLE_ASSIGNMENT((#1977));
#933=ADVANCED_FACE('',(#1978),#1979,.F.);
#934=PRESENTATION_STYLE_ASSIGNMENT((#1980));
#935=ADVANCED_FACE('',(#1981),#1982,.F.);
#936=PRESENTATION_STYLE_ASSIGNMENT((#1983));
#937=ADVANCED_FACE('',(#1984),#1985,.F.);
#938=PRESENTATION_STYLE_ASSIGNMENT((#1986));
#939=ADVANCED_FACE('',(#1987),#1988,.F.);
#940=PRESENTATION_STYLE_ASSIGNMENT((#1989));
#941=ADVANCED_FACE('',(#1990),#1991,.F.);
#942=PRESENTATION_STYLE_ASSIGNMENT((#1992));
#943=ADVANCED_FACE('',(#1993),#1994,.F.);
#944=PRESENTATION_STYLE_ASSIGNMENT((#1995));
#945=ADVANCED_FACE('',(#1996),#1997,.T.);
#946=PRESENTATION_STYLE_ASSIGNMENT((#1998));
#947=ADVANCED_FACE('',(#1999),#2000,.F.);
#948=PRESENTATION_STYLE_ASSIGNMENT((#2001));
#949=ADVANCED_FACE('',(#2002),#2003,.F.);
#950=PRESENTATION_STYLE_ASSIGNMENT((#2004));
#951=ADVANCED_FACE('',(#2005),#2006,.F.);
#952=PRESENTATION_STYLE_ASSIGNMENT((#2007));
#953=ADVANCED_FACE('',(#2008),#2009,.F.);
#954=PRESENTATION_STYLE_ASSIGNMENT((#2010));
#955=ADVANCED_FACE('',(#2011),#2012,.F.);
#956=PRESENTATION_STYLE_ASSIGNMENT((#2013));
#957=ADVANCED_FACE('',(#2014),#2015,.F.);
#958=PRESENTATION_STYLE_ASSIGNMENT((#2016));
#959=ADVANCED_FACE('',(#2017),#2018,.F.);
#960=PRESENTATION_STYLE_ASSIGNMENT((#2019));
#961=ADVANCED_FACE('',(#2020),#2021,.F.);
#962=PRESENTATION_STYLE_ASSIGNMENT((#2022));
#963=ADVANCED_FACE('',(#2023),#2024,.F.);
#964=PRESENTATION_STYLE_ASSIGNMENT((#2025));
#965=ADVANCED_FACE('',(#2026),#2027,.T.);
#966=PRESENTATION_STYLE_ASSIGNMENT((#2028));
#967=ADVANCED_FACE('',(#2029),#2030,.F.);
#968=PRESENTATION_STYLE_ASSIGNMENT((#2031));
#969=ADVANCED_FACE('',(#2032),#2033,.F.);
#970=PRESENTATION_STYLE_ASSIGNMENT((#2034));
#971=ADVANCED_FACE('',(#2035),#2036,.F.);
#972=PRESENTATION_STYLE_ASSIGNMENT((#2037));
#973=ADVANCED_FACE('',(#2038),#2039,.F.);
#974=PRESENTATION_STYLE_ASSIGNMENT((#2040));
#975=ADVANCED_FACE('',(#2041),#2042,.F.);
#976=PRESENTATION_STYLE_ASSIGNMENT((#2043));
#977=ADVANCED_FACE('',(#2044),#2045,.F.);
#978=PRESENTATION_STYLE_ASSIGNMENT((#2046));
#979=ADVANCED_FACE('',(#2047),#2048,.F.);
#980=PRESENTATION_STYLE_ASSIGNMENT((#2049));
#981=ADVANCED_FACE('',(#2050),#2051,.F.);
#982=PRESENTATION_STYLE_ASSIGNMENT((#2052));
#983=ADVANCED_FACE('',(#2053),#2054,.F.);
#984=PRESENTATION_STYLE_ASSIGNMENT((#2055));
#985=ADVANCED_FACE('',(#2056),#2057,.T.);
#986=PRESENTATION_STYLE_ASSIGNMENT((#2058));
#987=ADVANCED_FACE('',(#2059),#2060,.F.);
#988=PRESENTATION_STYLE_ASSIGNMENT((#2061));
#989=ADVANCED_FACE('',(#2062),#2063,.F.);
#990=PRESENTATION_STYLE_ASSIGNMENT((#2064));
#991=ADVANCED_FACE('',(#2065),#2066,.F.);
#992=PRESENTATION_STYLE_ASSIGNMENT((#2067));
#993=ADVANCED_FACE('',(#2068),#2069,.F.);
#994=PRESENTATION_STYLE_ASSIGNMENT((#2070));
#995=ADVANCED_FACE('',(#2071),#2072,.F.);
#996=PRESENTATION_STYLE_ASSIGNMENT((#2073));
#997=ADVANCED_FACE('',(#2074),#2075,.F.);
#998=PRESENTATION_STYLE_ASSIGNMENT((#2076));
#999=ADVANCED_FACE('',(#2077),#2078,.F.);
#1000=PRESENTATION_STYLE_ASSIGNMENT((#2079));
#1001=ADVANCED_FACE('',(#2080),#2081,.F.);
#1002=PRESENTATION_STYLE_ASSIGNMENT((#2082));
#1003=ADVANCED_FACE('',(#2083),#2084,.F.);
#1004=PRESENTATION_STYLE_ASSIGNMENT((#2085));
#1005=ADVANCED_FACE('',(#2086),#2087,.T.);
#1006=PRESENTATION_STYLE_ASSIGNMENT((#2088));
#1007=ADVANCED_FACE('',(#2089),#2090,.F.);
#1008=PRESENTATION_STYLE_ASSIGNMENT((#2091));
#1009=ADVANCED_FACE('',(#2092),#2093,.F.);
#1010=PRESENTATION_STYLE_ASSIGNMENT((#2094));
#1011=ADVANCED_FACE('',(#2095),#2096,.F.);
#1012=PRESENTATION_STYLE_ASSIGNMENT((#2097));
#1013=ADVANCED_FACE('',(#2098),#2099,.F.);
#1014=PRESENTATION_STYLE_ASSIGNMENT((#2100));
#1015=ADVANCED_FACE('',(#2101),#2102,.F.);
#1016=PRESENTATION_STYLE_ASSIGNMENT((#2103));
#1017=ADVANCED_FACE('',(#2104),#2105,.T.);
#1018=PRESENTATION_STYLE_ASSIGNMENT((#2106));
#1019=ADVANCED_FACE('',(#2107),#2108,.F.);
#1020=PRESENTATION_STYLE_ASSIGNMENT((#2109));
#1021=ADVANCED_FACE('',(#2110),#2111,.F.);
#1022=PRESENTATION_STYLE_ASSIGNMENT((#2112));
#1023=ADVANCED_FACE('',(#2113),#2114,.F.);
#1024=PRESENTATION_STYLE_ASSIGNMENT((#2115));
#1025=ADVANCED_FACE('',(#2116),#2117,.F.);
#1026=PRESENTATION_STYLE_ASSIGNMENT((#2118));
#1027=ADVANCED_FACE('',(#2119),#2120,.F.);
#1028=PRESENTATION_STYLE_ASSIGNMENT((#2121));
#1029=ADVANCED_FACE('',(#2122),#2123,.T.);
#1030=PRESENTATION_STYLE_ASSIGNMENT((#2124));
#1031=ADVANCED_FACE('',(#2125),#2126,.T.);
#1032=PRESENTATION_STYLE_ASSIGNMENT((#2127));
#1033=ADVANCED_FACE('',(#2128),#2129,.T.);
#1034=PRESENTATION_STYLE_ASSIGNMENT((#2130));
#1035=ADVANCED_FACE('',(#2131),#2132,.T.);
#1036=PRESENTATION_STYLE_ASSIGNMENT((#2133));
#1037=ADVANCED_FACE('',(#2134),#2135,.T.);
#1038=PRESENTATION_STYLE_ASSIGNMENT((#2136));
#1039=ADVANCED_FACE('',(#2137),#2138,.T.);
#1040=PRESENTATION_STYLE_ASSIGNMENT((#2139));
#1041=ADVANCED_FACE('',(#2140),#2141,.F.);
#1042=PRESENTATION_STYLE_ASSIGNMENT((#2142));
#1043=ADVANCED_FACE('',(#2143),#2144,.T.);
#1044=PRESENTATION_STYLE_ASSIGNMENT((#2145));
#1045=ADVANCED_FACE('',(#2146),#2147,.T.);
#1046=PRESENTATION_STYLE_ASSIGNMENT((#2148));
#1047=ADVANCED_FACE('',(#2149),#2150,.T.);
#1048=PRESENTATION_STYLE_ASSIGNMENT((#2151));
#1049=ADVANCED_FACE('',(#2152),#2153,.T.);
#1050=PRESENTATION_STYLE_ASSIGNMENT((#2154));
#1051=ADVANCED_FACE('',(#2155),#2156,.T.);
#1052=PRESENTATION_STYLE_ASSIGNMENT((#2157));
#1053=ADVANCED_FACE('',(#2158),#2159,.F.);
#1054=PRESENTATION_STYLE_ASSIGNMENT((#2160));
#1055=ADVANCED_FACE('',(#2161),#2162,.T.);
#1056=PRESENTATION_STYLE_ASSIGNMENT((#2163));
#1057=ADVANCED_FACE('',(#2164),#2165,.T.);
#1058=PRESENTATION_STYLE_ASSIGNMENT((#2166));
#1059=ADVANCED_FACE('',(#2167),#2168,.T.);
#1060=PRESENTATION_STYLE_ASSIGNMENT((#2169));
#1061=ADVANCED_FACE('',(#2170),#2171,.T.);
#1062=PRESENTATION_STYLE_ASSIGNMENT((#2172));
#1063=ADVANCED_FACE('',(#2173),#2174,.F.);
#1064=PRESENTATION_STYLE_ASSIGNMENT((#2175));
#1065=ADVANCED_FACE('',(#2176),#2177,.T.);
#1066=PRESENTATION_STYLE_ASSIGNMENT((#2178));
#1067=ADVANCED_FACE('',(#2179),#2180,.T.);
#1068=PRESENTATION_STYLE_ASSIGNMENT((#2181));
#1069=ADVANCED_FACE('',(#2182),#2183,.T.);
#1070=PRESENTATION_STYLE_ASSIGNMENT((#2184));
#1071=ADVANCED_FACE('',(#2185),#2186,.T.);
#1072=PRESENTATION_STYLE_ASSIGNMENT((#2187));
#1073=ADVANCED_FACE('',(#2188),#2189,.F.);
#1074=PRESENTATION_STYLE_ASSIGNMENT((#2190));
#1075=ADVANCED_FACE('',(#2191),#2192,.T.);
#1076=PRESENTATION_STYLE_ASSIGNMENT((#2193));
#1077=ADVANCED_FACE('',(#2194),#2195,.T.);
#1078=PRESENTATION_STYLE_ASSIGNMENT((#2196));
#1079=ADVANCED_FACE('',(#2197),#2198,.T.);
#1080=PRESENTATION_STYLE_ASSIGNMENT((#2199));
#1081=ADVANCED_FACE('',(#2200),#2201,.T.);
#1082=PRESENTATION_STYLE_ASSIGNMENT((#2202));
#1083=ADVANCED_FACE('',(#2203),#2204,.F.);
#1084=PRESENTATION_STYLE_ASSIGNMENT((#2205));
#1085=ADVANCED_FACE('',(#2206),#2207,.T.);
#1086=PRESENTATION_STYLE_ASSIGNMENT((#2208));
#1087=ADVANCED_FACE('',(#2209),#2210,.T.);
#1088=PRESENTATION_STYLE_ASSIGNMENT((#2211));
#1089=ADVANCED_FACE('',(#2212),#2213,.T.);
#1090=PRESENTATION_STYLE_ASSIGNMENT((#2214));
#1091=ADVANCED_FACE('',(#2215),#2216,.T.);
#1092=PRESENTATION_STYLE_ASSIGNMENT((#2217));
#1093=ADVANCED_FACE('',(#2218),#2219,.F.);
#1094=PRESENTATION_STYLE_ASSIGNMENT((#2220));
#1095=ADVANCED_FACE('',(#2221),#2222,.T.);
#1096=PRESENTATION_STYLE_ASSIGNMENT((#2223));
#1097=ADVANCED_FACE('',(#2224),#2225,.T.);
#1098=PRESENTATION_STYLE_ASSIGNMENT((#2226));
#1099=ADVANCED_FACE('',(#2227),#2228,.T.);
#1100=PRESENTATION_STYLE_ASSIGNMENT((#2229));
#1101=ADVANCED_FACE('',(#2230),#2231,.T.);
#1102=PRESENTATION_STYLE_ASSIGNMENT((#2232));
#1103=ADVANCED_FACE('',(#2233),#2234,.T.);
#1104=PRESENTATION_STYLE_ASSIGNMENT((#2235));
#1105=ADVANCED_FACE('',(#2236),#2237,.T.);
#1106=PRESENTATION_STYLE_ASSIGNMENT((#2238));
#1107=ADVANCED_FACE('',(#2239),#2240,.T.);
#1108=PRESENTATION_STYLE_ASSIGNMENT((#2241));
#1109=ADVANCED_FACE('',(#2242),#2243,.T.);
#1110=PRESENTATION_STYLE_ASSIGNMENT((#2244));
#1111=ADVANCED_FACE('',(#2245),#2246,.T.);
#1112=PRESENTATION_STYLE_ASSIGNMENT((#2247));
#1113=ADVANCED_FACE('',(#2248,#2249,#2250,#2251,#2252,#2253),#2254,.T.);
#1114=PRESENTATION_STYLE_ASSIGNMENT((#2255));
#1115=ADVANCED_FACE('',(#2256),#2257,.T.);
#1116=PRESENTATION_STYLE_ASSIGNMENT((#2258));
#1117=ADVANCED_FACE('',(#2259),#2260,.T.);
#1118=PRESENTATION_STYLE_ASSIGNMENT((#2261));
#1119=ADVANCED_FACE('',(#2262),#2263,.T.);
#1120=PRESENTATION_STYLE_ASSIGNMENT((#2264));
#1121=ADVANCED_FACE('',(#2265),#2266,.T.);
#1122=PRESENTATION_STYLE_ASSIGNMENT((#2267));
#1123=ADVANCED_FACE('',(#2268),#2269,.T.);
#1124=PRESENTATION_STYLE_ASSIGNMENT((#2270));
#1125=ADVANCED_FACE('',(#2271),#2272,.T.);
#1126=PRESENTATION_STYLE_ASSIGNMENT((#2273));
#1127=ADVANCED_FACE('',(#2274),#2275,.T.);
#1128=PRESENTATION_STYLE_ASSIGNMENT((#2276));
#1129=ADVANCED_FACE('',(#2277),#2278,.F.);
#1130=PRODUCT('1','','PART--DESC',(#2279));
#1131=PRODUCT_DEFINITION('','NONE',#2280,#2);
#1132=MANIFOLD_SOLID_BREP('1',#2281);
#1133=AXIS2_PLACEMENT_3D('',#2282,#2283,#2284);
#1136=LENGTH_MEASURE_WITH_UNIT(LENGTH_MEASURE(1.0),#2285);
#1139=DIMENSIONAL_EXPONENTS(1.0,0.0,0.0,0.0,0.0,0.0,0.0);
#1141=DIMENSIONAL_EXPONENTS(0.0,0.0,0.0,0.0,0.0,0.0,0.0);
#1147=SURFACE_STYLE_USAGE(.BOTH.,#2286);
#1148=FACE_OUTER_BOUND('',#2287,.T.);
#1149=CYLINDRICAL_SURFACE('',#2288,0.6);
#1150=SURFACE_STYLE_USAGE(.BOTH.,#2289);
#1151=FACE_OUTER_BOUND('',#2290,.T.);
#1152=CONICAL_SURFACE('',#2291,0.8,0.785398163397448);
#1153=SURFACE_STYLE_USAGE(.BOTH.,#2292);
#1154=FACE_OUTER_BOUND('',#2293,.T.);
#1155=CYLINDRICAL_SURFACE('',#2294,0.6);
#1156=SURFACE_STYLE_USAGE(.BOTH.,#2295);
#1157=FACE_OUTER_BOUND('',#2296,.T.);
#1158=CONICAL_SURFACE('',#2297,0.8,0.785398163397448);
#1159=SURFACE_STYLE_USAGE(.BOTH.,#2298);
#1160=FACE_OUTER_BOUND('',#2299,.T.);
#1161=CYLINDRICAL_SURFACE('',#2300,0.6);
#1162=SURFACE_STYLE_USAGE(.BOTH.,#2301);
#1163=FACE_OUTER_BOUND('',#2302,.T.);
#1164=CONICAL_SURFACE('',#2303,0.8,0.785398163397448);
#1165=SURFACE_STYLE_USAGE(.BOTH.,#2304);
#1166=FACE_OUTER_BOUND('',#2305,.T.);
#1167=CYLINDRICAL_SURFACE('',#2306,0.6);
#1168=SURFACE_STYLE_USAGE(.BOTH.,#2307);
#1169=FACE_OUTER_BOUND('',#2308,.T.);
#1170=CONICAL_SURFACE('',#2309,0.8,0.785398163397448);
#1171=SURFACE_STYLE_USAGE(.BOTH.,#2310);
#1172=FACE_OUTER_BOUND('',#2311,.T.);
#1173=CYLINDRICAL_SURFACE('',#2312,0.6);
#1174=SURFACE_STYLE_USAGE(.BOTH.,#2313);
#1175=FACE_OUTER_BOUND('',#2314,.T.);
#1176=CONICAL_SURFACE('',#2315,0.8,0.785398163397448);
#1177=SURFACE_STYLE_USAGE(.BOTH.,#2316);
#1178=FACE_OUTER_BOUND('',#2317,.T.);
#1179=CONICAL_SURFACE('',#2318,1.52399999999999,0.785398163397448);
#1180=SURFACE_STYLE_USAGE(.BOTH.,#2319);
#1181=FACE_OUTER_BOUND('',#2320,.T.);
#1182=CYLINDRICAL_SURFACE('',#2321,1.39699999999999);
#1183=SURFACE_STYLE_USAGE(.BOTH.,#2322);
#1184=FACE_OUTER_BOUND('',#2323,.T.);
#1185=CONICAL_SURFACE('',#2324,1.52399999999999,0.785398163397448);
#1186=SURFACE_STYLE_USAGE(.BOTH.,#2325);
#1187=FACE_OUTER_BOUND('',#2326,.T.);
#1188=CYLINDRICAL_SURFACE('',#2327,1.39699999999999);
#1189=SURFACE_STYLE_USAGE(.BOTH.,#2328);
#1190=FACE_OUTER_BOUND('',#2329,.T.);
#1191=CONICAL_SURFACE('',#2330,1.52399999999999,0.785398163397448);
#1192=SURFACE_STYLE_USAGE(.BOTH.,#2331);
#1193=FACE_OUTER_BOUND('',#2332,.T.);
#1194=CYLINDRICAL_SURFACE('',#2333,1.39699999999999);
#1195=SURFACE_STYLE_USAGE(.BOTH.,#2334);
#1196=FACE_OUTER_BOUND('',#2335,.T.);
#1197=CONICAL_SURFACE('',#2336,1.52399999999999,0.785398163397448);
#1198=SURFACE_STYLE_USAGE(.BOTH.,#2337);
#1199=FACE_OUTER_BOUND('',#2338,.T.);
#1200=CYLINDRICAL_SURFACE('',#2339,1.39699999999999);
#1201=SURFACE_STYLE_USAGE(.BOTH.,#2340);
#1202=FACE_OUTER_BOUND('',#2341,.T.);
#1203=CONICAL_SURFACE('',#2342,1.52399999999999,0.785398163397448);
#1204=SURFACE_STYLE_USAGE(.BOTH.,#2343);
#1205=FACE_OUTER_BOUND('',#2344,.T.);
#1206=CYLINDRICAL_SURFACE('',#2345,1.39699999999999);
#1207=SURFACE_STYLE_USAGE(.BOTH.,#2346);
#1208=FACE_OUTER_BOUND('',#2347,.T.);
#1209=CYLINDRICAL_SURFACE('',#2348,1.374);
#1210=SURFACE_STYLE_USAGE(.BOTH.,#2349);
#1211=FACE_OUTER_BOUND('',#2350,.T.);
#1212=CYLINDRICAL_SURFACE('',#2351,1.374);
#1213=SURFACE_STYLE_USAGE(.BOTH.,#2352);
#1214=FACE_OUTER_BOUND('',#2353,.T.);
#1215=CYLINDRICAL_SURFACE('',#2354,1.374);
#1216=SURFACE_STYLE_USAGE(.BOTH.,#2355);
#1217=FACE_OUTER_BOUND('',#2356,.T.);
#1218=CYLINDRICAL_SURFACE('',#2357,1.374);
#1219=SURFACE_STYLE_USAGE(.BOTH.,#2358);
#1220=FACE_OUTER_BOUND('',#2359,.T.);
#1221=CYLINDRICAL_SURFACE('',#2360,1.374);
#1222=SURFACE_STYLE_USAGE(.BOTH.,#2361);
#1223=FACE_OUTER_BOUND('',#2362,.T.);
#1224=CYLINDRICAL_SURFACE('',#2363,1.374);
#1225=SURFACE_STYLE_USAGE(.BOTH.,#2364);
#1226=FACE_OUTER_BOUND('',#2365,.T.);
#1227=PLANE('',#2366);
#1228=SURFACE_STYLE_USAGE(.BOTH.,#2367);
#1229=FACE_OUTER_BOUND('',#2368,.T.);
#1230=PLANE('',#2369);
#1231=SURFACE_STYLE_USAGE(.BOTH.,#2370);
#1232=FACE_OUTER_BOUND('',#2371,.T.);
#1233=PLANE('',#2372);
#1234=SURFACE_STYLE_USAGE(.BOTH.,#2373);
#1235=FACE_OUTER_BOUND('',#2374,.T.);
#1236=PLANE('',#2375);
#1237=SURFACE_STYLE_USAGE(.BOTH.,#2376);
#1238=FACE_OUTER_BOUND('',#2377,.T.);
#1239=PLANE('',#2378);
#1240=SURFACE_STYLE_USAGE(.BOTH.,#2379);
#1241=FACE_OUTER_BOUND('',#2380,.T.);
#1242=CYLINDRICAL_SURFACE('',#2381,1.374);
#1243=SURFACE_STYLE_USAGE(.BOTH.,#2382);
#1244=FACE_OUTER_BOUND('',#2383,.T.);
#1245=PLANE('',#2384);
#1246=SURFACE_STYLE_USAGE(.BOTH.,#2385);
#1247=FACE_OUTER_BOUND('',#2386,.T.);
#1248=PLANE('',#2387);
#1249=SURFACE_STYLE_USAGE(.BOTH.,#2388);
#1250=FACE_OUTER_BOUND('',#2389,.T.);
#1251=PLANE('',#2390);
#1252=SURFACE_STYLE_USAGE(.BOTH.,#2391);
#1253=FACE_OUTER_BOUND('',#2392,.T.);
#1254=PLANE('',#2393);
#1255=SURFACE_STYLE_USAGE(.BOTH.,#2394);
#1256=FACE_OUTER_BOUND('',#2395,.T.);
#1257=PLANE('',#2396);
#1258=SURFACE_STYLE_USAGE(.BOTH.,#2397);
#1259=FACE_OUTER_BOUND('',#2398,.T.);
#1260=CYLINDRICAL_SURFACE('',#2399,1.374);
#1261=SURFACE_STYLE_USAGE(.BOTH.,#2400);
#1262=FACE_OUTER_BOUND('',#2401,.T.);
#1263=PLANE('',#2402);
#1264=SURFACE_STYLE_USAGE(.BOTH.,#2403);
#1265=FACE_OUTER_BOUND('',#2404,.T.);
#1266=PLANE('',#2405);
#1267=SURFACE_STYLE_USAGE(.BOTH.,#2406);
#1268=FACE_OUTER_BOUND('',#2407,.T.);
#1269=PLANE('',#2408);
#1270=SURFACE_STYLE_USAGE(.BOTH.,#2409);
#1271=FACE_OUTER_BOUND('',#2410,.T.);
#1272=PLANE('',#2411);
#1273=SURFACE_STYLE_USAGE(.BOTH.,#2412);
#1274=FACE_OUTER_BOUND('',#2413,.T.);
#1275=PLANE('',#2414);
#1276=SURFACE_STYLE_USAGE(.BOTH.,#2415);
#1277=FACE_OUTER_BOUND('',#2416,.T.);
#1278=CYLINDRICAL_SURFACE('',#2417,1.374);
#1279=SURFACE_STYLE_USAGE(.BOTH.,#2418);
#1280=FACE_OUTER_BOUND('',#2419,.T.);
#1281=PLANE('',#2420);
#1282=SURFACE_STYLE_USAGE(.BOTH.,#2421);
#1283=FACE_OUTER_BOUND('',#2422,.T.);
#1284=PLANE('',#2423);
#1285=SURFACE_STYLE_USAGE(.BOTH.,#2424);
#1286=FACE_OUTER_BOUND('',#2425,.T.);
#1287=PLANE('',#2426);
#1288=SURFACE_STYLE_USAGE(.BOTH.,#2427);
#1289=FACE_OUTER_BOUND('',#2428,.T.);
#1290=PLANE('',#2429);
#1291=SURFACE_STYLE_USAGE(.BOTH.,#2430);
#1292=FACE_OUTER_BOUND('',#2431,.T.);
#1293=PLANE('',#2432);
#1294=SURFACE_STYLE_USAGE(.BOTH.,#2433);
#1295=FACE_OUTER_BOUND('',#2434,.T.);
#1296=CYLINDRICAL_SURFACE('',#2435,1.374);
#1297=SURFACE_STYLE_USAGE(.BOTH.,#2436);
#1298=FACE_OUTER_BOUND('',#2437,.T.);
#1299=PLANE('',#2438);
#1300=SURFACE_STYLE_USAGE(.BOTH.,#2439);
#1301=FACE_OUTER_BOUND('',#2440,.T.);
#1302=PLANE('',#2441);
#1303=SURFACE_STYLE_USAGE(.BOTH.,#2442);
#1304=FACE_OUTER_BOUND('',#2443,.T.);
#1305=PLANE('',#2444);
#1306=SURFACE_STYLE_USAGE(.BOTH.,#2445);
#1307=FACE_OUTER_BOUND('',#2446,.T.);
#1308=PLANE('',#2447);
#1309=SURFACE_STYLE_USAGE(.BOTH.,#2448);
#1310=FACE_OUTER_BOUND('',#2449,.T.);
#1311=PLANE('',#2450);
#1312=SURFACE_STYLE_USAGE(.BOTH.,#2451);
#1313=FACE_OUTER_BOUND('',#2452,.T.);
#1314=CYLINDRICAL_SURFACE('',#2453,1.39699999999999);
#1315=SURFACE_STYLE_USAGE(.BOTH.,#2454);
#1316=FACE_OUTER_BOUND('',#2455,.T.);
#1317=CONICAL_SURFACE('',#2456,1.52399999999999,0.785398163397448);
#1318=SURFACE_STYLE_USAGE(.BOTH.,#2457);
#1319=FACE_BOUND('',#2458,.T.);
#1320=FACE_OUTER_BOUND('',#2459,.T.);
#1321=PLANE('',#2460);
#1322=SURFACE_STYLE_USAGE(.BOTH.,#2461);
#1323=FACE_OUTER_BOUND('',#2462,.T.);
#1324=CYLINDRICAL_SURFACE('',#2463,1.39699999999999);
#1325=SURFACE_STYLE_USAGE(.BOTH.,#2464);
#1326=FACE_OUTER_BOUND('',#2465,.T.);
#1327=CONICAL_SURFACE('',#2466,1.52399999999999,0.785398163397448);
#1328=SURFACE_STYLE_USAGE(.BOTH.,#2467);
#1329=FACE_BOUND('',#2468,.T.);
#1330=FACE_OUTER_BOUND('',#2469,.T.);
#1331=PLANE('',#2470);
#1332=SURFACE_STYLE_USAGE(.BOTH.,#2471);
#1333=FACE_OUTER_BOUND('',#2472,.T.);
#1334=CYLINDRICAL_SURFACE('',#2473,1.39699999999999);
#1335=SURFACE_STYLE_USAGE(.BOTH.,#2474);
#1336=FACE_OUTER_BOUND('',#2475,.T.);
#1337=CONICAL_SURFACE('',#2476,1.52399999999999,0.785398163397448);
#1338=SURFACE_STYLE_USAGE(.BOTH.,#2477);
#1339=FACE_BOUND('',#2478,.T.);
#1340=FACE_OUTER_BOUND('',#2479,.T.);
#1341=PLANE('',#2480);
#1342=SURFACE_STYLE_USAGE(.BOTH.,#2481);
#1343=FACE_OUTER_BOUND('',#2482,.T.);
#1344=CYLINDRICAL_SURFACE('',#2483,1.39699999999999);
#1345=SURFACE_STYLE_USAGE(.BOTH.,#2484);
#1346=FACE_OUTER_BOUND('',#2485,.T.);
#1347=CONICAL_SURFACE('',#2486,1.52399999999999,0.785398163397448);
#1348=SURFACE_STYLE_USAGE(.BOTH.,#2487);
#1349=FACE_BOUND('',#2488,.T.);
#1350=FACE_OUTER_BOUND('',#2489,.T.);
#1351=PLANE('',#2490);
#1352=SURFACE_STYLE_USAGE(.BOTH.,#2491);
#1353=FACE_OUTER_BOUND('',#2492,.T.);
#1354=CYLINDRICAL_SURFACE('',#2493,1.39699999999999);
#1355=SURFACE_STYLE_USAGE(.BOTH.,#2494);
#1356=FACE_OUTER_BOUND('',#2495,.T.);
#1357=CONICAL_SURFACE('',#2496,1.52399999999999,0.785398163397448);
#1358=SURFACE_STYLE_USAGE(.BOTH.,#2497);
#1359=FACE_BOUND('',#2498,.T.);
#1360=FACE_OUTER_BOUND('',#2499,.T.);
#1361=PLANE('',#2500);
#1362=SURFACE_STYLE_USAGE(.BOTH.,#2501);
#1363=FACE_OUTER_BOUND('',#2502,.T.);
#1364=CONICAL_SURFACE('',#2503,0.8,0.785398163397448);
#1365=SURFACE_STYLE_USAGE(.BOTH.,#2504);
#1366=FACE_OUTER_BOUND('',#2505,.T.);
#1367=CYLINDRICAL_SURFACE('',#2506,0.6);
#1368=SURFACE_STYLE_USAGE(.BOTH.,#2507);
#1369=FACE_OUTER_BOUND('',#2508,.T.);
#1370=PLANE('',#2509);
#1371=SURFACE_STYLE_USAGE(.BOTH.,#2510);
#1372=FACE_OUTER_BOUND('',#2511,.T.);
#1373=CONICAL_SURFACE('',#2512,0.8,0.785398163397448);
#1374=SURFACE_STYLE_USAGE(.BOTH.,#2513);
#1375=FACE_OUTER_BOUND('',#2514,.T.);
#1376=CYLINDRICAL_SURFACE('',#2515,0.6);
#1377=SURFACE_STYLE_USAGE(.BOTH.,#2516);
#1378=FACE_OUTER_BOUND('',#2517,.T.);
#1379=PLANE('',#2518);
#1380=SURFACE_STYLE_USAGE(.BOTH.,#2519);
#1381=FACE_OUTER_BOUND('',#2520,.T.);
#1382=CONICAL_SURFACE('',#2521,0.8,0.785398163397448);
#1383=SURFACE_STYLE_USAGE(.BOTH.,#2522);
#1384=FACE_OUTER_BOUND('',#2523,.T.);
#1385=CYLINDRICAL_SURFACE('',#2524,0.6);
#1386=SURFACE_STYLE_USAGE(.BOTH.,#2525);
#1387=FACE_OUTER_BOUND('',#2526,.T.);
#1388=PLANE('',#2527);
#1389=SURFACE_STYLE_USAGE(.BOTH.,#2528);
#1390=FACE_OUTER_BOUND('',#2529,.T.);
#1391=CONICAL_SURFACE('',#2530,0.8,0.785398163397448);
#1392=SURFACE_STYLE_USAGE(.BOTH.,#2531);
#1393=FACE_OUTER_BOUND('',#2532,.T.);
#1394=CYLINDRICAL_SURFACE('',#2533,0.6);
#1395=SURFACE_STYLE_USAGE(.BOTH.,#2534);
#1396=FACE_OUTER_BOUND('',#2535,.T.);
#1397=PLANE('',#2536);
#1398=SURFACE_STYLE_USAGE(.BOTH.,#2537);
#1399=FACE_OUTER_BOUND('',#2538,.T.);
#1400=CONICAL_SURFACE('',#2539,0.8,0.785398163397448);
#1401=SURFACE_STYLE_USAGE(.BOTH.,#2540);
#1402=FACE_OUTER_BOUND('',#2541,.T.);
#1403=CYLINDRICAL_SURFACE('',#2542,0.6);
#1404=SURFACE_STYLE_USAGE(.BOTH.,#2543);
#1405=FACE_OUTER_BOUND('',#2544,.T.);
#1406=PLANE('',#2545);
#1407=SURFACE_STYLE_USAGE(.BOTH.,#2546);
#1408=FACE_OUTER_BOUND('',#2547,.T.);
#1409=PLANE('',#2548);
#1410=SURFACE_STYLE_USAGE(.BOTH.,#2549);
#1411=FACE_OUTER_BOUND('',#2550,.T.);
#1412=FACE_BOUND('',#2551,.T.);
#1413=PLANE('',#2552);
#1414=SURFACE_STYLE_USAGE(.BOTH.,#2553);
#1415=FACE_OUTER_BOUND('',#2554,.T.);
#1416=PLANE('',#2555);
#1417=SURFACE_STYLE_USAGE(.BOTH.,#2556);
#1418=FACE_OUTER_BOUND('',#2557,.T.);
#1419=PLANE('',#2558);
#1420=SURFACE_STYLE_USAGE(.BOTH.,#2559);
#1421=FACE_OUTER_BOUND('',#2560,.T.);
#1422=PLANE('',#2561);
#1423=SURFACE_STYLE_USAGE(.BOTH.,#2562);
#1424=FACE_OUTER_BOUND('',#2563,.T.);
#1425=PLANE('',#2564);
#1426=SURFACE_STYLE_USAGE(.BOTH.,#2565);
#1427=FACE_OUTER_BOUND('',#2566,.T.);
#1428=PLANE('',#2567);
#1429=SURFACE_STYLE_USAGE(.BOTH.,#2568);
#1430=FACE_OUTER_BOUND('',#2569,.T.);
#1431=PLANE('',#2570);
#1432=SURFACE_STYLE_USAGE(.BOTH.,#2571);
#1433=FACE_OUTER_BOUND('',#2572,.T.);
#1434=PLANE('',#2573);
#1435=SURFACE_STYLE_USAGE(.BOTH.,#2574);
#1436=FACE_OUTER_BOUND('',#2575,.T.);
#1437=PLANE('',#2576);
#1438=SURFACE_STYLE_USAGE(.BOTH.,#2577);
#1439=FACE_OUTER_BOUND('',#2578,.T.);
#1440=PLANE('',#2579);
#1441=SURFACE_STYLE_USAGE(.BOTH.,#2580);
#1442=FACE_OUTER_BOUND('',#2581,.T.);
#1443=PLANE('',#2582);
#1444=SURFACE_STYLE_USAGE(.BOTH.,#2583);
#1445=FACE_OUTER_BOUND('',#2584,.T.);
#1446=PLANE('',#2585);
#1447=SURFACE_STYLE_USAGE(.BOTH.,#2586);
#1448=FACE_OUTER_BOUND('',#2587,.T.);
#1449=CYLINDRICAL_SURFACE('',#2588,1.86563);
#1450=SURFACE_STYLE_USAGE(.BOTH.,#2589);
#1451=FACE_OUTER_BOUND('',#2590,.T.);
#1452=PLANE('',#2591);
#1453=SURFACE_STYLE_USAGE(.BOTH.,#2592);
#1454=FACE_BOUND('',#2593,.T.);
#1455=FACE_OUTER_BOUND('',#2594,.T.);
#1456=PLANE('',#2595);
#1457=SURFACE_STYLE_USAGE(.BOTH.,#2596);
#1458=FACE_OUTER_BOUND('',#2597,.T.);
#1459=PLANE('',#2598);
#1460=SURFACE_STYLE_USAGE(.BOTH.,#2599);
#1461=FACE_OUTER_BOUND('',#2600,.T.);
#1462=FACE_BOUND('',#2601,.T.);
#1463=PLANE('',#2602);
#1464=SURFACE_STYLE_USAGE(.BOTH.,#2603);
#1465=FACE_OUTER_BOUND('',#2604,.T.);
#1466=PLANE('',#2605);
#1467=SURFACE_STYLE_USAGE(.BOTH.,#2606);
#1468=FACE_OUTER_BOUND('',#2607,.T.);
#1469=PLANE('',#2608);
#1470=SURFACE_STYLE_USAGE(.BOTH.,#2609);
#1471=FACE_OUTER_BOUND('',#2610,.T.);
#1472=PLANE('',#2611);
#1473=SURFACE_STYLE_USAGE(.BOTH.,#2612);
#1474=FACE_OUTER_BOUND('',#2613,.T.);
#1475=PLANE('',#2614);
#1476=SURFACE_STYLE_USAGE(.BOTH.,#2615);
#1477=FACE_OUTER_BOUND('',#2616,.T.);
#1478=PLANE('',#2617);
#1479=SURFACE_STYLE_USAGE(.BOTH.,#2618);
#1480=FACE_OUTER_BOUND('',#2619,.T.);
#1481=PLANE('',#2620);
#1482=SURFACE_STYLE_USAGE(.BOTH.,#2621);
#1483=FACE_OUTER_BOUND('',#2622,.T.);
#1484=PLANE('',#2623);
#1485=SURFACE_STYLE_USAGE(.BOTH.,#2624);
#1486=FACE_OUTER_BOUND('',#2625,.T.);
#1487=PLANE('',#2626);
#1488=SURFACE_STYLE_USAGE(.BOTH.,#2627);
#1489=FACE_OUTER_BOUND('',#2628,.T.);
#1490=PLANE('',#2629);
#1491=SURFACE_STYLE_USAGE(.BOTH.,#2630);
#1492=FACE_OUTER_BOUND('',#2631,.T.);
#1493=PLANE('',#2632);
#1494=SURFACE_STYLE_USAGE(.BOTH.,#2633);
#1495=FACE_OUTER_BOUND('',#2634,.T.);
#1496=PLANE('',#2635);
#1497=SURFACE_STYLE_USAGE(.BOTH.,#2636);
#1498=FACE_OUTER_BOUND('',#2637,.T.);
#1499=CYLINDRICAL_SURFACE('',#2638,1.86563);
#1500=SURFACE_STYLE_USAGE(.BOTH.,#2639);
#1501=FACE_OUTER_BOUND('',#2640,.T.);
#1502=PLANE('',#2641);
#1503=SURFACE_STYLE_USAGE(.BOTH.,#2642);
#1504=FACE_BOUND('',#2643,.T.);
#1505=FACE_OUTER_BOUND('',#2644,.T.);
#1506=PLANE('',#2645);
#1507=SURFACE_STYLE_USAGE(.BOTH.,#2646);
#1508=FACE_OUTER_BOUND('',#2647,.T.);
#1509=PLANE('',#2648);
#1510=SURFACE_STYLE_USAGE(.BOTH.,#2649);
#1511=FACE_OUTER_BOUND('',#2650,.T.);
#1512=FACE_BOUND('',#2651,.T.);
#1513=PLANE('',#2652);
#1514=SURFACE_STYLE_USAGE(.BOTH.,#2653);
#1515=FACE_OUTER_BOUND('',#2654,.T.);
#1516=PLANE('',#2655);
#1517=SURFACE_STYLE_USAGE(.BOTH.,#2656);
#1518=FACE_OUTER_BOUND('',#2657,.T.);
#1519=PLANE('',#2658);
#1520=SURFACE_STYLE_USAGE(.BOTH.,#2659);
#1521=FACE_OUTER_BOUND('',#2660,.T.);
#1522=PLANE('',#2661);
#1523=SURFACE_STYLE_USAGE(.BOTH.,#2662);
#1524=FACE_OUTER_BOUND('',#2663,.T.);
#1525=PLANE('',#2664);
#1526=SURFACE_STYLE_USAGE(.BOTH.,#2665);
#1527=FACE_OUTER_BOUND('',#2666,.T.);
#1528=PLANE('',#2667);
#1529=SURFACE_STYLE_USAGE(.BOTH.,#2668);
#1530=FACE_OUTER_BOUND('',#2669,.T.);
#1531=PLANE('',#2670);
#1532=SURFACE_STYLE_USAGE(.BOTH.,#2671);
#1533=FACE_OUTER_BOUND('',#2672,.T.);
#1534=PLANE('',#2673);
#1535=SURFACE_STYLE_USAGE(.BOTH.,#2674);
#1536=FACE_OUTER_BOUND('',#2675,.T.);
#1537=PLANE('',#2676);
#1538=SURFACE_STYLE_USAGE(.BOTH.,#2677);
#1539=FACE_OUTER_BOUND('',#2678,.T.);
#1540=PLANE('',#2679);
#1541=SURFACE_STYLE_USAGE(.BOTH.,#2680);
#1542=FACE_OUTER_BOUND('',#2681,.T.);
#1543=PLANE('',#2682);
#1544=SURFACE_STYLE_USAGE(.BOTH.,#2683);
#1545=FACE_OUTER_BOUND('',#2684,.T.);
#1546=PLANE('',#2685);
#1547=SURFACE_STYLE_USAGE(.BOTH.,#2686);
#1548=FACE_OUTER_BOUND('',#2687,.T.);
#1549=CYLINDRICAL_SURFACE('',#2688,1.86563);
#1550=SURFACE_STYLE_USAGE(.BOTH.,#2689);
#1551=FACE_OUTER_BOUND('',#2690,.T.);
#1552=PLANE('',#2691);
#1553=SURFACE_STYLE_USAGE(.BOTH.,#2692);
#1554=FACE_BOUND('',#2693,.T.);
#1555=FACE_OUTER_BOUND('',#2694,.T.);
#1556=PLANE('',#2695);
#1557=SURFACE_STYLE_USAGE(.BOTH.,#2696);
#1558=FACE_OUTER_BOUND('',#2697,.T.);
#1559=PLANE('',#2698);
#1560=SURFACE_STYLE_USAGE(.BOTH.,#2699);
#1561=FACE_OUTER_BOUND('',#2700,.T.);
#1562=FACE_BOUND('',#2701,.T.);
#1563=PLANE('',#2702);
#1564=SURFACE_STYLE_USAGE(.BOTH.,#2703);
#1565=FACE_OUTER_BOUND('',#2704,.T.);
#1566=PLANE('',#2705);
#1567=SURFACE_STYLE_USAGE(.BOTH.,#2706);
#1568=FACE_OUTER_BOUND('',#2707,.T.);
#1569=PLANE('',#2708);
#1570=SURFACE_STYLE_USAGE(.BOTH.,#2709);
#1571=FACE_OUTER_BOUND('',#2710,.T.);
#1572=PLANE('',#2711);
#1573=SURFACE_STYLE_USAGE(.BOTH.,#2712);
#1574=FACE_OUTER_BOUND('',#2713,.T.);
#1575=PLANE('',#2714);
#1576=SURFACE_STYLE_USAGE(.BOTH.,#2715);
#1577=FACE_OUTER_BOUND('',#2716,.T.);
#1578=PLANE('',#2717);
#1579=SURFACE_STYLE_USAGE(.BOTH.,#2718);
#1580=FACE_OUTER_BOUND('',#2719,.T.);
#1581=PLANE('',#2720);
#1582=SURFACE_STYLE_USAGE(.BOTH.,#2721);
#1583=FACE_OUTER_BOUND('',#2722,.T.);
#1584=PLANE('',#2723);
#1585=SURFACE_STYLE_USAGE(.BOTH.,#2724);
#1586=FACE_OUTER_BOUND('',#2725,.T.);
#1587=PLANE('',#2726);
#1588=SURFACE_STYLE_USAGE(.BOTH.,#2727);
#1589=FACE_OUTER_BOUND('',#2728,.T.);
#1590=PLANE('',#2729);
#1591=SURFACE_STYLE_USAGE(.BOTH.,#2730);
#1592=FACE_OUTER_BOUND('',#2731,.T.);
#1593=PLANE('',#2732);
#1594=SURFACE_STYLE_USAGE(.BOTH.,#2733);
#1595=FACE_OUTER_BOUND('',#2734,.T.);
#1596=PLANE('',#2735);
#1597=SURFACE_STYLE_USAGE(.BOTH.,#2736);
#1598=FACE_OUTER_BOUND('',#2737,.T.);
#1599=CYLINDRICAL_SURFACE('',#2738,1.86563);
#1600=SURFACE_STYLE_USAGE(.BOTH.,#2739);
#1601=FACE_OUTER_BOUND('',#2740,.T.);
#1602=PLANE('',#2741);
#1603=SURFACE_STYLE_USAGE(.BOTH.,#2742);
#1604=FACE_BOUND('',#2743,.T.);
#1605=FACE_OUTER_BOUND('',#2744,.T.);
#1606=PLANE('',#2745);
#1607=SURFACE_STYLE_USAGE(.BOTH.,#2746);
#1608=FACE_OUTER_BOUND('',#2747,.T.);
#1609=PLANE('',#2748);
#1610=SURFACE_STYLE_USAGE(.BOTH.,#2749);
#1611=FACE_OUTER_BOUND('',#2750,.T.);
#1612=FACE_BOUND('',#2751,.T.);
#1613=PLANE('',#2752);
#1614=SURFACE_STYLE_USAGE(.BOTH.,#2753);
#1615=FACE_OUTER_BOUND('',#2754,.T.);
#1616=PLANE('',#2755);
#1617=SURFACE_STYLE_USAGE(.BOTH.,#2756);
#1618=FACE_OUTER_BOUND('',#2757,.T.);
#1619=PLANE('',#2758);
#1620=SURFACE_STYLE_USAGE(.BOTH.,#2759);
#1621=FACE_OUTER_BOUND('',#2760,.T.);
#1622=PLANE('',#2761);
#1623=SURFACE_STYLE_USAGE(.BOTH.,#2762);
#1624=FACE_OUTER_BOUND('',#2763,.T.);
#1625=PLANE('',#2764);
#1626=SURFACE_STYLE_USAGE(.BOTH.,#2765);
#1627=FACE_OUTER_BOUND('',#2766,.T.);
#1628=PLANE('',#2767);
#1629=SURFACE_STYLE_USAGE(.BOTH.,#2768);
#1630=FACE_OUTER_BOUND('',#2769,.T.);
#1631=PLANE('',#2770);
#1632=SURFACE_STYLE_USAGE(.BOTH.,#2771);
#1633=FACE_OUTER_BOUND('',#2772,.T.);
#1634=PLANE('',#2773);
#1635=SURFACE_STYLE_USAGE(.BOTH.,#2774);
#1636=FACE_OUTER_BOUND('',#2775,.T.);
#1637=PLANE('',#2776);
#1638=SURFACE_STYLE_USAGE(.BOTH.,#2777);
#1639=FACE_OUTER_BOUND('',#2778,.T.);
#1640=PLANE('',#2779);
#1641=SURFACE_STYLE_USAGE(.BOTH.,#2780);
#1642=FACE_OUTER_BOUND('',#2781,.T.);
#1643=PLANE('',#2782);
#1644=SURFACE_STYLE_USAGE(.BOTH.,#2783);
#1645=FACE_OUTER_BOUND('',#2784,.T.);
#1646=PLANE('',#2785);
#1647=SURFACE_STYLE_USAGE(.BOTH.,#2786);
#1648=FACE_OUTER_BOUND('',#2787,.T.);
#1649=CYLINDRICAL_SURFACE('',#2788,1.86563);
#1650=SURFACE_STYLE_USAGE(.BOTH.,#2789);
#1651=FACE_OUTER_BOUND('',#2790,.T.);
#1652=PLANE('',#2791);
#1653=SURFACE_STYLE_USAGE(.BOTH.,#2792);
#1654=FACE_BOUND('',#2793,.T.);
#1655=FACE_OUTER_BOUND('',#2794,.T.);
#1656=PLANE('',#2795);
#1657=SURFACE_STYLE_USAGE(.BOTH.,#2796);
#1658=FACE_OUTER_BOUND('',#2797,.T.);
#1659=PLANE('',#2798);
#1660=SURFACE_STYLE_USAGE(.BOTH.,#2799);
#1661=FACE_OUTER_BOUND('',#2800,.T.);
#1662=PLANE('',#2801);
#1663=SURFACE_STYLE_USAGE(.BOTH.,#2802);
#1664=FACE_OUTER_BOUND('',#2803,.T.);
#1665=PLANE('',#2804);
#1666=SURFACE_STYLE_USAGE(.BOTH.,#2805);
#1667=FACE_OUTER_BOUND('',#2806,.T.);
#1668=PLANE('',#2807);
#1669=SURFACE_STYLE_USAGE(.BOTH.,#2808);
#1670=FACE_OUTER_BOUND('',#2809,.T.);
#1671=PLANE('',#2810);
#1672=SURFACE_STYLE_USAGE(.BOTH.,#2811);
#1673=FACE_OUTER_BOUND('',#2812,.T.);
#1674=PLANE('',#2813);
#1675=SURFACE_STYLE_USAGE(.BOTH.,#2814);
#1676=FACE_OUTER_BOUND('',#2815,.T.);
#1677=PLANE('',#2816);
#1678=SURFACE_STYLE_USAGE(.BOTH.,#2817);
#1679=FACE_OUTER_BOUND('',#2818,.T.);
#1680=PLANE('',#2819);
#1681=SURFACE_STYLE_USAGE(.BOTH.,#2820);
#1682=FACE_OUTER_BOUND('',#2821,.T.);
#1683=PLANE('',#2822);
#1684=SURFACE_STYLE_USAGE(.BOTH.,#2823);
#1685=FACE_BOUND('',#2824,.T.);
#1686=FACE_BOUND('',#2825,.T.);
#1687=FACE_BOUND('',#2826,.T.);
#1688=FACE_BOUND('',#2827,.T.);
#1689=FACE_BOUND('',#2828,.T.);
#1690=FACE_OUTER_BOUND('',#2829,.T.);
#1691=PLANE('',#2830);
#1692=SURFACE_STYLE_USAGE(.BOTH.,#2831);
#1693=FACE_OUTER_BOUND('',#2832,.T.);
#1694=PLANE('',#2833);
#1695=SURFACE_STYLE_USAGE(.BOTH.,#2834);
#1696=FACE_OUTER_BOUND('',#2835,.T.);
#1697=PLANE('',#2836);
#1698=SURFACE_STYLE_USAGE(.BOTH.,#2837);
#1699=FACE_OUTER_BOUND('',#2838,.T.);
#1700=PLANE('',#2839);
#1701=SURFACE_STYLE_USAGE(.BOTH.,#2840);
#1702=FACE_OUTER_BOUND('',#2841,.T.);
#1703=PLANE('',#2842);
#1704=SURFACE_STYLE_USAGE(.BOTH.,#2843);
#1705=FACE_OUTER_BOUND('',#2844,.T.);
#1706=PLANE('',#2845);
#1707=SURFACE_STYLE_USAGE(.BOTH.,#2846);
#1708=FACE_OUTER_BOUND('',#2847,.T.);
#1709=PLANE('',#2848);
#1710=SURFACE_STYLE_USAGE(.BOTH.,#2849);
#1711=FACE_OUTER_BOUND('',#2850,.T.);
#1712=PLANE('',#2851);
#1713=SURFACE_STYLE_USAGE(.BOTH.,#2852);
#1714=FACE_OUTER_BOUND('',#2853,.T.);
#1715=PLANE('',#2854);
#1716=SURFACE_STYLE_USAGE(.BOTH.,#2855);
#1717=FACE_OUTER_BOUND('',#2856,.T.);
#1718=PLANE('',#2857);
#1719=SURFACE_STYLE_USAGE(.BOTH.,#2858);
#1720=FACE_OUTER_BOUND('',#2859,.T.);
#1721=PLANE('',#2860);
#1722=SURFACE_STYLE_USAGE(.BOTH.,#2861);
#1723=FACE_OUTER_BOUND('',#2862,.T.);
#1724=PLANE('',#2863);
#1725=SURFACE_STYLE_USAGE(.BOTH.,#2864);
#1726=FACE_OUTER_BOUND('',#2865,.T.);
#1727=PLANE('',#2866);
#1728=SURFACE_STYLE_USAGE(.BOTH.,#2867);
#1729=FACE_OUTER_BOUND('',#2868,.T.);
#1730=PLANE('',#2869);
#1731=SURFACE_STYLE_USAGE(.BOTH.,#2870);
#1732=FACE_OUTER_BOUND('',#2871,.T.);
#1733=PLANE('',#2872);
#1734=SURFACE_STYLE_USAGE(.BOTH.,#2873);
#1735=FACE_OUTER_BOUND('',#2874,.T.);
#1736=PLANE('',#2875);
#1737=SURFACE_STYLE_USAGE(.BOTH.,#2876);
#1738=FACE_OUTER_BOUND('',#2877,.T.);
#1739=PLANE('',#2878);
#1740=SURFACE_STYLE_USAGE(.BOTH.,#2879);
#1741=FACE_OUTER_BOUND('',#2880,.T.);
#1742=PLANE('',#2881);
#1743=SURFACE_STYLE_USAGE(.BOTH.,#2882);
#1744=FACE_OUTER_BOUND('',#2883,.T.);
#1745=PLANE('',#2884);
#1746=SURFACE_STYLE_USAGE(.BOTH.,#2885);
#1747=FACE_OUTER_BOUND('',#2886,.T.);
#1748=PLANE('',#2887);
#1749=SURFACE_STYLE_USAGE(.BOTH.,#2888);
#1750=FACE_OUTER_BOUND('',#2889,.T.);
#1751=PLANE('',#2890);
#1752=SURFACE_STYLE_USAGE(.BOTH.,#2891);
#1753=FACE_OUTER_BOUND('',#2892,.T.);
#1754=PLANE('',#2893);
#1755=SURFACE_STYLE_USAGE(.BOTH.,#2894);
#1756=FACE_OUTER_BOUND('',#2895,.T.);
#1757=PLANE('',#2896);
#1758=SURFACE_STYLE_USAGE(.BOTH.,#2897);
#1759=FACE_OUTER_BOUND('',#2898,.T.);
#1760=PLANE('',#2899);
#1761=SURFACE_STYLE_USAGE(.BOTH.,#2900);
#1762=FACE_OUTER_BOUND('',#2901,.T.);
#1763=PLANE('',#2902);
#1764=SURFACE_STYLE_USAGE(.BOTH.,#2903);
#1765=FACE_OUTER_BOUND('',#2904,.T.);
#1766=PLANE('',#2905);
#1767=SURFACE_STYLE_USAGE(.BOTH.,#2906);
#1768=FACE_OUTER_BOUND('',#2907,.T.);
#1769=PLANE('',#2908);
#1770=SURFACE_STYLE_USAGE(.BOTH.,#2909);
#1771=FACE_OUTER_BOUND('',#2910,.T.);
#1772=PLANE('',#2911);
#1773=SURFACE_STYLE_USAGE(.BOTH.,#2912);
#1774=FACE_OUTER_BOUND('',#2913,.T.);
#1775=PLANE('',#2914);
#1776=SURFACE_STYLE_USAGE(.BOTH.,#2915);
#1777=FACE_OUTER_BOUND('',#2916,.T.);
#1778=PLANE('',#2917);
#1779=SURFACE_STYLE_USAGE(.BOTH.,#2918);
#1780=FACE_OUTER_BOUND('',#2919,.T.);
#1781=PLANE('',#2920);
#1782=SURFACE_STYLE_USAGE(.BOTH.,#2921);
#1783=FACE_OUTER_BOUND('',#2922,.T.);
#1784=PLANE('',#2923);
#1785=SURFACE_STYLE_USAGE(.BOTH.,#2924);
#1786=FACE_OUTER_BOUND('',#2925,.T.);
#1787=PLANE('',#2926);
#1788=SURFACE_STYLE_USAGE(.BOTH.,#2927);
#1789=FACE_OUTER_BOUND('',#2928,.T.);
#1790=PLANE('',#2929);
#1791=SURFACE_STYLE_USAGE(.BOTH.,#2930);
#1792=FACE_OUTER_BOUND('',#2931,.T.);
#1793=PLANE('',#2932);
#1794=SURFACE_STYLE_USAGE(.BOTH.,#2933);
#1795=FACE_OUTER_BOUND('',#2934,.T.);
#1796=PLANE('',#2935);
#1797=SURFACE_STYLE_USAGE(.BOTH.,#2936);
#1798=FACE_OUTER_BOUND('',#2937,.T.);
#1799=PLANE('',#2938);
#1800=SURFACE_STYLE_USAGE(.BOTH.,#2939);
#1801=FACE_OUTER_BOUND('',#2940,.T.);
#1802=PLANE('',#2941);
#1803=SURFACE_STYLE_USAGE(.BOTH.,#2942);
#1804=FACE_OUTER_BOUND('',#2943,.T.);
#1805=PLANE('',#2944);
#1806=SURFACE_STYLE_USAGE(.BOTH.,#2945);
#1807=FACE_OUTER_BOUND('',#2946,.T.);
#1808=PLANE('',#2947);
#1809=SURFACE_STYLE_USAGE(.BOTH.,#2948);
#1810=FACE_OUTER_BOUND('',#2949,.T.);
#1811=PLANE('',#2950);
#1812=SURFACE_STYLE_USAGE(.BOTH.,#2951);
#1813=FACE_OUTER_BOUND('',#2952,.T.);
#1814=PLANE('',#2953);
#1815=SURFACE_STYLE_USAGE(.BOTH.,#2954);
#1816=FACE_OUTER_BOUND('',#2955,.T.);
#1817=PLANE('',#2956);
#1818=SURFACE_STYLE_USAGE(.BOTH.,#2957);
#1819=FACE_OUTER_BOUND('',#2958,.T.);
#1820=PLANE('',#2959);
#1821=SURFACE_STYLE_USAGE(.BOTH.,#2960);
#1822=FACE_OUTER_BOUND('',#2961,.T.);
#1823=PLANE('',#2962);
#1824=SURFACE_STYLE_USAGE(.BOTH.,#2963);
#1825=FACE_OUTER_BOUND('',#2964,.T.);
#1826=PLANE('',#2965);
#1827=SURFACE_STYLE_USAGE(.BOTH.,#2966);
#1828=FACE_OUTER_BOUND('',#2967,.T.);
#1829=PLANE('',#2968);
#1830=SURFACE_STYLE_USAGE(.BOTH.,#2969);
#1831=FACE_OUTER_BOUND('',#2970,.T.);
#1832=PLANE('',#2971);
#1833=SURFACE_STYLE_USAGE(.BOTH.,#2972);
#1834=FACE_OUTER_BOUND('',#2973,.T.);
#1835=PLANE('',#2974);
#1836=SURFACE_STYLE_USAGE(.BOTH.,#2975);
#1837=FACE_OUTER_BOUND('',#2976,.T.);
#1838=PLANE('',#2977);
#1839=SURFACE_STYLE_USAGE(.BOTH.,#2978);
#1840=FACE_OUTER_BOUND('',#2979,.T.);
#1841=PLANE('',#2980);
#1842=SURFACE_STYLE_USAGE(.BOTH.,#2981);
#1843=FACE_OUTER_BOUND('',#2982,.T.);
#1844=PLANE('',#2983);
#1845=SURFACE_STYLE_USAGE(.BOTH.,#2984);
#1846=FACE_OUTER_BOUND('',#2985,.T.);
#1847=PLANE('',#2986);
#1848=SURFACE_STYLE_USAGE(.BOTH.,#2987);
#1849=FACE_OUTER_BOUND('',#2988,.T.);
#1850=PLANE('',#2989);
#1851=SURFACE_STYLE_USAGE(.BOTH.,#2990);
#1852=FACE_OUTER_BOUND('',#2991,.T.);
#1853=PLANE('',#2992);
#1854=SURFACE_STYLE_USAGE(.BOTH.,#2993);
#1855=FACE_OUTER_BOUND('',#2994,.T.);
#1856=PLANE('',#2995);
#1857=SURFACE_STYLE_USAGE(.BOTH.,#2996);
#1858=FACE_OUTER_BOUND('',#2997,.T.);
#1859=PLANE('',#2998);
#1860=SURFACE_STYLE_USAGE(.BOTH.,#2999);
#1861=FACE_OUTER_BOUND('',#3000,.T.);
#1862=PLANE('',#3001);
#1863=SURFACE_STYLE_USAGE(.BOTH.,#3002);
#1864=FACE_OUTER_BOUND('',#3003,.T.);
#1865=PLANE('',#3004);
#1866=SURFACE_STYLE_USAGE(.BOTH.,#3005);
#1867=FACE_OUTER_BOUND('',#3006,.T.);
#1868=PLANE('',#3007);
#1869=SURFACE_STYLE_USAGE(.BOTH.,#3008);
#1870=FACE_OUTER_BOUND('',#3009,.T.);
#1871=PLANE('',#3010);
#1872=SURFACE_STYLE_USAGE(.BOTH.,#3011);
#1873=FACE_OUTER_BOUND('',#3012,.T.);
#1874=PLANE('',#3013);
#1875=SURFACE_STYLE_USAGE(.BOTH.,#3014);
#1876=FACE_OUTER_BOUND('',#3015,.T.);
#1877=PLANE('',#3016);
#1878=SURFACE_STYLE_USAGE(.BOTH.,#3017);
#1879=FACE_OUTER_BOUND('',#3018,.T.);
#1880=PLANE('',#3019);
#1881=SURFACE_STYLE_USAGE(.BOTH.,#3020);
#1882=FACE_OUTER_BOUND('',#3021,.T.);
#1883=PLANE('',#3022);
#1884=SURFACE_STYLE_USAGE(.BOTH.,#3023);
#1885=FACE_OUTER_BOUND('',#3024,.T.);
#1886=PLANE('',#3025);
#1887=SURFACE_STYLE_USAGE(.BOTH.,#3026);
#1888=FACE_OUTER_BOUND('',#3027,.T.);
#1889=PLANE('',#3028);
#1890=SURFACE_STYLE_USAGE(.BOTH.,#3029);
#1891=FACE_OUTER_BOUND('',#3030,.T.);
#1892=PLANE('',#3031);
#1893=SURFACE_STYLE_USAGE(.BOTH.,#3032);
#1894=FACE_OUTER_BOUND('',#3033,.T.);
#1895=PLANE('',#3034);
#1896=SURFACE_STYLE_USAGE(.BOTH.,#3035);
#1897=FACE_OUTER_BOUND('',#3036,.T.);
#1898=PLANE('',#3037);
#1899=SURFACE_STYLE_USAGE(.BOTH.,#3038);
#1900=FACE_OUTER_BOUND('',#3039,.T.);
#1901=PLANE('',#3040);
#1902=SURFACE_STYLE_USAGE(.BOTH.,#3041);
#1903=FACE_OUTER_BOUND('',#3042,.T.);
#1904=PLANE('',#3043);
#1905=SURFACE_STYLE_USAGE(.BOTH.,#3044);
#1906=FACE_OUTER_BOUND('',#3045,.T.);
#1907=PLANE('',#3046);
#1908=SURFACE_STYLE_USAGE(.BOTH.,#3047);
#1909=FACE_OUTER_BOUND('',#3048,.T.);
#1910=PLANE('',#3049);
#1911=SURFACE_STYLE_USAGE(.BOTH.,#3050);
#1912=FACE_OUTER_BOUND('',#3051,.T.);
#1913=PLANE('',#3052);
#1914=SURFACE_STYLE_USAGE(.BOTH.,#3053);
#1915=FACE_OUTER_BOUND('',#3054,.T.);
#1916=PLANE('',#3055);
#1917=SURFACE_STYLE_USAGE(.BOTH.,#3056);
#1918=FACE_OUTER_BOUND('',#3057,.T.);
#1919=PLANE('',#3058);
#1920=SURFACE_STYLE_USAGE(.BOTH.,#3059);
#1921=FACE_OUTER_BOUND('',#3060,.T.);
#1922=PLANE('',#3061);
#1923=SURFACE_STYLE_USAGE(.BOTH.,#3062);
#1924=FACE_OUTER_BOUND('',#3063,.T.);
#1925=PLANE('',#3064);
#1926=SURFACE_STYLE_USAGE(.BOTH.,#3065);
#1927=FACE_OUTER_BOUND('',#3066,.T.);
#1928=PLANE('',#3067);
#1929=SURFACE_STYLE_USAGE(.BOTH.,#3068);
#1930=FACE_OUTER_BOUND('',#3069,.T.);
#1931=PLANE('',#3070);
#1932=SURFACE_STYLE_USAGE(.BOTH.,#3071);
#1933=FACE_OUTER_BOUND('',#3072,.T.);
#1934=PLANE('',#3073);
#1935=SURFACE_STYLE_USAGE(.BOTH.,#3074);
#1936=FACE_OUTER_BOUND('',#3075,.T.);
#1937=PLANE('',#3076);
#1938=SURFACE_STYLE_USAGE(.BOTH.,#3077);
#1939=FACE_OUTER_BOUND('',#3078,.T.);
#1940=PLANE('',#3079);
#1941=SURFACE_STYLE_USAGE(.BOTH.,#3080);
#1942=FACE_OUTER_BOUND('',#3081,.T.);
#1943=PLANE('',#3082);
#1944=SURFACE_STYLE_USAGE(.BOTH.,#3083);
#1945=FACE_OUTER_BOUND('',#3084,.T.);
#1946=PLANE('',#3085);
#1947=SURFACE_STYLE_USAGE(.BOTH.,#3086);
#1948=FACE_OUTER_BOUND('',#3087,.T.);
#1949=PLANE('',#3088);
#1950=SURFACE_STYLE_USAGE(.BOTH.,#3089);
#1951=FACE_OUTER_BOUND('',#3090,.T.);
#1952=PLANE('',#3091);
#1953=SURFACE_STYLE_USAGE(.BOTH.,#3092);
#1954=FACE_OUTER_BOUND('',#3093,.T.);
#1955=PLANE('',#3094);
#1956=SURFACE_STYLE_USAGE(.BOTH.,#3095);
#1957=FACE_OUTER_BOUND('',#3096,.T.);
#1958=PLANE('',#3097);
#1959=SURFACE_STYLE_USAGE(.BOTH.,#3098);
#1960=FACE_OUTER_BOUND('',#3099,.T.);
#1961=PLANE('',#3100);
#1962=SURFACE_STYLE_USAGE(.BOTH.,#3101);
#1963=FACE_OUTER_BOUND('',#3102,.T.);
#1964=PLANE('',#3103);
#1965=SURFACE_STYLE_USAGE(.BOTH.,#3104);
#1966=FACE_OUTER_BOUND('',#3105,.T.);
#1967=PLANE('',#3106);
#1968=SURFACE_STYLE_USAGE(.BOTH.,#3107);
#1969=FACE_OUTER_BOUND('',#3108,.T.);
#1970=PLANE('',#3109);
#1971=SURFACE_STYLE_USAGE(.BOTH.,#3110);
#1972=FACE_OUTER_BOUND('',#3111,.T.);
#1973=PLANE('',#3112);
#1974=SURFACE_STYLE_USAGE(.BOTH.,#3113);
#1975=FACE_OUTER_BOUND('',#3114,.T.);
#1976=PLANE('',#3115);
#1977=SURFACE_STYLE_USAGE(.BOTH.,#3116);
#1978=FACE_OUTER_BOUND('',#3117,.T.);
#1979=PLANE('',#3118);
#1980=SURFACE_STYLE_USAGE(.BOTH.,#3119);
#1981=FACE_OUTER_BOUND('',#3120,.T.);
#1982=PLANE('',#3121);
#1983=SURFACE_STYLE_USAGE(.BOTH.,#3122);
#1984=FACE_OUTER_BOUND('',#3123,.T.);
#1985=PLANE('',#3124);
#1986=SURFACE_STYLE_USAGE(.BOTH.,#3125);
#1987=FACE_OUTER_BOUND('',#3126,.T.);
#1988=PLANE('',#3127);
#1989=SURFACE_STYLE_USAGE(.BOTH.,#3128);
#1990=FACE_OUTER_BOUND('',#3129,.T.);
#1991=PLANE('',#3130);
#1992=SURFACE_STYLE_USAGE(.BOTH.,#3131);
#1993=FACE_OUTER_BOUND('',#3132,.T.);
#1994=PLANE('',#3133);
#1995=SURFACE_STYLE_USAGE(.BOTH.,#3134);
#1996=FACE_OUTER_BOUND('',#3135,.T.);
#1997=PLANE('',#3136);
#1998=SURFACE_STYLE_USAGE(.BOTH.,#3137);
#1999=FACE_OUTER_BOUND('',#3138,.T.);
#2000=PLANE('',#3139);
#2001=SURFACE_STYLE_USAGE(.BOTH.,#3140);
#2002=FACE_OUTER_BOUND('',#3141,.T.);
#2003=PLANE('',#3142);
#2004=SURFACE_STYLE_USAGE(.BOTH.,#3143);
#2005=FACE_OUTER_BOUND('',#3144,.T.);
#2006=PLANE('',#3145);
#2007=SURFACE_STYLE_USAGE(.BOTH.,#3146);
#2008=FACE_OUTER_BOUND('',#3147,.T.);
#2009=PLANE('',#3148);
#2010=SURFACE_STYLE_USAGE(.BOTH.,#3149);
#2011=FACE_OUTER_BOUND('',#3150,.T.);
#2012=PLANE('',#3151);
#2013=SURFACE_STYLE_USAGE(.BOTH.,#3152);
#2014=FACE_OUTER_BOUND('',#3153,.T.);
#2015=PLANE('',#3154);
#2016=SURFACE_STYLE_USAGE(.BOTH.,#3155);
#2017=FACE_OUTER_BOUND('',#3156,.T.);
#2018=PLANE('',#3157);
#2019=SURFACE_STYLE_USAGE(.BOTH.,#3158);
#2020=FACE_OUTER_BOUND('',#3159,.T.);
#2021=PLANE('',#3160);
#2022=SURFACE_STYLE_USAGE(.BOTH.,#3161);
#2023=FACE_OUTER_BOUND('',#3162,.T.);
#2024=PLANE('',#3163);
#2025=SURFACE_STYLE_USAGE(.BOTH.,#3164);
#2026=FACE_OUTER_BOUND('',#3165,.T.);
#2027=PLANE('',#3166);
#2028=SURFACE_STYLE_USAGE(.BOTH.,#3167);
#2029=FACE_OUTER_BOUND('',#3168,.T.);
#2030=PLANE('',#3169);
#2031=SURFACE_STYLE_USAGE(.BOTH.,#3170);
#2032=FACE_OUTER_BOUND('',#3171,.T.);
#2033=PLANE('',#3172);
#2034=SURFACE_STYLE_USAGE(.BOTH.,#3173);
#2035=FACE_OUTER_BOUND('',#3174,.T.);
#2036=PLANE('',#3175);
#2037=SURFACE_STYLE_USAGE(.BOTH.,#3176);
#2038=FACE_OUTER_BOUND('',#3177,.T.);
#2039=PLANE('',#3178);
#2040=SURFACE_STYLE_USAGE(.BOTH.,#3179);
#2041=FACE_OUTER_BOUND('',#3180,.T.);
#2042=PLANE('',#3181);
#2043=SURFACE_STYLE_USAGE(.BOTH.,#3182);
#2044=FACE_OUTER_BOUND('',#3183,.T.);
#2045=PLANE('',#3184);
#2046=SURFACE_STYLE_USAGE(.BOTH.,#3185);
#2047=FACE_OUTER_BOUND('',#3186,.T.);
#2048=PLANE('',#3187);
#2049=SURFACE_STYLE_USAGE(.BOTH.,#3188);
#2050=FACE_OUTER_BOUND('',#3189,.T.);
#2051=PLANE('',#3190);
#2052=SURFACE_STYLE_USAGE(.BOTH.,#3191);
#2053=FACE_OUTER_BOUND('',#3192,.T.);
#2054=PLANE('',#3193);
#2055=SURFACE_STYLE_USAGE(.BOTH.,#3194);
#2056=FACE_OUTER_BOUND('',#3195,.T.);
#2057=PLANE('',#3196);
#2058=SURFACE_STYLE_USAGE(.BOTH.,#3197);
#2059=FACE_OUTER_BOUND('',#3198,.T.);
#2060=PLANE('',#3199);
#2061=SURFACE_STYLE_USAGE(.BOTH.,#3200);
#2062=FACE_OUTER_BOUND('',#3201,.T.);
#2063=PLANE('',#3202);
#2064=SURFACE_STYLE_USAGE(.BOTH.,#3203);
#2065=FACE_OUTER_BOUND('',#3204,.T.);
#2066=PLANE('',#3205);
#2067=SURFACE_STYLE_USAGE(.BOTH.,#3206);
#2068=FACE_OUTER_BOUND('',#3207,.T.);
#2069=PLANE('',#3208);
#2070=SURFACE_STYLE_USAGE(.BOTH.,#3209);
#2071=FACE_OUTER_BOUND('',#3210,.T.);
#2072=PLANE('',#3211);
#2073=SURFACE_STYLE_USAGE(.BOTH.,#3212);
#2074=FACE_OUTER_BOUND('',#3213,.T.);
#2075=PLANE('',#3214);
#2076=SURFACE_STYLE_USAGE(.BOTH.,#3215);
#2077=FACE_OUTER_BOUND('',#3216,.T.);
#2078=PLANE('',#3217);
#2079=SURFACE_STYLE_USAGE(.BOTH.,#3218);
#2080=FACE_OUTER_BOUND('',#3219,.T.);
#2081=PLANE('',#3220);
#2082=SURFACE_STYLE_USAGE(.BOTH.,#3221);
#2083=FACE_OUTER_BOUND('',#3222,.T.);
#2084=PLANE('',#3223);
#2085=SURFACE_STYLE_USAGE(.BOTH.,#3224);
#2086=FACE_OUTER_BOUND('',#3225,.T.);
#2087=PLANE('',#3226);
#2088=SURFACE_STYLE_USAGE(.BOTH.,#3227);
#2089=FACE_OUTER_BOUND('',#3228,.T.);
#2090=PLANE('',#3229);
#2091=SURFACE_STYLE_USAGE(.BOTH.,#3230);
#2092=FACE_OUTER_BOUND('',#3231,.T.);
#2093=PLANE('',#3232);
#2094=SURFACE_STYLE_USAGE(.BOTH.,#3233);
#2095=FACE_OUTER_BOUND('',#3234,.T.);
#2096=PLANE('',#3235);
#2097=SURFACE_STYLE_USAGE(.BOTH.,#3236);
#2098=FACE_OUTER_BOUND('',#3237,.T.);
#2099=PLANE('',#3238);
#2100=SURFACE_STYLE_USAGE(.BOTH.,#3239);
#2101=FACE_OUTER_BOUND('',#3240,.T.);
#2102=PLANE('',#3241);
#2103=SURFACE_STYLE_USAGE(.BOTH.,#3242);
#2104=FACE_OUTER_BOUND('',#3243,.T.);
#2105=PLANE('',#3244);
#2106=SURFACE_STYLE_USAGE(.BOTH.,#3245);
#2107=FACE_OUTER_BOUND('',#3246,.T.);
#2108=PLANE('',#3247);
#2109=SURFACE_STYLE_USAGE(.BOTH.,#3248);
#2110=FACE_OUTER_BOUND('',#3249,.T.);
#2111=PLANE('',#3250);
#2112=SURFACE_STYLE_USAGE(.BOTH.,#3251);
#2113=FACE_OUTER_BOUND('',#3252,.T.);
#2114=PLANE('',#3253);
#2115=SURFACE_STYLE_USAGE(.BOTH.,#3254);
#2116=FACE_OUTER_BOUND('',#3255,.T.);
#2117=PLANE('',#3256);
#2118=SURFACE_STYLE_USAGE(.BOTH.,#3257);
#2119=FACE_OUTER_BOUND('',#3258,.T.);
#2120=PLANE('',#3259);
#2121=SURFACE_STYLE_USAGE(.BOTH.,#3260);
#2122=FACE_OUTER_BOUND('',#3261,.T.);
#2123=PLANE('',#3262);
#2124=SURFACE_STYLE_USAGE(.BOTH.,#3263);
#2125=FACE_OUTER_BOUND('',#3264,.T.);
#2126=PLANE('',#3265);
#2127=SURFACE_STYLE_USAGE(.BOTH.,#3266);
#2128=FACE_OUTER_BOUND('',#3267,.T.);
#2129=PLANE('',#3268);
#2130=SURFACE_STYLE_USAGE(.BOTH.,#3269);
#2131=FACE_OUTER_BOUND('',#3270,.T.);
#2132=PLANE('',#3271);
#2133=SURFACE_STYLE_USAGE(.BOTH.,#3272);
#2134=FACE_OUTER_BOUND('',#3273,.T.);
#2135=PLANE('',#3274);
#2136=SURFACE_STYLE_USAGE(.BOTH.,#3275);
#2137=FACE_OUTER_BOUND('',#3276,.T.);
#2138=PLANE('',#3277);
#2139=SURFACE_STYLE_USAGE(.BOTH.,#3278);
#2140=FACE_OUTER_BOUND('',#3279,.T.);
#2141=PLANE('',#3280);
#2142=SURFACE_STYLE_USAGE(.BOTH.,#3281);
#2143=FACE_OUTER_BOUND('',#3282,.T.);
#2144=PLANE('',#3283);
#2145=SURFACE_STYLE_USAGE(.BOTH.,#3284);
#2146=FACE_OUTER_BOUND('',#3285,.T.);
#2147=PLANE('',#3286);
#2148=SURFACE_STYLE_USAGE(.BOTH.,#3287);
#2149=FACE_OUTER_BOUND('',#3288,.T.);
#2150=PLANE('',#3289);
#2151=SURFACE_STYLE_USAGE(.BOTH.,#3290);
#2152=FACE_OUTER_BOUND('',#3291,.T.);
#2153=PLANE('',#3292);
#2154=SURFACE_STYLE_USAGE(.BOTH.,#3293);
#2155=FACE_OUTER_BOUND('',#3294,.T.);
#2156=PLANE('',#3295);
#2157=SURFACE_STYLE_USAGE(.BOTH.,#3296);
#2158=FACE_OUTER_BOUND('',#3297,.T.);
#2159=PLANE('',#3298);
#2160=SURFACE_STYLE_USAGE(.BOTH.,#3299);
#2161=FACE_OUTER_BOUND('',#3300,.T.);
#2162=PLANE('',#3301);
#2163=SURFACE_STYLE_USAGE(.BOTH.,#3302);
#2164=FACE_OUTER_BOUND('',#3303,.T.);
#2165=PLANE('',#3304);
#2166=SURFACE_STYLE_USAGE(.BOTH.,#3305);
#2167=FACE_OUTER_BOUND('',#3306,.T.);
#2168=PLANE('',#3307);
#2169=SURFACE_STYLE_USAGE(.BOTH.,#3308);
#2170=FACE_OUTER_BOUND('',#3309,.T.);
#2171=PLANE('',#3310);
#2172=SURFACE_STYLE_USAGE(.BOTH.,#3311);
#2173=FACE_OUTER_BOUND('',#3312,.T.);
#2174=PLANE('',#3313);
#2175=SURFACE_STYLE_USAGE(.BOTH.,#3314);
#2176=FACE_OUTER_BOUND('',#3315,.T.);
#2177=PLANE('',#3316);
#2178=SURFACE_STYLE_USAGE(.BOTH.,#3317);
#2179=FACE_OUTER_BOUND('',#3318,.T.);
#2180=PLANE('',#3319);
#2181=SURFACE_STYLE_USAGE(.BOTH.,#3320);
#2182=FACE_OUTER_BOUND('',#3321,.T.);
#2183=PLANE('',#3322);
#2184=SURFACE_STYLE_USAGE(.BOTH.,#3323);
#2185=FACE_OUTER_BOUND('',#3324,.T.);
#2186=PLANE('',#3325);
#2187=SURFACE_STYLE_USAGE(.BOTH.,#3326);
#2188=FACE_OUTER_BOUND('',#3327,.T.);
#2189=PLANE('',#3328);
#2190=SURFACE_STYLE_USAGE(.BOTH.,#3329);
#2191=FACE_OUTER_BOUND('',#3330,.T.);
#2192=PLANE('',#3331);
#2193=SURFACE_STYLE_USAGE(.BOTH.,#3332);
#2194=FACE_OUTER_BOUND('',#3333,.T.);
#2195=PLANE('',#3334);
#2196=SURFACE_STYLE_USAGE(.BOTH.,#3335);
#2197=FACE_OUTER_BOUND('',#3336,.T.);
#2198=PLANE('',#3337);
#2199=SURFACE_STYLE_USAGE(.BOTH.,#3338);
#2200=FACE_OUTER_BOUND('',#3339,.T.);
#2201=PLANE('',#3340);
#2202=SURFACE_STYLE_USAGE(.BOTH.,#3341);
#2203=FACE_OUTER_BOUND('',#3342,.T.);
#2204=PLANE('',#3343);
#2205=SURFACE_STYLE_USAGE(.BOTH.,#3344);
#2206=FACE_OUTER_BOUND('',#3345,.T.);
#2207=PLANE('',#3346);
#2208=SURFACE_STYLE_USAGE(.BOTH.,#3347);
#2209=FACE_OUTER_BOUND('',#3348,.T.);
#2210=PLANE('',#3349);
#2211=SURFACE_STYLE_USAGE(.BOTH.,#3350);
#2212=FACE_OUTER_BOUND('',#3351,.T.);
#2213=PLANE('',#3352);
#2214=SURFACE_STYLE_USAGE(.BOTH.,#3353);
#2215=FACE_OUTER_BOUND('',#3354,.T.);
#2216=PLANE('',#3355);
#2217=SURFACE_STYLE_USAGE(.BOTH.,#3356);
#2218=FACE_OUTER_BOUND('',#3357,.T.);
#2219=PLANE('',#3358);
#2220=SURFACE_STYLE_USAGE(.BOTH.,#3359);
#2221=FACE_OUTER_BOUND('',#3360,.T.);
#2222=PLANE('',#3361);
#2223=SURFACE_STYLE_USAGE(.BOTH.,#3362);
#2224=FACE_OUTER_BOUND('',#3363,.T.);
#2225=PLANE('',#3364);
#2226=SURFACE_STYLE_USAGE(.BOTH.,#3365);
#2227=FACE_OUTER_BOUND('',#3366,.T.);
#2228=PLANE('',#3367);
#2229=SURFACE_STYLE_USAGE(.BOTH.,#3368);
#2230=FACE_OUTER_BOUND('',#3369,.T.);
#2231=PLANE('',#3370);
#2232=SURFACE_STYLE_USAGE(.BOTH.,#3371);
#2233=FACE_OUTER_BOUND('',#3372,.T.);
#2234=PLANE('',#3373);
#2235=SURFACE_STYLE_USAGE(.BOTH.,#3374);
#2236=FACE_OUTER_BOUND('',#3375,.T.);
#2237=PLANE('',#3376);
#2238=SURFACE_STYLE_USAGE(.BOTH.,#3377);
#2239=FACE_OUTER_BOUND('',#3378,.T.);
#2240=PLANE('',#3379);
#2241=SURFACE_STYLE_USAGE(.BOTH.,#3380);
#2242=FACE_OUTER_BOUND('',#3381,.T.);
#2243=PLANE('',#3382);
#2244=SURFACE_STYLE_USAGE(.BOTH.,#3383);
#2245=FACE_OUTER_BOUND('',#3384,.T.);
#2246=PLANE('',#3385);
#2247=SURFACE_STYLE_USAGE(.BOTH.,#3386);
#2248=FACE_BOUND('',#3387,.T.);
#2249=FACE_BOUND('',#3388,.T.);
#2250=FACE_BOUND('',#3389,.T.);
#2251=FACE_BOUND('',#3390,.T.);
#2252=FACE_BOUND('',#3391,.T.);
#2253=FACE_OUTER_BOUND('',#3392,.T.);
#2254=PLANE('',#3393);
#2255=SURFACE_STYLE_USAGE(.BOTH.,#3394);
#2256=FACE_OUTER_BOUND('',#3395,.T.);
#2257=PLANE('',#3396);
#2258=SURFACE_STYLE_USAGE(.BOTH.,#3397);
#2259=FACE_OUTER_BOUND('',#3398,.T.);
#2260=PLANE('',#3399);
#2261=SURFACE_STYLE_USAGE(.BOTH.,#3400);
#2262=FACE_OUTER_BOUND('',#3401,.T.);
#2263=PLANE('',#3402);
#2264=SURFACE_STYLE_USAGE(.BOTH.,#3403);
#2265=FACE_OUTER_BOUND('',#3404,.T.);
#2266=PLANE('',#3405);
#2267=SURFACE_STYLE_USAGE(.BOTH.,#3406);
#2268=FACE_OUTER_BOUND('',#3407,.T.);
#2269=PLANE('',#3408);
#2270=SURFACE_STYLE_USAGE(.BOTH.,#3409);
#2271=FACE_OUTER_BOUND('',#3410,.T.);
#2272=PLANE('',#3411);
#2273=SURFACE_STYLE_USAGE(.BOTH.,#3412);
#2274=FACE_OUTER_BOUND('',#3413,.T.);
#2275=PLANE('',#3414);
#2276=SURFACE_STYLE_USAGE(.BOTH.,#3415);
#2277=FACE_OUTER_BOUND('',#3416,.T.);
#2278=PLANE('',#3417);
#2279=PRODUCT_CONTEXT('',#379,'mechanical');
#2280=PRODUCT_DEFINITION_FORMATION_WITH_SPECIFIED_SOURCE(' ','NONE',#1130,.NOT_KNOWN.);
#2281=CLOSED_SHELL('',(#393,#395,#397,#399,#401,#403,#405,#407,#409,#411,#413,#415,#417,#419,#421,#423,#425,#427,#429,#431,#433,#435,#437,#439,#441,#443,#445,#447,#449,#451,#453,#455,#457,#459,#461,#463,#465,#467,#469,#471,#473,#475,#477,#479,#481,#483,#485,#487,#489,#491,#493,#495,#497,#499,#501,#503,#505,#507,#509,#511,#513,#515,#517,#519,#521,#523,#525,#527,#529,#531,#533,#535,#537,#539,#541,#543,#545,#547,#549,#551,#553,#555,#557,#559,#561,#563,#565,#567,#569,#571,#573,#575,#577,#579,#581,#583,#585,#587,#589,#591,#593,#595,#597,#599,#601,#603,#605,#607,#609,#611,#613,#615,#617,#619,#621,#623,#625,#627,#629,#631,#633,#635,#637,#639,#641,#643,#645,#647,#649,#651,#653,#655,#657,#659,#661,#663,#665,#667,#669,#671,#673,#675,#677,#679,#681,#683,#685,#687,#689,#691,#693,#695,#697,#699,#701,#703,#705,#707,#709,#711,#713,#715,#717,#719,#721,#723,#725,#727,#729,#731,#733,#735,#737,#739,#741,#743,#745,#747,#749,#751,#753,#755,#757,#759,#761,#763,#765,#767,#769,#771,#773,#775,#777,#779,#781,#783,#785,#787,#789,#791,#793,#795,#797,#799,#801,#803,#805,#807,#809,#811,#813,#815,#817,#819,#821,#823,#825,#827,#829,#831,#833,#835,#837,#839,#841,#843,#845,#847,#849,#851,#853,#855,#857,#859,#861,#863,#865,#867,#869,#871,#873,#875,#877,#879,#881,#883,#885,#887,#889,#891,#893,#895,#897,#899,#901,#903,#905,#907,#909,#911,#913,#915,#917,#919,#921,#923,#925,#927,#929,#931,#933,#935,#937,#939,#941,#943,#945,#947,#949,#951,#953,#955,#957,#959,#961,#963,#965,#967,#969,#971,#973,#975,#977,#979,#981,#983,#985,#987,#989,#991,#993,#995,#997,#999,#1001,#1003,#1005,#1007,#1009,#1011,#1013,#1015,#1017,#1019,#1021,#1023,#1025,#1027,#1029,#1031,#1033,#1035,#1037,#1039,#1041,#1043,#1045,#1047,#1049,#1051,#1053,#1055,#1057,#1059,#1061,#1063,#1065,#1067,#1069,#1071,#1073,#1075,#1077,#1079,#1081,#1083,#1085,#1087,#1089,#1091,#1093,#1095,#1097,#1099,#1101,#1103,#1105,#1107,#1109,#1111,#1113,#1115,#1117,#1119,#1121,#1123,#1125,#1127,#1129));
#2282=CARTESIAN_POINT('',(0.0,0.0,0.0));
#2283=DIRECTION('',(0.0,0.0,1.0));
#2284=DIRECTION('',(1.0,0.0,0.0));
#2285= (NAMED_UNIT(#1139)LENGTH_UNIT()SI_UNIT(.MILLI.,.METRE.));
#2286=SURFACE_SIDE_STYLE('',(#3419));
#2287=EDGE_LOOP('',(#3420,#3421,#3422,#3423));
#2288=AXIS2_PLACEMENT_3D('',#3424,#3425,#3426);
#2289=SURFACE_SIDE_STYLE('',(#3427));
#2290=EDGE_LOOP('',(#3428,#3429,#3430,#3431));
#2291=AXIS2_PLACEMENT_3D('',#3432,#3433,#3434);
#2292=SURFACE_SIDE_STYLE('',(#3435));
#2293=EDGE_LOOP('',(#3436,#3437,#3438,#3439));
#2294=AXIS2_PLACEMENT_3D('',#3440,#3441,#3442);
#2295=SURFACE_SIDE_STYLE('',(#3443));
#2296=EDGE_LOOP('',(#3444,#3445,#3446,#3447));
#2297=AXIS2_PLACEMENT_3D('',#3448,#3449,#3450);
#2298=SURFACE_SIDE_STYLE('',(#3451));
#2299=EDGE_LOOP('',(#3452,#3453,#3454,#3455));
#2300=AXIS2_PLACEMENT_3D('',#3456,#3457,#3458);
#2301=SURFACE_SIDE_STYLE('',(#3459));
#2302=EDGE_LOOP('',(#3460,#3461,#3462,#3463));
#2303=AXIS2_PLACEMENT_3D('',#3464,#3465,#3466);
#2304=SURFACE_SIDE_STYLE('',(#3467));
#2305=EDGE_LOOP('',(#3468,#3469,#3470,#3471));
#2306=AXIS2_PLACEMENT_3D('',#3472,#3473,#3474);
#2307=SURFACE_SIDE_STYLE('',(#3475));
#2308=EDGE_LOOP('',(#3476,#3477,#3478,#3479));
#2309=AXIS2_PLACEMENT_3D('',#3480,#3481,#3482);
#2310=SURFACE_SIDE_STYLE('',(#3483));
#2311=EDGE_LOOP('',(#3484,#3485,#3486,#3487));
#2312=AXIS2_PLACEMENT_3D('',#3488,#3489,#3490);
#2313=SURFACE_SIDE_STYLE('',(#3491));
#2314=EDGE_LOOP('',(#3492,#3493,#3494,#3495));
#2315=AXIS2_PLACEMENT_3D('',#3496,#3497,#3498);
#2316=SURFACE_SIDE_STYLE('',(#3499));
#2317=EDGE_LOOP('',(#3500,#3501,#3502,#3503));
#2318=AXIS2_PLACEMENT_3D('',#3504,#3505,#3506);
#2319=SURFACE_SIDE_STYLE('',(#3507));
#2320=EDGE_LOOP('',(#3508,#3509,#3510,#3511));
#2321=AXIS2_PLACEMENT_3D('',#3512,#3513,#3514);
#2322=SURFACE_SIDE_STYLE('',(#3515));
#2323=EDGE_LOOP('',(#3516,#3517,#3518,#3519));
#2324=AXIS2_PLACEMENT_3D('',#3520,#3521,#3522);
#2325=SURFACE_SIDE_STYLE('',(#3523));
#2326=EDGE_LOOP('',(#3524,#3525,#3526,#3527));
#2327=AXIS2_PLACEMENT_3D('',#3528,#3529,#3530);
#2328=SURFACE_SIDE_STYLE('',(#3531));
#2329=EDGE_LOOP('',(#3532,#3533,#3534,#3535));
#2330=AXIS2_PLACEMENT_3D('',#3536,#3537,#3538);
#2331=SURFACE_SIDE_STYLE('',(#3539));
#2332=EDGE_LOOP('',(#3540,#3541,#3542,#3543));
#2333=AXIS2_PLACEMENT_3D('',#3544,#3545,#3546);
#2334=SURFACE_SIDE_STYLE('',(#3547));
#2335=EDGE_LOOP('',(#3548,#3549,#3550,#3551));
#2336=AXIS2_PLACEMENT_3D('',#3552,#3553,#3554);
#2337=SURFACE_SIDE_STYLE('',(#3555));
#2338=EDGE_LOOP('',(#3556,#3557,#3558,#3559));
#2339=AXIS2_PLACEMENT_3D('',#3560,#3561,#3562);
#2340=SURFACE_SIDE_STYLE('',(#3563));
#2341=EDGE_LOOP('',(#3564,#3565,#3566,#3567));
#2342=AXIS2_PLACEMENT_3D('',#3568,#3569,#3570);
#2343=SURFACE_SIDE_STYLE('',(#3571));
#2344=EDGE_LOOP('',(#3572,#3573,#3574,#3575));
#2345=AXIS2_PLACEMENT_3D('',#3576,#3577,#3578);
#2346=SURFACE_SIDE_STYLE('',(#3579));
#2347=EDGE_LOOP('',(#3580,#3581,#3582,#3583,#3584,#3585,#3586,#3587));
#2348=AXIS2_PLACEMENT_3D('',#3588,#3589,#3590);
#2349=SURFACE_SIDE_STYLE('',(#3591));
#2350=EDGE_LOOP('',(#3592,#3593,#3594,#3595,#3596,#3597,#3598,#3599));
#2351=AXIS2_PLACEMENT_3D('',#3600,#3601,#3602);
#2352=SURFACE_SIDE_STYLE('',(#3603));
#2353=EDGE_LOOP('',(#3604,#3605,#3606,#3607,#3608,#3609,#3610,#3611));
#2354=AXIS2_PLACEMENT_3D('',#3612,#3613,#3614);
#2355=SURFACE_SIDE_STYLE('',(#3615));
#2356=EDGE_LOOP('',(#3616,#3617,#3618,#3619,#3620,#3621,#3622,#3623));
#2357=AXIS2_PLACEMENT_3D('',#3624,#3625,#3626);
#2358=SURFACE_SIDE_STYLE('',(#3627));
#2359=EDGE_LOOP('',(#3628,#3629,#3630,#3631,#3632,#3633,#3634,#3635));
#2360=AXIS2_PLACEMENT_3D('',#3636,#3637,#3638);
#2361=SURFACE_SIDE_STYLE('',(#3639));
#2362=EDGE_LOOP('',(#3640,#3641,#3642,#3643,#3644,#3645,#3646,#3647));
#2363=AXIS2_PLACEMENT_3D('',#3648,#3649,#3650);
#2364=SURFACE_SIDE_STYLE('',(#3651));
#2365=EDGE_LOOP('',(#3652,#3653,#3654,#3655));
#2366=AXIS2_PLACEMENT_3D('',#3656,#3657,#3658);
#2367=SURFACE_SIDE_STYLE('',(#3659));
#2368=EDGE_LOOP('',(#3660,#3661,#3662,#3663,#3664,#3665));
#2369=AXIS2_PLACEMENT_3D('',#3666,#3667,#3668);
#2370=SURFACE_SIDE_STYLE('',(#3669));
#2371=EDGE_LOOP('',(#3670,#3671,#3672,#3673));
#2372=AXIS2_PLACEMENT_3D('',#3674,#3675,#3676);
#2373=SURFACE_SIDE_STYLE('',(#3677));
#2374=EDGE_LOOP('',(#3678,#3679));
#2375=AXIS2_PLACEMENT_3D('',#3680,#3681,#3682);
#2376=SURFACE_SIDE_STYLE('',(#3683));
#2377=EDGE_LOOP('',(#3684,#3685));
#2378=AXIS2_PLACEMENT_3D('',#3686,#3687,#3688);
#2379=SURFACE_SIDE_STYLE('',(#3689));
#2380=EDGE_LOOP('',(#3690,#3691,#3692,#3693,#3694,#3695,#3696,#3697));
#2381=AXIS2_PLACEMENT_3D('',#3698,#3699,#3700);
#2382=SURFACE_SIDE_STYLE('',(#3701));
#2383=EDGE_LOOP('',(#3702,#3703,#3704,#3705));
#2384=AXIS2_PLACEMENT_3D('',#3706,#3707,#3708);
#2385=SURFACE_SIDE_STYLE('',(#3709));
#2386=EDGE_LOOP('',(#3710,#3711,#3712,#3713,#3714,#3715));
#2387=AXIS2_PLACEMENT_3D('',#3716,#3717,#3718);
#2388=SURFACE_SIDE_STYLE('',(#3719));
#2389=EDGE_LOOP('',(#3720,#3721,#3722,#3723));
#2390=AXIS2_PLACEMENT_3D('',#3724,#3725,#3726);
#2391=SURFACE_SIDE_STYLE('',(#3727));
#2392=EDGE_LOOP('',(#3728,#3729));
#2393=AXIS2_PLACEMENT_3D('',#3730,#3731,#3732);
#2394=SURFACE_SIDE_STYLE('',(#3733));
#2395=EDGE_LOOP('',(#3734,#3735));
#2396=AXIS2_PLACEMENT_3D('',#3736,#3737,#3738);
#2397=SURFACE_SIDE_STYLE('',(#3739));
#2398=EDGE_LOOP('',(#3740,#3741,#3742,#3743,#3744,#3745,#3746,#3747));
#2399=AXIS2_PLACEMENT_3D('',#3748,#3749,#3750);
#2400=SURFACE_SIDE_STYLE('',(#3751));
#2401=EDGE_LOOP('',(#3752,#3753,#3754,#3755));
#2402=AXIS2_PLACEMENT_3D('',#3756,#3757,#3758);
#2403=SURFACE_SIDE_STYLE('',(#3759));
#2404=EDGE_LOOP('',(#3760,#3761,#3762,#3763,#3764,#3765));
#2405=AXIS2_PLACEMENT_3D('',#3766,#3767,#3768);
#2406=SURFACE_SIDE_STYLE('',(#3769));
#2407=EDGE_LOOP('',(#3770,#3771,#3772,#3773));
#2408=AXIS2_PLACEMENT_3D('',#3774,#3775,#3776);
#2409=SURFACE_SIDE_STYLE('',(#3777));
#2410=EDGE_LOOP('',(#3778,#3779));
#2411=AXIS2_PLACEMENT_3D('',#3780,#3781,#3782);
#2412=SURFACE_SIDE_STYLE('',(#3783));
#2413=EDGE_LOOP('',(#3784,#3785));
#2414=AXIS2_PLACEMENT_3D('',#3786,#3787,#3788);
#2415=SURFACE_SIDE_STYLE('',(#3789));
#2416=EDGE_LOOP('',(#3790,#3791,#3792,#3793,#3794,#3795,#3796,#3797));
#2417=AXIS2_PLACEMENT_3D('',#3798,#3799,#3800);
#2418=SURFACE_SIDE_STYLE('',(#3801));
#2419=EDGE_LOOP('',(#3802,#3803,#3804,#3805));
#2420=AXIS2_PLACEMENT_3D('',#3806,#3807,#3808);
#2421=SURFACE_SIDE_STYLE('',(#3809));
#2422=EDGE_LOOP('',(#3810,#3811,#3812,#3813,#3814,#3815));
#2423=AXIS2_PLACEMENT_3D('',#3816,#3817,#3818);
#2424=SURFACE_SIDE_STYLE('',(#3819));
#2425=EDGE_LOOP('',(#3820,#3821,#3822,#3823));
#2426=AXIS2_PLACEMENT_3D('',#3824,#3825,#3826);
#2427=SURFACE_SIDE_STYLE('',(#3827));
#2428=EDGE_LOOP('',(#3828,#3829));
#2429=AXIS2_PLACEMENT_3D('',#3830,#3831,#3832);
#2430=SURFACE_SIDE_STYLE('',(#3833));
#2431=EDGE_LOOP('',(#3834,#3835));
#2432=AXIS2_PLACEMENT_3D('',#3836,#3837,#3838);
#2433=SURFACE_SIDE_STYLE('',(#3839));
#2434=EDGE_LOOP('',(#3840,#3841,#3842,#3843,#3844,#3845,#3846,#3847));
#2435=AXIS2_PLACEMENT_3D('',#3848,#3849,#3850);
#2436=SURFACE_SIDE_STYLE('',(#3851));
#2437=EDGE_LOOP('',(#3852,#3853,#3854,#3855));
#2438=AXIS2_PLACEMENT_3D('',#3856,#3857,#3858);
#2439=SURFACE_SIDE_STYLE('',(#3859));
#2440=EDGE_LOOP('',(#3860,#3861,#3862,#3863,#3864,#3865));
#2441=AXIS2_PLACEMENT_3D('',#3866,#3867,#3868);
#2442=SURFACE_SIDE_STYLE('',(#3869));
#2443=EDGE_LOOP('',(#3870,#3871,#3872,#3873));
#2444=AXIS2_PLACEMENT_3D('',#3874,#3875,#3876);
#2445=SURFACE_SIDE_STYLE('',(#3877));
#2446=EDGE_LOOP('',(#3878,#3879));
#2447=AXIS2_PLACEMENT_3D('',#3880,#3881,#3882);
#2448=SURFACE_SIDE_STYLE('',(#3883));
#2449=EDGE_LOOP('',(#3884,#3885));
#2450=AXIS2_PLACEMENT_3D('',#3886,#3887,#3888);
#2451=SURFACE_SIDE_STYLE('',(#3889));
#2452=EDGE_LOOP('',(#3890,#3891,#3892,#3893));
#2453=AXIS2_PLACEMENT_3D('',#3894,#3895,#3896);
#2454=SURFACE_SIDE_STYLE('',(#3897));
#2455=EDGE_LOOP('',(#3898,#3899,#3900,#3901));
#2456=AXIS2_PLACEMENT_3D('',#3902,#3903,#3904);
#2457=SURFACE_SIDE_STYLE('',(#3905));
#2458=EDGE_LOOP('',(#3906,#3907));
#2459=EDGE_LOOP('',(#3908,#3909));
#2460=AXIS2_PLACEMENT_3D('',#3910,#3911,#3912);
#2461=SURFACE_SIDE_STYLE('',(#3913));
#2462=EDGE_LOOP('',(#3914,#3915,#3916,#3917));
#2463=AXIS2_PLACEMENT_3D('',#3918,#3919,#3920);
#2464=SURFACE_SIDE_STYLE('',(#3921));
#2465=EDGE_LOOP('',(#3922,#3923,#3924,#3925));
#2466=AXIS2_PLACEMENT_3D('',#3926,#3927,#3928);
#2467=SURFACE_SIDE_STYLE('',(#3929));
#2468=EDGE_LOOP('',(#3930,#3931));
#2469=EDGE_LOOP('',(#3932,#3933));
#2470=AXIS2_PLACEMENT_3D('',#3934,#3935,#3936);
#2471=SURFACE_SIDE_STYLE('',(#3937));
#2472=EDGE_LOOP('',(#3938,#3939,#3940,#3941));
#2473=AXIS2_PLACEMENT_3D('',#3942,#3943,#3944);
#2474=SURFACE_SIDE_STYLE('',(#3945));
#2475=EDGE_LOOP('',(#3946,#3947,#3948,#3949));
#2476=AXIS2_PLACEMENT_3D('',#3950,#3951,#3952);
#2477=SURFACE_SIDE_STYLE('',(#3953));
#2478=EDGE_LOOP('',(#3954,#3955));
#2479=EDGE_LOOP('',(#3956,#3957));
#2480=AXIS2_PLACEMENT_3D('',#3958,#3959,#3960);
#2481=SURFACE_SIDE_STYLE('',(#3961));
#2482=EDGE_LOOP('',(#3962,#3963,#3964,#3965));
#2483=AXIS2_PLACEMENT_3D('',#3966,#3967,#3968);
#2484=SURFACE_SIDE_STYLE('',(#3969));
#2485=EDGE_LOOP('',(#3970,#3971,#3972,#3973));
#2486=AXIS2_PLACEMENT_3D('',#3974,#3975,#3976);
#2487=SURFACE_SIDE_STYLE('',(#3977));
#2488=EDGE_LOOP('',(#3978,#3979));
#2489=EDGE_LOOP('',(#3980,#3981));
#2490=AXIS2_PLACEMENT_3D('',#3982,#3983,#3984);
#2491=SURFACE_SIDE_STYLE('',(#3985));
#2492=EDGE_LOOP('',(#3986,#3987,#3988,#3989));
#2493=AXIS2_PLACEMENT_3D('',#3990,#3991,#3992);
#2494=SURFACE_SIDE_STYLE('',(#3993));
#2495=EDGE_LOOP('',(#3994,#3995,#3996,#3997));
#2496=AXIS2_PLACEMENT_3D('',#3998,#3999,#4000);
#2497=SURFACE_SIDE_STYLE('',(#4001));
#2498=EDGE_LOOP('',(#4002,#4003));
#2499=EDGE_LOOP('',(#4004,#4005));
#2500=AXIS2_PLACEMENT_3D('',#4006,#4007,#4008);
#2501=SURFACE_SIDE_STYLE('',(#4009));
#2502=EDGE_LOOP('',(#4010,#4011,#4012,#4013));
#2503=AXIS2_PLACEMENT_3D('',#4014,#4015,#4016);
#2504=SURFACE_SIDE_STYLE('',(#4017));
#2505=EDGE_LOOP('',(#4018,#4019,#4020,#4021));
#2506=AXIS2_PLACEMENT_3D('',#4022,#4023,#4024);
#2507=SURFACE_SIDE_STYLE('',(#4025));
#2508=EDGE_LOOP('',(#4026,#4027));
#2509=AXIS2_PLACEMENT_3D('',#4028,#4029,#4030);
#2510=SURFACE_SIDE_STYLE('',(#4031));
#2511=EDGE_LOOP('',(#4032,#4033,#4034,#4035));
#2512=AXIS2_PLACEMENT_3D('',#4036,#4037,#4038);
#2513=SURFACE_SIDE_STYLE('',(#4039));
#2514=EDGE_LOOP('',(#4040,#4041,#4042,#4043));
#2515=AXIS2_PLACEMENT_3D('',#4044,#4045,#4046);
#2516=SURFACE_SIDE_STYLE('',(#4047));
#2517=EDGE_LOOP('',(#4048,#4049));
#2518=AXIS2_PLACEMENT_3D('',#4050,#4051,#4052);
#2519=SURFACE_SIDE_STYLE('',(#4053));
#2520=EDGE_LOOP('',(#4054,#4055,#4056,#4057));
#2521=AXIS2_PLACEMENT_3D('',#4058,#4059,#4060);
#2522=SURFACE_SIDE_STYLE('',(#4061));
#2523=EDGE_LOOP('',(#4062,#4063,#4064,#4065));
#2524=AXIS2_PLACEMENT_3D('',#4066,#4067,#4068);
#2525=SURFACE_SIDE_STYLE('',(#4069));
#2526=EDGE_LOOP('',(#4070,#4071));
#2527=AXIS2_PLACEMENT_3D('',#4072,#4073,#4074);
#2528=SURFACE_SIDE_STYLE('',(#4075));
#2529=EDGE_LOOP('',(#4076,#4077,#4078,#4079));
#2530=AXIS2_PLACEMENT_3D('',#4080,#4081,#4082);
#2531=SURFACE_SIDE_STYLE('',(#4083));
#2532=EDGE_LOOP('',(#4084,#4085,#4086,#4087));
#2533=AXIS2_PLACEMENT_3D('',#4088,#4089,#4090);
#2534=SURFACE_SIDE_STYLE('',(#4091));
#2535=EDGE_LOOP('',(#4092,#4093));
#2536=AXIS2_PLACEMENT_3D('',#4094,#4095,#4096);
#2537=SURFACE_SIDE_STYLE('',(#4097));
#2538=EDGE_LOOP('',(#4098,#4099,#4100,#4101));
#2539=AXIS2_PLACEMENT_3D('',#4102,#4103,#4104);
#2540=SURFACE_SIDE_STYLE('',(#4105));
#2541=EDGE_LOOP('',(#4106,#4107,#4108,#4109));
#2542=AXIS2_PLACEMENT_3D('',#4110,#4111,#4112);
#2543=SURFACE_SIDE_STYLE('',(#4113));
#2544=EDGE_LOOP('',(#4114,#4115));
#2545=AXIS2_PLACEMENT_3D('',#4116,#4117,#4118);
#2546=SURFACE_SIDE_STYLE('',(#4119));
#2547=EDGE_LOOP('',(#4120,#4121,#4122,#4123));
#2548=AXIS2_PLACEMENT_3D('',#4124,#4125,#4126);
#2549=SURFACE_SIDE_STYLE('',(#4127));
#2550=EDGE_LOOP('',(#4128,#4129,#4130,#4131));
#2551=EDGE_LOOP('',(#4132,#4133,#4134,#4135));
#2552=AXIS2_PLACEMENT_3D('',#4136,#4137,#4138);
#2553=SURFACE_SIDE_STYLE('',(#4139));
#2554=EDGE_LOOP('',(#4140,#4141,#4142,#4143));
#2555=AXIS2_PLACEMENT_3D('',#4144,#4145,#4146);
#2556=SURFACE_SIDE_STYLE('',(#4147));
#2557=EDGE_LOOP('',(#4148,#4149,#4150,#4151,#4152,#4153,#4154,#4155));
#2558=AXIS2_PLACEMENT_3D('',#4156,#4157,#4158);
#2559=SURFACE_SIDE_STYLE('',(#4159));
#2560=EDGE_LOOP('',(#4160,#4161,#4162,#4163));
#2561=AXIS2_PLACEMENT_3D('',#4164,#4165,#4166);
#2562=SURFACE_SIDE_STYLE('',(#4167));
#2563=EDGE_LOOP('',(#4168,#4169,#4170,#4171));
#2564=AXIS2_PLACEMENT_3D('',#4172,#4173,#4174);
#2565=SURFACE_SIDE_STYLE('',(#4175));
#2566=EDGE_LOOP('',(#4176,#4177,#4178,#4179));
#2567=AXIS2_PLACEMENT_3D('',#4180,#4181,#4182);
#2568=SURFACE_SIDE_STYLE('',(#4183));
#2569=EDGE_LOOP('',(#4184,#4185,#4186,#4187));
#2570=AXIS2_PLACEMENT_3D('',#4188,#4189,#4190);
#2571=SURFACE_SIDE_STYLE('',(#4191));
#2572=EDGE_LOOP('',(#4192,#4193,#4194,#4195));
#2573=AXIS2_PLACEMENT_3D('',#4196,#4197,#4198);
#2574=SURFACE_SIDE_STYLE('',(#4199));
#2575=EDGE_LOOP('',(#4200,#4201,#4202,#4203));
#2576=AXIS2_PLACEMENT_3D('',#4204,#4205,#4206);
#2577=SURFACE_SIDE_STYLE('',(#4207));
#2578=EDGE_LOOP('',(#4208,#4209,#4210,#4211));
#2579=AXIS2_PLACEMENT_3D('',#4212,#4213,#4214);
#2580=SURFACE_SIDE_STYLE('',(#4215));
#2581=EDGE_LOOP('',(#4216,#4217,#4218,#4219,#4220,#4221,#4222,#4223));
#2582=AXIS2_PLACEMENT_3D('',#4224,#4225,#4226);
#2583=SURFACE_SIDE_STYLE('',(#4227));
#2584=EDGE_LOOP('',(#4228,#4229,#4230,#4231));
#2585=AXIS2_PLACEMENT_3D('',#4232,#4233,#4234);
#2586=SURFACE_SIDE_STYLE('',(#4235));
#2587=EDGE_LOOP('',(#4236,#4237,#4238,#4239));
#2588=AXIS2_PLACEMENT_3D('',#4240,#4241,#4242);
#2589=SURFACE_SIDE_STYLE('',(#4243));
#2590=EDGE_LOOP('',(#4244,#4245,#4246,#4247));
#2591=AXIS2_PLACEMENT_3D('',#4248,#4249,#4250);
#2592=SURFACE_SIDE_STYLE('',(#4251));
#2593=EDGE_LOOP('',(#4252,#4253));
#2594=EDGE_LOOP('',(#4254,#4255,#4256,#4257,#4258,#4259));
#2595=AXIS2_PLACEMENT_3D('',#4260,#4261,#4262);
#2596=SURFACE_SIDE_STYLE('',(#4263));
#2597=EDGE_LOOP('',(#4264,#4265,#4266,#4267));
#2598=AXIS2_PLACEMENT_3D('',#4268,#4269,#4270);
#2599=SURFACE_SIDE_STYLE('',(#4271));
#2600=EDGE_LOOP('',(#4272,#4273,#4274,#4275));
#2601=EDGE_LOOP('',(#4276,#4277,#4278,#4279));
#2602=AXIS2_PLACEMENT_3D('',#4280,#4281,#4282);
#2603=SURFACE_SIDE_STYLE('',(#4283));
#2604=EDGE_LOOP('',(#4284,#4285,#4286,#4287));
#2605=AXIS2_PLACEMENT_3D('',#4288,#4289,#4290);
#2606=SURFACE_SIDE_STYLE('',(#4291));
#2607=EDGE_LOOP('',(#4292,#4293,#4294,#4295,#4296,#4297,#4298,#4299));
#2608=AXIS2_PLACEMENT_3D('',#4300,#4301,#4302);
#2609=SURFACE_SIDE_STYLE('',(#4303));
#2610=EDGE_LOOP('',(#4304,#4305,#4306,#4307));
#2611=AXIS2_PLACEMENT_3D('',#4308,#4309,#4310);
#2612=SURFACE_SIDE_STYLE('',(#4311));
#2613=EDGE_LOOP('',(#4312,#4313,#4314,#4315));
#2614=AXIS2_PLACEMENT_3D('',#4316,#4317,#4318);
#2615=SURFACE_SIDE_STYLE('',(#4319));
#2616=EDGE_LOOP('',(#4320,#4321,#4322,#4323));
#2617=AXIS2_PLACEMENT_3D('',#4324,#4325,#4326);
#2618=SURFACE_SIDE_STYLE('',(#4327));
#2619=EDGE_LOOP('',(#4328,#4329,#4330,#4331));
#2620=AXIS2_PLACEMENT_3D('',#4332,#4333,#4334);
#2621=SURFACE_SIDE_STYLE('',(#4335));
#2622=EDGE_LOOP('',(#4336,#4337,#4338,#4339));
#2623=AXIS2_PLACEMENT_3D('',#4340,#4341,#4342);
#2624=SURFACE_SIDE_STYLE('',(#4343));
#2625=EDGE_LOOP('',(#4344,#4345,#4346,#4347));
#2626=AXIS2_PLACEMENT_3D('',#4348,#4349,#4350);
#2627=SURFACE_SIDE_STYLE('',(#4351));
#2628=EDGE_LOOP('',(#4352,#4353,#4354,#4355));
#2629=AXIS2_PLACEMENT_3D('',#4356,#4357,#4358);
#2630=SURFACE_SIDE_STYLE('',(#4359));
#2631=EDGE_LOOP('',(#4360,#4361,#4362,#4363,#4364,#4365,#4366,#4367));
#2632=AXIS2_PLACEMENT_3D('',#4368,#4369,#4370);
#2633=SURFACE_SIDE_STYLE('',(#4371));
#2634=EDGE_LOOP('',(#4372,#4373,#4374,#4375));
#2635=AXIS2_PLACEMENT_3D('',#4376,#4377,#4378);
#2636=SURFACE_SIDE_STYLE('',(#4379));
#2637=EDGE_LOOP('',(#4380,#4381,#4382,#4383));
#2638=AXIS2_PLACEMENT_3D('',#4384,#4385,#4386);
#2639=SURFACE_SIDE_STYLE('',(#4387));
#2640=EDGE_LOOP('',(#4388,#4389,#4390,#4391));
#2641=AXIS2_PLACEMENT_3D('',#4392,#4393,#4394);
#2642=SURFACE_SIDE_STYLE('',(#4395));
#2643=EDGE_LOOP('',(#4396,#4397));
#2644=EDGE_LOOP('',(#4398,#4399,#4400,#4401,#4402,#4403));
#2645=AXIS2_PLACEMENT_3D('',#4404,#4405,#4406);
#2646=SURFACE_SIDE_STYLE('',(#4407));
#2647=EDGE_LOOP('',(#4408,#4409,#4410,#4411));
#2648=AXIS2_PLACEMENT_3D('',#4412,#4413,#4414);
#2649=SURFACE_SIDE_STYLE('',(#4415));
#2650=EDGE_LOOP('',(#4416,#4417,#4418,#4419));
#2651=EDGE_LOOP('',(#4420,#4421,#4422,#4423));
#2652=AXIS2_PLACEMENT_3D('',#4424,#4425,#4426);
#2653=SURFACE_SIDE_STYLE('',(#4427));
#2654=EDGE_LOOP('',(#4428,#4429,#4430,#4431));
#2655=AXIS2_PLACEMENT_3D('',#4432,#4433,#4434);
#2656=SURFACE_SIDE_STYLE('',(#4435));
#2657=EDGE_LOOP('',(#4436,#4437,#4438,#4439,#4440,#4441,#4442,#4443));
#2658=AXIS2_PLACEMENT_3D('',#4444,#4445,#4446);
#2659=SURFACE_SIDE_STYLE('',(#4447));
#2660=EDGE_LOOP('',(#4448,#4449,#4450,#4451));
#2661=AXIS2_PLACEMENT_3D('',#4452,#4453,#4454);
#2662=SURFACE_SIDE_STYLE('',(#4455));
#2663=EDGE_LOOP('',(#4456,#4457,#4458,#4459));
#2664=AXIS2_PLACEMENT_3D('',#4460,#4461,#4462);
#2665=SURFACE_SIDE_STYLE('',(#4463));
#2666=EDGE_LOOP('',(#4464,#4465,#4466,#4467));
#2667=AXIS2_PLACEMENT_3D('',#4468,#4469,#4470);
#2668=SURFACE_SIDE_STYLE('',(#4471));
#2669=EDGE_LOOP('',(#4472,#4473,#4474,#4475));
#2670=AXIS2_PLACEMENT_3D('',#4476,#4477,#4478);
#2671=SURFACE_SIDE_STYLE('',(#4479));
#2672=EDGE_LOOP('',(#4480,#4481,#4482,#4483));
#2673=AXIS2_PLACEMENT_3D('',#4484,#4485,#4486);
#2674=SURFACE_SIDE_STYLE('',(#4487));
#2675=EDGE_LOOP('',(#4488,#4489,#4490,#4491));
#2676=AXIS2_PLACEMENT_3D('',#4492,#4493,#4494);
#2677=SURFACE_SIDE_STYLE('',(#4495));
#2678=EDGE_LOOP('',(#4496,#4497,#4498,#4499));
#2679=AXIS2_PLACEMENT_3D('',#4500,#4501,#4502);
#2680=SURFACE_SIDE_STYLE('',(#4503));
#2681=EDGE_LOOP('',(#4504,#4505,#4506,#4507,#4508,#4509,#4510,#4511));
#2682=AXIS2_PLACEMENT_3D('',#4512,#4513,#4514);
#2683=SURFACE_SIDE_STYLE('',(#4515));
#2684=EDGE_LOOP('',(#4516,#4517,#4518,#4519));
#2685=AXIS2_PLACEMENT_3D('',#4520,#4521,#4522);
#2686=SURFACE_SIDE_STYLE('',(#4523));
#2687=EDGE_LOOP('',(#4524,#4525,#4526,#4527));
#2688=AXIS2_PLACEMENT_3D('',#4528,#4529,#4530);
#2689=SURFACE_SIDE_STYLE('',(#4531));
#2690=EDGE_LOOP('',(#4532,#4533,#4534,#4535));
#2691=AXIS2_PLACEMENT_3D('',#4536,#4537,#4538);
#2692=SURFACE_SIDE_STYLE('',(#4539));
#2693=EDGE_LOOP('',(#4540,#4541));
#2694=EDGE_LOOP('',(#4542,#4543,#4544,#4545,#4546,#4547));
#2695=AXIS2_PLACEMENT_3D('',#4548,#4549,#4550);
#2696=SURFACE_SIDE_STYLE('',(#4551));
#2697=EDGE_LOOP('',(#4552,#4553,#4554,#4555));
#2698=AXIS2_PLACEMENT_3D('',#4556,#4557,#4558);
#2699=SURFACE_SIDE_STYLE('',(#4559));
#2700=EDGE_LOOP('',(#4560,#4561,#4562,#4563));
#2701=EDGE_LOOP('',(#4564,#4565,#4566,#4567));
#2702=AXIS2_PLACEMENT_3D('',#4568,#4569,#4570);
#2703=SURFACE_SIDE_STYLE('',(#4571));
#2704=EDGE_LOOP('',(#4572,#4573,#4574,#4575));
#2705=AXIS2_PLACEMENT_3D('',#4576,#4577,#4578);
#2706=SURFACE_SIDE_STYLE('',(#4579));
#2707=EDGE_LOOP('',(#4580,#4581,#4582,#4583,#4584,#4585,#4586,#4587));
#2708=AXIS2_PLACEMENT_3D('',#4588,#4589,#4590);
#2709=SURFACE_SIDE_STYLE('',(#4591));
#2710=EDGE_LOOP('',(#4592,#4593,#4594,#4595));
#2711=AXIS2_PLACEMENT_3D('',#4596,#4597,#4598);
#2712=SURFACE_SIDE_STYLE('',(#4599));
#2713=EDGE_LOOP('',(#4600,#4601,#4602,#4603));
#2714=AXIS2_PLACEMENT_3D('',#4604,#4605,#4606);
#2715=SURFACE_SIDE_STYLE('',(#4607));
#2716=EDGE_LOOP('',(#4608,#4609,#4610,#4611));
#2717=AXIS2_PLACEMENT_3D('',#4612,#4613,#4614);
#2718=SURFACE_SIDE_STYLE('',(#4615));
#2719=EDGE_LOOP('',(#4616,#4617,#4618,#4619));
#2720=AXIS2_PLACEMENT_3D('',#4620,#4621,#4622);
#2721=SURFACE_SIDE_STYLE('',(#4623));
#2722=EDGE_LOOP('',(#4624,#4625,#4626,#4627));
#2723=AXIS2_PLACEMENT_3D('',#4628,#4629,#4630);
#2724=SURFACE_SIDE_STYLE('',(#4631));
#2725=EDGE_LOOP('',(#4632,#4633,#4634,#4635));
#2726=AXIS2_PLACEMENT_3D('',#4636,#4637,#4638);
#2727=SURFACE_SIDE_STYLE('',(#4639));
#2728=EDGE_LOOP('',(#4640,#4641,#4642,#4643));
#2729=AXIS2_PLACEMENT_3D('',#4644,#4645,#4646);
#2730=SURFACE_SIDE_STYLE('',(#4647));
#2731=EDGE_LOOP('',(#4648,#4649,#4650,#4651,#4652,#4653,#4654,#4655));
#2732=AXIS2_PLACEMENT_3D('',#4656,#4657,#4658);
#2733=SURFACE_SIDE_STYLE('',(#4659));
#2734=EDGE_LOOP('',(#4660,#4661,#4662,#4663));
#2735=AXIS2_PLACEMENT_3D('',#4664,#4665,#4666);
#2736=SURFACE_SIDE_STYLE('',(#4667));
#2737=EDGE_LOOP('',(#4668,#4669,#4670,#4671));
#2738=AXIS2_PLACEMENT_3D('',#4672,#4673,#4674);
#2739=SURFACE_SIDE_STYLE('',(#4675));
#2740=EDGE_LOOP('',(#4676,#4677,#4678,#4679));
#2741=AXIS2_PLACEMENT_3D('',#4680,#4681,#4682);
#2742=SURFACE_SIDE_STYLE('',(#4683));
#2743=EDGE_LOOP('',(#4684,#4685));
#2744=EDGE_LOOP('',(#4686,#4687,#4688,#4689,#4690,#4691));
#2745=AXIS2_PLACEMENT_3D('',#4692,#4693,#4694);
#2746=SURFACE_SIDE_STYLE('',(#4695));
#2747=EDGE_LOOP('',(#4696,#4697,#4698,#4699));
#2748=AXIS2_PLACEMENT_3D('',#4700,#4701,#4702);
#2749=SURFACE_SIDE_STYLE('',(#4703));
#2750=EDGE_LOOP('',(#4704,#4705,#4706,#4707));
#2751=EDGE_LOOP('',(#4708,#4709,#4710,#4711));
#2752=AXIS2_PLACEMENT_3D('',#4712,#4713,#4714);
#2753=SURFACE_SIDE_STYLE('',(#4715));
#2754=EDGE_LOOP('',(#4716,#4717,#4718,#4719));
#2755=AXIS2_PLACEMENT_3D('',#4720,#4721,#4722);
#2756=SURFACE_SIDE_STYLE('',(#4723));
#2757=EDGE_LOOP('',(#4724,#4725,#4726,#4727,#4728,#4729,#4730,#4731));
#2758=AXIS2_PLACEMENT_3D('',#4732,#4733,#4734);
#2759=SURFACE_SIDE_STYLE('',(#4735));
#2760=EDGE_LOOP('',(#4736,#4737,#4738,#4739));
#2761=AXIS2_PLACEMENT_3D('',#4740,#4741,#4742);
#2762=SURFACE_SIDE_STYLE('',(#4743));
#2763=EDGE_LOOP('',(#4744,#4745,#4746,#4747));
#2764=AXIS2_PLACEMENT_3D('',#4748,#4749,#4750);
#2765=SURFACE_SIDE_STYLE('',(#4751));
#2766=EDGE_LOOP('',(#4752,#4753,#4754,#4755));
#2767=AXIS2_PLACEMENT_3D('',#4756,#4757,#4758);
#2768=SURFACE_SIDE_STYLE('',(#4759));
#2769=EDGE_LOOP('',(#4760,#4761,#4762,#4763));
#2770=AXIS2_PLACEMENT_3D('',#4764,#4765,#4766);
#2771=SURFACE_SIDE_STYLE('',(#4767));
#2772=EDGE_LOOP('',(#4768,#4769,#4770,#4771));
#2773=AXIS2_PLACEMENT_3D('',#4772,#4773,#4774);
#2774=SURFACE_SIDE_STYLE('',(#4775));
#2775=EDGE_LOOP('',(#4776,#4777,#4778,#4779));
#2776=AXIS2_PLACEMENT_3D('',#4780,#4781,#4782);
#2777=SURFACE_SIDE_STYLE('',(#4783));
#2778=EDGE_LOOP('',(#4784,#4785,#4786,#4787));
#2779=AXIS2_PLACEMENT_3D('',#4788,#4789,#4790);
#2780=SURFACE_SIDE_STYLE('',(#4791));
#2781=EDGE_LOOP('',(#4792,#4793,#4794,#4795,#4796,#4797,#4798,#4799));
#2782=AXIS2_PLACEMENT_3D('',#4800,#4801,#4802);
#2783=SURFACE_SIDE_STYLE('',(#4803));
#2784=EDGE_LOOP('',(#4804,#4805,#4806,#4807));
#2785=AXIS2_PLACEMENT_3D('',#4808,#4809,#4810);
#2786=SURFACE_SIDE_STYLE('',(#4811));
#2787=EDGE_LOOP('',(#4812,#4813,#4814,#4815));
#2788=AXIS2_PLACEMENT_3D('',#4816,#4817,#4818);
#2789=SURFACE_SIDE_STYLE('',(#4819));
#2790=EDGE_LOOP('',(#4820,#4821,#4822,#4823));
#2791=AXIS2_PLACEMENT_3D('',#4824,#4825,#4826);
#2792=SURFACE_SIDE_STYLE('',(#4827));
#2793=EDGE_LOOP('',(#4828,#4829));
#2794=EDGE_LOOP('',(#4830,#4831,#4832,#4833,#4834,#4835));
#2795=AXIS2_PLACEMENT_3D('',#4836,#4837,#4838);
#2796=SURFACE_SIDE_STYLE('',(#4839));
#2797=EDGE_LOOP('',(#4840,#4841,#4842,#4843));
#2798=AXIS2_PLACEMENT_3D('',#4844,#4845,#4846);
#2799=SURFACE_SIDE_STYLE('',(#4847));
#2800=EDGE_LOOP('',(#4848,#4849,#4850,#4851,#4852,#4853,#4854,#4855,#4856));
#2801=AXIS2_PLACEMENT_3D('',#4857,#4858,#4859);
#2802=SURFACE_SIDE_STYLE('',(#4860));
#2803=EDGE_LOOP('',(#4861,#4862,#4863,#4864));
#2804=AXIS2_PLACEMENT_3D('',#4865,#4866,#4867);
#2805=SURFACE_SIDE_STYLE('',(#4868));
#2806=EDGE_LOOP('',(#4869,#4870,#4871,#4872));
#2807=AXIS2_PLACEMENT_3D('',#4873,#4874,#4875);
#2808=SURFACE_SIDE_STYLE('',(#4876));
#2809=EDGE_LOOP('',(#4877,#4878,#4879,#4880));
#2810=AXIS2_PLACEMENT_3D('',#4881,#4882,#4883);
#2811=SURFACE_SIDE_STYLE('',(#4884));
#2812=EDGE_LOOP('',(#4885,#4886,#4887,#4888));
#2813=AXIS2_PLACEMENT_3D('',#4889,#4890,#4891);
#2814=SURFACE_SIDE_STYLE('',(#4892));
#2815=EDGE_LOOP('',(#4893,#4894,#4895,#4896));
#2816=AXIS2_PLACEMENT_3D('',#4897,#4898,#4899);
#2817=SURFACE_SIDE_STYLE('',(#4900));
#2818=EDGE_LOOP('',(#4901,#4902,#4903,#4904));
#2819=AXIS2_PLACEMENT_3D('',#4905,#4906,#4907);
#2820=SURFACE_SIDE_STYLE('',(#4908));
#2821=EDGE_LOOP('',(#4909,#4910,#4911,#4912,#4913,#4914,#4915,#4916,#4917));
#2822=AXIS2_PLACEMENT_3D('',#4918,#4919,#4920);
#2823=SURFACE_SIDE_STYLE('',(#4921));
#2824=EDGE_LOOP('',(#4922,#4923,#4924,#4925,#4926,#4927));
#2825=EDGE_LOOP('',(#4928,#4929,#4930,#4931,#4932,#4933));
#2826=EDGE_LOOP('',(#4934,#4935,#4936,#4937,#4938,#4939));
#2827=EDGE_LOOP('',(#4940,#4941,#4942,#4943,#4944,#4945));
#2828=EDGE_LOOP('',(#4946,#4947,#4948,#4949,#4950,#4951));
#2829=EDGE_LOOP('',(#4952,#4953,#4954,#4955,#4956,#4957,#4958,#4959,#4960,#4961,#4962,#4963,#4964,#4965,#4966,#4967,#4968,#4969,#4970,#4971,#4972,#4973,#4974,#4975,#4976,#4977,#4978,#4979,#4980,#4981,#4982,#4983,#4984,#4985,#4986,#4987,#4988,#4989,#4990,#4991,#4992,#4993,#4994,#4995));
#2830=AXIS2_PLACEMENT_3D('',#4996,#4997,#4998);
#2831=SURFACE_SIDE_STYLE('',(#4999));
#2832=EDGE_LOOP('',(#5000,#5001,#5002,#5003));
#2833=AXIS2_PLACEMENT_3D('',#5004,#5005,#5006);
#2834=SURFACE_SIDE_STYLE('',(#5007));
#2835=EDGE_LOOP('',(#5008,#5009,#5010,#5011,#5012,#5013,#5014,#5015,#5016));
#2836=AXIS2_PLACEMENT_3D('',#5017,#5018,#5019);
#2837=SURFACE_SIDE_STYLE('',(#5020));
#2838=EDGE_LOOP('',(#5021,#5022,#5023,#5024));
#2839=AXIS2_PLACEMENT_3D('',#5025,#5026,#5027);
#2840=SURFACE_SIDE_STYLE('',(#5028));
#2841=EDGE_LOOP('',(#5029,#5030,#5031,#5032));
#2842=AXIS2_PLACEMENT_3D('',#5033,#5034,#5035);
#2843=SURFACE_SIDE_STYLE('',(#5036));
#2844=EDGE_LOOP('',(#5037,#5038,#5039,#5040));
#2845=AXIS2_PLACEMENT_3D('',#5041,#5042,#5043);
#2846=SURFACE_SIDE_STYLE('',(#5044));
#2847=EDGE_LOOP('',(#5045,#5046,#5047,#5048));
#2848=AXIS2_PLACEMENT_3D('',#5049,#5050,#5051);
#2849=SURFACE_SIDE_STYLE('',(#5052));
#2850=EDGE_LOOP('',(#5053,#5054,#5055,#5056));
#2851=AXIS2_PLACEMENT_3D('',#5057,#5058,#5059);
#2852=SURFACE_SIDE_STYLE('',(#5060));
#2853=EDGE_LOOP('',(#5061,#5062,#5063,#5064));
#2854=AXIS2_PLACEMENT_3D('',#5065,#5066,#5067);
#2855=SURFACE_SIDE_STYLE('',(#5068));
#2856=EDGE_LOOP('',(#5069,#5070,#5071,#5072,#5073,#5074,#5075,#5076,#5077));
#2857=AXIS2_PLACEMENT_3D('',#5078,#5079,#5080);
#2858=SURFACE_SIDE_STYLE('',(#5081));
#2859=EDGE_LOOP('',(#5082,#5083,#5084,#5085));
#2860=AXIS2_PLACEMENT_3D('',#5086,#5087,#5088);
#2861=SURFACE_SIDE_STYLE('',(#5089));
#2862=EDGE_LOOP('',(#5090,#5091,#5092,#5093,#5094,#5095,#5096,#5097,#5098));
#2863=AXIS2_PLACEMENT_3D('',#5099,#5100,#5101);
#2864=SURFACE_SIDE_STYLE('',(#5102));
#2865=EDGE_LOOP('',(#5103,#5104,#5105,#5106));
#2866=AXIS2_PLACEMENT_3D('',#5107,#5108,#5109);
#2867=SURFACE_SIDE_STYLE('',(#5110));
#2868=EDGE_LOOP('',(#5111,#5112,#5113,#5114));
#2869=AXIS2_PLACEMENT_3D('',#5115,#5116,#5117);
#2870=SURFACE_SIDE_STYLE('',(#5118));
#2871=EDGE_LOOP('',(#5119,#5120,#5121,#5122));
#2872=AXIS2_PLACEMENT_3D('',#5123,#5124,#5125);
#2873=SURFACE_SIDE_STYLE('',(#5126));
#2874=EDGE_LOOP('',(#5127,#5128,#5129,#5130));
#2875=AXIS2_PLACEMENT_3D('',#5131,#5132,#5133);
#2876=SURFACE_SIDE_STYLE('',(#5134));
#2877=EDGE_LOOP('',(#5135,#5136,#5137,#5138));
#2878=AXIS2_PLACEMENT_3D('',#5139,#5140,#5141);
#2879=SURFACE_SIDE_STYLE('',(#5142));
#2880=EDGE_LOOP('',(#5143,#5144,#5145,#5146));
#2881=AXIS2_PLACEMENT_3D('',#5147,#5148,#5149);
#2882=SURFACE_SIDE_STYLE('',(#5150));
#2883=EDGE_LOOP('',(#5151,#5152,#5153,#5154,#5155,#5156,#5157,#5158,#5159));
#2884=AXIS2_PLACEMENT_3D('',#5160,#5161,#5162);
#2885=SURFACE_SIDE_STYLE('',(#5163));
#2886=EDGE_LOOP('',(#5164,#5165,#5166,#5167));
#2887=AXIS2_PLACEMENT_3D('',#5168,#5169,#5170);
#2888=SURFACE_SIDE_STYLE('',(#5171));
#2889=EDGE_LOOP('',(#5172,#5173,#5174,#5175,#5176,#5177,#5178,#5179,#5180));
#2890=AXIS2_PLACEMENT_3D('',#5181,#5182,#5183);
#2891=SURFACE_SIDE_STYLE('',(#5184));
#2892=EDGE_LOOP('',(#5185,#5186,#5187,#5188));
#2893=AXIS2_PLACEMENT_3D('',#5189,#5190,#5191);
#2894=SURFACE_SIDE_STYLE('',(#5192));
#2895=EDGE_LOOP('',(#5193,#5194,#5195,#5196));
#2896=AXIS2_PLACEMENT_3D('',#5197,#5198,#5199);
#2897=SURFACE_SIDE_STYLE('',(#5200));
#2898=EDGE_LOOP('',(#5201,#5202,#5203,#5204));
#2899=AXIS2_PLACEMENT_3D('',#5205,#5206,#5207);
#2900=SURFACE_SIDE_STYLE('',(#5208));
#2901=EDGE_LOOP('',(#5209,#5210,#5211,#5212));
#2902=AXIS2_PLACEMENT_3D('',#5213,#5214,#5215);
#2903=SURFACE_SIDE_STYLE('',(#5216));
#2904=EDGE_LOOP('',(#5217,#5218,#5219,#5220));
#2905=AXIS2_PLACEMENT_3D('',#5221,#5222,#5223);
#2906=SURFACE_SIDE_STYLE('',(#5224));
#2907=EDGE_LOOP('',(#5225,#5226,#5227,#5228));
#2908=AXIS2_PLACEMENT_3D('',#5229,#5230,#5231);
#2909=SURFACE_SIDE_STYLE('',(#5232));
#2910=EDGE_LOOP('',(#5233,#5234,#5235,#5236,#5237,#5238,#5239,#5240,#5241));
#2911=AXIS2_PLACEMENT_3D('',#5242,#5243,#5244);
#2912=SURFACE_SIDE_STYLE('',(#5245));
#2913=EDGE_LOOP('',(#5246,#5247,#5248,#5249));
#2914=AXIS2_PLACEMENT_3D('',#5250,#5251,#5252);
#2915=SURFACE_SIDE_STYLE('',(#5253));
#2916=EDGE_LOOP('',(#5254,#5255,#5256,#5257,#5258,#5259,#5260,#5261,#5262));
#2917=AXIS2_PLACEMENT_3D('',#5263,#5264,#5265);
#2918=SURFACE_SIDE_STYLE('',(#5266));
#2919=EDGE_LOOP('',(#5267,#5268,#5269,#5270));
#2920=AXIS2_PLACEMENT_3D('',#5271,#5272,#5273);
#2921=SURFACE_SIDE_STYLE('',(#5274));
#2922=EDGE_LOOP('',(#5275,#5276,#5277,#5278));
#2923=AXIS2_PLACEMENT_3D('',#5279,#5280,#5281);
#2924=SURFACE_SIDE_STYLE('',(#5282));
#2925=EDGE_LOOP('',(#5283,#5284,#5285,#5286));
#2926=AXIS2_PLACEMENT_3D('',#5287,#5288,#5289);
#2927=SURFACE_SIDE_STYLE('',(#5290));
#2928=EDGE_LOOP('',(#5291,#5292,#5293,#5294));
#2929=AXIS2_PLACEMENT_3D('',#5295,#5296,#5297);
#2930=SURFACE_SIDE_STYLE('',(#5298));
#2931=EDGE_LOOP('',(#5299,#5300,#5301,#5302));
#2932=AXIS2_PLACEMENT_3D('',#5303,#5304,#5305);
#2933=SURFACE_SIDE_STYLE('',(#5306));
#2934=EDGE_LOOP('',(#5307,#5308,#5309,#5310));
#2935=AXIS2_PLACEMENT_3D('',#5311,#5312,#5313);
#2936=SURFACE_SIDE_STYLE('',(#5314));
#2937=EDGE_LOOP('',(#5315,#5316,#5317,#5318,#5319,#5320,#5321,#5322,#5323));
#2938=AXIS2_PLACEMENT_3D('',#5324,#5325,#5326);
#2939=SURFACE_SIDE_STYLE('',(#5327));
#2940=EDGE_LOOP('',(#5328,#5329,#5330,#5331));
#2941=AXIS2_PLACEMENT_3D('',#5332,#5333,#5334);
#2942=SURFACE_SIDE_STYLE('',(#5335));
#2943=EDGE_LOOP('',(#5336,#5337,#5338,#5339,#5340,#5341,#5342,#5343,#5344));
#2944=AXIS2_PLACEMENT_3D('',#5345,#5346,#5347);
#2945=SURFACE_SIDE_STYLE('',(#5348));
#2946=EDGE_LOOP('',(#5349,#5350,#5351,#5352));
#2947=AXIS2_PLACEMENT_3D('',#5353,#5354,#5355);
#2948=SURFACE_SIDE_STYLE('',(#5356));
#2949=EDGE_LOOP('',(#5357,#5358,#5359,#5360));
#2950=AXIS2_PLACEMENT_3D('',#5361,#5362,#5363);
#2951=SURFACE_SIDE_STYLE('',(#5364));
#2952=EDGE_LOOP('',(#5365,#5366,#5367,#5368));
#2953=AXIS2_PLACEMENT_3D('',#5369,#5370,#5371);
#2954=SURFACE_SIDE_STYLE('',(#5372));
#2955=EDGE_LOOP('',(#5373,#5374,#5375,#5376));
#2956=AXIS2_PLACEMENT_3D('',#5377,#5378,#5379);
#2957=SURFACE_SIDE_STYLE('',(#5380));
#2958=EDGE_LOOP('',(#5381,#5382,#5383,#5384));
#2959=AXIS2_PLACEMENT_3D('',#5385,#5386,#5387);
#2960=SURFACE_SIDE_STYLE('',(#5388));
#2961=EDGE_LOOP('',(#5389,#5390,#5391,#5392));
#2962=AXIS2_PLACEMENT_3D('',#5393,#5394,#5395);
#2963=SURFACE_SIDE_STYLE('',(#5396));
#2964=EDGE_LOOP('',(#5397,#5398,#5399,#5400,#5401,#5402,#5403,#5404,#5405));
#2965=AXIS2_PLACEMENT_3D('',#5406,#5407,#5408);
#2966=SURFACE_SIDE_STYLE('',(#5409));
#2967=EDGE_LOOP('',(#5410,#5411,#5412,#5413));
#2968=AXIS2_PLACEMENT_3D('',#5414,#5415,#5416);
#2969=SURFACE_SIDE_STYLE('',(#5417));
#2970=EDGE_LOOP('',(#5418,#5419,#5420,#5421,#5422,#5423,#5424,#5425,#5426));
#2971=AXIS2_PLACEMENT_3D('',#5427,#5428,#5429);
#2972=SURFACE_SIDE_STYLE('',(#5430));
#2973=EDGE_LOOP('',(#5431,#5432,#5433,#5434));
#2974=AXIS2_PLACEMENT_3D('',#5435,#5436,#5437);
#2975=SURFACE_SIDE_STYLE('',(#5438));
#2976=EDGE_LOOP('',(#5439,#5440,#5441,#5442));
#2977=AXIS2_PLACEMENT_3D('',#5443,#5444,#5445);
#2978=SURFACE_SIDE_STYLE('',(#5446));
#2979=EDGE_LOOP('',(#5447,#5448,#5449,#5450));
#2980=AXIS2_PLACEMENT_3D('',#5451,#5452,#5453);
#2981=SURFACE_SIDE_STYLE('',(#5454));
#2982=EDGE_LOOP('',(#5455,#5456,#5457,#5458));
#2983=AXIS2_PLACEMENT_3D('',#5459,#5460,#5461);
#2984=SURFACE_SIDE_STYLE('',(#5462));
#2985=EDGE_LOOP('',(#5463,#5464,#5465,#5466));
#2986=AXIS2_PLACEMENT_3D('',#5467,#5468,#5469);
#2987=SURFACE_SIDE_STYLE('',(#5470));
#2988=EDGE_LOOP('',(#5471,#5472,#5473,#5474));
#2989=AXIS2_PLACEMENT_3D('',#5475,#5476,#5477);
#2990=SURFACE_SIDE_STYLE('',(#5478));
#2991=EDGE_LOOP('',(#5479,#5480,#5481,#5482,#5483,#5484,#5485,#5486,#5487));
#2992=AXIS2_PLACEMENT_3D('',#5488,#5489,#5490);
#2993=SURFACE_SIDE_STYLE('',(#5491));
#2994=EDGE_LOOP('',(#5492,#5493,#5494,#5495));
#2995=AXIS2_PLACEMENT_3D('',#5496,#5497,#5498);
#2996=SURFACE_SIDE_STYLE('',(#5499));
#2997=EDGE_LOOP('',(#5500,#5501,#5502,#5503,#5504,#5505,#5506,#5507,#5508));
#2998=AXIS2_PLACEMENT_3D('',#5509,#5510,#5511);
#2999=SURFACE_SIDE_STYLE('',(#5512));
#3000=EDGE_LOOP('',(#5513,#5514,#5515,#5516));
#3001=AXIS2_PLACEMENT_3D('',#5517,#5518,#5519);
#3002=SURFACE_SIDE_STYLE('',(#5520));
#3003=EDGE_LOOP('',(#5521,#5522,#5523,#5524));
#3004=AXIS2_PLACEMENT_3D('',#5525,#5526,#5527);
#3005=SURFACE_SIDE_STYLE('',(#5528));
#3006=EDGE_LOOP('',(#5529,#5530,#5531,#5532));
#3007=AXIS2_PLACEMENT_3D('',#5533,#5534,#5535);
#3008=SURFACE_SIDE_STYLE('',(#5536));
#3009=EDGE_LOOP('',(#5537,#5538,#5539,#5540));
#3010=AXIS2_PLACEMENT_3D('',#5541,#5542,#5543);
#3011=SURFACE_SIDE_STYLE('',(#5544));
#3012=EDGE_LOOP('',(#5545,#5546,#5547,#5548));
#3013=AXIS2_PLACEMENT_3D('',#5549,#5550,#5551);
#3014=SURFACE_SIDE_STYLE('',(#5552));
#3015=EDGE_LOOP('',(#5553,#5554,#5555,#5556));
#3016=AXIS2_PLACEMENT_3D('',#5557,#5558,#5559);
#3017=SURFACE_SIDE_STYLE('',(#5560));
#3018=EDGE_LOOP('',(#5561,#5562,#5563,#5564,#5565,#5566,#5567,#5568,#5569));
#3019=AXIS2_PLACEMENT_3D('',#5570,#5571,#5572);
#3020=SURFACE_SIDE_STYLE('',(#5573));
#3021=EDGE_LOOP('',(#5574,#5575,#5576,#5577));
#3022=AXIS2_PLACEMENT_3D('',#5578,#5579,#5580);
#3023=SURFACE_SIDE_STYLE('',(#5581));
#3024=EDGE_LOOP('',(#5582,#5583,#5584,#5585,#5586,#5587,#5588,#5589,#5590));
#3025=AXIS2_PLACEMENT_3D('',#5591,#5592,#5593);
#3026=SURFACE_SIDE_STYLE('',(#5594));
#3027=EDGE_LOOP('',(#5595,#5596,#5597,#5598));
#3028=AXIS2_PLACEMENT_3D('',#5599,#5600,#5601);
#3029=SURFACE_SIDE_STYLE('',(#5602));
#3030=EDGE_LOOP('',(#5603,#5604,#5605,#5606));
#3031=AXIS2_PLACEMENT_3D('',#5607,#5608,#5609);
#3032=SURFACE_SIDE_STYLE('',(#5610));
#3033=EDGE_LOOP('',(#5611,#5612,#5613,#5614));
#3034=AXIS2_PLACEMENT_3D('',#5615,#5616,#5617);
#3035=SURFACE_SIDE_STYLE('',(#5618));
#3036=EDGE_LOOP('',(#5619,#5620,#5621,#5622));
#3037=AXIS2_PLACEMENT_3D('',#5623,#5624,#5625);
#3038=SURFACE_SIDE_STYLE('',(#5626));
#3039=EDGE_LOOP('',(#5627,#5628,#5629,#5630));
#3040=AXIS2_PLACEMENT_3D('',#5631,#5632,#5633);
#3041=SURFACE_SIDE_STYLE('',(#5634));
#3042=EDGE_LOOP('',(#5635,#5636,#5637,#5638));
#3043=AXIS2_PLACEMENT_3D('',#5639,#5640,#5641);
#3044=SURFACE_SIDE_STYLE('',(#5642));
#3045=EDGE_LOOP('',(#5643,#5644,#5645,#5646,#5647,#5648,#5649,#5650,#5651));
#3046=AXIS2_PLACEMENT_3D('',#5652,#5653,#5654);
#3047=SURFACE_SIDE_STYLE('',(#5655));
#3048=EDGE_LOOP('',(#5656,#5657,#5658,#5659));
#3049=AXIS2_PLACEMENT_3D('',#5660,#5661,#5662);
#3050=SURFACE_SIDE_STYLE('',(#5663));
#3051=EDGE_LOOP('',(#5664,#5665,#5666,#5667,#5668,#5669,#5670,#5671,#5672));
#3052=AXIS2_PLACEMENT_3D('',#5673,#5674,#5675);
#3053=SURFACE_SIDE_STYLE('',(#5676));
#3054=EDGE_LOOP('',(#5677,#5678,#5679,#5680));
#3055=AXIS2_PLACEMENT_3D('',#5681,#5682,#5683);
#3056=SURFACE_SIDE_STYLE('',(#5684));
#3057=EDGE_LOOP('',(#5685,#5686,#5687,#5688));
#3058=AXIS2_PLACEMENT_3D('',#5689,#5690,#5691);
#3059=SURFACE_SIDE_STYLE('',(#5692));
#3060=EDGE_LOOP('',(#5693,#5694,#5695,#5696));
#3061=AXIS2_PLACEMENT_3D('',#5697,#5698,#5699);
#3062=SURFACE_SIDE_STYLE('',(#5700));
#3063=EDGE_LOOP('',(#5701,#5702,#5703,#5704));
#3064=AXIS2_PLACEMENT_3D('',#5705,#5706,#5707);
#3065=SURFACE_SIDE_STYLE('',(#5708));
#3066=EDGE_LOOP('',(#5709,#5710,#5711,#5712));
#3067=AXIS2_PLACEMENT_3D('',#5713,#5714,#5715);
#3068=SURFACE_SIDE_STYLE('',(#5716));
#3069=EDGE_LOOP('',(#5717,#5718,#5719,#5720));
#3070=AXIS2_PLACEMENT_3D('',#5721,#5722,#5723);
#3071=SURFACE_SIDE_STYLE('',(#5724));
#3072=EDGE_LOOP('',(#5725,#5726,#5727,#5728,#5729,#5730,#5731,#5732,#5733));
#3073=AXIS2_PLACEMENT_3D('',#5734,#5735,#5736);
#3074=SURFACE_SIDE_STYLE('',(#5737));
#3075=EDGE_LOOP('',(#5738,#5739,#5740,#5741,#5742,#5743,#5744));
#3076=AXIS2_PLACEMENT_3D('',#5745,#5746,#5747);
#3077=SURFACE_SIDE_STYLE('',(#5748));
#3078=EDGE_LOOP('',(#5749,#5750,#5751,#5752));
#3079=AXIS2_PLACEMENT_3D('',#5753,#5754,#5755);
#3080=SURFACE_SIDE_STYLE('',(#5756));
#3081=EDGE_LOOP('',(#5757,#5758,#5759,#5760,#5761,#5762,#5763));
#3082=AXIS2_PLACEMENT_3D('',#5764,#5765,#5766);
#3083=SURFACE_SIDE_STYLE('',(#5767));
#3084=EDGE_LOOP('',(#5768,#5769,#5770,#5771));
#3085=AXIS2_PLACEMENT_3D('',#5772,#5773,#5774);
#3086=SURFACE_SIDE_STYLE('',(#5775));
#3087=EDGE_LOOP('',(#5776,#5777,#5778,#5779));
#3088=AXIS2_PLACEMENT_3D('',#5780,#5781,#5782);
#3089=SURFACE_SIDE_STYLE('',(#5783));
#3090=EDGE_LOOP('',(#5784,#5785,#5786,#5787,#5788,#5789));
#3091=AXIS2_PLACEMENT_3D('',#5790,#5791,#5792);
#3092=SURFACE_SIDE_STYLE('',(#5793));
#3093=EDGE_LOOP('',(#5794,#5795,#5796,#5797));
#3094=AXIS2_PLACEMENT_3D('',#5798,#5799,#5800);
#3095=SURFACE_SIDE_STYLE('',(#5801));
#3096=EDGE_LOOP('',(#5802,#5803,#5804,#5805,#5806,#5807));
#3097=AXIS2_PLACEMENT_3D('',#5808,#5809,#5810);
#3098=SURFACE_SIDE_STYLE('',(#5811));
#3099=EDGE_LOOP('',(#5812,#5813,#5814,#5815));
#3100=AXIS2_PLACEMENT_3D('',#5816,#5817,#5818);
#3101=SURFACE_SIDE_STYLE('',(#5819));
#3102=EDGE_LOOP('',(#5820,#5821,#5822,#5823));
#3103=AXIS2_PLACEMENT_3D('',#5824,#5825,#5826);
#3104=SURFACE_SIDE_STYLE('',(#5827));
#3105=EDGE_LOOP('',(#5828,#5829,#5830,#5831));
#3106=AXIS2_PLACEMENT_3D('',#5832,#5833,#5834);
#3107=SURFACE_SIDE_STYLE('',(#5835));
#3108=EDGE_LOOP('',(#5836,#5837,#5838,#5839,#5840,#5841,#5842));
#3109=AXIS2_PLACEMENT_3D('',#5843,#5844,#5845);
#3110=SURFACE_SIDE_STYLE('',(#5846));
#3111=EDGE_LOOP('',(#5847,#5848,#5849,#5850));
#3112=AXIS2_PLACEMENT_3D('',#5851,#5852,#5853);
#3113=SURFACE_SIDE_STYLE('',(#5854));
#3114=EDGE_LOOP('',(#5855,#5856,#5857,#5858,#5859,#5860,#5861));
#3115=AXIS2_PLACEMENT_3D('',#5862,#5863,#5864);
#3116=SURFACE_SIDE_STYLE('',(#5865));
#3117=EDGE_LOOP('',(#5866,#5867,#5868,#5869));
#3118=AXIS2_PLACEMENT_3D('',#5870,#5871,#5872);
#3119=SURFACE_SIDE_STYLE('',(#5873));
#3120=EDGE_LOOP('',(#5874,#5875,#5876,#5877));
#3121=AXIS2_PLACEMENT_3D('',#5878,#5879,#5880);
#3122=SURFACE_SIDE_STYLE('',(#5881));
#3123=EDGE_LOOP('',(#5882,#5883,#5884,#5885,#5886,#5887));
#3124=AXIS2_PLACEMENT_3D('',#5888,#5889,#5890);
#3125=SURFACE_SIDE_STYLE('',(#5891));
#3126=EDGE_LOOP('',(#5892,#5893,#5894,#5895));
#3127=AXIS2_PLACEMENT_3D('',#5896,#5897,#5898);
#3128=SURFACE_SIDE_STYLE('',(#5899));
#3129=EDGE_LOOP('',(#5900,#5901,#5902,#5903,#5904,#5905));
#3130=AXIS2_PLACEMENT_3D('',#5906,#5907,#5908);
#3131=SURFACE_SIDE_STYLE('',(#5909));
#3132=EDGE_LOOP('',(#5910,#5911,#5912,#5913));
#3133=AXIS2_PLACEMENT_3D('',#5914,#5915,#5916);
#3134=SURFACE_SIDE_STYLE('',(#5917));
#3135=EDGE_LOOP('',(#5918,#5919,#5920,#5921));
#3136=AXIS2_PLACEMENT_3D('',#5922,#5923,#5924);
#3137=SURFACE_SIDE_STYLE('',(#5925));
#3138=EDGE_LOOP('',(#5926,#5927,#5928,#5929,#5930,#5931,#5932));
#3139=AXIS2_PLACEMENT_3D('',#5933,#5934,#5935);
#3140=SURFACE_SIDE_STYLE('',(#5936));
#3141=EDGE_LOOP('',(#5937,#5938,#5939,#5940));
#3142=AXIS2_PLACEMENT_3D('',#5941,#5942,#5943);
#3143=SURFACE_SIDE_STYLE('',(#5944));
#3144=EDGE_LOOP('',(#5945,#5946,#5947,#5948,#5949,#5950,#5951));
#3145=AXIS2_PLACEMENT_3D('',#5952,#5953,#5954);
#3146=SURFACE_SIDE_STYLE('',(#5955));
#3147=EDGE_LOOP('',(#5956,#5957,#5958,#5959));
#3148=AXIS2_PLACEMENT_3D('',#5960,#5961,#5962);
#3149=SURFACE_SIDE_STYLE('',(#5963));
#3150=EDGE_LOOP('',(#5964,#5965,#5966,#5967));
#3151=AXIS2_PLACEMENT_3D('',#5968,#5969,#5970);
#3152=SURFACE_SIDE_STYLE('',(#5971));
#3153=EDGE_LOOP('',(#5972,#5973,#5974,#5975,#5976,#5977));
#3154=AXIS2_PLACEMENT_3D('',#5978,#5979,#5980);
#3155=SURFACE_SIDE_STYLE('',(#5981));
#3156=EDGE_LOOP('',(#5982,#5983,#5984,#5985));
#3157=AXIS2_PLACEMENT_3D('',#5986,#5987,#5988);
#3158=SURFACE_SIDE_STYLE('',(#5989));
#3159=EDGE_LOOP('',(#5990,#5991,#5992,#5993,#5994,#5995));
#3160=AXIS2_PLACEMENT_3D('',#5996,#5997,#5998);
#3161=SURFACE_SIDE_STYLE('',(#5999));
#3162=EDGE_LOOP('',(#6000,#6001,#6002,#6003));
#3163=AXIS2_PLACEMENT_3D('',#6004,#6005,#6006);
#3164=SURFACE_SIDE_STYLE('',(#6007));
#3165=EDGE_LOOP('',(#6008,#6009,#6010,#6011));
#3166=AXIS2_PLACEMENT_3D('',#6012,#6013,#6014);
#3167=SURFACE_SIDE_STYLE('',(#6015));
#3168=EDGE_LOOP('',(#6016,#6017,#6018,#6019,#6020,#6021,#6022));
#3169=AXIS2_PLACEMENT_3D('',#6023,#6024,#6025);
#3170=SURFACE_SIDE_STYLE('',(#6026));
#3171=EDGE_LOOP('',(#6027,#6028,#6029,#6030));
#3172=AXIS2_PLACEMENT_3D('',#6031,#6032,#6033);
#3173=SURFACE_SIDE_STYLE('',(#6034));
#3174=EDGE_LOOP('',(#6035,#6036,#6037,#6038,#6039,#6040,#6041));
#3175=AXIS2_PLACEMENT_3D('',#6042,#6043,#6044);
#3176=SURFACE_SIDE_STYLE('',(#6045));
#3177=EDGE_LOOP('',(#6046,#6047,#6048,#6049));
#3178=AXIS2_PLACEMENT_3D('',#6050,#6051,#6052);
#3179=SURFACE_SIDE_STYLE('',(#6053));
#3180=EDGE_LOOP('',(#6054,#6055,#6056,#6057));
#3181=AXIS2_PLACEMENT_3D('',#6058,#6059,#6060);
#3182=SURFACE_SIDE_STYLE('',(#6061));
#3183=EDGE_LOOP('',(#6062,#6063,#6064,#6065,#6066,#6067));
#3184=AXIS2_PLACEMENT_3D('',#6068,#6069,#6070);
#3185=SURFACE_SIDE_STYLE('',(#6071));
#3186=EDGE_LOOP('',(#6072,#6073,#6074,#6075));
#3187=AXIS2_PLACEMENT_3D('',#6076,#6077,#6078);
#3188=SURFACE_SIDE_STYLE('',(#6079));
#3189=EDGE_LOOP('',(#6080,#6081,#6082,#6083,#6084,#6085));
#3190=AXIS2_PLACEMENT_3D('',#6086,#6087,#6088);
#3191=SURFACE_SIDE_STYLE('',(#6089));
#3192=EDGE_LOOP('',(#6090,#6091,#6092,#6093));
#3193=AXIS2_PLACEMENT_3D('',#6094,#6095,#6096);
#3194=SURFACE_SIDE_STYLE('',(#6097));
#3195=EDGE_LOOP('',(#6098,#6099,#6100,#6101));
#3196=AXIS2_PLACEMENT_3D('',#6102,#6103,#6104);
#3197=SURFACE_SIDE_STYLE('',(#6105));
#3198=EDGE_LOOP('',(#6106,#6107,#6108,#6109,#6110,#6111,#6112));
#3199=AXIS2_PLACEMENT_3D('',#6113,#6114,#6115);
#3200=SURFACE_SIDE_STYLE('',(#6116));
#3201=EDGE_LOOP('',(#6117,#6118,#6119,#6120));
#3202=AXIS2_PLACEMENT_3D('',#6121,#6122,#6123);
#3203=SURFACE_SIDE_STYLE('',(#6124));
#3204=EDGE_LOOP('',(#6125,#6126,#6127,#6128,#6129,#6130,#6131));
#3205=AXIS2_PLACEMENT_3D('',#6132,#6133,#6134);
#3206=SURFACE_SIDE_STYLE('',(#6135));
#3207=EDGE_LOOP('',(#6136,#6137,#6138,#6139));
#3208=AXIS2_PLACEMENT_3D('',#6140,#6141,#6142);
#3209=SURFACE_SIDE_STYLE('',(#6143));
#3210=EDGE_LOOP('',(#6144,#6145,#6146,#6147));
#3211=AXIS2_PLACEMENT_3D('',#6148,#6149,#6150);
#3212=SURFACE_SIDE_STYLE('',(#6151));
#3213=EDGE_LOOP('',(#6152,#6153,#6154,#6155,#6156,#6157));
#3214=AXIS2_PLACEMENT_3D('',#6158,#6159,#6160);
#3215=SURFACE_SIDE_STYLE('',(#6161));
#3216=EDGE_LOOP('',(#6162,#6163,#6164,#6165));
#3217=AXIS2_PLACEMENT_3D('',#6166,#6167,#6168);
#3218=SURFACE_SIDE_STYLE('',(#6169));
#3219=EDGE_LOOP('',(#6170,#6171,#6172,#6173,#6174,#6175));
#3220=AXIS2_PLACEMENT_3D('',#6176,#6177,#6178);
#3221=SURFACE_SIDE_STYLE('',(#6179));
#3222=EDGE_LOOP('',(#6180,#6181,#6182,#6183));
#3223=AXIS2_PLACEMENT_3D('',#6184,#6185,#6186);
#3224=SURFACE_SIDE_STYLE('',(#6187));
#3225=EDGE_LOOP('',(#6188,#6189,#6190,#6191));
#3226=AXIS2_PLACEMENT_3D('',#6192,#6193,#6194);
#3227=SURFACE_SIDE_STYLE('',(#6195));
#3228=EDGE_LOOP('',(#6196,#6197,#6198,#6199));
#3229=AXIS2_PLACEMENT_3D('',#6200,#6201,#6202);
#3230=SURFACE_SIDE_STYLE('',(#6203));
#3231=EDGE_LOOP('',(#6204,#6205,#6206,#6207,#6208,#6209,#6210,#6211));
#3232=AXIS2_PLACEMENT_3D('',#6212,#6213,#6214);
#3233=SURFACE_SIDE_STYLE('',(#6215));
#3234=EDGE_LOOP('',(#6216,#6217,#6218,#6219));
#3235=AXIS2_PLACEMENT_3D('',#6220,#6221,#6222);
#3236=SURFACE_SIDE_STYLE('',(#6223));
#3237=EDGE_LOOP('',(#6224,#6225,#6226,#6227));
#3238=AXIS2_PLACEMENT_3D('',#6228,#6229,#6230);
#3239=SURFACE_SIDE_STYLE('',(#6231));
#3240=EDGE_LOOP('',(#6232,#6233,#6234,#6235));
#3241=AXIS2_PLACEMENT_3D('',#6236,#6237,#6238);
#3242=SURFACE_SIDE_STYLE('',(#6239));
#3243=EDGE_LOOP('',(#6240,#6241,#6242,#6243,#6244,#6245,#6246,#6247));
#3244=AXIS2_PLACEMENT_3D('',#6248,#6249,#6250);
#3245=SURFACE_SIDE_STYLE('',(#6251));
#3246=EDGE_LOOP('',(#6252,#6253,#6254,#6255,#6256,#6257,#6258,#6259,#6260,#6261,#6262,#6263,#6264,#6265,#6266,#6267));
#3247=AXIS2_PLACEMENT_3D('',#6268,#6269,#6270);
#3248=SURFACE_SIDE_STYLE('',(#6271));
#3249=EDGE_LOOP('',(#6272,#6273,#6274,#6275));
#3250=AXIS2_PLACEMENT_3D('',#6276,#6277,#6278);
#3251=SURFACE_SIDE_STYLE('',(#6279));
#3252=EDGE_LOOP('',(#6280,#6281,#6282,#6283));
#3253=AXIS2_PLACEMENT_3D('',#6284,#6285,#6286);
#3254=SURFACE_SIDE_STYLE('',(#6287));
#3255=EDGE_LOOP('',(#6288,#6289,#6290,#6291));
#3256=AXIS2_PLACEMENT_3D('',#6292,#6293,#6294);
#3257=SURFACE_SIDE_STYLE('',(#6295));
#3258=EDGE_LOOP('',(#6296,#6297,#6298,#6299));
#3259=AXIS2_PLACEMENT_3D('',#6300,#6301,#6302);
#3260=SURFACE_SIDE_STYLE('',(#6303));
#3261=EDGE_LOOP('',(#6304,#6305,#6306,#6307,#6308,#6309,#6310,#6311));
#3262=AXIS2_PLACEMENT_3D('',#6312,#6313,#6314);
#3263=SURFACE_SIDE_STYLE('',(#6315));
#3264=EDGE_LOOP('',(#6316,#6317,#6318,#6319,#6320,#6321,#6322,#6323,#6324,#6325,#6326,#6327,#6328,#6329,#6330,#6331));
#3265=AXIS2_PLACEMENT_3D('',#6332,#6333,#6334);
#3266=SURFACE_SIDE_STYLE('',(#6335));
#3267=EDGE_LOOP('',(#6336,#6337,#6338,#6339,#6340,#6341,#6342,#6343));
#3268=AXIS2_PLACEMENT_3D('',#6344,#6345,#6346);
#3269=SURFACE_SIDE_STYLE('',(#6347));
#3270=EDGE_LOOP('',(#6348,#6349,#6350,#6351,#6352,#6353,#6354,#6355));
#3271=AXIS2_PLACEMENT_3D('',#6356,#6357,#6358);
#3272=SURFACE_SIDE_STYLE('',(#6359));
#3273=EDGE_LOOP('',(#6360,#6361,#6362,#6363));
#3274=AXIS2_PLACEMENT_3D('',#6364,#6365,#6366);
#3275=SURFACE_SIDE_STYLE('',(#6367));
#3276=EDGE_LOOP('',(#6368,#6369,#6370,#6371));
#3277=AXIS2_PLACEMENT_3D('',#6372,#6373,#6374);
#3278=SURFACE_SIDE_STYLE('',(#6375));
#3279=EDGE_LOOP('',(#6376,#6377,#6378,#6379));
#3280=AXIS2_PLACEMENT_3D('',#6380,#6381,#6382);
#3281=SURFACE_SIDE_STYLE('',(#6383));
#3282=EDGE_LOOP('',(#6384,#6385,#6386,#6387,#6388,#6389,#6390,#6391,#6392,#6393,#6394,#6395,#6396,#6397,#6398,#6399,#6400,#6401,#6402,#6403,#6404,#6405,#6406,#6407,#6408,#6409,#6410,#6411));
#3283=AXIS2_PLACEMENT_3D('',#6412,#6413,#6414);
#3284=SURFACE_SIDE_STYLE('',(#6415));
#3285=EDGE_LOOP('',(#6416,#6417,#6418,#6419));
#3286=AXIS2_PLACEMENT_3D('',#6420,#6421,#6422);
#3287=SURFACE_SIDE_STYLE('',(#6423));
#3288=EDGE_LOOP('',(#6424,#6425,#6426,#6427));
#3289=AXIS2_PLACEMENT_3D('',#6428,#6429,#6430);
#3290=SURFACE_SIDE_STYLE('',(#6431));
#3291=EDGE_LOOP('',(#6432,#6433,#6434,#6435));
#3292=AXIS2_PLACEMENT_3D('',#6436,#6437,#6438);
#3293=SURFACE_SIDE_STYLE('',(#6439));
#3294=EDGE_LOOP('',(#6440,#6441,#6442,#6443));
#3295=AXIS2_PLACEMENT_3D('',#6444,#6445,#6446);
#3296=SURFACE_SIDE_STYLE('',(#6447));
#3297=EDGE_LOOP('',(#6448,#6449,#6450,#6451));
#3298=AXIS2_PLACEMENT_3D('',#6452,#6453,#6454);
#3299=SURFACE_SIDE_STYLE('',(#6455));
#3300=EDGE_LOOP('',(#6456,#6457,#6458,#6459));
#3301=AXIS2_PLACEMENT_3D('',#6460,#6461,#6462);
#3302=SURFACE_SIDE_STYLE('',(#6463));
#3303=EDGE_LOOP('',(#6464,#6465,#6466,#6467));
#3304=AXIS2_PLACEMENT_3D('',#6468,#6469,#6470);
#3305=SURFACE_SIDE_STYLE('',(#6471));
#3306=EDGE_LOOP('',(#6472,#6473,#6474,#6475));
#3307=AXIS2_PLACEMENT_3D('',#6476,#6477,#6478);
#3308=SURFACE_SIDE_STYLE('',(#6479));
#3309=EDGE_LOOP('',(#6480,#6481,#6482,#6483));
#3310=AXIS2_PLACEMENT_3D('',#6484,#6485,#6486);
#3311=SURFACE_SIDE_STYLE('',(#6487));
#3312=EDGE_LOOP('',(#6488,#6489,#6490,#6491));
#3313=AXIS2_PLACEMENT_3D('',#6492,#6493,#6494);
#3314=SURFACE_SIDE_STYLE('',(#6495));
#3315=EDGE_LOOP('',(#6496,#6497,#6498,#6499));
#3316=AXIS2_PLACEMENT_3D('',#6500,#6501,#6502);
#3317=SURFACE_SIDE_STYLE('',(#6503));
#3318=EDGE_LOOP('',(#6504,#6505,#6506,#6507));
#3319=AXIS2_PLACEMENT_3D('',#6508,#6509,#6510);
#3320=SURFACE_SIDE_STYLE('',(#6511));
#3321=EDGE_LOOP('',(#6512,#6513,#6514,#6515));
#3322=AXIS2_PLACEMENT_3D('',#6516,#6517,#6518);
#3323=SURFACE_SIDE_STYLE('',(#6519));
#3324=EDGE_LOOP('',(#6520,#6521,#6522,#6523));
#3325=AXIS2_PLACEMENT_3D('',#6524,#6525,#6526);
#3326=SURFACE_SIDE_STYLE('',(#6527));
#3327=EDGE_LOOP('',(#6528,#6529,#6530,#6531));
#3328=AXIS2_PLACEMENT_3D('',#6532,#6533,#6534);
#3329=SURFACE_SIDE_STYLE('',(#6535));
#3330=EDGE_LOOP('',(#6536,#6537,#6538,#6539));
#3331=AXIS2_PLACEMENT_3D('',#6540,#6541,#6542);
#3332=SURFACE_SIDE_STYLE('',(#6543));
#3333=EDGE_LOOP('',(#6544,#6545,#6546,#6547));
#3334=AXIS2_PLACEMENT_3D('',#6548,#6549,#6550);
#3335=SURFACE_SIDE_STYLE('',(#6551));
#3336=EDGE_LOOP('',(#6552,#6553,#6554,#6555));
#3337=AXIS2_PLACEMENT_3D('',#6556,#6557,#6558);
#3338=SURFACE_SIDE_STYLE('',(#6559));
#3339=EDGE_LOOP('',(#6560,#6561,#6562,#6563));
#3340=AXIS2_PLACEMENT_3D('',#6564,#6565,#6566);
#3341=SURFACE_SIDE_STYLE('',(#6567));
#3342=EDGE_LOOP('',(#6568,#6569,#6570,#6571));
#3343=AXIS2_PLACEMENT_3D('',#6572,#6573,#6574);
#3344=SURFACE_SIDE_STYLE('',(#6575));
#3345=EDGE_LOOP('',(#6576,#6577,#6578,#6579));
#3346=AXIS2_PLACEMENT_3D('',#6580,#6581,#6582);
#3347=SURFACE_SIDE_STYLE('',(#6583));
#3348=EDGE_LOOP('',(#6584,#6585,#6586,#6587));
#3349=AXIS2_PLACEMENT_3D('',#6588,#6589,#6590);
#3350=SURFACE_SIDE_STYLE('',(#6591));
#3351=EDGE_LOOP('',(#6592,#6593,#6594,#6595));
#3352=AXIS2_PLACEMENT_3D('',#6596,#6597,#6598);
#3353=SURFACE_SIDE_STYLE('',(#6599));
#3354=EDGE_LOOP('',(#6600,#6601,#6602,#6603));
#3355=AXIS2_PLACEMENT_3D('',#6604,#6605,#6606);
#3356=SURFACE_SIDE_STYLE('',(#6607));
#3357=EDGE_LOOP('',(#6608,#6609,#6610,#6611));
#3358=AXIS2_PLACEMENT_3D('',#6612,#6613,#6614);
#3359=SURFACE_SIDE_STYLE('',(#6615));
#3360=EDGE_LOOP('',(#6616,#6617,#6618,#6619));
#3361=AXIS2_PLACEMENT_3D('',#6620,#6621,#6622);
#3362=SURFACE_SIDE_STYLE('',(#6623));
#3363=EDGE_LOOP('',(#6624,#6625,#6626,#6627));
#3364=AXIS2_PLACEMENT_3D('',#6628,#6629,#6630);
#3365=SURFACE_SIDE_STYLE('',(#6631));
#3366=EDGE_LOOP('',(#6632,#6633,#6634,#6635,#6636,#6637,#6638,#6639,#6640,#6641,#6642,#6643,#6644,#6645,#6646,#6647,#6648,#6649,#6650,#6651,#6652,#6653,#6654,#6655));
#3367=AXIS2_PLACEMENT_3D('',#6656,#6657,#6658);
#3368=SURFACE_SIDE_STYLE('',(#6659));
#3369=EDGE_LOOP('',(#6660,#6661,#6662,#6663,#6664,#6665,#6666,#6667,#6668,#6669,#6670,#6671,#6672,#6673,#6674,#6675,#6676,#6677,#6678,#6679,#6680,#6681,#6682,#6683));
#3370=AXIS2_PLACEMENT_3D('',#6684,#6685,#6686);
#3371=SURFACE_SIDE_STYLE('',(#6687));
#3372=EDGE_LOOP('',(#6688,#6689,#6690,#6691,#6692,#6693,#6694,#6695));
#3373=AXIS2_PLACEMENT_3D('',#6696,#6697,#6698);
#3374=SURFACE_SIDE_STYLE('',(#6699));
#3375=EDGE_LOOP('',(#6700,#6701,#6702,#6703));
#3376=AXIS2_PLACEMENT_3D('',#6704,#6705,#6706);
#3377=SURFACE_SIDE_STYLE('',(#6707));
#3378=EDGE_LOOP('',(#6708,#6709,#6710,#6711));
#3379=AXIS2_PLACEMENT_3D('',#6712,#6713,#6714);
#3380=SURFACE_SIDE_STYLE('',(#6715));
#3381=EDGE_LOOP('',(#6716,#6717,#6718,#6719));
#3382=AXIS2_PLACEMENT_3D('',#6720,#6721,#6722);
#3383=SURFACE_SIDE_STYLE('',(#6723));
#3384=EDGE_LOOP('',(#6724,#6725,#6726,#6727));
#3385=AXIS2_PLACEMENT_3D('',#6728,#6729,#6730);
#3386=SURFACE_SIDE_STYLE('',(#6731));
#3387=EDGE_LOOP('',(#6732,#6733));
#3388=EDGE_LOOP('',(#6734,#6735));
#3389=EDGE_LOOP('',(#6736,#6737));
#3390=EDGE_LOOP('',(#6738,#6739));
#3391=EDGE_LOOP('',(#6740,#6741));
#3392=EDGE_LOOP('',(#6742,#6743,#6744,#6745));
#3393=AXIS2_PLACEMENT_3D('',#6746,#6747,#6748);
#3394=SURFACE_SIDE_STYLE('',(#6749));
#3395=EDGE_LOOP('',(#6750,#6751,#6752,#6753));
#3396=AXIS2_PLACEMENT_3D('',#6754,#6755,#6756);
#3397=SURFACE_SIDE_STYLE('',(#6757));
#3398=EDGE_LOOP('',(#6758,#6759,#6760,#6761));
#3399=AXIS2_PLACEMENT_3D('',#6762,#6763,#6764);
#3400=SURFACE_SIDE_STYLE('',(#6765));
#3401=EDGE_LOOP('',(#6766,#6767,#6768,#6769));
#3402=AXIS2_PLACEMENT_3D('',#6770,#6771,#6772);
#3403=SURFACE_SIDE_STYLE('',(#6773));
#3404=EDGE_LOOP('',(#6774,#6775,#6776,#6777,#6778,#6779,#6780,#6781,#6782,#6783,#6784,#6785,#6786,#6787,#6788,#6789));
#3405=AXIS2_PLACEMENT_3D('',#6790,#6791,#6792);
#3406=SURFACE_SIDE_STYLE('',(#6793));
#3407=EDGE_LOOP('',(#6794,#6795,#6796,#6797));
#3408=AXIS2_PLACEMENT_3D('',#6798,#6799,#6800);
#3409=SURFACE_SIDE_STYLE('',(#6801));
#3410=EDGE_LOOP('',(#6802,#6803,#6804,#6805,#6806,#6807,#6808,#6809,#6810,#6811,#6812,#6813,#6814,#6815,#6816,#6817,#6818,#6819,#6820,#6821,#6822,#6823,#6824,#6825));
#3411=AXIS2_PLACEMENT_3D('',#6826,#6827,#6828);
#3412=SURFACE_SIDE_STYLE('',(#6829));
#3413=EDGE_LOOP('',(#6830,#6831,#6832,#6833,#6834,#6835,#6836,#6837,#6838,#6839,#6840,#6841,#6842,#6843,#6844,#6845,#6846,#6847));
#3414=AXIS2_PLACEMENT_3D('',#6848,#6849,#6850);
#3415=SURFACE_SIDE_STYLE('',(#6851));
#3416=EDGE_LOOP('',(#6852,#6853,#6854,#6855,#6856,#6857,#6858,#6859));
#3417=AXIS2_PLACEMENT_3D('',#6860,#6861,#6862);
#3419=SURFACE_STYLE_FILL_AREA(#6863);
#3420=ORIENTED_EDGE('',*,*,#6864,.F.);
#3421=ORIENTED_EDGE('',*,*,#6865,.T.);
#3422=ORIENTED_EDGE('',*,*,#6866,.F.);
#3423=ORIENTED_EDGE('',*,*,#6867,.F.);
#3424=CARTESIAN_POINT('',(0.0,-15.6,0.0));
#3425=DIRECTION('',(-0.0,1.0,0.0));
#3426=DIRECTION('',(1.0,0.0,0.0));
#3427=SURFACE_STYLE_FILL_AREA(#6868);
#3428=ORIENTED_EDGE('',*,*,#6869,.F.);
#3429=ORIENTED_EDGE('',*,*,#6867,.T.);
#3430=ORIENTED_EDGE('',*,*,#6870,.F.);
#3431=ORIENTED_EDGE('',*,*,#6871,.F.);
#3432=CARTESIAN_POINT('',(0.0,-18.9,0.0));
#3433=DIRECTION('',(0.0,-1.0,-0.0));
#3434=DIRECTION('',(1.0,0.0,0.0));
#3435=SURFACE_STYLE_FILL_AREA(#6872);
#3436=ORIENTED_EDGE('',*,*,#6873,.F.);
#3437=ORIENTED_EDGE('',*,*,#6874,.T.);
#3438=ORIENTED_EDGE('',*,*,#6875,.F.);
#3439=ORIENTED_EDGE('',*,*,#6876,.F.);
#3440=CARTESIAN_POINT('',(3.5,-15.6,0.0));
#3441=DIRECTION('',(-0.0,1.0,0.0));
#3442=DIRECTION('',(1.0,0.0,0.0));
#3443=SURFACE_STYLE_FILL_AREA(#6877);
#3444=ORIENTED_EDGE('',*,*,#6878,.F.);
#3445=ORIENTED_EDGE('',*,*,#6876,.T.);
#3446=ORIENTED_EDGE('',*,*,#6879,.F.);
#3447=ORIENTED_EDGE('',*,*,#6880,.F.);
#3448=CARTESIAN_POINT('',(3.5,-18.9,0.0));
#3449=DIRECTION('',(0.0,-1.0,-0.0));
#3450=DIRECTION('',(1.0,0.0,0.0));
#3451=SURFACE_STYLE_FILL_AREA(#6881);
#3452=ORIENTED_EDGE('',*,*,#6882,.F.);
#3453=ORIENTED_EDGE('',*,*,#6883,.T.);
#3454=ORIENTED_EDGE('',*,*,#6884,.F.);
#3455=ORIENTED_EDGE('',*,*,#6885,.F.);
#3456=CARTESIAN_POINT('',(7.0,-15.6,0.0));
#3457=DIRECTION('',(-0.0,1.0,0.0));
#3458=DIRECTION('',(1.0,0.0,0.0));
#3459=SURFACE_STYLE_FILL_AREA(#6886);
#3460=ORIENTED_EDGE('',*,*,#6887,.F.);
#3461=ORIENTED_EDGE('',*,*,#6885,.T.);
#3462=ORIENTED_EDGE('',*,*,#6888,.F.);
#3463=ORIENTED_EDGE('',*,*,#6889,.F.);
#3464=CARTESIAN_POINT('',(7.0,-18.9,0.0));
#3465=DIRECTION('',(0.0,-1.0,-0.0));
#3466=DIRECTION('',(1.0,0.0,0.0));
#3467=SURFACE_STYLE_FILL_AREA(#6890);
#3468=ORIENTED_EDGE('',*,*,#6891,.F.);
#3469=ORIENTED_EDGE('',*,*,#6892,.T.);
#3470=ORIENTED_EDGE('',*,*,#6893,.F.);
#3471=ORIENTED_EDGE('',*,*,#6894,.F.);
#3472=CARTESIAN_POINT('',(10.5,-15.6,0.0));
#3473=DIRECTION('',(-0.0,1.0,0.0));
#3474=DIRECTION('',(1.0,0.0,0.0));
#3475=SURFACE_STYLE_FILL_AREA(#6895);
#3476=ORIENTED_EDGE('',*,*,#6896,.F.);
#3477=ORIENTED_EDGE('',*,*,#6894,.T.);
#3478=ORIENTED_EDGE('',*,*,#6897,.F.);
#3479=ORIENTED_EDGE('',*,*,#6898,.F.);
#3480=CARTESIAN_POINT('',(10.5,-18.9,0.0));
#3481=DIRECTION('',(0.0,-1.0,-0.0));
#3482=DIRECTION('',(1.0,0.0,0.0));
#3483=SURFACE_STYLE_FILL_AREA(#6899);
#3484=ORIENTED_EDGE('',*,*,#6900,.F.);
#3485=ORIENTED_EDGE('',*,*,#6901,.T.);
#3486=ORIENTED_EDGE('',*,*,#6902,.F.);
#3487=ORIENTED_EDGE('',*,*,#6903,.F.);
#3488=CARTESIAN_POINT('',(14.0,-15.6,0.0));
#3489=DIRECTION('',(-0.0,1.0,0.0));
#3490=DIRECTION('',(1.0,0.0,0.0));
#3491=SURFACE_STYLE_FILL_AREA(#6904);
#3492=ORIENTED_EDGE('',*,*,#6905,.F.);
#3493=ORIENTED_EDGE('',*,*,#6903,.T.);
#3494=ORIENTED_EDGE('',*,*,#6906,.F.);
#3495=ORIENTED_EDGE('',*,*,#6907,.F.);
#3496=CARTESIAN_POINT('',(14.0,-18.9,0.0));
#3497=DIRECTION('',(0.0,-1.0,-0.0));
#3498=DIRECTION('',(1.0,0.0,0.0));
#3499=SURFACE_STYLE_FILL_AREA(#6908);
#3500=ORIENTED_EDGE('',*,*,#6909,.F.);
#3501=ORIENTED_EDGE('',*,*,#6910,.F.);
#3502=ORIENTED_EDGE('',*,*,#6911,.F.);
#3503=ORIENTED_EDGE('',*,*,#6912,.F.);
#3504=CARTESIAN_POINT('',(0.0,-0.126999999999995,0.0));
#3505=DIRECTION('',(-0.0,1.0,-0.0));
#3506=DIRECTION('',(1.0,0.0,0.0));
#3507=SURFACE_STYLE_FILL_AREA(#6913);
#3508=ORIENTED_EDGE('',*,*,#6914,.F.);
#3509=ORIENTED_EDGE('',*,*,#6912,.T.);
#3510=ORIENTED_EDGE('',*,*,#6915,.F.);
#3511=ORIENTED_EDGE('',*,*,#6916,.F.);
#3512=CARTESIAN_POINT('',(0.0,-1.016,0.0));
#3513=DIRECTION('',(-0.0,1.0,0.0));
#3514=DIRECTION('',(1.0,0.0,0.0));
#3515=SURFACE_STYLE_FILL_AREA(#6917);
#3516=ORIENTED_EDGE('',*,*,#6918,.F.);
#3517=ORIENTED_EDGE('',*,*,#6919,.F.);
#3518=ORIENTED_EDGE('',*,*,#6920,.F.);
#3519=ORIENTED_EDGE('',*,*,#6921,.F.);
#3520=CARTESIAN_POINT('',(3.5,-0.126999999999995,0.0));
#3521=DIRECTION('',(-0.0,1.0,-0.0));
#3522=DIRECTION('',(1.0,0.0,0.0));
#3523=SURFACE_STYLE_FILL_AREA(#6922);
#3524=ORIENTED_EDGE('',*,*,#6923,.F.);
#3525=ORIENTED_EDGE('',*,*,#6921,.T.);
#3526=ORIENTED_EDGE('',*,*,#6924,.F.);
#3527=ORIENTED_EDGE('',*,*,#6925,.F.);
#3528=CARTESIAN_POINT('',(3.5,-1.016,0.0));
#3529=DIRECTION('',(-0.0,1.0,0.0));
#3530=DIRECTION('',(1.0,0.0,0.0));
#3531=SURFACE_STYLE_FILL_AREA(#6926);
#3532=ORIENTED_EDGE('',*,*,#6927,.F.);
#3533=ORIENTED_EDGE('',*,*,#6928,.F.);
#3534=ORIENTED_EDGE('',*,*,#6929,.F.);
#3535=ORIENTED_EDGE('',*,*,#6930,.F.);
#3536=CARTESIAN_POINT('',(7.0,-0.126999999999995,0.0));
#3537=DIRECTION('',(-0.0,1.0,-0.0));
#3538=DIRECTION('',(1.0,0.0,0.0));
#3539=SURFACE_STYLE_FILL_AREA(#6931);
#3540=ORIENTED_EDGE('',*,*,#6932,.F.);
#3541=ORIENTED_EDGE('',*,*,#6930,.T.);
#3542=ORIENTED_EDGE('',*,*,#6933,.F.);
#3543=ORIENTED_EDGE('',*,*,#6934,.F.);
#3544=CARTESIAN_POINT('',(7.0,-1.016,0.0));
#3545=DIRECTION('',(-0.0,1.0,0.0));
#3546=DIRECTION('',(1.0,0.0,0.0));
#3547=SURFACE_STYLE_FILL_AREA(#6935);
#3548=ORIENTED_EDGE('',*,*,#6936,.F.);
#3549=ORIENTED_EDGE('',*,*,#6937,.F.);
#3550=ORIENTED_EDGE('',*,*,#6938,.F.);
#3551=ORIENTED_EDGE('',*,*,#6939,.F.);
#3552=CARTESIAN_POINT('',(10.5,-0.126999999999995,0.0));
#3553=DIRECTION('',(-0.0,1.0,-0.0));
#3554=DIRECTION('',(1.0,0.0,0.0));
#3555=SURFACE_STYLE_FILL_AREA(#6940);
#3556=ORIENTED_EDGE('',*,*,#6941,.F.);
#3557=ORIENTED_EDGE('',*,*,#6939,.T.);
#3558=ORIENTED_EDGE('',*,*,#6942,.F.);
#3559=ORIENTED_EDGE('',*,*,#6943,.F.);
#3560=CARTESIAN_POINT('',(10.5,-1.016,0.0));
#3561=DIRECTION('',(-0.0,1.0,0.0));
#3562=DIRECTION('',(1.0,0.0,0.0));
#3563=SURFACE_STYLE_FILL_AREA(#6944);
#3564=ORIENTED_EDGE('',*,*,#6945,.F.);
#3565=ORIENTED_EDGE('',*,*,#6946,.F.);
#3566=ORIENTED_EDGE('',*,*,#6947,.F.);
#3567=ORIENTED_EDGE('',*,*,#6948,.F.);
#3568=CARTESIAN_POINT('',(14.0,-0.126999999999995,0.0));
#3569=DIRECTION('',(-0.0,1.0,-0.0));
#3570=DIRECTION('',(1.0,0.0,0.0));
#3571=SURFACE_STYLE_FILL_AREA(#6949);
#3572=ORIENTED_EDGE('',*,*,#6950,.F.);
#3573=ORIENTED_EDGE('',*,*,#6948,.T.);
#3574=ORIENTED_EDGE('',*,*,#6951,.F.);
#3575=ORIENTED_EDGE('',*,*,#6952,.F.);
#3576=CARTESIAN_POINT('',(14.0,-1.016,0.0));
#3577=DIRECTION('',(-0.0,1.0,0.0));
#3578=DIRECTION('',(1.0,0.0,0.0));
#3579=SURFACE_STYLE_FILL_AREA(#6953);
#3580=ORIENTED_EDGE('',*,*,#6954,.F.);
#3581=ORIENTED_EDGE('',*,*,#6955,.F.);
#3582=ORIENTED_EDGE('',*,*,#6956,.F.);
#3583=ORIENTED_EDGE('',*,*,#6957,.T.);
#3584=ORIENTED_EDGE('',*,*,#6958,.T.);
#3585=ORIENTED_EDGE('',*,*,#6959,.F.);
#3586=ORIENTED_EDGE('',*,*,#6960,.T.);
#3587=ORIENTED_EDGE('',*,*,#6961,.T.);
#3588=CARTESIAN_POINT('',(0.0,-1.55,0.0));
#3589=DIRECTION('',(-0.0,1.0,0.0));
#3590=DIRECTION('',(1.0,0.0,0.0));
#3591=SURFACE_STYLE_FILL_AREA(#6962);
#3592=ORIENTED_EDGE('',*,*,#6963,.F.);
#3593=ORIENTED_EDGE('',*,*,#6964,.F.);
#3594=ORIENTED_EDGE('',*,*,#6965,.F.);
#3595=ORIENTED_EDGE('',*,*,#6966,.T.);
#3596=ORIENTED_EDGE('',*,*,#6967,.T.);
#3597=ORIENTED_EDGE('',*,*,#6968,.F.);
#3598=ORIENTED_EDGE('',*,*,#6969,.T.);
#3599=ORIENTED_EDGE('',*,*,#6970,.T.);
#3600=CARTESIAN_POINT('',(3.5,-1.55,0.0));
#3601=DIRECTION('',(-0.0,1.0,0.0));
#3602=DIRECTION('',(1.0,0.0,0.0));
#3603=SURFACE_STYLE_FILL_AREA(#6971);
#3604=ORIENTED_EDGE('',*,*,#6972,.F.);
#3605=ORIENTED_EDGE('',*,*,#6973,.F.);
#3606=ORIENTED_EDGE('',*,*,#6974,.F.);
#3607=ORIENTED_EDGE('',*,*,#6975,.T.);
#3608=ORIENTED_EDGE('',*,*,#6976,.T.);
#3609=ORIENTED_EDGE('',*,*,#6977,.F.);
#3610=ORIENTED_EDGE('',*,*,#6978,.T.);
#3611=ORIENTED_EDGE('',*,*,#6979,.T.);
#3612=CARTESIAN_POINT('',(7.0,-1.55,0.0));
#3613=DIRECTION('',(-0.0,1.0,0.0));
#3614=DIRECTION('',(1.0,0.0,0.0));
#3615=SURFACE_STYLE_FILL_AREA(#6980);
#3616=ORIENTED_EDGE('',*,*,#6981,.F.);
#3617=ORIENTED_EDGE('',*,*,#6982,.F.);
#3618=ORIENTED_EDGE('',*,*,#6983,.F.);
#3619=ORIENTED_EDGE('',*,*,#6984,.T.);
#3620=ORIENTED_EDGE('',*,*,#6985,.T.);
#3621=ORIENTED_EDGE('',*,*,#6986,.F.);
#3622=ORIENTED_EDGE('',*,*,#6987,.T.);
#3623=ORIENTED_EDGE('',*,*,#6988,.T.);
#3624=CARTESIAN_POINT('',(10.5,-1.55,0.0));
#3625=DIRECTION('',(-0.0,1.0,0.0));
#3626=DIRECTION('',(1.0,0.0,0.0));
#3627=SURFACE_STYLE_FILL_AREA(#6989);
#3628=ORIENTED_EDGE('',*,*,#6990,.F.);
#3629=ORIENTED_EDGE('',*,*,#6991,.F.);
#3630=ORIENTED_EDGE('',*,*,#6992,.F.);
#3631=ORIENTED_EDGE('',*,*,#6993,.T.);
#3632=ORIENTED_EDGE('',*,*,#6994,.T.);
#3633=ORIENTED_EDGE('',*,*,#6995,.F.);
#3634=ORIENTED_EDGE('',*,*,#6996,.T.);
#3635=ORIENTED_EDGE('',*,*,#6997,.T.);
#3636=CARTESIAN_POINT('',(14.0,-1.55,0.0));
#3637=DIRECTION('',(-0.0,1.0,0.0));
#3638=DIRECTION('',(1.0,0.0,0.0));
#3639=SURFACE_STYLE_FILL_AREA(#6998);
#3640=ORIENTED_EDGE('',*,*,#6990,.T.);
#3641=ORIENTED_EDGE('',*,*,#6999,.T.);
#3642=ORIENTED_EDGE('',*,*,#7000,.T.);
#3643=ORIENTED_EDGE('',*,*,#7001,.F.);
#3644=ORIENTED_EDGE('',*,*,#7002,.T.);
#3645=ORIENTED_EDGE('',*,*,#7003,.T.);
#3646=ORIENTED_EDGE('',*,*,#6992,.T.);
#3647=ORIENTED_EDGE('',*,*,#7004,.F.);
#3648=CARTESIAN_POINT('',(14.0,-1.55,0.0));
#3649=DIRECTION('',(-0.0,1.0,0.0));
#3650=DIRECTION('',(1.0,0.0,0.0));
#3651=SURFACE_STYLE_FILL_AREA(#7005);
#3652=ORIENTED_EDGE('',*,*,#6994,.F.);
#3653=ORIENTED_EDGE('',*,*,#7006,.F.);
#3654=ORIENTED_EDGE('',*,*,#6996,.F.);
#3655=ORIENTED_EDGE('',*,*,#7007,.F.);
#3656=CARTESIAN_POINT('',(14.0,-1.184,-0.254));
#3657=DIRECTION('',(0.0,0.0,1.0));
#3658=DIRECTION('',(1.0,0.0,0.0));
#3659=SURFACE_STYLE_FILL_AREA(#7008);
#3660=ORIENTED_EDGE('',*,*,#7003,.F.);
#3661=ORIENTED_EDGE('',*,*,#7009,.T.);
#3662=ORIENTED_EDGE('',*,*,#6999,.F.);
#3663=ORIENTED_EDGE('',*,*,#6997,.F.);
#3664=ORIENTED_EDGE('',*,*,#7006,.T.);
#3665=ORIENTED_EDGE('',*,*,#6993,.F.);
#3666=CARTESIAN_POINT('',(14.0,-1.684,-8.88178419700125E-16));
#3667=DIRECTION('',(0.0,1.0,0.0));
#3668=DIRECTION('',(0.0,0.0,1.0));
#3669=SURFACE_STYLE_FILL_AREA(#7010);
#3670=ORIENTED_EDGE('',*,*,#7002,.F.);
#3671=ORIENTED_EDGE('',*,*,#7011,.F.);
#3672=ORIENTED_EDGE('',*,*,#7000,.F.);
#3673=ORIENTED_EDGE('',*,*,#7009,.F.);
#3674=CARTESIAN_POINT('',(14.0,-1.184,0.253999999999999));
#3675=DIRECTION('',(0.0,0.0,1.0));
#3676=DIRECTION('',(1.0,0.0,0.0));
#3677=SURFACE_STYLE_FILL_AREA(#7012);
#3678=ORIENTED_EDGE('',*,*,#7007,.T.);
#3679=ORIENTED_EDGE('',*,*,#6995,.T.);
#3680=CARTESIAN_POINT('',(14.0,-1.1,0.0));
#3681=DIRECTION('',(-0.0,1.0,0.0));
#3682=DIRECTION('',(1.0,0.0,0.0));
#3683=SURFACE_STYLE_FILL_AREA(#7013);
#3684=ORIENTED_EDGE('',*,*,#7011,.T.);
#3685=ORIENTED_EDGE('',*,*,#7001,.T.);
#3686=CARTESIAN_POINT('',(14.0,-1.1,0.0));
#3687=DIRECTION('',(-0.0,1.0,0.0));
#3688=DIRECTION('',(1.0,0.0,0.0));
#3689=SURFACE_STYLE_FILL_AREA(#7014);
#3690=ORIENTED_EDGE('',*,*,#6981,.T.);
#3691=ORIENTED_EDGE('',*,*,#7015,.T.);
#3692=ORIENTED_EDGE('',*,*,#7016,.T.);
#3693=ORIENTED_EDGE('',*,*,#7017,.F.);
#3694=ORIENTED_EDGE('',*,*,#7018,.T.);
#3695=ORIENTED_EDGE('',*,*,#7019,.T.);
#3696=ORIENTED_EDGE('',*,*,#6983,.T.);
#3697=ORIENTED_EDGE('',*,*,#7020,.F.);
#3698=CARTESIAN_POINT('',(10.5,-1.55,0.0));
#3699=DIRECTION('',(-0.0,1.0,0.0));
#3700=DIRECTION('',(1.0,0.0,0.0));
#3701=SURFACE_STYLE_FILL_AREA(#7021);
#3702=ORIENTED_EDGE('',*,*,#6985,.F.);
#3703=ORIENTED_EDGE('',*,*,#7022,.F.);
#3704=ORIENTED_EDGE('',*,*,#6987,.F.);
#3705=ORIENTED_EDGE('',*,*,#7023,.F.);
#3706=CARTESIAN_POINT('',(10.5,-1.184,-0.254));
#3707=DIRECTION('',(0.0,0.0,1.0));
#3708=DIRECTION('',(1.0,0.0,0.0));
#3709=SURFACE_STYLE_FILL_AREA(#7024);
#3710=ORIENTED_EDGE('',*,*,#7019,.F.);
#3711=ORIENTED_EDGE('',*,*,#7025,.T.);
#3712=ORIENTED_EDGE('',*,*,#7015,.F.);
#3713=ORIENTED_EDGE('',*,*,#6988,.F.);
#3714=ORIENTED_EDGE('',*,*,#7022,.T.);
#3715=ORIENTED_EDGE('',*,*,#6984,.F.);
#3716=CARTESIAN_POINT('',(10.5,-1.684,-8.88178419700125E-16));
#3717=DIRECTION('',(0.0,1.0,0.0));
#3718=DIRECTION('',(0.0,0.0,1.0));
#3719=SURFACE_STYLE_FILL_AREA(#7026);
#3720=ORIENTED_EDGE('',*,*,#7018,.F.);
#3721=ORIENTED_EDGE('',*,*,#7027,.F.);
#3722=ORIENTED_EDGE('',*,*,#7016,.F.);
#3723=ORIENTED_EDGE('',*,*,#7025,.F.);
#3724=CARTESIAN_POINT('',(10.5,-1.184,0.253999999999999));
#3725=DIRECTION('',(0.0,0.0,1.0));
#3726=DIRECTION('',(1.0,0.0,0.0));
#3727=SURFACE_STYLE_FILL_AREA(#7028);
#3728=ORIENTED_EDGE('',*,*,#7023,.T.);
#3729=ORIENTED_EDGE('',*,*,#6986,.T.);
#3730=CARTESIAN_POINT('',(10.5,-1.1,0.0));
#3731=DIRECTION('',(-0.0,1.0,0.0));
#3732=DIRECTION('',(1.0,0.0,0.0));
#3733=SURFACE_STYLE_FILL_AREA(#7029);
#3734=ORIENTED_EDGE('',*,*,#7027,.T.);
#3735=ORIENTED_EDGE('',*,*,#7017,.T.);
#3736=CARTESIAN_POINT('',(10.5,-1.1,0.0));
#3737=DIRECTION('',(-0.0,1.0,0.0));
#3738=DIRECTION('',(1.0,0.0,0.0));
#3739=SURFACE_STYLE_FILL_AREA(#7030);
#3740=ORIENTED_EDGE('',*,*,#6972,.T.);
#3741=ORIENTED_EDGE('',*,*,#7031,.T.);
#3742=ORIENTED_EDGE('',*,*,#7032,.T.);
#3743=ORIENTED_EDGE('',*,*,#7033,.F.);
#3744=ORIENTED_EDGE('',*,*,#7034,.T.);
#3745=ORIENTED_EDGE('',*,*,#7035,.T.);
#3746=ORIENTED_EDGE('',*,*,#6974,.T.);
#3747=ORIENTED_EDGE('',*,*,#7036,.F.);
#3748=CARTESIAN_POINT('',(7.0,-1.55,0.0));
#3749=DIRECTION('',(-0.0,1.0,0.0));
#3750=DIRECTION('',(1.0,0.0,0.0));
#3751=SURFACE_STYLE_FILL_AREA(#7037);
#3752=ORIENTED_EDGE('',*,*,#6976,.F.);
#3753=ORIENTED_EDGE('',*,*,#7038,.F.);
#3754=ORIENTED_EDGE('',*,*,#6978,.F.);
#3755=ORIENTED_EDGE('',*,*,#7039,.F.);
#3756=CARTESIAN_POINT('',(7.0,-1.184,-0.254));
#3757=DIRECTION('',(0.0,0.0,1.0));
#3758=DIRECTION('',(1.0,0.0,0.0));
#3759=SURFACE_STYLE_FILL_AREA(#7040);
#3760=ORIENTED_EDGE('',*,*,#7035,.F.);
#3761=ORIENTED_EDGE('',*,*,#7041,.T.);
#3762=ORIENTED_EDGE('',*,*,#7031,.F.);
#3763=ORIENTED_EDGE('',*,*,#6979,.F.);
#3764=ORIENTED_EDGE('',*,*,#7038,.T.);
#3765=ORIENTED_EDGE('',*,*,#6975,.F.);
#3766=CARTESIAN_POINT('',(7.0,-1.684,-8.88178419700125E-16));
#3767=DIRECTION('',(0.0,1.0,0.0));
#3768=DIRECTION('',(0.0,0.0,1.0));
#3769=SURFACE_STYLE_FILL_AREA(#7042);
#3770=ORIENTED_EDGE('',*,*,#7034,.F.);
#3771=ORIENTED_EDGE('',*,*,#7043,.F.);
#3772=ORIENTED_EDGE('',*,*,#7032,.F.);
#3773=ORIENTED_EDGE('',*,*,#7041,.F.);
#3774=CARTESIAN_POINT('',(7.0,-1.184,0.253999999999999));
#3775=DIRECTION('',(0.0,0.0,1.0));
#3776=DIRECTION('',(1.0,0.0,0.0));
#3777=SURFACE_STYLE_FILL_AREA(#7044);
#3778=ORIENTED_EDGE('',*,*,#7039,.T.);
#3779=ORIENTED_EDGE('',*,*,#6977,.T.);
#3780=CARTESIAN_POINT('',(7.0,-1.1,0.0));
#3781=DIRECTION('',(-0.0,1.0,0.0));
#3782=DIRECTION('',(1.0,0.0,0.0));
#3783=SURFACE_STYLE_FILL_AREA(#7045);
#3784=ORIENTED_EDGE('',*,*,#7043,.T.);
#3785=ORIENTED_EDGE('',*,*,#7033,.T.);
#3786=CARTESIAN_POINT('',(7.0,-1.1,0.0));
#3787=DIRECTION('',(-0.0,1.0,0.0));
#3788=DIRECTION('',(1.0,0.0,0.0));
#3789=SURFACE_STYLE_FILL_AREA(#7046);
#3790=ORIENTED_EDGE('',*,*,#6963,.T.);
#3791=ORIENTED_EDGE('',*,*,#7047,.T.);
#3792=ORIENTED_EDGE('',*,*,#7048,.T.);
#3793=ORIENTED_EDGE('',*,*,#7049,.F.);
#3794=ORIENTED_EDGE('',*,*,#7050,.T.);
#3795=ORIENTED_EDGE('',*,*,#7051,.T.);
#3796=ORIENTED_EDGE('',*,*,#6965,.T.);
#3797=ORIENTED_EDGE('',*,*,#7052,.F.);
#3798=CARTESIAN_POINT('',(3.5,-1.55,0.0));
#3799=DIRECTION('',(-0.0,1.0,0.0));
#3800=DIRECTION('',(1.0,0.0,0.0));
#3801=SURFACE_STYLE_FILL_AREA(#7053);
#3802=ORIENTED_EDGE('',*,*,#6967,.F.);
#3803=ORIENTED_EDGE('',*,*,#7054,.F.);
#3804=ORIENTED_EDGE('',*,*,#6969,.F.);
#3805=ORIENTED_EDGE('',*,*,#7055,.F.);
#3806=CARTESIAN_POINT('',(3.5,-1.184,-0.254));
#3807=DIRECTION('',(0.0,0.0,1.0));
#3808=DIRECTION('',(1.0,0.0,0.0));
#3809=SURFACE_STYLE_FILL_AREA(#7056);
#3810=ORIENTED_EDGE('',*,*,#7051,.F.);
#3811=ORIENTED_EDGE('',*,*,#7057,.T.);
#3812=ORIENTED_EDGE('',*,*,#7047,.F.);
#3813=ORIENTED_EDGE('',*,*,#6970,.F.);
#3814=ORIENTED_EDGE('',*,*,#7054,.T.);
#3815=ORIENTED_EDGE('',*,*,#6966,.F.);
#3816=CARTESIAN_POINT('',(3.5,-1.684,-8.88178419700125E-16));
#3817=DIRECTION('',(0.0,1.0,0.0));
#3818=DIRECTION('',(0.0,0.0,1.0));
#3819=SURFACE_STYLE_FILL_AREA(#7058);
#3820=ORIENTED_EDGE('',*,*,#7050,.F.);
#3821=ORIENTED_EDGE('',*,*,#7059,.F.);
#3822=ORIENTED_EDGE('',*,*,#7048,.F.);
#3823=ORIENTED_EDGE('',*,*,#7057,.F.);
#3824=CARTESIAN_POINT('',(3.5,-1.184,0.253999999999999));
#3825=DIRECTION('',(0.0,0.0,1.0));
#3826=DIRECTION('',(1.0,0.0,0.0));
#3827=SURFACE_STYLE_FILL_AREA(#7060);
#3828=ORIENTED_EDGE('',*,*,#7055,.T.);
#3829=ORIENTED_EDGE('',*,*,#6968,.T.);
#3830=CARTESIAN_POINT('',(3.5,-1.1,0.0));
#3831=DIRECTION('',(-0.0,1.0,0.0));
#3832=DIRECTION('',(1.0,0.0,0.0));
#3833=SURFACE_STYLE_FILL_AREA(#7061);
#3834=ORIENTED_EDGE('',*,*,#7059,.T.);
#3835=ORIENTED_EDGE('',*,*,#7049,.T.);
#3836=CARTESIAN_POINT('',(3.5,-1.1,0.0));
#3837=DIRECTION('',(-0.0,1.0,0.0));
#3838=DIRECTION('',(1.0,0.0,0.0));
#3839=SURFACE_STYLE_FILL_AREA(#7062);
#3840=ORIENTED_EDGE('',*,*,#6954,.T.);
#3841=ORIENTED_EDGE('',*,*,#7063,.T.);
#3842=ORIENTED_EDGE('',*,*,#7064,.T.);
#3843=ORIENTED_EDGE('',*,*,#7065,.F.);
#3844=ORIENTED_EDGE('',*,*,#7066,.T.);
#3845=ORIENTED_EDGE('',*,*,#7067,.T.);
#3846=ORIENTED_EDGE('',*,*,#6956,.T.);
#3847=ORIENTED_EDGE('',*,*,#7068,.F.);
#3848=CARTESIAN_POINT('',(0.0,-1.55,0.0));
#3849=DIRECTION('',(-0.0,1.0,0.0));
#3850=DIRECTION('',(1.0,0.0,0.0));
#3851=SURFACE_STYLE_FILL_AREA(#7069);
#3852=ORIENTED_EDGE('',*,*,#6958,.F.);
#3853=ORIENTED_EDGE('',*,*,#7070,.F.);
#3854=ORIENTED_EDGE('',*,*,#6960,.F.);
#3855=ORIENTED_EDGE('',*,*,#7071,.F.);
#3856=CARTESIAN_POINT('',(0.0,-1.184,-0.254));
#3857=DIRECTION('',(0.0,0.0,1.0));
#3858=DIRECTION('',(1.0,0.0,0.0));
#3859=SURFACE_STYLE_FILL_AREA(#7072);
#3860=ORIENTED_EDGE('',*,*,#7067,.F.);
#3861=ORIENTED_EDGE('',*,*,#7073,.T.);
#3862=ORIENTED_EDGE('',*,*,#7063,.F.);
#3863=ORIENTED_EDGE('',*,*,#6961,.F.);
#3864=ORIENTED_EDGE('',*,*,#7070,.T.);
#3865=ORIENTED_EDGE('',*,*,#6957,.F.);
#3866=CARTESIAN_POINT('',(0.0,-1.684,-8.88178419700125E-16));
#3867=DIRECTION('',(0.0,1.0,0.0));
#3868=DIRECTION('',(0.0,0.0,1.0));
#3869=SURFACE_STYLE_FILL_AREA(#7074);
#3870=ORIENTED_EDGE('',*,*,#7066,.F.);
#3871=ORIENTED_EDGE('',*,*,#7075,.F.);
#3872=ORIENTED_EDGE('',*,*,#7064,.F.);
#3873=ORIENTED_EDGE('',*,*,#7073,.F.);
#3874=CARTESIAN_POINT('',(0.0,-1.184,0.253999999999999));
#3875=DIRECTION('',(0.0,0.0,1.0));
#3876=DIRECTION('',(1.0,0.0,0.0));
#3877=SURFACE_STYLE_FILL_AREA(#7076);
#3878=ORIENTED_EDGE('',*,*,#7071,.T.);
#3879=ORIENTED_EDGE('',*,*,#6959,.T.);
#3880=CARTESIAN_POINT('',(0.0,-1.1,0.0));
#3881=DIRECTION('',(-0.0,1.0,0.0));
#3882=DIRECTION('',(1.0,0.0,0.0));
#3883=SURFACE_STYLE_FILL_AREA(#7077);
#3884=ORIENTED_EDGE('',*,*,#7075,.T.);
#3885=ORIENTED_EDGE('',*,*,#7065,.T.);
#3886=CARTESIAN_POINT('',(0.0,-1.1,0.0));
#3887=DIRECTION('',(-0.0,1.0,0.0));
#3888=DIRECTION('',(1.0,0.0,0.0));
#3889=SURFACE_STYLE_FILL_AREA(#7078);
#3890=ORIENTED_EDGE('',*,*,#6950,.T.);
#3891=ORIENTED_EDGE('',*,*,#7079,.F.);
#3892=ORIENTED_EDGE('',*,*,#6951,.T.);
#3893=ORIENTED_EDGE('',*,*,#7080,.T.);
#3894=CARTESIAN_POINT('',(14.0,-1.016,0.0));
#3895=DIRECTION('',(-0.0,1.0,0.0));
#3896=DIRECTION('',(1.0,0.0,0.0));
#3897=SURFACE_STYLE_FILL_AREA(#7081);
#3898=ORIENTED_EDGE('',*,*,#6945,.T.);
#3899=ORIENTED_EDGE('',*,*,#7080,.F.);
#3900=ORIENTED_EDGE('',*,*,#6947,.T.);
#3901=ORIENTED_EDGE('',*,*,#7082,.F.);
#3902=CARTESIAN_POINT('',(14.0,-0.126999999999995,0.0));
#3903=DIRECTION('',(-0.0,1.0,-0.0));
#3904=DIRECTION('',(1.0,0.0,0.0));
#3905=SURFACE_STYLE_FILL_AREA(#7083);
#3906=ORIENTED_EDGE('',*,*,#6991,.T.);
#3907=ORIENTED_EDGE('',*,*,#7004,.T.);
#3908=ORIENTED_EDGE('',*,*,#6952,.T.);
#3909=ORIENTED_EDGE('',*,*,#7079,.T.);
#3910=CARTESIAN_POINT('',(14.6985,-1.77800000000001,0.0));
#3911=DIRECTION('',(-0.0,-1.0,-0.0));
#3912=DIRECTION('',(-1.0,0.0,0.0));
#3913=SURFACE_STYLE_FILL_AREA(#7084);
#3914=ORIENTED_EDGE('',*,*,#6941,.T.);
#3915=ORIENTED_EDGE('',*,*,#7085,.F.);
#3916=ORIENTED_EDGE('',*,*,#6942,.T.);
#3917=ORIENTED_EDGE('',*,*,#7086,.T.);
#3918=CARTESIAN_POINT('',(10.5,-1.016,0.0));
#3919=DIRECTION('',(-0.0,1.0,0.0));
#3920=DIRECTION('',(1.0,0.0,0.0));
#3921=SURFACE_STYLE_FILL_AREA(#7087);
#3922=ORIENTED_EDGE('',*,*,#6936,.T.);
#3923=ORIENTED_EDGE('',*,*,#7086,.F.);
#3924=ORIENTED_EDGE('',*,*,#6938,.T.);
#3925=ORIENTED_EDGE('',*,*,#7088,.F.);
#3926=CARTESIAN_POINT('',(10.5,-0.126999999999995,0.0));
#3927=DIRECTION('',(-0.0,1.0,-0.0));
#3928=DIRECTION('',(1.0,0.0,0.0));
#3929=SURFACE_STYLE_FILL_AREA(#7089);
#3930=ORIENTED_EDGE('',*,*,#6982,.T.);
#3931=ORIENTED_EDGE('',*,*,#7020,.T.);
#3932=ORIENTED_EDGE('',*,*,#6943,.T.);
#3933=ORIENTED_EDGE('',*,*,#7085,.T.);
#3934=CARTESIAN_POINT('',(11.1985,-1.77800000000001,0.0));
#3935=DIRECTION('',(-0.0,-1.0,-0.0));
#3936=DIRECTION('',(-1.0,0.0,0.0));
#3937=SURFACE_STYLE_FILL_AREA(#7090);
#3938=ORIENTED_EDGE('',*,*,#6932,.T.);
#3939=ORIENTED_EDGE('',*,*,#7091,.F.);
#3940=ORIENTED_EDGE('',*,*,#6933,.T.);
#3941=ORIENTED_EDGE('',*,*,#7092,.T.);
#3942=CARTESIAN_POINT('',(7.0,-1.016,0.0));
#3943=DIRECTION('',(-0.0,1.0,0.0));
#3944=DIRECTION('',(1.0,0.0,0.0));
#3945=SURFACE_STYLE_FILL_AREA(#7093);
#3946=ORIENTED_EDGE('',*,*,#6927,.T.);
#3947=ORIENTED_EDGE('',*,*,#7092,.F.);
#3948=ORIENTED_EDGE('',*,*,#6929,.T.);
#3949=ORIENTED_EDGE('',*,*,#7094,.F.);
#3950=CARTESIAN_POINT('',(7.0,-0.126999999999995,0.0));
#3951=DIRECTION('',(-0.0,1.0,-0.0));
#3952=DIRECTION('',(1.0,0.0,0.0));
#3953=SURFACE_STYLE_FILL_AREA(#7095);
#3954=ORIENTED_EDGE('',*,*,#6973,.T.);
#3955=ORIENTED_EDGE('',*,*,#7036,.T.);
#3956=ORIENTED_EDGE('',*,*,#6934,.T.);
#3957=ORIENTED_EDGE('',*,*,#7091,.T.);
#3958=CARTESIAN_POINT('',(7.6985,-1.77800000000001,0.0));
#3959=DIRECTION('',(-0.0,-1.0,-0.0));
#3960=DIRECTION('',(-1.0,0.0,0.0));
#3961=SURFACE_STYLE_FILL_AREA(#7096);
#3962=ORIENTED_EDGE('',*,*,#6923,.T.);
#3963=ORIENTED_EDGE('',*,*,#7097,.F.);
#3964=ORIENTED_EDGE('',*,*,#6924,.T.);
#3965=ORIENTED_EDGE('',*,*,#7098,.T.);
#3966=CARTESIAN_POINT('',(3.5,-1.016,0.0));
#3967=DIRECTION('',(-0.0,1.0,0.0));
#3968=DIRECTION('',(1.0,0.0,0.0));
#3969=SURFACE_STYLE_FILL_AREA(#7099);
#3970=ORIENTED_EDGE('',*,*,#6918,.T.);
#3971=ORIENTED_EDGE('',*,*,#7098,.F.);
#3972=ORIENTED_EDGE('',*,*,#6920,.T.);
#3973=ORIENTED_EDGE('',*,*,#7100,.F.);
#3974=CARTESIAN_POINT('',(3.5,-0.126999999999995,0.0));
#3975=DIRECTION('',(-0.0,1.0,-0.0));
#3976=DIRECTION('',(1.0,0.0,0.0));
#3977=SURFACE_STYLE_FILL_AREA(#7101);
#3978=ORIENTED_EDGE('',*,*,#6964,.T.);
#3979=ORIENTED_EDGE('',*,*,#7052,.T.);
#3980=ORIENTED_EDGE('',*,*,#6925,.T.);
#3981=ORIENTED_EDGE('',*,*,#7097,.T.);
#3982=CARTESIAN_POINT('',(4.1985,-1.77800000000001,0.0));
#3983=DIRECTION('',(-0.0,-1.0,-0.0));
#3984=DIRECTION('',(-1.0,0.0,0.0));
#3985=SURFACE_STYLE_FILL_AREA(#7102);
#3986=ORIENTED_EDGE('',*,*,#6914,.T.);
#3987=ORIENTED_EDGE('',*,*,#7103,.F.);
#3988=ORIENTED_EDGE('',*,*,#6915,.T.);
#3989=ORIENTED_EDGE('',*,*,#7104,.T.);
#3990=CARTESIAN_POINT('',(0.0,-1.016,0.0));
#3991=DIRECTION('',(-0.0,1.0,0.0));
#3992=DIRECTION('',(1.0,0.0,0.0));
#3993=SURFACE_STYLE_FILL_AREA(#7105);
#3994=ORIENTED_EDGE('',*,*,#6909,.T.);
#3995=ORIENTED_EDGE('',*,*,#7104,.F.);
#3996=ORIENTED_EDGE('',*,*,#6911,.T.);
#3997=ORIENTED_EDGE('',*,*,#7106,.F.);
#3998=CARTESIAN_POINT('',(0.0,-0.126999999999995,0.0));
#3999=DIRECTION('',(-0.0,1.0,-0.0));
#4000=DIRECTION('',(1.0,0.0,0.0));
#4001=SURFACE_STYLE_FILL_AREA(#7107);
#4002=ORIENTED_EDGE('',*,*,#6955,.T.);
#4003=ORIENTED_EDGE('',*,*,#7068,.T.);
#4004=ORIENTED_EDGE('',*,*,#6916,.T.);
#4005=ORIENTED_EDGE('',*,*,#7103,.T.);
#4006=CARTESIAN_POINT('',(0.698499999999997,-1.77800000000001,0.0));
#4007=DIRECTION('',(-0.0,-1.0,-0.0));
#4008=DIRECTION('',(-1.0,0.0,0.0));
#4009=SURFACE_STYLE_FILL_AREA(#7108);
#4010=ORIENTED_EDGE('',*,*,#6905,.T.);
#4011=ORIENTED_EDGE('',*,*,#7109,.F.);
#4012=ORIENTED_EDGE('',*,*,#6906,.T.);
#4013=ORIENTED_EDGE('',*,*,#7110,.T.);
#4014=CARTESIAN_POINT('',(14.0,-18.9,0.0));
#4015=DIRECTION('',(0.0,-1.0,-0.0));
#4016=DIRECTION('',(1.0,0.0,0.0));
#4017=SURFACE_STYLE_FILL_AREA(#7111);
#4018=ORIENTED_EDGE('',*,*,#6900,.T.);
#4019=ORIENTED_EDGE('',*,*,#7110,.F.);
#4020=ORIENTED_EDGE('',*,*,#6902,.T.);
#4021=ORIENTED_EDGE('',*,*,#7112,.T.);
#4022=CARTESIAN_POINT('',(14.0,-15.6,0.0));
#4023=DIRECTION('',(-0.0,1.0,0.0));
#4024=DIRECTION('',(1.0,0.0,0.0));
#4025=SURFACE_STYLE_FILL_AREA(#7113);
#4026=ORIENTED_EDGE('',*,*,#6901,.F.);
#4027=ORIENTED_EDGE('',*,*,#7112,.F.);
#4028=CARTESIAN_POINT('',(14.3,-12.5,0.0));
#4029=DIRECTION('',(-0.0,1.0,0.0));
#4030=DIRECTION('',(1.0,0.0,0.0));
#4031=SURFACE_STYLE_FILL_AREA(#7114);
#4032=ORIENTED_EDGE('',*,*,#6896,.T.);
#4033=ORIENTED_EDGE('',*,*,#7115,.F.);
#4034=ORIENTED_EDGE('',*,*,#6897,.T.);
#4035=ORIENTED_EDGE('',*,*,#7116,.T.);
#4036=CARTESIAN_POINT('',(10.5,-18.9,0.0));
#4037=DIRECTION('',(0.0,-1.0,-0.0));
#4038=DIRECTION('',(1.0,0.0,0.0));
#4039=SURFACE_STYLE_FILL_AREA(#7117);
#4040=ORIENTED_EDGE('',*,*,#6891,.T.);
#4041=ORIENTED_EDGE('',*,*,#7116,.F.);
#4042=ORIENTED_EDGE('',*,*,#6893,.T.);
#4043=ORIENTED_EDGE('',*,*,#7118,.T.);
#4044=CARTESIAN_POINT('',(10.5,-15.6,0.0));
#4045=DIRECTION('',(-0.0,1.0,0.0));
#4046=DIRECTION('',(1.0,0.0,0.0));
#4047=SURFACE_STYLE_FILL_AREA(#7119);
#4048=ORIENTED_EDGE('',*,*,#6892,.F.);
#4049=ORIENTED_EDGE('',*,*,#7118,.F.);
#4050=CARTESIAN_POINT('',(10.8,-12.5,0.0));
#4051=DIRECTION('',(-0.0,1.0,0.0));
#4052=DIRECTION('',(1.0,0.0,0.0));
#4053=SURFACE_STYLE_FILL_AREA(#7120);
#4054=ORIENTED_EDGE('',*,*,#6887,.T.);
#4055=ORIENTED_EDGE('',*,*,#7121,.F.);
#4056=ORIENTED_EDGE('',*,*,#6888,.T.);
#4057=ORIENTED_EDGE('',*,*,#7122,.T.);
#4058=CARTESIAN_POINT('',(7.0,-18.9,0.0));
#4059=DIRECTION('',(0.0,-1.0,-0.0));
#4060=DIRECTION('',(1.0,0.0,0.0));
#4061=SURFACE_STYLE_FILL_AREA(#7123);
#4062=ORIENTED_EDGE('',*,*,#6882,.T.);
#4063=ORIENTED_EDGE('',*,*,#7122,.F.);
#4064=ORIENTED_EDGE('',*,*,#6884,.T.);
#4065=ORIENTED_EDGE('',*,*,#7124,.T.);
#4066=CARTESIAN_POINT('',(7.0,-15.6,0.0));
#4067=DIRECTION('',(-0.0,1.0,0.0));
#4068=DIRECTION('',(1.0,0.0,0.0));
#4069=SURFACE_STYLE_FILL_AREA(#7125);
#4070=ORIENTED_EDGE('',*,*,#6883,.F.);
#4071=ORIENTED_EDGE('',*,*,#7124,.F.);
#4072=CARTESIAN_POINT('',(7.3,-12.5,0.0));
#4073=DIRECTION('',(-0.0,1.0,0.0));
#4074=DIRECTION('',(1.0,0.0,0.0));
#4075=SURFACE_STYLE_FILL_AREA(#7126);
#4076=ORIENTED_EDGE('',*,*,#6878,.T.);
#4077=ORIENTED_EDGE('',*,*,#7127,.F.);
#4078=ORIENTED_EDGE('',*,*,#6879,.T.);
#4079=ORIENTED_EDGE('',*,*,#7128,.T.);
#4080=CARTESIAN_POINT('',(3.5,-18.9,0.0));
#4081=DIRECTION('',(0.0,-1.0,-0.0));
#4082=DIRECTION('',(1.0,0.0,0.0));
#4083=SURFACE_STYLE_FILL_AREA(#7129);
#4084=ORIENTED_EDGE('',*,*,#6873,.T.);
#4085=ORIENTED_EDGE('',*,*,#7128,.F.);
#4086=ORIENTED_EDGE('',*,*,#6875,.T.);
#4087=ORIENTED_EDGE('',*,*,#7130,.T.);
#4088=CARTESIAN_POINT('',(3.5,-15.6,0.0));
#4089=DIRECTION('',(-0.0,1.0,0.0));
#4090=DIRECTION('',(1.0,0.0,0.0));
#4091=SURFACE_STYLE_FILL_AREA(#7131);
#4092=ORIENTED_EDGE('',*,*,#6874,.F.);
#4093=ORIENTED_EDGE('',*,*,#7130,.F.);
#4094=CARTESIAN_POINT('',(3.8,-12.5,0.0));
#4095=DIRECTION('',(-0.0,1.0,0.0));
#4096=DIRECTION('',(1.0,0.0,0.0));
#4097=SURFACE_STYLE_FILL_AREA(#7132);
#4098=ORIENTED_EDGE('',*,*,#6869,.T.);
#4099=ORIENTED_EDGE('',*,*,#7133,.F.);
#4100=ORIENTED_EDGE('',*,*,#6870,.T.);
#4101=ORIENTED_EDGE('',*,*,#7134,.T.);
#4102=CARTESIAN_POINT('',(0.0,-18.9,0.0));
#4103=DIRECTION('',(0.0,-1.0,-0.0));
#4104=DIRECTION('',(1.0,0.0,0.0));
#4105=SURFACE_STYLE_FILL_AREA(#7135);
#4106=ORIENTED_EDGE('',*,*,#6864,.T.);
#4107=ORIENTED_EDGE('',*,*,#7134,.F.);
#4108=ORIENTED_EDGE('',*,*,#6866,.T.);
#4109=ORIENTED_EDGE('',*,*,#7136,.T.);
#4110=CARTESIAN_POINT('',(0.0,-15.6,0.0));
#4111=DIRECTION('',(-0.0,1.0,0.0));
#4112=DIRECTION('',(1.0,0.0,0.0));
#4113=SURFACE_STYLE_FILL_AREA(#7137);
#4114=ORIENTED_EDGE('',*,*,#6865,.F.);
#4115=ORIENTED_EDGE('',*,*,#7136,.F.);
#4116=CARTESIAN_POINT('',(0.3,-12.5,0.0));
#4117=DIRECTION('',(-0.0,1.0,0.0));
#4118=DIRECTION('',(1.0,0.0,0.0));
#4119=SURFACE_STYLE_FILL_AREA(#7138);
#4120=ORIENTED_EDGE('',*,*,#7139,.F.);
#4121=ORIENTED_EDGE('',*,*,#7140,.T.);
#4122=ORIENTED_EDGE('',*,*,#7141,.T.);
#4123=ORIENTED_EDGE('',*,*,#7142,.F.);
#4124=CARTESIAN_POINT('',(12.55,-12.3,-2.30926389122033E-14));
#4125=DIRECTION('',(-1.0,-6.63234669974091E-33,-1.4150238487891E-17));
#4126=DIRECTION('',(1.4150238487891E-17,6.12323399573676E-17,-1.0));
#4127=SURFACE_STYLE_FILL_AREA(#7143);
#4128=ORIENTED_EDGE('',*,*,#7144,.F.);
#4129=ORIENTED_EDGE('',*,*,#7145,.T.);
#4130=ORIENTED_EDGE('',*,*,#7146,.T.);
#4131=ORIENTED_EDGE('',*,*,#7140,.F.);
#4132=ORIENTED_EDGE('',*,*,#7147,.T.);
#4133=ORIENTED_EDGE('',*,*,#7148,.T.);
#4134=ORIENTED_EDGE('',*,*,#7149,.T.);
#4135=ORIENTED_EDGE('',*,*,#7150,.T.);
#4136=CARTESIAN_POINT('',(14.0,-12.3,-2.05));
#4137=DIRECTION('',(1.94173751768485E-14,6.12323399573676E-17,-1.0));
#4138=DIRECTION('',(1.0,-1.18147251899523E-30,1.94173751768485E-14));
#4139=SURFACE_STYLE_FILL_AREA(#7151);
#4140=ORIENTED_EDGE('',*,*,#7152,.F.);
#4141=ORIENTED_EDGE('',*,*,#7153,.T.);
#4142=ORIENTED_EDGE('',*,*,#7154,.T.);
#4143=ORIENTED_EDGE('',*,*,#7145,.F.);
#4144=CARTESIAN_POINT('',(15.45,-12.3,4.44089209850063E-15));
#4145=DIRECTION('',(1.0,3.3161733498705E-33,6.83074592013124E-17));
#4146=DIRECTION('',(-6.83074592013124E-17,-6.12323399573676E-17,1.0));
#4147=SURFACE_STYLE_FILL_AREA(#7155);
#4148=ORIENTED_EDGE('',*,*,#7148,.F.);
#4149=ORIENTED_EDGE('',*,*,#7156,.T.);
#4150=ORIENTED_EDGE('',*,*,#7157,.T.);
#4151=ORIENTED_EDGE('',*,*,#7158,.T.);
#4152=ORIENTED_EDGE('',*,*,#7159,.F.);
#4153=ORIENTED_EDGE('',*,*,#7160,.T.);
#4154=ORIENTED_EDGE('',*,*,#7161,.T.);
#4155=ORIENTED_EDGE('',*,*,#7162,.T.);
#4156=CARTESIAN_POINT('',(13.9999818905,-16.8,-2.64757509861275));
#4157=DIRECTION('',(7.49879891330929E-33,-1.0,-6.12323399573676E-17));
#4158=DIRECTION('',(-1.0,0.0,-1.22464679914735E-16));
#4159=SURFACE_STYLE_FILL_AREA(#7163);
#4160=ORIENTED_EDGE('',*,*,#7147,.F.);
#4161=ORIENTED_EDGE('',*,*,#7164,.T.);
#4162=ORIENTED_EDGE('',*,*,#7165,.F.);
#4163=ORIENTED_EDGE('',*,*,#7156,.F.);
#4164=CARTESIAN_POINT('',(14.2499430555555,-16.8,-2.11063148148148));
#4165=DIRECTION('',(1.0,0.0,1.22464679914735E-16));
#4166=DIRECTION('',(-1.22464679914735E-16,-6.12323399573676E-17,1.0));
#4167=SURFACE_STYLE_FILL_AREA(#7166);
#4168=ORIENTED_EDGE('',*,*,#7167,.T.);
#4169=ORIENTED_EDGE('',*,*,#7168,.F.);
#4170=ORIENTED_EDGE('',*,*,#7157,.F.);
#4171=ORIENTED_EDGE('',*,*,#7165,.T.);
#4172=CARTESIAN_POINT('',(14.3249671296296,-16.8,-2.46063333333334));
#4173=DIRECTION('',(0.765903356636042,-3.93696827680582E-17,0.64295571254453));
#4174=DIRECTION('',(-0.64295571254453,-4.68980547080271E-17,0.765903356636042));
#4175=SURFACE_STYLE_FILL_AREA(#7169);
#4176=ORIENTED_EDGE('',*,*,#7170,.T.);
#4177=ORIENTED_EDGE('',*,*,#7171,.F.);
#4178=ORIENTED_EDGE('',*,*,#7158,.F.);
#4179=ORIENTED_EDGE('',*,*,#7168,.T.);
#4180=CARTESIAN_POINT('',(14.3999912037037,-16.8,-2.95000185185185));
#4181=DIRECTION('',(1.0,0.0,1.22464679914735E-16));
#4182=DIRECTION('',(-1.22464679914735E-16,-6.12323399573676E-17,1.0));
#4183=SURFACE_STYLE_FILL_AREA(#7172);
#4184=ORIENTED_EDGE('',*,*,#7173,.T.);
#4185=ORIENTED_EDGE('',*,*,#7174,.F.);
#4186=ORIENTED_EDGE('',*,*,#7159,.T.);
#4187=ORIENTED_EDGE('',*,*,#7171,.T.);
#4188=CARTESIAN_POINT('',(14.0,-16.8,-3.35));
#4189=DIRECTION('',(1.22464679914735E-16,6.12323399573676E-17,-1.0));
#4190=DIRECTION('',(1.0,0.0,1.22464679914735E-16));
#4191=SURFACE_STYLE_FILL_AREA(#7175);
#4192=ORIENTED_EDGE('',*,*,#7176,.T.);
#4193=ORIENTED_EDGE('',*,*,#7177,.F.);
#4194=ORIENTED_EDGE('',*,*,#7160,.F.);
#4195=ORIENTED_EDGE('',*,*,#7174,.T.);
#4196=CARTESIAN_POINT('',(13.6000087962963,-16.8,-2.95000185185185));
#4197=DIRECTION('',(-1.0,0.0,-1.22464679914735E-16));
#4198=DIRECTION('',(1.22464679914735E-16,6.12323399573676E-17,-1.0));
#4199=SURFACE_STYLE_FILL_AREA(#7178);
#4200=ORIENTED_EDGE('',*,*,#7179,.T.);
#4201=ORIENTED_EDGE('',*,*,#7180,.F.);
#4202=ORIENTED_EDGE('',*,*,#7161,.F.);
#4203=ORIENTED_EDGE('',*,*,#7177,.T.);
#4204=CARTESIAN_POINT('',(13.6749740740741,-16.8,-2.46063333333334));
#4205=DIRECTION('',(-0.766151513468188,-3.93515747780937E-17,0.642659986626214));
#4206=DIRECTION('',(-0.642659986626214,4.69132499315358E-17,-0.766151513468188));
#4207=SURFACE_STYLE_FILL_AREA(#7181);
#4208=ORIENTED_EDGE('',*,*,#7149,.F.);
#4209=ORIENTED_EDGE('',*,*,#7162,.F.);
#4210=ORIENTED_EDGE('',*,*,#7180,.T.);
#4211=ORIENTED_EDGE('',*,*,#7182,.T.);
#4212=CARTESIAN_POINT('',(13.7499393518518,-16.8,-2.11063148148148));
#4213=DIRECTION('',(-1.0,0.0,-1.22464679914735E-16));
#4214=DIRECTION('',(1.22464679914735E-16,6.12323399573676E-17,-1.0));
#4215=SURFACE_STYLE_FILL_AREA(#7183);
#4216=ORIENTED_EDGE('',*,*,#7150,.F.);
#4217=ORIENTED_EDGE('',*,*,#7182,.F.);
#4218=ORIENTED_EDGE('',*,*,#7179,.F.);
#4219=ORIENTED_EDGE('',*,*,#7176,.F.);
#4220=ORIENTED_EDGE('',*,*,#7173,.F.);
#4221=ORIENTED_EDGE('',*,*,#7170,.F.);
#4222=ORIENTED_EDGE('',*,*,#7167,.F.);
#4223=ORIENTED_EDGE('',*,*,#7164,.F.);
#4224=CARTESIAN_POINT('',(13.9999818905,-18.8,-2.64757509861275));
#4225=DIRECTION('',(7.49879891330929E-33,-1.0,-6.12323399573676E-17));
#4226=DIRECTION('',(-1.0,0.0,-1.22464679914735E-16));
#4227=SURFACE_STYLE_FILL_AREA(#7184);
#4228=ORIENTED_EDGE('',*,*,#7185,.F.);
#4229=ORIENTED_EDGE('',*,*,#7142,.T.);
#4230=ORIENTED_EDGE('',*,*,#7186,.T.);
#4231=ORIENTED_EDGE('',*,*,#7187,.F.);
#4232=CARTESIAN_POINT('',(12.8051,-12.3,2.04999999999998));
#4233=DIRECTION('',(-1.22464679914735E-16,-6.12323399573676E-17,1.0));
#4234=DIRECTION('',(-1.0,0.0,-1.22464679914735E-16));
#4235=SURFACE_STYLE_FILL_AREA(#7188);
#4236=ORIENTED_EDGE('',*,*,#7189,.F.);
#4237=ORIENTED_EDGE('',*,*,#7187,.T.);
#4238=ORIENTED_EDGE('',*,*,#7190,.T.);
#4239=ORIENTED_EDGE('',*,*,#7191,.F.);
#4240=CARTESIAN_POINT('',(14.0,-12.3,3.66163000000002));
#4241=DIRECTION('',(7.49879891330929E-33,-1.0,-6.12323399573676E-17));
#4242=DIRECTION('',(-1.0,-1.46701707366113E-48,-1.22464679914735E-16));
#4243=SURFACE_STYLE_FILL_AREA(#7192);
#4244=ORIENTED_EDGE('',*,*,#7193,.F.);
#4245=ORIENTED_EDGE('',*,*,#7191,.T.);
#4246=ORIENTED_EDGE('',*,*,#7194,.T.);
#4247=ORIENTED_EDGE('',*,*,#7153,.F.);
#4248=CARTESIAN_POINT('',(15.1949,-12.3,2.04999999999998));
#4249=DIRECTION('',(-1.22464679914735E-16,-6.12323399573676E-17,1.0));
#4250=DIRECTION('',(-1.0,0.0,-1.22464679914735E-16));
#4251=SURFACE_STYLE_FILL_AREA(#7195);
#4252=ORIENTED_EDGE('',*,*,#6907,.T.);
#4253=ORIENTED_EDGE('',*,*,#7109,.T.);
#4254=ORIENTED_EDGE('',*,*,#7154,.F.);
#4255=ORIENTED_EDGE('',*,*,#7194,.F.);
#4256=ORIENTED_EDGE('',*,*,#7190,.F.);
#4257=ORIENTED_EDGE('',*,*,#7186,.F.);
#4258=ORIENTED_EDGE('',*,*,#7141,.F.);
#4259=ORIENTED_EDGE('',*,*,#7146,.F.);
#4260=CARTESIAN_POINT('',(14.0,-19.1,-0.00808144222009677));
#4261=DIRECTION('',(7.49879891330929E-33,-1.0,-6.12323399573676E-17));
#4262=DIRECTION('',(-1.0,0.0,-1.22464679914735E-16));
#4263=SURFACE_STYLE_FILL_AREA(#7196);
#4264=ORIENTED_EDGE('',*,*,#7197,.F.);
#4265=ORIENTED_EDGE('',*,*,#7198,.T.);
#4266=ORIENTED_EDGE('',*,*,#7199,.T.);
#4267=ORIENTED_EDGE('',*,*,#7200,.F.);
#4268=CARTESIAN_POINT('',(9.05,-12.3,-2.30926389122033E-14));
#4269=DIRECTION('',(-1.0,-6.63234669974091E-33,-1.4150238487891E-17));
#4270=DIRECTION('',(1.4150238487891E-17,6.12323399573676E-17,-1.0));
#4271=SURFACE_STYLE_FILL_AREA(#7201);
#4272=ORIENTED_EDGE('',*,*,#7202,.F.);
#4273=ORIENTED_EDGE('',*,*,#7203,.T.);
#4274=ORIENTED_EDGE('',*,*,#7204,.T.);
#4275=ORIENTED_EDGE('',*,*,#7198,.F.);
#4276=ORIENTED_EDGE('',*,*,#7205,.T.);
#4277=ORIENTED_EDGE('',*,*,#7206,.T.);
#4278=ORIENTED_EDGE('',*,*,#7207,.T.);
#4279=ORIENTED_EDGE('',*,*,#7208,.T.);
#4280=CARTESIAN_POINT('',(10.5,-12.3,-2.05));
#4281=DIRECTION('',(1.94173751768485E-14,6.12323399573676E-17,-1.0));
#4282=DIRECTION('',(1.0,-1.18147251899523E-30,1.94173751768485E-14));
#4283=SURFACE_STYLE_FILL_AREA(#7209);
#4284=ORIENTED_EDGE('',*,*,#7210,.F.);
#4285=ORIENTED_EDGE('',*,*,#7211,.T.);
#4286=ORIENTED_EDGE('',*,*,#7212,.T.);
#4287=ORIENTED_EDGE('',*,*,#7203,.F.);
#4288=CARTESIAN_POINT('',(11.95,-12.3,4.44089209850063E-15));
#4289=DIRECTION('',(1.0,3.3161733498705E-33,6.83074592013124E-17));
#4290=DIRECTION('',(-6.83074592013124E-17,-6.12323399573676E-17,1.0));
#4291=SURFACE_STYLE_FILL_AREA(#7213);
#4292=ORIENTED_EDGE('',*,*,#7206,.F.);
#4293=ORIENTED_EDGE('',*,*,#7214,.T.);
#4294=ORIENTED_EDGE('',*,*,#7215,.T.);
#4295=ORIENTED_EDGE('',*,*,#7216,.T.);
#4296=ORIENTED_EDGE('',*,*,#7217,.F.);
#4297=ORIENTED_EDGE('',*,*,#7218,.T.);
#4298=ORIENTED_EDGE('',*,*,#7219,.T.);
#4299=ORIENTED_EDGE('',*,*,#7220,.T.);
#4300=CARTESIAN_POINT('',(10.4999818905,-16.8,-2.64757509861275));
#4301=DIRECTION('',(7.49879891330929E-33,-1.0,-6.12323399573676E-17));
#4302=DIRECTION('',(-1.0,0.0,-1.22464679914735E-16));
#4303=SURFACE_STYLE_FILL_AREA(#7221);
#4304=ORIENTED_EDGE('',*,*,#7205,.F.);
#4305=ORIENTED_EDGE('',*,*,#7222,.T.);
#4306=ORIENTED_EDGE('',*,*,#7223,.F.);
#4307=ORIENTED_EDGE('',*,*,#7214,.F.);
#4308=CARTESIAN_POINT('',(10.7499430555555,-16.8,-2.11063148148148));
#4309=DIRECTION('',(1.0,0.0,1.22464679914735E-16));
#4310=DIRECTION('',(-1.22464679914735E-16,-6.12323399573676E-17,1.0));
#4311=SURFACE_STYLE_FILL_AREA(#7224);
#4312=ORIENTED_EDGE('',*,*,#7225,.T.);
#4313=ORIENTED_EDGE('',*,*,#7226,.F.);
#4314=ORIENTED_EDGE('',*,*,#7215,.F.);
#4315=ORIENTED_EDGE('',*,*,#7223,.T.);
#4316=CARTESIAN_POINT('',(10.8249671296296,-16.8,-2.46063333333334));
#4317=DIRECTION('',(0.765903356636042,-3.93696827680582E-17,0.64295571254453));
#4318=DIRECTION('',(-0.64295571254453,-4.68980547080271E-17,0.765903356636042));
#4319=SURFACE_STYLE_FILL_AREA(#7227);
#4320=ORIENTED_EDGE('',*,*,#7228,.T.);
#4321=ORIENTED_EDGE('',*,*,#7229,.F.);
#4322=ORIENTED_EDGE('',*,*,#7216,.F.);
#4323=ORIENTED_EDGE('',*,*,#7226,.T.);
#4324=CARTESIAN_POINT('',(10.8999912037037,-16.8,-2.95000185185185));
#4325=DIRECTION('',(1.0,0.0,1.22464679914735E-16));
#4326=DIRECTION('',(-1.22464679914735E-16,-6.12323399573676E-17,1.0));
#4327=SURFACE_STYLE_FILL_AREA(#7230);
#4328=ORIENTED_EDGE('',*,*,#7231,.T.);
#4329=ORIENTED_EDGE('',*,*,#7232,.F.);
#4330=ORIENTED_EDGE('',*,*,#7217,.T.);
#4331=ORIENTED_EDGE('',*,*,#7229,.T.);
#4332=CARTESIAN_POINT('',(10.5,-16.8,-3.35));
#4333=DIRECTION('',(1.22464679914735E-16,6.12323399573676E-17,-1.0));
#4334=DIRECTION('',(1.0,0.0,1.22464679914735E-16));
#4335=SURFACE_STYLE_FILL_AREA(#7233);
#4336=ORIENTED_EDGE('',*,*,#7234,.T.);
#4337=ORIENTED_EDGE('',*,*,#7235,.F.);
#4338=ORIENTED_EDGE('',*,*,#7218,.F.);
#4339=ORIENTED_EDGE('',*,*,#7232,.T.);
#4340=CARTESIAN_POINT('',(10.1000087962963,-16.8,-2.95000185185185));
#4341=DIRECTION('',(-1.0,0.0,-1.22464679914735E-16));
#4342=DIRECTION('',(1.22464679914735E-16,6.12323399573676E-17,-1.0));
#4343=SURFACE_STYLE_FILL_AREA(#7236);
#4344=ORIENTED_EDGE('',*,*,#7237,.T.);
#4345=ORIENTED_EDGE('',*,*,#7238,.F.);
#4346=ORIENTED_EDGE('',*,*,#7219,.F.);
#4347=ORIENTED_EDGE('',*,*,#7235,.T.);
#4348=CARTESIAN_POINT('',(10.1749740740741,-16.8,-2.46063333333334));
#4349=DIRECTION('',(-0.766151513468188,-3.93515747780937E-17,0.642659986626214));
#4350=DIRECTION('',(-0.642659986626214,4.69132499315358E-17,-0.766151513468188));
#4351=SURFACE_STYLE_FILL_AREA(#7239);
#4352=ORIENTED_EDGE('',*,*,#7207,.F.);
#4353=ORIENTED_EDGE('',*,*,#7220,.F.);
#4354=ORIENTED_EDGE('',*,*,#7238,.T.);
#4355=ORIENTED_EDGE('',*,*,#7240,.T.);
#4356=CARTESIAN_POINT('',(10.2499393518518,-16.8,-2.11063148148148));
#4357=DIRECTION('',(-1.0,0.0,-1.22464679914735E-16));
#4358=DIRECTION('',(1.22464679914735E-16,6.12323399573676E-17,-1.0));
#4359=SURFACE_STYLE_FILL_AREA(#7241);
#4360=ORIENTED_EDGE('',*,*,#7208,.F.);
#4361=ORIENTED_EDGE('',*,*,#7240,.F.);
#4362=ORIENTED_EDGE('',*,*,#7237,.F.);
#4363=ORIENTED_EDGE('',*,*,#7234,.F.);
#4364=ORIENTED_EDGE('',*,*,#7231,.F.);
#4365=ORIENTED_EDGE('',*,*,#7228,.F.);
#4366=ORIENTED_EDGE('',*,*,#7225,.F.);
#4367=ORIENTED_EDGE('',*,*,#7222,.F.);
#4368=CARTESIAN_POINT('',(10.4999818905,-18.8,-2.64757509861275));
#4369=DIRECTION('',(7.49879891330929E-33,-1.0,-6.12323399573676E-17));
#4370=DIRECTION('',(-1.0,0.0,-1.22464679914735E-16));
#4371=SURFACE_STYLE_FILL_AREA(#7242);
#4372=ORIENTED_EDGE('',*,*,#7243,.F.);
#4373=ORIENTED_EDGE('',*,*,#7200,.T.);
#4374=ORIENTED_EDGE('',*,*,#7244,.T.);
#4375=ORIENTED_EDGE('',*,*,#7245,.F.);
#4376=CARTESIAN_POINT('',(9.30510000000004,-12.3,2.04999999999998));
#4377=DIRECTION('',(-1.22464679914735E-16,-6.12323399573676E-17,1.0));
#4378=DIRECTION('',(-1.0,0.0,-1.22464679914735E-16));
#4379=SURFACE_STYLE_FILL_AREA(#7246);
#4380=ORIENTED_EDGE('',*,*,#7247,.F.);
#4381=ORIENTED_EDGE('',*,*,#7245,.T.);
#4382=ORIENTED_EDGE('',*,*,#7248,.T.);
#4383=ORIENTED_EDGE('',*,*,#7249,.F.);
#4384=CARTESIAN_POINT('',(10.5,-12.3,3.66163000000002));
#4385=DIRECTION('',(7.49879891330929E-33,-1.0,-6.12323399573676E-17));
#4386=DIRECTION('',(-1.0,-1.46701707366113E-48,-1.22464679914735E-16));
#4387=SURFACE_STYLE_FILL_AREA(#7250);
#4388=ORIENTED_EDGE('',*,*,#7251,.F.);
#4389=ORIENTED_EDGE('',*,*,#7249,.T.);
#4390=ORIENTED_EDGE('',*,*,#7252,.T.);
#4391=ORIENTED_EDGE('',*,*,#7211,.F.);
#4392=CARTESIAN_POINT('',(11.6949,-12.3,2.04999999999998));
#4393=DIRECTION('',(-1.22464679914735E-16,-6.12323399573676E-17,1.0));
#4394=DIRECTION('',(-1.0,0.0,-1.22464679914735E-16));
#4395=SURFACE_STYLE_FILL_AREA(#7253);
#4396=ORIENTED_EDGE('',*,*,#6898,.T.);
#4397=ORIENTED_EDGE('',*,*,#7115,.T.);
#4398=ORIENTED_EDGE('',*,*,#7212,.F.);
#4399=ORIENTED_EDGE('',*,*,#7252,.F.);
#4400=ORIENTED_EDGE('',*,*,#7248,.F.);
#4401=ORIENTED_EDGE('',*,*,#7244,.F.);
#4402=ORIENTED_EDGE('',*,*,#7199,.F.);
#4403=ORIENTED_EDGE('',*,*,#7204,.F.);
#4404=CARTESIAN_POINT('',(10.5,-19.1,-0.00808144222009677));
#4405=DIRECTION('',(7.49879891330929E-33,-1.0,-6.12323399573676E-17));
#4406=DIRECTION('',(-1.0,0.0,-1.22464679914735E-16));
#4407=SURFACE_STYLE_FILL_AREA(#7254);
#4408=ORIENTED_EDGE('',*,*,#7255,.F.);
#4409=ORIENTED_EDGE('',*,*,#7256,.T.);
#4410=ORIENTED_EDGE('',*,*,#7257,.T.);
#4411=ORIENTED_EDGE('',*,*,#7258,.F.);
#4412=CARTESIAN_POINT('',(5.55,-12.3,-2.30926389122033E-14));
#4413=DIRECTION('',(-1.0,-6.63234669974091E-33,-1.4150238487891E-17));
#4414=DIRECTION('',(1.4150238487891E-17,6.12323399573676E-17,-1.0));
#4415=SURFACE_STYLE_FILL_AREA(#7259);
#4416=ORIENTED_EDGE('',*,*,#7260,.F.);
#4417=ORIENTED_EDGE('',*,*,#7261,.T.);
#4418=ORIENTED_EDGE('',*,*,#7262,.T.);
#4419=ORIENTED_EDGE('',*,*,#7256,.F.);
#4420=ORIENTED_EDGE('',*,*,#7263,.T.);
#4421=ORIENTED_EDGE('',*,*,#7264,.T.);
#4422=ORIENTED_EDGE('',*,*,#7265,.T.);
#4423=ORIENTED_EDGE('',*,*,#7266,.T.);
#4424=CARTESIAN_POINT('',(7.0,-12.3,-2.05));
#4425=DIRECTION('',(1.94173751768485E-14,6.12323399573676E-17,-1.0));
#4426=DIRECTION('',(1.0,-1.18147251899523E-30,1.94173751768485E-14));
#4427=SURFACE_STYLE_FILL_AREA(#7267);
#4428=ORIENTED_EDGE('',*,*,#7268,.F.);
#4429=ORIENTED_EDGE('',*,*,#7269,.T.);
#4430=ORIENTED_EDGE('',*,*,#7270,.T.);
#4431=ORIENTED_EDGE('',*,*,#7261,.F.);
#4432=CARTESIAN_POINT('',(8.45,-12.3,4.44089209850063E-15));
#4433=DIRECTION('',(1.0,3.3161733498705E-33,6.83074592013124E-17));
#4434=DIRECTION('',(-6.83074592013124E-17,-6.12323399573676E-17,1.0));
#4435=SURFACE_STYLE_FILL_AREA(#7271);
#4436=ORIENTED_EDGE('',*,*,#7264,.F.);
#4437=ORIENTED_EDGE('',*,*,#7272,.T.);
#4438=ORIENTED_EDGE('',*,*,#7273,.T.);
#4439=ORIENTED_EDGE('',*,*,#7274,.T.);
#4440=ORIENTED_EDGE('',*,*,#7275,.F.);
#4441=ORIENTED_EDGE('',*,*,#7276,.T.);
#4442=ORIENTED_EDGE('',*,*,#7277,.T.);
#4443=ORIENTED_EDGE('',*,*,#7278,.T.);
#4444=CARTESIAN_POINT('',(6.99998189049995,-16.8,-2.64757509861275));
#4445=DIRECTION('',(7.49879891330929E-33,-1.0,-6.12323399573676E-17));
#4446=DIRECTION('',(-1.0,0.0,-1.22464679914735E-16));
#4447=SURFACE_STYLE_FILL_AREA(#7279);
#4448=ORIENTED_EDGE('',*,*,#7263,.F.);
#4449=ORIENTED_EDGE('',*,*,#7280,.T.);
#4450=ORIENTED_EDGE('',*,*,#7281,.F.);
#4451=ORIENTED_EDGE('',*,*,#7272,.F.);
#4452=CARTESIAN_POINT('',(7.24994305555554,-16.8,-2.11063148148148));
#4453=DIRECTION('',(1.0,0.0,1.22464679914735E-16));
#4454=DIRECTION('',(-1.22464679914735E-16,-6.12323399573676E-17,1.0));
#4455=SURFACE_STYLE_FILL_AREA(#7282);
#4456=ORIENTED_EDGE('',*,*,#7283,.T.);
#4457=ORIENTED_EDGE('',*,*,#7284,.F.);
#4458=ORIENTED_EDGE('',*,*,#7273,.F.);
#4459=ORIENTED_EDGE('',*,*,#7281,.T.);
#4460=CARTESIAN_POINT('',(7.32496712962962,-16.8,-2.46063333333334));
#4461=DIRECTION('',(0.765903356636042,-3.93696827680582E-17,0.64295571254453));
#4462=DIRECTION('',(-0.64295571254453,-4.68980547080271E-17,0.765903356636042));
#4463=SURFACE_STYLE_FILL_AREA(#7285);
#4464=ORIENTED_EDGE('',*,*,#7286,.T.);
#4465=ORIENTED_EDGE('',*,*,#7287,.F.);
#4466=ORIENTED_EDGE('',*,*,#7274,.F.);
#4467=ORIENTED_EDGE('',*,*,#7284,.T.);
#4468=CARTESIAN_POINT('',(7.39999120370371,-16.8,-2.95000185185185));
#4469=DIRECTION('',(1.0,0.0,1.22464679914735E-16));
#4470=DIRECTION('',(-1.22464679914735E-16,-6.12323399573676E-17,1.0));
#4471=SURFACE_STYLE_FILL_AREA(#7288);
#4472=ORIENTED_EDGE('',*,*,#7289,.T.);
#4473=ORIENTED_EDGE('',*,*,#7290,.F.);
#4474=ORIENTED_EDGE('',*,*,#7275,.T.);
#4475=ORIENTED_EDGE('',*,*,#7287,.T.);
#4476=CARTESIAN_POINT('',(7.0,-16.8,-3.35));
#4477=DIRECTION('',(1.22464679914735E-16,6.12323399573676E-17,-1.0));
#4478=DIRECTION('',(1.0,0.0,1.22464679914735E-16));
#4479=SURFACE_STYLE_FILL_AREA(#7291);
#4480=ORIENTED_EDGE('',*,*,#7292,.T.);
#4481=ORIENTED_EDGE('',*,*,#7293,.F.);
#4482=ORIENTED_EDGE('',*,*,#7276,.F.);
#4483=ORIENTED_EDGE('',*,*,#7290,.T.);
#4484=CARTESIAN_POINT('',(6.6000087962963,-16.8,-2.95000185185185));
#4485=DIRECTION('',(-1.0,0.0,-1.22464679914735E-16));
#4486=DIRECTION('',(1.22464679914735E-16,6.12323399573676E-17,-1.0));
#4487=SURFACE_STYLE_FILL_AREA(#7294);
#4488=ORIENTED_EDGE('',*,*,#7295,.T.);
#4489=ORIENTED_EDGE('',*,*,#7296,.F.);
#4490=ORIENTED_EDGE('',*,*,#7277,.F.);
#4491=ORIENTED_EDGE('',*,*,#7293,.T.);
#4492=CARTESIAN_POINT('',(6.67497407407407,-16.8,-2.46063333333334));
#4493=DIRECTION('',(-0.766151513468188,-3.93515747780937E-17,0.642659986626214));
#4494=DIRECTION('',(-0.642659986626214,4.69132499315358E-17,-0.766151513468188));
#4495=SURFACE_STYLE_FILL_AREA(#7297);
#4496=ORIENTED_EDGE('',*,*,#7265,.F.);
#4497=ORIENTED_EDGE('',*,*,#7278,.F.);
#4498=ORIENTED_EDGE('',*,*,#7296,.T.);
#4499=ORIENTED_EDGE('',*,*,#7298,.T.);
#4500=CARTESIAN_POINT('',(6.74993935185184,-16.8,-2.11063148148148));
#4501=DIRECTION('',(-1.0,0.0,-1.22464679914735E-16));
#4502=DIRECTION('',(1.22464679914735E-16,6.12323399573676E-17,-1.0));
#4503=SURFACE_STYLE_FILL_AREA(#7299);
#4504=ORIENTED_EDGE('',*,*,#7266,.F.);
#4505=ORIENTED_EDGE('',*,*,#7298,.F.);
#4506=ORIENTED_EDGE('',*,*,#7295,.F.);
#4507=ORIENTED_EDGE('',*,*,#7292,.F.);
#4508=ORIENTED_EDGE('',*,*,#7289,.F.);
#4509=ORIENTED_EDGE('',*,*,#7286,.F.);
#4510=ORIENTED_EDGE('',*,*,#7283,.F.);
#4511=ORIENTED_EDGE('',*,*,#7280,.F.);
#4512=CARTESIAN_POINT('',(6.99998189049995,-18.8,-2.64757509861275));
#4513=DIRECTION('',(7.49879891330929E-33,-1.0,-6.12323399573676E-17));
#4514=DIRECTION('',(-1.0,0.0,-1.22464679914735E-16));
#4515=SURFACE_STYLE_FILL_AREA(#7300);
#4516=ORIENTED_EDGE('',*,*,#7301,.F.);
#4517=ORIENTED_EDGE('',*,*,#7258,.T.);
#4518=ORIENTED_EDGE('',*,*,#7302,.T.);
#4519=ORIENTED_EDGE('',*,*,#7303,.F.);
#4520=CARTESIAN_POINT('',(5.80510000000004,-12.3,2.04999999999998));
#4521=DIRECTION('',(-1.22464679914735E-16,-6.12323399573676E-17,1.0));
#4522=DIRECTION('',(-1.0,0.0,-1.22464679914735E-16));
#4523=SURFACE_STYLE_FILL_AREA(#7304);
#4524=ORIENTED_EDGE('',*,*,#7305,.F.);
#4525=ORIENTED_EDGE('',*,*,#7303,.T.);
#4526=ORIENTED_EDGE('',*,*,#7306,.T.);
#4527=ORIENTED_EDGE('',*,*,#7307,.F.);
#4528=CARTESIAN_POINT('',(7.0,-12.3,3.66163000000002));
#4529=DIRECTION('',(7.49879891330929E-33,-1.0,-6.12323399573676E-17));
#4530=DIRECTION('',(-1.0,-1.46701707366113E-48,-1.22464679914735E-16));
#4531=SURFACE_STYLE_FILL_AREA(#7308);
#4532=ORIENTED_EDGE('',*,*,#7309,.F.);
#4533=ORIENTED_EDGE('',*,*,#7307,.T.);
#4534=ORIENTED_EDGE('',*,*,#7310,.T.);
#4535=ORIENTED_EDGE('',*,*,#7269,.F.);
#4536=CARTESIAN_POINT('',(8.19490000000001,-12.3,2.04999999999998));
#4537=DIRECTION('',(-1.22464679914735E-16,-6.12323399573676E-17,1.0));
#4538=DIRECTION('',(-1.0,0.0,-1.22464679914735E-16));
#4539=SURFACE_STYLE_FILL_AREA(#7311);
#4540=ORIENTED_EDGE('',*,*,#6889,.T.);
#4541=ORIENTED_EDGE('',*,*,#7121,.T.);
#4542=ORIENTED_EDGE('',*,*,#7270,.F.);
#4543=ORIENTED_EDGE('',*,*,#7310,.F.);
#4544=ORIENTED_EDGE('',*,*,#7306,.F.);
#4545=ORIENTED_EDGE('',*,*,#7302,.F.);
#4546=ORIENTED_EDGE('',*,*,#7257,.F.);
#4547=ORIENTED_EDGE('',*,*,#7262,.F.);
#4548=CARTESIAN_POINT('',(6.99999999999999,-19.1,-0.00808144222009677));
#4549=DIRECTION('',(7.49879891330929E-33,-1.0,-6.12323399573676E-17));
#4550=DIRECTION('',(-1.0,0.0,-1.22464679914735E-16));
#4551=SURFACE_STYLE_FILL_AREA(#7312);
#4552=ORIENTED_EDGE('',*,*,#7313,.F.);
#4553=ORIENTED_EDGE('',*,*,#7314,.T.);
#4554=ORIENTED_EDGE('',*,*,#7315,.T.);
#4555=ORIENTED_EDGE('',*,*,#7316,.F.);
#4556=CARTESIAN_POINT('',(2.05,-12.3,-2.30926389122033E-14));
#4557=DIRECTION('',(-1.0,-6.63234669974091E-33,-1.4150238487891E-17));
#4558=DIRECTION('',(1.4150238487891E-17,6.12323399573676E-17,-1.0));
#4559=SURFACE_STYLE_FILL_AREA(#7317);
#4560=ORIENTED_EDGE('',*,*,#7318,.F.);
#4561=ORIENTED_EDGE('',*,*,#7319,.T.);
#4562=ORIENTED_EDGE('',*,*,#7320,.T.);
#4563=ORIENTED_EDGE('',*,*,#7314,.F.);
#4564=ORIENTED_EDGE('',*,*,#7321,.T.);
#4565=ORIENTED_EDGE('',*,*,#7322,.T.);
#4566=ORIENTED_EDGE('',*,*,#7323,.T.);
#4567=ORIENTED_EDGE('',*,*,#7324,.T.);
#4568=CARTESIAN_POINT('',(3.5,-12.3,-2.05));
#4569=DIRECTION('',(1.94173751768485E-14,6.12323399573676E-17,-1.0));
#4570=DIRECTION('',(1.0,-1.18147251899523E-30,1.94173751768485E-14));
#4571=SURFACE_STYLE_FILL_AREA(#7325);
#4572=ORIENTED_EDGE('',*,*,#7326,.F.);
#4573=ORIENTED_EDGE('',*,*,#7327,.T.);
#4574=ORIENTED_EDGE('',*,*,#7328,.T.);
#4575=ORIENTED_EDGE('',*,*,#7319,.F.);
#4576=CARTESIAN_POINT('',(4.95,-12.3,4.44089209850063E-15));
#4577=DIRECTION('',(1.0,3.3161733498705E-33,6.83074592013124E-17));
#4578=DIRECTION('',(-6.83074592013124E-17,-6.12323399573676E-17,1.0));
#4579=SURFACE_STYLE_FILL_AREA(#7329);
#4580=ORIENTED_EDGE('',*,*,#7322,.F.);
#4581=ORIENTED_EDGE('',*,*,#7330,.T.);
#4582=ORIENTED_EDGE('',*,*,#7331,.T.);
#4583=ORIENTED_EDGE('',*,*,#7332,.T.);
#4584=ORIENTED_EDGE('',*,*,#7333,.F.);
#4585=ORIENTED_EDGE('',*,*,#7334,.T.);
#4586=ORIENTED_EDGE('',*,*,#7335,.T.);
#4587=ORIENTED_EDGE('',*,*,#7336,.T.);
#4588=CARTESIAN_POINT('',(3.49998189049995,-16.8,-2.64757509861275));
#4589=DIRECTION('',(7.49879891330929E-33,-1.0,-6.12323399573676E-17));
#4590=DIRECTION('',(-1.0,0.0,-1.22464679914735E-16));
#4591=SURFACE_STYLE_FILL_AREA(#7337);
#4592=ORIENTED_EDGE('',*,*,#7321,.F.);
#4593=ORIENTED_EDGE('',*,*,#7338,.T.);
#4594=ORIENTED_EDGE('',*,*,#7339,.F.);
#4595=ORIENTED_EDGE('',*,*,#7330,.F.);
#4596=CARTESIAN_POINT('',(3.74994305555554,-16.8,-2.11063148148148));
#4597=DIRECTION('',(1.0,0.0,1.22464679914735E-16));
#4598=DIRECTION('',(-1.22464679914735E-16,-6.12323399573676E-17,1.0));
#4599=SURFACE_STYLE_FILL_AREA(#7340);
#4600=ORIENTED_EDGE('',*,*,#7341,.T.);
#4601=ORIENTED_EDGE('',*,*,#7342,.F.);
#4602=ORIENTED_EDGE('',*,*,#7331,.F.);
#4603=ORIENTED_EDGE('',*,*,#7339,.T.);
#4604=CARTESIAN_POINT('',(3.82496712962962,-16.8,-2.46063333333334));
#4605=DIRECTION('',(0.765903356636042,-3.93696827680582E-17,0.64295571254453));
#4606=DIRECTION('',(-0.64295571254453,-4.68980547080271E-17,0.765903356636042));
#4607=SURFACE_STYLE_FILL_AREA(#7343);
#4608=ORIENTED_EDGE('',*,*,#7344,.T.);
#4609=ORIENTED_EDGE('',*,*,#7345,.F.);
#4610=ORIENTED_EDGE('',*,*,#7332,.F.);
#4611=ORIENTED_EDGE('',*,*,#7342,.T.);
#4612=CARTESIAN_POINT('',(3.89999120370371,-16.8,-2.95000185185185));
#4613=DIRECTION('',(1.0,0.0,1.22464679914735E-16));
#4614=DIRECTION('',(-1.22464679914735E-16,-6.12323399573676E-17,1.0));
#4615=SURFACE_STYLE_FILL_AREA(#7346);
#4616=ORIENTED_EDGE('',*,*,#7347,.T.);
#4617=ORIENTED_EDGE('',*,*,#7348,.F.);
#4618=ORIENTED_EDGE('',*,*,#7333,.T.);
#4619=ORIENTED_EDGE('',*,*,#7345,.T.);
#4620=CARTESIAN_POINT('',(3.5,-16.8,-3.35));
#4621=DIRECTION('',(1.22464679914735E-16,6.12323399573676E-17,-1.0));
#4622=DIRECTION('',(1.0,0.0,1.22464679914735E-16));
#4623=SURFACE_STYLE_FILL_AREA(#7349);
#4624=ORIENTED_EDGE('',*,*,#7350,.T.);
#4625=ORIENTED_EDGE('',*,*,#7351,.F.);
#4626=ORIENTED_EDGE('',*,*,#7334,.F.);
#4627=ORIENTED_EDGE('',*,*,#7348,.T.);
#4628=CARTESIAN_POINT('',(3.1000087962963,-16.8,-2.95000185185185));
#4629=DIRECTION('',(-1.0,0.0,-1.22464679914735E-16));
#4630=DIRECTION('',(1.22464679914735E-16,6.12323399573676E-17,-1.0));
#4631=SURFACE_STYLE_FILL_AREA(#7352);
#4632=ORIENTED_EDGE('',*,*,#7353,.T.);
#4633=ORIENTED_EDGE('',*,*,#7354,.F.);
#4634=ORIENTED_EDGE('',*,*,#7335,.F.);
#4635=ORIENTED_EDGE('',*,*,#7351,.T.);
#4636=CARTESIAN_POINT('',(3.17497407407407,-16.8,-2.46063333333334));
#4637=DIRECTION('',(-0.766151513468188,-3.93515747780937E-17,0.642659986626214));
#4638=DIRECTION('',(-0.642659986626214,4.69132499315358E-17,-0.766151513468188));
#4639=SURFACE_STYLE_FILL_AREA(#7355);
#4640=ORIENTED_EDGE('',*,*,#7323,.F.);
#4641=ORIENTED_EDGE('',*,*,#7336,.F.);
#4642=ORIENTED_EDGE('',*,*,#7354,.T.);
#4643=ORIENTED_EDGE('',*,*,#7356,.T.);
#4644=CARTESIAN_POINT('',(3.24993935185184,-16.8,-2.11063148148148));
#4645=DIRECTION('',(-1.0,0.0,-1.22464679914735E-16));
#4646=DIRECTION('',(1.22464679914735E-16,6.12323399573676E-17,-1.0));
#4647=SURFACE_STYLE_FILL_AREA(#7357);
#4648=ORIENTED_EDGE('',*,*,#7324,.F.);
#4649=ORIENTED_EDGE('',*,*,#7356,.F.);
#4650=ORIENTED_EDGE('',*,*,#7353,.F.);
#4651=ORIENTED_EDGE('',*,*,#7350,.F.);
#4652=ORIENTED_EDGE('',*,*,#7347,.F.);
#4653=ORIENTED_EDGE('',*,*,#7344,.F.);
#4654=ORIENTED_EDGE('',*,*,#7341,.F.);
#4655=ORIENTED_EDGE('',*,*,#7338,.F.);
#4656=CARTESIAN_POINT('',(3.49998189049995,-18.8,-2.64757509861275));
#4657=DIRECTION('',(7.49879891330929E-33,-1.0,-6.12323399573676E-17));
#4658=DIRECTION('',(-1.0,0.0,-1.22464679914735E-16));
#4659=SURFACE_STYLE_FILL_AREA(#7358);
#4660=ORIENTED_EDGE('',*,*,#7359,.F.);
#4661=ORIENTED_EDGE('',*,*,#7316,.T.);
#4662=ORIENTED_EDGE('',*,*,#7360,.T.);
#4663=ORIENTED_EDGE('',*,*,#7361,.F.);
#4664=CARTESIAN_POINT('',(2.30510000000004,-12.3,2.04999999999998));
#4665=DIRECTION('',(-1.22464679914735E-16,-6.12323399573676E-17,1.0));
#4666=DIRECTION('',(-1.0,0.0,-1.22464679914735E-16));
#4667=SURFACE_STYLE_FILL_AREA(#7362);
#4668=ORIENTED_EDGE('',*,*,#7363,.F.);
#4669=ORIENTED_EDGE('',*,*,#7361,.T.);
#4670=ORIENTED_EDGE('',*,*,#7364,.T.);
#4671=ORIENTED_EDGE('',*,*,#7365,.F.);
#4672=CARTESIAN_POINT('',(3.5,-12.3,3.66163000000002));
#4673=DIRECTION('',(7.49879891330929E-33,-1.0,-6.12323399573676E-17));
#4674=DIRECTION('',(-1.0,-1.46701707366113E-48,-1.22464679914735E-16));
#4675=SURFACE_STYLE_FILL_AREA(#7366);
#4676=ORIENTED_EDGE('',*,*,#7367,.F.);
#4677=ORIENTED_EDGE('',*,*,#7365,.T.);
#4678=ORIENTED_EDGE('',*,*,#7368,.T.);
#4679=ORIENTED_EDGE('',*,*,#7327,.F.);
#4680=CARTESIAN_POINT('',(4.69490000000001,-12.3,2.04999999999998));
#4681=DIRECTION('',(-1.22464679914735E-16,-6.12323399573676E-17,1.0));
#4682=DIRECTION('',(-1.0,0.0,-1.22464679914735E-16));
#4683=SURFACE_STYLE_FILL_AREA(#7369);
#4684=ORIENTED_EDGE('',*,*,#6880,.T.);
#4685=ORIENTED_EDGE('',*,*,#7127,.T.);
#4686=ORIENTED_EDGE('',*,*,#7328,.F.);
#4687=ORIENTED_EDGE('',*,*,#7368,.F.);
#4688=ORIENTED_EDGE('',*,*,#7364,.F.);
#4689=ORIENTED_EDGE('',*,*,#7360,.F.);
#4690=ORIENTED_EDGE('',*,*,#7315,.F.);
#4691=ORIENTED_EDGE('',*,*,#7320,.F.);
#4692=CARTESIAN_POINT('',(3.49999999999999,-19.1,-0.00808144222009677));
#4693=DIRECTION('',(7.49879891330929E-33,-1.0,-6.12323399573676E-17));
#4694=DIRECTION('',(-1.0,0.0,-1.22464679914735E-16));
#4695=SURFACE_STYLE_FILL_AREA(#7370);
#4696=ORIENTED_EDGE('',*,*,#7371,.F.);
#4697=ORIENTED_EDGE('',*,*,#7372,.T.);
#4698=ORIENTED_EDGE('',*,*,#7373,.T.);
#4699=ORIENTED_EDGE('',*,*,#7374,.F.);
#4700=CARTESIAN_POINT('',(-1.45,-12.3,-2.30926389122033E-14));
#4701=DIRECTION('',(-1.0,-6.63234669974091E-33,-1.4150238487891E-17));
#4702=DIRECTION('',(1.4150238487891E-17,6.12323399573676E-17,-1.0));
#4703=SURFACE_STYLE_FILL_AREA(#7375);
#4704=ORIENTED_EDGE('',*,*,#7376,.F.);
#4705=ORIENTED_EDGE('',*,*,#7377,.T.);
#4706=ORIENTED_EDGE('',*,*,#7378,.T.);
#4707=ORIENTED_EDGE('',*,*,#7372,.F.);
#4708=ORIENTED_EDGE('',*,*,#7379,.T.);
#4709=ORIENTED_EDGE('',*,*,#7380,.T.);
#4710=ORIENTED_EDGE('',*,*,#7381,.T.);
#4711=ORIENTED_EDGE('',*,*,#7382,.T.);
#4712=CARTESIAN_POINT('',(8.88178419700125E-16,-12.3,-2.05));
#4713=DIRECTION('',(1.94173751768485E-14,6.12323399573676E-17,-1.0));
#4714=DIRECTION('',(1.0,-1.18147251899523E-30,1.94173751768485E-14));
#4715=SURFACE_STYLE_FILL_AREA(#7383);
#4716=ORIENTED_EDGE('',*,*,#7384,.F.);
#4717=ORIENTED_EDGE('',*,*,#7385,.T.);
#4718=ORIENTED_EDGE('',*,*,#7386,.T.);
#4719=ORIENTED_EDGE('',*,*,#7377,.F.);
#4720=CARTESIAN_POINT('',(1.45,-12.3,4.44089209850063E-15));
#4721=DIRECTION('',(1.0,3.3161733498705E-33,6.83074592013124E-17));
#4722=DIRECTION('',(-6.83074592013124E-17,-6.12323399573676E-17,1.0));
#4723=SURFACE_STYLE_FILL_AREA(#7387);
#4724=ORIENTED_EDGE('',*,*,#7380,.F.);
#4725=ORIENTED_EDGE('',*,*,#7388,.T.);
#4726=ORIENTED_EDGE('',*,*,#7389,.T.);
#4727=ORIENTED_EDGE('',*,*,#7390,.T.);
#4728=ORIENTED_EDGE('',*,*,#7391,.F.);
#4729=ORIENTED_EDGE('',*,*,#7392,.T.);
#4730=ORIENTED_EDGE('',*,*,#7393,.T.);
#4731=ORIENTED_EDGE('',*,*,#7394,.T.);
#4732=CARTESIAN_POINT('',(-1.81095000453269E-05,-16.8,-2.64757509861275));
#4733=DIRECTION('',(7.49879891330929E-33,-1.0,-6.12323399573676E-17));
#4734=DIRECTION('',(-1.0,0.0,-1.22464679914735E-16));
#4735=SURFACE_STYLE_FILL_AREA(#7395);
#4736=ORIENTED_EDGE('',*,*,#7379,.F.);
#4737=ORIENTED_EDGE('',*,*,#7396,.T.);
#4738=ORIENTED_EDGE('',*,*,#7397,.F.);
#4739=ORIENTED_EDGE('',*,*,#7388,.F.);
#4740=CARTESIAN_POINT('',(0.249943055555544,-16.8,-2.11063148148148));
#4741=DIRECTION('',(1.0,0.0,1.22464679914735E-16));
#4742=DIRECTION('',(-1.22464679914735E-16,-6.12323399573676E-17,1.0));
#4743=SURFACE_STYLE_FILL_AREA(#7398);
#4744=ORIENTED_EDGE('',*,*,#7399,.T.);
#4745=ORIENTED_EDGE('',*,*,#7400,.F.);
#4746=ORIENTED_EDGE('',*,*,#7389,.F.);
#4747=ORIENTED_EDGE('',*,*,#7397,.T.);
#4748=CARTESIAN_POINT('',(0.324967129629624,-16.8,-2.46063333333334));
#4749=DIRECTION('',(0.765903356636042,-3.93696827680582E-17,0.64295571254453));
#4750=DIRECTION('',(-0.64295571254453,-4.68980547080271E-17,0.765903356636042));
#4751=SURFACE_STYLE_FILL_AREA(#7401);
#4752=ORIENTED_EDGE('',*,*,#7402,.T.);
#4753=ORIENTED_EDGE('',*,*,#7403,.F.);
#4754=ORIENTED_EDGE('',*,*,#7390,.F.);
#4755=ORIENTED_EDGE('',*,*,#7400,.T.);
#4756=CARTESIAN_POINT('',(0.399991203703705,-16.8,-2.95000185185185));
#4757=DIRECTION('',(1.0,0.0,1.22464679914735E-16));
#4758=DIRECTION('',(-1.22464679914735E-16,-6.12323399573676E-17,1.0));
#4759=SURFACE_STYLE_FILL_AREA(#7404);
#4760=ORIENTED_EDGE('',*,*,#7405,.T.);
#4761=ORIENTED_EDGE('',*,*,#7406,.F.);
#4762=ORIENTED_EDGE('',*,*,#7391,.T.);
#4763=ORIENTED_EDGE('',*,*,#7403,.T.);
#4764=CARTESIAN_POINT('',(8.88178419700125E-16,-16.8,-3.35));
#4765=DIRECTION('',(1.22464679914735E-16,6.12323399573676E-17,-1.0));
#4766=DIRECTION('',(1.0,0.0,1.22464679914735E-16));
#4767=SURFACE_STYLE_FILL_AREA(#7407);
#4768=ORIENTED_EDGE('',*,*,#7408,.T.);
#4769=ORIENTED_EDGE('',*,*,#7409,.F.);
#4770=ORIENTED_EDGE('',*,*,#7392,.F.);
#4771=ORIENTED_EDGE('',*,*,#7406,.T.);
#4772=CARTESIAN_POINT('',(-0.399991203703704,-16.8,-2.95000185185185));
#4773=DIRECTION('',(-1.0,0.0,-1.22464679914735E-16));
#4774=DIRECTION('',(1.22464679914735E-16,6.12323399573676E-17,-1.0));
#4775=SURFACE_STYLE_FILL_AREA(#7410);
#4776=ORIENTED_EDGE('',*,*,#7411,.T.);
#4777=ORIENTED_EDGE('',*,*,#7412,.F.);
#4778=ORIENTED_EDGE('',*,*,#7393,.F.);
#4779=ORIENTED_EDGE('',*,*,#7409,.T.);
#4780=CARTESIAN_POINT('',(-0.325025925925934,-16.8,-2.46063333333334));
#4781=DIRECTION('',(-0.766151513468188,-3.93515747780937E-17,0.642659986626214));
#4782=DIRECTION('',(-0.642659986626214,4.69132499315358E-17,-0.766151513468188));
#4783=SURFACE_STYLE_FILL_AREA(#7413);
#4784=ORIENTED_EDGE('',*,*,#7381,.F.);
#4785=ORIENTED_EDGE('',*,*,#7394,.F.);
#4786=ORIENTED_EDGE('',*,*,#7412,.T.);
#4787=ORIENTED_EDGE('',*,*,#7414,.T.);
#4788=CARTESIAN_POINT('',(-0.250060648148164,-16.8,-2.11063148148148));
#4789=DIRECTION('',(-1.0,0.0,-1.22464679914735E-16));
#4790=DIRECTION('',(1.22464679914735E-16,6.12323399573676E-17,-1.0));
#4791=SURFACE_STYLE_FILL_AREA(#7415);
#4792=ORIENTED_EDGE('',*,*,#7382,.F.);
#4793=ORIENTED_EDGE('',*,*,#7414,.F.);
#4794=ORIENTED_EDGE('',*,*,#7411,.F.);
#4795=ORIENTED_EDGE('',*,*,#7408,.F.);
#4796=ORIENTED_EDGE('',*,*,#7405,.F.);
#4797=ORIENTED_EDGE('',*,*,#7402,.F.);
#4798=ORIENTED_EDGE('',*,*,#7399,.F.);
#4799=ORIENTED_EDGE('',*,*,#7396,.F.);
#4800=CARTESIAN_POINT('',(-1.81095000453269E-05,-18.8,-2.64757509861275));
#4801=DIRECTION('',(7.49879891330929E-33,-1.0,-6.12323399573676E-17));
#4802=DIRECTION('',(-1.0,0.0,-1.22464679914735E-16));
#4803=SURFACE_STYLE_FILL_AREA(#7416);
#4804=ORIENTED_EDGE('',*,*,#7417,.F.);
#4805=ORIENTED_EDGE('',*,*,#7374,.T.);
#4806=ORIENTED_EDGE('',*,*,#7418,.T.);
#4807=ORIENTED_EDGE('',*,*,#7419,.F.);
#4808=CARTESIAN_POINT('',(-1.19489999999996,-12.3,2.04999999999998));
#4809=DIRECTION('',(-1.22464679914735E-16,-6.12323399573676E-17,1.0));
#4810=DIRECTION('',(-1.0,0.0,-1.22464679914735E-16));
#4811=SURFACE_STYLE_FILL_AREA(#7420);
#4812=ORIENTED_EDGE('',*,*,#7421,.F.);
#4813=ORIENTED_EDGE('',*,*,#7419,.T.);
#4814=ORIENTED_EDGE('',*,*,#7422,.T.);
#4815=ORIENTED_EDGE('',*,*,#7423,.F.);
#4816=CARTESIAN_POINT('',(0.0,-12.3,3.66163000000002));
#4817=DIRECTION('',(7.49879891330929E-33,-1.0,-6.12323399573676E-17));
#4818=DIRECTION('',(-1.0,-1.46701707366113E-48,-1.22464679914735E-16));
#4819=SURFACE_STYLE_FILL_AREA(#7424);
#4820=ORIENTED_EDGE('',*,*,#7425,.F.);
#4821=ORIENTED_EDGE('',*,*,#7423,.T.);
#4822=ORIENTED_EDGE('',*,*,#7426,.T.);
#4823=ORIENTED_EDGE('',*,*,#7385,.F.);
#4824=CARTESIAN_POINT('',(1.19490000000001,-12.3,2.04999999999998));
#4825=DIRECTION('',(-1.22464679914735E-16,-6.12323399573676E-17,1.0));
#4826=DIRECTION('',(-1.0,0.0,-1.22464679914735E-16));
#4827=SURFACE_STYLE_FILL_AREA(#7427);
#4828=ORIENTED_EDGE('',*,*,#6871,.T.);
#4829=ORIENTED_EDGE('',*,*,#7133,.T.);
#4830=ORIENTED_EDGE('',*,*,#7386,.F.);
#4831=ORIENTED_EDGE('',*,*,#7426,.F.);
#4832=ORIENTED_EDGE('',*,*,#7422,.F.);
#4833=ORIENTED_EDGE('',*,*,#7418,.F.);
#4834=ORIENTED_EDGE('',*,*,#7373,.F.);
#4835=ORIENTED_EDGE('',*,*,#7378,.F.);
#4836=CARTESIAN_POINT('',(-5.77315972805081E-15,-19.1,-0.00808144222009677));
#4837=DIRECTION('',(7.49879891330929E-33,-1.0,-6.12323399573676E-17));
#4838=DIRECTION('',(-1.0,0.0,-1.22464679914735E-16));
#4839=SURFACE_STYLE_FILL_AREA(#7428);
#4840=ORIENTED_EDGE('',*,*,#7429,.F.);
#4841=ORIENTED_EDGE('',*,*,#7430,.F.);
#4842=ORIENTED_EDGE('',*,*,#7431,.F.);
#4843=ORIENTED_EDGE('',*,*,#7432,.T.);
#4844=CARTESIAN_POINT('',(14.75,-12.3499981481482,-4.49997129629633));
#4845=DIRECTION('',(-1.83697019872103E-16,0.0,1.0));
#4846=DIRECTION('',(0.0,1.0,0.0));
#4847=SURFACE_STYLE_FILL_AREA(#7433);
#4848=ORIENTED_EDGE('',*,*,#7434,.F.);
#4849=ORIENTED_EDGE('',*,*,#7432,.F.);
#4850=ORIENTED_EDGE('',*,*,#7435,.F.);
#4851=ORIENTED_EDGE('',*,*,#7436,.F.);
#4852=ORIENTED_EDGE('',*,*,#7437,.F.);
#4853=ORIENTED_EDGE('',*,*,#7438,.F.);
#4854=ORIENTED_EDGE('',*,*,#7439,.F.);
#4855=ORIENTED_EDGE('',*,*,#7440,.T.);
#4856=ORIENTED_EDGE('',*,*,#7441,.F.);
#4857=CARTESIAN_POINT('',(14.75,-11.8030803877962,-4.84527588039257));
#4858=DIRECTION('',(-1.0,0.0,-1.83697019872103E-16));
#4859=DIRECTION('',(-1.83697019872103E-16,0.0,1.0));
#4860=SURFACE_STYLE_FILL_AREA(#7442);
#4861=ORIENTED_EDGE('',*,*,#7443,.F.);
#4862=ORIENTED_EDGE('',*,*,#7444,.F.);
#4863=ORIENTED_EDGE('',*,*,#7438,.T.);
#4864=ORIENTED_EDGE('',*,*,#7445,.T.);
#4865=CARTESIAN_POINT('',(14.75,-11.4499569444445,-4.57493657407408));
#4866=DIRECTION('',(-1.51374694960467E-16,0.566523682092365,0.824045458472109));
#4867=DIRECTION('',(1.04068712087338E-16,0.824045458472109,-0.566523682092365));
#4868=SURFACE_STYLE_FILL_AREA(#7446);
#4869=ORIENTED_EDGE('',*,*,#7447,.F.);
#4870=ORIENTED_EDGE('',*,*,#7445,.F.);
#4871=ORIENTED_EDGE('',*,*,#7437,.T.);
#4872=ORIENTED_EDGE('',*,*,#7448,.T.);
#4873=CARTESIAN_POINT('',(14.75,-11.8499481481482,-4.09998009259258));
#4874=DIRECTION('',(0.0,1.0,0.0));
#4875=DIRECTION('',(1.83697019872103E-16,0.0,-1.0));
#4876=SURFACE_STYLE_FILL_AREA(#7449);
#4877=ORIENTED_EDGE('',*,*,#7450,.F.);
#4878=ORIENTED_EDGE('',*,*,#7448,.F.);
#4879=ORIENTED_EDGE('',*,*,#7436,.T.);
#4880=ORIENTED_EDGE('',*,*,#7451,.T.);
#4881=CARTESIAN_POINT('',(14.75,-11.9249722222223,-3.90001388888888));
#4882=DIRECTION('',(-1.83697019872103E-16,0.0,1.0));
#4883=DIRECTION('',(0.0,1.0,0.0));
#4884=SURFACE_STYLE_FILL_AREA(#7452);
#4885=ORIENTED_EDGE('',*,*,#7453,.F.);
#4886=ORIENTED_EDGE('',*,*,#7451,.F.);
#4887=ORIENTED_EDGE('',*,*,#7435,.T.);
#4888=ORIENTED_EDGE('',*,*,#7431,.T.);
#4889=CARTESIAN_POINT('',(14.75,-11.9999962962963,-4.19999259259261));
#4890=DIRECTION('',(0.0,-1.0,0.0));
#4891=DIRECTION('',(-1.83697019872103E-16,0.0,1.0));
#4892=SURFACE_STYLE_FILL_AREA(#7454);
#4893=ORIENTED_EDGE('',*,*,#7455,.F.);
#4894=ORIENTED_EDGE('',*,*,#7440,.F.);
#4895=ORIENTED_EDGE('',*,*,#7456,.T.);
#4896=ORIENTED_EDGE('',*,*,#7457,.F.);
#4897=CARTESIAN_POINT('',(14.75,-10.7499870370371,-5.12496342592594));
#4898=DIRECTION('',(0.0,1.0,0.0));
#4899=DIRECTION('',(1.83697019872103E-16,0.0,-1.0));
#4900=SURFACE_STYLE_FILL_AREA(#7458);
#4901=ORIENTED_EDGE('',*,*,#7459,.F.);
#4902=ORIENTED_EDGE('',*,*,#7456,.F.);
#4903=ORIENTED_EDGE('',*,*,#7439,.T.);
#4904=ORIENTED_EDGE('',*,*,#7444,.T.);
#4905=CARTESIAN_POINT('',(14.75,-10.8999763888889,-4.84992685185188));
#4906=DIRECTION('',(-1.83697019872103E-16,0.0,1.0));
#4907=DIRECTION('',(0.0,1.0,0.0));
#4908=SURFACE_STYLE_FILL_AREA(#7460);
#4909=ORIENTED_EDGE('',*,*,#7461,.F.);
#4910=ORIENTED_EDGE('',*,*,#7462,.F.);
#4911=ORIENTED_EDGE('',*,*,#7457,.T.);
#4912=ORIENTED_EDGE('',*,*,#7459,.T.);
#4913=ORIENTED_EDGE('',*,*,#7443,.T.);
#4914=ORIENTED_EDGE('',*,*,#7447,.T.);
#4915=ORIENTED_EDGE('',*,*,#7450,.T.);
#4916=ORIENTED_EDGE('',*,*,#7453,.T.);
#4917=ORIENTED_EDGE('',*,*,#7430,.T.);
#4918=CARTESIAN_POINT('',(13.25,-11.8030803877962,-4.84527588039257));
#4919=DIRECTION('',(-1.0,0.0,-1.83697019872103E-16));
#4920=DIRECTION('',(-1.83697019872103E-16,0.0,1.0));
#4921=SURFACE_STYLE_FILL_AREA(#7463);
#4922=ORIENTED_EDGE('',*,*,#7152,.T.);
#4923=ORIENTED_EDGE('',*,*,#7144,.T.);
#4924=ORIENTED_EDGE('',*,*,#7139,.T.);
#4925=ORIENTED_EDGE('',*,*,#7185,.T.);
#4926=ORIENTED_EDGE('',*,*,#7189,.T.);
#4927=ORIENTED_EDGE('',*,*,#7193,.T.);
#4928=ORIENTED_EDGE('',*,*,#7210,.T.);
#4929=ORIENTED_EDGE('',*,*,#7202,.T.);
#4930=ORIENTED_EDGE('',*,*,#7197,.T.);
#4931=ORIENTED_EDGE('',*,*,#7243,.T.);
#4932=ORIENTED_EDGE('',*,*,#7247,.T.);
#4933=ORIENTED_EDGE('',*,*,#7251,.T.);
#4934=ORIENTED_EDGE('',*,*,#7268,.T.);
#4935=ORIENTED_EDGE('',*,*,#7260,.T.);
#4936=ORIENTED_EDGE('',*,*,#7255,.T.);
#4937=ORIENTED_EDGE('',*,*,#7301,.T.);
#4938=ORIENTED_EDGE('',*,*,#7305,.T.);
#4939=ORIENTED_EDGE('',*,*,#7309,.T.);
#4940=ORIENTED_EDGE('',*,*,#7326,.T.);
#4941=ORIENTED_EDGE('',*,*,#7318,.T.);
#4942=ORIENTED_EDGE('',*,*,#7313,.T.);
#4943=ORIENTED_EDGE('',*,*,#7359,.T.);
#4944=ORIENTED_EDGE('',*,*,#7363,.T.);
#4945=ORIENTED_EDGE('',*,*,#7367,.T.);
#4946=ORIENTED_EDGE('',*,*,#7384,.T.);
#4947=ORIENTED_EDGE('',*,*,#7376,.T.);
#4948=ORIENTED_EDGE('',*,*,#7371,.T.);
#4949=ORIENTED_EDGE('',*,*,#7417,.T.);
#4950=ORIENTED_EDGE('',*,*,#7421,.T.);
#4951=ORIENTED_EDGE('',*,*,#7425,.T.);
#4952=ORIENTED_EDGE('',*,*,#7461,.T.);
#4953=ORIENTED_EDGE('',*,*,#7429,.T.);
#4954=ORIENTED_EDGE('',*,*,#7434,.T.);
#4955=ORIENTED_EDGE('',*,*,#7464,.F.);
#4956=ORIENTED_EDGE('',*,*,#7465,.F.);
#4957=ORIENTED_EDGE('',*,*,#7466,.T.);
#4958=ORIENTED_EDGE('',*,*,#7467,.T.);
#4959=ORIENTED_EDGE('',*,*,#7468,.T.);
#4960=ORIENTED_EDGE('',*,*,#7469,.T.);
#4961=ORIENTED_EDGE('',*,*,#7470,.T.);
#4962=ORIENTED_EDGE('',*,*,#7471,.T.);
#4963=ORIENTED_EDGE('',*,*,#7472,.T.);
#4964=ORIENTED_EDGE('',*,*,#7473,.T.);
#4965=ORIENTED_EDGE('',*,*,#7474,.T.);
#4966=ORIENTED_EDGE('',*,*,#7475,.T.);
#4967=ORIENTED_EDGE('',*,*,#7476,.T.);
#4968=ORIENTED_EDGE('',*,*,#7477,.T.);
#4969=ORIENTED_EDGE('',*,*,#7478,.T.);
#4970=ORIENTED_EDGE('',*,*,#7479,.T.);
#4971=ORIENTED_EDGE('',*,*,#7480,.T.);
#4972=ORIENTED_EDGE('',*,*,#7481,.T.);
#4973=ORIENTED_EDGE('',*,*,#7482,.T.);
#4974=ORIENTED_EDGE('',*,*,#7483,.T.);
#4975=ORIENTED_EDGE('',*,*,#7484,.T.);
#4976=ORIENTED_EDGE('',*,*,#7485,.T.);
#4977=ORIENTED_EDGE('',*,*,#7486,.T.);
#4978=ORIENTED_EDGE('',*,*,#7487,.T.);
#4979=ORIENTED_EDGE('',*,*,#7488,.F.);
#4980=ORIENTED_EDGE('',*,*,#7489,.T.);
#4981=ORIENTED_EDGE('',*,*,#7490,.T.);
#4982=ORIENTED_EDGE('',*,*,#7491,.T.);
#4983=ORIENTED_EDGE('',*,*,#7492,.F.);
#4984=ORIENTED_EDGE('',*,*,#7493,.T.);
#4985=ORIENTED_EDGE('',*,*,#7494,.T.);
#4986=ORIENTED_EDGE('',*,*,#7495,.T.);
#4987=ORIENTED_EDGE('',*,*,#7496,.F.);
#4988=ORIENTED_EDGE('',*,*,#7497,.T.);
#4989=ORIENTED_EDGE('',*,*,#7498,.T.);
#4990=ORIENTED_EDGE('',*,*,#7499,.T.);
#4991=ORIENTED_EDGE('',*,*,#7500,.F.);
#4992=ORIENTED_EDGE('',*,*,#7501,.T.);
#4993=ORIENTED_EDGE('',*,*,#7502,.T.);
#4994=ORIENTED_EDGE('',*,*,#7503,.T.);
#4995=ORIENTED_EDGE('',*,*,#7504,.F.);
#4996=CARTESIAN_POINT('',(16.3,-12.5,0.0));
#4997=DIRECTION('',(-3.74927562856021E-33,-1.0,-6.12303176911189E-17));
#4998=DIRECTION('',(6.12323399573676E-17,-6.12303176911189E-17,1.0));
#4999=SURFACE_STYLE_FILL_AREA(#7505);
#5000=ORIENTED_EDGE('',*,*,#7502,.F.);
#5001=ORIENTED_EDGE('',*,*,#7506,.F.);
#5002=ORIENTED_EDGE('',*,*,#7507,.F.);
#5003=ORIENTED_EDGE('',*,*,#7508,.T.);
#5004=CARTESIAN_POINT('',(11.25,-12.3499981481482,-4.49997129629633));
#5005=DIRECTION('',(-1.83697019872103E-16,0.0,1.0));
#5006=DIRECTION('',(0.0,1.0,0.0));
#5007=SURFACE_STYLE_FILL_AREA(#7509);
#5008=ORIENTED_EDGE('',*,*,#7503,.F.);
#5009=ORIENTED_EDGE('',*,*,#7508,.F.);
#5010=ORIENTED_EDGE('',*,*,#7510,.F.);
#5011=ORIENTED_EDGE('',*,*,#7511,.F.);
#5012=ORIENTED_EDGE('',*,*,#7512,.F.);
#5013=ORIENTED_EDGE('',*,*,#7513,.F.);
#5014=ORIENTED_EDGE('',*,*,#7514,.F.);
#5015=ORIENTED_EDGE('',*,*,#7515,.T.);
#5016=ORIENTED_EDGE('',*,*,#7516,.F.);
#5017=CARTESIAN_POINT('',(11.25,-11.8030803877962,-4.84527588039257));
#5018=DIRECTION('',(-1.0,0.0,-1.83697019872103E-16));
#5019=DIRECTION('',(-1.83697019872103E-16,0.0,1.0));
#5020=SURFACE_STYLE_FILL_AREA(#7517);
#5021=ORIENTED_EDGE('',*,*,#7518,.F.);
#5022=ORIENTED_EDGE('',*,*,#7519,.F.);
#5023=ORIENTED_EDGE('',*,*,#7513,.T.);
#5024=ORIENTED_EDGE('',*,*,#7520,.T.);
#5025=CARTESIAN_POINT('',(11.25,-11.4499569444445,-4.57493657407408));
#5026=DIRECTION('',(-1.51374694960467E-16,0.566523682092365,0.824045458472109));
#5027=DIRECTION('',(1.04068712087338E-16,0.824045458472109,-0.566523682092365));
#5028=SURFACE_STYLE_FILL_AREA(#7521);
#5029=ORIENTED_EDGE('',*,*,#7522,.F.);
#5030=ORIENTED_EDGE('',*,*,#7520,.F.);
#5031=ORIENTED_EDGE('',*,*,#7512,.T.);
#5032=ORIENTED_EDGE('',*,*,#7523,.T.);
#5033=CARTESIAN_POINT('',(11.25,-11.8499481481482,-4.09998009259258));
#5034=DIRECTION('',(0.0,1.0,0.0));
#5035=DIRECTION('',(1.83697019872103E-16,0.0,-1.0));
#5036=SURFACE_STYLE_FILL_AREA(#7524);
#5037=ORIENTED_EDGE('',*,*,#7525,.F.);
#5038=ORIENTED_EDGE('',*,*,#7523,.F.);
#5039=ORIENTED_EDGE('',*,*,#7511,.T.);
#5040=ORIENTED_EDGE('',*,*,#7526,.T.);
#5041=CARTESIAN_POINT('',(11.25,-11.9249722222223,-3.90001388888888));
#5042=DIRECTION('',(-1.83697019872103E-16,0.0,1.0));
#5043=DIRECTION('',(0.0,1.0,0.0));
#5044=SURFACE_STYLE_FILL_AREA(#7527);
#5045=ORIENTED_EDGE('',*,*,#7528,.F.);
#5046=ORIENTED_EDGE('',*,*,#7526,.F.);
#5047=ORIENTED_EDGE('',*,*,#7510,.T.);
#5048=ORIENTED_EDGE('',*,*,#7507,.T.);
#5049=CARTESIAN_POINT('',(11.25,-11.9999962962963,-4.19999259259261));
#5050=DIRECTION('',(0.0,-1.0,0.0));
#5051=DIRECTION('',(-1.83697019872103E-16,0.0,1.0));
#5052=SURFACE_STYLE_FILL_AREA(#7529);
#5053=ORIENTED_EDGE('',*,*,#7530,.F.);
#5054=ORIENTED_EDGE('',*,*,#7515,.F.);
#5055=ORIENTED_EDGE('',*,*,#7531,.T.);
#5056=ORIENTED_EDGE('',*,*,#7532,.F.);
#5057=CARTESIAN_POINT('',(11.25,-10.7499870370371,-5.12496342592594));
#5058=DIRECTION('',(0.0,1.0,0.0));
#5059=DIRECTION('',(1.83697019872103E-16,0.0,-1.0));
#5060=SURFACE_STYLE_FILL_AREA(#7533);
#5061=ORIENTED_EDGE('',*,*,#7534,.F.);
#5062=ORIENTED_EDGE('',*,*,#7531,.F.);
#5063=ORIENTED_EDGE('',*,*,#7514,.T.);
#5064=ORIENTED_EDGE('',*,*,#7519,.T.);
#5065=CARTESIAN_POINT('',(11.25,-10.8999763888889,-4.84992685185188));
#5066=DIRECTION('',(-1.83697019872103E-16,0.0,1.0));
#5067=DIRECTION('',(0.0,1.0,0.0));
#5068=SURFACE_STYLE_FILL_AREA(#7535);
#5069=ORIENTED_EDGE('',*,*,#7501,.F.);
#5070=ORIENTED_EDGE('',*,*,#7536,.F.);
#5071=ORIENTED_EDGE('',*,*,#7532,.T.);
#5072=ORIENTED_EDGE('',*,*,#7534,.T.);
#5073=ORIENTED_EDGE('',*,*,#7518,.T.);
#5074=ORIENTED_EDGE('',*,*,#7522,.T.);
#5075=ORIENTED_EDGE('',*,*,#7525,.T.);
#5076=ORIENTED_EDGE('',*,*,#7528,.T.);
#5077=ORIENTED_EDGE('',*,*,#7506,.T.);
#5078=CARTESIAN_POINT('',(9.75,-11.8030803877962,-4.84527588039257));
#5079=DIRECTION('',(-1.0,0.0,-1.83697019872103E-16));
#5080=DIRECTION('',(-1.83697019872103E-16,0.0,1.0));
#5081=SURFACE_STYLE_FILL_AREA(#7537);
#5082=ORIENTED_EDGE('',*,*,#7498,.F.);
#5083=ORIENTED_EDGE('',*,*,#7538,.F.);
#5084=ORIENTED_EDGE('',*,*,#7539,.F.);
#5085=ORIENTED_EDGE('',*,*,#7540,.T.);
#5086=CARTESIAN_POINT('',(7.75,-12.3499981481482,-4.49997129629633));
#5087=DIRECTION('',(-1.83697019872103E-16,0.0,1.0));
#5088=DIRECTION('',(0.0,1.0,0.0));
#5089=SURFACE_STYLE_FILL_AREA(#7541);
#5090=ORIENTED_EDGE('',*,*,#7499,.F.);
#5091=ORIENTED_EDGE('',*,*,#7540,.F.);
#5092=ORIENTED_EDGE('',*,*,#7542,.F.);
#5093=ORIENTED_EDGE('',*,*,#7543,.F.);
#5094=ORIENTED_EDGE('',*,*,#7544,.F.);
#5095=ORIENTED_EDGE('',*,*,#7545,.F.);
#5096=ORIENTED_EDGE('',*,*,#7546,.F.);
#5097=ORIENTED_EDGE('',*,*,#7547,.T.);
#5098=ORIENTED_EDGE('',*,*,#7548,.F.);
#5099=CARTESIAN_POINT('',(7.75,-11.8030803877962,-4.84527588039257));
#5100=DIRECTION('',(-1.0,0.0,-1.83697019872103E-16));
#5101=DIRECTION('',(-1.83697019872103E-16,0.0,1.0));
#5102=SURFACE_STYLE_FILL_AREA(#7549);
#5103=ORIENTED_EDGE('',*,*,#7550,.F.);
#5104=ORIENTED_EDGE('',*,*,#7551,.F.);
#5105=ORIENTED_EDGE('',*,*,#7545,.T.);
#5106=ORIENTED_EDGE('',*,*,#7552,.T.);
#5107=CARTESIAN_POINT('',(7.75,-11.4499569444445,-4.57493657407408));
#5108=DIRECTION('',(-1.51374694960467E-16,0.566523682092365,0.824045458472109));
#5109=DIRECTION('',(1.04068712087338E-16,0.824045458472109,-0.566523682092365));
#5110=SURFACE_STYLE_FILL_AREA(#7553);
#5111=ORIENTED_EDGE('',*,*,#7554,.F.);
#5112=ORIENTED_EDGE('',*,*,#7552,.F.);
#5113=ORIENTED_EDGE('',*,*,#7544,.T.);
#5114=ORIENTED_EDGE('',*,*,#7555,.T.);
#5115=CARTESIAN_POINT('',(7.75,-11.8499481481482,-4.09998009259258));
#5116=DIRECTION('',(0.0,1.0,0.0));
#5117=DIRECTION('',(1.83697019872103E-16,0.0,-1.0));
#5118=SURFACE_STYLE_FILL_AREA(#7556);
#5119=ORIENTED_EDGE('',*,*,#7557,.F.);
#5120=ORIENTED_EDGE('',*,*,#7555,.F.);
#5121=ORIENTED_EDGE('',*,*,#7543,.T.);
#5122=ORIENTED_EDGE('',*,*,#7558,.T.);
#5123=CARTESIAN_POINT('',(7.75,-11.9249722222223,-3.90001388888888));
#5124=DIRECTION('',(-1.83697019872103E-16,0.0,1.0));
#5125=DIRECTION('',(0.0,1.0,0.0));
#5126=SURFACE_STYLE_FILL_AREA(#7559);
#5127=ORIENTED_EDGE('',*,*,#7560,.F.);
#5128=ORIENTED_EDGE('',*,*,#7558,.F.);
#5129=ORIENTED_EDGE('',*,*,#7542,.T.);
#5130=ORIENTED_EDGE('',*,*,#7539,.T.);
#5131=CARTESIAN_POINT('',(7.75,-11.9999962962963,-4.19999259259261));
#5132=DIRECTION('',(0.0,-1.0,0.0));
#5133=DIRECTION('',(-1.83697019872103E-16,0.0,1.0));
#5134=SURFACE_STYLE_FILL_AREA(#7561);
#5135=ORIENTED_EDGE('',*,*,#7562,.F.);
#5136=ORIENTED_EDGE('',*,*,#7547,.F.);
#5137=ORIENTED_EDGE('',*,*,#7563,.T.);
#5138=ORIENTED_EDGE('',*,*,#7564,.F.);
#5139=CARTESIAN_POINT('',(7.75,-10.7499870370371,-5.12496342592594));
#5140=DIRECTION('',(0.0,1.0,0.0));
#5141=DIRECTION('',(1.83697019872103E-16,0.0,-1.0));
#5142=SURFACE_STYLE_FILL_AREA(#7565);
#5143=ORIENTED_EDGE('',*,*,#7566,.F.);
#5144=ORIENTED_EDGE('',*,*,#7563,.F.);
#5145=ORIENTED_EDGE('',*,*,#7546,.T.);
#5146=ORIENTED_EDGE('',*,*,#7551,.T.);
#5147=CARTESIAN_POINT('',(7.75,-10.8999763888889,-4.84992685185188));
#5148=DIRECTION('',(-1.83697019872103E-16,0.0,1.0));
#5149=DIRECTION('',(0.0,1.0,0.0));
#5150=SURFACE_STYLE_FILL_AREA(#7567);
#5151=ORIENTED_EDGE('',*,*,#7497,.F.);
#5152=ORIENTED_EDGE('',*,*,#7568,.F.);
#5153=ORIENTED_EDGE('',*,*,#7564,.T.);
#5154=ORIENTED_EDGE('',*,*,#7566,.T.);
#5155=ORIENTED_EDGE('',*,*,#7550,.T.);
#5156=ORIENTED_EDGE('',*,*,#7554,.T.);
#5157=ORIENTED_EDGE('',*,*,#7557,.T.);
#5158=ORIENTED_EDGE('',*,*,#7560,.T.);
#5159=ORIENTED_EDGE('',*,*,#7538,.T.);
#5160=CARTESIAN_POINT('',(6.25,-11.8030803877962,-4.84527588039257));
#5161=DIRECTION('',(-1.0,0.0,-1.83697019872103E-16));
#5162=DIRECTION('',(-1.83697019872103E-16,0.0,1.0));
#5163=SURFACE_STYLE_FILL_AREA(#7569);
#5164=ORIENTED_EDGE('',*,*,#7494,.F.);
#5165=ORIENTED_EDGE('',*,*,#7570,.F.);
#5166=ORIENTED_EDGE('',*,*,#7571,.F.);
#5167=ORIENTED_EDGE('',*,*,#7572,.T.);
#5168=CARTESIAN_POINT('',(4.25,-12.3499981481482,-4.49997129629633));
#5169=DIRECTION('',(-1.83697019872103E-16,0.0,1.0));
#5170=DIRECTION('',(0.0,1.0,0.0));
#5171=SURFACE_STYLE_FILL_AREA(#7573);
#5172=ORIENTED_EDGE('',*,*,#7495,.F.);
#5173=ORIENTED_EDGE('',*,*,#7572,.F.);
#5174=ORIENTED_EDGE('',*,*,#7574,.F.);
#5175=ORIENTED_EDGE('',*,*,#7575,.F.);
#5176=ORIENTED_EDGE('',*,*,#7576,.F.);
#5177=ORIENTED_EDGE('',*,*,#7577,.F.);
#5178=ORIENTED_EDGE('',*,*,#7578,.F.);
#5179=ORIENTED_EDGE('',*,*,#7579,.T.);
#5180=ORIENTED_EDGE('',*,*,#7580,.F.);
#5181=CARTESIAN_POINT('',(4.25,-11.8030803877962,-4.84527588039257));
#5182=DIRECTION('',(-1.0,0.0,-1.83697019872103E-16));
#5183=DIRECTION('',(-1.83697019872103E-16,0.0,1.0));
#5184=SURFACE_STYLE_FILL_AREA(#7581);
#5185=ORIENTED_EDGE('',*,*,#7582,.F.);
#5186=ORIENTED_EDGE('',*,*,#7583,.F.);
#5187=ORIENTED_EDGE('',*,*,#7577,.T.);
#5188=ORIENTED_EDGE('',*,*,#7584,.T.);
#5189=CARTESIAN_POINT('',(4.25,-11.4499569444445,-4.57493657407408));
#5190=DIRECTION('',(-1.51374694960467E-16,0.566523682092365,0.824045458472109));
#5191=DIRECTION('',(1.04068712087338E-16,0.824045458472109,-0.566523682092365));
#5192=SURFACE_STYLE_FILL_AREA(#7585);
#5193=ORIENTED_EDGE('',*,*,#7586,.F.);
#5194=ORIENTED_EDGE('',*,*,#7584,.F.);
#5195=ORIENTED_EDGE('',*,*,#7576,.T.);
#5196=ORIENTED_EDGE('',*,*,#7587,.T.);
#5197=CARTESIAN_POINT('',(4.25,-11.8499481481482,-4.09998009259258));
#5198=DIRECTION('',(0.0,1.0,0.0));
#5199=DIRECTION('',(1.83697019872103E-16,0.0,-1.0));
#5200=SURFACE_STYLE_FILL_AREA(#7588);
#5201=ORIENTED_EDGE('',*,*,#7589,.F.);
#5202=ORIENTED_EDGE('',*,*,#7587,.F.);
#5203=ORIENTED_EDGE('',*,*,#7575,.T.);
#5204=ORIENTED_EDGE('',*,*,#7590,.T.);
#5205=CARTESIAN_POINT('',(4.25,-11.9249722222223,-3.90001388888888));
#5206=DIRECTION('',(-1.83697019872103E-16,0.0,1.0));
#5207=DIRECTION('',(0.0,1.0,0.0));
#5208=SURFACE_STYLE_FILL_AREA(#7591);
#5209=ORIENTED_EDGE('',*,*,#7592,.F.);
#5210=ORIENTED_EDGE('',*,*,#7590,.F.);
#5211=ORIENTED_EDGE('',*,*,#7574,.T.);
#5212=ORIENTED_EDGE('',*,*,#7571,.T.);
#5213=CARTESIAN_POINT('',(4.25,-11.9999962962963,-4.19999259259261));
#5214=DIRECTION('',(0.0,-1.0,0.0));
#5215=DIRECTION('',(-1.83697019872103E-16,0.0,1.0));
#5216=SURFACE_STYLE_FILL_AREA(#7593);
#5217=ORIENTED_EDGE('',*,*,#7594,.F.);
#5218=ORIENTED_EDGE('',*,*,#7579,.F.);
#5219=ORIENTED_EDGE('',*,*,#7595,.T.);
#5220=ORIENTED_EDGE('',*,*,#7596,.F.);
#5221=CARTESIAN_POINT('',(4.25,-10.7499870370371,-5.12496342592594));
#5222=DIRECTION('',(0.0,1.0,0.0));
#5223=DIRECTION('',(1.83697019872103E-16,0.0,-1.0));
#5224=SURFACE_STYLE_FILL_AREA(#7597);
#5225=ORIENTED_EDGE('',*,*,#7598,.F.);
#5226=ORIENTED_EDGE('',*,*,#7595,.F.);
#5227=ORIENTED_EDGE('',*,*,#7578,.T.);
#5228=ORIENTED_EDGE('',*,*,#7583,.T.);
#5229=CARTESIAN_POINT('',(4.25,-10.8999763888889,-4.84992685185188));
#5230=DIRECTION('',(-1.83697019872103E-16,0.0,1.0));
#5231=DIRECTION('',(0.0,1.0,0.0));
#5232=SURFACE_STYLE_FILL_AREA(#7599);
#5233=ORIENTED_EDGE('',*,*,#7493,.F.);
#5234=ORIENTED_EDGE('',*,*,#7600,.F.);
#5235=ORIENTED_EDGE('',*,*,#7596,.T.);
#5236=ORIENTED_EDGE('',*,*,#7598,.T.);
#5237=ORIENTED_EDGE('',*,*,#7582,.T.);
#5238=ORIENTED_EDGE('',*,*,#7586,.T.);
#5239=ORIENTED_EDGE('',*,*,#7589,.T.);
#5240=ORIENTED_EDGE('',*,*,#7592,.T.);
#5241=ORIENTED_EDGE('',*,*,#7570,.T.);
#5242=CARTESIAN_POINT('',(2.75,-11.8030803877962,-4.84527588039257));
#5243=DIRECTION('',(-1.0,0.0,-1.83697019872103E-16));
#5244=DIRECTION('',(-1.83697019872103E-16,0.0,1.0));
#5245=SURFACE_STYLE_FILL_AREA(#7601);
#5246=ORIENTED_EDGE('',*,*,#7490,.F.);
#5247=ORIENTED_EDGE('',*,*,#7602,.F.);
#5248=ORIENTED_EDGE('',*,*,#7603,.F.);
#5249=ORIENTED_EDGE('',*,*,#7604,.T.);
#5250=CARTESIAN_POINT('',(0.750000000000001,-12.3499981481482,-4.49997129629633));
#5251=DIRECTION('',(-1.83697019872103E-16,0.0,1.0));
#5252=DIRECTION('',(0.0,1.0,0.0));
#5253=SURFACE_STYLE_FILL_AREA(#7605);
#5254=ORIENTED_EDGE('',*,*,#7491,.F.);
#5255=ORIENTED_EDGE('',*,*,#7604,.F.);
#5256=ORIENTED_EDGE('',*,*,#7606,.F.);
#5257=ORIENTED_EDGE('',*,*,#7607,.F.);
#5258=ORIENTED_EDGE('',*,*,#7608,.F.);
#5259=ORIENTED_EDGE('',*,*,#7609,.F.);
#5260=ORIENTED_EDGE('',*,*,#7610,.F.);
#5261=ORIENTED_EDGE('',*,*,#7611,.T.);
#5262=ORIENTED_EDGE('',*,*,#7612,.F.);
#5263=CARTESIAN_POINT('',(0.750000000000001,-11.8030803877962,-4.84527588039257));
#5264=DIRECTION('',(-1.0,0.0,-1.83697019872103E-16));
#5265=DIRECTION('',(-1.83697019872103E-16,0.0,1.0));
#5266=SURFACE_STYLE_FILL_AREA(#7613);
#5267=ORIENTED_EDGE('',*,*,#7614,.F.);
#5268=ORIENTED_EDGE('',*,*,#7615,.F.);
#5269=ORIENTED_EDGE('',*,*,#7609,.T.);
#5270=ORIENTED_EDGE('',*,*,#7616,.T.);
#5271=CARTESIAN_POINT('',(0.750000000000001,-11.4499569444445,-4.57493657407408));
#5272=DIRECTION('',(-1.51374694960467E-16,0.566523682092365,0.824045458472109));
#5273=DIRECTION('',(1.04068712087338E-16,0.824045458472109,-0.566523682092365));
#5274=SURFACE_STYLE_FILL_AREA(#7617);
#5275=ORIENTED_EDGE('',*,*,#7618,.F.);
#5276=ORIENTED_EDGE('',*,*,#7616,.F.);
#5277=ORIENTED_EDGE('',*,*,#7608,.T.);
#5278=ORIENTED_EDGE('',*,*,#7619,.T.);
#5279=CARTESIAN_POINT('',(0.750000000000001,-11.8499481481482,-4.09998009259258));
#5280=DIRECTION('',(0.0,1.0,0.0));
#5281=DIRECTION('',(1.83697019872103E-16,0.0,-1.0));
#5282=SURFACE_STYLE_FILL_AREA(#7620);
#5283=ORIENTED_EDGE('',*,*,#7621,.F.);
#5284=ORIENTED_EDGE('',*,*,#7619,.F.);
#5285=ORIENTED_EDGE('',*,*,#7607,.T.);
#5286=ORIENTED_EDGE('',*,*,#7622,.T.);
#5287=CARTESIAN_POINT('',(0.750000000000001,-11.9249722222223,-3.90001388888888));
#5288=DIRECTION('',(-1.83697019872103E-16,0.0,1.0));
#5289=DIRECTION('',(0.0,1.0,0.0));
#5290=SURFACE_STYLE_FILL_AREA(#7623);
#5291=ORIENTED_EDGE('',*,*,#7624,.F.);
#5292=ORIENTED_EDGE('',*,*,#7622,.F.);
#5293=ORIENTED_EDGE('',*,*,#7606,.T.);
#5294=ORIENTED_EDGE('',*,*,#7603,.T.);
#5295=CARTESIAN_POINT('',(0.750000000000001,-11.9999962962963,-4.19999259259261));
#5296=DIRECTION('',(0.0,-1.0,0.0));
#5297=DIRECTION('',(-1.83697019872103E-16,0.0,1.0));
#5298=SURFACE_STYLE_FILL_AREA(#7625);
#5299=ORIENTED_EDGE('',*,*,#7626,.F.);
#5300=ORIENTED_EDGE('',*,*,#7611,.F.);
#5301=ORIENTED_EDGE('',*,*,#7627,.T.);
#5302=ORIENTED_EDGE('',*,*,#7628,.F.);
#5303=CARTESIAN_POINT('',(0.750000000000001,-10.7499870370371,-5.12496342592594));
#5304=DIRECTION('',(0.0,1.0,0.0));
#5305=DIRECTION('',(1.83697019872103E-16,0.0,-1.0));
#5306=SURFACE_STYLE_FILL_AREA(#7629);
#5307=ORIENTED_EDGE('',*,*,#7630,.F.);
#5308=ORIENTED_EDGE('',*,*,#7627,.F.);
#5309=ORIENTED_EDGE('',*,*,#7610,.T.);
#5310=ORIENTED_EDGE('',*,*,#7615,.T.);
#5311=CARTESIAN_POINT('',(0.750000000000001,-10.8999763888889,-4.84992685185188));
#5312=DIRECTION('',(-1.83697019872103E-16,0.0,1.0));
#5313=DIRECTION('',(0.0,1.0,0.0));
#5314=SURFACE_STYLE_FILL_AREA(#7631);
#5315=ORIENTED_EDGE('',*,*,#7489,.F.);
#5316=ORIENTED_EDGE('',*,*,#7632,.F.);
#5317=ORIENTED_EDGE('',*,*,#7628,.T.);
#5318=ORIENTED_EDGE('',*,*,#7630,.T.);
#5319=ORIENTED_EDGE('',*,*,#7614,.T.);
#5320=ORIENTED_EDGE('',*,*,#7618,.T.);
#5321=ORIENTED_EDGE('',*,*,#7621,.T.);
#5322=ORIENTED_EDGE('',*,*,#7624,.T.);
#5323=ORIENTED_EDGE('',*,*,#7602,.T.);
#5324=CARTESIAN_POINT('',(-0.749999999999999,-11.8030803877962,-4.84527588039257));
#5325=DIRECTION('',(-1.0,0.0,-1.83697019872103E-16));
#5326=DIRECTION('',(-1.83697019872103E-16,0.0,1.0));
#5327=SURFACE_STYLE_FILL_AREA(#7633);
#5328=ORIENTED_EDGE('',*,*,#7468,.F.);
#5329=ORIENTED_EDGE('',*,*,#7634,.F.);
#5330=ORIENTED_EDGE('',*,*,#7635,.F.);
#5331=ORIENTED_EDGE('',*,*,#7636,.T.);
#5332=CARTESIAN_POINT('',(13.25,-12.3499981481482,4.49997129629633));
#5333=DIRECTION('',(6.12323399573676E-17,0.0,-1.0));
#5334=DIRECTION('',(0.0,1.0,0.0));
#5335=SURFACE_STYLE_FILL_AREA(#7637);
#5336=ORIENTED_EDGE('',*,*,#7469,.F.);
#5337=ORIENTED_EDGE('',*,*,#7636,.F.);
#5338=ORIENTED_EDGE('',*,*,#7638,.F.);
#5339=ORIENTED_EDGE('',*,*,#7639,.F.);
#5340=ORIENTED_EDGE('',*,*,#7640,.F.);
#5341=ORIENTED_EDGE('',*,*,#7641,.F.);
#5342=ORIENTED_EDGE('',*,*,#7642,.F.);
#5343=ORIENTED_EDGE('',*,*,#7643,.T.);
#5344=ORIENTED_EDGE('',*,*,#7644,.F.);
#5345=CARTESIAN_POINT('',(13.25,-11.8030803877962,4.84527588039257));
#5346=DIRECTION('',(1.0,0.0,6.12323399573676E-17));
#5347=DIRECTION('',(6.12323399573676E-17,0.0,-1.0));
#5348=SURFACE_STYLE_FILL_AREA(#7645);
#5349=ORIENTED_EDGE('',*,*,#7646,.F.);
#5350=ORIENTED_EDGE('',*,*,#7647,.F.);
#5351=ORIENTED_EDGE('',*,*,#7641,.T.);
#5352=ORIENTED_EDGE('',*,*,#7648,.T.);
#5353=CARTESIAN_POINT('',(13.25,-11.4499569444445,4.57493657407408));
#5354=DIRECTION('',(5.04582316534891E-17,0.566523682092365,-0.824045458472109));
#5355=DIRECTION('',(-3.46895706957794E-17,0.824045458472109,0.566523682092365));
#5356=SURFACE_STYLE_FILL_AREA(#7649);
#5357=ORIENTED_EDGE('',*,*,#7650,.F.);
#5358=ORIENTED_EDGE('',*,*,#7648,.F.);
#5359=ORIENTED_EDGE('',*,*,#7640,.T.);
#5360=ORIENTED_EDGE('',*,*,#7651,.T.);
#5361=CARTESIAN_POINT('',(13.25,-11.8499481481482,4.09998009259258));
#5362=DIRECTION('',(0.0,1.0,0.0));
#5363=DIRECTION('',(-6.12323399573676E-17,0.0,1.0));
#5364=SURFACE_STYLE_FILL_AREA(#7652);
#5365=ORIENTED_EDGE('',*,*,#7653,.F.);
#5366=ORIENTED_EDGE('',*,*,#7651,.F.);
#5367=ORIENTED_EDGE('',*,*,#7639,.T.);
#5368=ORIENTED_EDGE('',*,*,#7654,.T.);
#5369=CARTESIAN_POINT('',(13.25,-11.9249722222223,3.90001388888888));
#5370=DIRECTION('',(6.12323399573676E-17,0.0,-1.0));
#5371=DIRECTION('',(0.0,1.0,0.0));
#5372=SURFACE_STYLE_FILL_AREA(#7655);
#5373=ORIENTED_EDGE('',*,*,#7656,.F.);
#5374=ORIENTED_EDGE('',*,*,#7654,.F.);
#5375=ORIENTED_EDGE('',*,*,#7638,.T.);
#5376=ORIENTED_EDGE('',*,*,#7635,.T.);
#5377=CARTESIAN_POINT('',(13.25,-11.9999962962963,4.19999259259261));
#5378=DIRECTION('',(0.0,-1.0,0.0));
#5379=DIRECTION('',(6.12323399573676E-17,0.0,-1.0));
#5380=SURFACE_STYLE_FILL_AREA(#7657);
#5381=ORIENTED_EDGE('',*,*,#7658,.F.);
#5382=ORIENTED_EDGE('',*,*,#7643,.F.);
#5383=ORIENTED_EDGE('',*,*,#7659,.T.);
#5384=ORIENTED_EDGE('',*,*,#7660,.F.);
#5385=CARTESIAN_POINT('',(13.25,-10.7499870370371,5.12496342592594));
#5386=DIRECTION('',(0.0,1.0,0.0));
#5387=DIRECTION('',(-6.12323399573676E-17,0.0,1.0));
#5388=SURFACE_STYLE_FILL_AREA(#7661);
#5389=ORIENTED_EDGE('',*,*,#7662,.F.);
#5390=ORIENTED_EDGE('',*,*,#7659,.F.);
#5391=ORIENTED_EDGE('',*,*,#7642,.T.);
#5392=ORIENTED_EDGE('',*,*,#7647,.T.);
#5393=CARTESIAN_POINT('',(13.25,-10.8999763888889,4.84992685185188));
#5394=DIRECTION('',(6.12323399573676E-17,0.0,-1.0));
#5395=DIRECTION('',(0.0,1.0,0.0));
#5396=SURFACE_STYLE_FILL_AREA(#7663);
#5397=ORIENTED_EDGE('',*,*,#7467,.F.);
#5398=ORIENTED_EDGE('',*,*,#7664,.F.);
#5399=ORIENTED_EDGE('',*,*,#7660,.T.);
#5400=ORIENTED_EDGE('',*,*,#7662,.T.);
#5401=ORIENTED_EDGE('',*,*,#7646,.T.);
#5402=ORIENTED_EDGE('',*,*,#7650,.T.);
#5403=ORIENTED_EDGE('',*,*,#7653,.T.);
#5404=ORIENTED_EDGE('',*,*,#7656,.T.);
#5405=ORIENTED_EDGE('',*,*,#7634,.T.);
#5406=CARTESIAN_POINT('',(14.75,-11.8030803877962,4.84527588039257));
#5407=DIRECTION('',(1.0,0.0,6.12323399573676E-17));
#5408=DIRECTION('',(6.12323399573676E-17,0.0,-1.0));
#5409=SURFACE_STYLE_FILL_AREA(#7665);
#5410=ORIENTED_EDGE('',*,*,#7472,.F.);
#5411=ORIENTED_EDGE('',*,*,#7666,.F.);
#5412=ORIENTED_EDGE('',*,*,#7667,.F.);
#5413=ORIENTED_EDGE('',*,*,#7668,.T.);
#5414=CARTESIAN_POINT('',(9.75,-12.3499981481482,4.49997129629633));
#5415=DIRECTION('',(6.12323399573676E-17,0.0,-1.0));
#5416=DIRECTION('',(0.0,1.0,0.0));
#5417=SURFACE_STYLE_FILL_AREA(#7669);
#5418=ORIENTED_EDGE('',*,*,#7473,.F.);
#5419=ORIENTED_EDGE('',*,*,#7668,.F.);
#5420=ORIENTED_EDGE('',*,*,#7670,.F.);
#5421=ORIENTED_EDGE('',*,*,#7671,.F.);
#5422=ORIENTED_EDGE('',*,*,#7672,.F.);
#5423=ORIENTED_EDGE('',*,*,#7673,.F.);
#5424=ORIENTED_EDGE('',*,*,#7674,.F.);
#5425=ORIENTED_EDGE('',*,*,#7675,.T.);
#5426=ORIENTED_EDGE('',*,*,#7676,.F.);
#5427=CARTESIAN_POINT('',(9.75,-11.8030803877962,4.84527588039257));
#5428=DIRECTION('',(1.0,0.0,6.12323399573676E-17));
#5429=DIRECTION('',(6.12323399573676E-17,0.0,-1.0));
#5430=SURFACE_STYLE_FILL_AREA(#7677);
#5431=ORIENTED_EDGE('',*,*,#7678,.F.);
#5432=ORIENTED_EDGE('',*,*,#7679,.F.);
#5433=ORIENTED_EDGE('',*,*,#7673,.T.);
#5434=ORIENTED_EDGE('',*,*,#7680,.T.);
#5435=CARTESIAN_POINT('',(9.75,-11.4499569444445,4.57493657407408));
#5436=DIRECTION('',(5.04582316534891E-17,0.566523682092365,-0.824045458472109));
#5437=DIRECTION('',(-3.46895706957794E-17,0.824045458472109,0.566523682092365));
#5438=SURFACE_STYLE_FILL_AREA(#7681);
#5439=ORIENTED_EDGE('',*,*,#7682,.F.);
#5440=ORIENTED_EDGE('',*,*,#7680,.F.);
#5441=ORIENTED_EDGE('',*,*,#7672,.T.);
#5442=ORIENTED_EDGE('',*,*,#7683,.T.);
#5443=CARTESIAN_POINT('',(9.75,-11.8499481481482,4.09998009259258));
#5444=DIRECTION('',(0.0,1.0,0.0));
#5445=DIRECTION('',(-6.12323399573676E-17,0.0,1.0));
#5446=SURFACE_STYLE_FILL_AREA(#7684);
#5447=ORIENTED_EDGE('',*,*,#7685,.F.);
#5448=ORIENTED_EDGE('',*,*,#7683,.F.);
#5449=ORIENTED_EDGE('',*,*,#7671,.T.);
#5450=ORIENTED_EDGE('',*,*,#7686,.T.);
#5451=CARTESIAN_POINT('',(9.75,-11.9249722222223,3.90001388888888));
#5452=DIRECTION('',(6.12323399573676E-17,0.0,-1.0));
#5453=DIRECTION('',(0.0,1.0,0.0));
#5454=SURFACE_STYLE_FILL_AREA(#7687);
#5455=ORIENTED_EDGE('',*,*,#7688,.F.);
#5456=ORIENTED_EDGE('',*,*,#7686,.F.);
#5457=ORIENTED_EDGE('',*,*,#7670,.T.);
#5458=ORIENTED_EDGE('',*,*,#7667,.T.);
#5459=CARTESIAN_POINT('',(9.75,-11.9999962962963,4.19999259259261));
#5460=DIRECTION('',(0.0,-1.0,0.0));
#5461=DIRECTION('',(6.12323399573676E-17,0.0,-1.0));
#5462=SURFACE_STYLE_FILL_AREA(#7689);
#5463=ORIENTED_EDGE('',*,*,#7690,.F.);
#5464=ORIENTED_EDGE('',*,*,#7675,.F.);
#5465=ORIENTED_EDGE('',*,*,#7691,.T.);
#5466=ORIENTED_EDGE('',*,*,#7692,.F.);
#5467=CARTESIAN_POINT('',(9.75,-10.7499870370371,5.12496342592594));
#5468=DIRECTION('',(0.0,1.0,0.0));
#5469=DIRECTION('',(-6.12323399573676E-17,0.0,1.0));
#5470=SURFACE_STYLE_FILL_AREA(#7693);
#5471=ORIENTED_EDGE('',*,*,#7694,.F.);
#5472=ORIENTED_EDGE('',*,*,#7691,.F.);
#5473=ORIENTED_EDGE('',*,*,#7674,.T.);
#5474=ORIENTED_EDGE('',*,*,#7679,.T.);
#5475=CARTESIAN_POINT('',(9.75,-10.8999763888889,4.84992685185188));
#5476=DIRECTION('',(6.12323399573676E-17,0.0,-1.0));
#5477=DIRECTION('',(0.0,1.0,0.0));
#5478=SURFACE_STYLE_FILL_AREA(#7695);
#5479=ORIENTED_EDGE('',*,*,#7471,.F.);
#5480=ORIENTED_EDGE('',*,*,#7696,.F.);
#5481=ORIENTED_EDGE('',*,*,#7692,.T.);
#5482=ORIENTED_EDGE('',*,*,#7694,.T.);
#5483=ORIENTED_EDGE('',*,*,#7678,.T.);
#5484=ORIENTED_EDGE('',*,*,#7682,.T.);
#5485=ORIENTED_EDGE('',*,*,#7685,.T.);
#5486=ORIENTED_EDGE('',*,*,#7688,.T.);
#5487=ORIENTED_EDGE('',*,*,#7666,.T.);
#5488=CARTESIAN_POINT('',(11.25,-11.8030803877962,4.84527588039257));
#5489=DIRECTION('',(1.0,0.0,6.12323399573676E-17));
#5490=DIRECTION('',(6.12323399573676E-17,0.0,-1.0));
#5491=SURFACE_STYLE_FILL_AREA(#7697);
#5492=ORIENTED_EDGE('',*,*,#7476,.F.);
#5493=ORIENTED_EDGE('',*,*,#7698,.F.);
#5494=ORIENTED_EDGE('',*,*,#7699,.F.);
#5495=ORIENTED_EDGE('',*,*,#7700,.T.);
#5496=CARTESIAN_POINT('',(6.25,-12.3499981481482,4.49997129629633));
#5497=DIRECTION('',(6.12323399573676E-17,0.0,-1.0));
#5498=DIRECTION('',(0.0,1.0,0.0));
#5499=SURFACE_STYLE_FILL_AREA(#7701);
#5500=ORIENTED_EDGE('',*,*,#7477,.F.);
#5501=ORIENTED_EDGE('',*,*,#7700,.F.);
#5502=ORIENTED_EDGE('',*,*,#7702,.F.);
#5503=ORIENTED_EDGE('',*,*,#7703,.F.);
#5504=ORIENTED_EDGE('',*,*,#7704,.F.);
#5505=ORIENTED_EDGE('',*,*,#7705,.F.);
#5506=ORIENTED_EDGE('',*,*,#7706,.F.);
#5507=ORIENTED_EDGE('',*,*,#7707,.T.);
#5508=ORIENTED_EDGE('',*,*,#7708,.F.);
#5509=CARTESIAN_POINT('',(6.25,-11.8030803877962,4.84527588039257));
#5510=DIRECTION('',(1.0,0.0,6.12323399573676E-17));
#5511=DIRECTION('',(6.12323399573676E-17,0.0,-1.0));
#5512=SURFACE_STYLE_FILL_AREA(#7709);
#5513=ORIENTED_EDGE('',*,*,#7710,.F.);
#5514=ORIENTED_EDGE('',*,*,#7711,.F.);
#5515=ORIENTED_EDGE('',*,*,#7705,.T.);
#5516=ORIENTED_EDGE('',*,*,#7712,.T.);
#5517=CARTESIAN_POINT('',(6.25,-11.4499569444445,4.57493657407408));
#5518=DIRECTION('',(5.04582316534891E-17,0.566523682092365,-0.824045458472109));
#5519=DIRECTION('',(-3.46895706957794E-17,0.824045458472109,0.566523682092365));
#5520=SURFACE_STYLE_FILL_AREA(#7713);
#5521=ORIENTED_EDGE('',*,*,#7714,.F.);
#5522=ORIENTED_EDGE('',*,*,#7712,.F.);
#5523=ORIENTED_EDGE('',*,*,#7704,.T.);
#5524=ORIENTED_EDGE('',*,*,#7715,.T.);
#5525=CARTESIAN_POINT('',(6.25,-11.8499481481482,4.09998009259258));
#5526=DIRECTION('',(0.0,1.0,0.0));
#5527=DIRECTION('',(-6.12323399573676E-17,0.0,1.0));
#5528=SURFACE_STYLE_FILL_AREA(#7716);
#5529=ORIENTED_EDGE('',*,*,#7717,.F.);
#5530=ORIENTED_EDGE('',*,*,#7715,.F.);
#5531=ORIENTED_EDGE('',*,*,#7703,.T.);
#5532=ORIENTED_EDGE('',*,*,#7718,.T.);
#5533=CARTESIAN_POINT('',(6.25,-11.9249722222223,3.90001388888888));
#5534=DIRECTION('',(6.12323399573676E-17,0.0,-1.0));
#5535=DIRECTION('',(0.0,1.0,0.0));
#5536=SURFACE_STYLE_FILL_AREA(#7719);
#5537=ORIENTED_EDGE('',*,*,#7720,.F.);
#5538=ORIENTED_EDGE('',*,*,#7718,.F.);
#5539=ORIENTED_EDGE('',*,*,#7702,.T.);
#5540=ORIENTED_EDGE('',*,*,#7699,.T.);
#5541=CARTESIAN_POINT('',(6.25,-11.9999962962963,4.19999259259261));
#5542=DIRECTION('',(0.0,-1.0,0.0));
#5543=DIRECTION('',(6.12323399573676E-17,0.0,-1.0));
#5544=SURFACE_STYLE_FILL_AREA(#7721);
#5545=ORIENTED_EDGE('',*,*,#7722,.F.);
#5546=ORIENTED_EDGE('',*,*,#7707,.F.);
#5547=ORIENTED_EDGE('',*,*,#7723,.T.);
#5548=ORIENTED_EDGE('',*,*,#7724,.F.);
#5549=CARTESIAN_POINT('',(6.25,-10.7499870370371,5.12496342592594));
#5550=DIRECTION('',(0.0,1.0,0.0));
#5551=DIRECTION('',(-6.12323399573676E-17,0.0,1.0));
#5552=SURFACE_STYLE_FILL_AREA(#7725);
#5553=ORIENTED_EDGE('',*,*,#7726,.F.);
#5554=ORIENTED_EDGE('',*,*,#7723,.F.);
#5555=ORIENTED_EDGE('',*,*,#7706,.T.);
#5556=ORIENTED_EDGE('',*,*,#7711,.T.);
#5557=CARTESIAN_POINT('',(6.25,-10.8999763888889,4.84992685185188));
#5558=DIRECTION('',(6.12323399573676E-17,0.0,-1.0));
#5559=DIRECTION('',(0.0,1.0,0.0));
#5560=SURFACE_STYLE_FILL_AREA(#7727);
#5561=ORIENTED_EDGE('',*,*,#7475,.F.);
#5562=ORIENTED_EDGE('',*,*,#7728,.F.);
#5563=ORIENTED_EDGE('',*,*,#7724,.T.);
#5564=ORIENTED_EDGE('',*,*,#7726,.T.);
#5565=ORIENTED_EDGE('',*,*,#7710,.T.);
#5566=ORIENTED_EDGE('',*,*,#7714,.T.);
#5567=ORIENTED_EDGE('',*,*,#7717,.T.);
#5568=ORIENTED_EDGE('',*,*,#7720,.T.);
#5569=ORIENTED_EDGE('',*,*,#7698,.T.);
#5570=CARTESIAN_POINT('',(7.75,-11.8030803877962,4.84527588039257));
#5571=DIRECTION('',(1.0,0.0,6.12323399573676E-17));
#5572=DIRECTION('',(6.12323399573676E-17,0.0,-1.0));
#5573=SURFACE_STYLE_FILL_AREA(#7729);
#5574=ORIENTED_EDGE('',*,*,#7480,.F.);
#5575=ORIENTED_EDGE('',*,*,#7730,.F.);
#5576=ORIENTED_EDGE('',*,*,#7731,.F.);
#5577=ORIENTED_EDGE('',*,*,#7732,.T.);
#5578=CARTESIAN_POINT('',(2.75,-12.3499981481482,4.49997129629633));
#5579=DIRECTION('',(6.12323399573676E-17,0.0,-1.0));
#5580=DIRECTION('',(0.0,1.0,0.0));
#5581=SURFACE_STYLE_FILL_AREA(#7733);
#5582=ORIENTED_EDGE('',*,*,#7481,.F.);
#5583=ORIENTED_EDGE('',*,*,#7732,.F.);
#5584=ORIENTED_EDGE('',*,*,#7734,.F.);
#5585=ORIENTED_EDGE('',*,*,#7735,.F.);
#5586=ORIENTED_EDGE('',*,*,#7736,.F.);
#5587=ORIENTED_EDGE('',*,*,#7737,.F.);
#5588=ORIENTED_EDGE('',*,*,#7738,.F.);
#5589=ORIENTED_EDGE('',*,*,#7739,.T.);
#5590=ORIENTED_EDGE('',*,*,#7740,.F.);
#5591=CARTESIAN_POINT('',(2.75,-11.8030803877962,4.84527588039257));
#5592=DIRECTION('',(1.0,0.0,6.12323399573676E-17));
#5593=DIRECTION('',(6.12323399573676E-17,0.0,-1.0));
#5594=SURFACE_STYLE_FILL_AREA(#7741);
#5595=ORIENTED_EDGE('',*,*,#7742,.F.);
#5596=ORIENTED_EDGE('',*,*,#7743,.F.);
#5597=ORIENTED_EDGE('',*,*,#7737,.T.);
#5598=ORIENTED_EDGE('',*,*,#7744,.T.);
#5599=CARTESIAN_POINT('',(2.75,-11.4499569444445,4.57493657407408));
#5600=DIRECTION('',(5.04582316534891E-17,0.566523682092365,-0.824045458472109));
#5601=DIRECTION('',(-3.46895706957794E-17,0.824045458472109,0.566523682092365));
#5602=SURFACE_STYLE_FILL_AREA(#7745);
#5603=ORIENTED_EDGE('',*,*,#7746,.F.);
#5604=ORIENTED_EDGE('',*,*,#7744,.F.);
#5605=ORIENTED_EDGE('',*,*,#7736,.T.);
#5606=ORIENTED_EDGE('',*,*,#7747,.T.);
#5607=CARTESIAN_POINT('',(2.75,-11.8499481481482,4.09998009259258));
#5608=DIRECTION('',(0.0,1.0,0.0));
#5609=DIRECTION('',(-6.12323399573676E-17,0.0,1.0));
#5610=SURFACE_STYLE_FILL_AREA(#7748);
#5611=ORIENTED_EDGE('',*,*,#7749,.F.);
#5612=ORIENTED_EDGE('',*,*,#7747,.F.);
#5613=ORIENTED_EDGE('',*,*,#7735,.T.);
#5614=ORIENTED_EDGE('',*,*,#7750,.T.);
#5615=CARTESIAN_POINT('',(2.75,-11.9249722222223,3.90001388888888));
#5616=DIRECTION('',(6.12323399573676E-17,0.0,-1.0));
#5617=DIRECTION('',(0.0,1.0,0.0));
#5618=SURFACE_STYLE_FILL_AREA(#7751);
#5619=ORIENTED_EDGE('',*,*,#7752,.F.);
#5620=ORIENTED_EDGE('',*,*,#7750,.F.);
#5621=ORIENTED_EDGE('',*,*,#7734,.T.);
#5622=ORIENTED_EDGE('',*,*,#7731,.T.);
#5623=CARTESIAN_POINT('',(2.75,-11.9999962962963,4.19999259259261));
#5624=DIRECTION('',(0.0,-1.0,0.0));
#5625=DIRECTION('',(6.12323399573676E-17,0.0,-1.0));
#5626=SURFACE_STYLE_FILL_AREA(#7753);
#5627=ORIENTED_EDGE('',*,*,#7754,.F.);
#5628=ORIENTED_EDGE('',*,*,#7739,.F.);
#5629=ORIENTED_EDGE('',*,*,#7755,.T.);
#5630=ORIENTED_EDGE('',*,*,#7756,.F.);
#5631=CARTESIAN_POINT('',(2.75,-10.7499870370371,5.12496342592594));
#5632=DIRECTION('',(0.0,1.0,0.0));
#5633=DIRECTION('',(-6.12323399573676E-17,0.0,1.0));
#5634=SURFACE_STYLE_FILL_AREA(#7757);
#5635=ORIENTED_EDGE('',*,*,#7758,.F.);
#5636=ORIENTED_EDGE('',*,*,#7755,.F.);
#5637=ORIENTED_EDGE('',*,*,#7738,.T.);
#5638=ORIENTED_EDGE('',*,*,#7743,.T.);
#5639=CARTESIAN_POINT('',(2.75,-10.8999763888889,4.84992685185188));
#5640=DIRECTION('',(6.12323399573676E-17,0.0,-1.0));
#5641=DIRECTION('',(0.0,1.0,0.0));
#5642=SURFACE_STYLE_FILL_AREA(#7759);
#5643=ORIENTED_EDGE('',*,*,#7479,.F.);
#5644=ORIENTED_EDGE('',*,*,#7760,.F.);
#5645=ORIENTED_EDGE('',*,*,#7756,.T.);
#5646=ORIENTED_EDGE('',*,*,#7758,.T.);
#5647=ORIENTED_EDGE('',*,*,#7742,.T.);
#5648=ORIENTED_EDGE('',*,*,#7746,.T.);
#5649=ORIENTED_EDGE('',*,*,#7749,.T.);
#5650=ORIENTED_EDGE('',*,*,#7752,.T.);
#5651=ORIENTED_EDGE('',*,*,#7730,.T.);
#5652=CARTESIAN_POINT('',(4.25,-11.8030803877962,4.84527588039257));
#5653=DIRECTION('',(1.0,0.0,6.12323399573676E-17));
#5654=DIRECTION('',(6.12323399573676E-17,0.0,-1.0));
#5655=SURFACE_STYLE_FILL_AREA(#7761);
#5656=ORIENTED_EDGE('',*,*,#7484,.F.);
#5657=ORIENTED_EDGE('',*,*,#7762,.F.);
#5658=ORIENTED_EDGE('',*,*,#7763,.F.);
#5659=ORIENTED_EDGE('',*,*,#7764,.T.);
#5660=CARTESIAN_POINT('',(-0.75,-12.3499981481482,4.49997129629633));
#5661=DIRECTION('',(6.12323399573676E-17,0.0,-1.0));
#5662=DIRECTION('',(0.0,1.0,0.0));
#5663=SURFACE_STYLE_FILL_AREA(#7765);
#5664=ORIENTED_EDGE('',*,*,#7485,.F.);
#5665=ORIENTED_EDGE('',*,*,#7764,.F.);
#5666=ORIENTED_EDGE('',*,*,#7766,.F.);
#5667=ORIENTED_EDGE('',*,*,#7767,.F.);
#5668=ORIENTED_EDGE('',*,*,#7768,.F.);
#5669=ORIENTED_EDGE('',*,*,#7769,.F.);
#5670=ORIENTED_EDGE('',*,*,#7770,.F.);
#5671=ORIENTED_EDGE('',*,*,#7771,.T.);
#5672=ORIENTED_EDGE('',*,*,#7772,.F.);
#5673=CARTESIAN_POINT('',(-0.75,-11.8030803877962,4.84527588039257));
#5674=DIRECTION('',(1.0,0.0,6.12323399573676E-17));
#5675=DIRECTION('',(6.12323399573676E-17,0.0,-1.0));
#5676=SURFACE_STYLE_FILL_AREA(#7773);
#5677=ORIENTED_EDGE('',*,*,#7774,.F.);
#5678=ORIENTED_EDGE('',*,*,#7775,.F.);
#5679=ORIENTED_EDGE('',*,*,#7769,.T.);
#5680=ORIENTED_EDGE('',*,*,#7776,.T.);
#5681=CARTESIAN_POINT('',(-0.75,-11.4499569444445,4.57493657407408));
#5682=DIRECTION('',(5.04582316534891E-17,0.566523682092365,-0.824045458472109));
#5683=DIRECTION('',(-3.46895706957794E-17,0.824045458472109,0.566523682092365));
#5684=SURFACE_STYLE_FILL_AREA(#7777);
#5685=ORIENTED_EDGE('',*,*,#7778,.F.);
#5686=ORIENTED_EDGE('',*,*,#7776,.F.);
#5687=ORIENTED_EDGE('',*,*,#7768,.T.);
#5688=ORIENTED_EDGE('',*,*,#7779,.T.);
#5689=CARTESIAN_POINT('',(-0.75,-11.8499481481482,4.09998009259258));
#5690=DIRECTION('',(0.0,1.0,0.0));
#5691=DIRECTION('',(-6.12323399573676E-17,0.0,1.0));
#5692=SURFACE_STYLE_FILL_AREA(#7780);
#5693=ORIENTED_EDGE('',*,*,#7781,.F.);
#5694=ORIENTED_EDGE('',*,*,#7779,.F.);
#5695=ORIENTED_EDGE('',*,*,#7767,.T.);
#5696=ORIENTED_EDGE('',*,*,#7782,.T.);
#5697=CARTESIAN_POINT('',(-0.75,-11.9249722222223,3.90001388888888));
#5698=DIRECTION('',(6.12323399573676E-17,0.0,-1.0));
#5699=DIRECTION('',(0.0,1.0,0.0));
#5700=SURFACE_STYLE_FILL_AREA(#7783);
#5701=ORIENTED_EDGE('',*,*,#7784,.F.);
#5702=ORIENTED_EDGE('',*,*,#7782,.F.);
#5703=ORIENTED_EDGE('',*,*,#7766,.T.);
#5704=ORIENTED_EDGE('',*,*,#7763,.T.);
#5705=CARTESIAN_POINT('',(-0.75,-11.9999962962963,4.19999259259261));
#5706=DIRECTION('',(0.0,-1.0,0.0));
#5707=DIRECTION('',(6.12323399573676E-17,0.0,-1.0));
#5708=SURFACE_STYLE_FILL_AREA(#7785);
#5709=ORIENTED_EDGE('',*,*,#7786,.F.);
#5710=ORIENTED_EDGE('',*,*,#7771,.F.);
#5711=ORIENTED_EDGE('',*,*,#7787,.T.);
#5712=ORIENTED_EDGE('',*,*,#7788,.F.);
#5713=CARTESIAN_POINT('',(-0.75,-10.7499870370371,5.12496342592594));
#5714=DIRECTION('',(0.0,1.0,0.0));
#5715=DIRECTION('',(-6.12323399573676E-17,0.0,1.0));
#5716=SURFACE_STYLE_FILL_AREA(#7789);
#5717=ORIENTED_EDGE('',*,*,#7790,.F.);
#5718=ORIENTED_EDGE('',*,*,#7787,.F.);
#5719=ORIENTED_EDGE('',*,*,#7770,.T.);
#5720=ORIENTED_EDGE('',*,*,#7775,.T.);
#5721=CARTESIAN_POINT('',(-0.75,-10.8999763888889,4.84992685185188));
#5722=DIRECTION('',(6.12323399573676E-17,0.0,-1.0));
#5723=DIRECTION('',(0.0,1.0,0.0));
#5724=SURFACE_STYLE_FILL_AREA(#7791);
#5725=ORIENTED_EDGE('',*,*,#7483,.F.);
#5726=ORIENTED_EDGE('',*,*,#7792,.F.);
#5727=ORIENTED_EDGE('',*,*,#7788,.T.);
#5728=ORIENTED_EDGE('',*,*,#7790,.T.);
#5729=ORIENTED_EDGE('',*,*,#7774,.T.);
#5730=ORIENTED_EDGE('',*,*,#7778,.T.);
#5731=ORIENTED_EDGE('',*,*,#7781,.T.);
#5732=ORIENTED_EDGE('',*,*,#7784,.T.);
#5733=ORIENTED_EDGE('',*,*,#7762,.T.);
#5734=CARTESIAN_POINT('',(0.75,-11.8030803877962,4.84527588039257));
#5735=DIRECTION('',(1.0,0.0,6.12323399573676E-17));
#5736=DIRECTION('',(6.12323399573676E-17,0.0,-1.0));
#5737=SURFACE_STYLE_FILL_AREA(#7793);
#5738=ORIENTED_EDGE('',*,*,#7794,.F.);
#5739=ORIENTED_EDGE('',*,*,#7795,.F.);
#5740=ORIENTED_EDGE('',*,*,#7796,.F.);
#5741=ORIENTED_EDGE('',*,*,#7797,.F.);
#5742=ORIENTED_EDGE('',*,*,#7798,.F.);
#5743=ORIENTED_EDGE('',*,*,#7799,.F.);
#5744=ORIENTED_EDGE('',*,*,#7800,.F.);
#5745=CARTESIAN_POINT('',(15.4478,-12.5,4.75389999999999));
#5746=DIRECTION('',(1.0,0.0,0.0));
#5747=DIRECTION('',(0.0,6.12323399573676E-17,-1.0));
#5748=SURFACE_STYLE_FILL_AREA(#7801);
#5749=ORIENTED_EDGE('',*,*,#7802,.F.);
#5750=ORIENTED_EDGE('',*,*,#7797,.T.);
#5751=ORIENTED_EDGE('',*,*,#7803,.F.);
#5752=ORIENTED_EDGE('',*,*,#7804,.F.);
#5753=CARTESIAN_POINT('',(15.1684,-12.5,3.51090000000028));
#5754=DIRECTION('',(0.905690226558377,2.59588446951403E-17,-0.423940106048762));
#5755=DIRECTION('',(-0.423940106048762,5.54575318486879E-17,-0.905690226558377));
#5756=SURFACE_STYLE_FILL_AREA(#7805);
#5757=ORIENTED_EDGE('',*,*,#7806,.F.);
#5758=ORIENTED_EDGE('',*,*,#7807,.F.);
#5759=ORIENTED_EDGE('',*,*,#7808,.F.);
#5760=ORIENTED_EDGE('',*,*,#7809,.F.);
#5761=ORIENTED_EDGE('',*,*,#7810,.T.);
#5762=ORIENTED_EDGE('',*,*,#7811,.F.);
#5763=ORIENTED_EDGE('',*,*,#7812,.F.);
#5764=CARTESIAN_POINT('',(12.5522,-12.5,4.75390000000008));
#5765=DIRECTION('',(-1.0,0.0,0.0));
#5766=DIRECTION('',(0.0,-6.12323399573676E-17,1.0));
#5767=SURFACE_STYLE_FILL_AREA(#7813);
#5768=ORIENTED_EDGE('',*,*,#7814,.F.);
#5769=ORIENTED_EDGE('',*,*,#7815,.F.);
#5770=ORIENTED_EDGE('',*,*,#7816,.F.);
#5771=ORIENTED_EDGE('',*,*,#7810,.F.);
#5772=CARTESIAN_POINT('',(12.8316,-12.5,3.51090000000028));
#5773=DIRECTION('',(-0.905690226558377,2.59588446951403E-17,-0.423940106048762));
#5774=DIRECTION('',(-0.423940106048762,-5.54575318486879E-17,0.905690226558377));
#5775=SURFACE_STYLE_FILL_AREA(#7817);
#5776=ORIENTED_EDGE('',*,*,#7799,.T.);
#5777=ORIENTED_EDGE('',*,*,#7818,.T.);
#5778=ORIENTED_EDGE('',*,*,#7808,.T.);
#5779=ORIENTED_EDGE('',*,*,#7819,.F.);
#5780=CARTESIAN_POINT('',(17.0,-9.8076,4.28690000000013));
#5781=DIRECTION('',(0.0,-1.0,0.0));
#5782=DIRECTION('',(6.12323399573676E-17,0.0,1.0));
#5783=SURFACE_STYLE_FILL_AREA(#7820);
#5784=ORIENTED_EDGE('',*,*,#7798,.T.);
#5785=ORIENTED_EDGE('',*,*,#7802,.T.);
#5786=ORIENTED_EDGE('',*,*,#7821,.T.);
#5787=ORIENTED_EDGE('',*,*,#7814,.T.);
#5788=ORIENTED_EDGE('',*,*,#7809,.T.);
#5789=ORIENTED_EDGE('',*,*,#7818,.F.);
#5790=CARTESIAN_POINT('',(17.0,-9.75680000000001,3.52490000000031));
#5791=DIRECTION('',(-5.19249204341102E-18,-0.996398007205978,-0.084799830400508));
#5792=DIRECTION('',(6.10117815100801E-17,-0.084799830400508,0.996398007205978));
#5793=SURFACE_STYLE_FILL_AREA(#7822);
#5794=ORIENTED_EDGE('',*,*,#7804,.T.);
#5795=ORIENTED_EDGE('',*,*,#7823,.T.);
#5796=ORIENTED_EDGE('',*,*,#7815,.T.);
#5797=ORIENTED_EDGE('',*,*,#7821,.F.);
#5798=CARTESIAN_POINT('',(17.0,-8.35980000000002,2.92800000000037));
#5799=DIRECTION('',(-6.12323399573676E-17,-0.0,-1.0));
#5800=DIRECTION('',(0.0,-1.0,0.0));
#5801=SURFACE_STYLE_FILL_AREA(#7824);
#5802=ORIENTED_EDGE('',*,*,#7803,.T.);
#5803=ORIENTED_EDGE('',*,*,#7796,.T.);
#5804=ORIENTED_EDGE('',*,*,#7825,.T.);
#5805=ORIENTED_EDGE('',*,*,#7811,.T.);
#5806=ORIENTED_EDGE('',*,*,#7816,.T.);
#5807=ORIENTED_EDGE('',*,*,#7823,.F.);
#5808=CARTESIAN_POINT('',(17.0,-6.3151,3.52490000000031));
#5809=DIRECTION('',(-4.65507504194341E-17,0.649652327582099,-0.760231447170638));
#5810=DIRECTION('',(-3.97797321766022E-17,-0.760231447170638,-0.649652327582099));
#5811=SURFACE_STYLE_FILL_AREA(#7826);
#5812=ORIENTED_EDGE('',*,*,#7827,.F.);
#5813=ORIENTED_EDGE('',*,*,#7812,.T.);
#5814=ORIENTED_EDGE('',*,*,#7825,.F.);
#5815=ORIENTED_EDGE('',*,*,#7795,.T.);
#5816=CARTESIAN_POINT('',(17.0,-5.61659999999998,4.76790000000015));
#5817=DIRECTION('',(0.0,1.0,0.0));
#5818=DIRECTION('',(-6.12323399573676E-17,0.0,-1.0));
#5819=SURFACE_STYLE_FILL_AREA(#7828);
#5820=ORIENTED_EDGE('',*,*,#7807,.T.);
#5821=ORIENTED_EDGE('',*,*,#7829,.T.);
#5822=ORIENTED_EDGE('',*,*,#7830,.T.);
#5823=ORIENTED_EDGE('',*,*,#7831,.F.);
#5824=CARTESIAN_POINT('',(16.3,-9.8076,4.82600000000001));
#5825=DIRECTION('',(3.63537720172974E-32,-1.0,5.93702152205981E-16));
#5826=DIRECTION('',(6.12323399573676E-17,5.93702152205981E-16,1.0));
#5827=SURFACE_STYLE_FILL_AREA(#7832);
#5828=ORIENTED_EDGE('',*,*,#7800,.T.);
#5829=ORIENTED_EDGE('',*,*,#7833,.F.);
#5830=ORIENTED_EDGE('',*,*,#7834,.F.);
#5831=ORIENTED_EDGE('',*,*,#7835,.T.);
#5832=CARTESIAN_POINT('',(16.3,-9.8076,4.82600000000001));
#5833=DIRECTION('',(3.63537720172974E-32,-1.0,5.93702152205981E-16));
#5834=DIRECTION('',(6.12323399573676E-17,5.93702152205981E-16,1.0));
#5835=SURFACE_STYLE_FILL_AREA(#7836);
#5836=ORIENTED_EDGE('',*,*,#7837,.F.);
#5837=ORIENTED_EDGE('',*,*,#7838,.F.);
#5838=ORIENTED_EDGE('',*,*,#7839,.F.);
#5839=ORIENTED_EDGE('',*,*,#7840,.F.);
#5840=ORIENTED_EDGE('',*,*,#7841,.F.);
#5841=ORIENTED_EDGE('',*,*,#7842,.F.);
#5842=ORIENTED_EDGE('',*,*,#7830,.F.);
#5843=CARTESIAN_POINT('',(11.9478,-12.5,4.75389999999999));
#5844=DIRECTION('',(1.0,0.0,0.0));
#5845=DIRECTION('',(0.0,6.12323399573676E-17,-1.0));
#5846=SURFACE_STYLE_FILL_AREA(#7843);
#5847=ORIENTED_EDGE('',*,*,#7844,.F.);
#5848=ORIENTED_EDGE('',*,*,#7840,.T.);
#5849=ORIENTED_EDGE('',*,*,#7845,.F.);
#5850=ORIENTED_EDGE('',*,*,#7846,.F.);
#5851=CARTESIAN_POINT('',(11.6684,-12.5,3.51090000000028));
#5852=DIRECTION('',(0.905690226558377,2.59588446951403E-17,-0.423940106048762));
#5853=DIRECTION('',(-0.423940106048762,5.54575318486879E-17,-0.905690226558377));
#5854=SURFACE_STYLE_FILL_AREA(#7847);
#5855=ORIENTED_EDGE('',*,*,#7848,.F.);
#5856=ORIENTED_EDGE('',*,*,#7849,.F.);
#5857=ORIENTED_EDGE('',*,*,#7850,.F.);
#5858=ORIENTED_EDGE('',*,*,#7851,.F.);
#5859=ORIENTED_EDGE('',*,*,#7852,.T.);
#5860=ORIENTED_EDGE('',*,*,#7853,.F.);
#5861=ORIENTED_EDGE('',*,*,#7854,.F.);
#5862=CARTESIAN_POINT('',(9.05219999999999,-12.5,4.75390000000008));
#5863=DIRECTION('',(-1.0,0.0,0.0));
#5864=DIRECTION('',(0.0,-6.12323399573676E-17,1.0));
#5865=SURFACE_STYLE_FILL_AREA(#7855);
#5866=ORIENTED_EDGE('',*,*,#7856,.F.);
#5867=ORIENTED_EDGE('',*,*,#7857,.F.);
#5868=ORIENTED_EDGE('',*,*,#7858,.F.);
#5869=ORIENTED_EDGE('',*,*,#7852,.F.);
#5870=CARTESIAN_POINT('',(9.33159999999999,-12.5,3.51090000000028));
#5871=DIRECTION('',(-0.905690226558377,2.59588446951403E-17,-0.423940106048762));
#5872=DIRECTION('',(-0.423940106048762,-5.54575318486879E-17,0.905690226558377));
#5873=SURFACE_STYLE_FILL_AREA(#7859);
#5874=ORIENTED_EDGE('',*,*,#7842,.T.);
#5875=ORIENTED_EDGE('',*,*,#7860,.T.);
#5876=ORIENTED_EDGE('',*,*,#7850,.T.);
#5877=ORIENTED_EDGE('',*,*,#7861,.F.);
#5878=CARTESIAN_POINT('',(13.5,-9.8076,4.28690000000013));
#5879=DIRECTION('',(0.0,-1.0,0.0));
#5880=DIRECTION('',(6.12323399573676E-17,0.0,1.0));
#5881=SURFACE_STYLE_FILL_AREA(#7862);
#5882=ORIENTED_EDGE('',*,*,#7841,.T.);
#5883=ORIENTED_EDGE('',*,*,#7844,.T.);
#5884=ORIENTED_EDGE('',*,*,#7863,.T.);
#5885=ORIENTED_EDGE('',*,*,#7856,.T.);
#5886=ORIENTED_EDGE('',*,*,#7851,.T.);
#5887=ORIENTED_EDGE('',*,*,#7860,.F.);
#5888=CARTESIAN_POINT('',(13.5,-9.75680000000001,3.52490000000031));
#5889=DIRECTION('',(-5.19249204341102E-18,-0.996398007205978,-0.084799830400508));
#5890=DIRECTION('',(6.10117815100801E-17,-0.084799830400508,0.996398007205978));
#5891=SURFACE_STYLE_FILL_AREA(#7864);
#5892=ORIENTED_EDGE('',*,*,#7846,.T.);
#5893=ORIENTED_EDGE('',*,*,#7865,.T.);
#5894=ORIENTED_EDGE('',*,*,#7857,.T.);
#5895=ORIENTED_EDGE('',*,*,#7863,.F.);
#5896=CARTESIAN_POINT('',(13.5,-8.35980000000002,2.92800000000037));
#5897=DIRECTION('',(-6.12323399573676E-17,-0.0,-1.0));
#5898=DIRECTION('',(0.0,-1.0,0.0));
#5899=SURFACE_STYLE_FILL_AREA(#7866);
#5900=ORIENTED_EDGE('',*,*,#7845,.T.);
#5901=ORIENTED_EDGE('',*,*,#7839,.T.);
#5902=ORIENTED_EDGE('',*,*,#7867,.T.);
#5903=ORIENTED_EDGE('',*,*,#7853,.T.);
#5904=ORIENTED_EDGE('',*,*,#7858,.T.);
#5905=ORIENTED_EDGE('',*,*,#7865,.F.);
#5906=CARTESIAN_POINT('',(13.5,-6.3151,3.52490000000031));
#5907=DIRECTION('',(-4.65507504194341E-17,0.649652327582099,-0.760231447170638));
#5908=DIRECTION('',(-3.97797321766022E-17,-0.760231447170638,-0.649652327582099));
#5909=SURFACE_STYLE_FILL_AREA(#7868);
#5910=ORIENTED_EDGE('',*,*,#7869,.F.);
#5911=ORIENTED_EDGE('',*,*,#7854,.T.);
#5912=ORIENTED_EDGE('',*,*,#7867,.F.);
#5913=ORIENTED_EDGE('',*,*,#7838,.T.);
#5914=CARTESIAN_POINT('',(13.5,-5.61659999999998,4.76790000000015));
#5915=DIRECTION('',(0.0,1.0,0.0));
#5916=DIRECTION('',(-6.12323399573676E-17,0.0,-1.0));
#5917=SURFACE_STYLE_FILL_AREA(#7870);
#5918=ORIENTED_EDGE('',*,*,#7849,.T.);
#5919=ORIENTED_EDGE('',*,*,#7871,.T.);
#5920=ORIENTED_EDGE('',*,*,#7872,.T.);
#5921=ORIENTED_EDGE('',*,*,#7873,.F.);
#5922=CARTESIAN_POINT('',(16.3,-9.8076,4.82600000000001));
#5923=DIRECTION('',(3.63537720172974E-32,-1.0,5.93702152205981E-16));
#5924=DIRECTION('',(6.12323399573676E-17,5.93702152205981E-16,1.0));
#5925=SURFACE_STYLE_FILL_AREA(#7874);
#5926=ORIENTED_EDGE('',*,*,#7875,.F.);
#5927=ORIENTED_EDGE('',*,*,#7876,.F.);
#5928=ORIENTED_EDGE('',*,*,#7877,.F.);
#5929=ORIENTED_EDGE('',*,*,#7878,.F.);
#5930=ORIENTED_EDGE('',*,*,#7879,.F.);
#5931=ORIENTED_EDGE('',*,*,#7880,.F.);
#5932=ORIENTED_EDGE('',*,*,#7872,.F.);
#5933=CARTESIAN_POINT('',(8.44780000000001,-12.5,4.75389999999999));
#5934=DIRECTION('',(1.0,0.0,0.0));
#5935=DIRECTION('',(0.0,6.12323399573676E-17,-1.0));
#5936=SURFACE_STYLE_FILL_AREA(#7881);
#5937=ORIENTED_EDGE('',*,*,#7882,.F.);
#5938=ORIENTED_EDGE('',*,*,#7878,.T.);
#5939=ORIENTED_EDGE('',*,*,#7883,.F.);
#5940=ORIENTED_EDGE('',*,*,#7884,.F.);
#5941=CARTESIAN_POINT('',(8.16840000000001,-12.5,3.51090000000028));
#5942=DIRECTION('',(0.905690226558377,2.59588446951403E-17,-0.423940106048762));
#5943=DIRECTION('',(-0.423940106048762,5.54575318486879E-17,-0.905690226558377));
#5944=SURFACE_STYLE_FILL_AREA(#7885);
#5945=ORIENTED_EDGE('',*,*,#7886,.F.);
#5946=ORIENTED_EDGE('',*,*,#7887,.F.);
#5947=ORIENTED_EDGE('',*,*,#7888,.F.);
#5948=ORIENTED_EDGE('',*,*,#7889,.F.);
#5949=ORIENTED_EDGE('',*,*,#7890,.T.);
#5950=ORIENTED_EDGE('',*,*,#7891,.F.);
#5951=ORIENTED_EDGE('',*,*,#7892,.F.);
#5952=CARTESIAN_POINT('',(5.55219999999999,-12.5,4.75390000000008));
#5953=DIRECTION('',(-1.0,0.0,0.0));
#5954=DIRECTION('',(0.0,-6.12323399573676E-17,1.0));
#5955=SURFACE_STYLE_FILL_AREA(#7893);
#5956=ORIENTED_EDGE('',*,*,#7894,.F.);
#5957=ORIENTED_EDGE('',*,*,#7895,.F.);
#5958=ORIENTED_EDGE('',*,*,#7896,.F.);
#5959=ORIENTED_EDGE('',*,*,#7890,.F.);
#5960=CARTESIAN_POINT('',(5.83159999999999,-12.5,3.51090000000028));
#5961=DIRECTION('',(-0.905690226558377,2.59588446951403E-17,-0.423940106048762));
#5962=DIRECTION('',(-0.423940106048762,-5.54575318486879E-17,0.905690226558377));
#5963=SURFACE_STYLE_FILL_AREA(#7897);
#5964=ORIENTED_EDGE('',*,*,#7880,.T.);
#5965=ORIENTED_EDGE('',*,*,#7898,.T.);
#5966=ORIENTED_EDGE('',*,*,#7888,.T.);
#5967=ORIENTED_EDGE('',*,*,#7899,.F.);
#5968=CARTESIAN_POINT('',(10.0,-9.8076,4.28690000000013));
#5969=DIRECTION('',(0.0,-1.0,0.0));
#5970=DIRECTION('',(6.12323399573676E-17,0.0,1.0));
#5971=SURFACE_STYLE_FILL_AREA(#7900);
#5972=ORIENTED_EDGE('',*,*,#7879,.T.);
#5973=ORIENTED_EDGE('',*,*,#7882,.T.);
#5974=ORIENTED_EDGE('',*,*,#7901,.T.);
#5975=ORIENTED_EDGE('',*,*,#7894,.T.);
#5976=ORIENTED_EDGE('',*,*,#7889,.T.);
#5977=ORIENTED_EDGE('',*,*,#7898,.F.);
#5978=CARTESIAN_POINT('',(10.0,-9.75680000000001,3.52490000000031));
#5979=DIRECTION('',(-5.19249204341102E-18,-0.996398007205978,-0.084799830400508));
#5980=DIRECTION('',(6.10117815100801E-17,-0.084799830400508,0.996398007205978));
#5981=SURFACE_STYLE_FILL_AREA(#7902);
#5982=ORIENTED_EDGE('',*,*,#7884,.T.);
#5983=ORIENTED_EDGE('',*,*,#7903,.T.);
#5984=ORIENTED_EDGE('',*,*,#7895,.T.);
#5985=ORIENTED_EDGE('',*,*,#7901,.F.);
#5986=CARTESIAN_POINT('',(10.0,-8.35980000000002,2.92800000000037));
#5987=DIRECTION('',(-6.12323399573676E-17,-0.0,-1.0));
#5988=DIRECTION('',(0.0,-1.0,0.0));
#5989=SURFACE_STYLE_FILL_AREA(#7904);
#5990=ORIENTED_EDGE('',*,*,#7883,.T.);
#5991=ORIENTED_EDGE('',*,*,#7877,.T.);
#5992=ORIENTED_EDGE('',*,*,#7905,.T.);
#5993=ORIENTED_EDGE('',*,*,#7891,.T.);
#5994=ORIENTED_EDGE('',*,*,#7896,.T.);
#5995=ORIENTED_EDGE('',*,*,#7903,.F.);
#5996=CARTESIAN_POINT('',(10.0,-6.3151,3.52490000000031));
#5997=DIRECTION('',(-4.65507504194341E-17,0.649652327582099,-0.760231447170638));
#5998=DIRECTION('',(-3.97797321766022E-17,-0.760231447170638,-0.649652327582099));
#5999=SURFACE_STYLE_FILL_AREA(#7906);
#6000=ORIENTED_EDGE('',*,*,#7907,.F.);
#6001=ORIENTED_EDGE('',*,*,#7892,.T.);
#6002=ORIENTED_EDGE('',*,*,#7905,.F.);
#6003=ORIENTED_EDGE('',*,*,#7876,.T.);
#6004=CARTESIAN_POINT('',(10.0,-5.61659999999998,4.76790000000015));
#6005=DIRECTION('',(0.0,1.0,0.0));
#6006=DIRECTION('',(-6.12323399573676E-17,0.0,-1.0));
#6007=SURFACE_STYLE_FILL_AREA(#7908);
#6008=ORIENTED_EDGE('',*,*,#7887,.T.);
#6009=ORIENTED_EDGE('',*,*,#7909,.T.);
#6010=ORIENTED_EDGE('',*,*,#7910,.T.);
#6011=ORIENTED_EDGE('',*,*,#7911,.F.);
#6012=CARTESIAN_POINT('',(16.3,-9.8076,4.82600000000001));
#6013=DIRECTION('',(3.63537720172974E-32,-1.0,5.93702152205981E-16));
#6014=DIRECTION('',(6.12323399573676E-17,5.93702152205981E-16,1.0));
#6015=SURFACE_STYLE_FILL_AREA(#7912);
#6016=ORIENTED_EDGE('',*,*,#7913,.F.);
#6017=ORIENTED_EDGE('',*,*,#7914,.F.);
#6018=ORIENTED_EDGE('',*,*,#7915,.F.);
#6019=ORIENTED_EDGE('',*,*,#7916,.F.);
#6020=ORIENTED_EDGE('',*,*,#7917,.F.);
#6021=ORIENTED_EDGE('',*,*,#7918,.F.);
#6022=ORIENTED_EDGE('',*,*,#7910,.F.);
#6023=CARTESIAN_POINT('',(4.94780000000001,-12.5,4.75389999999999));
#6024=DIRECTION('',(1.0,0.0,0.0));
#6025=DIRECTION('',(0.0,6.12323399573676E-17,-1.0));
#6026=SURFACE_STYLE_FILL_AREA(#7919);
#6027=ORIENTED_EDGE('',*,*,#7920,.F.);
#6028=ORIENTED_EDGE('',*,*,#7916,.T.);
#6029=ORIENTED_EDGE('',*,*,#7921,.F.);
#6030=ORIENTED_EDGE('',*,*,#7922,.F.);
#6031=CARTESIAN_POINT('',(4.66840000000001,-12.5,3.51090000000028));
#6032=DIRECTION('',(0.905690226558377,2.59588446951403E-17,-0.423940106048762));
#6033=DIRECTION('',(-0.423940106048762,5.54575318486879E-17,-0.905690226558377));
#6034=SURFACE_STYLE_FILL_AREA(#7923);
#6035=ORIENTED_EDGE('',*,*,#7924,.F.);
#6036=ORIENTED_EDGE('',*,*,#7925,.F.);
#6037=ORIENTED_EDGE('',*,*,#7926,.F.);
#6038=ORIENTED_EDGE('',*,*,#7927,.F.);
#6039=ORIENTED_EDGE('',*,*,#7928,.T.);
#6040=ORIENTED_EDGE('',*,*,#7929,.F.);
#6041=ORIENTED_EDGE('',*,*,#7930,.F.);
#6042=CARTESIAN_POINT('',(2.05219999999999,-12.5,4.75390000000008));
#6043=DIRECTION('',(-1.0,0.0,0.0));
#6044=DIRECTION('',(0.0,-6.12323399573676E-17,1.0));
#6045=SURFACE_STYLE_FILL_AREA(#7931);
#6046=ORIENTED_EDGE('',*,*,#7932,.F.);
#6047=ORIENTED_EDGE('',*,*,#7933,.F.);
#6048=ORIENTED_EDGE('',*,*,#7934,.F.);
#6049=ORIENTED_EDGE('',*,*,#7928,.F.);
#6050=CARTESIAN_POINT('',(2.33159999999999,-12.5,3.51090000000028));
#6051=DIRECTION('',(-0.905690226558377,2.59588446951403E-17,-0.423940106048762));
#6052=DIRECTION('',(-0.423940106048762,-5.54575318486879E-17,0.905690226558377));
#6053=SURFACE_STYLE_FILL_AREA(#7935);
#6054=ORIENTED_EDGE('',*,*,#7918,.T.);
#6055=ORIENTED_EDGE('',*,*,#7936,.T.);
#6056=ORIENTED_EDGE('',*,*,#7926,.T.);
#6057=ORIENTED_EDGE('',*,*,#7937,.F.);
#6058=CARTESIAN_POINT('',(6.5,-9.8076,4.28690000000013));
#6059=DIRECTION('',(0.0,-1.0,0.0));
#6060=DIRECTION('',(6.12323399573676E-17,0.0,1.0));
#6061=SURFACE_STYLE_FILL_AREA(#7938);
#6062=ORIENTED_EDGE('',*,*,#7917,.T.);
#6063=ORIENTED_EDGE('',*,*,#7920,.T.);
#6064=ORIENTED_EDGE('',*,*,#7939,.T.);
#6065=ORIENTED_EDGE('',*,*,#7932,.T.);
#6066=ORIENTED_EDGE('',*,*,#7927,.T.);
#6067=ORIENTED_EDGE('',*,*,#7936,.F.);
#6068=CARTESIAN_POINT('',(6.5,-9.75680000000001,3.52490000000031));
#6069=DIRECTION('',(-5.19249204341102E-18,-0.996398007205978,-0.084799830400508));
#6070=DIRECTION('',(6.10117815100801E-17,-0.084799830400508,0.996398007205978));
#6071=SURFACE_STYLE_FILL_AREA(#7940);
#6072=ORIENTED_EDGE('',*,*,#7922,.T.);
#6073=ORIENTED_EDGE('',*,*,#7941,.T.);
#6074=ORIENTED_EDGE('',*,*,#7933,.T.);
#6075=ORIENTED_EDGE('',*,*,#7939,.F.);
#6076=CARTESIAN_POINT('',(6.5,-8.35980000000002,2.92800000000037));
#6077=DIRECTION('',(-6.12323399573676E-17,-0.0,-1.0));
#6078=DIRECTION('',(0.0,-1.0,0.0));
#6079=SURFACE_STYLE_FILL_AREA(#7942);
#6080=ORIENTED_EDGE('',*,*,#7921,.T.);
#6081=ORIENTED_EDGE('',*,*,#7915,.T.);
#6082=ORIENTED_EDGE('',*,*,#7943,.T.);
#6083=ORIENTED_EDGE('',*,*,#7929,.T.);
#6084=ORIENTED_EDGE('',*,*,#7934,.T.);
#6085=ORIENTED_EDGE('',*,*,#7941,.F.);
#6086=CARTESIAN_POINT('',(6.5,-6.3151,3.52490000000031));
#6087=DIRECTION('',(-4.65507504194341E-17,0.649652327582099,-0.760231447170638));
#6088=DIRECTION('',(-3.97797321766022E-17,-0.760231447170638,-0.649652327582099));
#6089=SURFACE_STYLE_FILL_AREA(#7944);
#6090=ORIENTED_EDGE('',*,*,#7945,.F.);
#6091=ORIENTED_EDGE('',*,*,#7930,.T.);
#6092=ORIENTED_EDGE('',*,*,#7943,.F.);
#6093=ORIENTED_EDGE('',*,*,#7914,.T.);
#6094=CARTESIAN_POINT('',(6.5,-5.61659999999998,4.76790000000015));
#6095=DIRECTION('',(0.0,1.0,0.0));
#6096=DIRECTION('',(-6.12323399573676E-17,0.0,-1.0));
#6097=SURFACE_STYLE_FILL_AREA(#7946);
#6098=ORIENTED_EDGE('',*,*,#7925,.T.);
#6099=ORIENTED_EDGE('',*,*,#7947,.T.);
#6100=ORIENTED_EDGE('',*,*,#7948,.T.);
#6101=ORIENTED_EDGE('',*,*,#7949,.F.);
#6102=CARTESIAN_POINT('',(16.3,-9.8076,4.82600000000001));
#6103=DIRECTION('',(3.63537720172974E-32,-1.0,5.93702152205981E-16));
#6104=DIRECTION('',(6.12323399573676E-17,5.93702152205981E-16,1.0));
#6105=SURFACE_STYLE_FILL_AREA(#7950);
#6106=ORIENTED_EDGE('',*,*,#7951,.F.);
#6107=ORIENTED_EDGE('',*,*,#7952,.F.);
#6108=ORIENTED_EDGE('',*,*,#7953,.F.);
#6109=ORIENTED_EDGE('',*,*,#7954,.T.);
#6110=ORIENTED_EDGE('',*,*,#7955,.F.);
#6111=ORIENTED_EDGE('',*,*,#7956,.F.);
#6112=ORIENTED_EDGE('',*,*,#7957,.F.);
#6113=CARTESIAN_POINT('',(-1.44780000000001,-12.5,4.75390000000008));
#6114=DIRECTION('',(-1.0,0.0,0.0));
#6115=DIRECTION('',(0.0,-6.12323399573676E-17,1.0));
#6116=SURFACE_STYLE_FILL_AREA(#7958);
#6117=ORIENTED_EDGE('',*,*,#7959,.F.);
#6118=ORIENTED_EDGE('',*,*,#7960,.T.);
#6119=ORIENTED_EDGE('',*,*,#7961,.F.);
#6120=ORIENTED_EDGE('',*,*,#7962,.F.);
#6121=CARTESIAN_POINT('',(1.16840000000001,-12.5,3.51090000000028));
#6122=DIRECTION('',(0.905690226558377,2.59588446951403E-17,-0.423940106048762));
#6123=DIRECTION('',(-0.423940106048762,5.54575318486879E-17,-0.905690226558377));
#6124=SURFACE_STYLE_FILL_AREA(#7963);
#6125=ORIENTED_EDGE('',*,*,#7948,.F.);
#6126=ORIENTED_EDGE('',*,*,#7964,.F.);
#6127=ORIENTED_EDGE('',*,*,#7965,.F.);
#6128=ORIENTED_EDGE('',*,*,#7966,.F.);
#6129=ORIENTED_EDGE('',*,*,#7960,.F.);
#6130=ORIENTED_EDGE('',*,*,#7967,.F.);
#6131=ORIENTED_EDGE('',*,*,#7968,.F.);
#6132=CARTESIAN_POINT('',(1.44780000000001,-12.5,4.75389999999999));
#6133=DIRECTION('',(1.0,0.0,0.0));
#6134=DIRECTION('',(0.0,6.12323399573676E-17,-1.0));
#6135=SURFACE_STYLE_FILL_AREA(#7969);
#6136=ORIENTED_EDGE('',*,*,#7970,.F.);
#6137=ORIENTED_EDGE('',*,*,#7971,.F.);
#6138=ORIENTED_EDGE('',*,*,#7972,.F.);
#6139=ORIENTED_EDGE('',*,*,#7954,.F.);
#6140=CARTESIAN_POINT('',(-1.16840000000001,-12.5,3.51090000000028));
#6141=DIRECTION('',(-0.905690226558377,2.59588446951403E-17,-0.423940106048762));
#6142=DIRECTION('',(-0.423940106048762,-5.54575318486879E-17,0.905690226558377));
#6143=SURFACE_STYLE_FILL_AREA(#7973);
#6144=ORIENTED_EDGE('',*,*,#7968,.T.);
#6145=ORIENTED_EDGE('',*,*,#7974,.T.);
#6146=ORIENTED_EDGE('',*,*,#7952,.T.);
#6147=ORIENTED_EDGE('',*,*,#7975,.F.);
#6148=CARTESIAN_POINT('',(3.0,-9.8076,4.28690000000013));
#6149=DIRECTION('',(0.0,-1.0,0.0));
#6150=DIRECTION('',(6.12323399573676E-17,0.0,1.0));
#6151=SURFACE_STYLE_FILL_AREA(#7976);
#6152=ORIENTED_EDGE('',*,*,#7967,.T.);
#6153=ORIENTED_EDGE('',*,*,#7959,.T.);
#6154=ORIENTED_EDGE('',*,*,#7977,.T.);
#6155=ORIENTED_EDGE('',*,*,#7970,.T.);
#6156=ORIENTED_EDGE('',*,*,#7953,.T.);
#6157=ORIENTED_EDGE('',*,*,#7974,.F.);
#6158=CARTESIAN_POINT('',(3.0,-9.75680000000001,3.52490000000031));
#6159=DIRECTION('',(-5.19249204341102E-18,-0.996398007205978,-0.084799830400508));
#6160=DIRECTION('',(6.10117815100801E-17,-0.084799830400508,0.996398007205978));
#6161=SURFACE_STYLE_FILL_AREA(#7978);
#6162=ORIENTED_EDGE('',*,*,#7962,.T.);
#6163=ORIENTED_EDGE('',*,*,#7979,.T.);
#6164=ORIENTED_EDGE('',*,*,#7971,.T.);
#6165=ORIENTED_EDGE('',*,*,#7977,.F.);
#6166=CARTESIAN_POINT('',(3.0,-8.35980000000002,2.92800000000037));
#6167=DIRECTION('',(-6.12323399573676E-17,-0.0,-1.0));
#6168=DIRECTION('',(0.0,-1.0,0.0));
#6169=SURFACE_STYLE_FILL_AREA(#7980);
#6170=ORIENTED_EDGE('',*,*,#7961,.T.);
#6171=ORIENTED_EDGE('',*,*,#7966,.T.);
#6172=ORIENTED_EDGE('',*,*,#7981,.T.);
#6173=ORIENTED_EDGE('',*,*,#7955,.T.);
#6174=ORIENTED_EDGE('',*,*,#7972,.T.);
#6175=ORIENTED_EDGE('',*,*,#7979,.F.);
#6176=CARTESIAN_POINT('',(3.0,-6.3151,3.52490000000031));
#6177=DIRECTION('',(-4.65507504194341E-17,0.649652327582099,-0.760231447170638));
#6178=DIRECTION('',(-3.97797321766022E-17,-0.760231447170638,-0.649652327582099));
#6179=SURFACE_STYLE_FILL_AREA(#7982);
#6180=ORIENTED_EDGE('',*,*,#7983,.F.);
#6181=ORIENTED_EDGE('',*,*,#7956,.T.);
#6182=ORIENTED_EDGE('',*,*,#7981,.F.);
#6183=ORIENTED_EDGE('',*,*,#7965,.T.);
#6184=CARTESIAN_POINT('',(3.0,-5.61659999999998,4.76790000000015));
#6185=DIRECTION('',(0.0,1.0,0.0));
#6186=DIRECTION('',(-6.12323399573676E-17,0.0,-1.0));
#6187=SURFACE_STYLE_FILL_AREA(#7984);
#6188=ORIENTED_EDGE('',*,*,#7951,.T.);
#6189=ORIENTED_EDGE('',*,*,#7985,.T.);
#6190=ORIENTED_EDGE('',*,*,#7986,.T.);
#6191=ORIENTED_EDGE('',*,*,#7987,.F.);
#6192=CARTESIAN_POINT('',(16.3,-9.8076,4.82600000000001));
#6193=DIRECTION('',(3.63537720172974E-32,-1.0,5.93702152205981E-16));
#6194=DIRECTION('',(6.12323399573676E-17,5.93702152205981E-16,1.0));
#6195=SURFACE_STYLE_FILL_AREA(#7988);
#6196=ORIENTED_EDGE('',*,*,#7989,.F.);
#6197=ORIENTED_EDGE('',*,*,#7990,.T.);
#6198=ORIENTED_EDGE('',*,*,#7991,.F.);
#6199=ORIENTED_EDGE('',*,*,#7992,.F.);
#6200=CARTESIAN_POINT('',(16.75,-11.84,0.00700000000000145));
#6201=DIRECTION('',(4.58818135021446E-33,1.0,7.49306878262195E-17));
#6202=DIRECTION('',(-6.12323399573676E-17,7.49306878262195E-17,-1.0));
#6203=SURFACE_STYLE_FILL_AREA(#7993);
#6204=ORIENTED_EDGE('',*,*,#7994,.F.);
#6205=ORIENTED_EDGE('',*,*,#7995,.T.);
#6206=ORIENTED_EDGE('',*,*,#7996,.T.);
#6207=ORIENTED_EDGE('',*,*,#7997,.T.);
#6208=ORIENTED_EDGE('',*,*,#7998,.F.);
#6209=ORIENTED_EDGE('',*,*,#7999,.T.);
#6210=ORIENTED_EDGE('',*,*,#7991,.T.);
#6211=ORIENTED_EDGE('',*,*,#8000,.T.);
#6212=CARTESIAN_POINT('',(16.25,-11.5799562061201,0.00700000000000145));
#6213=DIRECTION('',(-1.0,0.0,6.12323399573676E-17));
#6214=DIRECTION('',(6.12323399573676E-17,0.0,1.0));
#6215=SURFACE_STYLE_FILL_AREA(#8001);
#6216=ORIENTED_EDGE('',*,*,#8002,.F.);
#6217=ORIENTED_EDGE('',*,*,#8003,.F.);
#6218=ORIENTED_EDGE('',*,*,#8004,.T.);
#6219=ORIENTED_EDGE('',*,*,#7995,.F.);
#6220=CARTESIAN_POINT('',(16.75,-10.934940446486,4.48200000000002));
#6221=DIRECTION('',(6.12323399573676E-17,-0.0,1.0));
#6222=DIRECTION('',(0.0,1.0,0.0));
#6223=SURFACE_STYLE_FILL_AREA(#8005);
#6224=ORIENTED_EDGE('',*,*,#8006,.F.);
#6225=ORIENTED_EDGE('',*,*,#8007,.T.);
#6226=ORIENTED_EDGE('',*,*,#7996,.F.);
#6227=ORIENTED_EDGE('',*,*,#8004,.F.);
#6228=CARTESIAN_POINT('',(16.75,-11.87,0.00700000000000145));
#6229=DIRECTION('',(-4.55742259255939E-33,-1.0,-7.44283591927476E-17));
#6230=DIRECTION('',(6.12323399573676E-17,-7.44283591927476E-17,1.0));
#6231=SURFACE_STYLE_FILL_AREA(#8008);
#6232=ORIENTED_EDGE('',*,*,#8009,.F.);
#6233=ORIENTED_EDGE('',*,*,#8010,.F.);
#6234=ORIENTED_EDGE('',*,*,#7997,.F.);
#6235=ORIENTED_EDGE('',*,*,#8007,.F.);
#6236=CARTESIAN_POINT('',(16.75,-10.934940446486,-4.46800000000002));
#6237=DIRECTION('',(-6.12323399573676E-17,-1.18732867917654E-16,-1.0));
#6238=DIRECTION('',(7.27029133244701E-33,-1.0,1.18732867917654E-16));
#6239=SURFACE_STYLE_FILL_AREA(#8011);
#6240=ORIENTED_EDGE('',*,*,#8002,.T.);
#6241=ORIENTED_EDGE('',*,*,#7994,.T.);
#6242=ORIENTED_EDGE('',*,*,#8012,.T.);
#6243=ORIENTED_EDGE('',*,*,#8013,.T.);
#6244=ORIENTED_EDGE('',*,*,#8014,.T.);
#6245=ORIENTED_EDGE('',*,*,#8015,.T.);
#6246=ORIENTED_EDGE('',*,*,#8016,.F.);
#6247=ORIENTED_EDGE('',*,*,#8017,.F.);
#6248=CARTESIAN_POINT('',(16.3,-10.0108,4.82600000000001));
#6249=DIRECTION('',(0.0,1.0,0.0));
#6250=DIRECTION('',(-6.12323399573676E-17,0.0,-1.0));
#6251=SURFACE_STYLE_FILL_AREA(#8018);
#6252=ORIENTED_EDGE('',*,*,#8019,.T.);
#6253=ORIENTED_EDGE('',*,*,#7989,.T.);
#6254=ORIENTED_EDGE('',*,*,#8020,.T.);
#6255=ORIENTED_EDGE('',*,*,#8021,.T.);
#6256=ORIENTED_EDGE('',*,*,#8022,.T.);
#6257=ORIENTED_EDGE('',*,*,#8023,.F.);
#6258=ORIENTED_EDGE('',*,*,#8024,.T.);
#6259=ORIENTED_EDGE('',*,*,#8025,.F.);
#6260=ORIENTED_EDGE('',*,*,#8026,.T.);
#6261=ORIENTED_EDGE('',*,*,#8027,.T.);
#6262=ORIENTED_EDGE('',*,*,#8028,.T.);
#6263=ORIENTED_EDGE('',*,*,#8029,.T.);
#6264=ORIENTED_EDGE('',*,*,#8030,.T.);
#6265=ORIENTED_EDGE('',*,*,#8031,.T.);
#6266=ORIENTED_EDGE('',*,*,#8032,.F.);
#6267=ORIENTED_EDGE('',*,*,#7834,.T.);
#6268=CARTESIAN_POINT('',(16.3,-6.41351400469792,-0.0337928236059275));
#6269=DIRECTION('',(-1.0,0.0,6.12323399573676E-17));
#6270=DIRECTION('',(6.12323399573676E-17,0.0,1.0));
#6271=SURFACE_STYLE_FILL_AREA(#8033);
#6272=ORIENTED_EDGE('',*,*,#8014,.F.);
#6273=ORIENTED_EDGE('',*,*,#8034,.T.);
#6274=ORIENTED_EDGE('',*,*,#8035,.T.);
#6275=ORIENTED_EDGE('',*,*,#8036,.F.);
#6276=CARTESIAN_POINT('',(-2.25,-10.934940446486,4.48200000000002));
#6277=DIRECTION('',(6.12323399573676E-17,-0.0,1.0));
#6278=DIRECTION('',(0.0,1.0,0.0));
#6279=SURFACE_STYLE_FILL_AREA(#8037);
#6280=ORIENTED_EDGE('',*,*,#8038,.F.);
#6281=ORIENTED_EDGE('',*,*,#8035,.F.);
#6282=ORIENTED_EDGE('',*,*,#8039,.T.);
#6283=ORIENTED_EDGE('',*,*,#8040,.T.);
#6284=CARTESIAN_POINT('',(-2.25,-11.87,0.00700000000000145));
#6285=DIRECTION('',(-4.55742259255939E-33,-1.0,-7.44283591927476E-17));
#6286=DIRECTION('',(6.12323399573676E-17,-7.44283591927476E-17,1.0));
#6287=SURFACE_STYLE_FILL_AREA(#8041);
#6288=ORIENTED_EDGE('',*,*,#8042,.F.);
#6289=ORIENTED_EDGE('',*,*,#8040,.F.);
#6290=ORIENTED_EDGE('',*,*,#8043,.T.);
#6291=ORIENTED_EDGE('',*,*,#8044,.F.);
#6292=CARTESIAN_POINT('',(-2.25,-10.934940446486,-4.46800000000002));
#6293=DIRECTION('',(-6.12323399573676E-17,-1.18732867917654E-16,-1.0));
#6294=DIRECTION('',(7.27029133244701E-33,-1.0,1.18732867917654E-16));
#6295=SURFACE_STYLE_FILL_AREA(#8045);
#6296=ORIENTED_EDGE('',*,*,#8046,.F.);
#6297=ORIENTED_EDGE('',*,*,#8047,.F.);
#6298=ORIENTED_EDGE('',*,*,#8048,.F.);
#6299=ORIENTED_EDGE('',*,*,#8049,.T.);
#6300=CARTESIAN_POINT('',(-2.25,-11.84,0.00700000000000145));
#6301=DIRECTION('',(4.58818135021446E-33,1.0,7.49306878262195E-17));
#6302=DIRECTION('',(-6.12323399573676E-17,7.49306878262195E-17,-1.0));
#6303=SURFACE_STYLE_FILL_AREA(#8050);
#6304=ORIENTED_EDGE('',*,*,#8013,.F.);
#6305=ORIENTED_EDGE('',*,*,#8051,.T.);
#6306=ORIENTED_EDGE('',*,*,#8048,.T.);
#6307=ORIENTED_EDGE('',*,*,#8052,.T.);
#6308=ORIENTED_EDGE('',*,*,#8053,.F.);
#6309=ORIENTED_EDGE('',*,*,#8043,.F.);
#6310=ORIENTED_EDGE('',*,*,#8039,.F.);
#6311=ORIENTED_EDGE('',*,*,#8034,.F.);
#6312=CARTESIAN_POINT('',(-2.25,-11.5799562061201,0.00700000000000145));
#6313=DIRECTION('',(-1.0,0.0,6.12323399573676E-17));
#6314=DIRECTION('',(6.12323399573676E-17,0.0,1.0));
#6315=SURFACE_STYLE_FILL_AREA(#8054);
#6316=ORIENTED_EDGE('',*,*,#8055,.F.);
#6317=ORIENTED_EDGE('',*,*,#7986,.F.);
#6318=ORIENTED_EDGE('',*,*,#8056,.F.);
#6319=ORIENTED_EDGE('',*,*,#8057,.F.);
#6320=ORIENTED_EDGE('',*,*,#8058,.F.);
#6321=ORIENTED_EDGE('',*,*,#8059,.F.);
#6322=ORIENTED_EDGE('',*,*,#8060,.F.);
#6323=ORIENTED_EDGE('',*,*,#8061,.F.);
#6324=ORIENTED_EDGE('',*,*,#8062,.F.);
#6325=ORIENTED_EDGE('',*,*,#8063,.F.);
#6326=ORIENTED_EDGE('',*,*,#8064,.F.);
#6327=ORIENTED_EDGE('',*,*,#8065,.F.);
#6328=ORIENTED_EDGE('',*,*,#8066,.F.);
#6329=ORIENTED_EDGE('',*,*,#8067,.F.);
#6330=ORIENTED_EDGE('',*,*,#8068,.T.);
#6331=ORIENTED_EDGE('',*,*,#8046,.T.);
#6332=CARTESIAN_POINT('',(-2.3,-6.41351400469792,-0.0337928236059266));
#6333=DIRECTION('',(-1.0,0.0,6.12323399573676E-17));
#6334=DIRECTION('',(6.12323399573676E-17,0.0,1.0));
#6335=SURFACE_STYLE_FILL_AREA(#8069);
#6336=ORIENTED_EDGE('',*,*,#8036,.T.);
#6337=ORIENTED_EDGE('',*,*,#8038,.T.);
#6338=ORIENTED_EDGE('',*,*,#8042,.T.);
#6339=ORIENTED_EDGE('',*,*,#8070,.F.);
#6340=ORIENTED_EDGE('',*,*,#8071,.F.);
#6341=ORIENTED_EDGE('',*,*,#7487,.F.);
#6342=ORIENTED_EDGE('',*,*,#8072,.F.);
#6343=ORIENTED_EDGE('',*,*,#8015,.F.);
#6344=CARTESIAN_POINT('',(-2.3,-6.41351400469792,-0.0337928236059266));
#6345=DIRECTION('',(-1.0,0.0,6.12323399573676E-17));
#6346=DIRECTION('',(6.12323399573676E-17,0.0,1.0));
#6347=SURFACE_STYLE_FILL_AREA(#8073);
#6348=ORIENTED_EDGE('',*,*,#8010,.T.);
#6349=ORIENTED_EDGE('',*,*,#8074,.F.);
#6350=ORIENTED_EDGE('',*,*,#8075,.T.);
#6351=ORIENTED_EDGE('',*,*,#8070,.T.);
#6352=ORIENTED_EDGE('',*,*,#8044,.T.);
#6353=ORIENTED_EDGE('',*,*,#8053,.T.);
#6354=ORIENTED_EDGE('',*,*,#8076,.F.);
#6355=ORIENTED_EDGE('',*,*,#7998,.T.);
#6356=CARTESIAN_POINT('',(16.3,-10.0108,-4.81900000000001));
#6357=DIRECTION('',(0.0,1.0,0.0));
#6358=DIRECTION('',(-6.12323399573676E-17,0.0,-1.0));
#6359=SURFACE_STYLE_FILL_AREA(#8077);
#6360=ORIENTED_EDGE('',*,*,#8078,.F.);
#6361=ORIENTED_EDGE('',*,*,#8079,.F.);
#6362=ORIENTED_EDGE('',*,*,#8080,.F.);
#6363=ORIENTED_EDGE('',*,*,#8081,.F.);
#6364=CARTESIAN_POINT('',(15.515,-1.12079999999998,2.14220000000003));
#6365=DIRECTION('',(-1.0,0.0,6.12323399573676E-17));
#6366=DIRECTION('',(6.12323399573676E-17,0.0,1.0));
#6367=SURFACE_STYLE_FILL_AREA(#8082);
#6368=ORIENTED_EDGE('',*,*,#8083,.F.);
#6369=ORIENTED_EDGE('',*,*,#8081,.T.);
#6370=ORIENTED_EDGE('',*,*,#8084,.F.);
#6371=ORIENTED_EDGE('',*,*,#8085,.T.);
#6372=CARTESIAN_POINT('',(15.985,-1.12079999999999,2.49620000000003));
#6373=DIRECTION('',(6.12323399573676E-17,-2.13263179871503E-14,1.0));
#6374=DIRECTION('',(1.30586035302811E-30,1.0,2.13263179871503E-14));
#6375=SURFACE_STYLE_FILL_AREA(#8086);
#6376=ORIENTED_EDGE('',*,*,#8087,.F.);
#6377=ORIENTED_EDGE('',*,*,#8085,.F.);
#6378=ORIENTED_EDGE('',*,*,#8088,.F.);
#6379=ORIENTED_EDGE('',*,*,#8089,.F.);
#6380=CARTESIAN_POINT('',(15.985,-1.12079999999998,2.14220000000003));
#6381=DIRECTION('',(-1.0,0.0,6.12323399573676E-17));
#6382=DIRECTION('',(6.12323399573676E-17,0.0,1.0));
#6383=SURFACE_STYLE_FILL_AREA(#8090);
#6384=ORIENTED_EDGE('',*,*,#8078,.T.);
#6385=ORIENTED_EDGE('',*,*,#8083,.T.);
#6386=ORIENTED_EDGE('',*,*,#8087,.T.);
#6387=ORIENTED_EDGE('',*,*,#8091,.F.);
#6388=ORIENTED_EDGE('',*,*,#8027,.F.);
#6389=ORIENTED_EDGE('',*,*,#8092,.T.);
#6390=ORIENTED_EDGE('',*,*,#8061,.T.);
#6391=ORIENTED_EDGE('',*,*,#8093,.F.);
#6392=ORIENTED_EDGE('',*,*,#8094,.T.);
#6393=ORIENTED_EDGE('',*,*,#8095,.T.);
#6394=ORIENTED_EDGE('',*,*,#8096,.T.);
#6395=ORIENTED_EDGE('',*,*,#8097,.F.);
#6396=ORIENTED_EDGE('',*,*,#8098,.T.);
#6397=ORIENTED_EDGE('',*,*,#8099,.T.);
#6398=ORIENTED_EDGE('',*,*,#8100,.T.);
#6399=ORIENTED_EDGE('',*,*,#8101,.F.);
#6400=ORIENTED_EDGE('',*,*,#8102,.T.);
#6401=ORIENTED_EDGE('',*,*,#8103,.T.);
#6402=ORIENTED_EDGE('',*,*,#8104,.T.);
#6403=ORIENTED_EDGE('',*,*,#8105,.F.);
#6404=ORIENTED_EDGE('',*,*,#8106,.T.);
#6405=ORIENTED_EDGE('',*,*,#8107,.T.);
#6406=ORIENTED_EDGE('',*,*,#8108,.T.);
#6407=ORIENTED_EDGE('',*,*,#8109,.F.);
#6408=ORIENTED_EDGE('',*,*,#8110,.T.);
#6409=ORIENTED_EDGE('',*,*,#8111,.T.);
#6410=ORIENTED_EDGE('',*,*,#8112,.T.);
#6411=ORIENTED_EDGE('',*,*,#8113,.F.);
#6412=CARTESIAN_POINT('',(16.3,-0.612800000000002,2.49620000000004));
#6413=DIRECTION('',(0.0,-1.0,0.0));
#6414=DIRECTION('',(6.12323399573676E-17,0.0,1.0));
#6415=SURFACE_STYLE_FILL_AREA(#8114);
#6416=ORIENTED_EDGE('',*,*,#8089,.T.);
#6417=ORIENTED_EDGE('',*,*,#8115,.F.);
#6418=ORIENTED_EDGE('',*,*,#8028,.F.);
#6419=ORIENTED_EDGE('',*,*,#8091,.T.);
#6420=CARTESIAN_POINT('',(16.3,-1.12079999999999,1.98820000000003));
#6421=DIRECTION('',(6.12323399573676E-17,-0.0,1.0));
#6422=DIRECTION('',(0.0,1.0,0.0));
#6423=SURFACE_STYLE_FILL_AREA(#8116);
#6424=ORIENTED_EDGE('',*,*,#8088,.T.);
#6425=ORIENTED_EDGE('',*,*,#8117,.F.);
#6426=ORIENTED_EDGE('',*,*,#8029,.F.);
#6427=ORIENTED_EDGE('',*,*,#8115,.T.);
#6428=CARTESIAN_POINT('',(16.3,-1.62879999999998,2.24220000000003));
#6429=DIRECTION('',(0.0,1.0,0.0));
#6430=DIRECTION('',(-6.12323399573676E-17,0.0,-1.0));
#6431=SURFACE_STYLE_FILL_AREA(#8118);
#6432=ORIENTED_EDGE('',*,*,#8110,.F.);
#6433=ORIENTED_EDGE('',*,*,#8119,.F.);
#6434=ORIENTED_EDGE('',*,*,#8120,.F.);
#6435=ORIENTED_EDGE('',*,*,#8121,.F.);
#6436=CARTESIAN_POINT('',(12.015,-1.12079999999998,2.14220000000003));
#6437=DIRECTION('',(-1.0,0.0,6.12323399573676E-17));
#6438=DIRECTION('',(6.12323399573676E-17,0.0,1.0));
#6439=SURFACE_STYLE_FILL_AREA(#8122);
#6440=ORIENTED_EDGE('',*,*,#8111,.F.);
#6441=ORIENTED_EDGE('',*,*,#8121,.T.);
#6442=ORIENTED_EDGE('',*,*,#8123,.F.);
#6443=ORIENTED_EDGE('',*,*,#8124,.T.);
#6444=CARTESIAN_POINT('',(12.485,-1.12079999999999,2.49620000000003));
#6445=DIRECTION('',(6.12323399573676E-17,-2.13263179871503E-14,1.0));
#6446=DIRECTION('',(1.30586035302811E-30,1.0,2.13263179871503E-14));
#6447=SURFACE_STYLE_FILL_AREA(#8125);
#6448=ORIENTED_EDGE('',*,*,#8112,.F.);
#6449=ORIENTED_EDGE('',*,*,#8124,.F.);
#6450=ORIENTED_EDGE('',*,*,#8126,.F.);
#6451=ORIENTED_EDGE('',*,*,#8127,.F.);
#6452=CARTESIAN_POINT('',(12.485,-1.12079999999998,2.14220000000003));
#6453=DIRECTION('',(-1.0,0.0,6.12323399573676E-17));
#6454=DIRECTION('',(6.12323399573676E-17,0.0,1.0));
#6455=SURFACE_STYLE_FILL_AREA(#8128);
#6456=ORIENTED_EDGE('',*,*,#8079,.T.);
#6457=ORIENTED_EDGE('',*,*,#8113,.T.);
#6458=ORIENTED_EDGE('',*,*,#8127,.T.);
#6459=ORIENTED_EDGE('',*,*,#8129,.F.);
#6460=CARTESIAN_POINT('',(16.3,-1.12079999999999,1.98820000000003));
#6461=DIRECTION('',(6.12323399573676E-17,-0.0,1.0));
#6462=DIRECTION('',(0.0,1.0,0.0));
#6463=SURFACE_STYLE_FILL_AREA(#8130);
#6464=ORIENTED_EDGE('',*,*,#8080,.T.);
#6465=ORIENTED_EDGE('',*,*,#8129,.T.);
#6466=ORIENTED_EDGE('',*,*,#8126,.T.);
#6467=ORIENTED_EDGE('',*,*,#8131,.F.);
#6468=CARTESIAN_POINT('',(16.3,-1.62879999999998,2.24220000000003));
#6469=DIRECTION('',(0.0,1.0,0.0));
#6470=DIRECTION('',(-6.12323399573676E-17,0.0,-1.0));
#6471=SURFACE_STYLE_FILL_AREA(#8132);
#6472=ORIENTED_EDGE('',*,*,#8106,.F.);
#6473=ORIENTED_EDGE('',*,*,#8133,.F.);
#6474=ORIENTED_EDGE('',*,*,#8134,.F.);
#6475=ORIENTED_EDGE('',*,*,#8135,.F.);
#6476=CARTESIAN_POINT('',(8.515,-1.12079999999998,2.14220000000003));
#6477=DIRECTION('',(-1.0,0.0,6.12323399573676E-17));
#6478=DIRECTION('',(6.12323399573676E-17,0.0,1.0));
#6479=SURFACE_STYLE_FILL_AREA(#8136);
#6480=ORIENTED_EDGE('',*,*,#8107,.F.);
#6481=ORIENTED_EDGE('',*,*,#8135,.T.);
#6482=ORIENTED_EDGE('',*,*,#8137,.F.);
#6483=ORIENTED_EDGE('',*,*,#8138,.T.);
#6484=CARTESIAN_POINT('',(8.985,-1.12079999999999,2.49620000000003));
#6485=DIRECTION('',(6.12323399573676E-17,-2.13263179871503E-14,1.0));
#6486=DIRECTION('',(1.30586035302811E-30,1.0,2.13263179871503E-14));
#6487=SURFACE_STYLE_FILL_AREA(#8139);
#6488=ORIENTED_EDGE('',*,*,#8108,.F.);
#6489=ORIENTED_EDGE('',*,*,#8138,.F.);
#6490=ORIENTED_EDGE('',*,*,#8140,.F.);
#6491=ORIENTED_EDGE('',*,*,#8141,.F.);
#6492=CARTESIAN_POINT('',(8.985,-1.12079999999998,2.14220000000003));
#6493=DIRECTION('',(-1.0,0.0,6.12323399573676E-17));
#6494=DIRECTION('',(6.12323399573676E-17,0.0,1.0));
#6495=SURFACE_STYLE_FILL_AREA(#8142);
#6496=ORIENTED_EDGE('',*,*,#8119,.T.);
#6497=ORIENTED_EDGE('',*,*,#8109,.T.);
#6498=ORIENTED_EDGE('',*,*,#8141,.T.);
#6499=ORIENTED_EDGE('',*,*,#8143,.F.);
#6500=CARTESIAN_POINT('',(16.3,-1.12079999999999,1.98820000000003));
#6501=DIRECTION('',(6.12323399573676E-17,-0.0,1.0));
#6502=DIRECTION('',(0.0,1.0,0.0));
#6503=SURFACE_STYLE_FILL_AREA(#8144);
#6504=ORIENTED_EDGE('',*,*,#8120,.T.);
#6505=ORIENTED_EDGE('',*,*,#8143,.T.);
#6506=ORIENTED_EDGE('',*,*,#8140,.T.);
#6507=ORIENTED_EDGE('',*,*,#8145,.F.);
#6508=CARTESIAN_POINT('',(16.3,-1.62879999999998,2.24220000000003));
#6509=DIRECTION('',(0.0,1.0,0.0));
#6510=DIRECTION('',(-6.12323399573676E-17,0.0,-1.0));
#6511=SURFACE_STYLE_FILL_AREA(#8146);
#6512=ORIENTED_EDGE('',*,*,#8102,.F.);
#6513=ORIENTED_EDGE('',*,*,#8147,.F.);
#6514=ORIENTED_EDGE('',*,*,#8148,.F.);
#6515=ORIENTED_EDGE('',*,*,#8149,.F.);
#6516=CARTESIAN_POINT('',(5.015,-1.12079999999998,2.14220000000003));
#6517=DIRECTION('',(-1.0,0.0,6.12323399573676E-17));
#6518=DIRECTION('',(6.12323399573676E-17,0.0,1.0));
#6519=SURFACE_STYLE_FILL_AREA(#8150);
#6520=ORIENTED_EDGE('',*,*,#8103,.F.);
#6521=ORIENTED_EDGE('',*,*,#8149,.T.);
#6522=ORIENTED_EDGE('',*,*,#8151,.F.);
#6523=ORIENTED_EDGE('',*,*,#8152,.T.);
#6524=CARTESIAN_POINT('',(5.485,-1.12079999999999,2.49620000000003));
#6525=DIRECTION('',(6.12323399573676E-17,-2.13263179871503E-14,1.0));
#6526=DIRECTION('',(1.30586035302811E-30,1.0,2.13263179871503E-14));
#6527=SURFACE_STYLE_FILL_AREA(#8153);
#6528=ORIENTED_EDGE('',*,*,#8104,.F.);
#6529=ORIENTED_EDGE('',*,*,#8152,.F.);
#6530=ORIENTED_EDGE('',*,*,#8154,.F.);
#6531=ORIENTED_EDGE('',*,*,#8155,.F.);
#6532=CARTESIAN_POINT('',(5.485,-1.12079999999998,2.14220000000003));
#6533=DIRECTION('',(-1.0,0.0,6.12323399573676E-17));
#6534=DIRECTION('',(6.12323399573676E-17,0.0,1.0));
#6535=SURFACE_STYLE_FILL_AREA(#8156);
#6536=ORIENTED_EDGE('',*,*,#8133,.T.);
#6537=ORIENTED_EDGE('',*,*,#8105,.T.);
#6538=ORIENTED_EDGE('',*,*,#8155,.T.);
#6539=ORIENTED_EDGE('',*,*,#8157,.F.);
#6540=CARTESIAN_POINT('',(16.3,-1.12079999999999,1.98820000000003));
#6541=DIRECTION('',(6.12323399573676E-17,-0.0,1.0));
#6542=DIRECTION('',(0.0,1.0,0.0));
#6543=SURFACE_STYLE_FILL_AREA(#8158);
#6544=ORIENTED_EDGE('',*,*,#8134,.T.);
#6545=ORIENTED_EDGE('',*,*,#8157,.T.);
#6546=ORIENTED_EDGE('',*,*,#8154,.T.);
#6547=ORIENTED_EDGE('',*,*,#8159,.F.);
#6548=CARTESIAN_POINT('',(16.3,-1.62879999999998,2.24220000000003));
#6549=DIRECTION('',(0.0,1.0,0.0));
#6550=DIRECTION('',(-6.12323399573676E-17,0.0,-1.0));
#6551=SURFACE_STYLE_FILL_AREA(#8160);
#6552=ORIENTED_EDGE('',*,*,#8098,.F.);
#6553=ORIENTED_EDGE('',*,*,#8161,.F.);
#6554=ORIENTED_EDGE('',*,*,#8162,.F.);
#6555=ORIENTED_EDGE('',*,*,#8163,.F.);
#6556=CARTESIAN_POINT('',(1.515,-1.12079999999998,2.14220000000003));
#6557=DIRECTION('',(-1.0,0.0,6.12323399573676E-17));
#6558=DIRECTION('',(6.12323399573676E-17,0.0,1.0));
#6559=SURFACE_STYLE_FILL_AREA(#8164);
#6560=ORIENTED_EDGE('',*,*,#8099,.F.);
#6561=ORIENTED_EDGE('',*,*,#8163,.T.);
#6562=ORIENTED_EDGE('',*,*,#8165,.F.);
#6563=ORIENTED_EDGE('',*,*,#8166,.T.);
#6564=CARTESIAN_POINT('',(1.985,-1.12079999999999,2.49620000000003));
#6565=DIRECTION('',(6.12323399573676E-17,-2.13263179871503E-14,1.0));
#6566=DIRECTION('',(1.30586035302811E-30,1.0,2.13263179871503E-14));
#6567=SURFACE_STYLE_FILL_AREA(#8167);
#6568=ORIENTED_EDGE('',*,*,#8100,.F.);
#6569=ORIENTED_EDGE('',*,*,#8166,.F.);
#6570=ORIENTED_EDGE('',*,*,#8168,.F.);
#6571=ORIENTED_EDGE('',*,*,#8169,.F.);
#6572=CARTESIAN_POINT('',(1.985,-1.12079999999998,2.14220000000003));
#6573=DIRECTION('',(-1.0,0.0,6.12323399573676E-17));
#6574=DIRECTION('',(6.12323399573676E-17,0.0,1.0));
#6575=SURFACE_STYLE_FILL_AREA(#8170);
#6576=ORIENTED_EDGE('',*,*,#8147,.T.);
#6577=ORIENTED_EDGE('',*,*,#8101,.T.);
#6578=ORIENTED_EDGE('',*,*,#8169,.T.);
#6579=ORIENTED_EDGE('',*,*,#8171,.F.);
#6580=CARTESIAN_POINT('',(16.3,-1.12079999999999,1.98820000000003));
#6581=DIRECTION('',(6.12323399573676E-17,-0.0,1.0));
#6582=DIRECTION('',(0.0,1.0,0.0));
#6583=SURFACE_STYLE_FILL_AREA(#8172);
#6584=ORIENTED_EDGE('',*,*,#8148,.T.);
#6585=ORIENTED_EDGE('',*,*,#8171,.T.);
#6586=ORIENTED_EDGE('',*,*,#8168,.T.);
#6587=ORIENTED_EDGE('',*,*,#8173,.F.);
#6588=CARTESIAN_POINT('',(16.3,-1.62879999999998,2.24220000000003));
#6589=DIRECTION('',(0.0,1.0,0.0));
#6590=DIRECTION('',(-6.12323399573676E-17,0.0,-1.0));
#6591=SURFACE_STYLE_FILL_AREA(#8174);
#6592=ORIENTED_EDGE('',*,*,#8094,.F.);
#6593=ORIENTED_EDGE('',*,*,#8175,.F.);
#6594=ORIENTED_EDGE('',*,*,#8176,.F.);
#6595=ORIENTED_EDGE('',*,*,#8177,.F.);
#6596=CARTESIAN_POINT('',(-1.985,-1.12079999999998,2.14220000000003));
#6597=DIRECTION('',(-1.0,0.0,6.12323399573676E-17));
#6598=DIRECTION('',(6.12323399573676E-17,0.0,1.0));
#6599=SURFACE_STYLE_FILL_AREA(#8178);
#6600=ORIENTED_EDGE('',*,*,#8095,.F.);
#6601=ORIENTED_EDGE('',*,*,#8177,.T.);
#6602=ORIENTED_EDGE('',*,*,#8179,.F.);
#6603=ORIENTED_EDGE('',*,*,#8180,.T.);
#6604=CARTESIAN_POINT('',(-1.515,-1.12079999999999,2.49620000000003));
#6605=DIRECTION('',(6.12323399573676E-17,-2.13263179871503E-14,1.0));
#6606=DIRECTION('',(1.30586035302811E-30,1.0,2.13263179871503E-14));
#6607=SURFACE_STYLE_FILL_AREA(#8181);
#6608=ORIENTED_EDGE('',*,*,#8096,.F.);
#6609=ORIENTED_EDGE('',*,*,#8180,.F.);
#6610=ORIENTED_EDGE('',*,*,#8182,.F.);
#6611=ORIENTED_EDGE('',*,*,#8183,.F.);
#6612=CARTESIAN_POINT('',(-1.515,-1.12079999999998,2.14220000000003));
#6613=DIRECTION('',(-1.0,0.0,6.12323399573676E-17));
#6614=DIRECTION('',(6.12323399573676E-17,0.0,1.0));
#6615=SURFACE_STYLE_FILL_AREA(#8184);
#6616=ORIENTED_EDGE('',*,*,#8161,.T.);
#6617=ORIENTED_EDGE('',*,*,#8097,.T.);
#6618=ORIENTED_EDGE('',*,*,#8183,.T.);
#6619=ORIENTED_EDGE('',*,*,#8185,.F.);
#6620=CARTESIAN_POINT('',(16.3,-1.12079999999999,1.98820000000003));
#6621=DIRECTION('',(6.12323399573676E-17,-0.0,1.0));
#6622=DIRECTION('',(0.0,1.0,0.0));
#6623=SURFACE_STYLE_FILL_AREA(#8186);
#6624=ORIENTED_EDGE('',*,*,#8162,.T.);
#6625=ORIENTED_EDGE('',*,*,#8185,.T.);
#6626=ORIENTED_EDGE('',*,*,#8182,.T.);
#6627=ORIENTED_EDGE('',*,*,#8187,.F.);
#6628=CARTESIAN_POINT('',(16.3,-1.62879999999998,2.24220000000003));
#6629=DIRECTION('',(0.0,1.0,0.0));
#6630=DIRECTION('',(-6.12323399573676E-17,0.0,-1.0));
#6631=SURFACE_STYLE_FILL_AREA(#8188);
#6632=ORIENTED_EDGE('',*,*,#7664,.T.);
#6633=ORIENTED_EDGE('',*,*,#7466,.F.);
#6634=ORIENTED_EDGE('',*,*,#8189,.T.);
#6635=ORIENTED_EDGE('',*,*,#8016,.T.);
#6636=ORIENTED_EDGE('',*,*,#8072,.T.);
#6637=ORIENTED_EDGE('',*,*,#7486,.F.);
#6638=ORIENTED_EDGE('',*,*,#7772,.T.);
#6639=ORIENTED_EDGE('',*,*,#7786,.T.);
#6640=ORIENTED_EDGE('',*,*,#7792,.T.);
#6641=ORIENTED_EDGE('',*,*,#7482,.F.);
#6642=ORIENTED_EDGE('',*,*,#7740,.T.);
#6643=ORIENTED_EDGE('',*,*,#7754,.T.);
#6644=ORIENTED_EDGE('',*,*,#7760,.T.);
#6645=ORIENTED_EDGE('',*,*,#7478,.F.);
#6646=ORIENTED_EDGE('',*,*,#7708,.T.);
#6647=ORIENTED_EDGE('',*,*,#7722,.T.);
#6648=ORIENTED_EDGE('',*,*,#7728,.T.);
#6649=ORIENTED_EDGE('',*,*,#7474,.F.);
#6650=ORIENTED_EDGE('',*,*,#7676,.T.);
#6651=ORIENTED_EDGE('',*,*,#7690,.T.);
#6652=ORIENTED_EDGE('',*,*,#7696,.T.);
#6653=ORIENTED_EDGE('',*,*,#7470,.F.);
#6654=ORIENTED_EDGE('',*,*,#7644,.T.);
#6655=ORIENTED_EDGE('',*,*,#7658,.T.);
#6656=CARTESIAN_POINT('',(16.3,-11.2554,5.2));
#6657=DIRECTION('',(6.12323399573676E-17,-0.0,1.0));
#6658=DIRECTION('',(0.0,1.0,0.0));
#6659=SURFACE_STYLE_FILL_AREA(#8190);
#6660=ORIENTED_EDGE('',*,*,#7462,.T.);
#6661=ORIENTED_EDGE('',*,*,#7504,.T.);
#6662=ORIENTED_EDGE('',*,*,#7516,.T.);
#6663=ORIENTED_EDGE('',*,*,#7530,.T.);
#6664=ORIENTED_EDGE('',*,*,#7536,.T.);
#6665=ORIENTED_EDGE('',*,*,#7500,.T.);
#6666=ORIENTED_EDGE('',*,*,#7548,.T.);
#6667=ORIENTED_EDGE('',*,*,#7562,.T.);
#6668=ORIENTED_EDGE('',*,*,#7568,.T.);
#6669=ORIENTED_EDGE('',*,*,#7496,.T.);
#6670=ORIENTED_EDGE('',*,*,#7580,.T.);
#6671=ORIENTED_EDGE('',*,*,#7594,.T.);
#6672=ORIENTED_EDGE('',*,*,#7600,.T.);
#6673=ORIENTED_EDGE('',*,*,#7492,.T.);
#6674=ORIENTED_EDGE('',*,*,#7612,.T.);
#6675=ORIENTED_EDGE('',*,*,#7626,.T.);
#6676=ORIENTED_EDGE('',*,*,#7632,.T.);
#6677=ORIENTED_EDGE('',*,*,#7488,.T.);
#6678=ORIENTED_EDGE('',*,*,#8071,.T.);
#6679=ORIENTED_EDGE('',*,*,#8075,.F.);
#6680=ORIENTED_EDGE('',*,*,#8191,.T.);
#6681=ORIENTED_EDGE('',*,*,#7464,.T.);
#6682=ORIENTED_EDGE('',*,*,#7441,.T.);
#6683=ORIENTED_EDGE('',*,*,#7455,.T.);
#6684=CARTESIAN_POINT('',(16.3,-11.2554,-5.2));
#6685=DIRECTION('',(-6.12323399573676E-17,-0.0,-1.0));
#6686=DIRECTION('',(0.0,-1.0,0.0));
#6687=SURFACE_STYLE_FILL_AREA(#8192);
#6688=ORIENTED_EDGE('',*,*,#8068,.F.);
#6689=ORIENTED_EDGE('',*,*,#8193,.F.);
#6690=ORIENTED_EDGE('',*,*,#8020,.F.);
#6691=ORIENTED_EDGE('',*,*,#7992,.T.);
#6692=ORIENTED_EDGE('',*,*,#7999,.F.);
#6693=ORIENTED_EDGE('',*,*,#8076,.T.);
#6694=ORIENTED_EDGE('',*,*,#8052,.F.);
#6695=ORIENTED_EDGE('',*,*,#8047,.T.);
#6696=CARTESIAN_POINT('',(16.3,-5.46420000000002,-4.43800000000002));
#6697=DIRECTION('',(-6.12323399573676E-17,-0.0,-1.0));
#6698=DIRECTION('',(0.0,-1.0,0.0));
#6699=SURFACE_STYLE_FILL_AREA(#8194);
#6700=ORIENTED_EDGE('',*,*,#8067,.T.);
#6701=ORIENTED_EDGE('',*,*,#8195,.F.);
#6702=ORIENTED_EDGE('',*,*,#8021,.F.);
#6703=ORIENTED_EDGE('',*,*,#8193,.T.);
#6704=CARTESIAN_POINT('',(16.3,-0.917600000000013,-4.81900000000001));
#6705=DIRECTION('',(0.0,-1.0,0.0));
#6706=DIRECTION('',(6.12323399573676E-17,0.0,1.0));
#6707=SURFACE_STYLE_FILL_AREA(#8196);
#6708=ORIENTED_EDGE('',*,*,#8066,.T.);
#6709=ORIENTED_EDGE('',*,*,#8197,.F.);
#6710=ORIENTED_EDGE('',*,*,#8022,.F.);
#6711=ORIENTED_EDGE('',*,*,#8195,.T.);
#6712=CARTESIAN_POINT('',(16.3,-0.608800000000008,-5.2));
#6713=DIRECTION('',(-6.12323399573676E-17,-0.0,-1.0));
#6714=DIRECTION('',(0.0,-1.0,0.0));
#6715=SURFACE_STYLE_FILL_AREA(#8198);
#6716=ORIENTED_EDGE('',*,*,#8065,.T.);
#6717=ORIENTED_EDGE('',*,*,#8199,.F.);
#6718=ORIENTED_EDGE('',*,*,#8023,.T.);
#6719=ORIENTED_EDGE('',*,*,#8197,.T.);
#6720=CARTESIAN_POINT('',(16.3,-0.300000000000002,-3.59979999999996));
#6721=DIRECTION('',(0.0,1.0,0.0));
#6722=DIRECTION('',(-6.12323399573676E-17,0.0,-1.0));
#6723=SURFACE_STYLE_FILL_AREA(#8200);
#6724=ORIENTED_EDGE('',*,*,#8064,.T.);
#6725=ORIENTED_EDGE('',*,*,#8201,.F.);
#6726=ORIENTED_EDGE('',*,*,#8024,.F.);
#6727=ORIENTED_EDGE('',*,*,#8199,.T.);
#6728=CARTESIAN_POINT('',(16.3,-0.150000000000002,-1.99959999999992));
#6729=DIRECTION('',(-6.12323399573676E-17,1.48029736616687E-15,-1.0));
#6730=DIRECTION('',(-9.06420715631258E-32,-1.0,-1.48029736616687E-15));
#6731=SURFACE_STYLE_FILL_AREA(#8202);
#6732=ORIENTED_EDGE('',*,*,#7082,.T.);
#6733=ORIENTED_EDGE('',*,*,#6946,.T.);
#6734=ORIENTED_EDGE('',*,*,#7088,.T.);
#6735=ORIENTED_EDGE('',*,*,#6937,.T.);
#6736=ORIENTED_EDGE('',*,*,#7094,.T.);
#6737=ORIENTED_EDGE('',*,*,#6928,.T.);
#6738=ORIENTED_EDGE('',*,*,#7100,.T.);
#6739=ORIENTED_EDGE('',*,*,#6919,.T.);
#6740=ORIENTED_EDGE('',*,*,#7106,.T.);
#6741=ORIENTED_EDGE('',*,*,#6910,.T.);
#6742=ORIENTED_EDGE('',*,*,#8063,.T.);
#6743=ORIENTED_EDGE('',*,*,#8203,.F.);
#6744=ORIENTED_EDGE('',*,*,#8025,.T.);
#6745=ORIENTED_EDGE('',*,*,#8201,.T.);
#6746=CARTESIAN_POINT('',(16.3,-1.77635683940025E-15,0.502300000000066));
#6747=DIRECTION('',(0.0,1.0,0.0));
#6748=DIRECTION('',(-6.12323399573676E-17,0.0,-1.0));
#6749=SURFACE_STYLE_FILL_AREA(#8204);
#6750=ORIENTED_EDGE('',*,*,#8062,.T.);
#6751=ORIENTED_EDGE('',*,*,#8092,.F.);
#6752=ORIENTED_EDGE('',*,*,#8026,.F.);
#6753=ORIENTED_EDGE('',*,*,#8203,.T.);
#6754=CARTESIAN_POINT('',(16.3,-0.306400000000002,3.00420000000006));
#6755=DIRECTION('',(6.12323399573676E-17,-0.0,1.0));
#6756=DIRECTION('',(0.0,1.0,0.0));
#6757=SURFACE_STYLE_FILL_AREA(#8205);
#6758=ORIENTED_EDGE('',*,*,#8175,.T.);
#6759=ORIENTED_EDGE('',*,*,#8093,.T.);
#6760=ORIENTED_EDGE('',*,*,#8060,.T.);
#6761=ORIENTED_EDGE('',*,*,#8206,.F.);
#6762=CARTESIAN_POINT('',(16.3,-1.12079999999999,1.98820000000003));
#6763=DIRECTION('',(6.12323399573676E-17,-0.0,1.0));
#6764=DIRECTION('',(0.0,1.0,0.0));
#6765=SURFACE_STYLE_FILL_AREA(#8207);
#6766=ORIENTED_EDGE('',*,*,#8176,.T.);
#6767=ORIENTED_EDGE('',*,*,#8206,.T.);
#6768=ORIENTED_EDGE('',*,*,#8059,.T.);
#6769=ORIENTED_EDGE('',*,*,#8208,.F.);
#6770=CARTESIAN_POINT('',(16.3,-1.62879999999998,2.24220000000003));
#6771=DIRECTION('',(0.0,1.0,0.0));
#6772=DIRECTION('',(-6.12323399573676E-17,0.0,-1.0));
#6773=SURFACE_STYLE_FILL_AREA(#8209);
#6774=ORIENTED_EDGE('',*,*,#8058,.T.);
#6775=ORIENTED_EDGE('',*,*,#8210,.F.);
#6776=ORIENTED_EDGE('',*,*,#8030,.F.);
#6777=ORIENTED_EDGE('',*,*,#8117,.T.);
#6778=ORIENTED_EDGE('',*,*,#8084,.T.);
#6779=ORIENTED_EDGE('',*,*,#8131,.T.);
#6780=ORIENTED_EDGE('',*,*,#8123,.T.);
#6781=ORIENTED_EDGE('',*,*,#8145,.T.);
#6782=ORIENTED_EDGE('',*,*,#8137,.T.);
#6783=ORIENTED_EDGE('',*,*,#8159,.T.);
#6784=ORIENTED_EDGE('',*,*,#8151,.T.);
#6785=ORIENTED_EDGE('',*,*,#8173,.T.);
#6786=ORIENTED_EDGE('',*,*,#8165,.T.);
#6787=ORIENTED_EDGE('',*,*,#8187,.T.);
#6788=ORIENTED_EDGE('',*,*,#8179,.T.);
#6789=ORIENTED_EDGE('',*,*,#8208,.T.);
#6790=CARTESIAN_POINT('',(16.3,-3.31789999999997,2.86450000000002));
#6791=DIRECTION('',(5.98266640801372E-17,0.213039575587085,0.977043570795937));
#6792=DIRECTION('',(-1.30449117167217E-17,0.977043570795937,-0.213039575587085));
#6793=SURFACE_STYLE_FILL_AREA(#8211);
#6794=ORIENTED_EDGE('',*,*,#8057,.T.);
#6795=ORIENTED_EDGE('',*,*,#8212,.F.);
#6796=ORIENTED_EDGE('',*,*,#8031,.F.);
#6797=ORIENTED_EDGE('',*,*,#8210,.T.);
#6798=CARTESIAN_POINT('',(16.3,-5.00699999999996,4.21640000000001));
#6799=DIRECTION('',(0.0,1.0,0.0));
#6800=DIRECTION('',(-6.12323399573676E-17,0.0,-1.0));
#6801=SURFACE_STYLE_FILL_AREA(#8213);
#6802=ORIENTED_EDGE('',*,*,#7794,.T.);
#6803=ORIENTED_EDGE('',*,*,#7835,.F.);
#6804=ORIENTED_EDGE('',*,*,#8032,.T.);
#6805=ORIENTED_EDGE('',*,*,#8212,.T.);
#6806=ORIENTED_EDGE('',*,*,#8056,.T.);
#6807=ORIENTED_EDGE('',*,*,#7985,.F.);
#6808=ORIENTED_EDGE('',*,*,#7957,.T.);
#6809=ORIENTED_EDGE('',*,*,#7983,.T.);
#6810=ORIENTED_EDGE('',*,*,#7964,.T.);
#6811=ORIENTED_EDGE('',*,*,#7947,.F.);
#6812=ORIENTED_EDGE('',*,*,#7924,.T.);
#6813=ORIENTED_EDGE('',*,*,#7945,.T.);
#6814=ORIENTED_EDGE('',*,*,#7913,.T.);
#6815=ORIENTED_EDGE('',*,*,#7909,.F.);
#6816=ORIENTED_EDGE('',*,*,#7886,.T.);
#6817=ORIENTED_EDGE('',*,*,#7907,.T.);
#6818=ORIENTED_EDGE('',*,*,#7875,.T.);
#6819=ORIENTED_EDGE('',*,*,#7871,.F.);
#6820=ORIENTED_EDGE('',*,*,#7848,.T.);
#6821=ORIENTED_EDGE('',*,*,#7869,.T.);
#6822=ORIENTED_EDGE('',*,*,#7837,.T.);
#6823=ORIENTED_EDGE('',*,*,#7829,.F.);
#6824=ORIENTED_EDGE('',*,*,#7806,.T.);
#6825=ORIENTED_EDGE('',*,*,#7827,.T.);
#6826=CARTESIAN_POINT('',(16.3,-7.40729999999998,5.2));
#6827=DIRECTION('',(6.12323399573676E-17,-0.0,1.0));
#6828=DIRECTION('',(0.0,1.0,0.0));
#6829=SURFACE_STYLE_FILL_AREA(#8214);
#6830=ORIENTED_EDGE('',*,*,#8055,.T.);
#6831=ORIENTED_EDGE('',*,*,#8049,.F.);
#6832=ORIENTED_EDGE('',*,*,#8051,.F.);
#6833=ORIENTED_EDGE('',*,*,#8012,.F.);
#6834=ORIENTED_EDGE('',*,*,#8000,.F.);
#6835=ORIENTED_EDGE('',*,*,#7990,.F.);
#6836=ORIENTED_EDGE('',*,*,#8019,.F.);
#6837=ORIENTED_EDGE('',*,*,#7833,.T.);
#6838=ORIENTED_EDGE('',*,*,#7819,.T.);
#6839=ORIENTED_EDGE('',*,*,#7831,.T.);
#6840=ORIENTED_EDGE('',*,*,#7861,.T.);
#6841=ORIENTED_EDGE('',*,*,#7873,.T.);
#6842=ORIENTED_EDGE('',*,*,#7899,.T.);
#6843=ORIENTED_EDGE('',*,*,#7911,.T.);
#6844=ORIENTED_EDGE('',*,*,#7937,.T.);
#6845=ORIENTED_EDGE('',*,*,#7949,.T.);
#6846=ORIENTED_EDGE('',*,*,#7975,.T.);
#6847=ORIENTED_EDGE('',*,*,#7987,.T.);
#6848=CARTESIAN_POINT('',(16.3,-9.90920000000001,4.45200000000002));
#6849=DIRECTION('',(6.12323399573676E-17,-0.0,1.0));
#6850=DIRECTION('',(0.0,1.0,0.0));
#6851=SURFACE_STYLE_FILL_AREA(#8215);
#6852=ORIENTED_EDGE('',*,*,#8003,.T.);
#6853=ORIENTED_EDGE('',*,*,#8017,.T.);
#6854=ORIENTED_EDGE('',*,*,#8189,.F.);
#6855=ORIENTED_EDGE('',*,*,#7465,.T.);
#6856=ORIENTED_EDGE('',*,*,#8191,.F.);
#6857=ORIENTED_EDGE('',*,*,#8074,.T.);
#6858=ORIENTED_EDGE('',*,*,#8009,.T.);
#6859=ORIENTED_EDGE('',*,*,#8006,.T.);
#6860=CARTESIAN_POINT('',(16.3,-6.41351400469792,-0.0337928236059275));
#6861=DIRECTION('',(-1.0,0.0,6.12323399573676E-17));
#6862=DIRECTION('',(6.12323399573676E-17,0.0,1.0));
#6863=FILL_AREA_STYLE('',(#8216));
#6864=EDGE_CURVE('',#8217,#8218,#8219,.T.);
#6865=EDGE_CURVE('',#8217,#8220,#8221,.T.);
#6866=EDGE_CURVE('',#8222,#8220,#8223,.T.);
#6867=EDGE_CURVE('',#8218,#8222,#8224,.T.);
#6868=FILL_AREA_STYLE('',(#8225));
#6869=EDGE_CURVE('',#8218,#8226,#8227,.T.);
#6870=EDGE_CURVE('',#8228,#8222,#8229,.T.);
#6871=EDGE_CURVE('',#8226,#8228,#8230,.T.);
#6872=FILL_AREA_STYLE('',(#8231));
#6873=EDGE_CURVE('',#8232,#8233,#8234,.T.);
#6874=EDGE_CURVE('',#8232,#8235,#8236,.T.);
#6875=EDGE_CURVE('',#8237,#8235,#8238,.T.);
#6876=EDGE_CURVE('',#8233,#8237,#8239,.T.);
#6877=FILL_AREA_STYLE('',(#8240));
#6878=EDGE_CURVE('',#8233,#8241,#8242,.T.);
#6879=EDGE_CURVE('',#8243,#8237,#8244,.T.);
#6880=EDGE_CURVE('',#8241,#8243,#8245,.T.);
#6881=FILL_AREA_STYLE('',(#8246));
#6882=EDGE_CURVE('',#8247,#8248,#8249,.T.);
#6883=EDGE_CURVE('',#8247,#8250,#8251,.T.);
#6884=EDGE_CURVE('',#8252,#8250,#8253,.T.);
#6885=EDGE_CURVE('',#8248,#8252,#8254,.T.);
#6886=FILL_AREA_STYLE('',(#8255));
#6887=EDGE_CURVE('',#8248,#8256,#8257,.T.);
#6888=EDGE_CURVE('',#8258,#8252,#8259,.T.);
#6889=EDGE_CURVE('',#8256,#8258,#8260,.T.);
#6890=FILL_AREA_STYLE('',(#8261));
#6891=EDGE_CURVE('',#8262,#8263,#8264,.T.);
#6892=EDGE_CURVE('',#8262,#8265,#8266,.T.);
#6893=EDGE_CURVE('',#8267,#8265,#8268,.T.);
#6894=EDGE_CURVE('',#8263,#8267,#8269,.T.);
#6895=FILL_AREA_STYLE('',(#8270));
#6896=EDGE_CURVE('',#8263,#8271,#8272,.T.);
#6897=EDGE_CURVE('',#8273,#8267,#8274,.T.);
#6898=EDGE_CURVE('',#8271,#8273,#8275,.T.);
#6899=FILL_AREA_STYLE('',(#8276));
#6900=EDGE_CURVE('',#8277,#8278,#8279,.T.);
#6901=EDGE_CURVE('',#8277,#8280,#8281,.T.);
#6902=EDGE_CURVE('',#8282,#8280,#8283,.T.);
#6903=EDGE_CURVE('',#8278,#8282,#8284,.T.);
#6904=FILL_AREA_STYLE('',(#8285));
#6905=EDGE_CURVE('',#8278,#8286,#8287,.T.);
#6906=EDGE_CURVE('',#8288,#8282,#8289,.T.);
#6907=EDGE_CURVE('',#8286,#8288,#8290,.T.);
#6908=FILL_AREA_STYLE('',(#8291));
#6909=EDGE_CURVE('',#8292,#8293,#8294,.T.);
#6910=EDGE_CURVE('',#8295,#8292,#8296,.T.);
#6911=EDGE_CURVE('',#8297,#8295,#8298,.T.);
#6912=EDGE_CURVE('',#8293,#8297,#8299,.T.);
#6913=FILL_AREA_STYLE('',(#8300));
#6914=EDGE_CURVE('',#8293,#8301,#8302,.T.);
#6915=EDGE_CURVE('',#8303,#8297,#8304,.T.);
#6916=EDGE_CURVE('',#8301,#8303,#8305,.T.);
#6917=FILL_AREA_STYLE('',(#8306));
#6918=EDGE_CURVE('',#8307,#8308,#8309,.T.);
#6919=EDGE_CURVE('',#8310,#8307,#8311,.T.);
#6920=EDGE_CURVE('',#8312,#8310,#8313,.T.);
#6921=EDGE_CURVE('',#8308,#8312,#8314,.T.);
#6922=FILL_AREA_STYLE('',(#8315));
#6923=EDGE_CURVE('',#8308,#8316,#8317,.T.);
#6924=EDGE_CURVE('',#8318,#8312,#8319,.T.);
#6925=EDGE_CURVE('',#8316,#8318,#8320,.T.);
#6926=FILL_AREA_STYLE('',(#8321));
#6927=EDGE_CURVE('',#8322,#8323,#8324,.T.);
#6928=EDGE_CURVE('',#8325,#8322,#8326,.T.);
#6929=EDGE_CURVE('',#8327,#8325,#8328,.T.);
#6930=EDGE_CURVE('',#8323,#8327,#8329,.T.);
#6931=FILL_AREA_STYLE('',(#8330));
#6932=EDGE_CURVE('',#8323,#8331,#8332,.T.);
#6933=EDGE_CURVE('',#8333,#8327,#8334,.T.);
#6934=EDGE_CURVE('',#8331,#8333,#8335,.T.);
#6935=FILL_AREA_STYLE('',(#8336));
#6936=EDGE_CURVE('',#8337,#8338,#8339,.T.);
#6937=EDGE_CURVE('',#8340,#8337,#8341,.T.);
#6938=EDGE_CURVE('',#8342,#8340,#8343,.T.);
#6939=EDGE_CURVE('',#8338,#8342,#8344,.T.);
#6940=FILL_AREA_STYLE('',(#8345));
#6941=EDGE_CURVE('',#8338,#8346,#8347,.T.);
#6942=EDGE_CURVE('',#8348,#8342,#8349,.T.);
#6943=EDGE_CURVE('',#8346,#8348,#8350,.T.);
#6944=FILL_AREA_STYLE('',(#8351));
#6945=EDGE_CURVE('',#8352,#8353,#8354,.T.);
#6946=EDGE_CURVE('',#8355,#8352,#8356,.T.);
#6947=EDGE_CURVE('',#8357,#8355,#8358,.T.);
#6948=EDGE_CURVE('',#8353,#8357,#8359,.T.);
#6949=FILL_AREA_STYLE('',(#8360));
#6950=EDGE_CURVE('',#8353,#8361,#8362,.T.);
#6951=EDGE_CURVE('',#8363,#8357,#8364,.T.);
#6952=EDGE_CURVE('',#8361,#8363,#8365,.T.);
#6953=FILL_AREA_STYLE('',(#8366));
#6954=EDGE_CURVE('',#8367,#8368,#8369,.T.);
#6955=EDGE_CURVE('',#8370,#8367,#8371,.T.);
#6956=EDGE_CURVE('',#8372,#8370,#8373,.T.);
#6957=EDGE_CURVE('',#8372,#8374,#8375,.T.);
#6958=EDGE_CURVE('',#8374,#8376,#8377,.T.);
#6959=EDGE_CURVE('',#8378,#8376,#8379,.T.);
#6960=EDGE_CURVE('',#8378,#8380,#8381,.T.);
#6961=EDGE_CURVE('',#8380,#8368,#8382,.T.);
#6962=FILL_AREA_STYLE('',(#8383));
#6963=EDGE_CURVE('',#8384,#8385,#8386,.T.);
#6964=EDGE_CURVE('',#8387,#8384,#8388,.T.);
#6965=EDGE_CURVE('',#8389,#8387,#8390,.T.);
#6966=EDGE_CURVE('',#8389,#8391,#8392,.T.);
#6967=EDGE_CURVE('',#8391,#8393,#8394,.T.);
#6968=EDGE_CURVE('',#8395,#8393,#8396,.T.);
#6969=EDGE_CURVE('',#8395,#8397,#8398,.T.);
#6970=EDGE_CURVE('',#8397,#8385,#8399,.T.);
#6971=FILL_AREA_STYLE('',(#8400));
#6972=EDGE_CURVE('',#8401,#8402,#8403,.T.);
#6973=EDGE_CURVE('',#8404,#8401,#8405,.T.);
#6974=EDGE_CURVE('',#8406,#8404,#8407,.T.);
#6975=EDGE_CURVE('',#8406,#8408,#8409,.T.);
#6976=EDGE_CURVE('',#8408,#8410,#8411,.T.);
#6977=EDGE_CURVE('',#8412,#8410,#8413,.T.);
#6978=EDGE_CURVE('',#8412,#8414,#8415,.T.);
#6979=EDGE_CURVE('',#8414,#8402,#8416,.T.);
#6980=FILL_AREA_STYLE('',(#8417));
#6981=EDGE_CURVE('',#8418,#8419,#8420,.T.);
#6982=EDGE_CURVE('',#8421,#8418,#8422,.T.);
#6983=EDGE_CURVE('',#8423,#8421,#8424,.T.);
#6984=EDGE_CURVE('',#8423,#8425,#8426,.T.);
#6985=EDGE_CURVE('',#8425,#8427,#8428,.T.);
#6986=EDGE_CURVE('',#8429,#8427,#8430,.T.);
#6987=EDGE_CURVE('',#8429,#8431,#8432,.T.);
#6988=EDGE_CURVE('',#8431,#8419,#8433,.T.);
#6989=FILL_AREA_STYLE('',(#8434));
#6990=EDGE_CURVE('',#8435,#8436,#8437,.T.);
#6991=EDGE_CURVE('',#8438,#8435,#8439,.T.);
#6992=EDGE_CURVE('',#8440,#8438,#8441,.T.);
#6993=EDGE_CURVE('',#8440,#8442,#8443,.T.);
#6994=EDGE_CURVE('',#8442,#8444,#8445,.T.);
#6995=EDGE_CURVE('',#8446,#8444,#8447,.T.);
#6996=EDGE_CURVE('',#8446,#8448,#8449,.T.);
#6997=EDGE_CURVE('',#8448,#8436,#8450,.T.);
#6998=FILL_AREA_STYLE('',(#8451));
#6999=EDGE_CURVE('',#8436,#8452,#8453,.T.);
#7000=EDGE_CURVE('',#8452,#8454,#8455,.T.);
#7001=EDGE_CURVE('',#8456,#8454,#8457,.T.);
#7002=EDGE_CURVE('',#8456,#8458,#8459,.T.);
#7003=EDGE_CURVE('',#8458,#8440,#8460,.T.);
#7004=EDGE_CURVE('',#8435,#8438,#8461,.T.);
#7005=FILL_AREA_STYLE('',(#8462));
#7006=EDGE_CURVE('',#8448,#8442,#8463,.T.);
#7007=EDGE_CURVE('',#8444,#8446,#8464,.T.);
#7008=FILL_AREA_STYLE('',(#8465));
#7009=EDGE_CURVE('',#8458,#8452,#8466,.T.);
#7010=FILL_AREA_STYLE('',(#8467));
#7011=EDGE_CURVE('',#8454,#8456,#8468,.T.);
#7012=FILL_AREA_STYLE('',(#8469));
#7013=FILL_AREA_STYLE('',(#8470));
#7014=FILL_AREA_STYLE('',(#8471));
#7015=EDGE_CURVE('',#8419,#8472,#8473,.T.);
#7016=EDGE_CURVE('',#8472,#8474,#8475,.T.);
#7017=EDGE_CURVE('',#8476,#8474,#8477,.T.);
#7018=EDGE_CURVE('',#8476,#8478,#8479,.T.);
#7019=EDGE_CURVE('',#8478,#8423,#8480,.T.);
#7020=EDGE_CURVE('',#8418,#8421,#8481,.T.);
#7021=FILL_AREA_STYLE('',(#8482));
#7022=EDGE_CURVE('',#8431,#8425,#8483,.T.);
#7023=EDGE_CURVE('',#8427,#8429,#8484,.T.);
#7024=FILL_AREA_STYLE('',(#8485));
#7025=EDGE_CURVE('',#8478,#8472,#8486,.T.);
#7026=FILL_AREA_STYLE('',(#8487));
#7027=EDGE_CURVE('',#8474,#8476,#8488,.T.);
#7028=FILL_AREA_STYLE('',(#8489));
#7029=FILL_AREA_STYLE('',(#8490));
#7030=FILL_AREA_STYLE('',(#8491));
#7031=EDGE_CURVE('',#8402,#8492,#8493,.T.);
#7032=EDGE_CURVE('',#8492,#8494,#8495,.T.);
#7033=EDGE_CURVE('',#8496,#8494,#8497,.T.);
#7034=EDGE_CURVE('',#8496,#8498,#8499,.T.);
#7035=EDGE_CURVE('',#8498,#8406,#8500,.T.);
#7036=EDGE_CURVE('',#8401,#8404,#8501,.T.);
#7037=FILL_AREA_STYLE('',(#8502));
#7038=EDGE_CURVE('',#8414,#8408,#8503,.T.);
#7039=EDGE_CURVE('',#8410,#8412,#8504,.T.);
#7040=FILL_AREA_STYLE('',(#8505));
#7041=EDGE_CURVE('',#8498,#8492,#8506,.T.);
#7042=FILL_AREA_STYLE('',(#8507));
#7043=EDGE_CURVE('',#8494,#8496,#8508,.T.);
#7044=FILL_AREA_STYLE('',(#8509));
#7045=FILL_AREA_STYLE('',(#8510));
#7046=FILL_AREA_STYLE('',(#8511));
#7047=EDGE_CURVE('',#8385,#8512,#8513,.T.);
#7048=EDGE_CURVE('',#8512,#8514,#8515,.T.);
#7049=EDGE_CURVE('',#8516,#8514,#8517,.T.);
#7050=EDGE_CURVE('',#8516,#8518,#8519,.T.);
#7051=EDGE_CURVE('',#8518,#8389,#8520,.T.);
#7052=EDGE_CURVE('',#8384,#8387,#8521,.T.);
#7053=FILL_AREA_STYLE('',(#8522));
#7054=EDGE_CURVE('',#8397,#8391,#8523,.T.);
#7055=EDGE_CURVE('',#8393,#8395,#8524,.T.);
#7056=FILL_AREA_STYLE('',(#8525));
#7057=EDGE_CURVE('',#8518,#8512,#8526,.T.);
#7058=FILL_AREA_STYLE('',(#8527));
#7059=EDGE_CURVE('',#8514,#8516,#8528,.T.);
#7060=FILL_AREA_STYLE('',(#8529));
#7061=FILL_AREA_STYLE('',(#8530));
#7062=FILL_AREA_STYLE('',(#8531));
#7063=EDGE_CURVE('',#8368,#8532,#8533,.T.);
#7064=EDGE_CURVE('',#8532,#8534,#8535,.T.);
#7065=EDGE_CURVE('',#8536,#8534,#8537,.T.);
#7066=EDGE_CURVE('',#8536,#8538,#8539,.T.);
#7067=EDGE_CURVE('',#8538,#8372,#8540,.T.);
#7068=EDGE_CURVE('',#8367,#8370,#8541,.T.);
#7069=FILL_AREA_STYLE('',(#8542));
#7070=EDGE_CURVE('',#8380,#8374,#8543,.T.);
#7071=EDGE_CURVE('',#8376,#8378,#8544,.T.);
#7072=FILL_AREA_STYLE('',(#8545));
#7073=EDGE_CURVE('',#8538,#8532,#8546,.T.);
#7074=FILL_AREA_STYLE('',(#8547));
#7075=EDGE_CURVE('',#8534,#8536,#8548,.T.);
#7076=FILL_AREA_STYLE('',(#8549));
#7077=FILL_AREA_STYLE('',(#8550));
#7078=FILL_AREA_STYLE('',(#8551));
#7079=EDGE_CURVE('',#8363,#8361,#8552,.T.);
#7080=EDGE_CURVE('',#8357,#8353,#8553,.T.);
#7081=FILL_AREA_STYLE('',(#8554));
#7082=EDGE_CURVE('',#8352,#8355,#8555,.T.);
#7083=FILL_AREA_STYLE('',(#8556));
#7084=FILL_AREA_STYLE('',(#8557));
#7085=EDGE_CURVE('',#8348,#8346,#8558,.T.);
#7086=EDGE_CURVE('',#8342,#8338,#8559,.T.);
#7087=FILL_AREA_STYLE('',(#8560));
#7088=EDGE_CURVE('',#8337,#8340,#8561,.T.);
#7089=FILL_AREA_STYLE('',(#8562));
#7090=FILL_AREA_STYLE('',(#8563));
#7091=EDGE_CURVE('',#8333,#8331,#8564,.T.);
#7092=EDGE_CURVE('',#8327,#8323,#8565,.T.);
#7093=FILL_AREA_STYLE('',(#8566));
#7094=EDGE_CURVE('',#8322,#8325,#8567,.T.);
#7095=FILL_AREA_STYLE('',(#8568));
#7096=FILL_AREA_STYLE('',(#8569));
#7097=EDGE_CURVE('',#8318,#8316,#8570,.T.);
#7098=EDGE_CURVE('',#8312,#8308,#8571,.T.);
#7099=FILL_AREA_STYLE('',(#8572));
#7100=EDGE_CURVE('',#8307,#8310,#8573,.T.);
#7101=FILL_AREA_STYLE('',(#8574));
#7102=FILL_AREA_STYLE('',(#8575));
#7103=EDGE_CURVE('',#8303,#8301,#8576,.T.);
#7104=EDGE_CURVE('',#8297,#8293,#8577,.T.);
#7105=FILL_AREA_STYLE('',(#8578));
#7106=EDGE_CURVE('',#8292,#8295,#8579,.T.);
#7107=FILL_AREA_STYLE('',(#8580));
#7108=FILL_AREA_STYLE('',(#8581));
#7109=EDGE_CURVE('',#8288,#8286,#8582,.T.);
#7110=EDGE_CURVE('',#8282,#8278,#8583,.T.);
#7111=FILL_AREA_STYLE('',(#8584));
#7112=EDGE_CURVE('',#8280,#8277,#8585,.T.);
#7113=FILL_AREA_STYLE('',(#8586));
#7114=FILL_AREA_STYLE('',(#8587));
#7115=EDGE_CURVE('',#8273,#8271,#8588,.T.);
#7116=EDGE_CURVE('',#8267,#8263,#8589,.T.);
#7117=FILL_AREA_STYLE('',(#8590));
#7118=EDGE_CURVE('',#8265,#8262,#8591,.T.);
#7119=FILL_AREA_STYLE('',(#8592));
#7120=FILL_AREA_STYLE('',(#8593));
#7121=EDGE_CURVE('',#8258,#8256,#8594,.T.);
#7122=EDGE_CURVE('',#8252,#8248,#8595,.T.);
#7123=FILL_AREA_STYLE('',(#8596));
#7124=EDGE_CURVE('',#8250,#8247,#8597,.T.);
#7125=FILL_AREA_STYLE('',(#8598));
#7126=FILL_AREA_STYLE('',(#8599));
#7127=EDGE_CURVE('',#8243,#8241,#8600,.T.);
#7128=EDGE_CURVE('',#8237,#8233,#8601,.T.);
#7129=FILL_AREA_STYLE('',(#8602));
#7130=EDGE_CURVE('',#8235,#8232,#8603,.T.);
#7131=FILL_AREA_STYLE('',(#8604));
#7132=FILL_AREA_STYLE('',(#8605));
#7133=EDGE_CURVE('',#8228,#8226,#8606,.T.);
#7134=EDGE_CURVE('',#8222,#8218,#8607,.T.);
#7135=FILL_AREA_STYLE('',(#8608));
#7136=EDGE_CURVE('',#8220,#8217,#8609,.T.);
#7137=FILL_AREA_STYLE('',(#8610));
#7138=FILL_AREA_STYLE('',(#8611));
#7139=EDGE_CURVE('',#8612,#8613,#8614,.T.);
#7140=EDGE_CURVE('',#8612,#8615,#8616,.T.);
#7141=EDGE_CURVE('',#8615,#8617,#8618,.T.);
#7142=EDGE_CURVE('',#8613,#8617,#8619,.T.);
#7143=FILL_AREA_STYLE('',(#8620));
#7144=EDGE_CURVE('',#8621,#8612,#8622,.T.);
#7145=EDGE_CURVE('',#8621,#8623,#8624,.T.);
#7146=EDGE_CURVE('',#8623,#8615,#8625,.T.);
#7147=EDGE_CURVE('',#8626,#8627,#8628,.T.);
#7148=EDGE_CURVE('',#8627,#8629,#8630,.T.);
#7149=EDGE_CURVE('',#8629,#8631,#8632,.T.);
#7150=EDGE_CURVE('',#8631,#8626,#8633,.T.);
#7151=FILL_AREA_STYLE('',(#8634));
#7152=EDGE_CURVE('',#8635,#8621,#8636,.T.);
#7153=EDGE_CURVE('',#8635,#8637,#8638,.T.);
#7154=EDGE_CURVE('',#8637,#8623,#8639,.T.);
#7155=FILL_AREA_STYLE('',(#8640));
#7156=EDGE_CURVE('',#8627,#8641,#8642,.T.);
#7157=EDGE_CURVE('',#8641,#8643,#8644,.T.);
#7158=EDGE_CURVE('',#8643,#8645,#8646,.T.);
#7159=EDGE_CURVE('',#8647,#8645,#8648,.T.);
#7160=EDGE_CURVE('',#8647,#8649,#8650,.T.);
#7161=EDGE_CURVE('',#8649,#8651,#8652,.T.);
#7162=EDGE_CURVE('',#8651,#8629,#8653,.T.);
#7163=FILL_AREA_STYLE('',(#8654));
#7164=EDGE_CURVE('',#8626,#8655,#8656,.T.);
#7165=EDGE_CURVE('',#8641,#8655,#8657,.T.);
#7166=FILL_AREA_STYLE('',(#8658));
#7167=EDGE_CURVE('',#8655,#8659,#8660,.T.);
#7168=EDGE_CURVE('',#8643,#8659,#8661,.T.);
#7169=FILL_AREA_STYLE('',(#8662));
#7170=EDGE_CURVE('',#8659,#8663,#8664,.T.);
#7171=EDGE_CURVE('',#8645,#8663,#8665,.T.);
#7172=FILL_AREA_STYLE('',(#8666));
#7173=EDGE_CURVE('',#8663,#8667,#8668,.T.);
#7174=EDGE_CURVE('',#8647,#8667,#8669,.T.);
#7175=FILL_AREA_STYLE('',(#8670));
#7176=EDGE_CURVE('',#8667,#8671,#8672,.T.);
#7177=EDGE_CURVE('',#8649,#8671,#8673,.T.);
#7178=FILL_AREA_STYLE('',(#8674));
#7179=EDGE_CURVE('',#8671,#8675,#8676,.T.);
#7180=EDGE_CURVE('',#8651,#8675,#8677,.T.);
#7181=FILL_AREA_STYLE('',(#8678));
#7182=EDGE_CURVE('',#8675,#8631,#8679,.T.);
#7183=FILL_AREA_STYLE('',(#8680));
#7184=FILL_AREA_STYLE('',(#8681));
#7185=EDGE_CURVE('',#8613,#8682,#8683,.T.);
#7186=EDGE_CURVE('',#8617,#8684,#8685,.T.);
#7187=EDGE_CURVE('',#8682,#8684,#8686,.T.);
#7188=FILL_AREA_STYLE('',(#8687));
#7189=EDGE_CURVE('',#8682,#8688,#8689,.T.);
#7190=EDGE_CURVE('',#8684,#8690,#8691,.T.);
#7191=EDGE_CURVE('',#8688,#8690,#8692,.T.);
#7192=FILL_AREA_STYLE('',(#8693));
#7193=EDGE_CURVE('',#8688,#8635,#8694,.T.);
#7194=EDGE_CURVE('',#8690,#8637,#8695,.T.);
#7195=FILL_AREA_STYLE('',(#8696));
#7196=FILL_AREA_STYLE('',(#8697));
#7197=EDGE_CURVE('',#8698,#8699,#8700,.T.);
#7198=EDGE_CURVE('',#8698,#8701,#8702,.T.);
#7199=EDGE_CURVE('',#8701,#8703,#8704,.T.);
#7200=EDGE_CURVE('',#8699,#8703,#8705,.T.);
#7201=FILL_AREA_STYLE('',(#8706));
#7202=EDGE_CURVE('',#8707,#8698,#8708,.T.);
#7203=EDGE_CURVE('',#8707,#8709,#8710,.T.);
#7204=EDGE_CURVE('',#8709,#8701,#8711,.T.);
#7205=EDGE_CURVE('',#8712,#8713,#8714,.T.);
#7206=EDGE_CURVE('',#8713,#8715,#8716,.T.);
#7207=EDGE_CURVE('',#8715,#8717,#8718,.T.);
#7208=EDGE_CURVE('',#8717,#8712,#8719,.T.);
#7209=FILL_AREA_STYLE('',(#8720));
#7210=EDGE_CURVE('',#8721,#8707,#8722,.T.);
#7211=EDGE_CURVE('',#8721,#8723,#8724,.T.);
#7212=EDGE_CURVE('',#8723,#8709,#8725,.T.);
#7213=FILL_AREA_STYLE('',(#8726));
#7214=EDGE_CURVE('',#8713,#8727,#8728,.T.);
#7215=EDGE_CURVE('',#8727,#8729,#8730,.T.);
#7216=EDGE_CURVE('',#8729,#8731,#8732,.T.);
#7217=EDGE_CURVE('',#8733,#8731,#8734,.T.);
#7218=EDGE_CURVE('',#8733,#8735,#8736,.T.);
#7219=EDGE_CURVE('',#8735,#8737,#8738,.T.);
#7220=EDGE_CURVE('',#8737,#8715,#8739,.T.);
#7221=FILL_AREA_STYLE('',(#8740));
#7222=EDGE_CURVE('',#8712,#8741,#8742,.T.);
#7223=EDGE_CURVE('',#8727,#8741,#8743,.T.);
#7224=FILL_AREA_STYLE('',(#8744));
#7225=EDGE_CURVE('',#8741,#8745,#8746,.T.);
#7226=EDGE_CURVE('',#8729,#8745,#8747,.T.);
#7227=FILL_AREA_STYLE('',(#8748));
#7228=EDGE_CURVE('',#8745,#8749,#8750,.T.);
#7229=EDGE_CURVE('',#8731,#8749,#8751,.T.);
#7230=FILL_AREA_STYLE('',(#8752));
#7231=EDGE_CURVE('',#8749,#8753,#8754,.T.);
#7232=EDGE_CURVE('',#8733,#8753,#8755,.T.);
#7233=FILL_AREA_STYLE('',(#8756));
#7234=EDGE_CURVE('',#8753,#8757,#8758,.T.);
#7235=EDGE_CURVE('',#8735,#8757,#8759,.T.);
#7236=FILL_AREA_STYLE('',(#8760));
#7237=EDGE_CURVE('',#8757,#8761,#8762,.T.);
#7238=EDGE_CURVE('',#8737,#8761,#8763,.T.);
#7239=FILL_AREA_STYLE('',(#8764));
#7240=EDGE_CURVE('',#8761,#8717,#8765,.T.);
#7241=FILL_AREA_STYLE('',(#8766));
#7242=FILL_AREA_STYLE('',(#8767));
#7243=EDGE_CURVE('',#8699,#8768,#8769,.T.);
#7244=EDGE_CURVE('',#8703,#8770,#8771,.T.);
#7245=EDGE_CURVE('',#8768,#8770,#8772,.T.);
#7246=FILL_AREA_STYLE('',(#8773));
#7247=EDGE_CURVE('',#8768,#8774,#8775,.T.);
#7248=EDGE_CURVE('',#8770,#8776,#8777,.T.);
#7249=EDGE_CURVE('',#8774,#8776,#8778,.T.);
#7250=FILL_AREA_STYLE('',(#8779));
#7251=EDGE_CURVE('',#8774,#8721,#8780,.T.);
#7252=EDGE_CURVE('',#8776,#8723,#8781,.T.);
#7253=FILL_AREA_STYLE('',(#8782));
#7254=FILL_AREA_STYLE('',(#8783));
#7255=EDGE_CURVE('',#8784,#8785,#8786,.T.);
#7256=EDGE_CURVE('',#8784,#8787,#8788,.T.);
#7257=EDGE_CURVE('',#8787,#8789,#8790,.T.);
#7258=EDGE_CURVE('',#8785,#8789,#8791,.T.);
#7259=FILL_AREA_STYLE('',(#8792));
#7260=EDGE_CURVE('',#8793,#8784,#8794,.T.);
#7261=EDGE_CURVE('',#8793,#8795,#8796,.T.);
#7262=EDGE_CURVE('',#8795,#8787,#8797,.T.);
#7263=EDGE_CURVE('',#8798,#8799,#8800,.T.);
#7264=EDGE_CURVE('',#8799,#8801,#8802,.T.);
#7265=EDGE_CURVE('',#8801,#8803,#8804,.T.);
#7266=EDGE_CURVE('',#8803,#8798,#8805,.T.);
#7267=FILL_AREA_STYLE('',(#8806));
#7268=EDGE_CURVE('',#8807,#8793,#8808,.T.);
#7269=EDGE_CURVE('',#8807,#8809,#8810,.T.);
#7270=EDGE_CURVE('',#8809,#8795,#8811,.T.);
#7271=FILL_AREA_STYLE('',(#8812));
#7272=EDGE_CURVE('',#8799,#8813,#8814,.T.);
#7273=EDGE_CURVE('',#8813,#8815,#8816,.T.);
#7274=EDGE_CURVE('',#8815,#8817,#8818,.T.);
#7275=EDGE_CURVE('',#8819,#8817,#8820,.T.);
#7276=EDGE_CURVE('',#8819,#8821,#8822,.T.);
#7277=EDGE_CURVE('',#8821,#8823,#8824,.T.);
#7278=EDGE_CURVE('',#8823,#8801,#8825,.T.);
#7279=FILL_AREA_STYLE('',(#8826));
#7280=EDGE_CURVE('',#8798,#8827,#8828,.T.);
#7281=EDGE_CURVE('',#8813,#8827,#8829,.T.);
#7282=FILL_AREA_STYLE('',(#8830));
#7283=EDGE_CURVE('',#8827,#8831,#8832,.T.);
#7284=EDGE_CURVE('',#8815,#8831,#8833,.T.);
#7285=FILL_AREA_STYLE('',(#8834));
#7286=EDGE_CURVE('',#8831,#8835,#8836,.T.);
#7287=EDGE_CURVE('',#8817,#8835,#8837,.T.);
#7288=FILL_AREA_STYLE('',(#8838));
#7289=EDGE_CURVE('',#8835,#8839,#8840,.T.);
#7290=EDGE_CURVE('',#8819,#8839,#8841,.T.);
#7291=FILL_AREA_STYLE('',(#8842));
#7292=EDGE_CURVE('',#8839,#8843,#8844,.T.);
#7293=EDGE_CURVE('',#8821,#8843,#8845,.T.);
#7294=FILL_AREA_STYLE('',(#8846));
#7295=EDGE_CURVE('',#8843,#8847,#8848,.T.);
#7296=EDGE_CURVE('',#8823,#8847,#8849,.T.);
#7297=FILL_AREA_STYLE('',(#8850));
#7298=EDGE_CURVE('',#8847,#8803,#8851,.T.);
#7299=FILL_AREA_STYLE('',(#8852));
#7300=FILL_AREA_STYLE('',(#8853));
#7301=EDGE_CURVE('',#8785,#8854,#8855,.T.);
#7302=EDGE_CURVE('',#8789,#8856,#8857,.T.);
#7303=EDGE_CURVE('',#8854,#8856,#8858,.T.);
#7304=FILL_AREA_STYLE('',(#8859));
#7305=EDGE_CURVE('',#8854,#8860,#8861,.T.);
#7306=EDGE_CURVE('',#8856,#8862,#8863,.T.);
#7307=EDGE_CURVE('',#8860,#8862,#8864,.T.);
#7308=FILL_AREA_STYLE('',(#8865));
#7309=EDGE_CURVE('',#8860,#8807,#8866,.T.);
#7310=EDGE_CURVE('',#8862,#8809,#8867,.T.);
#7311=FILL_AREA_STYLE('',(#8868));
#7312=FILL_AREA_STYLE('',(#8869));
#7313=EDGE_CURVE('',#8870,#8871,#8872,.T.);
#7314=EDGE_CURVE('',#8870,#8873,#8874,.T.);
#7315=EDGE_CURVE('',#8873,#8875,#8876,.T.);
#7316=EDGE_CURVE('',#8871,#8875,#8877,.T.);
#7317=FILL_AREA_STYLE('',(#8878));
#7318=EDGE_CURVE('',#8879,#8870,#8880,.T.);
#7319=EDGE_CURVE('',#8879,#8881,#8882,.T.);
#7320=EDGE_CURVE('',#8881,#8873,#8883,.T.);
#7321=EDGE_CURVE('',#8884,#8885,#8886,.T.);
#7322=EDGE_CURVE('',#8885,#8887,#8888,.T.);
#7323=EDGE_CURVE('',#8887,#8889,#8890,.T.);
#7324=EDGE_CURVE('',#8889,#8884,#8891,.T.);
#7325=FILL_AREA_STYLE('',(#8892));
#7326=EDGE_CURVE('',#8893,#8879,#8894,.T.);
#7327=EDGE_CURVE('',#8893,#8895,#8896,.T.);
#7328=EDGE_CURVE('',#8895,#8881,#8897,.T.);
#7329=FILL_AREA_STYLE('',(#8898));
#7330=EDGE_CURVE('',#8885,#8899,#8900,.T.);
#7331=EDGE_CURVE('',#8899,#8901,#8902,.T.);
#7332=EDGE_CURVE('',#8901,#8903,#8904,.T.);
#7333=EDGE_CURVE('',#8905,#8903,#8906,.T.);
#7334=EDGE_CURVE('',#8905,#8907,#8908,.T.);
#7335=EDGE_CURVE('',#8907,#8909,#8910,.T.);
#7336=EDGE_CURVE('',#8909,#8887,#8911,.T.);
#7337=FILL_AREA_STYLE('',(#8912));
#7338=EDGE_CURVE('',#8884,#8913,#8914,.T.);
#7339=EDGE_CURVE('',#8899,#8913,#8915,.T.);
#7340=FILL_AREA_STYLE('',(#8916));
#7341=EDGE_CURVE('',#8913,#8917,#8918,.T.);
#7342=EDGE_CURVE('',#8901,#8917,#8919,.T.);
#7343=FILL_AREA_STYLE('',(#8920));
#7344=EDGE_CURVE('',#8917,#8921,#8922,.T.);
#7345=EDGE_CURVE('',#8903,#8921,#8923,.T.);
#7346=FILL_AREA_STYLE('',(#8924));
#7347=EDGE_CURVE('',#8921,#8925,#8926,.T.);
#7348=EDGE_CURVE('',#8905,#8925,#8927,.T.);
#7349=FILL_AREA_STYLE('',(#8928));
#7350=EDGE_CURVE('',#8925,#8929,#8930,.T.);
#7351=EDGE_CURVE('',#8907,#8929,#8931,.T.);
#7352=FILL_AREA_STYLE('',(#8932));
#7353=EDGE_CURVE('',#8929,#8933,#8934,.T.);
#7354=EDGE_CURVE('',#8909,#8933,#8935,.T.);
#7355=FILL_AREA_STYLE('',(#8936));
#7356=EDGE_CURVE('',#8933,#8889,#8937,.T.);
#7357=FILL_AREA_STYLE('',(#8938));
#7358=FILL_AREA_STYLE('',(#8939));
#7359=EDGE_CURVE('',#8871,#8940,#8941,.T.);
#7360=EDGE_CURVE('',#8875,#8942,#8943,.T.);
#7361=EDGE_CURVE('',#8940,#8942,#8944,.T.);
#7362=FILL_AREA_STYLE('',(#8945));
#7363=EDGE_CURVE('',#8940,#8946,#8947,.T.);
#7364=EDGE_CURVE('',#8942,#8948,#8949,.T.);
#7365=EDGE_CURVE('',#8946,#8948,#8950,.T.);
#7366=FILL_AREA_STYLE('',(#8951));
#7367=EDGE_CURVE('',#8946,#8893,#8952,.T.);
#7368=EDGE_CURVE('',#8948,#8895,#8953,.T.);
#7369=FILL_AREA_STYLE('',(#8954));
#7370=FILL_AREA_STYLE('',(#8955));
#7371=EDGE_CURVE('',#8956,#8957,#8958,.T.);
#7372=EDGE_CURVE('',#8956,#8959,#8960,.T.);
#7373=EDGE_CURVE('',#8959,#8961,#8962,.T.);
#7374=EDGE_CURVE('',#8957,#8961,#8963,.T.);
#7375=FILL_AREA_STYLE('',(#8964));
#7376=EDGE_CURVE('',#8965,#8956,#8966,.T.);
#7377=EDGE_CURVE('',#8965,#8967,#8968,.T.);
#7378=EDGE_CURVE('',#8967,#8959,#8969,.T.);
#7379=EDGE_CURVE('',#8970,#8971,#8972,.T.);
#7380=EDGE_CURVE('',#8971,#8973,#8974,.T.);
#7381=EDGE_CURVE('',#8973,#8975,#8976,.T.);
#7382=EDGE_CURVE('',#8975,#8970,#8977,.T.);
#7383=FILL_AREA_STYLE('',(#8978));
#7384=EDGE_CURVE('',#8979,#8965,#8980,.T.);
#7385=EDGE_CURVE('',#8979,#8981,#8982,.T.);
#7386=EDGE_CURVE('',#8981,#8967,#8983,.T.);
#7387=FILL_AREA_STYLE('',(#8984));
#7388=EDGE_CURVE('',#8971,#8985,#8986,.T.);
#7389=EDGE_CURVE('',#8985,#8987,#8988,.T.);
#7390=EDGE_CURVE('',#8987,#8989,#8990,.T.);
#7391=EDGE_CURVE('',#8991,#8989,#8992,.T.);
#7392=EDGE_CURVE('',#8991,#8993,#8994,.T.);
#7393=EDGE_CURVE('',#8993,#8995,#8996,.T.);
#7394=EDGE_CURVE('',#8995,#8973,#8997,.T.);
#7395=FILL_AREA_STYLE('',(#8998));
#7396=EDGE_CURVE('',#8970,#8999,#9000,.T.);
#7397=EDGE_CURVE('',#8985,#8999,#9001,.T.);
#7398=FILL_AREA_STYLE('',(#9002));
#7399=EDGE_CURVE('',#8999,#9003,#9004,.T.);
#7400=EDGE_CURVE('',#8987,#9003,#9005,.T.);
#7401=FILL_AREA_STYLE('',(#9006));
#7402=EDGE_CURVE('',#9003,#9007,#9008,.T.);
#7403=EDGE_CURVE('',#8989,#9007,#9009,.T.);
#7404=FILL_AREA_STYLE('',(#9010));
#7405=EDGE_CURVE('',#9007,#9011,#9012,.T.);
#7406=EDGE_CURVE('',#8991,#9011,#9013,.T.);
#7407=FILL_AREA_STYLE('',(#9014));
#7408=EDGE_CURVE('',#9011,#9015,#9016,.T.);
#7409=EDGE_CURVE('',#8993,#9015,#9017,.T.);
#7410=FILL_AREA_STYLE('',(#9018));
#7411=EDGE_CURVE('',#9015,#9019,#9020,.T.);
#7412=EDGE_CURVE('',#8995,#9019,#9021,.T.);
#7413=FILL_AREA_STYLE('',(#9022));
#7414=EDGE_CURVE('',#9019,#8975,#9023,.T.);
#7415=FILL_AREA_STYLE('',(#9024));
#7416=FILL_AREA_STYLE('',(#9025));
#7417=EDGE_CURVE('',#8957,#9026,#9027,.T.);
#7418=EDGE_CURVE('',#8961,#9028,#9029,.T.);
#7419=EDGE_CURVE('',#9026,#9028,#9030,.T.);
#7420=FILL_AREA_STYLE('',(#9031));
#7421=EDGE_CURVE('',#9026,#9032,#9033,.T.);
#7422=EDGE_CURVE('',#9028,#9034,#9035,.T.);
#7423=EDGE_CURVE('',#9032,#9034,#9036,.T.);
#7424=FILL_AREA_STYLE('',(#9037));
#7425=EDGE_CURVE('',#9032,#8979,#9038,.T.);
#7426=EDGE_CURVE('',#9034,#8981,#9039,.T.);
#7427=FILL_AREA_STYLE('',(#9040));
#7428=FILL_AREA_STYLE('',(#9041));
#7429=EDGE_CURVE('',#9042,#9043,#9044,.T.);
#7430=EDGE_CURVE('',#9045,#9042,#9046,.T.);
#7431=EDGE_CURVE('',#9047,#9045,#9048,.T.);
#7432=EDGE_CURVE('',#9047,#9043,#9049,.T.);
#7433=FILL_AREA_STYLE('',(#9050));
#7434=EDGE_CURVE('',#9043,#9051,#9052,.T.);
#7435=EDGE_CURVE('',#9053,#9047,#9054,.T.);
#7436=EDGE_CURVE('',#9055,#9053,#9056,.T.);
#7437=EDGE_CURVE('',#9057,#9055,#9058,.T.);
#7438=EDGE_CURVE('',#9059,#9057,#9060,.T.);
#7439=EDGE_CURVE('',#9061,#9059,#9062,.T.);
#7440=EDGE_CURVE('',#9061,#9063,#9064,.T.);
#7441=EDGE_CURVE('',#9051,#9063,#9065,.T.);
#7442=FILL_AREA_STYLE('',(#9066));
#7443=EDGE_CURVE('',#9067,#9068,#9069,.T.);
#7444=EDGE_CURVE('',#9059,#9067,#9070,.T.);
#7445=EDGE_CURVE('',#9057,#9068,#9071,.T.);
#7446=FILL_AREA_STYLE('',(#9072));
#7447=EDGE_CURVE('',#9068,#9073,#9074,.T.);
#7448=EDGE_CURVE('',#9055,#9073,#9075,.T.);
#7449=FILL_AREA_STYLE('',(#9076));
#7450=EDGE_CURVE('',#9073,#9077,#9078,.T.);
#7451=EDGE_CURVE('',#9053,#9077,#9079,.T.);
#7452=FILL_AREA_STYLE('',(#9080));
#7453=EDGE_CURVE('',#9077,#9045,#9081,.T.);
#7454=FILL_AREA_STYLE('',(#9082));
#7455=EDGE_CURVE('',#9063,#9083,#9084,.T.);
#7456=EDGE_CURVE('',#9061,#9085,#9086,.T.);
#7457=EDGE_CURVE('',#9083,#9085,#9087,.T.);
#7458=FILL_AREA_STYLE('',(#9088));
#7459=EDGE_CURVE('',#9085,#9067,#9089,.T.);
#7460=FILL_AREA_STYLE('',(#9090));
#7461=EDGE_CURVE('',#9091,#9042,#9092,.T.);
#7462=EDGE_CURVE('',#9083,#9091,#9093,.T.);
#7463=FILL_AREA_STYLE('',(#9094));
#7464=EDGE_CURVE('',#9095,#9051,#9096,.T.);
#7465=EDGE_CURVE('',#9097,#9095,#9098,.T.);
#7466=EDGE_CURVE('',#9097,#9099,#9100,.T.);
#7467=EDGE_CURVE('',#9099,#9101,#9102,.T.);
#7468=EDGE_CURVE('',#9101,#9103,#9104,.T.);
#7469=EDGE_CURVE('',#9103,#9105,#9106,.T.);
#7470=EDGE_CURVE('',#9105,#9107,#9108,.T.);
#7471=EDGE_CURVE('',#9107,#9109,#9110,.T.);
#7472=EDGE_CURVE('',#9109,#9111,#9112,.T.);
#7473=EDGE_CURVE('',#9111,#9113,#9114,.T.);
#7474=EDGE_CURVE('',#9113,#9115,#9116,.T.);
#7475=EDGE_CURVE('',#9115,#9117,#9118,.T.);
#7476=EDGE_CURVE('',#9117,#9119,#9120,.T.);
#7477=EDGE_CURVE('',#9119,#9121,#9122,.T.);
#7478=EDGE_CURVE('',#9121,#9123,#9124,.T.);
#7479=EDGE_CURVE('',#9123,#9125,#9126,.T.);
#7480=EDGE_CURVE('',#9125,#9127,#9128,.T.);
#7481=EDGE_CURVE('',#9127,#9129,#9130,.T.);
#7482=EDGE_CURVE('',#9129,#9131,#9132,.T.);
#7483=EDGE_CURVE('',#9131,#9133,#9134,.T.);
#7484=EDGE_CURVE('',#9133,#9135,#9136,.T.);
#7485=EDGE_CURVE('',#9135,#9137,#9138,.T.);
#7486=EDGE_CURVE('',#9137,#9139,#9140,.T.);
#7487=EDGE_CURVE('',#9139,#9141,#9142,.T.);
#7488=EDGE_CURVE('',#9143,#9141,#9144,.T.);
#7489=EDGE_CURVE('',#9143,#9145,#9146,.T.);
#7490=EDGE_CURVE('',#9145,#9147,#9148,.T.);
#7491=EDGE_CURVE('',#9147,#9149,#9150,.T.);
#7492=EDGE_CURVE('',#9151,#9149,#9152,.T.);
#7493=EDGE_CURVE('',#9151,#9153,#9154,.T.);
#7494=EDGE_CURVE('',#9153,#9155,#9156,.T.);
#7495=EDGE_CURVE('',#9155,#9157,#9158,.T.);
#7496=EDGE_CURVE('',#9159,#9157,#9160,.T.);
#7497=EDGE_CURVE('',#9159,#9161,#9162,.T.);
#7498=EDGE_CURVE('',#9161,#9163,#9164,.T.);
#7499=EDGE_CURVE('',#9163,#9165,#9166,.T.);
#7500=EDGE_CURVE('',#9167,#9165,#9168,.T.);
#7501=EDGE_CURVE('',#9167,#9169,#9170,.T.);
#7502=EDGE_CURVE('',#9169,#9171,#9172,.T.);
#7503=EDGE_CURVE('',#9171,#9173,#9174,.T.);
#7504=EDGE_CURVE('',#9091,#9173,#9175,.T.);
#7505=FILL_AREA_STYLE('',(#9176));
#7506=EDGE_CURVE('',#9177,#9169,#9178,.T.);
#7507=EDGE_CURVE('',#9179,#9177,#9180,.T.);
#7508=EDGE_CURVE('',#9179,#9171,#9181,.T.);
#7509=FILL_AREA_STYLE('',(#9182));
#7510=EDGE_CURVE('',#9183,#9179,#9184,.T.);
#7511=EDGE_CURVE('',#9185,#9183,#9186,.T.);
#7512=EDGE_CURVE('',#9187,#9185,#9188,.T.);
#7513=EDGE_CURVE('',#9189,#9187,#9190,.T.);
#7514=EDGE_CURVE('',#9191,#9189,#9192,.T.);
#7515=EDGE_CURVE('',#9191,#9193,#9194,.T.);
#7516=EDGE_CURVE('',#9173,#9193,#9195,.T.);
#7517=FILL_AREA_STYLE('',(#9196));
#7518=EDGE_CURVE('',#9197,#9198,#9199,.T.);
#7519=EDGE_CURVE('',#9189,#9197,#9200,.T.);
#7520=EDGE_CURVE('',#9187,#9198,#9201,.T.);
#7521=FILL_AREA_STYLE('',(#9202));
#7522=EDGE_CURVE('',#9198,#9203,#9204,.T.);
#7523=EDGE_CURVE('',#9185,#9203,#9205,.T.);
#7524=FILL_AREA_STYLE('',(#9206));
#7525=EDGE_CURVE('',#9203,#9207,#9208,.T.);
#7526=EDGE_CURVE('',#9183,#9207,#9209,.T.);
#7527=FILL_AREA_STYLE('',(#9210));
#7528=EDGE_CURVE('',#9207,#9177,#9211,.T.);
#7529=FILL_AREA_STYLE('',(#9212));
#7530=EDGE_CURVE('',#9193,#9213,#9214,.T.);
#7531=EDGE_CURVE('',#9191,#9215,#9216,.T.);
#7532=EDGE_CURVE('',#9213,#9215,#9217,.T.);
#7533=FILL_AREA_STYLE('',(#9218));
#7534=EDGE_CURVE('',#9215,#9197,#9219,.T.);
#7535=FILL_AREA_STYLE('',(#9220));
#7536=EDGE_CURVE('',#9213,#9167,#9221,.T.);
#7537=FILL_AREA_STYLE('',(#9222));
#7538=EDGE_CURVE('',#9223,#9161,#9224,.T.);
#7539=EDGE_CURVE('',#9225,#9223,#9226,.T.);
#7540=EDGE_CURVE('',#9225,#9163,#9227,.T.);
#7541=FILL_AREA_STYLE('',(#9228));
#7542=EDGE_CURVE('',#9229,#9225,#9230,.T.);
#7543=EDGE_CURVE('',#9231,#9229,#9232,.T.);
#7544=EDGE_CURVE('',#9233,#9231,#9234,.T.);
#7545=EDGE_CURVE('',#9235,#9233,#9236,.T.);
#7546=EDGE_CURVE('',#9237,#9235,#9238,.T.);
#7547=EDGE_CURVE('',#9237,#9239,#9240,.T.);
#7548=EDGE_CURVE('',#9165,#9239,#9241,.T.);
#7549=FILL_AREA_STYLE('',(#9242));
#7550=EDGE_CURVE('',#9243,#9244,#9245,.T.);
#7551=EDGE_CURVE('',#9235,#9243,#9246,.T.);
#7552=EDGE_CURVE('',#9233,#9244,#9247,.T.);
#7553=FILL_AREA_STYLE('',(#9248));
#7554=EDGE_CURVE('',#9244,#9249,#9250,.T.);
#7555=EDGE_CURVE('',#9231,#9249,#9251,.T.);
#7556=FILL_AREA_STYLE('',(#9252));
#7557=EDGE_CURVE('',#9249,#9253,#9254,.T.);
#7558=EDGE_CURVE('',#9229,#9253,#9255,.T.);
#7559=FILL_AREA_STYLE('',(#9256));
#7560=EDGE_CURVE('',#9253,#9223,#9257,.T.);
#7561=FILL_AREA_STYLE('',(#9258));
#7562=EDGE_CURVE('',#9239,#9259,#9260,.T.);
#7563=EDGE_CURVE('',#9237,#9261,#9262,.T.);
#7564=EDGE_CURVE('',#9259,#9261,#9263,.T.);
#7565=FILL_AREA_STYLE('',(#9264));
#7566=EDGE_CURVE('',#9261,#9243,#9265,.T.);
#7567=FILL_AREA_STYLE('',(#9266));
#7568=EDGE_CURVE('',#9259,#9159,#9267,.T.);
#7569=FILL_AREA_STYLE('',(#9268));
#7570=EDGE_CURVE('',#9269,#9153,#9270,.T.);
#7571=EDGE_CURVE('',#9271,#9269,#9272,.T.);
#7572=EDGE_CURVE('',#9271,#9155,#9273,.T.);
#7573=FILL_AREA_STYLE('',(#9274));
#7574=EDGE_CURVE('',#9275,#9271,#9276,.T.);
#7575=EDGE_CURVE('',#9277,#9275,#9278,.T.);
#7576=EDGE_CURVE('',#9279,#9277,#9280,.T.);
#7577=EDGE_CURVE('',#9281,#9279,#9282,.T.);
#7578=EDGE_CURVE('',#9283,#9281,#9284,.T.);
#7579=EDGE_CURVE('',#9283,#9285,#9286,.T.);
#7580=EDGE_CURVE('',#9157,#9285,#9287,.T.);
#7581=FILL_AREA_STYLE('',(#9288));
#7582=EDGE_CURVE('',#9289,#9290,#9291,.T.);
#7583=EDGE_CURVE('',#9281,#9289,#9292,.T.);
#7584=EDGE_CURVE('',#9279,#9290,#9293,.T.);
#7585=FILL_AREA_STYLE('',(#9294));
#7586=EDGE_CURVE('',#9290,#9295,#9296,.T.);
#7587=EDGE_CURVE('',#9277,#9295,#9297,.T.);
#7588=FILL_AREA_STYLE('',(#9298));
#7589=EDGE_CURVE('',#9295,#9299,#9300,.T.);
#7590=EDGE_CURVE('',#9275,#9299,#9301,.T.);
#7591=FILL_AREA_STYLE('',(#9302));
#7592=EDGE_CURVE('',#9299,#9269,#9303,.T.);
#7593=FILL_AREA_STYLE('',(#9304));
#7594=EDGE_CURVE('',#9285,#9305,#9306,.T.);
#7595=EDGE_CURVE('',#9283,#9307,#9308,.T.);
#7596=EDGE_CURVE('',#9305,#9307,#9309,.T.);
#7597=FILL_AREA_STYLE('',(#9310));
#7598=EDGE_CURVE('',#9307,#9289,#9311,.T.);
#7599=FILL_AREA_STYLE('',(#9312));
#7600=EDGE_CURVE('',#9305,#9151,#9313,.T.);
#7601=FILL_AREA_STYLE('',(#9314));
#7602=EDGE_CURVE('',#9315,#9145,#9316,.T.);
#7603=EDGE_CURVE('',#9317,#9315,#9318,.T.);
#7604=EDGE_CURVE('',#9317,#9147,#9319,.T.);
#7605=FILL_AREA_STYLE('',(#9320));
#7606=EDGE_CURVE('',#9321,#9317,#9322,.T.);
#7607=EDGE_CURVE('',#9323,#9321,#9324,.T.);
#7608=EDGE_CURVE('',#9325,#9323,#9326,.T.);
#7609=EDGE_CURVE('',#9327,#9325,#9328,.T.);
#7610=EDGE_CURVE('',#9329,#9327,#9330,.T.);
#7611=EDGE_CURVE('',#9329,#9331,#9332,.T.);
#7612=EDGE_CURVE('',#9149,#9331,#9333,.T.);
#7613=FILL_AREA_STYLE('',(#9334));
#7614=EDGE_CURVE('',#9335,#9336,#9337,.T.);
#7615=EDGE_CURVE('',#9327,#9335,#9338,.T.);
#7616=EDGE_CURVE('',#9325,#9336,#9339,.T.);
#7617=FILL_AREA_STYLE('',(#9340));
#7618=EDGE_CURVE('',#9336,#9341,#9342,.T.);
#7619=EDGE_CURVE('',#9323,#9341,#9343,.T.);
#7620=FILL_AREA_STYLE('',(#9344));
#7621=EDGE_CURVE('',#9341,#9345,#9346,.T.);
#7622=EDGE_CURVE('',#9321,#9345,#9347,.T.);
#7623=FILL_AREA_STYLE('',(#9348));
#7624=EDGE_CURVE('',#9345,#9315,#9349,.T.);
#7625=FILL_AREA_STYLE('',(#9350));
#7626=EDGE_CURVE('',#9331,#9351,#9352,.T.);
#7627=EDGE_CURVE('',#9329,#9353,#9354,.T.);
#7628=EDGE_CURVE('',#9351,#9353,#9355,.T.);
#7629=FILL_AREA_STYLE('',(#9356));
#7630=EDGE_CURVE('',#9353,#9335,#9357,.T.);
#7631=FILL_AREA_STYLE('',(#9358));
#7632=EDGE_CURVE('',#9351,#9143,#9359,.T.);
#7633=FILL_AREA_STYLE('',(#9360));
#7634=EDGE_CURVE('',#9361,#9101,#9362,.T.);
#7635=EDGE_CURVE('',#9363,#9361,#9364,.T.);
#7636=EDGE_CURVE('',#9363,#9103,#9365,.T.);
#7637=FILL_AREA_STYLE('',(#9366));
#7638=EDGE_CURVE('',#9367,#9363,#9368,.T.);
#7639=EDGE_CURVE('',#9369,#9367,#9370,.T.);
#7640=EDGE_CURVE('',#9371,#9369,#9372,.T.);
#7641=EDGE_CURVE('',#9373,#9371,#9374,.T.);
#7642=EDGE_CURVE('',#9375,#9373,#9376,.T.);
#7643=EDGE_CURVE('',#9375,#9377,#9378,.T.);
#7644=EDGE_CURVE('',#9105,#9377,#9379,.T.);
#7645=FILL_AREA_STYLE('',(#9380));
#7646=EDGE_CURVE('',#9381,#9382,#9383,.T.);
#7647=EDGE_CURVE('',#9373,#9381,#9384,.T.);
#7648=EDGE_CURVE('',#9371,#9382,#9385,.T.);
#7649=FILL_AREA_STYLE('',(#9386));
#7650=EDGE_CURVE('',#9382,#9387,#9388,.T.);
#7651=EDGE_CURVE('',#9369,#9387,#9389,.T.);
#7652=FILL_AREA_STYLE('',(#9390));
#7653=EDGE_CURVE('',#9387,#9391,#9392,.T.);
#7654=EDGE_CURVE('',#9367,#9391,#9393,.T.);
#7655=FILL_AREA_STYLE('',(#9394));
#7656=EDGE_CURVE('',#9391,#9361,#9395,.T.);
#7657=FILL_AREA_STYLE('',(#9396));
#7658=EDGE_CURVE('',#9377,#9397,#9398,.T.);
#7659=EDGE_CURVE('',#9375,#9399,#9400,.T.);
#7660=EDGE_CURVE('',#9397,#9399,#9401,.T.);
#7661=FILL_AREA_STYLE('',(#9402));
#7662=EDGE_CURVE('',#9399,#9381,#9403,.T.);
#7663=FILL_AREA_STYLE('',(#9404));
#7664=EDGE_CURVE('',#9397,#9099,#9405,.T.);
#7665=FILL_AREA_STYLE('',(#9406));
#7666=EDGE_CURVE('',#9407,#9109,#9408,.T.);
#7667=EDGE_CURVE('',#9409,#9407,#9410,.T.);
#7668=EDGE_CURVE('',#9409,#9111,#9411,.T.);
#7669=FILL_AREA_STYLE('',(#9412));
#7670=EDGE_CURVE('',#9413,#9409,#9414,.T.);
#7671=EDGE_CURVE('',#9415,#9413,#9416,.T.);
#7672=EDGE_CURVE('',#9417,#9415,#9418,.T.);
#7673=EDGE_CURVE('',#9419,#9417,#9420,.T.);
#7674=EDGE_CURVE('',#9421,#9419,#9422,.T.);
#7675=EDGE_CURVE('',#9421,#9423,#9424,.T.);
#7676=EDGE_CURVE('',#9113,#9423,#9425,.T.);
#7677=FILL_AREA_STYLE('',(#9426));
#7678=EDGE_CURVE('',#9427,#9428,#9429,.T.);
#7679=EDGE_CURVE('',#9419,#9427,#9430,.T.);
#7680=EDGE_CURVE('',#9417,#9428,#9431,.T.);
#7681=FILL_AREA_STYLE('',(#9432));
#7682=EDGE_CURVE('',#9428,#9433,#9434,.T.);
#7683=EDGE_CURVE('',#9415,#9433,#9435,.T.);
#7684=FILL_AREA_STYLE('',(#9436));
#7685=EDGE_CURVE('',#9433,#9437,#9438,.T.);
#7686=EDGE_CURVE('',#9413,#9437,#9439,.T.);
#7687=FILL_AREA_STYLE('',(#9440));
#7688=EDGE_CURVE('',#9437,#9407,#9441,.T.);
#7689=FILL_AREA_STYLE('',(#9442));
#7690=EDGE_CURVE('',#9423,#9443,#9444,.T.);
#7691=EDGE_CURVE('',#9421,#9445,#9446,.T.);
#7692=EDGE_CURVE('',#9443,#9445,#9447,.T.);
#7693=FILL_AREA_STYLE('',(#9448));
#7694=EDGE_CURVE('',#9445,#9427,#9449,.T.);
#7695=FILL_AREA_STYLE('',(#9450));
#7696=EDGE_CURVE('',#9443,#9107,#9451,.T.);
#7697=FILL_AREA_STYLE('',(#9452));
#7698=EDGE_CURVE('',#9453,#9117,#9454,.T.);
#7699=EDGE_CURVE('',#9455,#9453,#9456,.T.);
#7700=EDGE_CURVE('',#9455,#9119,#9457,.T.);
#7701=FILL_AREA_STYLE('',(#9458));
#7702=EDGE_CURVE('',#9459,#9455,#9460,.T.);
#7703=EDGE_CURVE('',#9461,#9459,#9462,.T.);
#7704=EDGE_CURVE('',#9463,#9461,#9464,.T.);
#7705=EDGE_CURVE('',#9465,#9463,#9466,.T.);
#7706=EDGE_CURVE('',#9467,#9465,#9468,.T.);
#7707=EDGE_CURVE('',#9467,#9469,#9470,.T.);
#7708=EDGE_CURVE('',#9121,#9469,#9471,.T.);
#7709=FILL_AREA_STYLE('',(#9472));
#7710=EDGE_CURVE('',#9473,#9474,#9475,.T.);
#7711=EDGE_CURVE('',#9465,#9473,#9476,.T.);
#7712=EDGE_CURVE('',#9463,#9474,#9477,.T.);
#7713=FILL_AREA_STYLE('',(#9478));
#7714=EDGE_CURVE('',#9474,#9479,#9480,.T.);
#7715=EDGE_CURVE('',#9461,#9479,#9481,.T.);
#7716=FILL_AREA_STYLE('',(#9482));
#7717=EDGE_CURVE('',#9479,#9483,#9484,.T.);
#7718=EDGE_CURVE('',#9459,#9483,#9485,.T.);
#7719=FILL_AREA_STYLE('',(#9486));
#7720=EDGE_CURVE('',#9483,#9453,#9487,.T.);
#7721=FILL_AREA_STYLE('',(#9488));
#7722=EDGE_CURVE('',#9469,#9489,#9490,.T.);
#7723=EDGE_CURVE('',#9467,#9491,#9492,.T.);
#7724=EDGE_CURVE('',#9489,#9491,#9493,.T.);
#7725=FILL_AREA_STYLE('',(#9494));
#7726=EDGE_CURVE('',#9491,#9473,#9495,.T.);
#7727=FILL_AREA_STYLE('',(#9496));
#7728=EDGE_CURVE('',#9489,#9115,#9497,.T.);
#7729=FILL_AREA_STYLE('',(#9498));
#7730=EDGE_CURVE('',#9499,#9125,#9500,.T.);
#7731=EDGE_CURVE('',#9501,#9499,#9502,.T.);
#7732=EDGE_CURVE('',#9501,#9127,#9503,.T.);
#7733=FILL_AREA_STYLE('',(#9504));
#7734=EDGE_CURVE('',#9505,#9501,#9506,.T.);
#7735=EDGE_CURVE('',#9507,#9505,#9508,.T.);
#7736=EDGE_CURVE('',#9509,#9507,#9510,.T.);
#7737=EDGE_CURVE('',#9511,#9509,#9512,.T.);
#7738=EDGE_CURVE('',#9513,#9511,#9514,.T.);
#7739=EDGE_CURVE('',#9513,#9515,#9516,.T.);
#7740=EDGE_CURVE('',#9129,#9515,#9517,.T.);
#7741=FILL_AREA_STYLE('',(#9518));
#7742=EDGE_CURVE('',#9519,#9520,#9521,.T.);
#7743=EDGE_CURVE('',#9511,#9519,#9522,.T.);
#7744=EDGE_CURVE('',#9509,#9520,#9523,.T.);
#7745=FILL_AREA_STYLE('',(#9524));
#7746=EDGE_CURVE('',#9520,#9525,#9526,.T.);
#7747=EDGE_CURVE('',#9507,#9525,#9527,.T.);
#7748=FILL_AREA_STYLE('',(#9528));
#7749=EDGE_CURVE('',#9525,#9529,#9530,.T.);
#7750=EDGE_CURVE('',#9505,#9529,#9531,.T.);
#7751=FILL_AREA_STYLE('',(#9532));
#7752=EDGE_CURVE('',#9529,#9499,#9533,.T.);
#7753=FILL_AREA_STYLE('',(#9534));
#7754=EDGE_CURVE('',#9515,#9535,#9536,.T.);
#7755=EDGE_CURVE('',#9513,#9537,#9538,.T.);
#7756=EDGE_CURVE('',#9535,#9537,#9539,.T.);
#7757=FILL_AREA_STYLE('',(#9540));
#7758=EDGE_CURVE('',#9537,#9519,#9541,.T.);
#7759=FILL_AREA_STYLE('',(#9542));
#7760=EDGE_CURVE('',#9535,#9123,#9543,.T.);
#7761=FILL_AREA_STYLE('',(#9544));
#7762=EDGE_CURVE('',#9545,#9133,#9546,.T.);
#7763=EDGE_CURVE('',#9547,#9545,#9548,.T.);
#7764=EDGE_CURVE('',#9547,#9135,#9549,.T.);
#7765=FILL_AREA_STYLE('',(#9550));
#7766=EDGE_CURVE('',#9551,#9547,#9552,.T.);
#7767=EDGE_CURVE('',#9553,#9551,#9554,.T.);
#7768=EDGE_CURVE('',#9555,#9553,#9556,.T.);
#7769=EDGE_CURVE('',#9557,#9555,#9558,.T.);
#7770=EDGE_CURVE('',#9559,#9557,#9560,.T.);
#7771=EDGE_CURVE('',#9559,#9561,#9562,.T.);
#7772=EDGE_CURVE('',#9137,#9561,#9563,.T.);
#7773=FILL_AREA_STYLE('',(#9564));
#7774=EDGE_CURVE('',#9565,#9566,#9567,.T.);
#7775=EDGE_CURVE('',#9557,#9565,#9568,.T.);
#7776=EDGE_CURVE('',#9555,#9566,#9569,.T.);
#7777=FILL_AREA_STYLE('',(#9570));
#7778=EDGE_CURVE('',#9566,#9571,#9572,.T.);
#7779=EDGE_CURVE('',#9553,#9571,#9573,.T.);
#7780=FILL_AREA_STYLE('',(#9574));
#7781=EDGE_CURVE('',#9571,#9575,#9576,.T.);
#7782=EDGE_CURVE('',#9551,#9575,#9577,.T.);
#7783=FILL_AREA_STYLE('',(#9578));
#7784=EDGE_CURVE('',#9575,#9545,#9579,.T.);
#7785=FILL_AREA_STYLE('',(#9580));
#7786=EDGE_CURVE('',#9561,#9581,#9582,.T.);
#7787=EDGE_CURVE('',#9559,#9583,#9584,.T.);
#7788=EDGE_CURVE('',#9581,#9583,#9585,.T.);
#7789=FILL_AREA_STYLE('',(#9586));
#7790=EDGE_CURVE('',#9583,#9565,#9587,.T.);
#7791=FILL_AREA_STYLE('',(#9588));
#7792=EDGE_CURVE('',#9581,#9131,#9589,.T.);
#7793=FILL_AREA_STYLE('',(#9590));
#7794=EDGE_CURVE('',#9591,#9592,#9593,.T.);
#7795=EDGE_CURVE('',#9594,#9591,#9595,.T.);
#7796=EDGE_CURVE('',#9596,#9594,#9597,.T.);
#7797=EDGE_CURVE('',#9598,#9596,#9599,.T.);
#7798=EDGE_CURVE('',#9600,#9598,#9601,.T.);
#7799=EDGE_CURVE('',#9602,#9600,#9603,.T.);
#7800=EDGE_CURVE('',#9592,#9602,#9604,.T.);
#7801=FILL_AREA_STYLE('',(#9605));
#7802=EDGE_CURVE('',#9598,#9606,#9607,.T.);
#7803=EDGE_CURVE('',#9608,#9596,#9609,.T.);
#7804=EDGE_CURVE('',#9606,#9608,#9610,.T.);
#7805=FILL_AREA_STYLE('',(#9611));
#7806=EDGE_CURVE('',#9612,#9613,#9614,.T.);
#7807=EDGE_CURVE('',#9615,#9612,#9616,.T.);
#7808=EDGE_CURVE('',#9617,#9615,#9618,.T.);
#7809=EDGE_CURVE('',#9619,#9617,#9620,.T.);
#7810=EDGE_CURVE('',#9619,#9621,#9622,.T.);
#7811=EDGE_CURVE('',#9623,#9621,#9624,.T.);
#7812=EDGE_CURVE('',#9613,#9623,#9625,.T.);
#7813=FILL_AREA_STYLE('',(#9626));
#7814=EDGE_CURVE('',#9627,#9619,#9628,.T.);
#7815=EDGE_CURVE('',#9629,#9627,#9630,.T.);
#7816=EDGE_CURVE('',#9621,#9629,#9631,.T.);
#7817=FILL_AREA_STYLE('',(#9632));
#7818=EDGE_CURVE('',#9600,#9617,#9633,.T.);
#7819=EDGE_CURVE('',#9602,#9615,#9634,.T.);
#7820=FILL_AREA_STYLE('',(#9635));
#7821=EDGE_CURVE('',#9606,#9627,#9636,.T.);
#7822=FILL_AREA_STYLE('',(#9637));
#7823=EDGE_CURVE('',#9608,#9629,#9638,.T.);
#7824=FILL_AREA_STYLE('',(#9639));
#7825=EDGE_CURVE('',#9594,#9623,#9640,.T.);
#7826=FILL_AREA_STYLE('',(#9641));
#7827=EDGE_CURVE('',#9613,#9591,#9642,.T.);
#7828=FILL_AREA_STYLE('',(#9643));
#7829=EDGE_CURVE('',#9612,#9644,#9645,.T.);
#7830=EDGE_CURVE('',#9644,#9646,#9647,.T.);
#7831=EDGE_CURVE('',#9615,#9646,#9648,.T.);
#7832=FILL_AREA_STYLE('',(#9649));
#7833=EDGE_CURVE('',#9650,#9602,#9651,.T.);
#7834=EDGE_CURVE('',#9652,#9650,#9653,.T.);
#7835=EDGE_CURVE('',#9652,#9592,#9654,.T.);
#7836=FILL_AREA_STYLE('',(#9655));
#7837=EDGE_CURVE('',#9656,#9644,#9657,.T.);
#7838=EDGE_CURVE('',#9658,#9656,#9659,.T.);
#7839=EDGE_CURVE('',#9660,#9658,#9661,.T.);
#7840=EDGE_CURVE('',#9662,#9660,#9663,.T.);
#7841=EDGE_CURVE('',#9664,#9662,#9665,.T.);
#7842=EDGE_CURVE('',#9646,#9664,#9666,.T.);
#7843=FILL_AREA_STYLE('',(#9667));
#7844=EDGE_CURVE('',#9662,#9668,#9669,.T.);
#7845=EDGE_CURVE('',#9670,#9660,#9671,.T.);
#7846=EDGE_CURVE('',#9668,#9670,#9672,.T.);
#7847=FILL_AREA_STYLE('',(#9673));
#7848=EDGE_CURVE('',#9674,#9675,#9676,.T.);
#7849=EDGE_CURVE('',#9677,#9674,#9678,.T.);
#7850=EDGE_CURVE('',#9679,#9677,#9680,.T.);
#7851=EDGE_CURVE('',#9681,#9679,#9682,.T.);
#7852=EDGE_CURVE('',#9681,#9683,#9684,.T.);
#7853=EDGE_CURVE('',#9685,#9683,#9686,.T.);
#7854=EDGE_CURVE('',#9675,#9685,#9687,.T.);
#7855=FILL_AREA_STYLE('',(#9688));
#7856=EDGE_CURVE('',#9689,#9681,#9690,.T.);
#7857=EDGE_CURVE('',#9691,#9689,#9692,.T.);
#7858=EDGE_CURVE('',#9683,#9691,#9693,.T.);
#7859=FILL_AREA_STYLE('',(#9694));
#7860=EDGE_CURVE('',#9664,#9679,#9695,.T.);
#7861=EDGE_CURVE('',#9646,#9677,#9696,.T.);
#7862=FILL_AREA_STYLE('',(#9697));
#7863=EDGE_CURVE('',#9668,#9689,#9698,.T.);
#7864=FILL_AREA_STYLE('',(#9699));
#7865=EDGE_CURVE('',#9670,#9691,#9700,.T.);
#7866=FILL_AREA_STYLE('',(#9701));
#7867=EDGE_CURVE('',#9658,#9685,#9702,.T.);
#7868=FILL_AREA_STYLE('',(#9703));
#7869=EDGE_CURVE('',#9675,#9656,#9704,.T.);
#7870=FILL_AREA_STYLE('',(#9705));
#7871=EDGE_CURVE('',#9674,#9706,#9707,.T.);
#7872=EDGE_CURVE('',#9706,#9708,#9709,.T.);
#7873=EDGE_CURVE('',#9677,#9708,#9710,.T.);
#7874=FILL_AREA_STYLE('',(#9711));
#7875=EDGE_CURVE('',#9712,#9706,#9713,.T.);
#7876=EDGE_CURVE('',#9714,#9712,#9715,.T.);
#7877=EDGE_CURVE('',#9716,#9714,#9717,.T.);
#7878=EDGE_CURVE('',#9718,#9716,#9719,.T.);
#7879=EDGE_CURVE('',#9720,#9718,#9721,.T.);
#7880=EDGE_CURVE('',#9708,#9720,#9722,.T.);
#7881=FILL_AREA_STYLE('',(#9723));
#7882=EDGE_CURVE('',#9718,#9724,#9725,.T.);
#7883=EDGE_CURVE('',#9726,#9716,#9727,.T.);
#7884=EDGE_CURVE('',#9724,#9726,#9728,.T.);
#7885=FILL_AREA_STYLE('',(#9729));
#7886=EDGE_CURVE('',#9730,#9731,#9732,.T.);
#7887=EDGE_CURVE('',#9733,#9730,#9734,.T.);
#7888=EDGE_CURVE('',#9735,#9733,#9736,.T.);
#7889=EDGE_CURVE('',#9737,#9735,#9738,.T.);
#7890=EDGE_CURVE('',#9737,#9739,#9740,.T.);
#7891=EDGE_CURVE('',#9741,#9739,#9742,.T.);
#7892=EDGE_CURVE('',#9731,#9741,#9743,.T.);
#7893=FILL_AREA_STYLE('',(#9744));
#7894=EDGE_CURVE('',#9745,#9737,#9746,.T.);
#7895=EDGE_CURVE('',#9747,#9745,#9748,.T.);
#7896=EDGE_CURVE('',#9739,#9747,#9749,.T.);
#7897=FILL_AREA_STYLE('',(#9750));
#7898=EDGE_CURVE('',#9720,#9735,#9751,.T.);
#7899=EDGE_CURVE('',#9708,#9733,#9752,.T.);
#7900=FILL_AREA_STYLE('',(#9753));
#7901=EDGE_CURVE('',#9724,#9745,#9754,.T.);
#7902=FILL_AREA_STYLE('',(#9755));
#7903=EDGE_CURVE('',#9726,#9747,#9756,.T.);
#7904=FILL_AREA_STYLE('',(#9757));
#7905=EDGE_CURVE('',#9714,#9741,#9758,.T.);
#7906=FILL_AREA_STYLE('',(#9759));
#7907=EDGE_CURVE('',#9731,#9712,#9760,.T.);
#7908=FILL_AREA_STYLE('',(#9761));
#7909=EDGE_CURVE('',#9730,#9762,#9763,.T.);
#7910=EDGE_CURVE('',#9762,#9764,#9765,.T.);
#7911=EDGE_CURVE('',#9733,#9764,#9766,.T.);
#7912=FILL_AREA_STYLE('',(#9767));
#7913=EDGE_CURVE('',#9768,#9762,#9769,.T.);
#7914=EDGE_CURVE('',#9770,#9768,#9771,.T.);
#7915=EDGE_CURVE('',#9772,#9770,#9773,.T.);
#7916=EDGE_CURVE('',#9774,#9772,#9775,.T.);
#7917=EDGE_CURVE('',#9776,#9774,#9777,.T.);
#7918=EDGE_CURVE('',#9764,#9776,#9778,.T.);
#7919=FILL_AREA_STYLE('',(#9779));
#7920=EDGE_CURVE('',#9774,#9780,#9781,.T.);
#7921=EDGE_CURVE('',#9782,#9772,#9783,.T.);
#7922=EDGE_CURVE('',#9780,#9782,#9784,.T.);
#7923=FILL_AREA_STYLE('',(#9785));
#7924=EDGE_CURVE('',#9786,#9787,#9788,.T.);
#7925=EDGE_CURVE('',#9789,#9786,#9790,.T.);
#7926=EDGE_CURVE('',#9791,#9789,#9792,.T.);
#7927=EDGE_CURVE('',#9793,#9791,#9794,.T.);
#7928=EDGE_CURVE('',#9793,#9795,#9796,.T.);
#7929=EDGE_CURVE('',#9797,#9795,#9798,.T.);
#7930=EDGE_CURVE('',#9787,#9797,#9799,.T.);
#7931=FILL_AREA_STYLE('',(#9800));
#7932=EDGE_CURVE('',#9801,#9793,#9802,.T.);
#7933=EDGE_CURVE('',#9803,#9801,#9804,.T.);
#7934=EDGE_CURVE('',#9795,#9803,#9805,.T.);
#7935=FILL_AREA_STYLE('',(#9806));
#7936=EDGE_CURVE('',#9776,#9791,#9807,.T.);
#7937=EDGE_CURVE('',#9764,#9789,#9808,.T.);
#7938=FILL_AREA_STYLE('',(#9809));
#7939=EDGE_CURVE('',#9780,#9801,#9810,.T.);
#7940=FILL_AREA_STYLE('',(#9811));
#7941=EDGE_CURVE('',#9782,#9803,#9812,.T.);
#7942=FILL_AREA_STYLE('',(#9813));
#7943=EDGE_CURVE('',#9770,#9797,#9814,.T.);
#7944=FILL_AREA_STYLE('',(#9815));
#7945=EDGE_CURVE('',#9787,#9768,#9816,.T.);
#7946=FILL_AREA_STYLE('',(#9817));
#7947=EDGE_CURVE('',#9786,#9818,#9819,.T.);
#7948=EDGE_CURVE('',#9818,#9820,#9821,.T.);
#7949=EDGE_CURVE('',#9789,#9820,#9822,.T.);
#7950=FILL_AREA_STYLE('',(#9823));
#7951=EDGE_CURVE('',#9824,#9825,#9826,.T.);
#7952=EDGE_CURVE('',#9827,#9824,#9828,.T.);
#7953=EDGE_CURVE('',#9829,#9827,#9830,.T.);
#7954=EDGE_CURVE('',#9829,#9831,#9832,.T.);
#7955=EDGE_CURVE('',#9833,#9831,#9834,.T.);
#7956=EDGE_CURVE('',#9835,#9833,#9836,.T.);
#7957=EDGE_CURVE('',#9825,#9835,#9837,.T.);
#7958=FILL_AREA_STYLE('',(#9838));
#7959=EDGE_CURVE('',#9839,#9840,#9841,.T.);
#7960=EDGE_CURVE('',#9839,#9842,#9843,.T.);
#7961=EDGE_CURVE('',#9844,#9842,#9845,.T.);
#7962=EDGE_CURVE('',#9840,#9844,#9846,.T.);
#7963=FILL_AREA_STYLE('',(#9847));
#7964=EDGE_CURVE('',#9848,#9818,#9849,.T.);
#7965=EDGE_CURVE('',#9850,#9848,#9851,.T.);
#7966=EDGE_CURVE('',#9842,#9850,#9852,.T.);
#7967=EDGE_CURVE('',#9853,#9839,#9854,.T.);
#7968=EDGE_CURVE('',#9820,#9853,#9855,.T.);
#7969=FILL_AREA_STYLE('',(#9856));
#7970=EDGE_CURVE('',#9857,#9829,#9858,.T.);
#7971=EDGE_CURVE('',#9859,#9857,#9860,.T.);
#7972=EDGE_CURVE('',#9831,#9859,#9861,.T.);
#7973=FILL_AREA_STYLE('',(#9862));
#7974=EDGE_CURVE('',#9853,#9827,#9863,.T.);
#7975=EDGE_CURVE('',#9820,#9824,#9864,.T.);
#7976=FILL_AREA_STYLE('',(#9865));
#7977=EDGE_CURVE('',#9840,#9857,#9866,.T.);
#7978=FILL_AREA_STYLE('',(#9867));
#7979=EDGE_CURVE('',#9844,#9859,#9868,.T.);
#7980=FILL_AREA_STYLE('',(#9869));
#7981=EDGE_CURVE('',#9850,#9833,#9870,.T.);
#7982=FILL_AREA_STYLE('',(#9871));
#7983=EDGE_CURVE('',#9835,#9848,#9872,.T.);
#7984=FILL_AREA_STYLE('',(#9873));
#7985=EDGE_CURVE('',#9825,#9874,#9875,.T.);
#7986=EDGE_CURVE('',#9874,#9876,#9877,.T.);
#7987=EDGE_CURVE('',#9824,#9876,#9878,.T.);
#7988=FILL_AREA_STYLE('',(#9879));
#7989=EDGE_CURVE('',#9880,#9881,#9882,.T.);
#7990=EDGE_CURVE('',#9880,#9883,#9884,.T.);
#7991=EDGE_CURVE('',#9885,#9883,#9886,.T.);
#7992=EDGE_CURVE('',#9881,#9885,#9887,.T.);
#7993=FILL_AREA_STYLE('',(#9888));
#7994=EDGE_CURVE('',#9889,#9890,#9891,.T.);
#7995=EDGE_CURVE('',#9889,#9892,#9893,.T.);
#7996=EDGE_CURVE('',#9892,#9894,#9895,.T.);
#7997=EDGE_CURVE('',#9894,#9896,#9897,.T.);
#7998=EDGE_CURVE('',#9898,#9896,#9899,.T.);
#7999=EDGE_CURVE('',#9898,#9885,#9900,.T.);
#8000=EDGE_CURVE('',#9883,#9890,#9901,.T.);
#8001=FILL_AREA_STYLE('',(#9902));
#8002=EDGE_CURVE('',#9903,#9889,#9904,.T.);
#8003=EDGE_CURVE('',#9905,#9903,#9906,.T.);
#8004=EDGE_CURVE('',#9905,#9892,#9907,.T.);
#8005=FILL_AREA_STYLE('',(#9908));
#8006=EDGE_CURVE('',#9909,#9905,#9910,.T.);
#8007=EDGE_CURVE('',#9909,#9894,#9911,.T.);
#8008=FILL_AREA_STYLE('',(#9912));
#8009=EDGE_CURVE('',#9913,#9909,#9914,.T.);
#8010=EDGE_CURVE('',#9896,#9913,#9915,.T.);
#8011=FILL_AREA_STYLE('',(#9916));
#8012=EDGE_CURVE('',#9890,#9917,#9918,.T.);
#8013=EDGE_CURVE('',#9917,#9919,#9920,.T.);
#8014=EDGE_CURVE('',#9919,#9921,#9922,.T.);
#8015=EDGE_CURVE('',#9921,#9923,#9924,.T.);
#8016=EDGE_CURVE('',#9925,#9923,#9926,.T.);
#8017=EDGE_CURVE('',#9903,#9925,#9927,.T.);
#8018=FILL_AREA_STYLE('',(#9928));
#8019=EDGE_CURVE('',#9650,#9880,#9929,.T.);
#8020=EDGE_CURVE('',#9881,#9930,#9931,.T.);
#8021=EDGE_CURVE('',#9930,#9932,#9933,.T.);
#8022=EDGE_CURVE('',#9932,#9934,#9935,.T.);
#8023=EDGE_CURVE('',#9936,#9934,#9937,.T.);
#8024=EDGE_CURVE('',#9936,#9938,#9939,.T.);
#8025=EDGE_CURVE('',#9940,#9938,#9941,.T.);
#8026=EDGE_CURVE('',#9940,#9942,#9943,.T.);
#8027=EDGE_CURVE('',#9942,#9944,#9945,.T.);
#8028=EDGE_CURVE('',#9944,#9946,#9947,.T.);
#8029=EDGE_CURVE('',#9946,#9948,#9949,.T.);
#8030=EDGE_CURVE('',#9948,#9950,#9951,.T.);
#8031=EDGE_CURVE('',#9950,#9952,#9953,.T.);
#8032=EDGE_CURVE('',#9652,#9952,#9954,.T.);
#8033=FILL_AREA_STYLE('',(#9955));
#8034=EDGE_CURVE('',#9919,#9956,#9957,.T.);
#8035=EDGE_CURVE('',#9956,#9958,#9959,.T.);
#8036=EDGE_CURVE('',#9921,#9958,#9960,.T.);
#8037=FILL_AREA_STYLE('',(#9961));
#8038=EDGE_CURVE('',#9958,#9962,#9963,.T.);
#8039=EDGE_CURVE('',#9956,#9964,#9965,.T.);
#8040=EDGE_CURVE('',#9964,#9962,#9966,.T.);
#8041=FILL_AREA_STYLE('',(#9967));
#8042=EDGE_CURVE('',#9962,#9968,#9969,.T.);
#8043=EDGE_CURVE('',#9964,#9970,#9971,.T.);
#8044=EDGE_CURVE('',#9968,#9970,#9972,.T.);
#8045=FILL_AREA_STYLE('',(#9973));
#8046=EDGE_CURVE('',#9974,#9975,#9976,.T.);
#8047=EDGE_CURVE('',#9977,#9974,#9978,.T.);
#8048=EDGE_CURVE('',#9979,#9977,#9980,.T.);
#8049=EDGE_CURVE('',#9979,#9975,#9981,.T.);
#8050=FILL_AREA_STYLE('',(#9982));
#8051=EDGE_CURVE('',#9917,#9979,#9983,.T.);
#8052=EDGE_CURVE('',#9977,#9984,#9985,.T.);
#8053=EDGE_CURVE('',#9970,#9984,#9986,.T.);
#8054=FILL_AREA_STYLE('',(#9987));
#8055=EDGE_CURVE('',#9876,#9975,#9988,.T.);
#8056=EDGE_CURVE('',#9989,#9874,#9990,.T.);
#8057=EDGE_CURVE('',#9991,#9989,#9992,.T.);
#8058=EDGE_CURVE('',#9993,#9991,#9994,.T.);
#8059=EDGE_CURVE('',#9995,#9993,#9996,.T.);
#8060=EDGE_CURVE('',#9997,#9995,#9998,.T.);
#8061=EDGE_CURVE('',#9999,#9997,#10000,.T.);
#8062=EDGE_CURVE('',#10001,#9999,#10002,.T.);
#8063=EDGE_CURVE('',#10003,#10001,#10004,.T.);
#8064=EDGE_CURVE('',#10005,#10003,#10006,.T.);
#8065=EDGE_CURVE('',#10007,#10005,#10008,.T.);
#8066=EDGE_CURVE('',#10009,#10007,#10010,.T.);
#8067=EDGE_CURVE('',#10011,#10009,#10012,.T.);
#8068=EDGE_CURVE('',#10011,#9974,#10013,.T.);
#8069=FILL_AREA_STYLE('',(#10014));
#8070=EDGE_CURVE('',#10015,#9968,#10016,.T.);
#8071=EDGE_CURVE('',#9141,#10015,#10017,.T.);
#8072=EDGE_CURVE('',#9923,#9139,#10018,.T.);
#8073=FILL_AREA_STYLE('',(#10019));
#8074=EDGE_CURVE('',#10020,#9913,#10021,.T.);
#8075=EDGE_CURVE('',#10020,#10015,#10022,.T.);
#8076=EDGE_CURVE('',#9898,#9984,#10023,.T.);
#8077=FILL_AREA_STYLE('',(#10024));
#8078=EDGE_CURVE('',#10025,#10026,#10027,.T.);
#8079=EDGE_CURVE('',#10028,#10025,#10029,.T.);
#8080=EDGE_CURVE('',#10030,#10028,#10031,.T.);
#8081=EDGE_CURVE('',#10026,#10030,#10032,.T.);
#8082=FILL_AREA_STYLE('',(#10033));
#8083=EDGE_CURVE('',#10026,#10034,#10035,.T.);
#8084=EDGE_CURVE('',#10036,#10030,#10037,.T.);
#8085=EDGE_CURVE('',#10036,#10034,#10038,.T.);
#8086=FILL_AREA_STYLE('',(#10039));
#8087=EDGE_CURVE('',#10034,#10040,#10041,.T.);
#8088=EDGE_CURVE('',#10042,#10036,#10043,.T.);
#8089=EDGE_CURVE('',#10040,#10042,#10044,.T.);
#8090=FILL_AREA_STYLE('',(#10045));
#8091=EDGE_CURVE('',#9944,#10040,#10046,.T.);
#8092=EDGE_CURVE('',#9942,#9999,#10047,.T.);
#8093=EDGE_CURVE('',#10048,#9997,#10049,.T.);
#8094=EDGE_CURVE('',#10048,#10050,#10051,.T.);
#8095=EDGE_CURVE('',#10050,#10052,#10053,.T.);
#8096=EDGE_CURVE('',#10052,#10054,#10055,.T.);
#8097=EDGE_CURVE('',#10056,#10054,#10057,.T.);
#8098=EDGE_CURVE('',#10056,#10058,#10059,.T.);
#8099=EDGE_CURVE('',#10058,#10060,#10061,.T.);
#8100=EDGE_CURVE('',#10060,#10062,#10063,.T.);
#8101=EDGE_CURVE('',#10064,#10062,#10065,.T.);
#8102=EDGE_CURVE('',#10064,#10066,#10067,.T.);
#8103=EDGE_CURVE('',#10066,#10068,#10069,.T.);
#8104=EDGE_CURVE('',#10068,#10070,#10071,.T.);
#8105=EDGE_CURVE('',#10072,#10070,#10073,.T.);
#8106=EDGE_CURVE('',#10072,#10074,#10075,.T.);
#8107=EDGE_CURVE('',#10074,#10076,#10077,.T.);
#8108=EDGE_CURVE('',#10076,#10078,#10079,.T.);
#8109=EDGE_CURVE('',#10080,#10078,#10081,.T.);
#8110=EDGE_CURVE('',#10080,#10082,#10083,.T.);
#8111=EDGE_CURVE('',#10082,#10084,#10085,.T.);
#8112=EDGE_CURVE('',#10084,#10086,#10087,.T.);
#8113=EDGE_CURVE('',#10025,#10086,#10088,.T.);
#8114=FILL_AREA_STYLE('',(#10089));
#8115=EDGE_CURVE('',#9946,#10042,#10090,.T.);
#8116=FILL_AREA_STYLE('',(#10091));
#8117=EDGE_CURVE('',#9948,#10036,#10092,.T.);
#8118=FILL_AREA_STYLE('',(#10093));
#8119=EDGE_CURVE('',#10094,#10080,#10095,.T.);
#8120=EDGE_CURVE('',#10096,#10094,#10097,.T.);
#8121=EDGE_CURVE('',#10082,#10096,#10098,.T.);
#8122=FILL_AREA_STYLE('',(#10099));
#8123=EDGE_CURVE('',#10100,#10096,#10101,.T.);
#8124=EDGE_CURVE('',#10100,#10084,#10102,.T.);
#8125=FILL_AREA_STYLE('',(#10103));
#8126=EDGE_CURVE('',#10104,#10100,#10105,.T.);
#8127=EDGE_CURVE('',#10086,#10104,#10106,.T.);
#8128=FILL_AREA_STYLE('',(#10107));
#8129=EDGE_CURVE('',#10028,#10104,#10108,.T.);
#8130=FILL_AREA_STYLE('',(#10109));
#8131=EDGE_CURVE('',#10030,#10100,#10110,.T.);
#8132=FILL_AREA_STYLE('',(#10111));
#8133=EDGE_CURVE('',#10112,#10072,#10113,.T.);
#8134=EDGE_CURVE('',#10114,#10112,#10115,.T.);
#8135=EDGE_CURVE('',#10074,#10114,#10116,.T.);
#8136=FILL_AREA_STYLE('',(#10117));
#8137=EDGE_CURVE('',#10118,#10114,#10119,.T.);
#8138=EDGE_CURVE('',#10118,#10076,#10120,.T.);
#8139=FILL_AREA_STYLE('',(#10121));
#8140=EDGE_CURVE('',#10122,#10118,#10123,.T.);
#8141=EDGE_CURVE('',#10078,#10122,#10124,.T.);
#8142=FILL_AREA_STYLE('',(#10125));
#8143=EDGE_CURVE('',#10094,#10122,#10126,.T.);
#8144=FILL_AREA_STYLE('',(#10127));
#8145=EDGE_CURVE('',#10096,#10118,#10128,.T.);
#8146=FILL_AREA_STYLE('',(#10129));
#8147=EDGE_CURVE('',#10130,#10064,#10131,.T.);
#8148=EDGE_CURVE('',#10132,#10130,#10133,.T.);
#8149=EDGE_CURVE('',#10066,#10132,#10134,.T.);
#8150=FILL_AREA_STYLE('',(#10135));
#8151=EDGE_CURVE('',#10136,#10132,#10137,.T.);
#8152=EDGE_CURVE('',#10136,#10068,#10138,.T.);
#8153=FILL_AREA_STYLE('',(#10139));
#8154=EDGE_CURVE('',#10140,#10136,#10141,.T.);
#8155=EDGE_CURVE('',#10070,#10140,#10142,.T.);
#8156=FILL_AREA_STYLE('',(#10143));
#8157=EDGE_CURVE('',#10112,#10140,#10144,.T.);
#8158=FILL_AREA_STYLE('',(#10145));
#8159=EDGE_CURVE('',#10114,#10136,#10146,.T.);
#8160=FILL_AREA_STYLE('',(#10147));
#8161=EDGE_CURVE('',#10148,#10056,#10149,.T.);
#8162=EDGE_CURVE('',#10150,#10148,#10151,.T.);
#8163=EDGE_CURVE('',#10058,#10150,#10152,.T.);
#8164=FILL_AREA_STYLE('',(#10153));
#8165=EDGE_CURVE('',#10154,#10150,#10155,.T.);
#8166=EDGE_CURVE('',#10154,#10060,#10156,.T.);
#8167=FILL_AREA_STYLE('',(#10157));
#8168=EDGE_CURVE('',#10158,#10154,#10159,.T.);
#8169=EDGE_CURVE('',#10062,#10158,#10160,.T.);
#8170=FILL_AREA_STYLE('',(#10161));
#8171=EDGE_CURVE('',#10130,#10158,#10162,.T.);
#8172=FILL_AREA_STYLE('',(#10163));
#8173=EDGE_CURVE('',#10132,#10154,#10164,.T.);
#8174=FILL_AREA_STYLE('',(#10165));
#8175=EDGE_CURVE('',#10166,#10048,#10167,.T.);
#8176=EDGE_CURVE('',#10168,#10166,#10169,.T.);
#8177=EDGE_CURVE('',#10050,#10168,#10170,.T.);
#8178=FILL_AREA_STYLE('',(#10171));
#8179=EDGE_CURVE('',#10172,#10168,#10173,.T.);
#8180=EDGE_CURVE('',#10172,#10052,#10174,.T.);
#8181=FILL_AREA_STYLE('',(#10175));
#8182=EDGE_CURVE('',#10176,#10172,#10177,.T.);
#8183=EDGE_CURVE('',#10054,#10176,#10178,.T.);
#8184=FILL_AREA_STYLE('',(#10179));
#8185=EDGE_CURVE('',#10148,#10176,#10180,.T.);
#8186=FILL_AREA_STYLE('',(#10181));
#8187=EDGE_CURVE('',#10150,#10172,#10182,.T.);
#8188=FILL_AREA_STYLE('',(#10183));
#8189=EDGE_CURVE('',#9097,#9925,#10184,.T.);
#8190=FILL_AREA_STYLE('',(#10185));
#8191=EDGE_CURVE('',#10020,#9095,#10186,.T.);
#8192=FILL_AREA_STYLE('',(#10187));
#8193=EDGE_CURVE('',#9930,#10011,#10188,.T.);
#8194=FILL_AREA_STYLE('',(#10189));
#8195=EDGE_CURVE('',#9932,#10009,#10190,.T.);
#8196=FILL_AREA_STYLE('',(#10191));
#8197=EDGE_CURVE('',#9934,#10007,#10192,.T.);
#8198=FILL_AREA_STYLE('',(#10193));
#8199=EDGE_CURVE('',#9936,#10005,#10194,.T.);
#8200=FILL_AREA_STYLE('',(#10195));
#8201=EDGE_CURVE('',#9938,#10003,#10196,.T.);
#8202=FILL_AREA_STYLE('',(#10197));
#8203=EDGE_CURVE('',#9940,#10001,#10198,.T.);
#8204=FILL_AREA_STYLE('',(#10199));
#8205=FILL_AREA_STYLE('',(#10200));
#8206=EDGE_CURVE('',#10166,#9995,#10201,.T.);
#8207=FILL_AREA_STYLE('',(#10202));
#8208=EDGE_CURVE('',#10168,#9993,#10203,.T.);
#8209=FILL_AREA_STYLE('',(#10204));
#8210=EDGE_CURVE('',#9950,#9991,#10205,.T.);
#8211=FILL_AREA_STYLE('',(#10206));
#8212=EDGE_CURVE('',#9952,#9989,#10207,.T.);
#8213=FILL_AREA_STYLE('',(#10208));
#8214=FILL_AREA_STYLE('',(#10209));
#8215=FILL_AREA_STYLE('',(#10210));
#8216=FILL_AREA_STYLE_COLOUR('',#10211);
#8217=VERTEX_POINT('',#10212);
#8218=VERTEX_POINT('',#10213);
#8219=LINE('',#10214,#10215);
#8220=VERTEX_POINT('',#10216);
#8221=CIRCLE('',#10217,0.6);
#8222=VERTEX_POINT('',#10218);
#8223=LINE('',#10219,#10220);
#8224=CIRCLE('',#10221,0.6);
#8225=FILL_AREA_STYLE_COLOUR('',#10222);
#8226=VERTEX_POINT('',#10223);
#8227=LINE('',#10224,#10225);
#8228=VERTEX_POINT('',#10226);
#8229=LINE('',#10227,#10228);
#8230=CIRCLE('',#10229,1.0);
#8231=FILL_AREA_STYLE_COLOUR('',#10230);
#8232=VERTEX_POINT('',#10231);
#8233=VERTEX_POINT('',#10232);
#8234=LINE('',#10233,#10234);
#8235=VERTEX_POINT('',#10235);
#8236=CIRCLE('',#10236,0.6);
#8237=VERTEX_POINT('',#10237);
#8238=LINE('',#10238,#10239);
#8239=CIRCLE('',#10240,0.6);
#8240=FILL_AREA_STYLE_COLOUR('',#10241);
#8241=VERTEX_POINT('',#10242);
#8242=LINE('',#10243,#10244);
#8243=VERTEX_POINT('',#10245);
#8244=LINE('',#10246,#10247);
#8245=CIRCLE('',#10248,1.0);
#8246=FILL_AREA_STYLE_COLOUR('',#10249);
#8247=VERTEX_POINT('',#10250);
#8248=VERTEX_POINT('',#10251);
#8249=LINE('',#10252,#10253);
#8250=VERTEX_POINT('',#10254);
#8251=CIRCLE('',#10255,0.6);
#8252=VERTEX_POINT('',#10256);
#8253=LINE('',#10257,#10258);
#8254=CIRCLE('',#10259,0.6);
#8255=FILL_AREA_STYLE_COLOUR('',#10260);
#8256=VERTEX_POINT('',#10261);
#8257=LINE('',#10262,#10263);
#8258=VERTEX_POINT('',#10264);
#8259=LINE('',#10265,#10266);
#8260=CIRCLE('',#10267,1.0);
#8261=FILL_AREA_STYLE_COLOUR('',#10268);
#8262=VERTEX_POINT('',#10269);
#8263=VERTEX_POINT('',#10270);
#8264=LINE('',#10271,#10272);
#8265=VERTEX_POINT('',#10273);
#8266=CIRCLE('',#10274,0.6);
#8267=VERTEX_POINT('',#10275);
#8268=LINE('',#10276,#10277);
#8269=CIRCLE('',#10278,0.6);
#8270=FILL_AREA_STYLE_COLOUR('',#10279);
#8271=VERTEX_POINT('',#10280);
#8272=LINE('',#10281,#10282);
#8273=VERTEX_POINT('',#10283);
#8274=LINE('',#10284,#10285);
#8275=CIRCLE('',#10286,1.0);
#8276=FILL_AREA_STYLE_COLOUR('',#10287);
#8277=VERTEX_POINT('',#10288);
#8278=VERTEX_POINT('',#10289);
#8279=LINE('',#10290,#10291);
#8280=VERTEX_POINT('',#10292);
#8281=CIRCLE('',#10293,0.6);
#8282=VERTEX_POINT('',#10294);
#8283=LINE('',#10295,#10296);
#8284=CIRCLE('',#10297,0.6);
#8285=FILL_AREA_STYLE_COLOUR('',#10298);
#8286=VERTEX_POINT('',#10299);
#8287=LINE('',#10300,#10301);
#8288=VERTEX_POINT('',#10302);
#8289=LINE('',#10303,#10304);
#8290=CIRCLE('',#10305,1.0);
#8291=FILL_AREA_STYLE_COLOUR('',#10306);
#8292=VERTEX_POINT('',#10307);
#8293=VERTEX_POINT('',#10308);
#8294=LINE('',#10309,#10310);
#8295=VERTEX_POINT('',#10311);
#8296=CIRCLE('',#10312,1.65099999999998);
#8297=VERTEX_POINT('',#10313);
#8298=LINE('',#10314,#10315);
#8299=CIRCLE('',#10316,1.39699999999999);
#8300=FILL_AREA_STYLE_COLOUR('',#10317);
#8301=VERTEX_POINT('',#10318);
#8302=LINE('',#10319,#10320);
#8303=VERTEX_POINT('',#10321);
#8304=LINE('',#10322,#10323);
#8305=CIRCLE('',#10324,1.39699999999999);
#8306=FILL_AREA_STYLE_COLOUR('',#10325);
#8307=VERTEX_POINT('',#10326);
#8308=VERTEX_POINT('',#10327);
#8309=LINE('',#10328,#10329);
#8310=VERTEX_POINT('',#10330);
#8311=CIRCLE('',#10331,1.65099999999998);
#8312=VERTEX_POINT('',#10332);
#8313=LINE('',#10333,#10334);
#8314=CIRCLE('',#10335,1.39699999999999);
#8315=FILL_AREA_STYLE_COLOUR('',#10336);
#8316=VERTEX_POINT('',#10337);
#8317=LINE('',#10338,#10339);
#8318=VERTEX_POINT('',#10340);
#8319=LINE('',#10341,#10342);
#8320=CIRCLE('',#10343,1.39699999999999);
#8321=FILL_AREA_STYLE_COLOUR('',#10344);
#8322=VERTEX_POINT('',#10345);
#8323=VERTEX_POINT('',#10346);
#8324=LINE('',#10347,#10348);
#8325=VERTEX_POINT('',#10349);
#8326=CIRCLE('',#10350,1.65099999999998);
#8327=VERTEX_POINT('',#10351);
#8328=LINE('',#10352,#10353);
#8329=CIRCLE('',#10354,1.39699999999999);
#8330=FILL_AREA_STYLE_COLOUR('',#10355);
#8331=VERTEX_POINT('',#10356);
#8332=LINE('',#10357,#10358);
#8333=VERTEX_POINT('',#10359);
#8334=LINE('',#10360,#10361);
#8335=CIRCLE('',#10362,1.39699999999999);
#8336=FILL_AREA_STYLE_COLOUR('',#10363);
#8337=VERTEX_POINT('',#10364);
#8338=VERTEX_POINT('',#10365);
#8339=LINE('',#10366,#10367);
#8340=VERTEX_POINT('',#10368);
#8341=CIRCLE('',#10369,1.65099999999998);
#8342=VERTEX_POINT('',#10370);
#8343=LINE('',#10371,#10372);
#8344=CIRCLE('',#10373,1.39699999999999);
#8345=FILL_AREA_STYLE_COLOUR('',#10374);
#8346=VERTEX_POINT('',#10375);
#8347=LINE('',#10376,#10377);
#8348=VERTEX_POINT('',#10378);
#8349=LINE('',#10379,#10380);
#8350=CIRCLE('',#10381,1.39699999999999);
#8351=FILL_AREA_STYLE_COLOUR('',#10382);
#8352=VERTEX_POINT('',#10383);
#8353=VERTEX_POINT('',#10384);
#8354=LINE('',#10385,#10386);
#8355=VERTEX_POINT('',#10387);
#8356=CIRCLE('',#10388,1.65099999999998);
#8357=VERTEX_POINT('',#10389);
#8358=LINE('',#10390,#10391);
#8359=CIRCLE('',#10392,1.39699999999999);
#8360=FILL_AREA_STYLE_COLOUR('',#10393);
#8361=VERTEX_POINT('',#10394);
#8362=LINE('',#10395,#10396);
#8363=VERTEX_POINT('',#10397);
#8364=LINE('',#10398,#10399);
#8365=CIRCLE('',#10400,1.39699999999999);
#8366=FILL_AREA_STYLE_COLOUR('',#10401);
#8367=VERTEX_POINT('',#10402);
#8368=VERTEX_POINT('',#10403);
#8369=LINE('',#10404,#10405);
#8370=VERTEX_POINT('',#10406);
#8371=CIRCLE('',#10407,1.374);
#8372=VERTEX_POINT('',#10408);
#8373=LINE('',#10409,#10410);
#8374=VERTEX_POINT('',#10411);
#8375=CIRCLE('',#10412,1.374);
#8376=VERTEX_POINT('',#10413);
#8377=LINE('',#10414,#10415);
#8378=VERTEX_POINT('',#10416);
#8379=CIRCLE('',#10417,1.374);
#8380=VERTEX_POINT('',#10418);
#8381=LINE('',#10419,#10420);
#8382=CIRCLE('',#10421,1.374);
#8383=FILL_AREA_STYLE_COLOUR('',#10422);
#8384=VERTEX_POINT('',#10423);
#8385=VERTEX_POINT('',#10424);
#8386=LINE('',#10425,#10426);
#8387=VERTEX_POINT('',#10427);
#8388=CIRCLE('',#10428,1.374);
#8389=VERTEX_POINT('',#10429);
#8390=LINE('',#10430,#10431);
#8391=VERTEX_POINT('',#10432);
#8392=CIRCLE('',#10433,1.374);
#8393=VERTEX_POINT('',#10434);
#8394=LINE('',#10435,#10436);
#8395=VERTEX_POINT('',#10437);
#8396=CIRCLE('',#10438,1.374);
#8397=VERTEX_POINT('',#10439);
#8398=LINE('',#10440,#10441);
#8399=CIRCLE('',#10442,1.374);
#8400=FILL_AREA_STYLE_COLOUR('',#10443);
#8401=VERTEX_POINT('',#10444);
#8402=VERTEX_POINT('',#10445);
#8403=LINE('',#10446,#10447);
#8404=VERTEX_POINT('',#10448);
#8405=CIRCLE('',#10449,1.374);
#8406=VERTEX_POINT('',#10450);
#8407=LINE('',#10451,#10452);
#8408=VERTEX_POINT('',#10453);
#8409=CIRCLE('',#10454,1.374);
#8410=VERTEX_POINT('',#10455);
#8411=LINE('',#10456,#10457);
#8412=VERTEX_POINT('',#10458);
#8413=CIRCLE('',#10459,1.374);
#8414=VERTEX_POINT('',#10460);
#8415=LINE('',#10461,#10462);
#8416=CIRCLE('',#10463,1.374);
#8417=FILL_AREA_STYLE_COLOUR('',#10464);
#8418=VERTEX_POINT('',#10465);
#8419=VERTEX_POINT('',#10466);
#8420=LINE('',#10467,#10468);
#8421=VERTEX_POINT('',#10469);
#8422=CIRCLE('',#10470,1.374);
#8423=VERTEX_POINT('',#10471);
#8424=LINE('',#10472,#10473);
#8425=VERTEX_POINT('',#10474);
#8426=CIRCLE('',#10475,1.374);
#8427=VERTEX_POINT('',#10476);
#8428=LINE('',#10477,#10478);
#8429=VERTEX_POINT('',#10479);
#8430=CIRCLE('',#10480,1.374);
#8431=VERTEX_POINT('',#10481);
#8432=LINE('',#10482,#10483);
#8433=CIRCLE('',#10484,1.374);
#8434=FILL_AREA_STYLE_COLOUR('',#10485);
#8435=VERTEX_POINT('',#10486);
#8436=VERTEX_POINT('',#10487);
#8437=LINE('',#10488,#10489);
#8438=VERTEX_POINT('',#10490);
#8439=CIRCLE('',#10491,1.374);
#8440=VERTEX_POINT('',#10492);
#8441=LINE('',#10493,#10494);
#8442=VERTEX_POINT('',#10495);
#8443=CIRCLE('',#10496,1.374);
#8444=VERTEX_POINT('',#10497);
#8445=LINE('',#10498,#10499);
#8446=VERTEX_POINT('',#10500);
#8447=CIRCLE('',#10501,1.374);
#8448=VERTEX_POINT('',#10502);
#8449=LINE('',#10503,#10504);
#8450=CIRCLE('',#10505,1.374);
#8451=FILL_AREA_STYLE_COLOUR('',#10506);
#8452=VERTEX_POINT('',#10507);
#8453=CIRCLE('',#10508,1.374);
#8454=VERTEX_POINT('',#10509);
#8455=LINE('',#10510,#10511);
#8456=VERTEX_POINT('',#10512);
#8457=CIRCLE('',#10513,1.374);
#8458=VERTEX_POINT('',#10514);
#8459=LINE('',#10515,#10516);
#8460=CIRCLE('',#10517,1.374);
#8461=CIRCLE('',#10518,1.374);
#8462=FILL_AREA_STYLE_COLOUR('',#10519);
#8463=LINE('',#10520,#10521);
#8464=LINE('',#10522,#10523);
#8465=FILL_AREA_STYLE_COLOUR('',#10524);
#8466=LINE('',#10525,#10526);
#8467=FILL_AREA_STYLE_COLOUR('',#10527);
#8468=LINE('',#10528,#10529);
#8469=FILL_AREA_STYLE_COLOUR('',#10530);
#8470=FILL_AREA_STYLE_COLOUR('',#10531);
#8471=FILL_AREA_STYLE_COLOUR('',#10532);
#8472=VERTEX_POINT('',#10533);
#8473=CIRCLE('',#10534,1.374);
#8474=VERTEX_POINT('',#10535);
#8475=LINE('',#10536,#10537);
#8476=VERTEX_POINT('',#10538);
#8477=CIRCLE('',#10539,1.374);
#8478=VERTEX_POINT('',#10540);
#8479=LINE('',#10541,#10542);
#8480=CIRCLE('',#10543,1.374);
#8481=CIRCLE('',#10544,1.374);
#8482=FILL_AREA_STYLE_COLOUR('',#10545);
#8483=LINE('',#10546,#10547);
#8484=LINE('',#10548,#10549);
#8485=FILL_AREA_STYLE_COLOUR('',#10550);
#8486=LINE('',#10551,#10552);
#8487=FILL_AREA_STYLE_COLOUR('',#10553);
#8488=LINE('',#10554,#10555);
#8489=FILL_AREA_STYLE_COLOUR('',#10556);
#8490=FILL_AREA_STYLE_COLOUR('',#10557);
#8491=FILL_AREA_STYLE_COLOUR('',#10558);
#8492=VERTEX_POINT('',#10559);
#8493=CIRCLE('',#10560,1.374);
#8494=VERTEX_POINT('',#10561);
#8495=LINE('',#10562,#10563);
#8496=VERTEX_POINT('',#10564);
#8497=CIRCLE('',#10565,1.374);
#8498=VERTEX_POINT('',#10566);
#8499=LINE('',#10567,#10568);
#8500=CIRCLE('',#10569,1.374);
#8501=CIRCLE('',#10570,1.374);
#8502=FILL_AREA_STYLE_COLOUR('',#10571);
#8503=LINE('',#10572,#10573);
#8504=LINE('',#10574,#10575);
#8505=FILL_AREA_STYLE_COLOUR('',#10576);
#8506=LINE('',#10577,#10578);
#8507=FILL_AREA_STYLE_COLOUR('',#10579);
#8508=LINE('',#10580,#10581);
#8509=FILL_AREA_STYLE_COLOUR('',#10582);
#8510=FILL_AREA_STYLE_COLOUR('',#10583);
#8511=FILL_AREA_STYLE_COLOUR('',#10584);
#8512=VERTEX_POINT('',#10585);
#8513=CIRCLE('',#10586,1.374);
#8514=VERTEX_POINT('',#10587);
#8515=LINE('',#10588,#10589);
#8516=VERTEX_POINT('',#10590);
#8517=CIRCLE('',#10591,1.374);
#8518=VERTEX_POINT('',#10592);
#8519=LINE('',#10593,#10594);
#8520=CIRCLE('',#10595,1.374);
#8521=CIRCLE('',#10596,1.374);
#8522=FILL_AREA_STYLE_COLOUR('',#10597);
#8523=LINE('',#10598,#10599);
#8524=LINE('',#10600,#10601);
#8525=FILL_AREA_STYLE_COLOUR('',#10602);
#8526=LINE('',#10603,#10604);
#8527=FILL_AREA_STYLE_COLOUR('',#10605);
#8528=LINE('',#10606,#10607);
#8529=FILL_AREA_STYLE_COLOUR('',#10608);
#8530=FILL_AREA_STYLE_COLOUR('',#10609);
#8531=FILL_AREA_STYLE_COLOUR('',#10610);
#8532=VERTEX_POINT('',#10611);
#8533=CIRCLE('',#10612,1.374);
#8534=VERTEX_POINT('',#10613);
#8535=LINE('',#10614,#10615);
#8536=VERTEX_POINT('',#10616);
#8537=CIRCLE('',#10617,1.374);
#8538=VERTEX_POINT('',#10618);
#8539=LINE('',#10619,#10620);
#8540=CIRCLE('',#10621,1.374);
#8541=CIRCLE('',#10622,1.374);
#8542=FILL_AREA_STYLE_COLOUR('',#10623);
#8543=LINE('',#10624,#10625);
#8544=LINE('',#10626,#10627);
#8545=FILL_AREA_STYLE_COLOUR('',#10628);
#8546=LINE('',#10629,#10630);
#8547=FILL_AREA_STYLE_COLOUR('',#10631);
#8548=LINE('',#10632,#10633);
#8549=FILL_AREA_STYLE_COLOUR('',#10634);
#8550=FILL_AREA_STYLE_COLOUR('',#10635);
#8551=FILL_AREA_STYLE_COLOUR('',#10636);
#8552=CIRCLE('',#10637,1.39699999999999);
#8553=CIRCLE('',#10638,1.39699999999999);
#8554=FILL_AREA_STYLE_COLOUR('',#10639);
#8555=CIRCLE('',#10640,1.65099999999998);
#8556=FILL_AREA_STYLE_COLOUR('',#10641);
#8557=FILL_AREA_STYLE_COLOUR('',#10642);
#8558=CIRCLE('',#10643,1.39699999999999);
#8559=CIRCLE('',#10644,1.39699999999999);
#8560=FILL_AREA_STYLE_COLOUR('',#10645);
#8561=CIRCLE('',#10646,1.65099999999998);
#8562=FILL_AREA_STYLE_COLOUR('',#10647);
#8563=FILL_AREA_STYLE_COLOUR('',#10648);
#8564=CIRCLE('',#10649,1.39699999999999);
#8565=CIRCLE('',#10650,1.39699999999999);
#8566=FILL_AREA_STYLE_COLOUR('',#10651);
#8567=CIRCLE('',#10652,1.65099999999998);
#8568=FILL_AREA_STYLE_COLOUR('',#10653);
#8569=FILL_AREA_STYLE_COLOUR('',#10654);
#8570=CIRCLE('',#10655,1.39699999999999);
#8571=CIRCLE('',#10656,1.39699999999999);
#8572=FILL_AREA_STYLE_COLOUR('',#10657);
#8573=CIRCLE('',#10658,1.65099999999998);
#8574=FILL_AREA_STYLE_COLOUR('',#10659);
#8575=FILL_AREA_STYLE_COLOUR('',#10660);
#8576=CIRCLE('',#10661,1.39699999999999);
#8577=CIRCLE('',#10662,1.39699999999999);
#8578=FILL_AREA_STYLE_COLOUR('',#10663);
#8579=CIRCLE('',#10664,1.65099999999998);
#8580=FILL_AREA_STYLE_COLOUR('',#10665);
#8581=FILL_AREA_STYLE_COLOUR('',#10666);
#8582=CIRCLE('',#10667,1.0);
#8583=CIRCLE('',#10668,0.6);
#8584=FILL_AREA_STYLE_COLOUR('',#10669);
#8585=CIRCLE('',#10670,0.6);
#8586=FILL_AREA_STYLE_COLOUR('',#10671);
#8587=FILL_AREA_STYLE_COLOUR('',#10672);
#8588=CIRCLE('',#10673,1.0);
#8589=CIRCLE('',#10674,0.6);
#8590=FILL_AREA_STYLE_COLOUR('',#10675);
#8591=CIRCLE('',#10676,0.6);
#8592=FILL_AREA_STYLE_COLOUR('',#10677);
#8593=FILL_AREA_STYLE_COLOUR('',#10678);
#8594=CIRCLE('',#10679,1.0);
#8595=CIRCLE('',#10680,0.6);
#8596=FILL_AREA_STYLE_COLOUR('',#10681);
#8597=CIRCLE('',#10682,0.6);
#8598=FILL_AREA_STYLE_COLOUR('',#10683);
#8599=FILL_AREA_STYLE_COLOUR('',#10684);
#8600=CIRCLE('',#10685,1.0);
#8601=CIRCLE('',#10686,0.6);
#8602=FILL_AREA_STYLE_COLOUR('',#10687);
#8603=CIRCLE('',#10688,0.6);
#8604=FILL_AREA_STYLE_COLOUR('',#10689);
#8605=FILL_AREA_STYLE_COLOUR('',#10690);
#8606=CIRCLE('',#10691,1.0);
#8607=CIRCLE('',#10692,0.6);
#8608=FILL_AREA_STYLE_COLOUR('',#10693);
#8609=CIRCLE('',#10694,0.6);
#8610=FILL_AREA_STYLE_COLOUR('',#10695);
#8611=FILL_AREA_STYLE_COLOUR('',#10696);
#8612=VERTEX_POINT('',#10697);
#8613=VERTEX_POINT('',#10698);
#8614=LINE('',#10699,#10700);
#8615=VERTEX_POINT('',#10701);
#8616=LINE('',#10702,#10703);
#8617=VERTEX_POINT('',#10704);
#8618=LINE('',#10705,#10706);
#8619=LINE('',#10707,#10708);
#8620=FILL_AREA_STYLE_COLOUR('',#10709);
#8621=VERTEX_POINT('',#10710);
#8622=LINE('',#10711,#10712);
#8623=VERTEX_POINT('',#10713);
#8624=LINE('',#10714,#10715);
#8625=LINE('',#10716,#10717);
#8626=VERTEX_POINT('',#10718);
#8627=VERTEX_POINT('',#10719);
#8628=LINE('',#10720,#10721);
#8629=VERTEX_POINT('',#10722);
#8630=LINE('',#10723,#10724);
#8631=VERTEX_POINT('',#10725);
#8632=LINE('',#10726,#10727);
#8633=LINE('',#10728,#10729);
#8634=FILL_AREA_STYLE_COLOUR('',#10730);
#8635=VERTEX_POINT('',#10731);
#8636=LINE('',#10732,#10733);
#8637=VERTEX_POINT('',#10734);
#8638=LINE('',#10735,#10736);
#8639=LINE('',#10737,#10738);
#8640=FILL_AREA_STYLE_COLOUR('',#10739);
#8641=VERTEX_POINT('',#10740);
#8642=LINE('',#10741,#10742);
#8643=VERTEX_POINT('',#10743);
#8644=LINE('',#10744,#10745);
#8645=VERTEX_POINT('',#10746);
#8646=LINE('',#10747,#10748);
#8647=VERTEX_POINT('',#10749);
#8648=LINE('',#10750,#10751);
#8649=VERTEX_POINT('',#10752);
#8650=LINE('',#10753,#10754);
#8651=VERTEX_POINT('',#10755);
#8652=LINE('',#10756,#10757);
#8653=LINE('',#10758,#10759);
#8654=FILL_AREA_STYLE_COLOUR('',#10760);
#8655=VERTEX_POINT('',#10761);
#8656=LINE('',#10762,#10763);
#8657=LINE('',#10764,#10765);
#8658=FILL_AREA_STYLE_COLOUR('',#10766);
#8659=VERTEX_POINT('',#10767);
#8660=LINE('',#10768,#10769);
#8661=LINE('',#10770,#10771);
#8662=FILL_AREA_STYLE_COLOUR('',#10772);
#8663=VERTEX_POINT('',#10773);
#8664=LINE('',#10774,#10775);
#8665=LINE('',#10776,#10777);
#8666=FILL_AREA_STYLE_COLOUR('',#10778);
#8667=VERTEX_POINT('',#10779);
#8668=LINE('',#10780,#10781);
#8669=LINE('',#10782,#10783);
#8670=FILL_AREA_STYLE_COLOUR('',#10784);
#8671=VERTEX_POINT('',#10785);
#8672=LINE('',#10786,#10787);
#8673=LINE('',#10788,#10789);
#8674=FILL_AREA_STYLE_COLOUR('',#10790);
#8675=VERTEX_POINT('',#10791);
#8676=LINE('',#10792,#10793);
#8677=LINE('',#10794,#10795);
#8678=FILL_AREA_STYLE_COLOUR('',#10796);
#8679=LINE('',#10797,#10798);
#8680=FILL_AREA_STYLE_COLOUR('',#10799);
#8681=FILL_AREA_STYLE_COLOUR('',#10800);
#8682=VERTEX_POINT('',#10801);
#8683=LINE('',#10802,#10803);
#8684=VERTEX_POINT('',#10804);
#8685=LINE('',#10805,#10806);
#8686=LINE('',#10807,#10808);
#8687=FILL_AREA_STYLE_COLOUR('',#10809);
#8688=VERTEX_POINT('',#10810);
#8689=CIRCLE('',#10811,1.86563);
#8690=VERTEX_POINT('',#10812);
#8691=CIRCLE('',#10813,1.86563);
#8692=LINE('',#10814,#10815);
#8693=FILL_AREA_STYLE_COLOUR('',#10816);
#8694=LINE('',#10817,#10818);
#8695=LINE('',#10819,#10820);
#8696=FILL_AREA_STYLE_COLOUR('',#10821);
#8697=FILL_AREA_STYLE_COLOUR('',#10822);
#8698=VERTEX_POINT('',#10823);
#8699=VERTEX_POINT('',#10824);
#8700=LINE('',#10825,#10826);
#8701=VERTEX_POINT('',#10827);
#8702=LINE('',#10828,#10829);
#8703=VERTEX_POINT('',#10830);
#8704=LINE('',#10831,#10832);
#8705=LINE('',#10833,#10834);
#8706=FILL_AREA_STYLE_COLOUR('',#10835);
#8707=VERTEX_POINT('',#10836);
#8708=LINE('',#10837,#10838);
#8709=VERTEX_POINT('',#10839);
#8710=LINE('',#10840,#10841);
#8711=LINE('',#10842,#10843);
#8712=VERTEX_POINT('',#10844);
#8713=VERTEX_POINT('',#10845);
#8714=LINE('',#10846,#10847);
#8715=VERTEX_POINT('',#10848);
#8716=LINE('',#10849,#10850);
#8717=VERTEX_POINT('',#10851);
#8718=LINE('',#10852,#10853);
#8719=LINE('',#10854,#10855);
#8720=FILL_AREA_STYLE_COLOUR('',#10856);
#8721=VERTEX_POINT('',#10857);
#8722=LINE('',#10858,#10859);
#8723=VERTEX_POINT('',#10860);
#8724=LINE('',#10861,#10862);
#8725=LINE('',#10863,#10864);
#8726=FILL_AREA_STYLE_COLOUR('',#10865);
#8727=VERTEX_POINT('',#10866);
#8728=LINE('',#10867,#10868);
#8729=VERTEX_POINT('',#10869);
#8730=LINE('',#10870,#10871);
#8731=VERTEX_POINT('',#10872);
#8732=LINE('',#10873,#10874);
#8733=VERTEX_POINT('',#10875);
#8734=LINE('',#10876,#10877);
#8735=VERTEX_POINT('',#10878);
#8736=LINE('',#10879,#10880);
#8737=VERTEX_POINT('',#10881);
#8738=LINE('',#10882,#10883);
#8739=LINE('',#10884,#10885);
#8740=FILL_AREA_STYLE_COLOUR('',#10886);
#8741=VERTEX_POINT('',#10887);
#8742=LINE('',#10888,#10889);
#8743=LINE('',#10890,#10891);
#8744=FILL_AREA_STYLE_COLOUR('',#10892);
#8745=VERTEX_POINT('',#10893);
#8746=LINE('',#10894,#10895);
#8747=LINE('',#10896,#10897);
#8748=FILL_AREA_STYLE_COLOUR('',#10898);
#8749=VERTEX_POINT('',#10899);
#8750=LINE('',#10900,#10901);
#8751=LINE('',#10902,#10903);
#8752=FILL_AREA_STYLE_COLOUR('',#10904);
#8753=VERTEX_POINT('',#10905);
#8754=LINE('',#10906,#10907);
#8755=LINE('',#10908,#10909);
#8756=FILL_AREA_STYLE_COLOUR('',#10910);
#8757=VERTEX_POINT('',#10911);
#8758=LINE('',#10912,#10913);
#8759=LINE('',#10914,#10915);
#8760=FILL_AREA_STYLE_COLOUR('',#10916);
#8761=VERTEX_POINT('',#10917);
#8762=LINE('',#10918,#10919);
#8763=LINE('',#10920,#10921);
#8764=FILL_AREA_STYLE_COLOUR('',#10922);
#8765=LINE('',#10923,#10924);
#8766=FILL_AREA_STYLE_COLOUR('',#10925);
#8767=FILL_AREA_STYLE_COLOUR('',#10926);
#8768=VERTEX_POINT('',#10927);
#8769=LINE('',#10928,#10929);
#8770=VERTEX_POINT('',#10930);
#8771=LINE('',#10931,#10932);
#8772=LINE('',#10933,#10934);
#8773=FILL_AREA_STYLE_COLOUR('',#10935);
#8774=VERTEX_POINT('',#10936);
#8775=CIRCLE('',#10937,1.86563);
#8776=VERTEX_POINT('',#10938);
#8777=CIRCLE('',#10939,1.86563);
#8778=LINE('',#10940,#10941);
#8779=FILL_AREA_STYLE_COLOUR('',#10942);
#8780=LINE('',#10943,#10944);
#8781=LINE('',#10945,#10946);
#8782=FILL_AREA_STYLE_COLOUR('',#10947);
#8783=FILL_AREA_STYLE_COLOUR('',#10948);
#8784=VERTEX_POINT('',#10949);
#8785=VERTEX_POINT('',#10950);
#8786=LINE('',#10951,#10952);
#8787=VERTEX_POINT('',#10953);
#8788=LINE('',#10954,#10955);
#8789=VERTEX_POINT('',#10956);
#8790=LINE('',#10957,#10958);
#8791=LINE('',#10959,#10960);
#8792=FILL_AREA_STYLE_COLOUR('',#10961);
#8793=VERTEX_POINT('',#10962);
#8794=LINE('',#10963,#10964);
#8795=VERTEX_POINT('',#10965);
#8796=LINE('',#10966,#10967);
#8797=LINE('',#10968,#10969);
#8798=VERTEX_POINT('',#10970);
#8799=VERTEX_POINT('',#10971);
#8800=LINE('',#10972,#10973);
#8801=VERTEX_POINT('',#10974);
#8802=LINE('',#10975,#10976);
#8803=VERTEX_POINT('',#10977);
#8804=LINE('',#10978,#10979);
#8805=LINE('',#10980,#10981);
#8806=FILL_AREA_STYLE_COLOUR('',#10982);
#8807=VERTEX_POINT('',#10983);
#8808=LINE('',#10984,#10985);
#8809=VERTEX_POINT('',#10986);
#8810=LINE('',#10987,#10988);
#8811=LINE('',#10989,#10990);
#8812=FILL_AREA_STYLE_COLOUR('',#10991);
#8813=VERTEX_POINT('',#10992);
#8814=LINE('',#10993,#10994);
#8815=VERTEX_POINT('',#10995);
#8816=LINE('',#10996,#10997);
#8817=VERTEX_POINT('',#10998);
#8818=LINE('',#10999,#11000);
#8819=VERTEX_POINT('',#11001);
#8820=LINE('',#11002,#11003);
#8821=VERTEX_POINT('',#11004);
#8822=LINE('',#11005,#11006);
#8823=VERTEX_POINT('',#11007);
#8824=LINE('',#11008,#11009);
#8825=LINE('',#11010,#11011);
#8826=FILL_AREA_STYLE_COLOUR('',#11012);
#8827=VERTEX_POINT('',#11013);
#8828=LINE('',#11014,#11015);
#8829=LINE('',#11016,#11017);
#8830=FILL_AREA_STYLE_COLOUR('',#11018);
#8831=VERTEX_POINT('',#11019);
#8832=LINE('',#11020,#11021);
#8833=LINE('',#11022,#11023);
#8834=FILL_AREA_STYLE_COLOUR('',#11024);
#8835=VERTEX_POINT('',#11025);
#8836=LINE('',#11026,#11027);
#8837=LINE('',#11028,#11029);
#8838=FILL_AREA_STYLE_COLOUR('',#11030);
#8839=VERTEX_POINT('',#11031);
#8840=LINE('',#11032,#11033);
#8841=LINE('',#11034,#11035);
#8842=FILL_AREA_STYLE_COLOUR('',#11036);
#8843=VERTEX_POINT('',#11037);
#8844=LINE('',#11038,#11039);
#8845=LINE('',#11040,#11041);
#8846=FILL_AREA_STYLE_COLOUR('',#11042);
#8847=VERTEX_POINT('',#11043);
#8848=LINE('',#11044,#11045);
#8849=LINE('',#11046,#11047);
#8850=FILL_AREA_STYLE_COLOUR('',#11048);
#8851=LINE('',#11049,#11050);
#8852=FILL_AREA_STYLE_COLOUR('',#11051);
#8853=FILL_AREA_STYLE_COLOUR('',#11052);
#8854=VERTEX_POINT('',#11053);
#8855=LINE('',#11054,#11055);
#8856=VERTEX_POINT('',#11056);
#8857=LINE('',#11057,#11058);
#8858=LINE('',#11059,#11060);
#8859=FILL_AREA_STYLE_COLOUR('',#11061);
#8860=VERTEX_POINT('',#11062);
#8861=CIRCLE('',#11063,1.86563);
#8862=VERTEX_POINT('',#11064);
#8863=CIRCLE('',#11065,1.86563);
#8864=LINE('',#11066,#11067);
#8865=FILL_AREA_STYLE_COLOUR('',#11068);
#8866=LINE('',#11069,#11070);
#8867=LINE('',#11071,#11072);
#8868=FILL_AREA_STYLE_COLOUR('',#11073);
#8869=FILL_AREA_STYLE_COLOUR('',#11074);
#8870=VERTEX_POINT('',#11075);
#8871=VERTEX_POINT('',#11076);
#8872=LINE('',#11077,#11078);
#8873=VERTEX_POINT('',#11079);
#8874=LINE('',#11080,#11081);
#8875=VERTEX_POINT('',#11082);
#8876=LINE('',#11083,#11084);
#8877=LINE('',#11085,#11086);
#8878=FILL_AREA_STYLE_COLOUR('',#11087);
#8879=VERTEX_POINT('',#11088);
#8880=LINE('',#11089,#11090);
#8881=VERTEX_POINT('',#11091);
#8882=LINE('',#11092,#11093);
#8883=LINE('',#11094,#11095);
#8884=VERTEX_POINT('',#11096);
#8885=VERTEX_POINT('',#11097);
#8886=LINE('',#11098,#11099);
#8887=VERTEX_POINT('',#11100);
#8888=LINE('',#11101,#11102);
#8889=VERTEX_POINT('',#11103);
#8890=LINE('',#11104,#11105);
#8891=LINE('',#11106,#11107);
#8892=FILL_AREA_STYLE_COLOUR('',#11108);
#8893=VERTEX_POINT('',#11109);
#8894=LINE('',#11110,#11111);
#8895=VERTEX_POINT('',#11112);
#8896=LINE('',#11113,#11114);
#8897=LINE('',#11115,#11116);
#8898=FILL_AREA_STYLE_COLOUR('',#11117);
#8899=VERTEX_POINT('',#11118);
#8900=LINE('',#11119,#11120);
#8901=VERTEX_POINT('',#11121);
#8902=LINE('',#11122,#11123);
#8903=VERTEX_POINT('',#11124);
#8904=LINE('',#11125,#11126);
#8905=VERTEX_POINT('',#11127);
#8906=LINE('',#11128,#11129);
#8907=VERTEX_POINT('',#11130);
#8908=LINE('',#11131,#11132);
#8909=VERTEX_POINT('',#11133);
#8910=LINE('',#11134,#11135);
#8911=LINE('',#11136,#11137);
#8912=FILL_AREA_STYLE_COLOUR('',#11138);
#8913=VERTEX_POINT('',#11139);
#8914=LINE('',#11140,#11141);
#8915=LINE('',#11142,#11143);
#8916=FILL_AREA_STYLE_COLOUR('',#11144);
#8917=VERTEX_POINT('',#11145);
#8918=LINE('',#11146,#11147);
#8919=LINE('',#11148,#11149);
#8920=FILL_AREA_STYLE_COLOUR('',#11150);
#8921=VERTEX_POINT('',#11151);
#8922=LINE('',#11152,#11153);
#8923=LINE('',#11154,#11155);
#8924=FILL_AREA_STYLE_COLOUR('',#11156);
#8925=VERTEX_POINT('',#11157);
#8926=LINE('',#11158,#11159);
#8927=LINE('',#11160,#11161);
#8928=FILL_AREA_STYLE_COLOUR('',#11162);
#8929=VERTEX_POINT('',#11163);
#8930=LINE('',#11164,#11165);
#8931=LINE('',#11166,#11167);
#8932=FILL_AREA_STYLE_COLOUR('',#11168);
#8933=VERTEX_POINT('',#11169);
#8934=LINE('',#11170,#11171);
#8935=LINE('',#11172,#11173);
#8936=FILL_AREA_STYLE_COLOUR('',#11174);
#8937=LINE('',#11175,#11176);
#8938=FILL_AREA_STYLE_COLOUR('',#11177);
#8939=FILL_AREA_STYLE_COLOUR('',#11178);
#8940=VERTEX_POINT('',#11179);
#8941=LINE('',#11180,#11181);
#8942=VERTEX_POINT('',#11182);
#8943=LINE('',#11183,#11184);
#8944=LINE('',#11185,#11186);
#8945=FILL_AREA_STYLE_COLOUR('',#11187);
#8946=VERTEX_POINT('',#11188);
#8947=CIRCLE('',#11189,1.86563);
#8948=VERTEX_POINT('',#11190);
#8949=CIRCLE('',#11191,1.86563);
#8950=LINE('',#11192,#11193);
#8951=FILL_AREA_STYLE_COLOUR('',#11194);
#8952=LINE('',#11195,#11196);
#8953=LINE('',#11197,#11198);
#8954=FILL_AREA_STYLE_COLOUR('',#11199);
#8955=FILL_AREA_STYLE_COLOUR('',#11200);
#8956=VERTEX_POINT('',#11201);
#8957=VERTEX_POINT('',#11202);
#8958=LINE('',#11203,#11204);
#8959=VERTEX_POINT('',#11205);
#8960=LINE('',#11206,#11207);
#8961=VERTEX_POINT('',#11208);
#8962=LINE('',#11209,#11210);
#8963=LINE('',#11211,#11212);
#8964=FILL_AREA_STYLE_COLOUR('',#11213);
#8965=VERTEX_POINT('',#11214);
#8966=LINE('',#11215,#11216);
#8967=VERTEX_POINT('',#11217);
#8968=LINE('',#11218,#11219);
#8969=LINE('',#11220,#11221);
#8970=VERTEX_POINT('',#11222);
#8971=VERTEX_POINT('',#11223);
#8972=LINE('',#11224,#11225);
#8973=VERTEX_POINT('',#11226);
#8974=LINE('',#11227,#11228);
#8975=VERTEX_POINT('',#11229);
#8976=LINE('',#11230,#11231);
#8977=LINE('',#11232,#11233);
#8978=FILL_AREA_STYLE_COLOUR('',#11234);
#8979=VERTEX_POINT('',#11235);
#8980=LINE('',#11236,#11237);
#8981=VERTEX_POINT('',#11238);
#8982=LINE('',#11239,#11240);
#8983=LINE('',#11241,#11242);
#8984=FILL_AREA_STYLE_COLOUR('',#11243);
#8985=VERTEX_POINT('',#11244);
#8986=LINE('',#11245,#11246);
#8987=VERTEX_POINT('',#11247);
#8988=LINE('',#11248,#11249);
#8989=VERTEX_POINT('',#11250);
#8990=LINE('',#11251,#11252);
#8991=VERTEX_POINT('',#11253);
#8992=LINE('',#11254,#11255);
#8993=VERTEX_POINT('',#11256);
#8994=LINE('',#11257,#11258);
#8995=VERTEX_POINT('',#11259);
#8996=LINE('',#11260,#11261);
#8997=LINE('',#11262,#11263);
#8998=FILL_AREA_STYLE_COLOUR('',#11264);
#8999=VERTEX_POINT('',#11265);
#9000=LINE('',#11266,#11267);
#9001=LINE('',#11268,#11269);
#9002=FILL_AREA_STYLE_COLOUR('',#11270);
#9003=VERTEX_POINT('',#11271);
#9004=LINE('',#11272,#11273);
#9005=LINE('',#11274,#11275);
#9006=FILL_AREA_STYLE_COLOUR('',#11276);
#9007=VERTEX_POINT('',#11277);
#9008=LINE('',#11278,#11279);
#9009=LINE('',#11280,#11281);
#9010=FILL_AREA_STYLE_COLOUR('',#11282);
#9011=VERTEX_POINT('',#11283);
#9012=LINE('',#11284,#11285);
#9013=LINE('',#11286,#11287);
#9014=FILL_AREA_STYLE_COLOUR('',#11288);
#9015=VERTEX_POINT('',#11289);
#9016=LINE('',#11290,#11291);
#9017=LINE('',#11292,#11293);
#9018=FILL_AREA_STYLE_COLOUR('',#11294);
#9019=VERTEX_POINT('',#11295);
#9020=LINE('',#11296,#11297);
#9021=LINE('',#11298,#11299);
#9022=FILL_AREA_STYLE_COLOUR('',#11300);
#9023=LINE('',#11301,#11302);
#9024=FILL_AREA_STYLE_COLOUR('',#11303);
#9025=FILL_AREA_STYLE_COLOUR('',#11304);
#9026=VERTEX_POINT('',#11305);
#9027=LINE('',#11306,#11307);
#9028=VERTEX_POINT('',#11308);
#9029=LINE('',#11309,#11310);
#9030=LINE('',#11311,#11312);
#9031=FILL_AREA_STYLE_COLOUR('',#11313);
#9032=VERTEX_POINT('',#11314);
#9033=CIRCLE('',#11315,1.86563);
#9034=VERTEX_POINT('',#11316);
#9035=CIRCLE('',#11317,1.86563);
#9036=LINE('',#11318,#11319);
#9037=FILL_AREA_STYLE_COLOUR('',#11320);
#9038=LINE('',#11321,#11322);
#9039=LINE('',#11323,#11324);
#9040=FILL_AREA_STYLE_COLOUR('',#11325);
#9041=FILL_AREA_STYLE_COLOUR('',#11326);
#9042=VERTEX_POINT('',#11327);
#9043=VERTEX_POINT('',#11328);
#9044=LINE('',#11329,#11330);
#9045=VERTEX_POINT('',#11331);
#9046=LINE('',#11332,#11333);
#9047=VERTEX_POINT('',#11334);
#9048=LINE('',#11335,#11336);
#9049=LINE('',#11337,#11338);
#9050=FILL_AREA_STYLE_COLOUR('',#11339);
#9051=VERTEX_POINT('',#11340);
#9052=LINE('',#11341,#11342);
#9053=VERTEX_POINT('',#11343);
#9054=LINE('',#11344,#11345);
#9055=VERTEX_POINT('',#11346);
#9056=LINE('',#11347,#11348);
#9057=VERTEX_POINT('',#11349);
#9058=LINE('',#11350,#11351);
#9059=VERTEX_POINT('',#11352);
#9060=LINE('',#11353,#11354);
#9061=VERTEX_POINT('',#11355);
#9062=LINE('',#11356,#11357);
#9063=VERTEX_POINT('',#11358);
#9064=LINE('',#11359,#11360);
#9065=LINE('',#11361,#11362);
#9066=FILL_AREA_STYLE_COLOUR('',#11363);
#9067=VERTEX_POINT('',#11364);
#9068=VERTEX_POINT('',#11365);
#9069=LINE('',#11366,#11367);
#9070=LINE('',#11368,#11369);
#9071=LINE('',#11370,#11371);
#9072=FILL_AREA_STYLE_COLOUR('',#11372);
#9073=VERTEX_POINT('',#11373);
#9074=LINE('',#11374,#11375);
#9075=LINE('',#11376,#11377);
#9076=FILL_AREA_STYLE_COLOUR('',#11378);
#9077=VERTEX_POINT('',#11379);
#9078=LINE('',#11380,#11381);
#9079=LINE('',#11382,#11383);
#9080=FILL_AREA_STYLE_COLOUR('',#11384);
#9081=LINE('',#11385,#11386);
#9082=FILL_AREA_STYLE_COLOUR('',#11387);
#9083=VERTEX_POINT('',#11388);
#9084=LINE('',#11389,#11390);
#9085=VERTEX_POINT('',#11391);
#9086=LINE('',#11392,#11393);
#9087=LINE('',#11394,#11395);
#9088=FILL_AREA_STYLE_COLOUR('',#11396);
#9089=LINE('',#11397,#11398);
#9090=FILL_AREA_STYLE_COLOUR('',#11399);
#9091=VERTEX_POINT('',#11400);
#9092=LINE('',#11401,#11402);
#9093=LINE('',#11403,#11404);
#9094=FILL_AREA_STYLE_COLOUR('',#11405);
#9095=VERTEX_POINT('',#11406);
#9096=LINE('',#11407,#11408);
#9097=VERTEX_POINT('',#11409);
#9098=LINE('',#11410,#11411);
#9099=VERTEX_POINT('',#11412);
#9100=LINE('',#11413,#11414);
#9101=VERTEX_POINT('',#11415);
#9102=LINE('',#11416,#11417);
#9103=VERTEX_POINT('',#11418);
#9104=LINE('',#11419,#11420);
#9105=VERTEX_POINT('',#11421);
#9106=LINE('',#11422,#11423);
#9107=VERTEX_POINT('',#11424);
#9108=LINE('',#11425,#11426);
#9109=VERTEX_POINT('',#11427);
#9110=LINE('',#11428,#11429);
#9111=VERTEX_POINT('',#11430);
#9112=LINE('',#11431,#11432);
#9113=VERTEX_POINT('',#11433);
#9114=LINE('',#11434,#11435);
#9115=VERTEX_POINT('',#11436);
#9116=LINE('',#11437,#11438);
#9117=VERTEX_POINT('',#11439);
#9118=LINE('',#11440,#11441);
#9119=VERTEX_POINT('',#11442);
#9120=LINE('',#11443,#11444);
#9121=VERTEX_POINT('',#11445);
#9122=LINE('',#11446,#11447);
#9123=VERTEX_POINT('',#11448);
#9124=LINE('',#11449,#11450);
#9125=VERTEX_POINT('',#11451);
#9126=LINE('',#11452,#11453);
#9127=VERTEX_POINT('',#11454);
#9128=LINE('',#11455,#11456);
#9129=VERTEX_POINT('',#11457);
#9130=LINE('',#11458,#11459);
#9131=VERTEX_POINT('',#11460);
#9132=LINE('',#11461,#11462);
#9133=VERTEX_POINT('',#11463);
#9134=LINE('',#11464,#11465);
#9135=VERTEX_POINT('',#11466);
#9136=LINE('',#11467,#11468);
#9137=VERTEX_POINT('',#11469);
#9138=LINE('',#11470,#11471);
#9139=VERTEX_POINT('',#11472);
#9140=LINE('',#11473,#11474);
#9141=VERTEX_POINT('',#11475);
#9142=LINE('',#11476,#11477);
#9143=VERTEX_POINT('',#11478);
#9144=LINE('',#11479,#11480);
#9145=VERTEX_POINT('',#11481);
#9146=LINE('',#11482,#11483);
#9147=VERTEX_POINT('',#11484);
#9148=LINE('',#11485,#11486);
#9149=VERTEX_POINT('',#11487);
#9150=LINE('',#11488,#11489);
#9151=VERTEX_POINT('',#11490);
#9152=LINE('',#11491,#11492);
#9153=VERTEX_POINT('',#11493);
#9154=LINE('',#11494,#11495);
#9155=VERTEX_POINT('',#11496);
#9156=LINE('',#11497,#11498);
#9157=VERTEX_POINT('',#11499);
#9158=LINE('',#11500,#11501);
#9159=VERTEX_POINT('',#11502);
#9160=LINE('',#11503,#11504);
#9161=VERTEX_POINT('',#11505);
#9162=LINE('',#11506,#11507);
#9163=VERTEX_POINT('',#11508);
#9164=LINE('',#11509,#11510);
#9165=VERTEX_POINT('',#11511);
#9166=LINE('',#11512,#11513);
#9167=VERTEX_POINT('',#11514);
#9168=LINE('',#11515,#11516);
#9169=VERTEX_POINT('',#11517);
#9170=LINE('',#11518,#11519);
#9171=VERTEX_POINT('',#11520);
#9172=LINE('',#11521,#11522);
#9173=VERTEX_POINT('',#11523);
#9174=LINE('',#11524,#11525);
#9175=LINE('',#11526,#11527);
#9176=FILL_AREA_STYLE_COLOUR('',#11528);
#9177=VERTEX_POINT('',#11529);
#9178=LINE('',#11530,#11531);
#9179=VERTEX_POINT('',#11532);
#9180=LINE('',#11533,#11534);
#9181=LINE('',#11535,#11536);
#9182=FILL_AREA_STYLE_COLOUR('',#11537);
#9183=VERTEX_POINT('',#11538);
#9184=LINE('',#11539,#11540);
#9185=VERTEX_POINT('',#11541);
#9186=LINE('',#11542,#11543);
#9187=VERTEX_POINT('',#11544);
#9188=LINE('',#11545,#11546);
#9189=VERTEX_POINT('',#11547);
#9190=LINE('',#11548,#11549);
#9191=VERTEX_POINT('',#11550);
#9192=LINE('',#11551,#11552);
#9193=VERTEX_POINT('',#11553);
#9194=LINE('',#11554,#11555);
#9195=LINE('',#11556,#11557);
#9196=FILL_AREA_STYLE_COLOUR('',#11558);
#9197=VERTEX_POINT('',#11559);
#9198=VERTEX_POINT('',#11560);
#9199=LINE('',#11561,#11562);
#9200=LINE('',#11563,#11564);
#9201=LINE('',#11565,#11566);
#9202=FILL_AREA_STYLE_COLOUR('',#11567);
#9203=VERTEX_POINT('',#11568);
#9204=LINE('',#11569,#11570);
#9205=LINE('',#11571,#11572);
#9206=FILL_AREA_STYLE_COLOUR('',#11573);
#9207=VERTEX_POINT('',#11574);
#9208=LINE('',#11575,#11576);
#9209=LINE('',#11577,#11578);
#9210=FILL_AREA_STYLE_COLOUR('',#11579);
#9211=LINE('',#11580,#11581);
#9212=FILL_AREA_STYLE_COLOUR('',#11582);
#9213=VERTEX_POINT('',#11583);
#9214=LINE('',#11584,#11585);
#9215=VERTEX_POINT('',#11586);
#9216=LINE('',#11587,#11588);
#9217=LINE('',#11589,#11590);
#9218=FILL_AREA_STYLE_COLOUR('',#11591);
#9219=LINE('',#11592,#11593);
#9220=FILL_AREA_STYLE_COLOUR('',#11594);
#9221=LINE('',#11595,#11596);
#9222=FILL_AREA_STYLE_COLOUR('',#11597);
#9223=VERTEX_POINT('',#11598);
#9224=LINE('',#11599,#11600);
#9225=VERTEX_POINT('',#11601);
#9226=LINE('',#11602,#11603);
#9227=LINE('',#11604,#11605);
#9228=FILL_AREA_STYLE_COLOUR('',#11606);
#9229=VERTEX_POINT('',#11607);
#9230=LINE('',#11608,#11609);
#9231=VERTEX_POINT('',#11610);
#9232=LINE('',#11611,#11612);
#9233=VERTEX_POINT('',#11613);
#9234=LINE('',#11614,#11615);
#9235=VERTEX_POINT('',#11616);
#9236=LINE('',#11617,#11618);
#9237=VERTEX_POINT('',#11619);
#9238=LINE('',#11620,#11621);
#9239=VERTEX_POINT('',#11622);
#9240=LINE('',#11623,#11624);
#9241=LINE('',#11625,#11626);
#9242=FILL_AREA_STYLE_COLOUR('',#11627);
#9243=VERTEX_POINT('',#11628);
#9244=VERTEX_POINT('',#11629);
#9245=LINE('',#11630,#11631);
#9246=LINE('',#11632,#11633);
#9247=LINE('',#11634,#11635);
#9248=FILL_AREA_STYLE_COLOUR('',#11636);
#9249=VERTEX_POINT('',#11637);
#9250=LINE('',#11638,#11639);
#9251=LINE('',#11640,#11641);
#9252=FILL_AREA_STYLE_COLOUR('',#11642);
#9253=VERTEX_POINT('',#11643);
#9254=LINE('',#11644,#11645);
#9255=LINE('',#11646,#11647);
#9256=FILL_AREA_STYLE_COLOUR('',#11648);
#9257=LINE('',#11649,#11650);
#9258=FILL_AREA_STYLE_COLOUR('',#11651);
#9259=VERTEX_POINT('',#11652);
#9260=LINE('',#11653,#11654);
#9261=VERTEX_POINT('',#11655);
#9262=LINE('',#11656,#11657);
#9263=LINE('',#11658,#11659);
#9264=FILL_AREA_STYLE_COLOUR('',#11660);
#9265=LINE('',#11661,#11662);
#9266=FILL_AREA_STYLE_COLOUR('',#11663);
#9267=LINE('',#11664,#11665);
#9268=FILL_AREA_STYLE_COLOUR('',#11666);
#9269=VERTEX_POINT('',#11667);
#9270=LINE('',#11668,#11669);
#9271=VERTEX_POINT('',#11670);
#9272=LINE('',#11671,#11672);
#9273=LINE('',#11673,#11674);
#9274=FILL_AREA_STYLE_COLOUR('',#11675);
#9275=VERTEX_POINT('',#11676);
#9276=LINE('',#11677,#11678);
#9277=VERTEX_POINT('',#11679);
#9278=LINE('',#11680,#11681);
#9279=VERTEX_POINT('',#11682);
#9280=LINE('',#11683,#11684);
#9281=VERTEX_POINT('',#11685);
#9282=LINE('',#11686,#11687);
#9283=VERTEX_POINT('',#11688);
#9284=LINE('',#11689,#11690);
#9285=VERTEX_POINT('',#11691);
#9286=LINE('',#11692,#11693);
#9287=LINE('',#11694,#11695);
#9288=FILL_AREA_STYLE_COLOUR('',#11696);
#9289=VERTEX_POINT('',#11697);
#9290=VERTEX_POINT('',#11698);
#9291=LINE('',#11699,#11700);
#9292=LINE('',#11701,#11702);
#9293=LINE('',#11703,#11704);
#9294=FILL_AREA_STYLE_COLOUR('',#11705);
#9295=VERTEX_POINT('',#11706);
#9296=LINE('',#11707,#11708);
#9297=LINE('',#11709,#11710);
#9298=FILL_AREA_STYLE_COLOUR('',#11711);
#9299=VERTEX_POINT('',#11712);
#9300=LINE('',#11713,#11714);
#9301=LINE('',#11715,#11716);
#9302=FILL_AREA_STYLE_COLOUR('',#11717);
#9303=LINE('',#11718,#11719);
#9304=FILL_AREA_STYLE_COLOUR('',#11720);
#9305=VERTEX_POINT('',#11721);
#9306=LINE('',#11722,#11723);
#9307=VERTEX_POINT('',#11724);
#9308=LINE('',#11725,#11726);
#9309=LINE('',#11727,#11728);
#9310=FILL_AREA_STYLE_COLOUR('',#11729);
#9311=LINE('',#11730,#11731);
#9312=FILL_AREA_STYLE_COLOUR('',#11732);
#9313=LINE('',#11733,#11734);
#9314=FILL_AREA_STYLE_COLOUR('',#11735);
#9315=VERTEX_POINT('',#11736);
#9316=LINE('',#11737,#11738);
#9317=VERTEX_POINT('',#11739);
#9318=LINE('',#11740,#11741);
#9319=LINE('',#11742,#11743);
#9320=FILL_AREA_STYLE_COLOUR('',#11744);
#9321=VERTEX_POINT('',#11745);
#9322=LINE('',#11746,#11747);
#9323=VERTEX_POINT('',#11748);
#9324=LINE('',#11749,#11750);
#9325=VERTEX_POINT('',#11751);
#9326=LINE('',#11752,#11753);
#9327=VERTEX_POINT('',#11754);
#9328=LINE('',#11755,#11756);
#9329=VERTEX_POINT('',#11757);
#9330=LINE('',#11758,#11759);
#9331=VERTEX_POINT('',#11760);
#9332=LINE('',#11761,#11762);
#9333=LINE('',#11763,#11764);
#9334=FILL_AREA_STYLE_COLOUR('',#11765);
#9335=VERTEX_POINT('',#11766);
#9336=VERTEX_POINT('',#11767);
#9337=LINE('',#11768,#11769);
#9338=LINE('',#11770,#11771);
#9339=LINE('',#11772,#11773);
#9340=FILL_AREA_STYLE_COLOUR('',#11774);
#9341=VERTEX_POINT('',#11775);
#9342=LINE('',#11776,#11777);
#9343=LINE('',#11778,#11779);
#9344=FILL_AREA_STYLE_COLOUR('',#11780);
#9345=VERTEX_POINT('',#11781);
#9346=LINE('',#11782,#11783);
#9347=LINE('',#11784,#11785);
#9348=FILL_AREA_STYLE_COLOUR('',#11786);
#9349=LINE('',#11787,#11788);
#9350=FILL_AREA_STYLE_COLOUR('',#11789);
#9351=VERTEX_POINT('',#11790);
#9352=LINE('',#11791,#11792);
#9353=VERTEX_POINT('',#11793);
#9354=LINE('',#11794,#11795);
#9355=LINE('',#11796,#11797);
#9356=FILL_AREA_STYLE_COLOUR('',#11798);
#9357=LINE('',#11799,#11800);
#9358=FILL_AREA_STYLE_COLOUR('',#11801);
#9359=LINE('',#11802,#11803);
#9360=FILL_AREA_STYLE_COLOUR('',#11804);
#9361=VERTEX_POINT('',#11805);
#9362=LINE('',#11806,#11807);
#9363=VERTEX_POINT('',#11808);
#9364=LINE('',#11809,#11810);
#9365=LINE('',#11811,#11812);
#9366=FILL_AREA_STYLE_COLOUR('',#11813);
#9367=VERTEX_POINT('',#11814);
#9368=LINE('',#11815,#11816);
#9369=VERTEX_POINT('',#11817);
#9370=LINE('',#11818,#11819);
#9371=VERTEX_POINT('',#11820);
#9372=LINE('',#11821,#11822);
#9373=VERTEX_POINT('',#11823);
#9374=LINE('',#11824,#11825);
#9375=VERTEX_POINT('',#11826);
#9376=LINE('',#11827,#11828);
#9377=VERTEX_POINT('',#11829);
#9378=LINE('',#11830,#11831);
#9379=LINE('',#11832,#11833);
#9380=FILL_AREA_STYLE_COLOUR('',#11834);
#9381=VERTEX_POINT('',#11835);
#9382=VERTEX_POINT('',#11836);
#9383=LINE('',#11837,#11838);
#9384=LINE('',#11839,#11840);
#9385=LINE('',#11841,#11842);
#9386=FILL_AREA_STYLE_COLOUR('',#11843);
#9387=VERTEX_POINT('',#11844);
#9388=LINE('',#11845,#11846);
#9389=LINE('',#11847,#11848);
#9390=FILL_AREA_STYLE_COLOUR('',#11849);
#9391=VERTEX_POINT('',#11850);
#9392=LINE('',#11851,#11852);
#9393=LINE('',#11853,#11854);
#9394=FILL_AREA_STYLE_COLOUR('',#11855);
#9395=LINE('',#11856,#11857);
#9396=FILL_AREA_STYLE_COLOUR('',#11858);
#9397=VERTEX_POINT('',#11859);
#9398=LINE('',#11860,#11861);
#9399=VERTEX_POINT('',#11862);
#9400=LINE('',#11863,#11864);
#9401=LINE('',#11865,#11866);
#9402=FILL_AREA_STYLE_COLOUR('',#11867);
#9403=LINE('',#11868,#11869);
#9404=FILL_AREA_STYLE_COLOUR('',#11870);
#9405=LINE('',#11871,#11872);
#9406=FILL_AREA_STYLE_COLOUR('',#11873);
#9407=VERTEX_POINT('',#11874);
#9408=LINE('',#11875,#11876);
#9409=VERTEX_POINT('',#11877);
#9410=LINE('',#11878,#11879);
#9411=LINE('',#11880,#11881);
#9412=FILL_AREA_STYLE_COLOUR('',#11882);
#9413=VERTEX_POINT('',#11883);
#9414=LINE('',#11884,#11885);
#9415=VERTEX_POINT('',#11886);
#9416=LINE('',#11887,#11888);
#9417=VERTEX_POINT('',#11889);
#9418=LINE('',#11890,#11891);
#9419=VERTEX_POINT('',#11892);
#9420=LINE('',#11893,#11894);
#9421=VERTEX_POINT('',#11895);
#9422=LINE('',#11896,#11897);
#9423=VERTEX_POINT('',#11898);
#9424=LINE('',#11899,#11900);
#9425=LINE('',#11901,#11902);
#9426=FILL_AREA_STYLE_COLOUR('',#11903);
#9427=VERTEX_POINT('',#11904);
#9428=VERTEX_POINT('',#11905);
#9429=LINE('',#11906,#11907);
#9430=LINE('',#11908,#11909);
#9431=LINE('',#11910,#11911);
#9432=FILL_AREA_STYLE_COLOUR('',#11912);
#9433=VERTEX_POINT('',#11913);
#9434=LINE('',#11914,#11915);
#9435=LINE('',#11916,#11917);
#9436=FILL_AREA_STYLE_COLOUR('',#11918);
#9437=VERTEX_POINT('',#11919);
#9438=LINE('',#11920,#11921);
#9439=LINE('',#11922,#11923);
#9440=FILL_AREA_STYLE_COLOUR('',#11924);
#9441=LINE('',#11925,#11926);
#9442=FILL_AREA_STYLE_COLOUR('',#11927);
#9443=VERTEX_POINT('',#11928);
#9444=LINE('',#11929,#11930);
#9445=VERTEX_POINT('',#11931);
#9446=LINE('',#11932,#11933);
#9447=LINE('',#11934,#11935);
#9448=FILL_AREA_STYLE_COLOUR('',#11936);
#9449=LINE('',#11937,#11938);
#9450=FILL_AREA_STYLE_COLOUR('',#11939);
#9451=LINE('',#11940,#11941);
#9452=FILL_AREA_STYLE_COLOUR('',#11942);
#9453=VERTEX_POINT('',#11943);
#9454=LINE('',#11944,#11945);
#9455=VERTEX_POINT('',#11946);
#9456=LINE('',#11947,#11948);
#9457=LINE('',#11949,#11950);
#9458=FILL_AREA_STYLE_COLOUR('',#11951);
#9459=VERTEX_POINT('',#11952);
#9460=LINE('',#11953,#11954);
#9461=VERTEX_POINT('',#11955);
#9462=LINE('',#11956,#11957);
#9463=VERTEX_POINT('',#11958);
#9464=LINE('',#11959,#11960);
#9465=VERTEX_POINT('',#11961);
#9466=LINE('',#11962,#11963);
#9467=VERTEX_POINT('',#11964);
#9468=LINE('',#11965,#11966);
#9469=VERTEX_POINT('',#11967);
#9470=LINE('',#11968,#11969);
#9471=LINE('',#11970,#11971);
#9472=FILL_AREA_STYLE_COLOUR('',#11972);
#9473=VERTEX_POINT('',#11973);
#9474=VERTEX_POINT('',#11974);
#9475=LINE('',#11975,#11976);
#9476=LINE('',#11977,#11978);
#9477=LINE('',#11979,#11980);
#9478=FILL_AREA_STYLE_COLOUR('',#11981);
#9479=VERTEX_POINT('',#11982);
#9480=LINE('',#11983,#11984);
#9481=LINE('',#11985,#11986);
#9482=FILL_AREA_STYLE_COLOUR('',#11987);
#9483=VERTEX_POINT('',#11988);
#9484=LINE('',#11989,#11990);
#9485=LINE('',#11991,#11992);
#9486=FILL_AREA_STYLE_COLOUR('',#11993);
#9487=LINE('',#11994,#11995);
#9488=FILL_AREA_STYLE_COLOUR('',#11996);
#9489=VERTEX_POINT('',#11997);
#9490=LINE('',#11998,#11999);
#9491=VERTEX_POINT('',#12000);
#9492=LINE('',#12001,#12002);
#9493=LINE('',#12003,#12004);
#9494=FILL_AREA_STYLE_COLOUR('',#12005);
#9495=LINE('',#12006,#12007);
#9496=FILL_AREA_STYLE_COLOUR('',#12008);
#9497=LINE('',#12009,#12010);
#9498=FILL_AREA_STYLE_COLOUR('',#12011);
#9499=VERTEX_POINT('',#12012);
#9500=LINE('',#12013,#12014);
#9501=VERTEX_POINT('',#12015);
#9502=LINE('',#12016,#12017);
#9503=LINE('',#12018,#12019);
#9504=FILL_AREA_STYLE_COLOUR('',#12020);
#9505=VERTEX_POINT('',#12021);
#9506=LINE('',#12022,#12023);
#9507=VERTEX_POINT('',#12024);
#9508=LINE('',#12025,#12026);
#9509=VERTEX_POINT('',#12027);
#9510=LINE('',#12028,#12029);
#9511=VERTEX_POINT('',#12030);
#9512=LINE('',#12031,#12032);
#9513=VERTEX_POINT('',#12033);
#9514=LINE('',#12034,#12035);
#9515=VERTEX_POINT('',#12036);
#9516=LINE('',#12037,#12038);
#9517=LINE('',#12039,#12040);
#9518=FILL_AREA_STYLE_COLOUR('',#12041);
#9519=VERTEX_POINT('',#12042);
#9520=VERTEX_POINT('',#12043);
#9521=LINE('',#12044,#12045);
#9522=LINE('',#12046,#12047);
#9523=LINE('',#12048,#12049);
#9524=FILL_AREA_STYLE_COLOUR('',#12050);
#9525=VERTEX_POINT('',#12051);
#9526=LINE('',#12052,#12053);
#9527=LINE('',#12054,#12055);
#9528=FILL_AREA_STYLE_COLOUR('',#12056);
#9529=VERTEX_POINT('',#12057);
#9530=LINE('',#12058,#12059);
#9531=LINE('',#12060,#12061);
#9532=FILL_AREA_STYLE_COLOUR('',#12062);
#9533=LINE('',#12063,#12064);
#9534=FILL_AREA_STYLE_COLOUR('',#12065);
#9535=VERTEX_POINT('',#12066);
#9536=LINE('',#12067,#12068);
#9537=VERTEX_POINT('',#12069);
#9538=LINE('',#12070,#12071);
#9539=LINE('',#12072,#12073);
#9540=FILL_AREA_STYLE_COLOUR('',#12074);
#9541=LINE('',#12075,#12076);
#9542=FILL_AREA_STYLE_COLOUR('',#12077);
#9543=LINE('',#12078,#12079);
#9544=FILL_AREA_STYLE_COLOUR('',#12080);
#9545=VERTEX_POINT('',#12081);
#9546=LINE('',#12082,#12083);
#9547=VERTEX_POINT('',#12084);
#9548=LINE('',#12085,#12086);
#9549=LINE('',#12087,#12088);
#9550=FILL_AREA_STYLE_COLOUR('',#12089);
#9551=VERTEX_POINT('',#12090);
#9552=LINE('',#12091,#12092);
#9553=VERTEX_POINT('',#12093);
#9554=LINE('',#12094,#12095);
#9555=VERTEX_POINT('',#12096);
#9556=LINE('',#12097,#12098);
#9557=VERTEX_POINT('',#12099);
#9558=LINE('',#12100,#12101);
#9559=VERTEX_POINT('',#12102);
#9560=LINE('',#12103,#12104);
#9561=VERTEX_POINT('',#12105);
#9562=LINE('',#12106,#12107);
#9563=LINE('',#12108,#12109);
#9564=FILL_AREA_STYLE_COLOUR('',#12110);
#9565=VERTEX_POINT('',#12111);
#9566=VERTEX_POINT('',#12112);
#9567=LINE('',#12113,#12114);
#9568=LINE('',#12115,#12116);
#9569=LINE('',#12117,#12118);
#9570=FILL_AREA_STYLE_COLOUR('',#12119);
#9571=VERTEX_POINT('',#12120);
#9572=LINE('',#12121,#12122);
#9573=LINE('',#12123,#12124);
#9574=FILL_AREA_STYLE_COLOUR('',#12125);
#9575=VERTEX_POINT('',#12126);
#9576=LINE('',#12127,#12128);
#9577=LINE('',#12129,#12130);
#9578=FILL_AREA_STYLE_COLOUR('',#12131);
#9579=LINE('',#12132,#12133);
#9580=FILL_AREA_STYLE_COLOUR('',#12134);
#9581=VERTEX_POINT('',#12135);
#9582=LINE('',#12136,#12137);
#9583=VERTEX_POINT('',#12138);
#9584=LINE('',#12139,#12140);
#9585=LINE('',#12141,#12142);
#9586=FILL_AREA_STYLE_COLOUR('',#12143);
#9587=LINE('',#12144,#12145);
#9588=FILL_AREA_STYLE_COLOUR('',#12146);
#9589=LINE('',#12147,#12148);
#9590=FILL_AREA_STYLE_COLOUR('',#12149);
#9591=VERTEX_POINT('',#12150);
#9592=VERTEX_POINT('',#12151);
#9593=LINE('',#12152,#12153);
#9594=VERTEX_POINT('',#12154);
#9595=LINE('',#12155,#12156);
#9596=VERTEX_POINT('',#12157);
#9597=LINE('',#12158,#12159);
#9598=VERTEX_POINT('',#12160);
#9599=LINE('',#12161,#12162);
#9600=VERTEX_POINT('',#12163);
#9601=LINE('',#12164,#12165);
#9602=VERTEX_POINT('',#12166);
#9603=LINE('',#12167,#12168);
#9604=LINE('',#12169,#12170);
#9605=FILL_AREA_STYLE_COLOUR('',#12171);
#9606=VERTEX_POINT('',#12172);
#9607=LINE('',#12173,#12174);
#9608=VERTEX_POINT('',#12175);
#9609=LINE('',#12176,#12177);
#9610=LINE('',#12178,#12179);
#9611=FILL_AREA_STYLE_COLOUR('',#12180);
#9612=VERTEX_POINT('',#12181);
#9613=VERTEX_POINT('',#12182);
#9614=LINE('',#12183,#12184);
#9615=VERTEX_POINT('',#12185);
#9616=LINE('',#12186,#12187);
#9617=VERTEX_POINT('',#12188);
#9618=LINE('',#12189,#12190);
#9619=VERTEX_POINT('',#12191);
#9620=LINE('',#12192,#12193);
#9621=VERTEX_POINT('',#12194);
#9622=LINE('',#12195,#12196);
#9623=VERTEX_POINT('',#12197);
#9624=LINE('',#12198,#12199);
#9625=LINE('',#12200,#12201);
#9626=FILL_AREA_STYLE_COLOUR('',#12202);
#9627=VERTEX_POINT('',#12203);
#9628=LINE('',#12204,#12205);
#9629=VERTEX_POINT('',#12206);
#9630=LINE('',#12207,#12208);
#9631=LINE('',#12209,#12210);
#9632=FILL_AREA_STYLE_COLOUR('',#12211);
#9633=LINE('',#12212,#12213);
#9634=LINE('',#12214,#12215);
#9635=FILL_AREA_STYLE_COLOUR('',#12216);
#9636=LINE('',#12217,#12218);
#9637=FILL_AREA_STYLE_COLOUR('',#12219);
#9638=LINE('',#12220,#12221);
#9639=FILL_AREA_STYLE_COLOUR('',#12222);
#9640=LINE('',#12223,#12224);
#9641=FILL_AREA_STYLE_COLOUR('',#12225);
#9642=LINE('',#12226,#12227);
#9643=FILL_AREA_STYLE_COLOUR('',#12228);
#9644=VERTEX_POINT('',#12229);
#9645=LINE('',#12230,#12231);
#9646=VERTEX_POINT('',#12232);
#9647=LINE('',#12233,#12234);
#9648=LINE('',#12235,#12236);
#9649=FILL_AREA_STYLE_COLOUR('',#12237);
#9650=VERTEX_POINT('',#12238);
#9651=LINE('',#12239,#12240);
#9652=VERTEX_POINT('',#12241);
#9653=LINE('',#12242,#12243);
#9654=LINE('',#12244,#12245);
#9655=FILL_AREA_STYLE_COLOUR('',#12246);
#9656=VERTEX_POINT('',#12247);
#9657=LINE('',#12248,#12249);
#9658=VERTEX_POINT('',#12250);
#9659=LINE('',#12251,#12252);
#9660=VERTEX_POINT('',#12253);
#9661=LINE('',#12254,#12255);
#9662=VERTEX_POINT('',#12256);
#9663=LINE('',#12257,#12258);
#9664=VERTEX_POINT('',#12259);
#9665=LINE('',#12260,#12261);
#9666=LINE('',#12262,#12263);
#9667=FILL_AREA_STYLE_COLOUR('',#12264);
#9668=VERTEX_POINT('',#12265);
#9669=LINE('',#12266,#12267);
#9670=VERTEX_POINT('',#12268);
#9671=LINE('',#12269,#12270);
#9672=LINE('',#12271,#12272);
#9673=FILL_AREA_STYLE_COLOUR('',#12273);
#9674=VERTEX_POINT('',#12274);
#9675=VERTEX_POINT('',#12275);
#9676=LINE('',#12276,#12277);
#9677=VERTEX_POINT('',#12278);
#9678=LINE('',#12279,#12280);
#9679=VERTEX_POINT('',#12281);
#9680=LINE('',#12282,#12283);
#9681=VERTEX_POINT('',#12284);
#9682=LINE('',#12285,#12286);
#9683=VERTEX_POINT('',#12287);
#9684=LINE('',#12288,#12289);
#9685=VERTEX_POINT('',#12290);
#9686=LINE('',#12291,#12292);
#9687=LINE('',#12293,#12294);
#9688=FILL_AREA_STYLE_COLOUR('',#12295);
#9689=VERTEX_POINT('',#12296);
#9690=LINE('',#12297,#12298);
#9691=VERTEX_POINT('',#12299);
#9692=LINE('',#12300,#12301);
#9693=LINE('',#12302,#12303);
#9694=FILL_AREA_STYLE_COLOUR('',#12304);
#9695=LINE('',#12305,#12306);
#9696=LINE('',#12307,#12308);
#9697=FILL_AREA_STYLE_COLOUR('',#12309);
#9698=LINE('',#12310,#12311);
#9699=FILL_AREA_STYLE_COLOUR('',#12312);
#9700=LINE('',#12313,#12314);
#9701=FILL_AREA_STYLE_COLOUR('',#12315);
#9702=LINE('',#12316,#12317);
#9703=FILL_AREA_STYLE_COLOUR('',#12318);
#9704=LINE('',#12319,#12320);
#9705=FILL_AREA_STYLE_COLOUR('',#12321);
#9706=VERTEX_POINT('',#12322);
#9707=LINE('',#12323,#12324);
#9708=VERTEX_POINT('',#12325);
#9709=LINE('',#12326,#12327);
#9710=LINE('',#12328,#12329);
#9711=FILL_AREA_STYLE_COLOUR('',#12330);
#9712=VERTEX_POINT('',#12331);
#9713=LINE('',#12332,#12333);
#9714=VERTEX_POINT('',#12334);
#9715=LINE('',#12335,#12336);
#9716=VERTEX_POINT('',#12337);
#9717=LINE('',#12338,#12339);
#9718=VERTEX_POINT('',#12340);
#9719=LINE('',#12341,#12342);
#9720=VERTEX_POINT('',#12343);
#9721=LINE('',#12344,#12345);
#9722=LINE('',#12346,#12347);
#9723=FILL_AREA_STYLE_COLOUR('',#12348);
#9724=VERTEX_POINT('',#12349);
#9725=LINE('',#12350,#12351);
#9726=VERTEX_POINT('',#12352);
#9727=LINE('',#12353,#12354);
#9728=LINE('',#12355,#12356);
#9729=FILL_AREA_STYLE_COLOUR('',#12357);
#9730=VERTEX_POINT('',#12358);
#9731=VERTEX_POINT('',#12359);
#9732=LINE('',#12360,#12361);
#9733=VERTEX_POINT('',#12362);
#9734=LINE('',#12363,#12364);
#9735=VERTEX_POINT('',#12365);
#9736=LINE('',#12366,#12367);
#9737=VERTEX_POINT('',#12368);
#9738=LINE('',#12369,#12370);
#9739=VERTEX_POINT('',#12371);
#9740=LINE('',#12372,#12373);
#9741=VERTEX_POINT('',#12374);
#9742=LINE('',#12375,#12376);
#9743=LINE('',#12377,#12378);
#9744=FILL_AREA_STYLE_COLOUR('',#12379);
#9745=VERTEX_POINT('',#12380);
#9746=LINE('',#12381,#12382);
#9747=VERTEX_POINT('',#12383);
#9748=LINE('',#12384,#12385);
#9749=LINE('',#12386,#12387);
#9750=FILL_AREA_STYLE_COLOUR('',#12388);
#9751=LINE('',#12389,#12390);
#9752=LINE('',#12391,#12392);
#9753=FILL_AREA_STYLE_COLOUR('',#12393);
#9754=LINE('',#12394,#12395);
#9755=FILL_AREA_STYLE_COLOUR('',#12396);
#9756=LINE('',#12397,#12398);
#9757=FILL_AREA_STYLE_COLOUR('',#12399);
#9758=LINE('',#12400,#12401);
#9759=FILL_AREA_STYLE_COLOUR('',#12402);
#9760=LINE('',#12403,#12404);
#9761=FILL_AREA_STYLE_COLOUR('',#12405);
#9762=VERTEX_POINT('',#12406);
#9763=LINE('',#12407,#12408);
#9764=VERTEX_POINT('',#12409);
#9765=LINE('',#12410,#12411);
#9766=LINE('',#12412,#12413);
#9767=FILL_AREA_STYLE_COLOUR('',#12414);
#9768=VERTEX_POINT('',#12415);
#9769=LINE('',#12416,#12417);
#9770=VERTEX_POINT('',#12418);
#9771=LINE('',#12419,#12420);
#9772=VERTEX_POINT('',#12421);
#9773=LINE('',#12422,#12423);
#9774=VERTEX_POINT('',#12424);
#9775=LINE('',#12425,#12426);
#9776=VERTEX_POINT('',#12427);
#9777=LINE('',#12428,#12429);
#9778=LINE('',#12430,#12431);
#9779=FILL_AREA_STYLE_COLOUR('',#12432);
#9780=VERTEX_POINT('',#12433);
#9781=LINE('',#12434,#12435);
#9782=VERTEX_POINT('',#12436);
#9783=LINE('',#12437,#12438);
#9784=LINE('',#12439,#12440);
#9785=FILL_AREA_STYLE_COLOUR('',#12441);
#9786=VERTEX_POINT('',#12442);
#9787=VERTEX_POINT('',#12443);
#9788=LINE('',#12444,#12445);
#9789=VERTEX_POINT('',#12446);
#9790=LINE('',#12447,#12448);
#9791=VERTEX_POINT('',#12449);
#9792=LINE('',#12450,#12451);
#9793=VERTEX_POINT('',#12452);
#9794=LINE('',#12453,#12454);
#9795=VERTEX_POINT('',#12455);
#9796=LINE('',#12456,#12457);
#9797=VERTEX_POINT('',#12458);
#9798=LINE('',#12459,#12460);
#9799=LINE('',#12461,#12462);
#9800=FILL_AREA_STYLE_COLOUR('',#12463);
#9801=VERTEX_POINT('',#12464);
#9802=LINE('',#12465,#12466);
#9803=VERTEX_POINT('',#12467);
#9804=LINE('',#12468,#12469);
#9805=LINE('',#12470,#12471);
#9806=FILL_AREA_STYLE_COLOUR('',#12472);
#9807=LINE('',#12473,#12474);
#9808=LINE('',#12475,#12476);
#9809=FILL_AREA_STYLE_COLOUR('',#12477);
#9810=LINE('',#12478,#12479);
#9811=FILL_AREA_STYLE_COLOUR('',#12480);
#9812=LINE('',#12481,#12482);
#9813=FILL_AREA_STYLE_COLOUR('',#12483);
#9814=LINE('',#12484,#12485);
#9815=FILL_AREA_STYLE_COLOUR('',#12486);
#9816=LINE('',#12487,#12488);
#9817=FILL_AREA_STYLE_COLOUR('',#12489);
#9818=VERTEX_POINT('',#12490);
#9819=LINE('',#12491,#12492);
#9820=VERTEX_POINT('',#12493);
#9821=LINE('',#12494,#12495);
#9822=LINE('',#12496,#12497);
#9823=FILL_AREA_STYLE_COLOUR('',#12498);
#9824=VERTEX_POINT('',#12499);
#9825=VERTEX_POINT('',#12500);
#9826=LINE('',#12501,#12502);
#9827=VERTEX_POINT('',#12503);
#9828=LINE('',#12504,#12505);
#9829=VERTEX_POINT('',#12506);
#9830=LINE('',#12507,#12508);
#9831=VERTEX_POINT('',#12509);
#9832=LINE('',#12510,#12511);
#9833=VERTEX_POINT('',#12512);
#9834=LINE('',#12513,#12514);
#9835=VERTEX_POINT('',#12515);
#9836=LINE('',#12516,#12517);
#9837=LINE('',#12518,#12519);
#9838=FILL_AREA_STYLE_COLOUR('',#12520);
#9839=VERTEX_POINT('',#12521);
#9840=VERTEX_POINT('',#12522);
#9841=LINE('',#12523,#12524);
#9842=VERTEX_POINT('',#12525);
#9843=LINE('',#12526,#12527);
#9844=VERTEX_POINT('',#12528);
#9845=LINE('',#12529,#12530);
#9846=LINE('',#12531,#12532);
#9847=FILL_AREA_STYLE_COLOUR('',#12533);
#9848=VERTEX_POINT('',#12534);
#9849=LINE('',#12535,#12536);
#9850=VERTEX_POINT('',#12537);
#9851=LINE('',#12538,#12539);
#9852=LINE('',#12540,#12541);
#9853=VERTEX_POINT('',#12542);
#9854=LINE('',#12543,#12544);
#9855=LINE('',#12545,#12546);
#9856=FILL_AREA_STYLE_COLOUR('',#12547);
#9857=VERTEX_POINT('',#12548);
#9858=LINE('',#12549,#12550);
#9859=VERTEX_POINT('',#12551);
#9860=LINE('',#12552,#12553);
#9861=LINE('',#12554,#12555);
#9862=FILL_AREA_STYLE_COLOUR('',#12556);
#9863=LINE('',#12557,#12558);
#9864=LINE('',#12559,#12560);
#9865=FILL_AREA_STYLE_COLOUR('',#12561);
#9866=LINE('',#12562,#12563);
#9867=FILL_AREA_STYLE_COLOUR('',#12564);
#9868=LINE('',#12565,#12566);
#9869=FILL_AREA_STYLE_COLOUR('',#12567);
#9870=LINE('',#12568,#12569);
#9871=FILL_AREA_STYLE_COLOUR('',#12570);
#9872=LINE('',#12571,#12572);
#9873=FILL_AREA_STYLE_COLOUR('',#12573);
#9874=VERTEX_POINT('',#12574);
#9875=LINE('',#12575,#12576);
#9876=VERTEX_POINT('',#12577);
#9877=LINE('',#12578,#12579);
#9878=LINE('',#12580,#12581);
#9879=FILL_AREA_STYLE_COLOUR('',#12582);
#9880=VERTEX_POINT('',#12583);
#9881=VERTEX_POINT('',#12584);
#9882=LINE('',#12585,#12586);
#9883=VERTEX_POINT('',#12587);
#9884=LINE('',#12588,#12589);
#9885=VERTEX_POINT('',#12590);
#9886=LINE('',#12591,#12592);
#9887=LINE('',#12593,#12594);
#9888=FILL_AREA_STYLE_COLOUR('',#12595);
#9889=VERTEX_POINT('',#12596);
#9890=VERTEX_POINT('',#12597);
#9891=LINE('',#12598,#12599);
#9892=VERTEX_POINT('',#12600);
#9893=LINE('',#12601,#12602);
#9894=VERTEX_POINT('',#12603);
#9895=LINE('',#12604,#12605);
#9896=VERTEX_POINT('',#12606);
#9897=LINE('',#12607,#12608);
#9898=VERTEX_POINT('',#12609);
#9899=LINE('',#12610,#12611);
#9900=LINE('',#12612,#12613);
#9901=LINE('',#12614,#12615);
#9902=FILL_AREA_STYLE_COLOUR('',#12616);
#9903=VERTEX_POINT('',#12617);
#9904=LINE('',#12618,#12619);
#9905=VERTEX_POINT('',#12620);
#9906=LINE('',#12621,#12622);
#9907=LINE('',#12623,#12624);
#9908=FILL_AREA_STYLE_COLOUR('',#12625);
#9909=VERTEX_POINT('',#12626);
#9910=LINE('',#12627,#12628);
#9911=LINE('',#12629,#12630);
#9912=FILL_AREA_STYLE_COLOUR('',#12631);
#9913=VERTEX_POINT('',#12632);
#9914=LINE('',#12633,#12634);
#9915=LINE('',#12635,#12636);
#9916=FILL_AREA_STYLE_COLOUR('',#12637);
#9917=VERTEX_POINT('',#12638);
#9918=LINE('',#12639,#12640);
#9919=VERTEX_POINT('',#12641);
#9920=LINE('',#12642,#12643);
#9921=VERTEX_POINT('',#12644);
#9922=LINE('',#12645,#12646);
#9923=VERTEX_POINT('',#12647);
#9924=LINE('',#12648,#12649);
#9925=VERTEX_POINT('',#12650);
#9926=LINE('',#12651,#12652);
#9927=LINE('',#12653,#12654);
#9928=FILL_AREA_STYLE_COLOUR('',#12655);
#9929=LINE('',#12656,#12657);
#9930=VERTEX_POINT('',#12658);
#9931=LINE('',#12659,#12660);
#9932=VERTEX_POINT('',#12661);
#9933=LINE('',#12662,#12663);
#9934=VERTEX_POINT('',#12664);
#9935=LINE('',#12665,#12666);
#9936=VERTEX_POINT('',#12667);
#9937=LINE('',#12668,#12669);
#9938=VERTEX_POINT('',#12670);
#9939=LINE('',#12671,#12672);
#9940=VERTEX_POINT('',#12673);
#9941=LINE('',#12674,#12675);
#9942=VERTEX_POINT('',#12676);
#9943=LINE('',#12677,#12678);
#9944=VERTEX_POINT('',#12679);
#9945=LINE('',#12680,#12681);
#9946=VERTEX_POINT('',#12682);
#9947=LINE('',#12683,#12684);
#9948=VERTEX_POINT('',#12685);
#9949=LINE('',#12686,#12687);
#9950=VERTEX_POINT('',#12688);
#9951=LINE('',#12689,#12690);
#9952=VERTEX_POINT('',#12691);
#9953=LINE('',#12692,#12693);
#9954=LINE('',#12694,#12695);
#9955=FILL_AREA_STYLE_COLOUR('',#12696);
#9956=VERTEX_POINT('',#12697);
#9957=LINE('',#12698,#12699);
#9958=VERTEX_POINT('',#12700);
#9959=LINE('',#12701,#12702);
#9960=LINE('',#12703,#12704);
#9961=FILL_AREA_STYLE_COLOUR('',#12705);
#9962=VERTEX_POINT('',#12706);
#9963=LINE('',#12707,#12708);
#9964=VERTEX_POINT('',#12709);
#9965=LINE('',#12710,#12711);
#9966=LINE('',#12712,#12713);
#9967=FILL_AREA_STYLE_COLOUR('',#12714);
#9968=VERTEX_POINT('',#12715);
#9969=LINE('',#12716,#12717);
#9970=VERTEX_POINT('',#12718);
#9971=LINE('',#12719,#12720);
#9972=LINE('',#12721,#12722);
#9973=FILL_AREA_STYLE_COLOUR('',#12723);
#9974=VERTEX_POINT('',#12724);
#9975=VERTEX_POINT('',#12725);
#9976=LINE('',#12726,#12727);
#9977=VERTEX_POINT('',#12728);
#9978=LINE('',#12729,#12730);
#9979=VERTEX_POINT('',#12731);
#9980=LINE('',#12732,#12733);
#9981=LINE('',#12734,#12735);
#9982=FILL_AREA_STYLE_COLOUR('',#12736);
#9983=LINE('',#12737,#12738);
#9984=VERTEX_POINT('',#12739);
#9985=LINE('',#12740,#12741);
#9986=LINE('',#12742,#12743);
#9987=FILL_AREA_STYLE_COLOUR('',#12744);
#9988=LINE('',#12745,#12746);
#9989=VERTEX_POINT('',#12747);
#9990=LINE('',#12748,#12749);
#9991=VERTEX_POINT('',#12750);
#9992=LINE('',#12751,#12752);
#9993=VERTEX_POINT('',#12753);
#9994=LINE('',#12754,#12755);
#9995=VERTEX_POINT('',#12756);
#9996=LINE('',#12757,#12758);
#9997=VERTEX_POINT('',#12759);
#9998=LINE('',#12760,#12761);
#9999=VERTEX_POINT('',#12762);
#10000=LINE('',#12763,#12764);
#10001=VERTEX_POINT('',#12765);
#10002=LINE('',#12766,#12767);
#10003=VERTEX_POINT('',#12768);
#10004=LINE('',#12769,#12770);
#10005=VERTEX_POINT('',#12771);
#10006=LINE('',#12772,#12773);
#10007=VERTEX_POINT('',#12774);
#10008=LINE('',#12775,#12776);
#10009=VERTEX_POINT('',#12777);
#10010=LINE('',#12778,#12779);
#10011=VERTEX_POINT('',#12780);
#10012=LINE('',#12781,#12782);
#10013=LINE('',#12783,#12784);
#10014=FILL_AREA_STYLE_COLOUR('',#12785);
#10015=VERTEX_POINT('',#12786);
#10016=LINE('',#12787,#12788);
#10017=LINE('',#12789,#12790);
#10018=LINE('',#12791,#12792);
#10019=FILL_AREA_STYLE_COLOUR('',#12793);
#10020=VERTEX_POINT('',#12794);
#10021=LINE('',#12795,#12796);
#10022=LINE('',#12797,#12798);
#10023=LINE('',#12799,#12800);
#10024=FILL_AREA_STYLE_COLOUR('',#12801);
#10025=VERTEX_POINT('',#12802);
#10026=VERTEX_POINT('',#12803);
#10027=LINE('',#12804,#12805);
#10028=VERTEX_POINT('',#12806);
#10029=LINE('',#12807,#12808);
#10030=VERTEX_POINT('',#12809);
#10031=LINE('',#12810,#12811);
#10032=LINE('',#12812,#12813);
#10033=FILL_AREA_STYLE_COLOUR('',#12814);
#10034=VERTEX_POINT('',#12815);
#10035=LINE('',#12816,#12817);
#10036=VERTEX_POINT('',#12818);
#10037=LINE('',#12819,#12820);
#10038=LINE('',#12821,#12822);
#10039=FILL_AREA_STYLE_COLOUR('',#12823);
#10040=VERTEX_POINT('',#12824);
#10041=LINE('',#12825,#12826);
#10042=VERTEX_POINT('',#12827);
#10043=LINE('',#12828,#12829);
#10044=LINE('',#12830,#12831);
#10045=FILL_AREA_STYLE_COLOUR('',#12832);
#10046=LINE('',#12833,#12834);
#10047=LINE('',#12835,#12836);
#10048=VERTEX_POINT('',#12837);
#10049=LINE('',#12838,#12839);
#10050=VERTEX_POINT('',#12840);
#10051=LINE('',#12841,#12842);
#10052=VERTEX_POINT('',#12843);
#10053=LINE('',#12844,#12845);
#10054=VERTEX_POINT('',#12846);
#10055=LINE('',#12847,#12848);
#10056=VERTEX_POINT('',#12849);
#10057=LINE('',#12850,#12851);
#10058=VERTEX_POINT('',#12852);
#10059=LINE('',#12853,#12854);
#10060=VERTEX_POINT('',#12855);
#10061=LINE('',#12856,#12857);
#10062=VERTEX_POINT('',#12858);
#10063=LINE('',#12859,#12860);
#10064=VERTEX_POINT('',#12861);
#10065=LINE('',#12862,#12863);
#10066=VERTEX_POINT('',#12864);
#10067=LINE('',#12865,#12866);
#10068=VERTEX_POINT('',#12867);
#10069=LINE('',#12868,#12869);
#10070=VERTEX_POINT('',#12870);
#10071=LINE('',#12871,#12872);
#10072=VERTEX_POINT('',#12873);
#10073=LINE('',#12874,#12875);
#10074=VERTEX_POINT('',#12876);
#10075=LINE('',#12877,#12878);
#10076=VERTEX_POINT('',#12879);
#10077=LINE('',#12880,#12881);
#10078=VERTEX_POINT('',#12882);
#10079=LINE('',#12883,#12884);
#10080=VERTEX_POINT('',#12885);
#10081=LINE('',#12886,#12887);
#10082=VERTEX_POINT('',#12888);
#10083=LINE('',#12889,#12890);
#10084=VERTEX_POINT('',#12891);
#10085=LINE('',#12892,#12893);
#10086=VERTEX_POINT('',#12894);
#10087=LINE('',#12895,#12896);
#10088=LINE('',#12897,#12898);
#10089=FILL_AREA_STYLE_COLOUR('',#12899);
#10090=LINE('',#12900,#12901);
#10091=FILL_AREA_STYLE_COLOUR('',#12902);
#10092=LINE('',#12903,#12904);
#10093=FILL_AREA_STYLE_COLOUR('',#12905);
#10094=VERTEX_POINT('',#12906);
#10095=LINE('',#12907,#12908);
#10096=VERTEX_POINT('',#12909);
#10097=LINE('',#12910,#12911);
#10098=LINE('',#12912,#12913);
#10099=FILL_AREA_STYLE_COLOUR('',#12914);
#10100=VERTEX_POINT('',#12915);
#10101=LINE('',#12916,#12917);
#10102=LINE('',#12918,#12919);
#10103=FILL_AREA_STYLE_COLOUR('',#12920);
#10104=VERTEX_POINT('',#12921);
#10105=LINE('',#12922,#12923);
#10106=LINE('',#12924,#12925);
#10107=FILL_AREA_STYLE_COLOUR('',#12926);
#10108=LINE('',#12927,#12928);
#10109=FILL_AREA_STYLE_COLOUR('',#12929);
#10110=LINE('',#12930,#12931);
#10111=FILL_AREA_STYLE_COLOUR('',#12932);
#10112=VERTEX_POINT('',#12933);
#10113=LINE('',#12934,#12935);
#10114=VERTEX_POINT('',#12936);
#10115=LINE('',#12937,#12938);
#10116=LINE('',#12939,#12940);
#10117=FILL_AREA_STYLE_COLOUR('',#12941);
#10118=VERTEX_POINT('',#12942);
#10119=LINE('',#12943,#12944);
#10120=LINE('',#12945,#12946);
#10121=FILL_AREA_STYLE_COLOUR('',#12947);
#10122=VERTEX_POINT('',#12948);
#10123=LINE('',#12949,#12950);
#10124=LINE('',#12951,#12952);
#10125=FILL_AREA_STYLE_COLOUR('',#12953);
#10126=LINE('',#12954,#12955);
#10127=FILL_AREA_STYLE_COLOUR('',#12956);
#10128=LINE('',#12957,#12958);
#10129=FILL_AREA_STYLE_COLOUR('',#12959);
#10130=VERTEX_POINT('',#12960);
#10131=LINE('',#12961,#12962);
#10132=VERTEX_POINT('',#12963);
#10133=LINE('',#12964,#12965);
#10134=LINE('',#12966,#12967);
#10135=FILL_AREA_STYLE_COLOUR('',#12968);
#10136=VERTEX_POINT('',#12969);
#10137=LINE('',#12970,#12971);
#10138=LINE('',#12972,#12973);
#10139=FILL_AREA_STYLE_COLOUR('',#12974);
#10140=VERTEX_POINT('',#12975);
#10141=LINE('',#12976,#12977);
#10142=LINE('',#12978,#12979);
#10143=FILL_AREA_STYLE_COLOUR('',#12980);
#10144=LINE('',#12981,#12982);
#10145=FILL_AREA_STYLE_COLOUR('',#12983);
#10146=LINE('',#12984,#12985);
#10147=FILL_AREA_STYLE_COLOUR('',#12986);
#10148=VERTEX_POINT('',#12987);
#10149=LINE('',#12988,#12989);
#10150=VERTEX_POINT('',#12990);
#10151=LINE('',#12991,#12992);
#10152=LINE('',#12993,#12994);
#10153=FILL_AREA_STYLE_COLOUR('',#12995);
#10154=VERTEX_POINT('',#12996);
#10155=LINE('',#12997,#12998);
#10156=LINE('',#12999,#13000);
#10157=FILL_AREA_STYLE_COLOUR('',#13001);
#10158=VERTEX_POINT('',#13002);
#10159=LINE('',#13003,#13004);
#10160=LINE('',#13005,#13006);
#10161=FILL_AREA_STYLE_COLOUR('',#13007);
#10162=LINE('',#13008,#13009);
#10163=FILL_AREA_STYLE_COLOUR('',#13010);
#10164=LINE('',#13011,#13012);
#10165=FILL_AREA_STYLE_COLOUR('',#13013);
#10166=VERTEX_POINT('',#13014);
#10167=LINE('',#13015,#13016);
#10168=VERTEX_POINT('',#13017);
#10169=LINE('',#13018,#13019);
#10170=LINE('',#13020,#13021);
#10171=FILL_AREA_STYLE_COLOUR('',#13022);
#10172=VERTEX_POINT('',#13023);
#10173=LINE('',#13024,#13025);
#10174=LINE('',#13026,#13027);
#10175=FILL_AREA_STYLE_COLOUR('',#13028);
#10176=VERTEX_POINT('',#13029);
#10177=LINE('',#13030,#13031);
#10178=LINE('',#13032,#13033);
#10179=FILL_AREA_STYLE_COLOUR('',#13034);
#10180=LINE('',#13035,#13036);
#10181=FILL_AREA_STYLE_COLOUR('',#13037);
#10182=LINE('',#13038,#13039);
#10183=FILL_AREA_STYLE_COLOUR('',#13040);
#10184=LINE('',#13041,#13042);
#10185=FILL_AREA_STYLE_COLOUR('',#13043);
#10186=LINE('',#13044,#13045);
#10187=FILL_AREA_STYLE_COLOUR('',#13046);
#10188=LINE('',#13047,#13048);
#10189=FILL_AREA_STYLE_COLOUR('',#13049);
#10190=LINE('',#13050,#13051);
#10191=FILL_AREA_STYLE_COLOUR('',#13052);
#10192=LINE('',#13053,#13054);
#10193=FILL_AREA_STYLE_COLOUR('',#13055);
#10194=LINE('',#13056,#13057);
#10195=FILL_AREA_STYLE_COLOUR('',#13058);
#10196=LINE('',#13059,#13060);
#10197=FILL_AREA_STYLE_COLOUR('',#13061);
#10198=LINE('',#13062,#13063);
#10199=FILL_AREA_STYLE_COLOUR('',#13064);
#10200=FILL_AREA_STYLE_COLOUR('',#13065);
#10201=LINE('',#13066,#13067);
#10202=FILL_AREA_STYLE_COLOUR('',#13068);
#10203=LINE('',#13069,#13070);
#10204=FILL_AREA_STYLE_COLOUR('',#13071);
#10205=LINE('',#13072,#13073);
#10206=FILL_AREA_STYLE_COLOUR('',#13074);
#10207=LINE('',#13075,#13076);
#10208=FILL_AREA_STYLE_COLOUR('',#13077);
#10209=FILL_AREA_STYLE_COLOUR('',#13078);
#10210=FILL_AREA_STYLE_COLOUR('',#13079);
#10211=COLOUR_RGB('',0.431372553110123,0.862745106220245,0.549019634723663);
#10212=CARTESIAN_POINT('',(0.6,-12.5,0.0));
#10213=CARTESIAN_POINT('',(0.6,-18.7,0.0));
#10214=CARTESIAN_POINT('',(0.6,-15.6,7.34788079488412E-17));
#10215=VECTOR('',#13080,1.0);
#10216=CARTESIAN_POINT('',(-0.6,-12.5,-7.34788079488412E-17));
#10217=AXIS2_PLACEMENT_3D('',#13081,#13082,#13083);
#10218=CARTESIAN_POINT('',(-0.6,-18.7,-7.34788079488412E-17));
#10219=CARTESIAN_POINT('',(-0.6,-15.6,-7.34788079488412E-17));
#10220=VECTOR('',#13084,1.0);
#10221=AXIS2_PLACEMENT_3D('',#13085,#13086,#13087);
#10222=COLOUR_RGB('',0.431372553110123,0.862745106220245,0.549019634723663);
#10223=CARTESIAN_POINT('',(1.0,-19.1,0.0));
#10224=CARTESIAN_POINT('',(0.8,-18.9,9.79717439317882E-17));
#10225=VECTOR('',#13088,1.0);
#10226=CARTESIAN_POINT('',(-1.0,-19.1,-1.22464679914735E-16));
#10227=CARTESIAN_POINT('',(-0.8,-18.9,-9.79717439317882E-17));
#10228=VECTOR('',#13089,1.0);
#10229=AXIS2_PLACEMENT_3D('',#13090,#13091,#13092);
#10230=COLOUR_RGB('',0.431372553110123,0.862745106220245,0.549019634723663);
#10231=CARTESIAN_POINT('',(4.1,-12.5,0.0));
#10232=CARTESIAN_POINT('',(4.1,-18.7,0.0));
#10233=CARTESIAN_POINT('',(4.1,-15.6,7.34788079488412E-17));
#10234=VECTOR('',#13093,1.0);
#10235=CARTESIAN_POINT('',(2.9,-12.5,-7.34788079488412E-17));
#10236=AXIS2_PLACEMENT_3D('',#13094,#13095,#13096);
#10237=CARTESIAN_POINT('',(2.9,-18.7,-7.34788079488412E-17));
#10238=CARTESIAN_POINT('',(2.9,-15.6,-7.34788079488412E-17));
#10239=VECTOR('',#13097,1.0);
#10240=AXIS2_PLACEMENT_3D('',#13098,#13099,#13100);
#10241=COLOUR_RGB('',0.431372553110123,0.862745106220245,0.549019634723663);
#10242=CARTESIAN_POINT('',(4.5,-19.1,0.0));
#10243=CARTESIAN_POINT('',(4.3,-18.9,9.79717439317883E-17));
#10244=VECTOR('',#13101,1.0);
#10245=CARTESIAN_POINT('',(2.5,-19.1,-1.22464679914735E-16));
#10246=CARTESIAN_POINT('',(2.7,-18.9,-9.79717439317883E-17));
#10247=VECTOR('',#13102,1.0);
#10248=AXIS2_PLACEMENT_3D('',#13103,#13104,#13105);
#10249=COLOUR_RGB('',0.431372553110123,0.862745106220245,0.549019634723663);
#10250=CARTESIAN_POINT('',(7.6,-12.5,0.0));
#10251=CARTESIAN_POINT('',(7.6,-18.7,0.0));
#10252=CARTESIAN_POINT('',(7.6,-15.6,7.34788079488412E-17));
#10253=VECTOR('',#13106,1.0);
#10254=CARTESIAN_POINT('',(6.4,-12.5,-7.34788079488412E-17));
#10255=AXIS2_PLACEMENT_3D('',#13107,#13108,#13109);
#10256=CARTESIAN_POINT('',(6.4,-18.7,-7.34788079488412E-17));
#10257=CARTESIAN_POINT('',(6.4,-15.6,-7.34788079488412E-17));
#10258=VECTOR('',#13110,1.0);
#10259=AXIS2_PLACEMENT_3D('',#13111,#13112,#13113);
#10260=COLOUR_RGB('',0.431372553110123,0.862745106220245,0.549019634723663);
#10261=CARTESIAN_POINT('',(8.0,-19.1,0.0));
#10262=CARTESIAN_POINT('',(7.8,-18.9,9.79717439317883E-17));
#10263=VECTOR('',#13114,1.0);
#10264=CARTESIAN_POINT('',(6.0,-19.1,-1.22464679914735E-16));
#10265=CARTESIAN_POINT('',(6.2,-18.9,-9.79717439317883E-17));
#10266=VECTOR('',#13115,1.0);
#10267=AXIS2_PLACEMENT_3D('',#13116,#13117,#13118);
#10268=COLOUR_RGB('',0.431372553110123,0.862745106220245,0.549019634723663);
#10269=CARTESIAN_POINT('',(11.1,-12.5,0.0));
#10270=CARTESIAN_POINT('',(11.1,-18.7,0.0));
#10271=CARTESIAN_POINT('',(11.1,-15.6,7.34788079488412E-17));
#10272=VECTOR('',#13119,1.0);
#10273=CARTESIAN_POINT('',(9.9,-12.5,-7.34788079488412E-17));
#10274=AXIS2_PLACEMENT_3D('',#13120,#13121,#13122);
#10275=CARTESIAN_POINT('',(9.9,-18.7,-7.34788079488411E-17));
#10276=CARTESIAN_POINT('',(9.9,-15.6,-7.34788079488412E-17));
#10277=VECTOR('',#13123,1.0);
#10278=AXIS2_PLACEMENT_3D('',#13124,#13125,#13126);
#10279=COLOUR_RGB('',0.431372553110123,0.862745106220245,0.549019634723663);
#10280=CARTESIAN_POINT('',(11.5,-19.1,0.0));
#10281=CARTESIAN_POINT('',(11.3,-18.9,9.79717439317882E-17));
#10282=VECTOR('',#13127,1.0);
#10283=CARTESIAN_POINT('',(9.5,-19.1,-1.22464679914735E-16));
#10284=CARTESIAN_POINT('',(9.7,-18.9,-9.79717439317882E-17));
#10285=VECTOR('',#13128,1.0);
#10286=AXIS2_PLACEMENT_3D('',#13129,#13130,#13131);
#10287=COLOUR_RGB('',0.431372553110123,0.862745106220245,0.549019634723663);
#10288=CARTESIAN_POINT('',(14.6,-12.5,0.0));
#10289=CARTESIAN_POINT('',(14.6,-18.7,0.0));
#10290=CARTESIAN_POINT('',(14.6,-15.6,7.34788079488412E-17));
#10291=VECTOR('',#13132,1.0);
#10292=CARTESIAN_POINT('',(13.4,-12.5,-7.34788079488412E-17));
#10293=AXIS2_PLACEMENT_3D('',#13133,#13134,#13135);
#10294=CARTESIAN_POINT('',(13.4,-18.7,-7.34788079488411E-17));
#10295=CARTESIAN_POINT('',(13.4,-15.6,-7.34788079488412E-17));
#10296=VECTOR('',#13136,1.0);
#10297=AXIS2_PLACEMENT_3D('',#13137,#13138,#13139);
#10298=COLOUR_RGB('',0.431372553110123,0.862745106220245,0.549019634723663);
#10299=CARTESIAN_POINT('',(15.0,-19.1,0.0));
#10300=CARTESIAN_POINT('',(14.8,-18.9,9.79717439317882E-17));
#10301=VECTOR('',#13140,1.0);
#10302=CARTESIAN_POINT('',(13.0,-19.1,-1.22464679914735E-16));
#10303=CARTESIAN_POINT('',(13.2,-18.9,-9.79717439317882E-17));
#10304=VECTOR('',#13141,1.0);
#10305=AXIS2_PLACEMENT_3D('',#13142,#13143,#13144);
#10306=COLOUR_RGB('',0.431372553110123,0.862745106220245,0.549019634723663);
#10307=CARTESIAN_POINT('',(1.65099999999999,1.77635683940025E-15,0.0));
#10308=CARTESIAN_POINT('',(1.39699999999999,-0.253999999999992,0.0));
#10309=CARTESIAN_POINT('',(1.52399999999999,-0.126999999999995,1.86636172190055E-16));
#10310=VECTOR('',#13145,1.0);
#10311=CARTESIAN_POINT('',(-1.65099999999998,-1.77635683940025E-15,-2.02189186539226E-16));
#10312=AXIS2_PLACEMENT_3D('',#13146,#13147,#13148);
#10313=CARTESIAN_POINT('',(-1.39699999999999,-0.253999999999992,-1.71083157840884E-16));
#10314=CARTESIAN_POINT('',(-1.52399999999999,-0.126999999999995,-1.86636172190055E-16));
#10315=VECTOR('',#13149,1.0);
#10316=AXIS2_PLACEMENT_3D('',#13150,#13151,#13152);
#10317=COLOUR_RGB('',0.431372553110123,0.862745106220245,0.549019634723663);
#10318=CARTESIAN_POINT('',(1.39699999999999,-1.77800000000001,0.0));
#10319=CARTESIAN_POINT('',(1.39699999999999,-1.016,1.71083157840884E-16));
#10320=VECTOR('',#13153,1.0);
#10321=CARTESIAN_POINT('',(-1.39699999999999,-1.77800000000001,-1.71083157840884E-16));
#10322=CARTESIAN_POINT('',(-1.39699999999999,-1.016,-1.71083157840884E-16));
#10323=VECTOR('',#13154,1.0);
#10324=AXIS2_PLACEMENT_3D('',#13155,#13156,#13157);
#10325=COLOUR_RGB('',0.431372553110123,0.862745106220245,0.549019634723663);
#10326=CARTESIAN_POINT('',(5.15099999999999,1.77635683940025E-15,0.0));
#10327=CARTESIAN_POINT('',(4.89699999999999,-0.253999999999992,0.0));
#10328=CARTESIAN_POINT('',(5.02399999999999,-0.126999999999995,1.86636172190055E-16));
#10329=VECTOR('',#13158,1.0);
#10330=CARTESIAN_POINT('',(1.84900000000002,-1.77635683940025E-15,-2.02189186539226E-16));
#10331=AXIS2_PLACEMENT_3D('',#13159,#13160,#13161);
#10332=CARTESIAN_POINT('',(2.10300000000001,-0.253999999999992,-1.71083157840884E-16));
#10333=CARTESIAN_POINT('',(1.97600000000001,-0.126999999999995,-1.86636172190055E-16));
#10334=VECTOR('',#13162,1.0);
#10335=AXIS2_PLACEMENT_3D('',#13163,#13164,#13165);
#10336=COLOUR_RGB('',0.431372553110123,0.862745106220245,0.549019634723663);
#10337=CARTESIAN_POINT('',(4.89699999999999,-1.77800000000001,0.0));
#10338=CARTESIAN_POINT('',(4.89699999999999,-1.016,1.71083157840884E-16));
#10339=VECTOR('',#13166,1.0);
#10340=CARTESIAN_POINT('',(2.10300000000001,-1.77800000000001,-1.71083157840884E-16));
#10341=CARTESIAN_POINT('',(2.10300000000001,-1.016,-1.71083157840884E-16));
#10342=VECTOR('',#13167,1.0);
#10343=AXIS2_PLACEMENT_3D('',#13168,#13169,#13170);
#10344=COLOUR_RGB('',0.431372553110123,0.862745106220245,0.549019634723663);
#10345=CARTESIAN_POINT('',(8.65099999999999,1.77635683940025E-15,0.0));
#10346=CARTESIAN_POINT('',(8.39699999999999,-0.253999999999992,0.0));
#10347=CARTESIAN_POINT('',(8.52399999999999,-0.126999999999995,1.86636172190055E-16));
#10348=VECTOR('',#13171,1.0);
#10349=CARTESIAN_POINT('',(5.34900000000002,-1.77635683940025E-15,-2.02189186539226E-16));
#10350=AXIS2_PLACEMENT_3D('',#13172,#13173,#13174);
#10351=CARTESIAN_POINT('',(5.60300000000001,-0.253999999999992,-1.71083157840884E-16));
#10352=CARTESIAN_POINT('',(5.47600000000001,-0.126999999999995,-1.86636172190055E-16));
#10353=VECTOR('',#13175,1.0);
#10354=AXIS2_PLACEMENT_3D('',#13176,#13177,#13178);
#10355=COLOUR_RGB('',0.431372553110123,0.862745106220245,0.549019634723663);
#10356=CARTESIAN_POINT('',(8.39699999999999,-1.77800000000001,0.0));
#10357=CARTESIAN_POINT('',(8.39699999999999,-1.016,1.71083157840884E-16));
#10358=VECTOR('',#13179,1.0);
#10359=CARTESIAN_POINT('',(5.60300000000001,-1.77800000000001,-1.71083157840884E-16));
#10360=CARTESIAN_POINT('',(5.60300000000001,-1.016,-1.71083157840884E-16));
#10361=VECTOR('',#13180,1.0);
#10362=AXIS2_PLACEMENT_3D('',#13181,#13182,#13183);
#10363=COLOUR_RGB('',0.431372553110123,0.862745106220245,0.549019634723663);
#10364=CARTESIAN_POINT('',(12.151,1.77635683940025E-15,0.0));
#10365=CARTESIAN_POINT('',(11.897,-0.253999999999992,0.0));
#10366=CARTESIAN_POINT('',(12.024,-0.126999999999995,1.86636172190055E-16));
#10367=VECTOR('',#13184,1.0);
#10368=CARTESIAN_POINT('',(8.84900000000002,-1.77635683940025E-15,-2.02189186539226E-16));
#10369=AXIS2_PLACEMENT_3D('',#13185,#13186,#13187);
#10370=CARTESIAN_POINT('',(9.10300000000001,-0.253999999999992,-1.71083157840884E-16));
#10371=CARTESIAN_POINT('',(8.97600000000001,-0.126999999999995,-1.86636172190055E-16));
#10372=VECTOR('',#13188,1.0);
#10373=AXIS2_PLACEMENT_3D('',#13189,#13190,#13191);
#10374=COLOUR_RGB('',0.431372553110123,0.862745106220245,0.549019634723663);
#10375=CARTESIAN_POINT('',(11.897,-1.77800000000001,0.0));
#10376=CARTESIAN_POINT('',(11.897,-1.016,1.71083157840884E-16));
#10377=VECTOR('',#13192,1.0);
#10378=CARTESIAN_POINT('',(9.10300000000001,-1.77800000000001,-1.71083157840884E-16));
#10379=CARTESIAN_POINT('',(9.10300000000001,-1.016,-1.71083157840884E-16));
#10380=VECTOR('',#13193,1.0);
#10381=AXIS2_PLACEMENT_3D('',#13194,#13195,#13196);
#10382=COLOUR_RGB('',0.431372553110123,0.862745106220245,0.549019634723663);
#10383=CARTESIAN_POINT('',(15.651,1.77635683940025E-15,0.0));
#10384=CARTESIAN_POINT('',(15.397,-0.253999999999992,0.0));
#10385=CARTESIAN_POINT('',(15.524,-0.126999999999995,1.86636172190055E-16));
#10386=VECTOR('',#13197,1.0);
#10387=CARTESIAN_POINT('',(12.349,-1.77635683940025E-15,-2.02189186539226E-16));
#10388=AXIS2_PLACEMENT_3D('',#13198,#13199,#13200);
#10389=CARTESIAN_POINT('',(12.603,-0.253999999999992,-1.71083157840884E-16));
#10390=CARTESIAN_POINT('',(12.476,-0.126999999999995,-1.86636172190055E-16));
#10391=VECTOR('',#13201,1.0);
#10392=AXIS2_PLACEMENT_3D('',#13202,#13203,#13204);
#10393=COLOUR_RGB('',0.431372553110123,0.862745106220245,0.549019634723663);
#10394=CARTESIAN_POINT('',(15.397,-1.77800000000001,0.0));
#10395=CARTESIAN_POINT('',(15.397,-1.016,1.71083157840884E-16));
#10396=VECTOR('',#13205,1.0);
#10397=CARTESIAN_POINT('',(12.603,-1.77800000000001,-1.71083157840884E-16));
#10398=CARTESIAN_POINT('',(12.603,-1.016,-1.71083157840884E-16));
#10399=VECTOR('',#13206,1.0);
#10400=AXIS2_PLACEMENT_3D('',#13207,#13208,#13209);
#10401=COLOUR_RGB('',0.647058844566345,0.647058844566345,0.647058844566345);
#10402=CARTESIAN_POINT('',(1.374,-1.77800000000001,1.68266470202846E-16));
#10403=CARTESIAN_POINT('',(1.374,-1.684,1.68266470202846E-16));
#10404=CARTESIAN_POINT('',(1.374,-1.55,1.68266470202846E-16));
#10405=VECTOR('',#13210,1.0);
#10406=CARTESIAN_POINT('',(-1.374,-1.77800000000001,0.0));
#10407=AXIS2_PLACEMENT_3D('',#13211,#13212,#13213);
#10408=CARTESIAN_POINT('',(-1.374,-1.684,-1.68266470202846E-16));
#10409=CARTESIAN_POINT('',(-1.374,-1.55,-1.68266470202846E-16));
#10410=VECTOR('',#13214,1.0);
#10411=CARTESIAN_POINT('',(-1.35031848095181,-1.684,-0.254));
#10412=AXIS2_PLACEMENT_3D('',#13215,#13216,#13217);
#10413=CARTESIAN_POINT('',(-1.35031848095181,-1.1,-0.254));
#10414=CARTESIAN_POINT('',(-1.35031848095181,-1.392,-0.254));
#10415=VECTOR('',#13218,1.0);
#10416=CARTESIAN_POINT('',(1.35031848095181,-1.1,-0.254));
#10417=AXIS2_PLACEMENT_3D('',#13219,#13220,#13221);
#10418=CARTESIAN_POINT('',(1.35031848095181,-1.684,-0.254));
#10419=CARTESIAN_POINT('',(1.35031848095181,-1.392,-0.254));
#10420=VECTOR('',#13222,1.0);
#10421=AXIS2_PLACEMENT_3D('',#13223,#13224,#13225);
#10422=COLOUR_RGB('',0.647058844566345,0.647058844566345,0.647058844566345);
#10423=CARTESIAN_POINT('',(4.874,-1.77800000000001,1.68266470202846E-16));
#10424=CARTESIAN_POINT('',(4.874,-1.684,1.68266470202846E-16));
#10425=CARTESIAN_POINT('',(4.874,-1.55,1.68266470202846E-16));
#10426=VECTOR('',#13226,1.0);
#10427=CARTESIAN_POINT('',(2.126,-1.77800000000001,0.0));
#10428=AXIS2_PLACEMENT_3D('',#13227,#13228,#13229);
#10429=CARTESIAN_POINT('',(2.126,-1.684,-1.68266470202846E-16));
#10430=CARTESIAN_POINT('',(2.126,-1.55,-1.68266470202846E-16));
#10431=VECTOR('',#13230,1.0);
#10432=CARTESIAN_POINT('',(2.14968151904819,-1.684,-0.254));
#10433=AXIS2_PLACEMENT_3D('',#13231,#13232,#13233);
#10434=CARTESIAN_POINT('',(2.14968151904819,-1.1,-0.254));
#10435=CARTESIAN_POINT('',(2.14968151904819,-1.392,-0.254));
#10436=VECTOR('',#13234,1.0);
#10437=CARTESIAN_POINT('',(4.85031848095181,-1.1,-0.254));
#10438=AXIS2_PLACEMENT_3D('',#13235,#13236,#13237);
#10439=CARTESIAN_POINT('',(4.85031848095181,-1.684,-0.254));
#10440=CARTESIAN_POINT('',(4.85031848095181,-1.392,-0.254));
#10441=VECTOR('',#13238,1.0);
#10442=AXIS2_PLACEMENT_3D('',#13239,#13240,#13241);
#10443=COLOUR_RGB('',0.647058844566345,0.647058844566345,0.647058844566345);
#10444=CARTESIAN_POINT('',(8.374,-1.77800000000001,1.68266470202846E-16));
#10445=CARTESIAN_POINT('',(8.374,-1.684,1.68266470202846E-16));
#10446=CARTESIAN_POINT('',(8.374,-1.55,1.68266470202846E-16));
#10447=VECTOR('',#13242,1.0);
#10448=CARTESIAN_POINT('',(5.626,-1.77800000000001,0.0));
#10449=AXIS2_PLACEMENT_3D('',#13243,#13244,#13245);
#10450=CARTESIAN_POINT('',(5.626,-1.684,-1.68266470202846E-16));
#10451=CARTESIAN_POINT('',(5.626,-1.55,-1.68266470202846E-16));
#10452=VECTOR('',#13246,1.0);
#10453=CARTESIAN_POINT('',(5.64968151904819,-1.684,-0.254));
#10454=AXIS2_PLACEMENT_3D('',#13247,#13248,#13249);
#10455=CARTESIAN_POINT('',(5.64968151904819,-1.1,-0.254));
#10456=CARTESIAN_POINT('',(5.64968151904819,-1.392,-0.254));
#10457=VECTOR('',#13250,1.0);
#10458=CARTESIAN_POINT('',(8.35031848095181,-1.1,-0.254));
#10459=AXIS2_PLACEMENT_3D('',#13251,#13252,#13253);
#10460=CARTESIAN_POINT('',(8.35031848095181,-1.684,-0.254));
#10461=CARTESIAN_POINT('',(8.35031848095181,-1.392,-0.254));
#10462=VECTOR('',#13254,1.0);
#10463=AXIS2_PLACEMENT_3D('',#13255,#13256,#13257);
#10464=COLOUR_RGB('',0.647058844566345,0.647058844566345,0.647058844566345);
#10465=CARTESIAN_POINT('',(11.874,-1.77800000000001,1.68266470202846E-16));
#10466=CARTESIAN_POINT('',(11.874,-1.684,1.68266470202846E-16));
#10467=CARTESIAN_POINT('',(11.874,-1.55,1.68266470202846E-16));
#10468=VECTOR('',#13258,1.0);
#10469=CARTESIAN_POINT('',(9.126,-1.77800000000001,0.0));
#10470=AXIS2_PLACEMENT_3D('',#13259,#13260,#13261);
#10471=CARTESIAN_POINT('',(9.126,-1.684,-1.68266470202846E-16));
#10472=CARTESIAN_POINT('',(9.126,-1.55,-1.68266470202846E-16));
#10473=VECTOR('',#13262,1.0);
#10474=CARTESIAN_POINT('',(9.14968151904819,-1.684,-0.254));
#10475=AXIS2_PLACEMENT_3D('',#13263,#13264,#13265);
#10476=CARTESIAN_POINT('',(9.14968151904819,-1.1,-0.254));
#10477=CARTESIAN_POINT('',(9.14968151904819,-1.392,-0.254));
#10478=VECTOR('',#13266,1.0);
#10479=CARTESIAN_POINT('',(11.8503184809518,-1.1,-0.254));
#10480=AXIS2_PLACEMENT_3D('',#13267,#13268,#13269);
#10481=CARTESIAN_POINT('',(11.8503184809518,-1.684,-0.254));
#10482=CARTESIAN_POINT('',(11.8503184809518,-1.392,-0.254));
#10483=VECTOR('',#13270,1.0);
#10484=AXIS2_PLACEMENT_3D('',#13271,#13272,#13273);
#10485=COLOUR_RGB('',0.647058844566345,0.647058844566345,0.647058844566345);
#10486=CARTESIAN_POINT('',(15.374,-1.77800000000001,1.68266470202846E-16));
#10487=CARTESIAN_POINT('',(15.374,-1.684,1.68266470202846E-16));
#10488=CARTESIAN_POINT('',(15.374,-1.55,1.68266470202846E-16));
#10489=VECTOR('',#13274,1.0);
#10490=CARTESIAN_POINT('',(12.626,-1.77800000000001,0.0));
#10491=AXIS2_PLACEMENT_3D('',#13275,#13276,#13277);
#10492=CARTESIAN_POINT('',(12.626,-1.684,-1.68266470202846E-16));
#10493=CARTESIAN_POINT('',(12.626,-1.55,-1.68266470202846E-16));
#10494=VECTOR('',#13278,1.0);
#10495=CARTESIAN_POINT('',(12.6496815190482,-1.684,-0.254));
#10496=AXIS2_PLACEMENT_3D('',#13279,#13280,#13281);
#10497=CARTESIAN_POINT('',(12.6496815190482,-1.1,-0.254));
#10498=CARTESIAN_POINT('',(12.6496815190482,-1.392,-0.254));
#10499=VECTOR('',#13282,1.0);
#10500=CARTESIAN_POINT('',(15.3503184809518,-1.1,-0.254));
#10501=AXIS2_PLACEMENT_3D('',#13283,#13284,#13285);
#10502=CARTESIAN_POINT('',(15.3503184809518,-1.684,-0.254));
#10503=CARTESIAN_POINT('',(15.3503184809518,-1.392,-0.254));
#10504=VECTOR('',#13286,1.0);
#10505=AXIS2_PLACEMENT_3D('',#13287,#13288,#13289);
#10506=COLOUR_RGB('',0.647058844566345,0.647058844566345,0.647058844566345);
#10507=CARTESIAN_POINT('',(15.3503184809518,-1.684,0.253999999999999));
#10508=AXIS2_PLACEMENT_3D('',#13290,#13291,#13292);
#10509=CARTESIAN_POINT('',(15.3503184809518,-1.1,0.253999999999999));
#10510=CARTESIAN_POINT('',(15.3503184809518,-1.392,0.253999999999999));
#10511=VECTOR('',#13293,1.0);
#10512=CARTESIAN_POINT('',(12.6496815190482,-1.1,0.253999999999999));
#10513=AXIS2_PLACEMENT_3D('',#13294,#13295,#13296);
#10514=CARTESIAN_POINT('',(12.6496815190482,-1.684,0.253999999999999));
#10515=CARTESIAN_POINT('',(12.6496815190482,-1.392,0.253999999999999));
#10516=VECTOR('',#13297,1.0);
#10517=AXIS2_PLACEMENT_3D('',#13298,#13299,#13300);
#10518=AXIS2_PLACEMENT_3D('',#13301,#13302,#13303);
#10519=COLOUR_RGB('',0.647058844566345,0.647058844566345,0.647058844566345);
#10520=CARTESIAN_POINT('',(14.0,-1.684,-0.254));
#10521=VECTOR('',#13304,1.0);
#10522=CARTESIAN_POINT('',(14.0,-1.1,-0.254));
#10523=VECTOR('',#13305,1.0);
#10524=COLOUR_RGB('',0.647058844566345,0.647058844566345,0.647058844566345);
#10525=CARTESIAN_POINT('',(14.0,-1.684,0.253999999999999));
#10526=VECTOR('',#13306,1.0);
#10527=COLOUR_RGB('',0.647058844566345,0.647058844566345,0.647058844566345);
#10528=CARTESIAN_POINT('',(14.0,-1.1,0.253999999999999));
#10529=VECTOR('',#13307,1.0);
#10530=COLOUR_RGB('',0.647058844566345,0.647058844566345,0.647058844566345);
#10531=COLOUR_RGB('',0.647058844566345,0.647058844566345,0.647058844566345);
#10532=COLOUR_RGB('',0.647058844566345,0.647058844566345,0.647058844566345);
#10533=CARTESIAN_POINT('',(11.8503184809518,-1.684,0.253999999999999));
#10534=AXIS2_PLACEMENT_3D('',#13308,#13309,#13310);
#10535=CARTESIAN_POINT('',(11.8503184809518,-1.1,0.253999999999999));
#10536=CARTESIAN_POINT('',(11.8503184809518,-1.392,0.253999999999999));
#10537=VECTOR('',#13311,1.0);
#10538=CARTESIAN_POINT('',(9.14968151904819,-1.1,0.253999999999999));
#10539=AXIS2_PLACEMENT_3D('',#13312,#13313,#13314);
#10540=CARTESIAN_POINT('',(9.14968151904819,-1.684,0.253999999999999));
#10541=CARTESIAN_POINT('',(9.14968151904819,-1.392,0.253999999999999));
#10542=VECTOR('',#13315,1.0);
#10543=AXIS2_PLACEMENT_3D('',#13316,#13317,#13318);
#10544=AXIS2_PLACEMENT_3D('',#13319,#13320,#13321);
#10545=COLOUR_RGB('',0.647058844566345,0.647058844566345,0.647058844566345);
#10546=CARTESIAN_POINT('',(10.5,-1.684,-0.254));
#10547=VECTOR('',#13322,1.0);
#10548=CARTESIAN_POINT('',(10.5,-1.1,-0.254));
#10549=VECTOR('',#13323,1.0);
#10550=COLOUR_RGB('',0.647058844566345,0.647058844566345,0.647058844566345);
#10551=CARTESIAN_POINT('',(10.5,-1.684,0.253999999999999));
#10552=VECTOR('',#13324,1.0);
#10553=COLOUR_RGB('',0.647058844566345,0.647058844566345,0.647058844566345);
#10554=CARTESIAN_POINT('',(10.5,-1.1,0.253999999999999));
#10555=VECTOR('',#13325,1.0);
#10556=COLOUR_RGB('',0.647058844566345,0.647058844566345,0.647058844566345);
#10557=COLOUR_RGB('',0.647058844566345,0.647058844566345,0.647058844566345);
#10558=COLOUR_RGB('',0.647058844566345,0.647058844566345,0.647058844566345);
#10559=CARTESIAN_POINT('',(8.35031848095181,-1.684,0.253999999999999));
#10560=AXIS2_PLACEMENT_3D('',#13326,#13327,#13328);
#10561=CARTESIAN_POINT('',(8.35031848095181,-1.1,0.253999999999999));
#10562=CARTESIAN_POINT('',(8.35031848095181,-1.392,0.253999999999999));
#10563=VECTOR('',#13329,1.0);
#10564=CARTESIAN_POINT('',(5.64968151904819,-1.1,0.253999999999999));
#10565=AXIS2_PLACEMENT_3D('',#13330,#13331,#13332);
#10566=CARTESIAN_POINT('',(5.64968151904819,-1.684,0.253999999999999));
#10567=CARTESIAN_POINT('',(5.64968151904819,-1.392,0.253999999999999));
#10568=VECTOR('',#13333,1.0);
#10569=AXIS2_PLACEMENT_3D('',#13334,#13335,#13336);
#10570=AXIS2_PLACEMENT_3D('',#13337,#13338,#13339);
#10571=COLOUR_RGB('',0.647058844566345,0.647058844566345,0.647058844566345);
#10572=CARTESIAN_POINT('',(7.0,-1.684,-0.254));
#10573=VECTOR('',#13340,1.0);
#10574=CARTESIAN_POINT('',(7.0,-1.1,-0.254));
#10575=VECTOR('',#13341,1.0);
#10576=COLOUR_RGB('',0.647058844566345,0.647058844566345,0.647058844566345);
#10577=CARTESIAN_POINT('',(7.0,-1.684,0.253999999999999));
#10578=VECTOR('',#13342,1.0);
#10579=COLOUR_RGB('',0.647058844566345,0.647058844566345,0.647058844566345);
#10580=CARTESIAN_POINT('',(7.0,-1.1,0.253999999999999));
#10581=VECTOR('',#13343,1.0);
#10582=COLOUR_RGB('',0.647058844566345,0.647058844566345,0.647058844566345);
#10583=COLOUR_RGB('',0.647058844566345,0.647058844566345,0.647058844566345);
#10584=COLOUR_RGB('',0.647058844566345,0.647058844566345,0.647058844566345);
#10585=CARTESIAN_POINT('',(4.85031848095181,-1.684,0.253999999999999));
#10586=AXIS2_PLACEMENT_3D('',#13344,#13345,#13346);
#10587=CARTESIAN_POINT('',(4.85031848095181,-1.1,0.253999999999999));
#10588=CARTESIAN_POINT('',(4.85031848095181,-1.392,0.253999999999999));
#10589=VECTOR('',#13347,1.0);
#10590=CARTESIAN_POINT('',(2.14968151904819,-1.1,0.253999999999999));
#10591=AXIS2_PLACEMENT_3D('',#13348,#13349,#13350);
#10592=CARTESIAN_POINT('',(2.14968151904819,-1.684,0.253999999999999));
#10593=CARTESIAN_POINT('',(2.14968151904819,-1.392,0.253999999999999));
#10594=VECTOR('',#13351,1.0);
#10595=AXIS2_PLACEMENT_3D('',#13352,#13353,#13354);
#10596=AXIS2_PLACEMENT_3D('',#13355,#13356,#13357);
#10597=COLOUR_RGB('',0.647058844566345,0.647058844566345,0.647058844566345);
#10598=CARTESIAN_POINT('',(3.5,-1.684,-0.254));
#10599=VECTOR('',#13358,1.0);
#10600=CARTESIAN_POINT('',(3.5,-1.1,-0.254));
#10601=VECTOR('',#13359,1.0);
#10602=COLOUR_RGB('',0.647058844566345,0.647058844566345,0.647058844566345);
#10603=CARTESIAN_POINT('',(3.5,-1.684,0.253999999999999));
#10604=VECTOR('',#13360,1.0);
#10605=COLOUR_RGB('',0.647058844566345,0.647058844566345,0.647058844566345);
#10606=CARTESIAN_POINT('',(3.5,-1.1,0.253999999999999));
#10607=VECTOR('',#13361,1.0);
#10608=COLOUR_RGB('',0.647058844566345,0.647058844566345,0.647058844566345);
#10609=COLOUR_RGB('',0.647058844566345,0.647058844566345,0.647058844566345);
#10610=COLOUR_RGB('',0.647058844566345,0.647058844566345,0.647058844566345);
#10611=CARTESIAN_POINT('',(1.35031848095181,-1.684,0.253999999999999));
#10612=AXIS2_PLACEMENT_3D('',#13362,#13363,#13364);
#10613=CARTESIAN_POINT('',(1.35031848095181,-1.1,0.253999999999999));
#10614=CARTESIAN_POINT('',(1.35031848095181,-1.392,0.253999999999999));
#10615=VECTOR('',#13365,1.0);
#10616=CARTESIAN_POINT('',(-1.35031848095181,-1.1,0.253999999999999));
#10617=AXIS2_PLACEMENT_3D('',#13366,#13367,#13368);
#10618=CARTESIAN_POINT('',(-1.35031848095181,-1.684,0.253999999999999));
#10619=CARTESIAN_POINT('',(-1.35031848095181,-1.392,0.253999999999999));
#10620=VECTOR('',#13369,1.0);
#10621=AXIS2_PLACEMENT_3D('',#13370,#13371,#13372);
#10622=AXIS2_PLACEMENT_3D('',#13373,#13374,#13375);
#10623=COLOUR_RGB('',0.647058844566345,0.647058844566345,0.647058844566345);
#10624=CARTESIAN_POINT('',(0.0,-1.684,-0.254));
#10625=VECTOR('',#13376,1.0);
#10626=CARTESIAN_POINT('',(0.0,-1.1,-0.254));
#10627=VECTOR('',#13377,1.0);
#10628=COLOUR_RGB('',0.647058844566345,0.647058844566345,0.647058844566345);
#10629=CARTESIAN_POINT('',(0.0,-1.684,0.253999999999999));
#10630=VECTOR('',#13378,1.0);
#10631=COLOUR_RGB('',0.647058844566345,0.647058844566345,0.647058844566345);
#10632=CARTESIAN_POINT('',(0.0,-1.1,0.253999999999999));
#10633=VECTOR('',#13379,1.0);
#10634=COLOUR_RGB('',0.647058844566345,0.647058844566345,0.647058844566345);
#10635=COLOUR_RGB('',0.647058844566345,0.647058844566345,0.647058844566345);
#10636=COLOUR_RGB('',0.431372553110123,0.862745106220245,0.549019634723663);
#10637=AXIS2_PLACEMENT_3D('',#13380,#13381,#13382);
#10638=AXIS2_PLACEMENT_3D('',#13383,#13384,#13385);
#10639=COLOUR_RGB('',0.431372553110123,0.862745106220245,0.549019634723663);
#10640=AXIS2_PLACEMENT_3D('',#13386,#13387,#13388);
#10641=COLOUR_RGB('',0.431372553110123,0.862745106220245,0.549019634723663);
#10642=COLOUR_RGB('',0.431372553110123,0.862745106220245,0.549019634723663);
#10643=AXIS2_PLACEMENT_3D('',#13389,#13390,#13391);
#10644=AXIS2_PLACEMENT_3D('',#13392,#13393,#13394);
#10645=COLOUR_RGB('',0.431372553110123,0.862745106220245,0.549019634723663);
#10646=AXIS2_PLACEMENT_3D('',#13395,#13396,#13397);
#10647=COLOUR_RGB('',0.431372553110123,0.862745106220245,0.549019634723663);
#10648=COLOUR_RGB('',0.431372553110123,0.862745106220245,0.549019634723663);
#10649=AXIS2_PLACEMENT_3D('',#13398,#13399,#13400);
#10650=AXIS2_PLACEMENT_3D('',#13401,#13402,#13403);
#10651=COLOUR_RGB('',0.431372553110123,0.862745106220245,0.549019634723663);
#10652=AXIS2_PLACEMENT_3D('',#13404,#13405,#13406);
#10653=COLOUR_RGB('',0.431372553110123,0.862745106220245,0.549019634723663);
#10654=COLOUR_RGB('',0.431372553110123,0.862745106220245,0.549019634723663);
#10655=AXIS2_PLACEMENT_3D('',#13407,#13408,#13409);
#10656=AXIS2_PLACEMENT_3D('',#13410,#13411,#13412);
#10657=COLOUR_RGB('',0.431372553110123,0.862745106220245,0.549019634723663);
#10658=AXIS2_PLACEMENT_3D('',#13413,#13414,#13415);
#10659=COLOUR_RGB('',0.431372553110123,0.862745106220245,0.549019634723663);
#10660=COLOUR_RGB('',0.431372553110123,0.862745106220245,0.549019634723663);
#10661=AXIS2_PLACEMENT_3D('',#13416,#13417,#13418);
#10662=AXIS2_PLACEMENT_3D('',#13419,#13420,#13421);
#10663=COLOUR_RGB('',0.431372553110123,0.862745106220245,0.549019634723663);
#10664=AXIS2_PLACEMENT_3D('',#13422,#13423,#13424);
#10665=COLOUR_RGB('',0.431372553110123,0.862745106220245,0.549019634723663);
#10666=COLOUR_RGB('',0.431372553110123,0.862745106220245,0.549019634723663);
#10667=AXIS2_PLACEMENT_3D('',#13425,#13426,#13427);
#10668=AXIS2_PLACEMENT_3D('',#13428,#13429,#13430);
#10669=COLOUR_RGB('',0.431372553110123,0.862745106220245,0.549019634723663);
#10670=AXIS2_PLACEMENT_3D('',#13431,#13432,#13433);
#10671=COLOUR_RGB('',0.431372553110123,0.862745106220245,0.549019634723663);
#10672=COLOUR_RGB('',0.431372553110123,0.862745106220245,0.549019634723663);
#10673=AXIS2_PLACEMENT_3D('',#13434,#13435,#13436);
#10674=AXIS2_PLACEMENT_3D('',#13437,#13438,#13439);
#10675=COLOUR_RGB('',0.431372553110123,0.862745106220245,0.549019634723663);
#10676=AXIS2_PLACEMENT_3D('',#13440,#13441,#13442);
#10677=COLOUR_RGB('',0.431372553110123,0.862745106220245,0.549019634723663);
#10678=COLOUR_RGB('',0.431372553110123,0.862745106220245,0.549019634723663);
#10679=AXIS2_PLACEMENT_3D('',#13443,#13444,#13445);
#10680=AXIS2_PLACEMENT_3D('',#13446,#13447,#13448);
#10681=COLOUR_RGB('',0.431372553110123,0.862745106220245,0.549019634723663);
#10682=AXIS2_PLACEMENT_3D('',#13449,#13450,#13451);
#10683=COLOUR_RGB('',0.431372553110123,0.862745106220245,0.549019634723663);
#10684=COLOUR_RGB('',0.431372553110123,0.862745106220245,0.549019634723663);
#10685=AXIS2_PLACEMENT_3D('',#13452,#13453,#13454);
#10686=AXIS2_PLACEMENT_3D('',#13455,#13456,#13457);
#10687=COLOUR_RGB('',0.431372553110123,0.862745106220245,0.549019634723663);
#10688=AXIS2_PLACEMENT_3D('',#13458,#13459,#13460);
#10689=COLOUR_RGB('',0.431372553110123,0.862745106220245,0.549019634723663);
#10690=COLOUR_RGB('',0.431372553110123,0.862745106220245,0.549019634723663);
#10691=AXIS2_PLACEMENT_3D('',#13461,#13462,#13463);
#10692=AXIS2_PLACEMENT_3D('',#13464,#13465,#13466);
#10693=COLOUR_RGB('',0.431372553110123,0.862745106220245,0.549019634723663);
#10694=AXIS2_PLACEMENT_3D('',#13467,#13468,#13469);
#10695=COLOUR_RGB('',0.431372553110123,0.862745106220245,0.549019634723663);
#10696=COLOUR_RGB('',0.431372553110123,0.862745106220245,0.549019634723663);
#10697=CARTESIAN_POINT('',(12.55,-12.5,-2.05000000000003));
#10698=CARTESIAN_POINT('',(12.55,-12.5,2.04999999999998));
#10699=CARTESIAN_POINT('',(12.55,-12.5,-1.15463194561016E-14));
#10700=VECTOR('',#13470,1.0);
#10701=CARTESIAN_POINT('',(12.55,-19.1,-2.05000000000003));
#10702=CARTESIAN_POINT('',(12.55,-12.3,-2.05000000000003));
#10703=VECTOR('',#13471,1.0);
#10704=CARTESIAN_POINT('',(12.55,-19.1,2.04999999999998));
#10705=CARTESIAN_POINT('',(12.55,-19.1,-2.05000000000003));
#10706=VECTOR('',#13472,1.0);
#10707=CARTESIAN_POINT('',(12.55,-12.3,2.04999999999998));
#10708=VECTOR('',#13473,1.0);
#10709=COLOUR_RGB('',0.431372553110123,0.862745106220245,0.549019634723663);
#10710=CARTESIAN_POINT('',(15.45,-12.5,-2.04999999999997));
#10711=CARTESIAN_POINT('',(15.15,-12.5,-2.04999999999998));
#10712=VECTOR('',#13474,1.0);
#10713=CARTESIAN_POINT('',(15.45,-19.1,-2.04999999999997));
#10714=CARTESIAN_POINT('',(15.45,-12.3,-2.04999999999997));
#10715=VECTOR('',#13475,1.0);
#10716=CARTESIAN_POINT('',(15.45,-19.1,-2.04999999999997));
#10717=VECTOR('',#13476,1.0);
#10718=CARTESIAN_POINT('',(14.2499430555555,-18.8,-2.05));
#10719=CARTESIAN_POINT('',(14.2499430555555,-16.8,-2.05));
#10720=CARTESIAN_POINT('',(14.2499430555555,-14.55,-2.05));
#10721=VECTOR('',#13477,1.0);
#10722=CARTESIAN_POINT('',(13.7499393518518,-16.8,-2.05000000000001));
#10723=CARTESIAN_POINT('',(13.99999094525,-16.8,-2.05));
#10724=VECTOR('',#13478,1.0);
#10725=CARTESIAN_POINT('',(13.7499393518518,-18.8,-2.05000000000001));
#10726=CARTESIAN_POINT('',(13.7499393518518,-14.55,-2.05000000000001));
#10727=VECTOR('',#13479,1.0);
#10728=CARTESIAN_POINT('',(13.99999094525,-18.8,-2.05));
#10729=VECTOR('',#13480,1.0);
#10730=COLOUR_RGB('',0.431372553110123,0.862745106220245,0.549019634723663);
#10731=CARTESIAN_POINT('',(15.45,-12.5,2.04999999999998));
#10732=CARTESIAN_POINT('',(15.45,-12.5,2.66453525910038E-15));
#10733=VECTOR('',#13481,1.0);
#10734=CARTESIAN_POINT('',(15.45,-19.1,2.04999999999998));
#10735=CARTESIAN_POINT('',(15.45,-12.3,2.04999999999998));
#10736=VECTOR('',#13482,1.0);
#10737=CARTESIAN_POINT('',(15.45,-19.1,-2.04999999999997));
#10738=VECTOR('',#13483,1.0);
#10739=COLOUR_RGB('',0.431372553110123,0.862745106220245,0.549019634723663);
#10740=CARTESIAN_POINT('',(14.2499430555555,-16.8,-2.37126296296297));
#10741=CARTESIAN_POINT('',(14.2499430555555,-16.8,-1.85));
#10742=VECTOR('',#13484,1.0);
#10743=CARTESIAN_POINT('',(14.3999912037037,-16.8,-2.55000370370371));
#10744=CARTESIAN_POINT('',(14.2499430555555,-16.8,-2.37126296296297));
#10745=VECTOR('',#13485,0.999999999999999);
#10746=CARTESIAN_POINT('',(14.3999912037037,-16.8,-3.35));
#10747=CARTESIAN_POINT('',(14.3999912037037,-16.8,-2.55000370370371));
#10748=VECTOR('',#13486,1.0);
#10749=CARTESIAN_POINT('',(13.6000087962963,-16.8,-3.35));
#10750=CARTESIAN_POINT('',(13.6000087962963,-16.8,-3.35));
#10751=VECTOR('',#13487,1.0);
#10752=CARTESIAN_POINT('',(13.6000087962963,-16.8,-2.55000370370371));
#10753=CARTESIAN_POINT('',(13.6000087962963,-16.8,-3.35));
#10754=VECTOR('',#13488,1.0);
#10755=CARTESIAN_POINT('',(13.7499393518518,-16.8,-2.37126296296297));
#10756=CARTESIAN_POINT('',(13.6000087962963,-16.8,-2.55000370370371));
#10757=VECTOR('',#13489,1.0);
#10758=CARTESIAN_POINT('',(13.7499393518518,-16.8,-2.37126296296297));
#10759=VECTOR('',#13490,1.0);
#10760=COLOUR_RGB('',0.431372553110123,0.862745106220245,0.549019634723663);
#10761=CARTESIAN_POINT('',(14.2499430555555,-18.8,-2.37126296296297));
#10762=CARTESIAN_POINT('',(14.2499430555555,-18.8,-1.85));
#10763=VECTOR('',#13491,1.0);
#10764=CARTESIAN_POINT('',(14.2499430555555,-16.8,-2.37126296296297));
#10765=VECTOR('',#13492,1.0);
#10766=COLOUR_RGB('',0.431372553110123,0.862745106220245,0.549019634723663);
#10767=CARTESIAN_POINT('',(14.3999912037037,-18.8,-2.55000370370371));
#10768=CARTESIAN_POINT('',(14.2499430555555,-18.8,-2.37126296296297));
#10769=VECTOR('',#13493,0.999999999999999);
#10770=CARTESIAN_POINT('',(14.3999912037037,-16.8,-2.55000370370371));
#10771=VECTOR('',#13494,1.0);
#10772=COLOUR_RGB('',0.431372553110123,0.862745106220245,0.549019634723663);
#10773=CARTESIAN_POINT('',(14.3999912037037,-18.8,-3.35));
#10774=CARTESIAN_POINT('',(14.3999912037037,-18.8,-2.55000370370371));
#10775=VECTOR('',#13495,1.0);
#10776=CARTESIAN_POINT('',(14.3999912037037,-16.8,-3.35));
#10777=VECTOR('',#13496,1.0);
#10778=COLOUR_RGB('',0.431372553110123,0.862745106220245,0.549019634723663);
#10779=CARTESIAN_POINT('',(13.6000087962963,-18.8,-3.35));
#10780=CARTESIAN_POINT('',(13.6000087962963,-18.8,-3.35));
#10781=VECTOR('',#13497,1.0);
#10782=CARTESIAN_POINT('',(13.6000087962963,-16.8,-3.35));
#10783=VECTOR('',#13498,1.0);
#10784=COLOUR_RGB('',0.431372553110123,0.862745106220245,0.549019634723663);
#10785=CARTESIAN_POINT('',(13.6000087962963,-18.8,-2.55000370370371));
#10786=CARTESIAN_POINT('',(13.6000087962963,-18.8,-3.35));
#10787=VECTOR('',#13499,1.0);
#10788=CARTESIAN_POINT('',(13.6000087962963,-16.8,-2.55000370370371));
#10789=VECTOR('',#13500,1.0);
#10790=COLOUR_RGB('',0.431372553110123,0.862745106220245,0.549019634723663);
#10791=CARTESIAN_POINT('',(13.7499393518518,-18.8,-2.37126296296297));
#10792=CARTESIAN_POINT('',(13.6000087962963,-18.8,-2.55000370370371));
#10793=VECTOR('',#13501,1.0);
#10794=CARTESIAN_POINT('',(13.7499393518518,-16.8,-2.37126296296297));
#10795=VECTOR('',#13502,1.0);
#10796=COLOUR_RGB('',0.431372553110123,0.862745106220245,0.549019634723663);
#10797=CARTESIAN_POINT('',(13.7499393518518,-18.8,-2.37126296296297));
#10798=VECTOR('',#13503,1.0);
#10799=COLOUR_RGB('',0.431372553110123,0.862745106220245,0.549019634723663);
#10800=COLOUR_RGB('',0.431372553110123,0.862745106220245,0.549019634723663);
#10801=CARTESIAN_POINT('',(13.0602000000001,-12.5,2.04999999999998));
#10802=CARTESIAN_POINT('',(14.55255,-12.5,2.04999999999998));
#10803=VECTOR('',#13504,1.0);
#10804=CARTESIAN_POINT('',(13.0602000000001,-19.1,2.04999999999998));
#10805=CARTESIAN_POINT('',(13.0602000000001,-19.1,2.04999999999998));
#10806=VECTOR('',#13505,1.0);
#10807=CARTESIAN_POINT('',(13.0602000000001,-12.3,2.04999999999998));
#10808=VECTOR('',#13506,1.0);
#10809=COLOUR_RGB('',0.431372553110123,0.862745106220245,0.549019634723663);
#10810=CARTESIAN_POINT('',(14.9398,-12.5,2.04999999999998));
#10811=AXIS2_PLACEMENT_3D('',#13507,#13508,#13509);
#10812=CARTESIAN_POINT('',(14.9398,-19.1,2.04999999999998));
#10813=AXIS2_PLACEMENT_3D('',#13510,#13511,#13512);
#10814=CARTESIAN_POINT('',(14.9398,-12.3,2.04999999999998));
#10815=VECTOR('',#13513,1.0);
#10816=COLOUR_RGB('',0.431372553110123,0.862745106220245,0.549019634723663);
#10817=CARTESIAN_POINT('',(15.74745,-12.5,2.04999999999998));
#10818=VECTOR('',#13514,1.0);
#10819=CARTESIAN_POINT('',(15.45,-19.1,2.04999999999998));
#10820=VECTOR('',#13515,1.0);
#10821=COLOUR_RGB('',0.431372553110123,0.862745106220245,0.549019634723663);
#10822=COLOUR_RGB('',0.431372553110123,0.862745106220245,0.549019634723663);
#10823=CARTESIAN_POINT('',(9.05,-12.5,-2.05000000000003));
#10824=CARTESIAN_POINT('',(9.05,-12.5,2.04999999999998));
#10825=CARTESIAN_POINT('',(9.05,-12.5,-1.15463194561016E-14));
#10826=VECTOR('',#13516,1.0);
#10827=CARTESIAN_POINT('',(9.05,-19.1,-2.05000000000003));
#10828=CARTESIAN_POINT('',(9.05,-12.3,-2.05000000000003));
#10829=VECTOR('',#13517,1.0);
#10830=CARTESIAN_POINT('',(9.05,-19.1,2.04999999999998));
#10831=CARTESIAN_POINT('',(9.05,-19.1,-2.05000000000003));
#10832=VECTOR('',#13518,1.0);
#10833=CARTESIAN_POINT('',(9.05,-12.3,2.04999999999998));
#10834=VECTOR('',#13519,1.0);
#10835=COLOUR_RGB('',0.431372553110123,0.862745106220245,0.549019634723663);
#10836=CARTESIAN_POINT('',(11.95,-12.5,-2.04999999999997));
#10837=CARTESIAN_POINT('',(13.4,-12.5,-2.04999999999994));
#10838=VECTOR('',#13520,1.0);
#10839=CARTESIAN_POINT('',(11.95,-19.1,-2.04999999999997));
#10840=CARTESIAN_POINT('',(11.95,-12.3,-2.04999999999997));
#10841=VECTOR('',#13521,1.0);
#10842=CARTESIAN_POINT('',(11.95,-19.1,-2.04999999999997));
#10843=VECTOR('',#13522,1.0);
#10844=CARTESIAN_POINT('',(10.7499430555555,-18.8,-2.05));
#10845=CARTESIAN_POINT('',(10.7499430555555,-16.8,-2.05));
#10846=CARTESIAN_POINT('',(10.7499430555555,-14.55,-2.05));
#10847=VECTOR('',#13523,1.0);
#10848=CARTESIAN_POINT('',(10.2499393518518,-16.8,-2.05000000000001));
#10849=CARTESIAN_POINT('',(10.49999094525,-16.8,-2.05));
#10850=VECTOR('',#13524,1.0);
#10851=CARTESIAN_POINT('',(10.2499393518518,-18.8,-2.05000000000001));
#10852=CARTESIAN_POINT('',(10.2499393518518,-14.55,-2.05000000000001));
#10853=VECTOR('',#13525,1.0);
#10854=CARTESIAN_POINT('',(10.49999094525,-18.8,-2.05));
#10855=VECTOR('',#13526,1.0);
#10856=COLOUR_RGB('',0.431372553110123,0.862745106220245,0.549019634723663);
#10857=CARTESIAN_POINT('',(11.95,-12.5,2.04999999999998));
#10858=CARTESIAN_POINT('',(11.95,-12.5,2.66453525910038E-15));
#10859=VECTOR('',#13527,1.0);
#10860=CARTESIAN_POINT('',(11.95,-19.1,2.04999999999998));
#10861=CARTESIAN_POINT('',(11.95,-12.3,2.04999999999998));
#10862=VECTOR('',#13528,1.0);
#10863=CARTESIAN_POINT('',(11.95,-19.1,-2.04999999999997));
#10864=VECTOR('',#13529,1.0);
#10865=COLOUR_RGB('',0.431372553110123,0.862745106220245,0.549019634723663);
#10866=CARTESIAN_POINT('',(10.7499430555555,-16.8,-2.37126296296297));
#10867=CARTESIAN_POINT('',(10.7499430555555,-16.8,-1.85));
#10868=VECTOR('',#13530,1.0);
#10869=CARTESIAN_POINT('',(10.8999912037037,-16.8,-2.55000370370371));
#10870=CARTESIAN_POINT('',(10.7499430555555,-16.8,-2.37126296296297));
#10871=VECTOR('',#13531,0.999999999999999);
#10872=CARTESIAN_POINT('',(10.8999912037037,-16.8,-3.35));
#10873=CARTESIAN_POINT('',(10.8999912037037,-16.8,-2.55000370370371));
#10874=VECTOR('',#13532,1.0);
#10875=CARTESIAN_POINT('',(10.1000087962963,-16.8,-3.35));
#10876=CARTESIAN_POINT('',(10.1000087962963,-16.8,-3.35));
#10877=VECTOR('',#13533,1.0);
#10878=CARTESIAN_POINT('',(10.1000087962963,-16.8,-2.55000370370371));
#10879=CARTESIAN_POINT('',(10.1000087962963,-16.8,-3.35));
#10880=VECTOR('',#13534,1.0);
#10881=CARTESIAN_POINT('',(10.2499393518518,-16.8,-2.37126296296297));
#10882=CARTESIAN_POINT('',(10.1000087962963,-16.8,-2.55000370370371));
#10883=VECTOR('',#13535,1.0);
#10884=CARTESIAN_POINT('',(10.2499393518518,-16.8,-2.37126296296297));
#10885=VECTOR('',#13536,1.0);
#10886=COLOUR_RGB('',0.431372553110123,0.862745106220245,0.549019634723663);
#10887=CARTESIAN_POINT('',(10.7499430555555,-18.8,-2.37126296296297));
#10888=CARTESIAN_POINT('',(10.7499430555555,-18.8,-1.85));
#10889=VECTOR('',#13537,1.0);
#10890=CARTESIAN_POINT('',(10.7499430555555,-16.8,-2.37126296296297));
#10891=VECTOR('',#13538,1.0);
#10892=COLOUR_RGB('',0.431372553110123,0.862745106220245,0.549019634723663);
#10893=CARTESIAN_POINT('',(10.8999912037037,-18.8,-2.55000370370371));
#10894=CARTESIAN_POINT('',(10.7499430555555,-18.8,-2.37126296296297));
#10895=VECTOR('',#13539,0.999999999999999);
#10896=CARTESIAN_POINT('',(10.8999912037037,-16.8,-2.55000370370371));
#10897=VECTOR('',#13540,1.0);
#10898=COLOUR_RGB('',0.431372553110123,0.862745106220245,0.549019634723663);
#10899=CARTESIAN_POINT('',(10.8999912037037,-18.8,-3.35));
#10900=CARTESIAN_POINT('',(10.8999912037037,-18.8,-2.55000370370371));
#10901=VECTOR('',#13541,1.0);
#10902=CARTESIAN_POINT('',(10.8999912037037,-16.8,-3.35));
#10903=VECTOR('',#13542,1.0);
#10904=COLOUR_RGB('',0.431372553110123,0.862745106220245,0.549019634723663);
#10905=CARTESIAN_POINT('',(10.1000087962963,-18.8,-3.35));
#10906=CARTESIAN_POINT('',(10.1000087962963,-18.8,-3.35));
#10907=VECTOR('',#13543,1.0);
#10908=CARTESIAN_POINT('',(10.1000087962963,-16.8,-3.35));
#10909=VECTOR('',#13544,1.0);
#10910=COLOUR_RGB('',0.431372553110123,0.862745106220245,0.549019634723663);
#10911=CARTESIAN_POINT('',(10.1000087962963,-18.8,-2.55000370370371));
#10912=CARTESIAN_POINT('',(10.1000087962963,-18.8,-3.35));
#10913=VECTOR('',#13545,1.0);
#10914=CARTESIAN_POINT('',(10.1000087962963,-16.8,-2.55000370370371));
#10915=VECTOR('',#13546,1.0);
#10916=COLOUR_RGB('',0.431372553110123,0.862745106220245,0.549019634723663);
#10917=CARTESIAN_POINT('',(10.2499393518518,-18.8,-2.37126296296297));
#10918=CARTESIAN_POINT('',(10.1000087962963,-18.8,-2.55000370370371));
#10919=VECTOR('',#13547,1.0);
#10920=CARTESIAN_POINT('',(10.2499393518518,-16.8,-2.37126296296297));
#10921=VECTOR('',#13548,1.0);
#10922=COLOUR_RGB('',0.431372553110123,0.862745106220245,0.549019634723663);
#10923=CARTESIAN_POINT('',(10.2499393518518,-18.8,-2.37126296296297));
#10924=VECTOR('',#13549,1.0);
#10925=COLOUR_RGB('',0.431372553110123,0.862745106220245,0.549019634723663);
#10926=COLOUR_RGB('',0.431372553110123,0.862745106220245,0.549019634723663);
#10927=CARTESIAN_POINT('',(9.56020000000007,-12.5,2.04999999999998));
#10928=CARTESIAN_POINT('',(12.80255,-12.5,2.04999999999998));
#10929=VECTOR('',#13550,1.0);
#10930=CARTESIAN_POINT('',(9.56020000000007,-19.1,2.04999999999998));
#10931=CARTESIAN_POINT('',(9.56020000000007,-19.1,2.04999999999998));
#10932=VECTOR('',#13551,1.0);
#10933=CARTESIAN_POINT('',(9.56020000000007,-12.3,2.04999999999998));
#10934=VECTOR('',#13552,1.0);
#10935=COLOUR_RGB('',0.431372553110123,0.862745106220245,0.549019634723663);
#10936=CARTESIAN_POINT('',(11.4398,-12.5,2.04999999999998));
#10937=AXIS2_PLACEMENT_3D('',#13553,#13554,#13555);
#10938=CARTESIAN_POINT('',(11.4398,-19.1,2.04999999999998));
#10939=AXIS2_PLACEMENT_3D('',#13556,#13557,#13558);
#10940=CARTESIAN_POINT('',(11.4398,-12.3,2.04999999999998));
#10941=VECTOR('',#13559,1.0);
#10942=COLOUR_RGB('',0.431372553110123,0.862745106220245,0.549019634723663);
#10943=CARTESIAN_POINT('',(13.99745,-12.5,2.04999999999998));
#10944=VECTOR('',#13560,1.0);
#10945=CARTESIAN_POINT('',(11.95,-19.1,2.04999999999998));
#10946=VECTOR('',#13561,1.0);
#10947=COLOUR_RGB('',0.431372553110123,0.862745106220245,0.549019634723663);
#10948=COLOUR_RGB('',0.431372553110123,0.862745106220245,0.549019634723663);
#10949=CARTESIAN_POINT('',(5.55,-12.5,-2.05000000000003));
#10950=CARTESIAN_POINT('',(5.55,-12.5,2.04999999999998));
#10951=CARTESIAN_POINT('',(5.55,-12.5,-1.15463194561016E-14));
#10952=VECTOR('',#13562,1.0);
#10953=CARTESIAN_POINT('',(5.55,-19.1,-2.05000000000003));
#10954=CARTESIAN_POINT('',(5.55,-12.3,-2.05000000000003));
#10955=VECTOR('',#13563,1.0);
#10956=CARTESIAN_POINT('',(5.55,-19.1,2.04999999999998));
#10957=CARTESIAN_POINT('',(5.55,-19.1,-2.05000000000003));
#10958=VECTOR('',#13564,1.0);
#10959=CARTESIAN_POINT('',(5.55,-12.3,2.04999999999998));
#10960=VECTOR('',#13565,1.0);
#10961=COLOUR_RGB('',0.431372553110123,0.862745106220245,0.549019634723663);
#10962=CARTESIAN_POINT('',(8.45,-12.5,-2.04999999999997));
#10963=CARTESIAN_POINT('',(11.65,-12.5,-2.04999999999991));
#10964=VECTOR('',#13566,1.0);
#10965=CARTESIAN_POINT('',(8.45,-19.1,-2.04999999999997));
#10966=CARTESIAN_POINT('',(8.45,-12.3,-2.04999999999997));
#10967=VECTOR('',#13567,1.0);
#10968=CARTESIAN_POINT('',(8.45,-19.1,-2.04999999999997));
#10969=VECTOR('',#13568,1.0);
#10970=CARTESIAN_POINT('',(7.24994305555554,-18.8,-2.05));
#10971=CARTESIAN_POINT('',(7.24994305555554,-16.8,-2.05));
#10972=CARTESIAN_POINT('',(7.24994305555554,-14.55,-2.05));
#10973=VECTOR('',#13569,1.0);
#10974=CARTESIAN_POINT('',(6.74993935185184,-16.8,-2.05000000000001));
#10975=CARTESIAN_POINT('',(6.99999094524997,-16.8,-2.05));
#10976=VECTOR('',#13570,1.0);
#10977=CARTESIAN_POINT('',(6.74993935185184,-18.8,-2.05000000000001));
#10978=CARTESIAN_POINT('',(6.74993935185184,-14.55,-2.05000000000001));
#10979=VECTOR('',#13571,1.0);
#10980=CARTESIAN_POINT('',(6.99999094524997,-18.8,-2.05));
#10981=VECTOR('',#13572,1.0);
#10982=COLOUR_RGB('',0.431372553110123,0.862745106220245,0.549019634723663);
#10983=CARTESIAN_POINT('',(8.45,-12.5,2.04999999999998));
#10984=CARTESIAN_POINT('',(8.45,-12.5,2.66453525910038E-15));
#10985=VECTOR('',#13573,1.0);
#10986=CARTESIAN_POINT('',(8.45,-19.1,2.04999999999998));
#10987=CARTESIAN_POINT('',(8.45,-12.3,2.04999999999998));
#10988=VECTOR('',#13574,1.0);
#10989=CARTESIAN_POINT('',(8.45,-19.1,-2.04999999999997));
#10990=VECTOR('',#13575,1.0);
#10991=COLOUR_RGB('',0.431372553110123,0.862745106220245,0.549019634723663);
#10992=CARTESIAN_POINT('',(7.24994305555554,-16.8,-2.37126296296297));
#10993=CARTESIAN_POINT('',(7.24994305555554,-16.8,-1.85));
#10994=VECTOR('',#13576,1.0);
#10995=CARTESIAN_POINT('',(7.39999120370371,-16.8,-2.55000370370371));
#10996=CARTESIAN_POINT('',(7.24994305555554,-16.8,-2.37126296296297));
#10997=VECTOR('',#13577,0.999999999999999);
#10998=CARTESIAN_POINT('',(7.39999120370371,-16.8,-3.35));
#10999=CARTESIAN_POINT('',(7.39999120370371,-16.8,-2.55000370370371));
#11000=VECTOR('',#13578,1.0);
#11001=CARTESIAN_POINT('',(6.6000087962963,-16.8,-3.35));
#11002=CARTESIAN_POINT('',(6.6000087962963,-16.8,-3.35));
#11003=VECTOR('',#13579,1.0);
#11004=CARTESIAN_POINT('',(6.6000087962963,-16.8,-2.55000370370371));
#11005=CARTESIAN_POINT('',(6.6000087962963,-16.8,-3.35));
#11006=VECTOR('',#13580,1.0);
#11007=CARTESIAN_POINT('',(6.74993935185184,-16.8,-2.37126296296297));
#11008=CARTESIAN_POINT('',(6.6000087962963,-16.8,-2.55000370370371));
#11009=VECTOR('',#13581,1.0);
#11010=CARTESIAN_POINT('',(6.74993935185184,-16.8,-2.37126296296297));
#11011=VECTOR('',#13582,1.0);
#11012=COLOUR_RGB('',0.431372553110123,0.862745106220245,0.549019634723663);
#11013=CARTESIAN_POINT('',(7.24994305555554,-18.8,-2.37126296296297));
#11014=CARTESIAN_POINT('',(7.24994305555554,-18.8,-1.85));
#11015=VECTOR('',#13583,1.0);
#11016=CARTESIAN_POINT('',(7.24994305555554,-16.8,-2.37126296296297));
#11017=VECTOR('',#13584,1.0);
#11018=COLOUR_RGB('',0.431372553110123,0.862745106220245,0.549019634723663);
#11019=CARTESIAN_POINT('',(7.39999120370371,-18.8,-2.55000370370371));
#11020=CARTESIAN_POINT('',(7.24994305555554,-18.8,-2.37126296296297));
#11021=VECTOR('',#13585,0.999999999999999);
#11022=CARTESIAN_POINT('',(7.39999120370371,-16.8,-2.55000370370371));
#11023=VECTOR('',#13586,1.0);
#11024=COLOUR_RGB('',0.431372553110123,0.862745106220245,0.549019634723663);
#11025=CARTESIAN_POINT('',(7.39999120370371,-18.8,-3.35));
#11026=CARTESIAN_POINT('',(7.39999120370371,-18.8,-2.55000370370371));
#11027=VECTOR('',#13587,1.0);
#11028=CARTESIAN_POINT('',(7.39999120370371,-16.8,-3.35));
#11029=VECTOR('',#13588,1.0);
#11030=COLOUR_RGB('',0.431372553110123,0.862745106220245,0.549019634723663);
#11031=CARTESIAN_POINT('',(6.6000087962963,-18.8,-3.35));
#11032=CARTESIAN_POINT('',(6.6000087962963,-18.8,-3.35));
#11033=VECTOR('',#13589,1.0);
#11034=CARTESIAN_POINT('',(6.6000087962963,-16.8,-3.35));
#11035=VECTOR('',#13590,1.0);
#11036=COLOUR_RGB('',0.431372553110123,0.862745106220245,0.549019634723663);
#11037=CARTESIAN_POINT('',(6.6000087962963,-18.8,-2.55000370370371));
#11038=CARTESIAN_POINT('',(6.6000087962963,-18.8,-3.35));
#11039=VECTOR('',#13591,1.0);
#11040=CARTESIAN_POINT('',(6.6000087962963,-16.8,-2.55000370370371));
#11041=VECTOR('',#13592,1.0);
#11042=COLOUR_RGB('',0.431372553110123,0.862745106220245,0.549019634723663);
#11043=CARTESIAN_POINT('',(6.74993935185184,-18.8,-2.37126296296297));
#11044=CARTESIAN_POINT('',(6.6000087962963,-18.8,-2.55000370370371));
#11045=VECTOR('',#13593,1.0);
#11046=CARTESIAN_POINT('',(6.74993935185184,-16.8,-2.37126296296297));
#11047=VECTOR('',#13594,1.0);
#11048=COLOUR_RGB('',0.431372553110123,0.862745106220245,0.549019634723663);
#11049=CARTESIAN_POINT('',(6.74993935185184,-18.8,-2.37126296296297));
#11050=VECTOR('',#13595,1.0);
#11051=COLOUR_RGB('',0.431372553110123,0.862745106220245,0.549019634723663);
#11052=COLOUR_RGB('',0.431372553110123,0.862745106220245,0.549019634723663);
#11053=CARTESIAN_POINT('',(6.06020000000007,-12.5,2.04999999999998));
#11054=CARTESIAN_POINT('',(11.05255,-12.5,2.04999999999998));
#11055=VECTOR('',#13596,1.0);
#11056=CARTESIAN_POINT('',(6.06020000000007,-19.1,2.04999999999998));
#11057=CARTESIAN_POINT('',(6.06020000000007,-19.1,2.04999999999998));
#11058=VECTOR('',#13597,1.0);
#11059=CARTESIAN_POINT('',(6.06020000000007,-12.3,2.04999999999998));
#11060=VECTOR('',#13598,1.0);
#11061=COLOUR_RGB('',0.431372553110123,0.862745106220245,0.549019634723663);
#11062=CARTESIAN_POINT('',(7.93980000000002,-12.5,2.04999999999998));
#11063=AXIS2_PLACEMENT_3D('',#13599,#13600,#13601);
#11064=CARTESIAN_POINT('',(7.93980000000002,-19.1,2.04999999999998));
#11065=AXIS2_PLACEMENT_3D('',#13602,#13603,#13604);
#11066=CARTESIAN_POINT('',(7.93980000000002,-12.3,2.04999999999998));
#11067=VECTOR('',#13605,1.0);
#11068=COLOUR_RGB('',0.431372553110123,0.862745106220245,0.549019634723663);
#11069=CARTESIAN_POINT('',(12.24745,-12.5,2.04999999999998));
#11070=VECTOR('',#13606,1.0);
#11071=CARTESIAN_POINT('',(8.45,-19.1,2.04999999999998));
#11072=VECTOR('',#13607,1.0);
#11073=COLOUR_RGB('',0.431372553110123,0.862745106220245,0.549019634723663);
#11074=COLOUR_RGB('',0.431372553110123,0.862745106220245,0.549019634723663);
#11075=CARTESIAN_POINT('',(2.05,-12.5,-2.05000000000003));
#11076=CARTESIAN_POINT('',(2.05,-12.5,2.04999999999998));
#11077=CARTESIAN_POINT('',(2.05,-12.5,-1.15463194561016E-14));
#11078=VECTOR('',#13608,1.0);
#11079=CARTESIAN_POINT('',(2.05,-19.1,-2.05000000000003));
#11080=CARTESIAN_POINT('',(2.05,-12.3,-2.05000000000003));
#11081=VECTOR('',#13609,1.0);
#11082=CARTESIAN_POINT('',(2.05,-19.1,2.04999999999998));
#11083=CARTESIAN_POINT('',(2.05,-19.1,-2.05000000000003));
#11084=VECTOR('',#13610,1.0);
#11085=CARTESIAN_POINT('',(2.05,-12.3,2.04999999999998));
#11086=VECTOR('',#13611,1.0);
#11087=COLOUR_RGB('',0.431372553110123,0.862745106220245,0.549019634723663);
#11088=CARTESIAN_POINT('',(4.95,-12.5,-2.04999999999997));
#11089=CARTESIAN_POINT('',(9.90000000000002,-12.5,-2.04999999999988));
#11090=VECTOR('',#13612,1.0);
#11091=CARTESIAN_POINT('',(4.95,-19.1,-2.04999999999997));
#11092=CARTESIAN_POINT('',(4.95,-12.3,-2.04999999999997));
#11093=VECTOR('',#13613,1.0);
#11094=CARTESIAN_POINT('',(4.95,-19.1,-2.04999999999997));
#11095=VECTOR('',#13614,1.0);
#11096=CARTESIAN_POINT('',(3.74994305555554,-18.8,-2.05));
#11097=CARTESIAN_POINT('',(3.74994305555554,-16.8,-2.05));
#11098=CARTESIAN_POINT('',(3.74994305555554,-14.55,-2.05));
#11099=VECTOR('',#13615,1.0);
#11100=CARTESIAN_POINT('',(3.24993935185184,-16.8,-2.05000000000001));
#11101=CARTESIAN_POINT('',(3.49999094524997,-16.8,-2.05));
#11102=VECTOR('',#13616,1.0);
#11103=CARTESIAN_POINT('',(3.24993935185184,-18.8,-2.05000000000001));
#11104=CARTESIAN_POINT('',(3.24993935185184,-14.55,-2.05000000000001));
#11105=VECTOR('',#13617,1.0);
#11106=CARTESIAN_POINT('',(3.49999094524997,-18.8,-2.05));
#11107=VECTOR('',#13618,1.0);
#11108=COLOUR_RGB('',0.431372553110123,0.862745106220245,0.549019634723663);
#11109=CARTESIAN_POINT('',(4.95,-12.5,2.04999999999998));
#11110=CARTESIAN_POINT('',(4.95,-12.5,2.66453525910038E-15));
#11111=VECTOR('',#13619,1.0);
#11112=CARTESIAN_POINT('',(4.95,-19.1,2.04999999999998));
#11113=CARTESIAN_POINT('',(4.95,-12.3,2.04999999999998));
#11114=VECTOR('',#13620,1.0);
#11115=CARTESIAN_POINT('',(4.95,-19.1,-2.04999999999997));
#11116=VECTOR('',#13621,1.0);
#11117=COLOUR_RGB('',0.431372553110123,0.862745106220245,0.549019634723663);
#11118=CARTESIAN_POINT('',(3.74994305555554,-16.8,-2.37126296296297));
#11119=CARTESIAN_POINT('',(3.74994305555554,-16.8,-1.85));
#11120=VECTOR('',#13622,1.0);
#11121=CARTESIAN_POINT('',(3.89999120370371,-16.8,-2.55000370370371));
#11122=CARTESIAN_POINT('',(3.74994305555554,-16.8,-2.37126296296297));
#11123=VECTOR('',#13623,0.999999999999999);
#11124=CARTESIAN_POINT('',(3.89999120370371,-16.8,-3.35));
#11125=CARTESIAN_POINT('',(3.89999120370371,-16.8,-2.55000370370371));
#11126=VECTOR('',#13624,1.0);
#11127=CARTESIAN_POINT('',(3.1000087962963,-16.8,-3.35));
#11128=CARTESIAN_POINT('',(3.1000087962963,-16.8,-3.35));
#11129=VECTOR('',#13625,1.0);
#11130=CARTESIAN_POINT('',(3.1000087962963,-16.8,-2.55000370370371));
#11131=CARTESIAN_POINT('',(3.1000087962963,-16.8,-3.35));
#11132=VECTOR('',#13626,1.0);
#11133=CARTESIAN_POINT('',(3.24993935185184,-16.8,-2.37126296296297));
#11134=CARTESIAN_POINT('',(3.1000087962963,-16.8,-2.55000370370371));
#11135=VECTOR('',#13627,1.0);
#11136=CARTESIAN_POINT('',(3.24993935185184,-16.8,-2.37126296296297));
#11137=VECTOR('',#13628,1.0);
#11138=COLOUR_RGB('',0.431372553110123,0.862745106220245,0.549019634723663);
#11139=CARTESIAN_POINT('',(3.74994305555554,-18.8,-2.37126296296297));
#11140=CARTESIAN_POINT('',(3.74994305555554,-18.8,-1.85));
#11141=VECTOR('',#13629,1.0);
#11142=CARTESIAN_POINT('',(3.74994305555554,-16.8,-2.37126296296297));
#11143=VECTOR('',#13630,1.0);
#11144=COLOUR_RGB('',0.431372553110123,0.862745106220245,0.549019634723663);
#11145=CARTESIAN_POINT('',(3.89999120370371,-18.8,-2.55000370370371));
#11146=CARTESIAN_POINT('',(3.74994305555554,-18.8,-2.37126296296297));
#11147=VECTOR('',#13631,0.999999999999999);
#11148=CARTESIAN_POINT('',(3.89999120370371,-16.8,-2.55000370370371));
#11149=VECTOR('',#13632,1.0);
#11150=COLOUR_RGB('',0.431372553110123,0.862745106220245,0.549019634723663);
#11151=CARTESIAN_POINT('',(3.89999120370371,-18.8,-3.35));
#11152=CARTESIAN_POINT('',(3.89999120370371,-18.8,-2.55000370370371));
#11153=VECTOR('',#13633,1.0);
#11154=CARTESIAN_POINT('',(3.89999120370371,-16.8,-3.35));
#11155=VECTOR('',#13634,1.0);
#11156=COLOUR_RGB('',0.431372553110123,0.862745106220245,0.549019634723663);
#11157=CARTESIAN_POINT('',(3.1000087962963,-18.8,-3.35));
#11158=CARTESIAN_POINT('',(3.1000087962963,-18.8,-3.35));
#11159=VECTOR('',#13635,1.0);
#11160=CARTESIAN_POINT('',(3.1000087962963,-16.8,-3.35));
#11161=VECTOR('',#13636,1.0);
#11162=COLOUR_RGB('',0.431372553110123,0.862745106220245,0.549019634723663);
#11163=CARTESIAN_POINT('',(3.1000087962963,-18.8,-2.55000370370371));
#11164=CARTESIAN_POINT('',(3.1000087962963,-18.8,-3.35));
#11165=VECTOR('',#13637,1.0);
#11166=CARTESIAN_POINT('',(3.1000087962963,-16.8,-2.55000370370371));
#11167=VECTOR('',#13638,1.0);
#11168=COLOUR_RGB('',0.431372553110123,0.862745106220245,0.549019634723663);
#11169=CARTESIAN_POINT('',(3.24993935185184,-18.8,-2.37126296296297));
#11170=CARTESIAN_POINT('',(3.1000087962963,-18.8,-2.55000370370371));
#11171=VECTOR('',#13639,1.0);
#11172=CARTESIAN_POINT('',(3.24993935185184,-16.8,-2.37126296296297));
#11173=VECTOR('',#13640,1.0);
#11174=COLOUR_RGB('',0.431372553110123,0.862745106220245,0.549019634723663);
#11175=CARTESIAN_POINT('',(3.24993935185184,-18.8,-2.37126296296297));
#11176=VECTOR('',#13641,1.0);
#11177=COLOUR_RGB('',0.431372553110123,0.862745106220245,0.549019634723663);
#11178=COLOUR_RGB('',0.431372553110123,0.862745106220245,0.549019634723663);
#11179=CARTESIAN_POINT('',(2.56020000000007,-12.5,2.04999999999998));
#11180=CARTESIAN_POINT('',(9.30255000000002,-12.5,2.04999999999998));
#11181=VECTOR('',#13642,1.0);
#11182=CARTESIAN_POINT('',(2.56020000000007,-19.1,2.04999999999998));
#11183=CARTESIAN_POINT('',(2.56020000000007,-19.1,2.04999999999998));
#11184=VECTOR('',#13643,1.0);
#11185=CARTESIAN_POINT('',(2.56020000000007,-12.3,2.04999999999998));
#11186=VECTOR('',#13644,1.0);
#11187=COLOUR_RGB('',0.431372553110123,0.862745106220245,0.549019634723663);
#11188=CARTESIAN_POINT('',(4.43980000000002,-12.5,2.04999999999998));
#11189=AXIS2_PLACEMENT_3D('',#13645,#13646,#13647);
#11190=CARTESIAN_POINT('',(4.43980000000002,-19.1,2.04999999999998));
#11191=AXIS2_PLACEMENT_3D('',#13648,#13649,#13650);
#11192=CARTESIAN_POINT('',(4.43980000000002,-12.3,2.04999999999998));
#11193=VECTOR('',#13651,1.0);
#11194=COLOUR_RGB('',0.431372553110123,0.862745106220245,0.549019634723663);
#11195=CARTESIAN_POINT('',(10.49745,-12.5,2.04999999999998));
#11196=VECTOR('',#13652,1.0);
#11197=CARTESIAN_POINT('',(4.95,-19.1,2.04999999999998));
#11198=VECTOR('',#13653,1.0);
#11199=COLOUR_RGB('',0.431372553110123,0.862745106220245,0.549019634723663);
#11200=COLOUR_RGB('',0.431372553110123,0.862745106220245,0.549019634723663);
#11201=CARTESIAN_POINT('',(-1.45,-12.5,-2.05000000000003));
#11202=CARTESIAN_POINT('',(-1.45,-12.5,2.04999999999998));
#11203=CARTESIAN_POINT('',(-1.45,-12.5,-1.15463194561016E-14));
#11204=VECTOR('',#13654,1.0);
#11205=CARTESIAN_POINT('',(-1.45,-19.1,-2.05000000000003));
#11206=CARTESIAN_POINT('',(-1.45,-12.3,-2.05000000000003));
#11207=VECTOR('',#13655,1.0);
#11208=CARTESIAN_POINT('',(-1.45,-19.1,2.04999999999998));
#11209=CARTESIAN_POINT('',(-1.45,-19.1,-2.05000000000003));
#11210=VECTOR('',#13656,1.0);
#11211=CARTESIAN_POINT('',(-1.45,-12.3,2.04999999999998));
#11212=VECTOR('',#13657,1.0);
#11213=COLOUR_RGB('',0.431372553110123,0.862745106220245,0.549019634723663);
#11214=CARTESIAN_POINT('',(1.45,-12.5,-2.04999999999997));
#11215=CARTESIAN_POINT('',(8.15000000000002,-12.5,-2.04999999999984));
#11216=VECTOR('',#13658,1.0);
#11217=CARTESIAN_POINT('',(1.45,-19.1,-2.04999999999997));
#11218=CARTESIAN_POINT('',(1.45,-12.3,-2.04999999999997));
#11219=VECTOR('',#13659,1.0);
#11220=CARTESIAN_POINT('',(1.45,-19.1,-2.04999999999997));
#11221=VECTOR('',#13660,1.0);
#11222=CARTESIAN_POINT('',(0.249943055555544,-18.8,-2.05));
#11223=CARTESIAN_POINT('',(0.249943055555544,-16.8,-2.05));
#11224=CARTESIAN_POINT('',(0.249943055555544,-14.55,-2.05));
#11225=VECTOR('',#13661,1.0);
#11226=CARTESIAN_POINT('',(-0.250060648148164,-16.8,-2.05000000000001));
#11227=CARTESIAN_POINT('',(-9.0547500279925E-06,-16.8,-2.05));
#11228=VECTOR('',#13662,1.0);
#11229=CARTESIAN_POINT('',(-0.250060648148164,-18.8,-2.05000000000001));
#11230=CARTESIAN_POINT('',(-0.250060648148164,-14.55,-2.05000000000001));
#11231=VECTOR('',#13663,1.0);
#11232=CARTESIAN_POINT('',(-9.0547500279925E-06,-18.8,-2.05));
#11233=VECTOR('',#13664,1.0);
#11234=COLOUR_RGB('',0.431372553110123,0.862745106220245,0.549019634723663);
#11235=CARTESIAN_POINT('',(1.45,-12.5,2.04999999999998));
#11236=CARTESIAN_POINT('',(1.45,-12.5,1.77635683940025E-15));
#11237=VECTOR('',#13665,1.0);
#11238=CARTESIAN_POINT('',(1.45,-19.1,2.04999999999998));
#11239=CARTESIAN_POINT('',(1.45,-12.3,2.04999999999998));
#11240=VECTOR('',#13666,1.0);
#11241=CARTESIAN_POINT('',(1.45,-19.1,-2.04999999999997));
#11242=VECTOR('',#13667,1.0);
#11243=COLOUR_RGB('',0.431372553110123,0.862745106220245,0.549019634723663);
#11244=CARTESIAN_POINT('',(0.249943055555544,-16.8,-2.37126296296297));
#11245=CARTESIAN_POINT('',(0.249943055555544,-16.8,-1.85));
#11246=VECTOR('',#13668,1.0);
#11247=CARTESIAN_POINT('',(0.399991203703705,-16.8,-2.55000370370371));
#11248=CARTESIAN_POINT('',(0.249943055555544,-16.8,-2.37126296296297));
#11249=VECTOR('',#13669,0.999999999999999);
#11250=CARTESIAN_POINT('',(0.399991203703705,-16.8,-3.35));
#11251=CARTESIAN_POINT('',(0.399991203703705,-16.8,-2.55000370370371));
#11252=VECTOR('',#13670,1.0);
#11253=CARTESIAN_POINT('',(-0.399991203703704,-16.8,-3.35));
#11254=CARTESIAN_POINT('',(-0.399991203703704,-16.8,-3.35));
#11255=VECTOR('',#13671,1.0);
#11256=CARTESIAN_POINT('',(-0.399991203703704,-16.8,-2.55000370370371));
#11257=CARTESIAN_POINT('',(-0.399991203703704,-16.8,-3.35));
#11258=VECTOR('',#13672,1.0);
#11259=CARTESIAN_POINT('',(-0.250060648148164,-16.8,-2.37126296296297));
#11260=CARTESIAN_POINT('',(-0.399991203703704,-16.8,-2.55000370370371));
#11261=VECTOR('',#13673,1.0);
#11262=CARTESIAN_POINT('',(-0.250060648148164,-16.8,-2.37126296296297));
#11263=VECTOR('',#13674,1.0);
#11264=COLOUR_RGB('',0.431372553110123,0.862745106220245,0.549019634723663);
#11265=CARTESIAN_POINT('',(0.249943055555544,-18.8,-2.37126296296297));
#11266=CARTESIAN_POINT('',(0.249943055555544,-18.8,-1.85));
#11267=VECTOR('',#13675,1.0);
#11268=CARTESIAN_POINT('',(0.249943055555544,-16.8,-2.37126296296297));
#11269=VECTOR('',#13676,1.0);
#11270=COLOUR_RGB('',0.431372553110123,0.862745106220245,0.549019634723663);
#11271=CARTESIAN_POINT('',(0.399991203703705,-18.8,-2.55000370370371));
#11272=CARTESIAN_POINT('',(0.249943055555544,-18.8,-2.37126296296297));
#11273=VECTOR('',#13677,0.999999999999999);
#11274=CARTESIAN_POINT('',(0.399991203703705,-16.8,-2.55000370370371));
#11275=VECTOR('',#13678,1.0);
#11276=COLOUR_RGB('',0.431372553110123,0.862745106220245,0.549019634723663);
#11277=CARTESIAN_POINT('',(0.399991203703705,-18.8,-3.35));
#11278=CARTESIAN_POINT('',(0.399991203703705,-18.8,-2.55000370370371));
#11279=VECTOR('',#13679,1.0);
#11280=CARTESIAN_POINT('',(0.399991203703705,-16.8,-3.35));
#11281=VECTOR('',#13680,1.0);
#11282=COLOUR_RGB('',0.431372553110123,0.862745106220245,0.549019634723663);
#11283=CARTESIAN_POINT('',(-0.399991203703704,-18.8,-3.35));
#11284=CARTESIAN_POINT('',(-0.399991203703704,-18.8,-3.35));
#11285=VECTOR('',#13681,1.0);
#11286=CARTESIAN_POINT('',(-0.399991203703704,-16.8,-3.35));
#11287=VECTOR('',#13682,1.0);
#11288=COLOUR_RGB('',0.431372553110123,0.862745106220245,0.549019634723663);
#11289=CARTESIAN_POINT('',(-0.399991203703704,-18.8,-2.55000370370371));
#11290=CARTESIAN_POINT('',(-0.399991203703704,-18.8,-3.35));
#11291=VECTOR('',#13683,1.0);
#11292=CARTESIAN_POINT('',(-0.399991203703704,-16.8,-2.55000370370371));
#11293=VECTOR('',#13684,1.0);
#11294=COLOUR_RGB('',0.431372553110123,0.862745106220245,0.549019634723663);
#11295=CARTESIAN_POINT('',(-0.250060648148164,-18.8,-2.37126296296297));
#11296=CARTESIAN_POINT('',(-0.399991203703704,-18.8,-2.55000370370371));
#11297=VECTOR('',#13685,1.0);
#11298=CARTESIAN_POINT('',(-0.250060648148164,-16.8,-2.37126296296297));
#11299=VECTOR('',#13686,1.0);
#11300=COLOUR_RGB('',0.431372553110123,0.862745106220245,0.549019634723663);
#11301=CARTESIAN_POINT('',(-0.250060648148164,-18.8,-2.37126296296297));
#11302=VECTOR('',#13687,1.0);
#11303=COLOUR_RGB('',0.431372553110123,0.862745106220245,0.549019634723663);
#11304=COLOUR_RGB('',0.431372553110123,0.862745106220245,0.549019634723663);
#11305=CARTESIAN_POINT('',(-0.939799999999929,-12.5,2.04999999999998));
#11306=CARTESIAN_POINT('',(7.55255000000002,-12.5,2.04999999999998));
#11307=VECTOR('',#13688,1.0);
#11308=CARTESIAN_POINT('',(-0.939799999999929,-19.1,2.04999999999998));
#11309=CARTESIAN_POINT('',(-0.939799999999929,-19.1,2.04999999999998));
#11310=VECTOR('',#13689,1.0);
#11311=CARTESIAN_POINT('',(-0.939799999999929,-12.3,2.04999999999998));
#11312=VECTOR('',#13690,1.0);
#11313=COLOUR_RGB('',0.431372553110123,0.862745106220245,0.549019634723663);
#11314=CARTESIAN_POINT('',(0.939800000000021,-12.5,2.04999999999998));
#11315=AXIS2_PLACEMENT_3D('',#13691,#13692,#13693);
#11316=CARTESIAN_POINT('',(0.939800000000021,-19.1,2.04999999999998));
#11317=AXIS2_PLACEMENT_3D('',#13694,#13695,#13696);
#11318=CARTESIAN_POINT('',(0.939800000000021,-12.3,2.04999999999998));
#11319=VECTOR('',#13697,1.0);
#11320=COLOUR_RGB('',0.431372553110123,0.862745106220245,0.549019634723663);
#11321=CARTESIAN_POINT('',(8.74745000000001,-12.5,2.04999999999998));
#11322=VECTOR('',#13698,1.0);
#11323=CARTESIAN_POINT('',(1.45,-19.1,2.04999999999998));
#11324=VECTOR('',#13699,1.0);
#11325=COLOUR_RGB('',0.431372553110123,0.862745106220245,0.549019634723663);
#11326=COLOUR_RGB('',0.431372553110123,0.862745106220245,0.549019634723663);
#11327=CARTESIAN_POINT('',(13.25,-12.5,-4.49997129629633));
#11328=CARTESIAN_POINT('',(14.75,-12.5,-4.49997129629633));
#11329=CARTESIAN_POINT('',(15.525,-12.5,-4.49997129629633));
#11330=VECTOR('',#13700,1.0);
#11331=CARTESIAN_POINT('',(13.25,-11.9999962962963,-4.49997129629633));
#11332=CARTESIAN_POINT('',(13.25,-11.9999962962963,-4.49997129629633));
#11333=VECTOR('',#13701,1.0);
#11334=CARTESIAN_POINT('',(14.75,-11.9999962962963,-4.49997129629633));
#11335=CARTESIAN_POINT('',(14.75,-11.9999962962963,-4.49997129629633));
#11336=VECTOR('',#13702,1.0);
#11337=CARTESIAN_POINT('',(14.75,-11.9999962962963,-4.49997129629633));
#11338=VECTOR('',#13703,1.0);
#11339=COLOUR_RGB('',0.431372553110123,0.862745106220245,0.549019634723663);
#11340=CARTESIAN_POINT('',(14.75,-12.5,-5.2));
#11341=CARTESIAN_POINT('',(14.75,-12.5,-2.42263794019629));
#11342=VECTOR('',#13704,1.0);
#11343=CARTESIAN_POINT('',(14.75,-11.9999962962963,-3.90001388888888));
#11344=CARTESIAN_POINT('',(14.75,-11.9999962962963,-3.90001388888888));
#11345=VECTOR('',#13705,1.0);
#11346=CARTESIAN_POINT('',(14.75,-11.8499481481482,-3.90001388888888));
#11347=CARTESIAN_POINT('',(14.75,-11.8499481481482,-3.90001388888888));
#11348=VECTOR('',#13706,1.0);
#11349=CARTESIAN_POINT('',(14.75,-11.8499481481482,-4.29994629629628));
#11350=CARTESIAN_POINT('',(14.75,-11.8499481481482,-4.29994629629628));
#11351=VECTOR('',#13707,1.0);
#11352=CARTESIAN_POINT('',(14.75,-11.0499657407408,-4.84992685185188));
#11353=CARTESIAN_POINT('',(14.75,-11.0499657407408,-4.84992685185188));
#11354=VECTOR('',#13708,0.999999999999999);
#11355=CARTESIAN_POINT('',(14.75,-10.7499870370371,-4.84992685185188));
#11356=CARTESIAN_POINT('',(14.75,-10.7499870370371,-4.84992685185188));
#11357=VECTOR('',#13709,1.0);
#11358=CARTESIAN_POINT('',(14.75,-10.7499870370371,-5.2));
#11359=CARTESIAN_POINT('',(14.75,-10.7499870370371,-4.84992685185188));
#11360=VECTOR('',#13710,1.0);
#11361=CARTESIAN_POINT('',(14.75,-11.5292401938981,-5.2));
#11362=VECTOR('',#13711,1.0);
#11363=COLOUR_RGB('',0.431372553110123,0.862745106220245,0.549019634723663);
#11364=CARTESIAN_POINT('',(13.25,-11.0499657407408,-4.84992685185188));
#11365=CARTESIAN_POINT('',(13.25,-11.8499481481482,-4.29994629629628));
#11366=CARTESIAN_POINT('',(13.25,-11.0499657407408,-4.84992685185188));
#11367=VECTOR('',#13712,0.999999999999999);
#11368=CARTESIAN_POINT('',(14.75,-11.0499657407408,-4.84992685185188));
#11369=VECTOR('',#13713,1.0);
#11370=CARTESIAN_POINT('',(14.75,-11.8499481481482,-4.29994629629628));
#11371=VECTOR('',#13714,1.0);
#11372=COLOUR_RGB('',0.431372553110123,0.862745106220245,0.549019634723663);
#11373=CARTESIAN_POINT('',(13.25,-11.8499481481482,-3.90001388888888));
#11374=CARTESIAN_POINT('',(13.25,-11.8499481481482,-4.29994629629628));
#11375=VECTOR('',#13715,1.0);
#11376=CARTESIAN_POINT('',(14.75,-11.8499481481482,-3.90001388888888));
#11377=VECTOR('',#13716,1.0);
#11378=COLOUR_RGB('',0.431372553110123,0.862745106220245,0.549019634723663);
#11379=CARTESIAN_POINT('',(13.25,-11.9999962962963,-3.90001388888888));
#11380=CARTESIAN_POINT('',(13.25,-11.8499481481482,-3.90001388888888));
#11381=VECTOR('',#13717,1.0);
#11382=CARTESIAN_POINT('',(14.75,-11.9999962962963,-3.90001388888888));
#11383=VECTOR('',#13718,1.0);
#11384=COLOUR_RGB('',0.431372553110123,0.862745106220245,0.549019634723663);
#11385=CARTESIAN_POINT('',(13.25,-11.9999962962963,-3.90001388888888));
#11386=VECTOR('',#13719,1.0);
#11387=COLOUR_RGB('',0.431372553110123,0.862745106220245,0.549019634723663);
#11388=CARTESIAN_POINT('',(13.25,-10.7499870370371,-5.2));
#11389=CARTESIAN_POINT('',(15.525,-10.7499870370371,-5.2));
#11390=VECTOR('',#13720,1.0);
#11391=CARTESIAN_POINT('',(13.25,-10.7499870370371,-4.84992685185188));
#11392=CARTESIAN_POINT('',(14.75,-10.7499870370371,-4.84992685185188));
#11393=VECTOR('',#13721,1.0);
#11394=CARTESIAN_POINT('',(13.25,-10.7499870370371,-4.84992685185188));
#11395=VECTOR('',#13722,1.0);
#11396=COLOUR_RGB('',0.431372553110123,0.862745106220245,0.549019634723663);
#11397=CARTESIAN_POINT('',(13.25,-10.7499870370371,-4.84992685185188));
#11398=VECTOR('',#13723,1.0);
#11399=COLOUR_RGB('',0.431372553110123,0.862745106220245,0.549019634723663);
#11400=CARTESIAN_POINT('',(13.25,-12.5,-5.2));
#11401=CARTESIAN_POINT('',(13.25,-12.5,-2.42263794019629));
#11402=VECTOR('',#13724,1.0);
#11403=CARTESIAN_POINT('',(13.25,-11.5292401938981,-5.2));
#11404=VECTOR('',#13725,1.0);
#11405=COLOUR_RGB('',0.431372553110123,0.862745106220245,0.549019634723663);
#11406=CARTESIAN_POINT('',(16.3,-12.5,-5.2));
#11407=CARTESIAN_POINT('',(16.3,-12.5,-5.2));
#11408=VECTOR('',#13726,1.0);
#11409=CARTESIAN_POINT('',(16.3,-12.5,5.2));
#11410=CARTESIAN_POINT('',(16.3,-12.5,5.2));
#11411=VECTOR('',#13727,1.0);
#11412=CARTESIAN_POINT('',(14.75,-12.5,5.2));
#11413=CARTESIAN_POINT('',(16.3,-12.5,5.2));
#11414=VECTOR('',#13728,1.0);
#11415=CARTESIAN_POINT('',(14.75,-12.5,4.49997129629633));
#11416=CARTESIAN_POINT('',(14.75,-12.5,2.42263794019629));
#11417=VECTOR('',#13729,1.0);
#11418=CARTESIAN_POINT('',(13.25,-12.5,4.49997129629633));
#11419=CARTESIAN_POINT('',(14.775,-12.5,4.49997129629633));
#11420=VECTOR('',#13730,1.0);
#11421=CARTESIAN_POINT('',(13.25,-12.5,5.2));
#11422=CARTESIAN_POINT('',(13.25,-12.5,2.42263794019629));
#11423=VECTOR('',#13731,1.0);
#11424=CARTESIAN_POINT('',(11.25,-12.5,5.2));
#11425=CARTESIAN_POINT('',(16.3,-12.5,5.2));
#11426=VECTOR('',#13732,1.0);
#11427=CARTESIAN_POINT('',(11.25,-12.5,4.49997129629633));
#11428=CARTESIAN_POINT('',(11.25,-12.5,2.42263794019629));
#11429=VECTOR('',#13733,1.0);
#11430=CARTESIAN_POINT('',(9.75,-12.5,4.49997129629633));
#11431=CARTESIAN_POINT('',(13.025,-12.5,4.49997129629633));
#11432=VECTOR('',#13734,1.0);
#11433=CARTESIAN_POINT('',(9.75,-12.5,5.2));
#11434=CARTESIAN_POINT('',(9.75,-12.5,2.42263794019629));
#11435=VECTOR('',#13735,1.0);
#11436=CARTESIAN_POINT('',(7.75,-12.5,5.2));
#11437=CARTESIAN_POINT('',(16.3,-12.5,5.2));
#11438=VECTOR('',#13736,1.0);
#11439=CARTESIAN_POINT('',(7.75,-12.5,4.49997129629633));
#11440=CARTESIAN_POINT('',(7.75,-12.5,2.42263794019629));
#11441=VECTOR('',#13737,1.0);
#11442=CARTESIAN_POINT('',(6.25,-12.5,4.49997129629633));
#11443=CARTESIAN_POINT('',(11.275,-12.5,4.49997129629633));
#11444=VECTOR('',#13738,1.0);
#11445=CARTESIAN_POINT('',(6.25,-12.5,5.2));
#11446=CARTESIAN_POINT('',(6.25,-12.5,2.42263794019629));
#11447=VECTOR('',#13739,1.0);
#11448=CARTESIAN_POINT('',(4.25,-12.5,5.2));
#11449=CARTESIAN_POINT('',(16.3,-12.5,5.2));
#11450=VECTOR('',#13740,1.0);
#11451=CARTESIAN_POINT('',(4.25,-12.5,4.49997129629633));
#11452=CARTESIAN_POINT('',(4.25,-12.5,2.42263794019629));
#11453=VECTOR('',#13741,1.0);
#11454=CARTESIAN_POINT('',(2.75,-12.5,4.49997129629633));
#11455=CARTESIAN_POINT('',(9.525,-12.5,4.49997129629633));
#11456=VECTOR('',#13742,1.0);
#11457=CARTESIAN_POINT('',(2.75,-12.5,5.2));
#11458=CARTESIAN_POINT('',(2.75,-12.5,2.42263794019629));
#11459=VECTOR('',#13743,1.0);
#11460=CARTESIAN_POINT('',(0.75,-12.5,5.2));
#11461=CARTESIAN_POINT('',(16.3,-12.5,5.2));
#11462=VECTOR('',#13744,1.0);
#11463=CARTESIAN_POINT('',(0.75,-12.5,4.49997129629633));
#11464=CARTESIAN_POINT('',(0.75,-12.5,2.42263794019629));
#11465=VECTOR('',#13745,1.0);
#11466=CARTESIAN_POINT('',(-0.75,-12.5,4.49997129629633));
#11467=CARTESIAN_POINT('',(7.775,-12.5,4.49997129629633));
#11468=VECTOR('',#13746,1.0);
#11469=CARTESIAN_POINT('',(-0.75,-12.5,5.2));
#11470=CARTESIAN_POINT('',(-0.75,-12.5,2.42263794019629));
#11471=VECTOR('',#13747,1.0);
#11472=CARTESIAN_POINT('',(-2.3,-12.5,5.2));
#11473=CARTESIAN_POINT('',(16.3,-12.5,5.2));
#11474=VECTOR('',#13748,1.0);
#11475=CARTESIAN_POINT('',(-2.3,-12.5,-5.2));
#11476=CARTESIAN_POINT('',(-2.3,-12.5,5.2));
#11477=VECTOR('',#13749,1.0);
#11478=CARTESIAN_POINT('',(-0.75,-12.5,-5.2));
#11479=CARTESIAN_POINT('',(16.3,-12.5,-5.2));
#11480=VECTOR('',#13750,1.0);
#11481=CARTESIAN_POINT('',(-0.749999999999999,-12.5,-4.49997129629633));
#11482=CARTESIAN_POINT('',(-0.75,-12.5,-2.42263794019629));
#11483=VECTOR('',#13751,1.0);
#11484=CARTESIAN_POINT('',(0.750000000000001,-12.5,-4.49997129629633));
#11485=CARTESIAN_POINT('',(8.525,-12.5,-4.49997129629633));
#11486=VECTOR('',#13752,1.0);
#11487=CARTESIAN_POINT('',(0.750000000000002,-12.5,-5.2));
#11488=CARTESIAN_POINT('',(0.75,-12.5,-2.42263794019629));
#11489=VECTOR('',#13753,1.0);
#11490=CARTESIAN_POINT('',(2.75,-12.5,-5.2));
#11491=CARTESIAN_POINT('',(16.3,-12.5,-5.2));
#11492=VECTOR('',#13754,1.0);
#11493=CARTESIAN_POINT('',(2.75,-12.5,-4.49997129629633));
#11494=CARTESIAN_POINT('',(2.75,-12.5,-2.42263794019629));
#11495=VECTOR('',#13755,1.0);
#11496=CARTESIAN_POINT('',(4.25,-12.5,-4.49997129629633));
#11497=CARTESIAN_POINT('',(10.275,-12.5,-4.49997129629633));
#11498=VECTOR('',#13756,1.0);
#11499=CARTESIAN_POINT('',(4.25,-12.5,-5.2));
#11500=CARTESIAN_POINT('',(4.25,-12.5,-2.42263794019629));
#11501=VECTOR('',#13757,1.0);
#11502=CARTESIAN_POINT('',(6.25,-12.5,-5.2));
#11503=CARTESIAN_POINT('',(16.3,-12.5,-5.2));
#11504=VECTOR('',#13758,1.0);
#11505=CARTESIAN_POINT('',(6.25,-12.5,-4.49997129629633));
#11506=CARTESIAN_POINT('',(6.25,-12.5,-2.42263794019629));
#11507=VECTOR('',#13759,1.0);
#11508=CARTESIAN_POINT('',(7.75,-12.5,-4.49997129629633));
#11509=CARTESIAN_POINT('',(12.025,-12.5,-4.49997129629633));
#11510=VECTOR('',#13760,1.0);
#11511=CARTESIAN_POINT('',(7.75,-12.5,-5.2));
#11512=CARTESIAN_POINT('',(7.75,-12.5,-2.42263794019629));
#11513=VECTOR('',#13761,1.0);
#11514=CARTESIAN_POINT('',(9.75,-12.5,-5.2));
#11515=CARTESIAN_POINT('',(16.3,-12.5,-5.2));
#11516=VECTOR('',#13762,1.0);
#11517=CARTESIAN_POINT('',(9.75,-12.5,-4.49997129629633));
#11518=CARTESIAN_POINT('',(9.75,-12.5,-2.42263794019629));
#11519=VECTOR('',#13763,1.0);
#11520=CARTESIAN_POINT('',(11.25,-12.5,-4.49997129629633));
#11521=CARTESIAN_POINT('',(13.775,-12.5,-4.49997129629633));
#11522=VECTOR('',#13764,1.0);
#11523=CARTESIAN_POINT('',(11.25,-12.5,-5.2));
#11524=CARTESIAN_POINT('',(11.25,-12.5,-2.42263794019629));
#11525=VECTOR('',#13765,1.0);
#11526=CARTESIAN_POINT('',(16.3,-12.5,-5.2));
#11527=VECTOR('',#13766,1.0);
#11528=COLOUR_RGB('',0.431372553110123,0.862745106220245,0.549019634723663);
#11529=CARTESIAN_POINT('',(9.75,-11.9999962962963,-4.49997129629633));
#11530=CARTESIAN_POINT('',(9.75,-11.9999962962963,-4.49997129629633));
#11531=VECTOR('',#13767,1.0);
#11532=CARTESIAN_POINT('',(11.25,-11.9999962962963,-4.49997129629633));
#11533=CARTESIAN_POINT('',(11.25,-11.9999962962963,-4.49997129629633));
#11534=VECTOR('',#13768,1.0);
#11535=CARTESIAN_POINT('',(11.25,-11.9999962962963,-4.49997129629633));
#11536=VECTOR('',#13769,1.0);
#11537=COLOUR_RGB('',0.431372553110123,0.862745106220245,0.549019634723663);
#11538=CARTESIAN_POINT('',(11.25,-11.9999962962963,-3.90001388888888));
#11539=CARTESIAN_POINT('',(11.25,-11.9999962962963,-3.90001388888888));
#11540=VECTOR('',#13770,1.0);
#11541=CARTESIAN_POINT('',(11.25,-11.8499481481482,-3.90001388888888));
#11542=CARTESIAN_POINT('',(11.25,-11.8499481481482,-3.90001388888888));
#11543=VECTOR('',#13771,1.0);
#11544=CARTESIAN_POINT('',(11.25,-11.8499481481482,-4.29994629629628));
#11545=CARTESIAN_POINT('',(11.25,-11.8499481481482,-4.29994629629628));
#11546=VECTOR('',#13772,1.0);
#11547=CARTESIAN_POINT('',(11.25,-11.0499657407408,-4.84992685185188));
#11548=CARTESIAN_POINT('',(11.25,-11.0499657407408,-4.84992685185188));
#11549=VECTOR('',#13773,0.999999999999999);
#11550=CARTESIAN_POINT('',(11.25,-10.7499870370371,-4.84992685185188));
#11551=CARTESIAN_POINT('',(11.25,-10.7499870370371,-4.84992685185188));
#11552=VECTOR('',#13774,1.0);
#11553=CARTESIAN_POINT('',(11.25,-10.7499870370371,-5.2));
#11554=CARTESIAN_POINT('',(11.25,-10.7499870370371,-4.84992685185188));
#11555=VECTOR('',#13775,1.0);
#11556=CARTESIAN_POINT('',(11.25,-11.5292401938981,-5.2));
#11557=VECTOR('',#13776,1.0);
#11558=COLOUR_RGB('',0.431372553110123,0.862745106220245,0.549019634723663);
#11559=CARTESIAN_POINT('',(9.75,-11.0499657407408,-4.84992685185188));
#11560=CARTESIAN_POINT('',(9.75,-11.8499481481482,-4.29994629629628));
#11561=CARTESIAN_POINT('',(9.75,-11.0499657407408,-4.84992685185188));
#11562=VECTOR('',#13777,0.999999999999999);
#11563=CARTESIAN_POINT('',(11.25,-11.0499657407408,-4.84992685185188));
#11564=VECTOR('',#13778,1.0);
#11565=CARTESIAN_POINT('',(11.25,-11.8499481481482,-4.29994629629628));
#11566=VECTOR('',#13779,1.0);
#11567=COLOUR_RGB('',0.431372553110123,0.862745106220245,0.549019634723663);
#11568=CARTESIAN_POINT('',(9.75,-11.8499481481482,-3.90001388888888));
#11569=CARTESIAN_POINT('',(9.75,-11.8499481481482,-4.29994629629628));
#11570=VECTOR('',#13780,1.0);
#11571=CARTESIAN_POINT('',(11.25,-11.8499481481482,-3.90001388888888));
#11572=VECTOR('',#13781,1.0);
#11573=COLOUR_RGB('',0.431372553110123,0.862745106220245,0.549019634723663);
#11574=CARTESIAN_POINT('',(9.75,-11.9999962962963,-3.90001388888888));
#11575=CARTESIAN_POINT('',(9.75,-11.8499481481482,-3.90001388888888));
#11576=VECTOR('',#13782,1.0);
#11577=CARTESIAN_POINT('',(11.25,-11.9999962962963,-3.90001388888888));
#11578=VECTOR('',#13783,1.0);
#11579=COLOUR_RGB('',0.431372553110123,0.862745106220245,0.549019634723663);
#11580=CARTESIAN_POINT('',(9.75,-11.9999962962963,-3.90001388888888));
#11581=VECTOR('',#13784,1.0);
#11582=COLOUR_RGB('',0.431372553110123,0.862745106220245,0.549019634723663);
#11583=CARTESIAN_POINT('',(9.75,-10.7499870370371,-5.2));
#11584=CARTESIAN_POINT('',(13.775,-10.7499870370371,-5.2));
#11585=VECTOR('',#13785,1.0);
#11586=CARTESIAN_POINT('',(9.75,-10.7499870370371,-4.84992685185188));
#11587=CARTESIAN_POINT('',(11.25,-10.7499870370371,-4.84992685185188));
#11588=VECTOR('',#13786,1.0);
#11589=CARTESIAN_POINT('',(9.75,-10.7499870370371,-4.84992685185188));
#11590=VECTOR('',#13787,1.0);
#11591=COLOUR_RGB('',0.431372553110123,0.862745106220245,0.549019634723663);
#11592=CARTESIAN_POINT('',(9.75,-10.7499870370371,-4.84992685185188));
#11593=VECTOR('',#13788,1.0);
#11594=COLOUR_RGB('',0.431372553110123,0.862745106220245,0.549019634723663);
#11595=CARTESIAN_POINT('',(9.75,-11.5292401938981,-5.2));
#11596=VECTOR('',#13789,1.0);
#11597=COLOUR_RGB('',0.431372553110123,0.862745106220245,0.549019634723663);
#11598=CARTESIAN_POINT('',(6.25,-11.9999962962963,-4.49997129629633));
#11599=CARTESIAN_POINT('',(6.25,-11.9999962962963,-4.49997129629633));
#11600=VECTOR('',#13790,1.0);
#11601=CARTESIAN_POINT('',(7.75,-11.9999962962963,-4.49997129629633));
#11602=CARTESIAN_POINT('',(7.75,-11.9999962962963,-4.49997129629633));
#11603=VECTOR('',#13791,1.0);
#11604=CARTESIAN_POINT('',(7.75,-11.9999962962963,-4.49997129629633));
#11605=VECTOR('',#13792,1.0);
#11606=COLOUR_RGB('',0.431372553110123,0.862745106220245,0.549019634723663);
#11607=CARTESIAN_POINT('',(7.75,-11.9999962962963,-3.90001388888888));
#11608=CARTESIAN_POINT('',(7.75,-11.9999962962963,-3.90001388888888));
#11609=VECTOR('',#13793,1.0);
#11610=CARTESIAN_POINT('',(7.75,-11.8499481481482,-3.90001388888888));
#11611=CARTESIAN_POINT('',(7.75,-11.8499481481482,-3.90001388888888));
#11612=VECTOR('',#13794,1.0);
#11613=CARTESIAN_POINT('',(7.75,-11.8499481481482,-4.29994629629628));
#11614=CARTESIAN_POINT('',(7.75,-11.8499481481482,-4.29994629629628));
#11615=VECTOR('',#13795,1.0);
#11616=CARTESIAN_POINT('',(7.75,-11.0499657407408,-4.84992685185188));
#11617=CARTESIAN_POINT('',(7.75,-11.0499657407408,-4.84992685185188));
#11618=VECTOR('',#13796,0.999999999999999);
#11619=CARTESIAN_POINT('',(7.75,-10.7499870370371,-4.84992685185188));
#11620=CARTESIAN_POINT('',(7.75,-10.7499870370371,-4.84992685185188));
#11621=VECTOR('',#13797,1.0);
#11622=CARTESIAN_POINT('',(7.75,-10.7499870370371,-5.2));
#11623=CARTESIAN_POINT('',(7.75,-10.7499870370371,-4.84992685185188));
#11624=VECTOR('',#13798,1.0);
#11625=CARTESIAN_POINT('',(7.75,-11.5292401938981,-5.2));
#11626=VECTOR('',#13799,1.0);
#11627=COLOUR_RGB('',0.431372553110123,0.862745106220245,0.549019634723663);
#11628=CARTESIAN_POINT('',(6.25,-11.0499657407408,-4.84992685185188));
#11629=CARTESIAN_POINT('',(6.25,-11.8499481481482,-4.29994629629628));
#11630=CARTESIAN_POINT('',(6.25,-11.0499657407408,-4.84992685185188));
#11631=VECTOR('',#13800,0.999999999999999);
#11632=CARTESIAN_POINT('',(7.75,-11.0499657407408,-4.84992685185188));
#11633=VECTOR('',#13801,1.0);
#11634=CARTESIAN_POINT('',(7.75,-11.8499481481482,-4.29994629629628));
#11635=VECTOR('',#13802,1.0);
#11636=COLOUR_RGB('',0.431372553110123,0.862745106220245,0.549019634723663);
#11637=CARTESIAN_POINT('',(6.25,-11.8499481481482,-3.90001388888888));
#11638=CARTESIAN_POINT('',(6.25,-11.8499481481482,-4.29994629629628));
#11639=VECTOR('',#13803,1.0);
#11640=CARTESIAN_POINT('',(7.75,-11.8499481481482,-3.90001388888888));
#11641=VECTOR('',#13804,1.0);
#11642=COLOUR_RGB('',0.431372553110123,0.862745106220245,0.549019634723663);
#11643=CARTESIAN_POINT('',(6.25,-11.9999962962963,-3.90001388888888));
#11644=CARTESIAN_POINT('',(6.25,-11.8499481481482,-3.90001388888888));
#11645=VECTOR('',#13805,1.0);
#11646=CARTESIAN_POINT('',(7.75,-11.9999962962963,-3.90001388888888));
#11647=VECTOR('',#13806,1.0);
#11648=COLOUR_RGB('',0.431372553110123,0.862745106220245,0.549019634723663);
#11649=CARTESIAN_POINT('',(6.25,-11.9999962962963,-3.90001388888888));
#11650=VECTOR('',#13807,1.0);
#11651=COLOUR_RGB('',0.431372553110123,0.862745106220245,0.549019634723663);
#11652=CARTESIAN_POINT('',(6.25,-10.7499870370371,-5.2));
#11653=CARTESIAN_POINT('',(12.025,-10.7499870370371,-5.2));
#11654=VECTOR('',#13808,1.0);
#11655=CARTESIAN_POINT('',(6.25,-10.7499870370371,-4.84992685185188));
#11656=CARTESIAN_POINT('',(7.75,-10.7499870370371,-4.84992685185188));
#11657=VECTOR('',#13809,1.0);
#11658=CARTESIAN_POINT('',(6.25,-10.7499870370371,-4.84992685185188));
#11659=VECTOR('',#13810,1.0);
#11660=COLOUR_RGB('',0.431372553110123,0.862745106220245,0.549019634723663);
#11661=CARTESIAN_POINT('',(6.25,-10.7499870370371,-4.84992685185188));
#11662=VECTOR('',#13811,1.0);
#11663=COLOUR_RGB('',0.431372553110123,0.862745106220245,0.549019634723663);
#11664=CARTESIAN_POINT('',(6.25,-11.5292401938981,-5.2));
#11665=VECTOR('',#13812,1.0);
#11666=COLOUR_RGB('',0.431372553110123,0.862745106220245,0.549019634723663);
#11667=CARTESIAN_POINT('',(2.75,-11.9999962962963,-4.49997129629633));
#11668=CARTESIAN_POINT('',(2.75,-11.9999962962963,-4.49997129629633));
#11669=VECTOR('',#13813,1.0);
#11670=CARTESIAN_POINT('',(4.25,-11.9999962962963,-4.49997129629633));
#11671=CARTESIAN_POINT('',(4.25,-11.9999962962963,-4.49997129629633));
#11672=VECTOR('',#13814,1.0);
#11673=CARTESIAN_POINT('',(4.25,-11.9999962962963,-4.49997129629633));
#11674=VECTOR('',#13815,1.0);
#11675=COLOUR_RGB('',0.431372553110123,0.862745106220245,0.549019634723663);
#11676=CARTESIAN_POINT('',(4.25,-11.9999962962963,-3.90001388888888));
#11677=CARTESIAN_POINT('',(4.25,-11.9999962962963,-3.90001388888888));
#11678=VECTOR('',#13816,1.0);
#11679=CARTESIAN_POINT('',(4.25,-11.8499481481482,-3.90001388888888));
#11680=CARTESIAN_POINT('',(4.25,-11.8499481481482,-3.90001388888888));
#11681=VECTOR('',#13817,1.0);
#11682=CARTESIAN_POINT('',(4.25,-11.8499481481482,-4.29994629629628));
#11683=CARTESIAN_POINT('',(4.25,-11.8499481481482,-4.29994629629628));
#11684=VECTOR('',#13818,1.0);
#11685=CARTESIAN_POINT('',(4.25,-11.0499657407408,-4.84992685185188));
#11686=CARTESIAN_POINT('',(4.25,-11.0499657407408,-4.84992685185188));
#11687=VECTOR('',#13819,0.999999999999999);
#11688=CARTESIAN_POINT('',(4.25,-10.7499870370371,-4.84992685185188));
#11689=CARTESIAN_POINT('',(4.25,-10.7499870370371,-4.84992685185188));
#11690=VECTOR('',#13820,1.0);
#11691=CARTESIAN_POINT('',(4.25,-10.7499870370371,-5.2));
#11692=CARTESIAN_POINT('',(4.25,-10.7499870370371,-4.84992685185188));
#11693=VECTOR('',#13821,1.0);
#11694=CARTESIAN_POINT('',(4.25,-11.5292401938981,-5.2));
#11695=VECTOR('',#13822,1.0);
#11696=COLOUR_RGB('',0.431372553110123,0.862745106220245,0.549019634723663);
#11697=CARTESIAN_POINT('',(2.75,-11.0499657407408,-4.84992685185188));
#11698=CARTESIAN_POINT('',(2.75,-11.8499481481482,-4.29994629629628));
#11699=CARTESIAN_POINT('',(2.75,-11.0499657407408,-4.84992685185188));
#11700=VECTOR('',#13823,0.999999999999999);
#11701=CARTESIAN_POINT('',(4.25,-11.0499657407408,-4.84992685185188));
#11702=VECTOR('',#13824,1.0);
#11703=CARTESIAN_POINT('',(4.25,-11.8499481481482,-4.29994629629628));
#11704=VECTOR('',#13825,1.0);
#11705=COLOUR_RGB('',0.431372553110123,0.862745106220245,0.549019634723663);
#11706=CARTESIAN_POINT('',(2.75,-11.8499481481482,-3.90001388888888));
#11707=CARTESIAN_POINT('',(2.75,-11.8499481481482,-4.29994629629628));
#11708=VECTOR('',#13826,1.0);
#11709=CARTESIAN_POINT('',(4.25,-11.8499481481482,-3.90001388888888));
#11710=VECTOR('',#13827,1.0);
#11711=COLOUR_RGB('',0.431372553110123,0.862745106220245,0.549019634723663);
#11712=CARTESIAN_POINT('',(2.75,-11.9999962962963,-3.90001388888888));
#11713=CARTESIAN_POINT('',(2.75,-11.8499481481482,-3.90001388888888));
#11714=VECTOR('',#13828,1.0);
#11715=CARTESIAN_POINT('',(4.25,-11.9999962962963,-3.90001388888888));
#11716=VECTOR('',#13829,1.0);
#11717=COLOUR_RGB('',0.431372553110123,0.862745106220245,0.549019634723663);
#11718=CARTESIAN_POINT('',(2.75,-11.9999962962963,-3.90001388888888));
#11719=VECTOR('',#13830,1.0);
#11720=COLOUR_RGB('',0.431372553110123,0.862745106220245,0.549019634723663);
#11721=CARTESIAN_POINT('',(2.75,-10.7499870370371,-5.2));
#11722=CARTESIAN_POINT('',(10.275,-10.7499870370371,-5.2));
#11723=VECTOR('',#13831,1.0);
#11724=CARTESIAN_POINT('',(2.75,-10.7499870370371,-4.84992685185188));
#11725=CARTESIAN_POINT('',(4.25,-10.7499870370371,-4.84992685185188));
#11726=VECTOR('',#13832,1.0);
#11727=CARTESIAN_POINT('',(2.75,-10.7499870370371,-4.84992685185188));
#11728=VECTOR('',#13833,1.0);
#11729=COLOUR_RGB('',0.431372553110123,0.862745106220245,0.549019634723663);
#11730=CARTESIAN_POINT('',(2.75,-10.7499870370371,-4.84992685185188));
#11731=VECTOR('',#13834,1.0);
#11732=COLOUR_RGB('',0.431372553110123,0.862745106220245,0.549019634723663);
#11733=CARTESIAN_POINT('',(2.75,-11.5292401938981,-5.2));
#11734=VECTOR('',#13835,1.0);
#11735=COLOUR_RGB('',0.431372553110123,0.862745106220245,0.549019634723663);
#11736=CARTESIAN_POINT('',(-0.749999999999999,-11.9999962962963,-4.49997129629633));
#11737=CARTESIAN_POINT('',(-0.749999999999999,-11.9999962962963,-4.49997129629633));
#11738=VECTOR('',#13836,1.0);
#11739=CARTESIAN_POINT('',(0.750000000000001,-11.9999962962963,-4.49997129629633));
#11740=CARTESIAN_POINT('',(0.750000000000001,-11.9999962962963,-4.49997129629633));
#11741=VECTOR('',#13837,1.0);
#11742=CARTESIAN_POINT('',(0.750000000000001,-11.9999962962963,-4.49997129629633));
#11743=VECTOR('',#13838,1.0);
#11744=COLOUR_RGB('',0.431372553110123,0.862745106220245,0.549019634723663);
#11745=CARTESIAN_POINT('',(0.750000000000001,-11.9999962962963,-3.90001388888888));
#11746=CARTESIAN_POINT('',(0.750000000000001,-11.9999962962963,-3.90001388888888));
#11747=VECTOR('',#13839,1.0);
#11748=CARTESIAN_POINT('',(0.750000000000001,-11.8499481481482,-3.90001388888888));
#11749=CARTESIAN_POINT('',(0.750000000000001,-11.8499481481482,-3.90001388888888));
#11750=VECTOR('',#13840,1.0);
#11751=CARTESIAN_POINT('',(0.750000000000001,-11.8499481481482,-4.29994629629628));
#11752=CARTESIAN_POINT('',(0.750000000000001,-11.8499481481482,-4.29994629629628));
#11753=VECTOR('',#13841,1.0);
#11754=CARTESIAN_POINT('',(0.750000000000001,-11.0499657407408,-4.84992685185188));
#11755=CARTESIAN_POINT('',(0.750000000000001,-11.0499657407408,-4.84992685185188));
#11756=VECTOR('',#13842,0.999999999999999);
#11757=CARTESIAN_POINT('',(0.750000000000001,-10.7499870370371,-4.84992685185188));
#11758=CARTESIAN_POINT('',(0.750000000000001,-10.7499870370371,-4.84992685185188));
#11759=VECTOR('',#13843,1.0);
#11760=CARTESIAN_POINT('',(0.750000000000001,-10.7499870370371,-5.2));
#11761=CARTESIAN_POINT('',(0.750000000000001,-10.7499870370371,-4.84992685185188));
#11762=VECTOR('',#13844,1.0);
#11763=CARTESIAN_POINT('',(0.750000000000001,-11.5292401938981,-5.2));
#11764=VECTOR('',#13845,1.0);
#11765=COLOUR_RGB('',0.431372553110123,0.862745106220245,0.549019634723663);
#11766=CARTESIAN_POINT('',(-0.749999999999999,-11.0499657407408,-4.84992685185188));
#11767=CARTESIAN_POINT('',(-0.749999999999999,-11.8499481481482,-4.29994629629628));
#11768=CARTESIAN_POINT('',(-0.749999999999999,-11.0499657407408,-4.84992685185188));
#11769=VECTOR('',#13846,0.999999999999999);
#11770=CARTESIAN_POINT('',(0.750000000000001,-11.0499657407408,-4.84992685185188));
#11771=VECTOR('',#13847,1.0);
#11772=CARTESIAN_POINT('',(0.750000000000001,-11.8499481481482,-4.29994629629628));
#11773=VECTOR('',#13848,1.0);
#11774=COLOUR_RGB('',0.431372553110123,0.862745106220245,0.549019634723663);
#11775=CARTESIAN_POINT('',(-0.749999999999999,-11.8499481481482,-3.90001388888888));
#11776=CARTESIAN_POINT('',(-0.749999999999999,-11.8499481481482,-4.29994629629628));
#11777=VECTOR('',#13849,1.0);
#11778=CARTESIAN_POINT('',(0.750000000000001,-11.8499481481482,-3.90001388888888));
#11779=VECTOR('',#13850,1.0);
#11780=COLOUR_RGB('',0.431372553110123,0.862745106220245,0.549019634723663);
#11781=CARTESIAN_POINT('',(-0.749999999999999,-11.9999962962963,-3.90001388888888));
#11782=CARTESIAN_POINT('',(-0.749999999999999,-11.8499481481482,-3.90001388888888));
#11783=VECTOR('',#13851,1.0);
#11784=CARTESIAN_POINT('',(0.750000000000001,-11.9999962962963,-3.90001388888888));
#11785=VECTOR('',#13852,1.0);
#11786=COLOUR_RGB('',0.431372553110123,0.862745106220245,0.549019634723663);
#11787=CARTESIAN_POINT('',(-0.749999999999999,-11.9999962962963,-3.90001388888888));
#11788=VECTOR('',#13853,1.0);
#11789=COLOUR_RGB('',0.431372553110123,0.862745106220245,0.549019634723663);
#11790=CARTESIAN_POINT('',(-0.749999999999999,-10.7499870370371,-5.2));
#11791=CARTESIAN_POINT('',(8.525,-10.7499870370371,-5.2));
#11792=VECTOR('',#13854,1.0);
#11793=CARTESIAN_POINT('',(-0.749999999999999,-10.7499870370371,-4.84992685185188));
#11794=CARTESIAN_POINT('',(0.750000000000001,-10.7499870370371,-4.84992685185188));
#11795=VECTOR('',#13855,1.0);
#11796=CARTESIAN_POINT('',(-0.749999999999999,-10.7499870370371,-4.84992685185188));
#11797=VECTOR('',#13856,1.0);
#11798=COLOUR_RGB('',0.431372553110123,0.862745106220245,0.549019634723663);
#11799=CARTESIAN_POINT('',(-0.749999999999999,-10.7499870370371,-4.84992685185188));
#11800=VECTOR('',#13857,1.0);
#11801=COLOUR_RGB('',0.431372553110123,0.862745106220245,0.549019634723663);
#11802=CARTESIAN_POINT('',(-0.75,-11.5292401938981,-5.2));
#11803=VECTOR('',#13858,1.0);
#11804=COLOUR_RGB('',0.431372553110123,0.862745106220245,0.549019634723663);
#11805=CARTESIAN_POINT('',(14.75,-11.9999962962963,4.49997129629633));
#11806=CARTESIAN_POINT('',(14.75,-11.9999962962963,4.49997129629633));
#11807=VECTOR('',#13859,1.0);
#11808=CARTESIAN_POINT('',(13.25,-11.9999962962963,4.49997129629633));
#11809=CARTESIAN_POINT('',(13.25,-11.9999962962963,4.49997129629633));
#11810=VECTOR('',#13860,1.0);
#11811=CARTESIAN_POINT('',(13.25,-11.9999962962963,4.49997129629633));
#11812=VECTOR('',#13861,1.0);
#11813=COLOUR_RGB('',0.431372553110123,0.862745106220245,0.549019634723663);
#11814=CARTESIAN_POINT('',(13.25,-11.9999962962963,3.90001388888888));
#11815=CARTESIAN_POINT('',(13.25,-11.9999962962963,3.90001388888888));
#11816=VECTOR('',#13862,1.0);
#11817=CARTESIAN_POINT('',(13.25,-11.8499481481482,3.90001388888888));
#11818=CARTESIAN_POINT('',(13.25,-11.8499481481482,3.90001388888888));
#11819=VECTOR('',#13863,1.0);
#11820=CARTESIAN_POINT('',(13.25,-11.8499481481482,4.29994629629628));
#11821=CARTESIAN_POINT('',(13.25,-11.8499481481482,4.29994629629628));
#11822=VECTOR('',#13864,1.0);
#11823=CARTESIAN_POINT('',(13.25,-11.0499657407408,4.84992685185188));
#11824=CARTESIAN_POINT('',(13.25,-11.0499657407408,4.84992685185188));
#11825=VECTOR('',#13865,0.999999999999999);
#11826=CARTESIAN_POINT('',(13.25,-10.7499870370371,4.84992685185188));
#11827=CARTESIAN_POINT('',(13.25,-10.7499870370371,4.84992685185188));
#11828=VECTOR('',#13866,1.0);
#11829=CARTESIAN_POINT('',(13.25,-10.7499870370371,5.2));
#11830=CARTESIAN_POINT('',(13.25,-10.7499870370371,4.84992685185188));
#11831=VECTOR('',#13867,1.0);
#11832=CARTESIAN_POINT('',(13.25,-11.5292401938981,5.2));
#11833=VECTOR('',#13868,1.0);
#11834=COLOUR_RGB('',0.431372553110123,0.862745106220245,0.549019634723663);
#11835=CARTESIAN_POINT('',(14.75,-11.0499657407408,4.84992685185188));
#11836=CARTESIAN_POINT('',(14.75,-11.8499481481482,4.29994629629628));
#11837=CARTESIAN_POINT('',(14.75,-11.0499657407408,4.84992685185188));
#11838=VECTOR('',#13869,0.999999999999999);
#11839=CARTESIAN_POINT('',(13.25,-11.0499657407408,4.84992685185188));
#11840=VECTOR('',#13870,1.0);
#11841=CARTESIAN_POINT('',(13.25,-11.8499481481482,4.29994629629628));
#11842=VECTOR('',#13871,1.0);
#11843=COLOUR_RGB('',0.431372553110123,0.862745106220245,0.549019634723663);
#11844=CARTESIAN_POINT('',(14.75,-11.8499481481482,3.90001388888888));
#11845=CARTESIAN_POINT('',(14.75,-11.8499481481482,4.29994629629628));
#11846=VECTOR('',#13872,1.0);
#11847=CARTESIAN_POINT('',(13.25,-11.8499481481482,3.90001388888888));
#11848=VECTOR('',#13873,1.0);
#11849=COLOUR_RGB('',0.431372553110123,0.862745106220245,0.549019634723663);
#11850=CARTESIAN_POINT('',(14.75,-11.9999962962963,3.90001388888888));
#11851=CARTESIAN_POINT('',(14.75,-11.8499481481482,3.90001388888888));
#11852=VECTOR('',#13874,1.0);
#11853=CARTESIAN_POINT('',(13.25,-11.9999962962963,3.90001388888888));
#11854=VECTOR('',#13875,1.0);
#11855=COLOUR_RGB('',0.431372553110123,0.862745106220245,0.549019634723663);
#11856=CARTESIAN_POINT('',(14.75,-11.9999962962963,3.90001388888888));
#11857=VECTOR('',#13876,1.0);
#11858=COLOUR_RGB('',0.431372553110123,0.862745106220245,0.549019634723663);
#11859=CARTESIAN_POINT('',(14.75,-10.7499870370371,5.2));
#11860=CARTESIAN_POINT('',(14.775,-10.7499870370371,5.2));
#11861=VECTOR('',#13877,1.0);
#11862=CARTESIAN_POINT('',(14.75,-10.7499870370371,4.84992685185188));
#11863=CARTESIAN_POINT('',(13.25,-10.7499870370371,4.84992685185188));
#11864=VECTOR('',#13878,1.0);
#11865=CARTESIAN_POINT('',(14.75,-10.7499870370371,4.84992685185188));
#11866=VECTOR('',#13879,1.0);
#11867=COLOUR_RGB('',0.431372553110123,0.862745106220245,0.549019634723663);
#11868=CARTESIAN_POINT('',(14.75,-10.7499870370371,4.84992685185188));
#11869=VECTOR('',#13880,1.0);
#11870=COLOUR_RGB('',0.431372553110123,0.862745106220245,0.549019634723663);
#11871=CARTESIAN_POINT('',(14.75,-11.5292401938981,5.2));
#11872=VECTOR('',#13881,1.0);
#11873=COLOUR_RGB('',0.431372553110123,0.862745106220245,0.549019634723663);
#11874=CARTESIAN_POINT('',(11.25,-11.9999962962963,4.49997129629633));
#11875=CARTESIAN_POINT('',(11.25,-11.9999962962963,4.49997129629633));
#11876=VECTOR('',#13882,1.0);
#11877=CARTESIAN_POINT('',(9.75,-11.9999962962963,4.49997129629633));
#11878=CARTESIAN_POINT('',(9.75,-11.9999962962963,4.49997129629633));
#11879=VECTOR('',#13883,1.0);
#11880=CARTESIAN_POINT('',(9.75,-11.9999962962963,4.49997129629633));
#11881=VECTOR('',#13884,1.0);
#11882=COLOUR_RGB('',0.431372553110123,0.862745106220245,0.549019634723663);
#11883=CARTESIAN_POINT('',(9.75,-11.9999962962963,3.90001388888888));
#11884=CARTESIAN_POINT('',(9.75,-11.9999962962963,3.90001388888888));
#11885=VECTOR('',#13885,1.0);
#11886=CARTESIAN_POINT('',(9.75,-11.8499481481482,3.90001388888888));
#11887=CARTESIAN_POINT('',(9.75,-11.8499481481482,3.90001388888888));
#11888=VECTOR('',#13886,1.0);
#11889=CARTESIAN_POINT('',(9.75,-11.8499481481482,4.29994629629628));
#11890=CARTESIAN_POINT('',(9.75,-11.8499481481482,4.29994629629628));
#11891=VECTOR('',#13887,1.0);
#11892=CARTESIAN_POINT('',(9.75,-11.0499657407408,4.84992685185188));
#11893=CARTESIAN_POINT('',(9.75,-11.0499657407408,4.84992685185188));
#11894=VECTOR('',#13888,0.999999999999999);
#11895=CARTESIAN_POINT('',(9.75,-10.7499870370371,4.84992685185188));
#11896=CARTESIAN_POINT('',(9.75,-10.7499870370371,4.84992685185188));
#11897=VECTOR('',#13889,1.0);
#11898=CARTESIAN_POINT('',(9.75,-10.7499870370371,5.2));
#11899=CARTESIAN_POINT('',(9.75,-10.7499870370371,4.84992685185188));
#11900=VECTOR('',#13890,1.0);
#11901=CARTESIAN_POINT('',(9.75,-11.5292401938981,5.2));
#11902=VECTOR('',#13891,1.0);
#11903=COLOUR_RGB('',0.431372553110123,0.862745106220245,0.549019634723663);
#11904=CARTESIAN_POINT('',(11.25,-11.0499657407408,4.84992685185188));
#11905=CARTESIAN_POINT('',(11.25,-11.8499481481482,4.29994629629628));
#11906=CARTESIAN_POINT('',(11.25,-11.0499657407408,4.84992685185188));
#11907=VECTOR('',#13892,0.999999999999999);
#11908=CARTESIAN_POINT('',(9.75,-11.0499657407408,4.84992685185188));
#11909=VECTOR('',#13893,1.0);
#11910=CARTESIAN_POINT('',(9.75,-11.8499481481482,4.29994629629628));
#11911=VECTOR('',#13894,1.0);
#11912=COLOUR_RGB('',0.431372553110123,0.862745106220245,0.549019634723663);
#11913=CARTESIAN_POINT('',(11.25,-11.8499481481482,3.90001388888888));
#11914=CARTESIAN_POINT('',(11.25,-11.8499481481482,4.29994629629628));
#11915=VECTOR('',#13895,1.0);
#11916=CARTESIAN_POINT('',(9.75,-11.8499481481482,3.90001388888888));
#11917=VECTOR('',#13896,1.0);
#11918=COLOUR_RGB('',0.431372553110123,0.862745106220245,0.549019634723663);
#11919=CARTESIAN_POINT('',(11.25,-11.9999962962963,3.90001388888888));
#11920=CARTESIAN_POINT('',(11.25,-11.8499481481482,3.90001388888888));
#11921=VECTOR('',#13897,1.0);
#11922=CARTESIAN_POINT('',(9.75,-11.9999962962963,3.90001388888888));
#11923=VECTOR('',#13898,1.0);
#11924=COLOUR_RGB('',0.431372553110123,0.862745106220245,0.549019634723663);
#11925=CARTESIAN_POINT('',(11.25,-11.9999962962963,3.90001388888888));
#11926=VECTOR('',#13899,1.0);
#11927=COLOUR_RGB('',0.431372553110123,0.862745106220245,0.549019634723663);
#11928=CARTESIAN_POINT('',(11.25,-10.7499870370371,5.2));
#11929=CARTESIAN_POINT('',(13.025,-10.7499870370371,5.2));
#11930=VECTOR('',#13900,1.0);
#11931=CARTESIAN_POINT('',(11.25,-10.7499870370371,4.84992685185188));
#11932=CARTESIAN_POINT('',(9.75,-10.7499870370371,4.84992685185188));
#11933=VECTOR('',#13901,1.0);
#11934=CARTESIAN_POINT('',(11.25,-10.7499870370371,4.84992685185188));
#11935=VECTOR('',#13902,1.0);
#11936=COLOUR_RGB('',0.431372553110123,0.862745106220245,0.549019634723663);
#11937=CARTESIAN_POINT('',(11.25,-10.7499870370371,4.84992685185188));
#11938=VECTOR('',#13903,1.0);
#11939=COLOUR_RGB('',0.431372553110123,0.862745106220245,0.549019634723663);
#11940=CARTESIAN_POINT('',(11.25,-11.5292401938981,5.2));
#11941=VECTOR('',#13904,1.0);
#11942=COLOUR_RGB('',0.431372553110123,0.862745106220245,0.549019634723663);
#11943=CARTESIAN_POINT('',(7.75,-11.9999962962963,4.49997129629633));
#11944=CARTESIAN_POINT('',(7.75,-11.9999962962963,4.49997129629633));
#11945=VECTOR('',#13905,1.0);
#11946=CARTESIAN_POINT('',(6.25,-11.9999962962963,4.49997129629633));
#11947=CARTESIAN_POINT('',(6.25,-11.9999962962963,4.49997129629633));
#11948=VECTOR('',#13906,1.0);
#11949=CARTESIAN_POINT('',(6.25,-11.9999962962963,4.49997129629633));
#11950=VECTOR('',#13907,1.0);
#11951=COLOUR_RGB('',0.431372553110123,0.862745106220245,0.549019634723663);
#11952=CARTESIAN_POINT('',(6.25,-11.9999962962963,3.90001388888888));
#11953=CARTESIAN_POINT('',(6.25,-11.9999962962963,3.90001388888888));
#11954=VECTOR('',#13908,1.0);
#11955=CARTESIAN_POINT('',(6.25,-11.8499481481482,3.90001388888888));
#11956=CARTESIAN_POINT('',(6.25,-11.8499481481482,3.90001388888888));
#11957=VECTOR('',#13909,1.0);
#11958=CARTESIAN_POINT('',(6.25,-11.8499481481482,4.29994629629628));
#11959=CARTESIAN_POINT('',(6.25,-11.8499481481482,4.29994629629628));
#11960=VECTOR('',#13910,1.0);
#11961=CARTESIAN_POINT('',(6.25,-11.0499657407408,4.84992685185188));
#11962=CARTESIAN_POINT('',(6.25,-11.0499657407408,4.84992685185188));
#11963=VECTOR('',#13911,0.999999999999999);
#11964=CARTESIAN_POINT('',(6.25,-10.7499870370371,4.84992685185188));
#11965=CARTESIAN_POINT('',(6.25,-10.7499870370371,4.84992685185188));
#11966=VECTOR('',#13912,1.0);
#11967=CARTESIAN_POINT('',(6.25,-10.7499870370371,5.2));
#11968=CARTESIAN_POINT('',(6.25,-10.7499870370371,4.84992685185188));
#11969=VECTOR('',#13913,1.0);
#11970=CARTESIAN_POINT('',(6.25,-11.5292401938981,5.2));
#11971=VECTOR('',#13914,1.0);
#11972=COLOUR_RGB('',0.431372553110123,0.862745106220245,0.549019634723663);
#11973=CARTESIAN_POINT('',(7.75,-11.0499657407408,4.84992685185188));
#11974=CARTESIAN_POINT('',(7.75,-11.8499481481482,4.29994629629628));
#11975=CARTESIAN_POINT('',(7.75,-11.0499657407408,4.84992685185188));
#11976=VECTOR('',#13915,0.999999999999999);
#11977=CARTESIAN_POINT('',(6.25,-11.0499657407408,4.84992685185188));
#11978=VECTOR('',#13916,1.0);
#11979=CARTESIAN_POINT('',(6.25,-11.8499481481482,4.29994629629628));
#11980=VECTOR('',#13917,1.0);
#11981=COLOUR_RGB('',0.431372553110123,0.862745106220245,0.549019634723663);
#11982=CARTESIAN_POINT('',(7.75,-11.8499481481482,3.90001388888888));
#11983=CARTESIAN_POINT('',(7.75,-11.8499481481482,4.29994629629628));
#11984=VECTOR('',#13918,1.0);
#11985=CARTESIAN_POINT('',(6.25,-11.8499481481482,3.90001388888888));
#11986=VECTOR('',#13919,1.0);
#11987=COLOUR_RGB('',0.431372553110123,0.862745106220245,0.549019634723663);
#11988=CARTESIAN_POINT('',(7.75,-11.9999962962963,3.90001388888888));
#11989=CARTESIAN_POINT('',(7.75,-11.8499481481482,3.90001388888888));
#11990=VECTOR('',#13920,1.0);
#11991=CARTESIAN_POINT('',(6.25,-11.9999962962963,3.90001388888888));
#11992=VECTOR('',#13921,1.0);
#11993=COLOUR_RGB('',0.431372553110123,0.862745106220245,0.549019634723663);
#11994=CARTESIAN_POINT('',(7.75,-11.9999962962963,3.90001388888888));
#11995=VECTOR('',#13922,1.0);
#11996=COLOUR_RGB('',0.431372553110123,0.862745106220245,0.549019634723663);
#11997=CARTESIAN_POINT('',(7.75,-10.7499870370371,5.2));
#11998=CARTESIAN_POINT('',(11.275,-10.7499870370371,5.2));
#11999=VECTOR('',#13923,1.0);
#12000=CARTESIAN_POINT('',(7.75,-10.7499870370371,4.84992685185188));
#12001=CARTESIAN_POINT('',(6.25,-10.7499870370371,4.84992685185188));
#12002=VECTOR('',#13924,1.0);
#12003=CARTESIAN_POINT('',(7.75,-10.7499870370371,4.84992685185188));
#12004=VECTOR('',#13925,1.0);
#12005=COLOUR_RGB('',0.431372553110123,0.862745106220245,0.549019634723663);
#12006=CARTESIAN_POINT('',(7.75,-10.7499870370371,4.84992685185188));
#12007=VECTOR('',#13926,1.0);
#12008=COLOUR_RGB('',0.431372553110123,0.862745106220245,0.549019634723663);
#12009=CARTESIAN_POINT('',(7.75,-11.5292401938981,5.2));
#12010=VECTOR('',#13927,1.0);
#12011=COLOUR_RGB('',0.431372553110123,0.862745106220245,0.549019634723663);
#12012=CARTESIAN_POINT('',(4.25,-11.9999962962963,4.49997129629633));
#12013=CARTESIAN_POINT('',(4.25,-11.9999962962963,4.49997129629633));
#12014=VECTOR('',#13928,1.0);
#12015=CARTESIAN_POINT('',(2.75,-11.9999962962963,4.49997129629633));
#12016=CARTESIAN_POINT('',(2.75,-11.9999962962963,4.49997129629633));
#12017=VECTOR('',#13929,1.0);
#12018=CARTESIAN_POINT('',(2.75,-11.9999962962963,4.49997129629633));
#12019=VECTOR('',#13930,1.0);
#12020=COLOUR_RGB('',0.431372553110123,0.862745106220245,0.549019634723663);
#12021=CARTESIAN_POINT('',(2.75,-11.9999962962963,3.90001388888888));
#12022=CARTESIAN_POINT('',(2.75,-11.9999962962963,3.90001388888888));
#12023=VECTOR('',#13931,1.0);
#12024=CARTESIAN_POINT('',(2.75,-11.8499481481482,3.90001388888888));
#12025=CARTESIAN_POINT('',(2.75,-11.8499481481482,3.90001388888888));
#12026=VECTOR('',#13932,1.0);
#12027=CARTESIAN_POINT('',(2.75,-11.8499481481482,4.29994629629628));
#12028=CARTESIAN_POINT('',(2.75,-11.8499481481482,4.29994629629628));
#12029=VECTOR('',#13933,1.0);
#12030=CARTESIAN_POINT('',(2.75,-11.0499657407408,4.84992685185188));
#12031=CARTESIAN_POINT('',(2.75,-11.0499657407408,4.84992685185188));
#12032=VECTOR('',#13934,0.999999999999999);
#12033=CARTESIAN_POINT('',(2.75,-10.7499870370371,4.84992685185188));
#12034=CARTESIAN_POINT('',(2.75,-10.7499870370371,4.84992685185188));
#12035=VECTOR('',#13935,1.0);
#12036=CARTESIAN_POINT('',(2.75,-10.7499870370371,5.2));
#12037=CARTESIAN_POINT('',(2.75,-10.7499870370371,4.84992685185188));
#12038=VECTOR('',#13936,1.0);
#12039=CARTESIAN_POINT('',(2.75,-11.5292401938981,5.2));
#12040=VECTOR('',#13937,1.0);
#12041=COLOUR_RGB('',0.431372553110123,0.862745106220245,0.549019634723663);
#12042=CARTESIAN_POINT('',(4.25,-11.0499657407408,4.84992685185188));
#12043=CARTESIAN_POINT('',(4.25,-11.8499481481482,4.29994629629628));
#12044=CARTESIAN_POINT('',(4.25,-11.0499657407408,4.84992685185188));
#12045=VECTOR('',#13938,0.999999999999999);
#12046=CARTESIAN_POINT('',(2.75,-11.0499657407408,4.84992685185188));
#12047=VECTOR('',#13939,1.0);
#12048=CARTESIAN_POINT('',(2.75,-11.8499481481482,4.29994629629628));
#12049=VECTOR('',#13940,1.0);
#12050=COLOUR_RGB('',0.431372553110123,0.862745106220245,0.549019634723663);
#12051=CARTESIAN_POINT('',(4.25,-11.8499481481482,3.90001388888888));
#12052=CARTESIAN_POINT('',(4.25,-11.8499481481482,4.29994629629628));
#12053=VECTOR('',#13941,1.0);
#12054=CARTESIAN_POINT('',(2.75,-11.8499481481482,3.90001388888888));
#12055=VECTOR('',#13942,1.0);
#12056=COLOUR_RGB('',0.431372553110123,0.862745106220245,0.549019634723663);
#12057=CARTESIAN_POINT('',(4.25,-11.9999962962963,3.90001388888888));
#12058=CARTESIAN_POINT('',(4.25,-11.8499481481482,3.90001388888888));
#12059=VECTOR('',#13943,1.0);
#12060=CARTESIAN_POINT('',(2.75,-11.9999962962963,3.90001388888888));
#12061=VECTOR('',#13944,1.0);
#12062=COLOUR_RGB('',0.431372553110123,0.862745106220245,0.549019634723663);
#12063=CARTESIAN_POINT('',(4.25,-11.9999962962963,3.90001388888888));
#12064=VECTOR('',#13945,1.0);
#12065=COLOUR_RGB('',0.431372553110123,0.862745106220245,0.549019634723663);
#12066=CARTESIAN_POINT('',(4.25,-10.7499870370371,5.2));
#12067=CARTESIAN_POINT('',(9.525,-10.7499870370371,5.2));
#12068=VECTOR('',#13946,1.0);
#12069=CARTESIAN_POINT('',(4.25,-10.7499870370371,4.84992685185188));
#12070=CARTESIAN_POINT('',(2.75,-10.7499870370371,4.84992685185188));
#12071=VECTOR('',#13947,1.0);
#12072=CARTESIAN_POINT('',(4.25,-10.7499870370371,4.84992685185188));
#12073=VECTOR('',#13948,1.0);
#12074=COLOUR_RGB('',0.431372553110123,0.862745106220245,0.549019634723663);
#12075=CARTESIAN_POINT('',(4.25,-10.7499870370371,4.84992685185188));
#12076=VECTOR('',#13949,1.0);
#12077=COLOUR_RGB('',0.431372553110123,0.862745106220245,0.549019634723663);
#12078=CARTESIAN_POINT('',(4.25,-11.5292401938981,5.2));
#12079=VECTOR('',#13950,1.0);
#12080=COLOUR_RGB('',0.431372553110123,0.862745106220245,0.549019634723663);
#12081=CARTESIAN_POINT('',(0.75,-11.9999962962963,4.49997129629633));
#12082=CARTESIAN_POINT('',(0.75,-11.9999962962963,4.49997129629633));
#12083=VECTOR('',#13951,1.0);
#12084=CARTESIAN_POINT('',(-0.75,-11.9999962962963,4.49997129629633));
#12085=CARTESIAN_POINT('',(-0.75,-11.9999962962963,4.49997129629633));
#12086=VECTOR('',#13952,1.0);
#12087=CARTESIAN_POINT('',(-0.75,-11.9999962962963,4.49997129629633));
#12088=VECTOR('',#13953,1.0);
#12089=COLOUR_RGB('',0.431372553110123,0.862745106220245,0.549019634723663);
#12090=CARTESIAN_POINT('',(-0.75,-11.9999962962963,3.90001388888888));
#12091=CARTESIAN_POINT('',(-0.75,-11.9999962962963,3.90001388888888));
#12092=VECTOR('',#13954,1.0);
#12093=CARTESIAN_POINT('',(-0.75,-11.8499481481482,3.90001388888888));
#12094=CARTESIAN_POINT('',(-0.75,-11.8499481481482,3.90001388888888));
#12095=VECTOR('',#13955,1.0);
#12096=CARTESIAN_POINT('',(-0.75,-11.8499481481482,4.29994629629628));
#12097=CARTESIAN_POINT('',(-0.75,-11.8499481481482,4.29994629629628));
#12098=VECTOR('',#13956,1.0);
#12099=CARTESIAN_POINT('',(-0.75,-11.0499657407408,4.84992685185188));
#12100=CARTESIAN_POINT('',(-0.75,-11.0499657407408,4.84992685185188));
#12101=VECTOR('',#13957,1.0);
#12102=CARTESIAN_POINT('',(-0.75,-10.7499870370371,4.84992685185188));
#12103=CARTESIAN_POINT('',(-0.75,-10.7499870370371,4.84992685185188));
#12104=VECTOR('',#13958,1.0);
#12105=CARTESIAN_POINT('',(-0.75,-10.7499870370371,5.2));
#12106=CARTESIAN_POINT('',(-0.75,-10.7499870370371,4.84992685185188));
#12107=VECTOR('',#13959,1.0);
#12108=CARTESIAN_POINT('',(-0.75,-11.5292401938981,5.2));
#12109=VECTOR('',#13960,1.0);
#12110=COLOUR_RGB('',0.431372553110123,0.862745106220245,0.549019634723663);
#12111=CARTESIAN_POINT('',(0.75,-11.0499657407408,4.84992685185188));
#12112=CARTESIAN_POINT('',(0.75,-11.8499481481482,4.29994629629628));
#12113=CARTESIAN_POINT('',(0.75,-11.0499657407408,4.84992685185188));
#12114=VECTOR('',#13961,0.999999999999999);
#12115=CARTESIAN_POINT('',(-0.75,-11.0499657407408,4.84992685185188));
#12116=VECTOR('',#13962,1.0);
#12117=CARTESIAN_POINT('',(-0.75,-11.8499481481482,4.29994629629628));
#12118=VECTOR('',#13963,1.0);
#12119=COLOUR_RGB('',0.431372553110123,0.862745106220245,0.549019634723663);
#12120=CARTESIAN_POINT('',(0.75,-11.8499481481482,3.90001388888888));
#12121=CARTESIAN_POINT('',(0.75,-11.8499481481482,4.29994629629628));
#12122=VECTOR('',#13964,1.0);
#12123=CARTESIAN_POINT('',(-0.75,-11.8499481481482,3.90001388888888));
#12124=VECTOR('',#13965,1.0);
#12125=COLOUR_RGB('',0.431372553110123,0.862745106220245,0.549019634723663);
#12126=CARTESIAN_POINT('',(0.75,-11.9999962962963,3.90001388888888));
#12127=CARTESIAN_POINT('',(0.75,-11.8499481481482,3.90001388888888));
#12128=VECTOR('',#13966,1.0);
#12129=CARTESIAN_POINT('',(-0.75,-11.9999962962963,3.90001388888888));
#12130=VECTOR('',#13967,1.0);
#12131=COLOUR_RGB('',0.431372553110123,0.862745106220245,0.549019634723663);
#12132=CARTESIAN_POINT('',(0.75,-11.9999962962963,3.90001388888888));
#12133=VECTOR('',#13968,1.0);
#12134=COLOUR_RGB('',0.431372553110123,0.862745106220245,0.549019634723663);
#12135=CARTESIAN_POINT('',(0.75,-10.7499870370371,5.2));
#12136=CARTESIAN_POINT('',(7.775,-10.7499870370371,5.2));
#12137=VECTOR('',#13969,1.0);
#12138=CARTESIAN_POINT('',(0.75,-10.7499870370371,4.84992685185188));
#12139=CARTESIAN_POINT('',(-0.75,-10.7499870370371,4.84992685185188));
#12140=VECTOR('',#13970,1.0);
#12141=CARTESIAN_POINT('',(0.75,-10.7499870370371,4.84992685185188));
#12142=VECTOR('',#13971,1.0);
#12143=COLOUR_RGB('',0.431372553110123,0.862745106220245,0.549019634723663);
#12144=CARTESIAN_POINT('',(0.75,-10.7499870370371,4.84992685185188));
#12145=VECTOR('',#13972,1.0);
#12146=COLOUR_RGB('',0.431372553110123,0.862745106220245,0.549019634723663);
#12147=CARTESIAN_POINT('',(0.75,-11.5292401938981,5.2));
#12148=VECTOR('',#13973,1.0);
#12149=COLOUR_RGB('',0.431372553110123,0.862745106220245,0.549019634723663);
#12150=CARTESIAN_POINT('',(15.4478,-5.61659999999998,5.2));
#12151=CARTESIAN_POINT('',(15.4478,-9.8076,5.2));
#12152=CARTESIAN_POINT('',(15.4478,-9.95364999999999,5.2));
#12153=VECTOR('',#13974,1.0);
#12154=CARTESIAN_POINT('',(15.4478,-5.61659999999998,4.12180000000025));
#12155=CARTESIAN_POINT('',(15.4478,-5.61659999999998,4.76090000000007));
#12156=VECTOR('',#13975,1.0);
#12157=CARTESIAN_POINT('',(15.4478,-5.6329829787236,4.10780000000006));
#12158=CARTESIAN_POINT('',(15.4478,-7.79889418227005,2.25693042606061));
#12159=VECTOR('',#13976,1.0);
#12160=CARTESIAN_POINT('',(15.4478,-9.80640851063828,4.10780000000006));
#12161=CARTESIAN_POINT('',(15.4478,-12.5,4.10780000000006));
#12162=VECTOR('',#13977,1.0);
#12163=CARTESIAN_POINT('',(15.4478,-9.8076,4.12180000000025));
#12164=CARTESIAN_POINT('',(15.4478,-9.81858498876404,4.25087361797767));
#12165=VECTOR('',#13978,1.0);
#12166=CARTESIAN_POINT('',(15.4478,-9.80759999999998,4.45200000000002));
#12167=CARTESIAN_POINT('',(15.4478,-9.8076,4.52040000000006));
#12168=VECTOR('',#13979,1.0);
#12169=CARTESIAN_POINT('',(15.4478,-9.8076,4.78995));
#12170=VECTOR('',#13980,1.0);
#12171=COLOUR_RGB('',0.431372553110123,0.862745106220245,0.549019634723663);
#12172=CARTESIAN_POINT('',(14.8955531914893,-9.70600000000001,2.92800000000037));
#12173=CARTESIAN_POINT('',(15.3792862499314,-9.79395146517127,3.96142971576263));
#12174=VECTOR('',#13981,1.0);
#12175=CARTESIAN_POINT('',(14.8955531914893,-7.01360000000002,2.92800000000037));
#12176=CARTESIAN_POINT('',(14.5962496159941,-7.76185893873773,2.28857872507913));
#12177=VECTOR('',#13982,1.0);
#12178=CARTESIAN_POINT('',(14.8955531914893,-10.4299,2.92800000000037));
#12179=VECTOR('',#13983,1.0);
#12180=COLOUR_RGB('',0.431372553110123,0.862745106220245,0.549019634723663);
#12181=CARTESIAN_POINT('',(12.5522,-9.8076,5.2));
#12182=CARTESIAN_POINT('',(12.5522,-5.61659999999998,5.2));
#12183=CARTESIAN_POINT('',(12.5522,-9.95364999999999,5.2));
#12184=VECTOR('',#13984,1.0);
#12185=CARTESIAN_POINT('',(12.5522,-9.80759999999998,4.45200000000002));
#12186=CARTESIAN_POINT('',(12.5522,-9.8076,4.78995000000004));
#12187=VECTOR('',#13985,1.0);
#12188=CARTESIAN_POINT('',(12.5522,-9.8076,4.12180000000025));
#12189=CARTESIAN_POINT('',(12.5522,-9.8076,4.5204000000001));
#12190=VECTOR('',#13986,1.0);
#12191=CARTESIAN_POINT('',(12.5522,-9.80640851063828,4.10780000000006));
#12192=CARTESIAN_POINT('',(12.5522,-9.81858498876404,4.25087361797772));
#12193=VECTOR('',#13987,1.0);
#12194=CARTESIAN_POINT('',(12.5522,-5.6329829787236,4.10780000000006));
#12195=CARTESIAN_POINT('',(12.5522,-12.5,4.10780000000006));
#12196=VECTOR('',#13988,1.0);
#12197=CARTESIAN_POINT('',(12.5522,-5.61659999999998,4.12180000000025));
#12198=CARTESIAN_POINT('',(12.5522,-7.79889418227003,2.25693042606062));
#12199=VECTOR('',#13989,1.0);
#12200=CARTESIAN_POINT('',(12.5522,-5.61659999999998,4.76090000000011));
#12201=VECTOR('',#13990,1.0);
#12202=COLOUR_RGB('',0.431372553110123,0.862745106220245,0.549019634723663);
#12203=CARTESIAN_POINT('',(13.1044468085107,-9.70600000000001,2.92800000000037));
#12204=CARTESIAN_POINT('',(13.1567048907112,-9.69649853050901,2.81635773348107));
#12205=VECTOR('',#13991,1.0);
#12206=CARTESIAN_POINT('',(13.1044468085107,-7.01360000000002,2.92800000000037));
#12207=CARTESIAN_POINT('',(13.1044468085107,-10.4299,2.92800000000037));
#12208=VECTOR('',#13992,1.0);
#12209=CARTESIAN_POINT('',(13.6576853262935,-8.39669629445671,1.74608134837389));
#12210=VECTOR('',#13993,1.0);
#12211=COLOUR_RGB('',0.431372553110123,0.862745106220245,0.549019634723663);
#12212=CARTESIAN_POINT('',(17.0,-9.8076,4.12180000000025));
#12213=VECTOR('',#13994,1.0);
#12214=CARTESIAN_POINT('',(16.3,-9.8076,4.45200000000002));
#12215=VECTOR('',#13995,1.0);
#12216=COLOUR_RGB('',0.431372553110123,0.862745106220245,0.549019634723663);
#12217=CARTESIAN_POINT('',(17.0,-9.70600000000001,2.92800000000037));
#12218=VECTOR('',#13996,1.0);
#12219=COLOUR_RGB('',0.431372553110123,0.862745106220245,0.549019634723663);
#12220=CARTESIAN_POINT('',(17.0,-7.01360000000002,2.92800000000037));
#12221=VECTOR('',#13997,1.0);
#12222=COLOUR_RGB('',0.431372553110123,0.862745106220245,0.549019634723663);
#12223=CARTESIAN_POINT('',(17.0,-5.61659999999998,4.12180000000025));
#12224=VECTOR('',#13998,1.0);
#12225=COLOUR_RGB('',0.431372553110123,0.862745106220245,0.549019634723663);
#12226=CARTESIAN_POINT('',(16.65,-5.61659999999998,5.2));
#12227=VECTOR('',#13999,1.0);
#12228=COLOUR_RGB('',0.431372553110123,0.862745106220245,0.549019634723663);
#12229=CARTESIAN_POINT('',(11.9478,-9.8076,5.2));
#12230=CARTESIAN_POINT('',(16.3,-9.8076,5.2));
#12231=VECTOR('',#14000,1.0);
#12232=CARTESIAN_POINT('',(11.9478,-9.80759999999998,4.45200000000002));
#12233=CARTESIAN_POINT('',(11.9478,-9.8076,4.78995));
#12234=VECTOR('',#14001,1.0);
#12235=CARTESIAN_POINT('',(16.3,-9.8076,4.45200000000002));
#12236=VECTOR('',#14002,1.0);
#12237=COLOUR_RGB('',0.431372553110123,0.862745106220245,0.549019634723663);
#12238=CARTESIAN_POINT('',(16.3,-9.8076,4.45200000000002));
#12239=CARTESIAN_POINT('',(16.3,-9.8076,4.45200000000002));
#12240=VECTOR('',#14003,1.0);
#12241=CARTESIAN_POINT('',(16.3,-9.8076,5.2));
#12242=CARTESIAN_POINT('',(16.3,-9.8076,5.2));
#12243=VECTOR('',#14004,1.0);
#12244=CARTESIAN_POINT('',(16.3,-9.8076,5.2));
#12245=VECTOR('',#14005,1.0);
#12246=COLOUR_RGB('',0.431372553110123,0.862745106220245,0.549019634723663);
#12247=CARTESIAN_POINT('',(11.9478,-5.61659999999998,5.2));
#12248=CARTESIAN_POINT('',(11.9478,-9.95364999999999,5.2));
#12249=VECTOR('',#14006,1.0);
#12250=CARTESIAN_POINT('',(11.9478,-5.61659999999998,4.12180000000025));
#12251=CARTESIAN_POINT('',(11.9478,-5.61659999999998,4.76090000000007));
#12252=VECTOR('',#14007,1.0);
#12253=CARTESIAN_POINT('',(11.9478,-5.6329829787236,4.10780000000006));
#12254=CARTESIAN_POINT('',(11.9478,-7.79889418227005,2.25693042606061));
#12255=VECTOR('',#14008,1.0);
#12256=CARTESIAN_POINT('',(11.9478,-9.80640851063828,4.10780000000006));
#12257=CARTESIAN_POINT('',(11.9478,-12.5,4.10780000000006));
#12258=VECTOR('',#14009,1.0);
#12259=CARTESIAN_POINT('',(11.9478,-9.8076,4.12180000000025));
#12260=CARTESIAN_POINT('',(11.9478,-9.81858498876404,4.25087361797767));
#12261=VECTOR('',#14010,1.0);
#12262=CARTESIAN_POINT('',(11.9478,-9.8076,4.52040000000006));
#12263=VECTOR('',#14011,1.0);
#12264=COLOUR_RGB('',0.431372553110123,0.862745106220245,0.549019634723663);
#12265=CARTESIAN_POINT('',(11.3955531914893,-9.70600000000001,2.92800000000037));
#12266=CARTESIAN_POINT('',(11.8792862499314,-9.79395146517127,3.96142971576263));
#12267=VECTOR('',#14012,1.0);
#12268=CARTESIAN_POINT('',(11.3955531914893,-7.01360000000002,2.92800000000037));
#12269=CARTESIAN_POINT('',(11.0962496159941,-7.76185893873773,2.28857872507913));
#12270=VECTOR('',#14013,1.0);
#12271=CARTESIAN_POINT('',(11.3955531914893,-10.4299,2.92800000000037));
#12272=VECTOR('',#14014,1.0);
#12273=COLOUR_RGB('',0.431372553110123,0.862745106220245,0.549019634723663);
#12274=CARTESIAN_POINT('',(9.05219999999999,-9.8076,5.2));
#12275=CARTESIAN_POINT('',(9.05219999999999,-5.61659999999998,5.2));
#12276=CARTESIAN_POINT('',(9.05219999999999,-9.95364999999999,5.2));
#12277=VECTOR('',#14015,1.0);
#12278=CARTESIAN_POINT('',(9.05219999999999,-9.80759999999998,4.45200000000002));
#12279=CARTESIAN_POINT('',(9.05219999999999,-9.8076,4.78995000000004));
#12280=VECTOR('',#14016,1.0);
#12281=CARTESIAN_POINT('',(9.05219999999999,-9.8076,4.12180000000025));
#12282=CARTESIAN_POINT('',(9.05219999999999,-9.8076,4.5204000000001));
#12283=VECTOR('',#14017,1.0);
#12284=CARTESIAN_POINT('',(9.05219999999999,-9.80640851063828,4.10780000000006));
#12285=CARTESIAN_POINT('',(9.05219999999999,-9.81858498876404,4.25087361797772));
#12286=VECTOR('',#14018,1.0);
#12287=CARTESIAN_POINT('',(9.05219999999999,-5.6329829787236,4.10780000000006));
#12288=CARTESIAN_POINT('',(9.05219999999999,-12.5,4.10780000000006));
#12289=VECTOR('',#14019,1.0);
#12290=CARTESIAN_POINT('',(9.05219999999999,-5.61659999999998,4.12180000000025));
#12291=CARTESIAN_POINT('',(9.05219999999999,-7.79889418227003,2.25693042606062));
#12292=VECTOR('',#14020,1.0);
#12293=CARTESIAN_POINT('',(9.05219999999999,-5.61659999999998,4.76090000000011));
#12294=VECTOR('',#14021,1.0);
#12295=COLOUR_RGB('',0.431372553110123,0.862745106220245,0.549019634723663);
#12296=CARTESIAN_POINT('',(9.60444680851069,-9.70600000000001,2.92800000000037));
#12297=CARTESIAN_POINT('',(9.65670489071124,-9.69649853050901,2.81635773348107));
#12298=VECTOR('',#14022,1.0);
#12299=CARTESIAN_POINT('',(9.60444680851069,-7.01360000000002,2.92800000000037));
#12300=CARTESIAN_POINT('',(9.60444680851069,-10.4299,2.92800000000037));
#12301=VECTOR('',#14023,1.0);
#12302=CARTESIAN_POINT('',(10.1576853262935,-8.39669629445671,1.74608134837389));
#12303=VECTOR('',#14024,1.0);
#12304=COLOUR_RGB('',0.431372553110123,0.862745106220245,0.549019634723663);
#12305=CARTESIAN_POINT('',(13.5,-9.8076,4.12180000000025));
#12306=VECTOR('',#14025,1.0);
#12307=CARTESIAN_POINT('',(16.3,-9.8076,4.45200000000002));
#12308=VECTOR('',#14026,1.0);
#12309=COLOUR_RGB('',0.431372553110123,0.862745106220245,0.549019634723663);
#12310=CARTESIAN_POINT('',(13.5,-9.70600000000001,2.92800000000037));
#12311=VECTOR('',#14027,1.0);
#12312=COLOUR_RGB('',0.431372553110123,0.862745106220245,0.549019634723663);
#12313=CARTESIAN_POINT('',(13.5,-7.01360000000002,2.92800000000037));
#12314=VECTOR('',#14028,1.0);
#12315=COLOUR_RGB('',0.431372553110123,0.862745106220245,0.549019634723663);
#12316=CARTESIAN_POINT('',(13.5,-5.61659999999998,4.12180000000025));
#12317=VECTOR('',#14029,1.0);
#12318=COLOUR_RGB('',0.431372553110123,0.862745106220245,0.549019634723663);
#12319=CARTESIAN_POINT('',(14.9,-5.61659999999998,5.2));
#12320=VECTOR('',#14030,1.0);
#12321=COLOUR_RGB('',0.431372553110123,0.862745106220245,0.549019634723663);
#12322=CARTESIAN_POINT('',(8.44780000000001,-9.8076,5.2));
#12323=CARTESIAN_POINT('',(16.3,-9.8076,5.2));
#12324=VECTOR('',#14031,1.0);
#12325=CARTESIAN_POINT('',(8.44780000000001,-9.80759999999998,4.45200000000002));
#12326=CARTESIAN_POINT('',(8.44780000000001,-9.8076,4.78995));
#12327=VECTOR('',#14032,1.0);
#12328=CARTESIAN_POINT('',(16.3,-9.8076,4.45200000000002));
#12329=VECTOR('',#14033,1.0);
#12330=COLOUR_RGB('',0.431372553110123,0.862745106220245,0.549019634723663);
#12331=CARTESIAN_POINT('',(8.44780000000001,-5.61659999999998,5.2));
#12332=CARTESIAN_POINT('',(8.44780000000001,-9.95364999999999,5.2));
#12333=VECTOR('',#14034,1.0);
#12334=CARTESIAN_POINT('',(8.44780000000001,-5.61659999999998,4.12180000000025));
#12335=CARTESIAN_POINT('',(8.44780000000001,-5.61659999999998,4.76090000000007));
#12336=VECTOR('',#14035,1.0);
#12337=CARTESIAN_POINT('',(8.44780000000001,-5.6329829787236,4.10780000000006));
#12338=CARTESIAN_POINT('',(8.44780000000001,-7.79889418227005,2.25693042606061));
#12339=VECTOR('',#14036,1.0);
#12340=CARTESIAN_POINT('',(8.44780000000001,-9.80640851063828,4.10780000000006));
#12341=CARTESIAN_POINT('',(8.44780000000001,-12.5,4.10780000000006));
#12342=VECTOR('',#14037,1.0);
#12343=CARTESIAN_POINT('',(8.44780000000001,-9.8076,4.12180000000025));
#12344=CARTESIAN_POINT('',(8.44780000000001,-9.81858498876404,4.25087361797767));
#12345=VECTOR('',#14038,1.0);
#12346=CARTESIAN_POINT('',(8.44780000000001,-9.8076,4.52040000000006));
#12347=VECTOR('',#14039,1.0);
#12348=COLOUR_RGB('',0.431372553110123,0.862745106220245,0.549019634723663);
#12349=CARTESIAN_POINT('',(7.89555319148931,-9.70600000000001,2.92800000000037));
#12350=CARTESIAN_POINT('',(8.3792862499314,-9.79395146517127,3.96142971576263));
#12351=VECTOR('',#14040,1.0);
#12352=CARTESIAN_POINT('',(7.89555319148931,-7.01360000000002,2.92800000000037));
#12353=CARTESIAN_POINT('',(7.59624961599414,-7.76185893873773,2.28857872507913));
#12354=VECTOR('',#14041,1.0);
#12355=CARTESIAN_POINT('',(7.89555319148931,-10.4299,2.92800000000037));
#12356=VECTOR('',#14042,1.0);
#12357=COLOUR_RGB('',0.431372553110123,0.862745106220245,0.549019634723663);
#12358=CARTESIAN_POINT('',(5.55219999999999,-9.8076,5.2));
#12359=CARTESIAN_POINT('',(5.55219999999999,-5.61659999999998,5.2));
#12360=CARTESIAN_POINT('',(5.55219999999999,-9.95364999999999,5.2));
#12361=VECTOR('',#14043,1.0);
#12362=CARTESIAN_POINT('',(5.55219999999999,-9.80759999999998,4.45200000000002));
#12363=CARTESIAN_POINT('',(5.55219999999999,-9.8076,4.78995000000004));
#12364=VECTOR('',#14044,1.0);
#12365=CARTESIAN_POINT('',(5.55219999999999,-9.8076,4.12180000000025));
#12366=CARTESIAN_POINT('',(5.55219999999999,-9.8076,4.5204000000001));
#12367=VECTOR('',#14045,1.0);
#12368=CARTESIAN_POINT('',(5.55219999999999,-9.80640851063828,4.10780000000006));
#12369=CARTESIAN_POINT('',(5.55219999999999,-9.81858498876404,4.25087361797772));
#12370=VECTOR('',#14046,1.0);
#12371=CARTESIAN_POINT('',(5.55219999999999,-5.6329829787236,4.10780000000006));
#12372=CARTESIAN_POINT('',(5.55219999999999,-12.5,4.10780000000006));
#12373=VECTOR('',#14047,1.0);
#12374=CARTESIAN_POINT('',(5.55219999999999,-5.61659999999998,4.12180000000025));
#12375=CARTESIAN_POINT('',(5.55219999999999,-7.79889418227003,2.25693042606062));
#12376=VECTOR('',#14048,1.0);
#12377=CARTESIAN_POINT('',(5.55219999999999,-5.61659999999998,4.76090000000011));
#12378=VECTOR('',#14049,1.0);
#12379=COLOUR_RGB('',0.431372553110123,0.862745106220245,0.549019634723663);
#12380=CARTESIAN_POINT('',(6.10444680851069,-9.70600000000001,2.92800000000037));
#12381=CARTESIAN_POINT('',(6.15670489071124,-9.69649853050901,2.81635773348107));
#12382=VECTOR('',#14050,1.0);
#12383=CARTESIAN_POINT('',(6.10444680851069,-7.01360000000002,2.92800000000037));
#12384=CARTESIAN_POINT('',(6.10444680851069,-10.4299,2.92800000000037));
#12385=VECTOR('',#14051,1.0);
#12386=CARTESIAN_POINT('',(6.65768532629351,-8.39669629445671,1.74608134837389));
#12387=VECTOR('',#14052,1.0);
#12388=COLOUR_RGB('',0.431372553110123,0.862745106220245,0.549019634723663);
#12389=CARTESIAN_POINT('',(10.0,-9.8076,4.12180000000025));
#12390=VECTOR('',#14053,1.0);
#12391=CARTESIAN_POINT('',(16.3,-9.8076,4.45200000000002));
#12392=VECTOR('',#14054,1.0);
#12393=COLOUR_RGB('',0.431372553110123,0.862745106220245,0.549019634723663);
#12394=CARTESIAN_POINT('',(10.0,-9.70600000000001,2.92800000000037));
#12395=VECTOR('',#14055,1.0);
#12396=COLOUR_RGB('',0.431372553110123,0.862745106220245,0.549019634723663);
#12397=CARTESIAN_POINT('',(10.0,-7.01360000000002,2.92800000000037));
#12398=VECTOR('',#14056,1.0);
#12399=COLOUR_RGB('',0.431372553110123,0.862745106220245,0.549019634723663);
#12400=CARTESIAN_POINT('',(10.0,-5.61659999999998,4.12180000000025));
#12401=VECTOR('',#14057,1.0);
#12402=COLOUR_RGB('',0.431372553110123,0.862745106220245,0.549019634723663);
#12403=CARTESIAN_POINT('',(13.15,-5.61659999999998,5.2));
#12404=VECTOR('',#14058,1.0);
#12405=COLOUR_RGB('',0.431372553110123,0.862745106220245,0.549019634723663);
#12406=CARTESIAN_POINT('',(4.94780000000001,-9.8076,5.2));
#12407=CARTESIAN_POINT('',(16.3,-9.8076,5.2));
#12408=VECTOR('',#14059,1.0);
#12409=CARTESIAN_POINT('',(4.94780000000001,-9.80759999999998,4.45200000000002));
#12410=CARTESIAN_POINT('',(4.94780000000001,-9.8076,4.78995));
#12411=VECTOR('',#14060,1.0);
#12412=CARTESIAN_POINT('',(16.3,-9.8076,4.45200000000002));
#12413=VECTOR('',#14061,1.0);
#12414=COLOUR_RGB('',0.431372553110123,0.862745106220245,0.549019634723663);
#12415=CARTESIAN_POINT('',(4.94780000000001,-5.61659999999998,5.2));
#12416=CARTESIAN_POINT('',(4.94780000000001,-9.95364999999999,5.2));
#12417=VECTOR('',#14062,1.0);
#12418=CARTESIAN_POINT('',(4.94780000000001,-5.61659999999998,4.12180000000025));
#12419=CARTESIAN_POINT('',(4.94780000000001,-5.61659999999998,4.76090000000007));
#12420=VECTOR('',#14063,1.0);
#12421=CARTESIAN_POINT('',(4.94780000000001,-5.6329829787236,4.10780000000006));
#12422=CARTESIAN_POINT('',(4.94780000000001,-7.79889418227005,2.25693042606061));
#12423=VECTOR('',#14064,1.0);
#12424=CARTESIAN_POINT('',(4.94780000000001,-9.80640851063828,4.10780000000006));
#12425=CARTESIAN_POINT('',(4.94780000000001,-12.5,4.10780000000006));
#12426=VECTOR('',#14065,1.0);
#12427=CARTESIAN_POINT('',(4.94780000000001,-9.8076,4.12180000000025));
#12428=CARTESIAN_POINT('',(4.94780000000001,-9.81858498876404,4.25087361797767));
#12429=VECTOR('',#14066,1.0);
#12430=CARTESIAN_POINT('',(4.94780000000001,-9.8076,4.52040000000006));
#12431=VECTOR('',#14067,1.0);
#12432=COLOUR_RGB('',0.431372553110123,0.862745106220245,0.549019634723663);
#12433=CARTESIAN_POINT('',(4.3955531914893,-9.70600000000001,2.92800000000037));
#12434=CARTESIAN_POINT('',(4.8792862499314,-9.79395146517127,3.96142971576263));
#12435=VECTOR('',#14068,1.0);
#12436=CARTESIAN_POINT('',(4.3955531914893,-7.01360000000002,2.92800000000037));
#12437=CARTESIAN_POINT('',(4.09624961599414,-7.76185893873773,2.28857872507913));
#12438=VECTOR('',#14069,1.0);
#12439=CARTESIAN_POINT('',(4.39555319148931,-10.4299,2.92800000000037));
#12440=VECTOR('',#14070,1.0);
#12441=COLOUR_RGB('',0.431372553110123,0.862745106220245,0.549019634723663);
#12442=CARTESIAN_POINT('',(2.05219999999999,-9.8076,5.2));
#12443=CARTESIAN_POINT('',(2.05219999999999,-5.61659999999998,5.2));
#12444=CARTESIAN_POINT('',(2.05219999999999,-9.95364999999999,5.2));
#12445=VECTOR('',#14071,1.0);
#12446=CARTESIAN_POINT('',(2.05219999999999,-9.80759999999998,4.45200000000002));
#12447=CARTESIAN_POINT('',(2.05219999999999,-9.8076,4.78995000000004));
#12448=VECTOR('',#14072,1.0);
#12449=CARTESIAN_POINT('',(2.05219999999999,-9.8076,4.12180000000025));
#12450=CARTESIAN_POINT('',(2.05219999999999,-9.8076,4.5204000000001));
#12451=VECTOR('',#14073,1.0);
#12452=CARTESIAN_POINT('',(2.05219999999999,-9.80640851063828,4.10780000000006));
#12453=CARTESIAN_POINT('',(2.05219999999999,-9.81858498876404,4.25087361797772));
#12454=VECTOR('',#14074,1.0);
#12455=CARTESIAN_POINT('',(2.05219999999999,-5.6329829787236,4.10780000000006));
#12456=CARTESIAN_POINT('',(2.05219999999999,-12.5,4.10780000000006));
#12457=VECTOR('',#14075,1.0);
#12458=CARTESIAN_POINT('',(2.05219999999999,-5.61659999999998,4.12180000000025));
#12459=CARTESIAN_POINT('',(2.05219999999999,-7.79889418227003,2.25693042606062));
#12460=VECTOR('',#14076,1.0);
#12461=CARTESIAN_POINT('',(2.05219999999999,-5.61659999999998,4.76090000000011));
#12462=VECTOR('',#14077,1.0);
#12463=COLOUR_RGB('',0.431372553110123,0.862745106220245,0.549019634723663);
#12464=CARTESIAN_POINT('',(2.6044468085107,-9.70600000000001,2.92800000000037));
#12465=CARTESIAN_POINT('',(2.65670489071124,-9.69649853050901,2.81635773348107));
#12466=VECTOR('',#14078,1.0);
#12467=CARTESIAN_POINT('',(2.6044468085107,-7.01360000000002,2.92800000000037));
#12468=CARTESIAN_POINT('',(2.60444680851069,-10.4299,2.92800000000037));
#12469=VECTOR('',#14079,1.0);
#12470=CARTESIAN_POINT('',(3.15768532629351,-8.39669629445671,1.74608134837389));
#12471=VECTOR('',#14080,1.0);
#12472=COLOUR_RGB('',0.431372553110123,0.862745106220245,0.549019634723663);
#12473=CARTESIAN_POINT('',(6.5,-9.8076,4.12180000000025));
#12474=VECTOR('',#14081,1.0);
#12475=CARTESIAN_POINT('',(16.3,-9.8076,4.45200000000002));
#12476=VECTOR('',#14082,1.0);
#12477=COLOUR_RGB('',0.431372553110123,0.862745106220245,0.549019634723663);
#12478=CARTESIAN_POINT('',(6.5,-9.70600000000001,2.92800000000037));
#12479=VECTOR('',#14083,1.0);
#12480=COLOUR_RGB('',0.431372553110123,0.862745106220245,0.549019634723663);
#12481=CARTESIAN_POINT('',(6.5,-7.01360000000002,2.92800000000037));
#12482=VECTOR('',#14084,1.0);
#12483=COLOUR_RGB('',0.431372553110123,0.862745106220245,0.549019634723663);
#12484=CARTESIAN_POINT('',(6.5,-5.61659999999998,4.12180000000025));
#12485=VECTOR('',#14085,1.0);
#12486=COLOUR_RGB('',0.431372553110123,0.862745106220245,0.549019634723663);
#12487=CARTESIAN_POINT('',(11.4,-5.61659999999998,5.2));
#12488=VECTOR('',#14086,1.0);
#12489=COLOUR_RGB('',0.431372553110123,0.862745106220245,0.549019634723663);
#12490=CARTESIAN_POINT('',(1.44780000000001,-9.8076,5.2));
#12491=CARTESIAN_POINT('',(16.3,-9.8076,5.2));
#12492=VECTOR('',#14087,1.0);
#12493=CARTESIAN_POINT('',(1.44780000000001,-9.80759999999998,4.45200000000002));
#12494=CARTESIAN_POINT('',(1.44780000000001,-9.8076,4.78995));
#12495=VECTOR('',#14088,1.0);
#12496=CARTESIAN_POINT('',(16.3,-9.8076,4.45200000000002));
#12497=VECTOR('',#14089,1.0);
#12498=COLOUR_RGB('',0.431372553110123,0.862745106220245,0.549019634723663);
#12499=CARTESIAN_POINT('',(-1.44780000000001,-9.80759999999998,4.45200000000002));
#12500=CARTESIAN_POINT('',(-1.44780000000001,-9.8076,5.2));
#12501=CARTESIAN_POINT('',(-1.44780000000001,-9.8076,4.78995000000004));
#12502=VECTOR('',#14090,1.0);
#12503=CARTESIAN_POINT('',(-1.44780000000001,-9.8076,4.12180000000025));
#12504=CARTESIAN_POINT('',(-1.44780000000001,-9.8076,4.5204000000001));
#12505=VECTOR('',#14091,1.0);
#12506=CARTESIAN_POINT('',(-1.44780000000001,-9.80640851063828,4.10780000000006));
#12507=CARTESIAN_POINT('',(-1.44780000000001,-9.81858498876404,4.25087361797772));
#12508=VECTOR('',#14092,1.0);
#12509=CARTESIAN_POINT('',(-1.44780000000001,-5.6329829787236,4.10780000000006));
#12510=CARTESIAN_POINT('',(-1.44780000000001,-12.5,4.10780000000006));
#12511=VECTOR('',#14093,1.0);
#12512=CARTESIAN_POINT('',(-1.44780000000001,-5.61659999999998,4.12180000000025));
#12513=CARTESIAN_POINT('',(-1.44780000000001,-7.79889418227003,2.25693042606062));
#12514=VECTOR('',#14094,1.0);
#12515=CARTESIAN_POINT('',(-1.44780000000001,-5.61659999999998,5.2));
#12516=CARTESIAN_POINT('',(-1.44780000000001,-5.61659999999998,4.76090000000011));
#12517=VECTOR('',#14095,1.0);
#12518=CARTESIAN_POINT('',(-1.44780000000001,-9.95364999999999,5.2));
#12519=VECTOR('',#14096,1.0);
#12520=COLOUR_RGB('',0.431372553110123,0.862745106220245,0.549019634723663);
#12521=CARTESIAN_POINT('',(1.44780000000001,-9.80640851063828,4.10780000000006));
#12522=CARTESIAN_POINT('',(0.895553191489305,-9.70600000000001,2.92800000000037));
#12523=CARTESIAN_POINT('',(1.3792862499314,-9.79395146517127,3.96142971576263));
#12524=VECTOR('',#14097,1.0);
#12525=CARTESIAN_POINT('',(1.44780000000001,-5.6329829787236,4.10780000000006));
#12526=CARTESIAN_POINT('',(1.44780000000001,-12.5,4.10780000000006));
#12527=VECTOR('',#14098,1.0);
#12528=CARTESIAN_POINT('',(0.895553191489305,-7.01360000000002,2.92800000000037));
#12529=CARTESIAN_POINT('',(0.596249615994144,-7.76185893873773,2.28857872507913));
#12530=VECTOR('',#14099,1.0);
#12531=CARTESIAN_POINT('',(0.895553191489306,-10.4299,2.92800000000037));
#12532=VECTOR('',#14100,1.0);
#12533=COLOUR_RGB('',0.431372553110123,0.862745106220245,0.549019634723663);
#12534=CARTESIAN_POINT('',(1.44780000000001,-5.61659999999998,5.2));
#12535=CARTESIAN_POINT('',(1.44780000000001,-9.95364999999999,5.2));
#12536=VECTOR('',#14101,1.0);
#12537=CARTESIAN_POINT('',(1.44780000000001,-5.61659999999998,4.12180000000025));
#12538=CARTESIAN_POINT('',(1.44780000000001,-5.61659999999998,4.76090000000007));
#12539=VECTOR('',#14102,1.0);
#12540=CARTESIAN_POINT('',(1.44780000000001,-7.79889418227005,2.25693042606061));
#12541=VECTOR('',#14103,1.0);
#12542=CARTESIAN_POINT('',(1.44780000000001,-9.8076,4.12180000000025));
#12543=CARTESIAN_POINT('',(1.44780000000001,-9.81858498876404,4.25087361797767));
#12544=VECTOR('',#14104,1.0);
#12545=CARTESIAN_POINT('',(1.44780000000001,-9.8076,4.52040000000006));
#12546=VECTOR('',#14105,1.0);
#12547=COLOUR_RGB('',0.431372553110123,0.862745106220245,0.549019634723663);
#12548=CARTESIAN_POINT('',(-0.895553191489305,-9.70600000000001,2.92800000000037));
#12549=CARTESIAN_POINT('',(-0.843295109288764,-9.69649853050901,2.81635773348107));
#12550=VECTOR('',#14106,1.0);
#12551=CARTESIAN_POINT('',(-0.895553191489305,-7.01360000000002,2.92800000000037));
#12552=CARTESIAN_POINT('',(-0.895553191489305,-10.4299,2.92800000000037));
#12553=VECTOR('',#14107,1.0);
#12554=CARTESIAN_POINT('',(-0.342314673706489,-8.39669629445671,1.74608134837389));
#12555=VECTOR('',#14108,1.0);
#12556=COLOUR_RGB('',0.431372553110123,0.862745106220245,0.549019634723663);
#12557=CARTESIAN_POINT('',(3.0,-9.8076,4.12180000000025));
#12558=VECTOR('',#14109,1.0);
#12559=CARTESIAN_POINT('',(16.3,-9.8076,4.45200000000002));
#12560=VECTOR('',#14110,1.0);
#12561=COLOUR_RGB('',0.431372553110123,0.862745106220245,0.549019634723663);
#12562=CARTESIAN_POINT('',(3.0,-9.70600000000001,2.92800000000037));
#12563=VECTOR('',#14111,1.0);
#12564=COLOUR_RGB('',0.431372553110123,0.862745106220245,0.549019634723663);
#12565=CARTESIAN_POINT('',(3.0,-7.01360000000002,2.92800000000037));
#12566=VECTOR('',#14112,1.0);
#12567=COLOUR_RGB('',0.431372553110123,0.862745106220245,0.549019634723663);
#12568=CARTESIAN_POINT('',(3.0,-5.61659999999998,4.12180000000025));
#12569=VECTOR('',#14113,1.0);
#12570=COLOUR_RGB('',0.431372553110123,0.862745106220245,0.549019634723663);
#12571=CARTESIAN_POINT('',(9.65,-5.61659999999998,5.2));
#12572=VECTOR('',#14114,1.0);
#12573=COLOUR_RGB('',0.431372553110123,0.862745106220245,0.549019634723663);
#12574=CARTESIAN_POINT('',(-2.3,-9.8076,5.2));
#12575=CARTESIAN_POINT('',(16.3,-9.8076,5.2));
#12576=VECTOR('',#14115,1.0);
#12577=CARTESIAN_POINT('',(-2.3,-9.8076,4.45200000000002));
#12578=CARTESIAN_POINT('',(-2.3,-9.8076,5.2));
#12579=VECTOR('',#14116,1.0);
#12580=CARTESIAN_POINT('',(16.3,-9.8076,4.45200000000002));
#12581=VECTOR('',#14117,1.0);
#12582=COLOUR_RGB('',0.431372553110123,0.862745106220245,0.549019634723663);
#12583=CARTESIAN_POINT('',(16.3,-11.84,4.45200000000002));
#12584=CARTESIAN_POINT('',(16.3,-11.84,-4.43800000000002));
#12585=CARTESIAN_POINT('',(16.3,-11.84,-0.0133964118029626));
#12586=VECTOR('',#14118,1.0);
#12587=CARTESIAN_POINT('',(16.25,-11.84,4.45200000000002));
#12588=CARTESIAN_POINT('',(16.75,-11.84,4.45200000000002));
#12589=VECTOR('',#14119,1.0);
#12590=CARTESIAN_POINT('',(16.25,-11.84,-4.43800000000002));
#12591=CARTESIAN_POINT('',(16.25,-11.84,4.45200000000002));
#12592=VECTOR('',#14120,1.0);
#12593=CARTESIAN_POINT('',(16.75,-11.84,-4.43800000000002));
#12594=VECTOR('',#14121,1.0);
#12595=COLOUR_RGB('',0.431372553110123,0.862745106220245,0.549019634723663);
#12596=CARTESIAN_POINT('',(16.25,-10.0108,4.48200000000002));
#12597=CARTESIAN_POINT('',(16.25,-10.0108,4.45200000000002));
#12598=CARTESIAN_POINT('',(16.25,-10.0108,2.41650000000001));
#12599=VECTOR('',#14122,1.0);
#12600=CARTESIAN_POINT('',(16.25,-11.87,4.48200000000002));
#12601=CARTESIAN_POINT('',(16.25,-9.99988089297204,4.48200000000002));
#12602=VECTOR('',#14123,1.0);
#12603=CARTESIAN_POINT('',(16.25,-11.87,-4.46800000000002));
#12604=CARTESIAN_POINT('',(16.25,-11.87,4.48200000000002));
#12605=VECTOR('',#14124,1.0);
#12606=CARTESIAN_POINT('',(16.25,-10.0108,-4.46800000000002));
#12607=CARTESIAN_POINT('',(16.25,-11.87,-4.46800000000002));
#12608=VECTOR('',#14125,1.0);
#12609=CARTESIAN_POINT('',(16.25,-10.0108,-4.43800000000002));
#12610=CARTESIAN_POINT('',(16.25,-10.0108,-2.406));
#12611=VECTOR('',#14126,1.0);
#12612=CARTESIAN_POINT('',(16.25,-11.84,-4.43800000000002));
#12613=VECTOR('',#14127,1.0);
#12614=CARTESIAN_POINT('',(16.25,-10.0108,4.45200000000002));
#12615=VECTOR('',#14128,1.0);
#12616=COLOUR_RGB('',0.431372553110123,0.862745106220245,0.549019634723663);
#12617=CARTESIAN_POINT('',(16.3,-10.0108,4.48200000000002));
#12618=CARTESIAN_POINT('',(16.525,-10.0108,4.48200000000002));
#12619=VECTOR('',#14129,1.0);
#12620=CARTESIAN_POINT('',(16.3,-11.87,4.48200000000002));
#12621=CARTESIAN_POINT('',(16.3,-8.67422722559197,4.48200000000002));
#12622=VECTOR('',#14130,1.0);
#12623=CARTESIAN_POINT('',(16.75,-11.87,4.48200000000002));
#12624=VECTOR('',#14131,1.0);
#12625=COLOUR_RGB('',0.431372553110123,0.862745106220245,0.549019634723663);
#12626=CARTESIAN_POINT('',(16.3,-11.87,-4.46800000000002));
#12627=CARTESIAN_POINT('',(16.3,-11.87,-0.0133964118029626));
#12628=VECTOR('',#14132,1.0);
#12629=CARTESIAN_POINT('',(16.75,-11.87,-4.46800000000002));
#12630=VECTOR('',#14133,1.0);
#12631=COLOUR_RGB('',0.431372553110123,0.862745106220245,0.549019634723663);
#12632=CARTESIAN_POINT('',(16.3,-10.0108,-4.46800000000002));
#12633=CARTESIAN_POINT('',(16.3,-8.67422722559197,-4.46800000000002));
#12634=VECTOR('',#14134,1.0);
#12635=CARTESIAN_POINT('',(16.525,-10.0108,-4.46800000000002));
#12636=VECTOR('',#14135,1.0);
#12637=COLOUR_RGB('',0.431372553110123,0.862745106220245,0.549019634723663);
#12638=CARTESIAN_POINT('',(-2.25,-10.0108,4.45200000000002));
#12639=CARTESIAN_POINT('',(16.3,-10.0108,4.45200000000002));
#12640=VECTOR('',#14136,1.0);
#12641=CARTESIAN_POINT('',(-2.25,-10.0108,4.48200000000002));
#12642=CARTESIAN_POINT('',(-2.25,-10.0108,2.41650000000001));
#12643=VECTOR('',#14137,1.0);
#12644=CARTESIAN_POINT('',(-2.3,-10.0108,4.48200000000002));
#12645=CARTESIAN_POINT('',(7.025,-10.0108,4.48200000000002));
#12646=VECTOR('',#14138,1.0);
#12647=CARTESIAN_POINT('',(-2.3,-10.0108,5.2));
#12648=CARTESIAN_POINT('',(-2.3,-10.0108,4.45200000000002));
#12649=VECTOR('',#14139,1.0);
#12650=CARTESIAN_POINT('',(16.3,-10.0108,5.2));
#12651=CARTESIAN_POINT('',(16.3,-10.0108,5.2));
#12652=VECTOR('',#14140,1.0);
#12653=CARTESIAN_POINT('',(16.3,-10.0108,4.45200000000002));
#12654=VECTOR('',#14141,1.0);
#12655=COLOUR_RGB('',0.431372553110123,0.862745106220245,0.549019634723663);
#12656=CARTESIAN_POINT('',(16.3,-9.8076,4.45200000000002));
#12657=VECTOR('',#14142,1.0);
#12658=CARTESIAN_POINT('',(16.3,-0.917600000000013,-4.43800000000002));
#12659=CARTESIAN_POINT('',(16.3,-8.66945700234896,-4.43800000000002));
#12660=VECTOR('',#14143,1.0);
#12661=CARTESIAN_POINT('',(16.3,-0.917600000000013,-5.2));
#12662=CARTESIAN_POINT('',(16.3,-0.917600000000013,-4.43800000000002));
#12663=VECTOR('',#14144,1.0);
#12664=CARTESIAN_POINT('',(16.3,-0.300000000000002,-5.2));
#12665=CARTESIAN_POINT('',(16.3,-0.917600000000013,-5.2));
#12666=VECTOR('',#14145,1.0);
#12667=CARTESIAN_POINT('',(16.3,-0.300000000000002,-1.99959999999992));
#12668=CARTESIAN_POINT('',(16.3,-0.300000000000002,-1.99959999999992));
#12669=VECTOR('',#14146,1.0);
#12670=CARTESIAN_POINT('',(16.3,-1.77635683940025E-15,-1.99959999999992));
#12671=CARTESIAN_POINT('',(16.3,-0.300000000000002,-1.99959999999992));
#12672=VECTOR('',#14147,1.0);
#12673=CARTESIAN_POINT('',(16.3,-1.77635683940025E-15,3.00420000000006));
#12674=CARTESIAN_POINT('',(16.3,-1.77635683940025E-15,3.00420000000006));
#12675=VECTOR('',#14148,1.0);
#12676=CARTESIAN_POINT('',(16.3,-0.612800000000002,3.00420000000006));
#12677=CARTESIAN_POINT('',(16.3,-1.77635683940025E-15,3.00420000000006));
#12678=VECTOR('',#14149,1.0);
#12679=CARTESIAN_POINT('',(16.3,-0.612800000000002,1.98820000000003));
#12680=CARTESIAN_POINT('',(16.3,-0.612800000000002,3.00420000000006));
#12681=VECTOR('',#14150,1.0);
#12682=CARTESIAN_POINT('',(16.3,-1.62879999999998,1.98820000000003));
#12683=CARTESIAN_POINT('',(16.3,-0.612800000000002,1.98820000000003));
#12684=VECTOR('',#14151,1.0);
#12685=CARTESIAN_POINT('',(16.3,-1.62879999999998,2.49620000000002));
#12686=CARTESIAN_POINT('',(16.3,-1.62879999999998,1.98820000000003));
#12687=VECTOR('',#14152,1.0);
#12688=CARTESIAN_POINT('',(16.3,-5.00699999999996,3.23280000000002));
#12689=CARTESIAN_POINT('',(16.3,-1.62879999999998,2.49620000000002));
#12690=VECTOR('',#14153,1.0);
#12691=CARTESIAN_POINT('',(16.3,-5.00699999999996,5.2));
#12692=CARTESIAN_POINT('',(16.3,-5.00699999999996,3.23280000000002));
#12693=VECTOR('',#14154,1.0);
#12694=CARTESIAN_POINT('',(16.3,-9.8076,5.2));
#12695=VECTOR('',#14155,1.0);
#12696=COLOUR_RGB('',0.431372553110123,0.862745106220245,0.549019634723663);
#12697=CARTESIAN_POINT('',(-2.25,-11.87,4.48200000000002));
#12698=CARTESIAN_POINT('',(-2.25,-9.99988089297204,4.48200000000002));
#12699=VECTOR('',#14156,1.0);
#12700=CARTESIAN_POINT('',(-2.3,-11.87,4.48200000000002));
#12701=CARTESIAN_POINT('',(-2.25,-11.87,4.48200000000002));
#12702=VECTOR('',#14157,1.0);
#12703=CARTESIAN_POINT('',(-2.3,-8.67422722559197,4.48200000000002));
#12704=VECTOR('',#14158,1.0);
#12705=COLOUR_RGB('',0.431372553110123,0.862745106220245,0.549019634723663);
#12706=CARTESIAN_POINT('',(-2.3,-11.87,-4.46800000000002));
#12707=CARTESIAN_POINT('',(-2.3,-11.87,-0.0133964118029626));
#12708=VECTOR('',#14159,1.0);
#12709=CARTESIAN_POINT('',(-2.25,-11.87,-4.46800000000002));
#12710=CARTESIAN_POINT('',(-2.25,-11.87,4.48200000000002));
#12711=VECTOR('',#14160,1.0);
#12712=CARTESIAN_POINT('',(-2.25,-11.87,-4.46800000000002));
#12713=VECTOR('',#14161,1.0);
#12714=COLOUR_RGB('',0.431372553110123,0.862745106220245,0.549019634723663);
#12715=CARTESIAN_POINT('',(-2.3,-10.0108,-4.46800000000002));
#12716=CARTESIAN_POINT('',(-2.3,-8.67422722559197,-4.46800000000002));
#12717=VECTOR('',#14162,1.0);
#12718=CARTESIAN_POINT('',(-2.25,-10.0108,-4.46800000000002));
#12719=CARTESIAN_POINT('',(-2.25,-11.87,-4.46800000000002));
#12720=VECTOR('',#14163,1.0);
#12721=CARTESIAN_POINT('',(7.025,-10.0108,-4.46800000000002));
#12722=VECTOR('',#14164,1.0);
#12723=COLOUR_RGB('',0.431372553110123,0.862745106220245,0.549019634723663);
#12724=CARTESIAN_POINT('',(-2.3,-11.84,-4.43800000000002));
#12725=CARTESIAN_POINT('',(-2.3,-11.84,4.45200000000002));
#12726=CARTESIAN_POINT('',(-2.3,-11.84,-0.0133964118029626));
#12727=VECTOR('',#14165,1.0);
#12728=CARTESIAN_POINT('',(-2.25,-11.84,-4.43800000000002));
#12729=CARTESIAN_POINT('',(-2.25,-11.84,-4.43800000000002));
#12730=VECTOR('',#14166,1.0);
#12731=CARTESIAN_POINT('',(-2.25,-11.84,4.45200000000002));
#12732=CARTESIAN_POINT('',(-2.25,-11.84,4.45200000000002));
#12733=VECTOR('',#14167,1.0);
#12734=CARTESIAN_POINT('',(-2.25,-11.84,4.45200000000002));
#12735=VECTOR('',#14168,1.0);
#12736=COLOUR_RGB('',0.431372553110123,0.862745106220245,0.549019634723663);
#12737=CARTESIAN_POINT('',(-2.25,-10.0108,4.45200000000002));
#12738=VECTOR('',#14169,1.0);
#12739=CARTESIAN_POINT('',(-2.25,-10.0108,-4.43800000000002));
#12740=CARTESIAN_POINT('',(-2.25,-11.84,-4.43800000000002));
#12741=VECTOR('',#14170,1.0);
#12742=CARTESIAN_POINT('',(-2.25,-10.0108,-2.406));
#12743=VECTOR('',#14171,1.0);
#12744=COLOUR_RGB('',0.431372553110123,0.862745106220245,0.549019634723663);
#12745=CARTESIAN_POINT('',(-2.3,-9.8076,4.45200000000002));
#12746=VECTOR('',#14172,1.0);
#12747=CARTESIAN_POINT('',(-2.3,-5.00699999999996,5.2));
#12748=CARTESIAN_POINT('',(-2.3,-9.8076,5.2));
#12749=VECTOR('',#14173,1.0);
#12750=CARTESIAN_POINT('',(-2.3,-5.00699999999996,3.23280000000002));
#12751=CARTESIAN_POINT('',(-2.3,-5.00699999999996,3.23280000000002));
#12752=VECTOR('',#14174,1.0);
#12753=CARTESIAN_POINT('',(-2.3,-1.62879999999998,2.49620000000002));
#12754=CARTESIAN_POINT('',(-2.3,-1.62879999999998,2.49620000000002));
#12755=VECTOR('',#14175,0.999999999999999);
#12756=CARTESIAN_POINT('',(-2.3,-1.62879999999998,1.98820000000003));
#12757=CARTESIAN_POINT('',(-2.3,-1.62879999999998,1.98820000000003));
#12758=VECTOR('',#14176,1.0);
#12759=CARTESIAN_POINT('',(-2.3,-0.612800000000002,1.98820000000003));
#12760=CARTESIAN_POINT('',(-2.3,-0.612800000000002,1.98820000000003));
#12761=VECTOR('',#14177,1.0);
#12762=CARTESIAN_POINT('',(-2.3,-0.612800000000002,3.00420000000006));
#12763=CARTESIAN_POINT('',(-2.3,-0.612800000000002,3.00420000000006));
#12764=VECTOR('',#14178,1.0);
#12765=CARTESIAN_POINT('',(-2.3,-1.77635683940025E-15,3.00420000000006));
#12766=CARTESIAN_POINT('',(-2.3,-1.77635683940025E-15,3.00420000000006));
#12767=VECTOR('',#14179,1.0);
#12768=CARTESIAN_POINT('',(-2.3,-1.77635683940025E-15,-1.99959999999992));
#12769=CARTESIAN_POINT('',(-2.3,-1.77635683940025E-15,3.00420000000006));
#12770=VECTOR('',#14180,1.0);
#12771=CARTESIAN_POINT('',(-2.3,-0.300000000000002,-1.99959999999992));
#12772=CARTESIAN_POINT('',(-2.3,-0.300000000000002,-1.99959999999992));
#12773=VECTOR('',#14181,1.0);
#12774=CARTESIAN_POINT('',(-2.3,-0.300000000000002,-5.2));
#12775=CARTESIAN_POINT('',(-2.3,-0.300000000000002,-1.99959999999992));
#12776=VECTOR('',#14182,1.0);
#12777=CARTESIAN_POINT('',(-2.3,-0.917600000000013,-5.2));
#12778=CARTESIAN_POINT('',(-2.3,-0.917600000000013,-5.2));
#12779=VECTOR('',#14183,1.0);
#12780=CARTESIAN_POINT('',(-2.3,-0.917600000000013,-4.43800000000002));
#12781=CARTESIAN_POINT('',(-2.3,-0.917600000000013,-4.43800000000002));
#12782=VECTOR('',#14184,1.0);
#12783=CARTESIAN_POINT('',(-2.3,-8.66945700234896,-4.43800000000002));
#12784=VECTOR('',#14185,1.0);
#12785=COLOUR_RGB('',0.431372553110123,0.862745106220245,0.549019634723663);
#12786=CARTESIAN_POINT('',(-2.3,-10.0108,-5.2));
#12787=CARTESIAN_POINT('',(-2.3,-10.0108,-5.2));
#12788=VECTOR('',#14186,1.0);
#12789=CARTESIAN_POINT('',(-2.3,-10.0108,-5.2));
#12790=VECTOR('',#14187,1.0);
#12791=CARTESIAN_POINT('',(-2.3,-12.5,5.2));
#12792=VECTOR('',#14188,1.0);
#12793=COLOUR_RGB('',0.431372553110123,0.862745106220245,0.549019634723663);
#12794=CARTESIAN_POINT('',(16.3,-10.0108,-5.2));
#12795=CARTESIAN_POINT('',(16.3,-10.0108,-5.2));
#12796=VECTOR('',#14189,1.0);
#12797=CARTESIAN_POINT('',(16.3,-10.0108,-5.2));
#12798=VECTOR('',#14190,1.0);
#12799=CARTESIAN_POINT('',(16.3,-10.0108,-4.43800000000002));
#12800=VECTOR('',#14191,1.0);
#12801=COLOUR_RGB('',0.431372553110123,0.862745106220245,0.549019634723663);
#12802=CARTESIAN_POINT('',(15.515,-0.612800000000002,1.98820000000003));
#12803=CARTESIAN_POINT('',(15.515,-0.612800000000002,2.49620000000004));
#12804=CARTESIAN_POINT('',(15.515,-0.612800000000002,2.31920000000004));
#12805=VECTOR('',#14192,1.0);
#12806=CARTESIAN_POINT('',(15.515,-1.62879999999998,1.98820000000003));
#12807=CARTESIAN_POINT('',(15.515,-1.12079999999999,1.98820000000003));
#12808=VECTOR('',#14193,1.0);
#12809=CARTESIAN_POINT('',(15.515,-1.62879999999998,2.49620000000002));
#12810=CARTESIAN_POINT('',(15.515,-1.62879999999998,2.19220000000003));
#12811=VECTOR('',#14194,1.0);
#12812=CARTESIAN_POINT('',(15.515,-1.82879999999998,2.49620000000002));
#12813=VECTOR('',#14195,1.0);
#12814=COLOUR_RGB('',0.431372553110123,0.862745106220245,0.549019634723663);
#12815=CARTESIAN_POINT('',(15.985,-0.612800000000002,2.49620000000004));
#12816=CARTESIAN_POINT('',(16.1425,-0.612800000000002,2.49620000000004));
#12817=VECTOR('',#14196,1.0);
#12818=CARTESIAN_POINT('',(15.985,-1.62879999999998,2.49620000000002));
#12819=CARTESIAN_POINT('',(16.3,-1.62879999999998,2.49620000000002));
#12820=VECTOR('',#14197,1.0);
#12821=CARTESIAN_POINT('',(15.985,-1.82879999999998,2.49620000000002));
#12822=VECTOR('',#14198,1.0);
#12823=COLOUR_RGB('',0.431372553110123,0.862745106220245,0.549019634723663);
#12824=CARTESIAN_POINT('',(15.985,-0.612800000000002,1.98820000000003));
#12825=CARTESIAN_POINT('',(15.985,-0.612800000000002,2.31920000000004));
#12826=VECTOR('',#14199,1.0);
#12827=CARTESIAN_POINT('',(15.985,-1.62879999999998,1.98820000000003));
#12828=CARTESIAN_POINT('',(15.985,-1.62879999999998,2.19220000000003));
#12829=VECTOR('',#14200,1.0);
#12830=CARTESIAN_POINT('',(15.985,-1.12079999999999,1.98820000000003));
#12831=VECTOR('',#14201,1.0);
#12832=COLOUR_RGB('',0.431372553110123,0.862745106220245,0.549019634723663);
#12833=CARTESIAN_POINT('',(16.3,-0.612800000000002,1.98820000000003));
#12834=VECTOR('',#14202,1.0);
#12835=CARTESIAN_POINT('',(16.3,-0.612800000000002,3.00420000000006));
#12836=VECTOR('',#14203,1.0);
#12837=CARTESIAN_POINT('',(-1.985,-0.612800000000002,1.98820000000003));
#12838=CARTESIAN_POINT('',(16.3,-0.612800000000002,1.98820000000003));
#12839=VECTOR('',#14204,1.0);
#12840=CARTESIAN_POINT('',(-1.985,-0.612800000000002,2.49620000000004));
#12841=CARTESIAN_POINT('',(-1.985,-0.612800000000002,2.31920000000004));
#12842=VECTOR('',#14205,1.0);
#12843=CARTESIAN_POINT('',(-1.515,-0.612800000000002,2.49620000000004));
#12844=CARTESIAN_POINT('',(7.3925,-0.612800000000002,2.49620000000004));
#12845=VECTOR('',#14206,1.0);
#12846=CARTESIAN_POINT('',(-1.515,-0.612800000000002,1.98820000000003));
#12847=CARTESIAN_POINT('',(-1.515,-0.612800000000002,2.31920000000004));
#12848=VECTOR('',#14207,1.0);
#12849=CARTESIAN_POINT('',(1.515,-0.612800000000002,1.98820000000003));
#12850=CARTESIAN_POINT('',(16.3,-0.612800000000002,1.98820000000003));
#12851=VECTOR('',#14208,1.0);
#12852=CARTESIAN_POINT('',(1.515,-0.612800000000002,2.49620000000004));
#12853=CARTESIAN_POINT('',(1.515,-0.612800000000002,2.31920000000004));
#12854=VECTOR('',#14209,1.0);
#12855=CARTESIAN_POINT('',(1.985,-0.612800000000002,2.49620000000004));
#12856=CARTESIAN_POINT('',(9.1425,-0.612800000000002,2.49620000000004));
#12857=VECTOR('',#14210,1.0);
#12858=CARTESIAN_POINT('',(1.985,-0.612800000000002,1.98820000000003));
#12859=CARTESIAN_POINT('',(1.985,-0.612800000000002,2.31920000000004));
#12860=VECTOR('',#14211,1.0);
#12861=CARTESIAN_POINT('',(5.015,-0.612800000000002,1.98820000000003));
#12862=CARTESIAN_POINT('',(16.3,-0.612800000000002,1.98820000000003));
#12863=VECTOR('',#14212,1.0);
#12864=CARTESIAN_POINT('',(5.015,-0.612800000000002,2.49620000000004));
#12865=CARTESIAN_POINT('',(5.015,-0.612800000000002,2.31920000000004));
#12866=VECTOR('',#14213,1.0);
#12867=CARTESIAN_POINT('',(5.485,-0.612800000000002,2.49620000000004));
#12868=CARTESIAN_POINT('',(10.8925,-0.612800000000002,2.49620000000004));
#12869=VECTOR('',#14214,1.0);
#12870=CARTESIAN_POINT('',(5.485,-0.612800000000002,1.98820000000003));
#12871=CARTESIAN_POINT('',(5.485,-0.612800000000002,2.31920000000004));
#12872=VECTOR('',#14215,1.0);
#12873=CARTESIAN_POINT('',(8.515,-0.612800000000002,1.98820000000003));
#12874=CARTESIAN_POINT('',(16.3,-0.612800000000002,1.98820000000003));
#12875=VECTOR('',#14216,1.0);
#12876=CARTESIAN_POINT('',(8.515,-0.612800000000002,2.49620000000004));
#12877=CARTESIAN_POINT('',(8.515,-0.612800000000002,2.31920000000004));
#12878=VECTOR('',#14217,1.0);
#12879=CARTESIAN_POINT('',(8.985,-0.612800000000002,2.49620000000004));
#12880=CARTESIAN_POINT('',(12.6425,-0.612800000000002,2.49620000000004));
#12881=VECTOR('',#14218,1.0);
#12882=CARTESIAN_POINT('',(8.985,-0.612800000000002,1.98820000000003));
#12883=CARTESIAN_POINT('',(8.985,-0.612800000000002,2.31920000000004));
#12884=VECTOR('',#14219,1.0);
#12885=CARTESIAN_POINT('',(12.015,-0.612800000000002,1.98820000000003));
#12886=CARTESIAN_POINT('',(16.3,-0.612800000000002,1.98820000000003));
#12887=VECTOR('',#14220,1.0);
#12888=CARTESIAN_POINT('',(12.015,-0.612800000000002,2.49620000000004));
#12889=CARTESIAN_POINT('',(12.015,-0.612800000000002,2.31920000000004));
#12890=VECTOR('',#14221,1.0);
#12891=CARTESIAN_POINT('',(12.485,-0.612800000000002,2.49620000000004));
#12892=CARTESIAN_POINT('',(14.3925,-0.612800000000002,2.49620000000004));
#12893=VECTOR('',#14222,1.0);
#12894=CARTESIAN_POINT('',(12.485,-0.612800000000002,1.98820000000003));
#12895=CARTESIAN_POINT('',(12.485,-0.612800000000002,2.31920000000004));
#12896=VECTOR('',#14223,1.0);
#12897=CARTESIAN_POINT('',(16.3,-0.612800000000002,1.98820000000003));
#12898=VECTOR('',#14224,1.0);
#12899=COLOUR_RGB('',0.431372553110123,0.862745106220245,0.549019634723663);
#12900=CARTESIAN_POINT('',(16.3,-1.62879999999998,1.98820000000003));
#12901=VECTOR('',#14225,1.0);
#12902=COLOUR_RGB('',0.431372553110123,0.862745106220245,0.549019634723663);
#12903=CARTESIAN_POINT('',(16.3,-1.62879999999998,2.49620000000002));
#12904=VECTOR('',#14226,1.0);
#12905=COLOUR_RGB('',0.431372553110123,0.862745106220245,0.549019634723663);
#12906=CARTESIAN_POINT('',(12.015,-1.62879999999998,1.98820000000003));
#12907=CARTESIAN_POINT('',(12.015,-1.12079999999999,1.98820000000003));
#12908=VECTOR('',#14227,1.0);
#12909=CARTESIAN_POINT('',(12.015,-1.62879999999998,2.49620000000002));
#12910=CARTESIAN_POINT('',(12.015,-1.62879999999998,2.19220000000003));
#12911=VECTOR('',#14228,1.0);
#12912=CARTESIAN_POINT('',(12.015,-1.82879999999998,2.49620000000002));
#12913=VECTOR('',#14229,1.0);
#12914=COLOUR_RGB('',0.431372553110123,0.862745106220245,0.549019634723663);
#12915=CARTESIAN_POINT('',(12.485,-1.62879999999998,2.49620000000002));
#12916=CARTESIAN_POINT('',(16.3,-1.62879999999998,2.49620000000002));
#12917=VECTOR('',#14230,1.0);
#12918=CARTESIAN_POINT('',(12.485,-1.82879999999998,2.49620000000002));
#12919=VECTOR('',#14231,1.0);
#12920=COLOUR_RGB('',0.431372553110123,0.862745106220245,0.549019634723663);
#12921=CARTESIAN_POINT('',(12.485,-1.62879999999998,1.98820000000003));
#12922=CARTESIAN_POINT('',(12.485,-1.62879999999998,2.19220000000003));
#12923=VECTOR('',#14232,1.0);
#12924=CARTESIAN_POINT('',(12.485,-1.12079999999999,1.98820000000003));
#12925=VECTOR('',#14233,1.0);
#12926=COLOUR_RGB('',0.431372553110123,0.862745106220245,0.549019634723663);
#12927=CARTESIAN_POINT('',(16.3,-1.62879999999998,1.98820000000003));
#12928=VECTOR('',#14234,1.0);
#12929=COLOUR_RGB('',0.431372553110123,0.862745106220245,0.549019634723663);
#12930=CARTESIAN_POINT('',(16.3,-1.62879999999998,2.49620000000002));
#12931=VECTOR('',#14235,1.0);
#12932=COLOUR_RGB('',0.431372553110123,0.862745106220245,0.549019634723663);
#12933=CARTESIAN_POINT('',(8.515,-1.62879999999998,1.98820000000003));
#12934=CARTESIAN_POINT('',(8.515,-1.12079999999999,1.98820000000003));
#12935=VECTOR('',#14236,1.0);
#12936=CARTESIAN_POINT('',(8.515,-1.62879999999998,2.49620000000002));
#12937=CARTESIAN_POINT('',(8.515,-1.62879999999998,2.19220000000003));
#12938=VECTOR('',#14237,1.0);
#12939=CARTESIAN_POINT('',(8.515,-1.82879999999998,2.49620000000002));
#12940=VECTOR('',#14238,1.0);
#12941=COLOUR_RGB('',0.431372553110123,0.862745106220245,0.549019634723663);
#12942=CARTESIAN_POINT('',(8.985,-1.62879999999998,2.49620000000002));
#12943=CARTESIAN_POINT('',(16.3,-1.62879999999998,2.49620000000002));
#12944=VECTOR('',#14239,1.0);
#12945=CARTESIAN_POINT('',(8.985,-1.82879999999998,2.49620000000002));
#12946=VECTOR('',#14240,1.0);
#12947=COLOUR_RGB('',0.431372553110123,0.862745106220245,0.549019634723663);
#12948=CARTESIAN_POINT('',(8.985,-1.62879999999998,1.98820000000003));
#12949=CARTESIAN_POINT('',(8.985,-1.62879999999998,2.19220000000003));
#12950=VECTOR('',#14241,1.0);
#12951=CARTESIAN_POINT('',(8.985,-1.12079999999999,1.98820000000003));
#12952=VECTOR('',#14242,1.0);
#12953=COLOUR_RGB('',0.431372553110123,0.862745106220245,0.549019634723663);
#12954=CARTESIAN_POINT('',(16.3,-1.62879999999998,1.98820000000003));
#12955=VECTOR('',#14243,1.0);
#12956=COLOUR_RGB('',0.431372553110123,0.862745106220245,0.549019634723663);
#12957=CARTESIAN_POINT('',(16.3,-1.62879999999998,2.49620000000002));
#12958=VECTOR('',#14244,1.0);
#12959=COLOUR_RGB('',0.431372553110123,0.862745106220245,0.549019634723663);
#12960=CARTESIAN_POINT('',(5.015,-1.62879999999998,1.98820000000003));
#12961=CARTESIAN_POINT('',(5.015,-1.12079999999999,1.98820000000003));
#12962=VECTOR('',#14245,1.0);
#12963=CARTESIAN_POINT('',(5.015,-1.62879999999998,2.49620000000002));
#12964=CARTESIAN_POINT('',(5.015,-1.62879999999998,2.19220000000003));
#12965=VECTOR('',#14246,1.0);
#12966=CARTESIAN_POINT('',(5.015,-1.82879999999998,2.49620000000002));
#12967=VECTOR('',#14247,1.0);
#12968=COLOUR_RGB('',0.431372553110123,0.862745106220245,0.549019634723663);
#12969=CARTESIAN_POINT('',(5.485,-1.62879999999998,2.49620000000002));
#12970=CARTESIAN_POINT('',(16.3,-1.62879999999998,2.49620000000002));
#12971=VECTOR('',#14248,1.0);
#12972=CARTESIAN_POINT('',(5.485,-1.82879999999998,2.49620000000002));
#12973=VECTOR('',#14249,1.0);
#12974=COLOUR_RGB('',0.431372553110123,0.862745106220245,0.549019634723663);
#12975=CARTESIAN_POINT('',(5.485,-1.62879999999998,1.98820000000003));
#12976=CARTESIAN_POINT('',(5.485,-1.62879999999998,2.19220000000003));
#12977=VECTOR('',#14250,1.0);
#12978=CARTESIAN_POINT('',(5.485,-1.12079999999999,1.98820000000003));
#12979=VECTOR('',#14251,1.0);
#12980=COLOUR_RGB('',0.431372553110123,0.862745106220245,0.549019634723663);
#12981=CARTESIAN_POINT('',(16.3,-1.62879999999998,1.98820000000003));
#12982=VECTOR('',#14252,1.0);
#12983=COLOUR_RGB('',0.431372553110123,0.862745106220245,0.549019634723663);
#12984=CARTESIAN_POINT('',(16.3,-1.62879999999998,2.49620000000002));
#12985=VECTOR('',#14253,1.0);
#12986=COLOUR_RGB('',0.431372553110123,0.862745106220245,0.549019634723663);
#12987=CARTESIAN_POINT('',(1.515,-1.62879999999998,1.98820000000003));
#12988=CARTESIAN_POINT('',(1.515,-1.12079999999999,1.98820000000003));
#12989=VECTOR('',#14254,1.0);
#12990=CARTESIAN_POINT('',(1.515,-1.62879999999998,2.49620000000002));
#12991=CARTESIAN_POINT('',(1.515,-1.62879999999998,2.19220000000003));
#12992=VECTOR('',#14255,1.0);
#12993=CARTESIAN_POINT('',(1.515,-1.82879999999998,2.49620000000002));
#12994=VECTOR('',#14256,1.0);
#12995=COLOUR_RGB('',0.431372553110123,0.862745106220245,0.549019634723663);
#12996=CARTESIAN_POINT('',(1.985,-1.62879999999998,2.49620000000002));
#12997=CARTESIAN_POINT('',(16.3,-1.62879999999998,2.49620000000002));
#12998=VECTOR('',#14257,1.0);
#12999=CARTESIAN_POINT('',(1.985,-1.82879999999998,2.49620000000002));
#13000=VECTOR('',#14258,1.0);
#13001=COLOUR_RGB('',0.431372553110123,0.862745106220245,0.549019634723663);
#13002=CARTESIAN_POINT('',(1.985,-1.62879999999998,1.98820000000003));
#13003=CARTESIAN_POINT('',(1.985,-1.62879999999998,2.19220000000003));
#13004=VECTOR('',#14259,1.0);
#13005=CARTESIAN_POINT('',(1.985,-1.12079999999999,1.98820000000003));
#13006=VECTOR('',#14260,1.0);
#13007=COLOUR_RGB('',0.431372553110123,0.862745106220245,0.549019634723663);
#13008=CARTESIAN_POINT('',(16.3,-1.62879999999998,1.98820000000003));
#13009=VECTOR('',#14261,1.0);
#13010=COLOUR_RGB('',0.431372553110123,0.862745106220245,0.549019634723663);
#13011=CARTESIAN_POINT('',(16.3,-1.62879999999998,2.49620000000002));
#13012=VECTOR('',#14262,1.0);
#13013=COLOUR_RGB('',0.431372553110123,0.862745106220245,0.549019634723663);
#13014=CARTESIAN_POINT('',(-1.985,-1.62879999999998,1.98820000000003));
#13015=CARTESIAN_POINT('',(-1.985,-1.12079999999999,1.98820000000003));
#13016=VECTOR('',#14263,1.0);
#13017=CARTESIAN_POINT('',(-1.985,-1.62879999999998,2.49620000000002));
#13018=CARTESIAN_POINT('',(-1.985,-1.62879999999998,2.19220000000003));
#13019=VECTOR('',#14264,1.0);
#13020=CARTESIAN_POINT('',(-1.985,-1.82879999999998,2.49620000000002));
#13021=VECTOR('',#14265,1.0);
#13022=COLOUR_RGB('',0.431372553110123,0.862745106220245,0.549019634723663);
#13023=CARTESIAN_POINT('',(-1.515,-1.62879999999998,2.49620000000002));
#13024=CARTESIAN_POINT('',(16.3,-1.62879999999998,2.49620000000002));
#13025=VECTOR('',#14266,1.0);
#13026=CARTESIAN_POINT('',(-1.515,-1.82879999999998,2.49620000000002));
#13027=VECTOR('',#14267,1.0);
#13028=COLOUR_RGB('',0.431372553110123,0.862745106220245,0.549019634723663);
#13029=CARTESIAN_POINT('',(-1.515,-1.62879999999998,1.98820000000003));
#13030=CARTESIAN_POINT('',(-1.515,-1.62879999999998,2.19220000000003));
#13031=VECTOR('',#14268,1.0);
#13032=CARTESIAN_POINT('',(-1.515,-1.12079999999999,1.98820000000003));
#13033=VECTOR('',#14269,1.0);
#13034=COLOUR_RGB('',0.431372553110123,0.862745106220245,0.549019634723663);
#13035=CARTESIAN_POINT('',(16.3,-1.62879999999998,1.98820000000003));
#13036=VECTOR('',#14270,1.0);
#13037=COLOUR_RGB('',0.431372553110123,0.862745106220245,0.549019634723663);
#13038=CARTESIAN_POINT('',(16.3,-1.62879999999998,2.49620000000002));
#13039=VECTOR('',#14271,1.0);
#13040=COLOUR_RGB('',0.431372553110123,0.862745106220245,0.549019634723663);
#13041=CARTESIAN_POINT('',(16.3,-12.5,5.2));
#13042=VECTOR('',#14272,1.0);
#13043=COLOUR_RGB('',0.431372553110123,0.862745106220245,0.549019634723663);
#13044=CARTESIAN_POINT('',(16.3,-10.0108,-5.2));
#13045=VECTOR('',#14273,1.0);
#13046=COLOUR_RGB('',0.431372553110123,0.862745106220245,0.549019634723663);
#13047=CARTESIAN_POINT('',(16.3,-0.917600000000013,-4.43800000000002));
#13048=VECTOR('',#14274,1.0);
#13049=COLOUR_RGB('',0.431372553110123,0.862745106220245,0.549019634723663);
#13050=CARTESIAN_POINT('',(16.3,-0.917600000000013,-5.2));
#13051=VECTOR('',#14275,1.0);
#13052=COLOUR_RGB('',0.431372553110123,0.862745106220245,0.549019634723663);
#13053=CARTESIAN_POINT('',(16.3,-0.300000000000002,-5.2));
#13054=VECTOR('',#14276,1.0);
#13055=COLOUR_RGB('',0.431372553110123,0.862745106220245,0.549019634723663);
#13056=CARTESIAN_POINT('',(16.3,-0.300000000000002,-1.99959999999992));
#13057=VECTOR('',#14277,1.0);
#13058=COLOUR_RGB('',0.431372553110123,0.862745106220245,0.549019634723663);
#13059=CARTESIAN_POINT('',(16.3,-1.77635683940025E-15,-1.99959999999992));
#13060=VECTOR('',#14278,1.0);
#13061=COLOUR_RGB('',0.431372553110123,0.862745106220245,0.549019634723663);
#13062=CARTESIAN_POINT('',(16.3,-1.77635683940025E-15,3.00420000000006));
#13063=VECTOR('',#14279,1.0);
#13064=COLOUR_RGB('',0.431372553110123,0.862745106220245,0.549019634723663);
#13065=COLOUR_RGB('',0.431372553110123,0.862745106220245,0.549019634723663);
#13066=CARTESIAN_POINT('',(16.3,-1.62879999999998,1.98820000000003));
#13067=VECTOR('',#14280,1.0);
#13068=COLOUR_RGB('',0.431372553110123,0.862745106220245,0.549019634723663);
#13069=CARTESIAN_POINT('',(16.3,-1.62879999999998,2.49620000000002));
#13070=VECTOR('',#14281,1.0);
#13071=COLOUR_RGB('',0.431372553110123,0.862745106220245,0.549019634723663);
#13072=CARTESIAN_POINT('',(16.3,-5.00699999999996,3.23280000000002));
#13073=VECTOR('',#14282,1.0);
#13074=COLOUR_RGB('',0.431372553110123,0.862745106220245,0.549019634723663);
#13075=CARTESIAN_POINT('',(16.3,-5.00699999999996,5.2));
#13076=VECTOR('',#14283,1.0);
#13077=COLOUR_RGB('',0.431372553110123,0.862745106220245,0.549019634723663);
#13078=COLOUR_RGB('',0.431372553110123,0.862745106220245,0.549019634723663);
#13079=COLOUR_RGB('',0.431372553110123,0.862745106220245,0.549019634723663);
#13080=DIRECTION('',(-0.0,-1.0,-0.0));
#13081=CARTESIAN_POINT('',(0.0,-12.5,0.0));
#13082=DIRECTION('',(-0.0,1.0,0.0));
#13083=DIRECTION('',(1.0,0.0,0.0));
#13084=DIRECTION('',(-0.0,1.0,-0.0));
#13085=CARTESIAN_POINT('',(0.0,-18.7,0.0));
#13086=DIRECTION('',(-0.0,1.0,0.0));
#13087=DIRECTION('',(1.0,0.0,0.0));
#13088=DIRECTION('',(0.707106781186547,-0.707106781186548,8.65956056235493E-17));
#13089=DIRECTION('',(0.707106781186547,0.707106781186548,8.65956056235493E-17));
#13090=CARTESIAN_POINT('',(0.0,-19.1,0.0));
#13091=DIRECTION('',(-7.49879891330929E-33,1.0,6.12323399573676E-17));
#13092=DIRECTION('',(1.0,7.49879891330929E-33,4.59169004331693E-49));
#13093=DIRECTION('',(-0.0,-1.0,-0.0));
#13094=CARTESIAN_POINT('',(3.5,-12.5,0.0));
#13095=DIRECTION('',(-0.0,1.0,0.0));
#13096=DIRECTION('',(1.0,0.0,0.0));
#13097=DIRECTION('',(-0.0,1.0,-0.0));
#13098=CARTESIAN_POINT('',(3.5,-18.7,0.0));
#13099=DIRECTION('',(-0.0,1.0,0.0));
#13100=DIRECTION('',(1.0,0.0,0.0));
#13101=DIRECTION('',(0.707106781186547,-0.707106781186548,8.65956056235493E-17));
#13102=DIRECTION('',(0.707106781186547,0.707106781186548,8.65956056235493E-17));
#13103=CARTESIAN_POINT('',(3.5,-19.1,0.0));
#13104=DIRECTION('',(-7.49879891330929E-33,1.0,6.12323399573676E-17));
#13105=DIRECTION('',(1.0,7.49879891330929E-33,4.59169004331693E-49));
#13106=DIRECTION('',(-0.0,-1.0,-0.0));
#13107=CARTESIAN_POINT('',(7.0,-12.5,0.0));
#13108=DIRECTION('',(-0.0,1.0,0.0));
#13109=DIRECTION('',(1.0,0.0,0.0));
#13110=DIRECTION('',(-0.0,1.0,-0.0));
#13111=CARTESIAN_POINT('',(7.0,-18.7,0.0));
#13112=DIRECTION('',(-0.0,1.0,0.0));
#13113=DIRECTION('',(1.0,0.0,0.0));
#13114=DIRECTION('',(0.707106781186547,-0.707106781186548,8.65956056235493E-17));
#13115=DIRECTION('',(0.707106781186547,0.707106781186548,8.65956056235493E-17));
#13116=CARTESIAN_POINT('',(7.0,-19.1,0.0));
#13117=DIRECTION('',(-7.49879891330929E-33,1.0,6.12323399573676E-17));
#13118=DIRECTION('',(1.0,7.49879891330929E-33,4.59169004331693E-49));
#13119=DIRECTION('',(-0.0,-1.0,-0.0));
#13120=CARTESIAN_POINT('',(10.5,-12.5,0.0));
#13121=DIRECTION('',(-0.0,1.0,0.0));
#13122=DIRECTION('',(1.0,0.0,0.0));
#13123=DIRECTION('',(-0.0,1.0,-0.0));
#13124=CARTESIAN_POINT('',(10.5,-18.7,0.0));
#13125=DIRECTION('',(-0.0,1.0,0.0));
#13126=DIRECTION('',(1.0,0.0,0.0));
#13127=DIRECTION('',(0.707106781186548,-0.707106781186547,8.65956056235492E-17));
#13128=DIRECTION('',(0.707106781186548,0.707106781186547,8.65956056235493E-17));
#13129=CARTESIAN_POINT('',(10.5,-19.1,0.0));
#13130=DIRECTION('',(-7.49879891330929E-33,1.0,6.12323399573676E-17));
#13131=DIRECTION('',(1.0,7.49879891330929E-33,4.59169004331693E-49));
#13132=DIRECTION('',(-0.0,-1.0,-0.0));
#13133=CARTESIAN_POINT('',(14.0,-12.5,0.0));
#13134=DIRECTION('',(-0.0,1.0,0.0));
#13135=DIRECTION('',(1.0,0.0,0.0));
#13136=DIRECTION('',(-0.0,1.0,-0.0));
#13137=CARTESIAN_POINT('',(14.0,-18.7,0.0));
#13138=DIRECTION('',(-0.0,1.0,0.0));
#13139=DIRECTION('',(1.0,0.0,0.0));
#13140=DIRECTION('',(0.707106781186548,-0.707106781186547,8.65956056235492E-17));
#13141=DIRECTION('',(0.707106781186548,0.707106781186547,8.65956056235493E-17));
#13142=CARTESIAN_POINT('',(14.0,-19.1,0.0));
#13143=DIRECTION('',(-7.49879891330929E-33,1.0,6.12323399573676E-17));
#13144=DIRECTION('',(1.0,7.49879891330929E-33,4.59169004331693E-49));
#13145=DIRECTION('',(-0.707106781186548,-0.707106781186547,-8.65956056235493E-17));
#13146=CARTESIAN_POINT('',(0.0,-1.77635683940025E-15,0.0));
#13147=DIRECTION('',(0.0,-1.0,0.0));
#13148=DIRECTION('',(1.0,0.0,0.0));
#13149=DIRECTION('',(-0.707106781186548,0.707106781186547,-8.65956056235493E-17));
#13150=CARTESIAN_POINT('',(0.0,-0.253999999999992,0.0));
#13151=DIRECTION('',(-0.0,1.0,0.0));
#13152=DIRECTION('',(1.0,0.0,0.0));
#13153=DIRECTION('',(-0.0,-1.0,-0.0));
#13154=DIRECTION('',(-0.0,1.0,-0.0));
#13155=CARTESIAN_POINT('',(0.0,-1.77800000000001,0.0));
#13156=DIRECTION('',(-0.0,1.0,0.0));
#13157=DIRECTION('',(1.0,0.0,0.0));
#13158=DIRECTION('',(-0.707106781186548,-0.707106781186547,-8.65956056235493E-17));
#13159=CARTESIAN_POINT('',(3.5,-1.77635683940025E-15,0.0));
#13160=DIRECTION('',(0.0,-1.0,0.0));
#13161=DIRECTION('',(1.0,0.0,0.0));
#13162=DIRECTION('',(-0.707106781186548,0.707106781186547,-8.65956056235493E-17));
#13163=CARTESIAN_POINT('',(3.5,-0.253999999999992,0.0));
#13164=DIRECTION('',(-0.0,1.0,0.0));
#13165=DIRECTION('',(1.0,0.0,0.0));
#13166=DIRECTION('',(-0.0,-1.0,-0.0));
#13167=DIRECTION('',(-0.0,1.0,-0.0));
#13168=CARTESIAN_POINT('',(3.5,-1.77800000000001,0.0));
#13169=DIRECTION('',(-0.0,1.0,0.0));
#13170=DIRECTION('',(1.0,0.0,0.0));
#13171=DIRECTION('',(-0.707106781186548,-0.707106781186547,-8.65956056235493E-17));
#13172=CARTESIAN_POINT('',(7.0,-1.77635683940025E-15,0.0));
#13173=DIRECTION('',(0.0,-1.0,0.0));
#13174=DIRECTION('',(1.0,0.0,0.0));
#13175=DIRECTION('',(-0.707106781186548,0.707106781186547,-8.65956056235493E-17));
#13176=CARTESIAN_POINT('',(7.0,-0.253999999999992,0.0));
#13177=DIRECTION('',(-0.0,1.0,0.0));
#13178=DIRECTION('',(1.0,0.0,0.0));
#13179=DIRECTION('',(-0.0,-1.0,-0.0));
#13180=DIRECTION('',(-0.0,1.0,-0.0));
#13181=CARTESIAN_POINT('',(7.0,-1.77800000000001,0.0));
#13182=DIRECTION('',(-0.0,1.0,0.0));
#13183=DIRECTION('',(1.0,0.0,0.0));
#13184=DIRECTION('',(-0.707106781186548,-0.707106781186547,-8.65956056235493E-17));
#13185=CARTESIAN_POINT('',(10.5,-1.77635683940025E-15,0.0));
#13186=DIRECTION('',(0.0,-1.0,0.0));
#13187=DIRECTION('',(1.0,0.0,0.0));
#13188=DIRECTION('',(-0.707106781186548,0.707106781186547,-8.65956056235493E-17));
#13189=CARTESIAN_POINT('',(10.5,-0.253999999999992,0.0));
#13190=DIRECTION('',(-0.0,1.0,0.0));
#13191=DIRECTION('',(1.0,0.0,0.0));
#13192=DIRECTION('',(-0.0,-1.0,-0.0));
#13193=DIRECTION('',(-0.0,1.0,-0.0));
#13194=CARTESIAN_POINT('',(10.5,-1.77800000000001,0.0));
#13195=DIRECTION('',(-0.0,1.0,0.0));
#13196=DIRECTION('',(1.0,0.0,0.0));
#13197=DIRECTION('',(-0.707106781186548,-0.707106781186547,-8.65956056235493E-17));
#13198=CARTESIAN_POINT('',(14.0,-1.77635683940025E-15,0.0));
#13199=DIRECTION('',(0.0,-1.0,0.0));
#13200=DIRECTION('',(1.0,0.0,0.0));
#13201=DIRECTION('',(-0.707106781186548,0.707106781186547,-8.65956056235493E-17));
#13202=CARTESIAN_POINT('',(14.0,-0.253999999999992,0.0));
#13203=DIRECTION('',(-0.0,1.0,0.0));
#13204=DIRECTION('',(1.0,0.0,0.0));
#13205=DIRECTION('',(-0.0,-1.0,-0.0));
#13206=DIRECTION('',(-0.0,1.0,-0.0));
#13207=CARTESIAN_POINT('',(14.0,-1.77800000000001,0.0));
#13208=DIRECTION('',(-0.0,1.0,0.0));
#13209=DIRECTION('',(1.0,0.0,0.0));
#13210=DIRECTION('',(0.0,1.0,0.0));
#13211=CARTESIAN_POINT('',(0.0,-1.77800000000001,0.0));
#13212=DIRECTION('',(0.0,-1.0,0.0));
#13213=DIRECTION('',(1.0,0.0,0.0));
#13214=DIRECTION('',(-0.0,-1.0,-0.0));
#13215=CARTESIAN_POINT('',(0.0,-1.684,0.0));
#13216=DIRECTION('',(0.0,-1.0,0.0));
#13217=DIRECTION('',(1.0,0.0,0.0));
#13218=DIRECTION('',(0.0,1.0,0.0));
#13219=CARTESIAN_POINT('',(0.0,-1.1,0.0));
#13220=DIRECTION('',(-0.0,1.0,0.0));
#13221=DIRECTION('',(1.0,0.0,0.0));
#13222=DIRECTION('',(0.0,-1.0,0.0));
#13223=CARTESIAN_POINT('',(0.0,-1.684,0.0));
#13224=DIRECTION('',(0.0,-1.0,0.0));
#13225=DIRECTION('',(1.0,0.0,0.0));
#13226=DIRECTION('',(0.0,1.0,0.0));
#13227=CARTESIAN_POINT('',(3.5,-1.77800000000001,0.0));
#13228=DIRECTION('',(0.0,-1.0,0.0));
#13229=DIRECTION('',(1.0,0.0,0.0));
#13230=DIRECTION('',(-0.0,-1.0,-0.0));
#13231=CARTESIAN_POINT('',(3.5,-1.684,0.0));
#13232=DIRECTION('',(0.0,-1.0,0.0));
#13233=DIRECTION('',(1.0,0.0,0.0));
#13234=DIRECTION('',(0.0,1.0,0.0));
#13235=CARTESIAN_POINT('',(3.5,-1.1,0.0));
#13236=DIRECTION('',(-0.0,1.0,0.0));
#13237=DIRECTION('',(1.0,0.0,0.0));
#13238=DIRECTION('',(0.0,-1.0,0.0));
#13239=CARTESIAN_POINT('',(3.5,-1.684,0.0));
#13240=DIRECTION('',(0.0,-1.0,0.0));
#13241=DIRECTION('',(1.0,0.0,0.0));
#13242=DIRECTION('',(0.0,1.0,0.0));
#13243=CARTESIAN_POINT('',(7.0,-1.77800000000001,0.0));
#13244=DIRECTION('',(0.0,-1.0,0.0));
#13245=DIRECTION('',(1.0,0.0,0.0));
#13246=DIRECTION('',(-0.0,-1.0,-0.0));
#13247=CARTESIAN_POINT('',(7.0,-1.684,0.0));
#13248=DIRECTION('',(0.0,-1.0,0.0));
#13249=DIRECTION('',(1.0,0.0,0.0));
#13250=DIRECTION('',(0.0,1.0,0.0));
#13251=CARTESIAN_POINT('',(7.0,-1.1,0.0));
#13252=DIRECTION('',(-0.0,1.0,0.0));
#13253=DIRECTION('',(1.0,0.0,0.0));
#13254=DIRECTION('',(0.0,-1.0,0.0));
#13255=CARTESIAN_POINT('',(7.0,-1.684,0.0));
#13256=DIRECTION('',(0.0,-1.0,0.0));
#13257=DIRECTION('',(1.0,0.0,0.0));
#13258=DIRECTION('',(0.0,1.0,0.0));
#13259=CARTESIAN_POINT('',(10.5,-1.77800000000001,0.0));
#13260=DIRECTION('',(0.0,-1.0,0.0));
#13261=DIRECTION('',(1.0,0.0,0.0));
#13262=DIRECTION('',(-0.0,-1.0,-0.0));
#13263=CARTESIAN_POINT('',(10.5,-1.684,0.0));
#13264=DIRECTION('',(0.0,-1.0,0.0));
#13265=DIRECTION('',(1.0,0.0,0.0));
#13266=DIRECTION('',(0.0,1.0,0.0));
#13267=CARTESIAN_POINT('',(10.5,-1.1,0.0));
#13268=DIRECTION('',(-0.0,1.0,0.0));
#13269=DIRECTION('',(1.0,0.0,0.0));
#13270=DIRECTION('',(0.0,-1.0,0.0));
#13271=CARTESIAN_POINT('',(10.5,-1.684,0.0));
#13272=DIRECTION('',(0.0,-1.0,0.0));
#13273=DIRECTION('',(1.0,0.0,0.0));
#13274=DIRECTION('',(0.0,1.0,0.0));
#13275=CARTESIAN_POINT('',(14.0,-1.77800000000001,0.0));
#13276=DIRECTION('',(0.0,-1.0,0.0));
#13277=DIRECTION('',(1.0,0.0,0.0));
#13278=DIRECTION('',(-0.0,-1.0,-0.0));
#13279=CARTESIAN_POINT('',(14.0,-1.684,0.0));
#13280=DIRECTION('',(0.0,-1.0,0.0));
#13281=DIRECTION('',(1.0,0.0,0.0));
#13282=DIRECTION('',(0.0,1.0,0.0));
#13283=CARTESIAN_POINT('',(14.0,-1.1,0.0));
#13284=DIRECTION('',(-0.0,1.0,0.0));
#13285=DIRECTION('',(1.0,0.0,0.0));
#13286=DIRECTION('',(0.0,-1.0,0.0));
#13287=CARTESIAN_POINT('',(14.0,-1.684,0.0));
#13288=DIRECTION('',(0.0,-1.0,0.0));
#13289=DIRECTION('',(1.0,0.0,0.0));
#13290=CARTESIAN_POINT('',(14.0,-1.684,0.0));
#13291=DIRECTION('',(0.0,-1.0,0.0));
#13292=DIRECTION('',(1.0,0.0,0.0));
#13293=DIRECTION('',(0.0,1.0,0.0));
#13294=CARTESIAN_POINT('',(14.0,-1.1,0.0));
#13295=DIRECTION('',(-0.0,1.0,0.0));
#13296=DIRECTION('',(1.0,0.0,0.0));
#13297=DIRECTION('',(0.0,-1.0,0.0));
#13298=CARTESIAN_POINT('',(14.0,-1.684,0.0));
#13299=DIRECTION('',(0.0,-1.0,0.0));
#13300=DIRECTION('',(1.0,0.0,0.0));
#13301=CARTESIAN_POINT('',(14.0,-1.77800000000001,0.0));
#13302=DIRECTION('',(0.0,-1.0,0.0));
#13303=DIRECTION('',(1.0,0.0,0.0));
#13304=DIRECTION('',(-1.0,0.0,0.0));
#13305=DIRECTION('',(1.0,0.0,0.0));
#13306=DIRECTION('',(1.0,0.0,0.0));
#13307=DIRECTION('',(-1.0,0.0,0.0));
#13308=CARTESIAN_POINT('',(10.5,-1.684,0.0));
#13309=DIRECTION('',(0.0,-1.0,0.0));
#13310=DIRECTION('',(1.0,0.0,0.0));
#13311=DIRECTION('',(0.0,1.0,0.0));
#13312=CARTESIAN_POINT('',(10.5,-1.1,0.0));
#13313=DIRECTION('',(-0.0,1.0,0.0));
#13314=DIRECTION('',(1.0,0.0,0.0));
#13315=DIRECTION('',(0.0,-1.0,0.0));
#13316=CARTESIAN_POINT('',(10.5,-1.684,0.0));
#13317=DIRECTION('',(0.0,-1.0,0.0));
#13318=DIRECTION('',(1.0,0.0,0.0));
#13319=CARTESIAN_POINT('',(10.5,-1.77800000000001,0.0));
#13320=DIRECTION('',(0.0,-1.0,0.0));
#13321=DIRECTION('',(1.0,0.0,0.0));
#13322=DIRECTION('',(-1.0,0.0,0.0));
#13323=DIRECTION('',(1.0,0.0,0.0));
#13324=DIRECTION('',(1.0,0.0,0.0));
#13325=DIRECTION('',(-1.0,0.0,0.0));
#13326=CARTESIAN_POINT('',(7.0,-1.684,0.0));
#13327=DIRECTION('',(0.0,-1.0,0.0));
#13328=DIRECTION('',(1.0,0.0,0.0));
#13329=DIRECTION('',(0.0,1.0,0.0));
#13330=CARTESIAN_POINT('',(7.0,-1.1,0.0));
#13331=DIRECTION('',(-0.0,1.0,0.0));
#13332=DIRECTION('',(1.0,0.0,0.0));
#13333=DIRECTION('',(0.0,-1.0,0.0));
#13334=CARTESIAN_POINT('',(7.0,-1.684,0.0));
#13335=DIRECTION('',(0.0,-1.0,0.0));
#13336=DIRECTION('',(1.0,0.0,0.0));
#13337=CARTESIAN_POINT('',(7.0,-1.77800000000001,0.0));
#13338=DIRECTION('',(0.0,-1.0,0.0));
#13339=DIRECTION('',(1.0,0.0,0.0));
#13340=DIRECTION('',(-1.0,0.0,0.0));
#13341=DIRECTION('',(1.0,0.0,0.0));
#13342=DIRECTION('',(1.0,0.0,0.0));
#13343=DIRECTION('',(-1.0,0.0,0.0));
#13344=CARTESIAN_POINT('',(3.5,-1.684,0.0));
#13345=DIRECTION('',(0.0,-1.0,0.0));
#13346=DIRECTION('',(1.0,0.0,0.0));
#13347=DIRECTION('',(0.0,1.0,0.0));
#13348=CARTESIAN_POINT('',(3.5,-1.1,0.0));
#13349=DIRECTION('',(-0.0,1.0,0.0));
#13350=DIRECTION('',(1.0,0.0,0.0));
#13351=DIRECTION('',(0.0,-1.0,0.0));
#13352=CARTESIAN_POINT('',(3.5,-1.684,0.0));
#13353=DIRECTION('',(0.0,-1.0,0.0));
#13354=DIRECTION('',(1.0,0.0,0.0));
#13355=CARTESIAN_POINT('',(3.5,-1.77800000000001,0.0));
#13356=DIRECTION('',(0.0,-1.0,0.0));
#13357=DIRECTION('',(1.0,0.0,0.0));
#13358=DIRECTION('',(-1.0,0.0,0.0));
#13359=DIRECTION('',(1.0,0.0,0.0));
#13360=DIRECTION('',(1.0,0.0,0.0));
#13361=DIRECTION('',(-1.0,0.0,0.0));
#13362=CARTESIAN_POINT('',(0.0,-1.684,0.0));
#13363=DIRECTION('',(0.0,-1.0,0.0));
#13364=DIRECTION('',(1.0,0.0,0.0));
#13365=DIRECTION('',(0.0,1.0,0.0));
#13366=CARTESIAN_POINT('',(0.0,-1.1,0.0));
#13367=DIRECTION('',(-0.0,1.0,0.0));
#13368=DIRECTION('',(1.0,0.0,0.0));
#13369=DIRECTION('',(0.0,-1.0,0.0));
#13370=CARTESIAN_POINT('',(0.0,-1.684,0.0));
#13371=DIRECTION('',(0.0,-1.0,0.0));
#13372=DIRECTION('',(1.0,0.0,0.0));
#13373=CARTESIAN_POINT('',(0.0,-1.77800000000001,0.0));
#13374=DIRECTION('',(0.0,-1.0,0.0));
#13375=DIRECTION('',(1.0,0.0,0.0));
#13376=DIRECTION('',(-1.0,0.0,0.0));
#13377=DIRECTION('',(1.0,0.0,0.0));
#13378=DIRECTION('',(1.0,0.0,0.0));
#13379=DIRECTION('',(-1.0,0.0,0.0));
#13380=CARTESIAN_POINT('',(14.0,-1.77800000000001,0.0));
#13381=DIRECTION('',(-0.0,1.0,0.0));
#13382=DIRECTION('',(1.0,0.0,0.0));
#13383=CARTESIAN_POINT('',(14.0,-0.253999999999992,0.0));
#13384=DIRECTION('',(-0.0,1.0,0.0));
#13385=DIRECTION('',(1.0,0.0,0.0));
#13386=CARTESIAN_POINT('',(14.0,-1.77635683940025E-15,0.0));
#13387=DIRECTION('',(0.0,-1.0,0.0));
#13388=DIRECTION('',(1.0,0.0,0.0));
#13389=CARTESIAN_POINT('',(10.5,-1.77800000000001,0.0));
#13390=DIRECTION('',(-0.0,1.0,0.0));
#13391=DIRECTION('',(1.0,0.0,0.0));
#13392=CARTESIAN_POINT('',(10.5,-0.253999999999992,0.0));
#13393=DIRECTION('',(-0.0,1.0,0.0));
#13394=DIRECTION('',(1.0,0.0,0.0));
#13395=CARTESIAN_POINT('',(10.5,-1.77635683940025E-15,0.0));
#13396=DIRECTION('',(0.0,-1.0,0.0));
#13397=DIRECTION('',(1.0,0.0,0.0));
#13398=CARTESIAN_POINT('',(7.0,-1.77800000000001,0.0));
#13399=DIRECTION('',(-0.0,1.0,0.0));
#13400=DIRECTION('',(1.0,0.0,0.0));
#13401=CARTESIAN_POINT('',(7.0,-0.253999999999992,0.0));
#13402=DIRECTION('',(-0.0,1.0,0.0));
#13403=DIRECTION('',(1.0,0.0,0.0));
#13404=CARTESIAN_POINT('',(7.0,-1.77635683940025E-15,0.0));
#13405=DIRECTION('',(0.0,-1.0,0.0));
#13406=DIRECTION('',(1.0,0.0,0.0));
#13407=CARTESIAN_POINT('',(3.5,-1.77800000000001,0.0));
#13408=DIRECTION('',(-0.0,1.0,0.0));
#13409=DIRECTION('',(1.0,0.0,0.0));
#13410=CARTESIAN_POINT('',(3.5,-0.253999999999992,0.0));
#13411=DIRECTION('',(-0.0,1.0,0.0));
#13412=DIRECTION('',(1.0,0.0,0.0));
#13413=CARTESIAN_POINT('',(3.5,-1.77635683940025E-15,0.0));
#13414=DIRECTION('',(0.0,-1.0,0.0));
#13415=DIRECTION('',(1.0,0.0,0.0));
#13416=CARTESIAN_POINT('',(0.0,-1.77800000000001,0.0));
#13417=DIRECTION('',(-0.0,1.0,0.0));
#13418=DIRECTION('',(1.0,0.0,0.0));
#13419=CARTESIAN_POINT('',(0.0,-0.253999999999992,0.0));
#13420=DIRECTION('',(-0.0,1.0,0.0));
#13421=DIRECTION('',(1.0,0.0,0.0));
#13422=CARTESIAN_POINT('',(0.0,-1.77635683940025E-15,0.0));
#13423=DIRECTION('',(0.0,-1.0,0.0));
#13424=DIRECTION('',(1.0,0.0,0.0));
#13425=CARTESIAN_POINT('',(14.0,-19.1,0.0));
#13426=DIRECTION('',(-7.49879891330929E-33,1.0,6.12323399573676E-17));
#13427=DIRECTION('',(1.0,7.49879891330929E-33,4.59169004331693E-49));
#13428=CARTESIAN_POINT('',(14.0,-18.7,0.0));
#13429=DIRECTION('',(-0.0,1.0,0.0));
#13430=DIRECTION('',(1.0,0.0,0.0));
#13431=CARTESIAN_POINT('',(14.0,-12.5,0.0));
#13432=DIRECTION('',(-0.0,1.0,0.0));
#13433=DIRECTION('',(1.0,0.0,0.0));
#13434=CARTESIAN_POINT('',(10.5,-19.1,0.0));
#13435=DIRECTION('',(-7.49879891330929E-33,1.0,6.12323399573676E-17));
#13436=DIRECTION('',(1.0,7.49879891330929E-33,4.59169004331693E-49));
#13437=CARTESIAN_POINT('',(10.5,-18.7,0.0));
#13438=DIRECTION('',(-0.0,1.0,0.0));
#13439=DIRECTION('',(1.0,0.0,0.0));
#13440=CARTESIAN_POINT('',(10.5,-12.5,0.0));
#13441=DIRECTION('',(-0.0,1.0,0.0));
#13442=DIRECTION('',(1.0,0.0,0.0));
#13443=CARTESIAN_POINT('',(7.0,-19.1,0.0));
#13444=DIRECTION('',(-7.49879891330929E-33,1.0,6.12323399573676E-17));
#13445=DIRECTION('',(1.0,7.49879891330929E-33,4.59169004331693E-49));
#13446=CARTESIAN_POINT('',(7.0,-18.7,0.0));
#13447=DIRECTION('',(-0.0,1.0,0.0));
#13448=DIRECTION('',(1.0,0.0,0.0));
#13449=CARTESIAN_POINT('',(7.0,-12.5,0.0));
#13450=DIRECTION('',(-0.0,1.0,0.0));
#13451=DIRECTION('',(1.0,0.0,0.0));
#13452=CARTESIAN_POINT('',(3.5,-19.1,0.0));
#13453=DIRECTION('',(-7.49879891330929E-33,1.0,6.12323399573676E-17));
#13454=DIRECTION('',(1.0,7.49879891330929E-33,4.59169004331693E-49));
#13455=CARTESIAN_POINT('',(3.5,-18.7,0.0));
#13456=DIRECTION('',(-0.0,1.0,0.0));
#13457=DIRECTION('',(1.0,0.0,0.0));
#13458=CARTESIAN_POINT('',(3.5,-12.5,0.0));
#13459=DIRECTION('',(-0.0,1.0,0.0));
#13460=DIRECTION('',(1.0,0.0,0.0));
#13461=CARTESIAN_POINT('',(0.0,-19.1,0.0));
#13462=DIRECTION('',(-7.49879891330929E-33,1.0,6.12323399573676E-17));
#13463=DIRECTION('',(1.0,7.49879891330929E-33,4.59169004331693E-49));
#13464=CARTESIAN_POINT('',(0.0,-18.7,0.0));
#13465=DIRECTION('',(-0.0,1.0,0.0));
#13466=DIRECTION('',(1.0,0.0,0.0));
#13467=CARTESIAN_POINT('',(0.0,-12.5,0.0));
#13468=DIRECTION('',(-0.0,1.0,0.0));
#13469=DIRECTION('',(1.0,0.0,0.0));
#13470=DIRECTION('',(-1.4150238487891E-17,-6.12303176911189E-17,1.0));
#13471=DIRECTION('',(7.49879891330929E-33,-1.0,-6.12323399573676E-17));
#13472=DIRECTION('',(-1.4150238487891E-17,-6.12323399573676E-17,1.0));
#13473=DIRECTION('',(7.49879891330929E-33,-1.0,-6.12323399573676E-17));
#13474=DIRECTION('',(-1.0,1.19268132643464E-30,-1.94173751768485E-14));
#13475=DIRECTION('',(7.49879891330929E-33,-1.0,-6.12323399573676E-17));
#13476=DIRECTION('',(-1.0,1.18147251899523E-30,-1.94173751768485E-14));
#13477=DIRECTION('',(-7.49879891330929E-33,1.0,6.12323399573676E-17));
#13478=DIRECTION('',(-1.0,1.18147251899523E-30,-1.94173751768485E-14));
#13479=DIRECTION('',(7.49879891330929E-33,-1.0,-6.12323399573676E-17));
#13480=DIRECTION('',(1.0,-1.18147251899523E-30,1.94173751768485E-14));
#13481=DIRECTION('',(6.83074592013124E-17,6.12303176911189E-17,-1.0));
#13482=DIRECTION('',(7.49879891330929E-33,-1.0,-6.12323399573676E-17));
#13483=DIRECTION('',(6.83074592013124E-17,6.12323399573676E-17,-1.0));
#13484=DIRECTION('',(1.22464679914735E-16,6.12323399573676E-17,-1.0));
#13485=DIRECTION('',(0.64295571254453,4.68980547080271E-17,-0.765903356636042));
#13486=DIRECTION('',(1.22464679914735E-16,6.12323399573676E-17,-1.0));
#13487=DIRECTION('',(1.0,0.0,1.22464679914735E-16));
#13488=DIRECTION('',(-1.22464679914735E-16,-6.12323399573676E-17,1.0));
#13489=DIRECTION('',(0.642659986626214,-4.69132499315358E-17,0.766151513468188));
#13490=DIRECTION('',(-1.22464679914735E-16,-6.12323399573676E-17,1.0));
#13491=DIRECTION('',(1.22464679914735E-16,6.12323399573676E-17,-1.0));
#13492=DIRECTION('',(7.49879891330929E-33,-1.0,-6.12323399573676E-17));
#13493=DIRECTION('',(0.64295571254453,4.68980547080271E-17,-0.765903356636042));
#13494=DIRECTION('',(7.49879891330929E-33,-1.0,-6.12323399573676E-17));
#13495=DIRECTION('',(1.22464679914735E-16,6.12323399573676E-17,-1.0));
#13496=DIRECTION('',(7.49879891330929E-33,-1.0,-6.12323399573676E-17));
#13497=DIRECTION('',(-1.0,0.0,-1.22464679914735E-16));
#13498=DIRECTION('',(7.49879891330929E-33,-1.0,-6.12323399573676E-17));
#13499=DIRECTION('',(-1.22464679914735E-16,-6.12323399573676E-17,1.0));
#13500=DIRECTION('',(7.49879891330929E-33,-1.0,-6.12323399573676E-17));
#13501=DIRECTION('',(0.642659986626214,-4.69132499315358E-17,0.766151513468188));
#13502=DIRECTION('',(7.49879891330929E-33,-1.0,-6.12323399573676E-17));
#13503=DIRECTION('',(-1.22464679914735E-16,-6.12323399573676E-17,1.0));
#13504=DIRECTION('',(1.0,-1.12478268856806E-32,1.22464679914735E-16));
#13505=DIRECTION('',(1.0,0.0,1.22464679914735E-16));
#13506=DIRECTION('',(7.49879891330929E-33,-1.0,-6.12323399573676E-17));
#13507=CARTESIAN_POINT('',(14.0,-12.5,3.66163000000002));
#13508=DIRECTION('',(-3.74927562856021E-33,-1.0,-6.12303176911189E-17));
#13509=DIRECTION('',(-1.0,1.12478268856806E-32,-1.22464679914735E-16));
#13510=CARTESIAN_POINT('',(14.0,-19.1,3.66163000000002));
#13511=DIRECTION('',(7.49879891330929E-33,-1.0,-6.12323399573676E-17));
#13512=DIRECTION('',(-1.0,-1.46701707366113E-48,-1.22464679914735E-16));
#13513=DIRECTION('',(7.49879891330929E-33,-1.0,-6.12323399573676E-17));
#13514=DIRECTION('',(1.0,-1.12478268856806E-32,1.22464679914735E-16));
#13515=DIRECTION('',(1.0,0.0,1.22464679914735E-16));
#13516=DIRECTION('',(-1.4150238487891E-17,-6.12303176911189E-17,1.0));
#13517=DIRECTION('',(7.49879891330929E-33,-1.0,-6.12323399573676E-17));
#13518=DIRECTION('',(-1.4150238487891E-17,-6.12323399573676E-17,1.0));
#13519=DIRECTION('',(7.49879891330929E-33,-1.0,-6.12323399573676E-17));
#13520=DIRECTION('',(-1.0,1.19268132643464E-30,-1.94173751768485E-14));
#13521=DIRECTION('',(7.49879891330929E-33,-1.0,-6.12323399573676E-17));
#13522=DIRECTION('',(-1.0,1.18147251899523E-30,-1.94173751768485E-14));
#13523=DIRECTION('',(-7.49879891330929E-33,1.0,6.12323399573676E-17));
#13524=DIRECTION('',(-1.0,1.18147251899523E-30,-1.94173751768485E-14));
#13525=DIRECTION('',(7.49879891330929E-33,-1.0,-6.12323399573676E-17));
#13526=DIRECTION('',(1.0,-1.18147251899523E-30,1.94173751768485E-14));
#13527=DIRECTION('',(6.83074592013124E-17,6.12303176911189E-17,-1.0));
#13528=DIRECTION('',(7.49879891330929E-33,-1.0,-6.12323399573676E-17));
#13529=DIRECTION('',(6.83074592013124E-17,6.12323399573676E-17,-1.0));
#13530=DIRECTION('',(1.22464679914735E-16,6.12323399573676E-17,-1.0));
#13531=DIRECTION('',(0.64295571254453,4.68980547080271E-17,-0.765903356636042));
#13532=DIRECTION('',(1.22464679914735E-16,6.12323399573676E-17,-1.0));
#13533=DIRECTION('',(1.0,0.0,1.22464679914735E-16));
#13534=DIRECTION('',(-1.22464679914735E-16,-6.12323399573676E-17,1.0));
#13535=DIRECTION('',(0.642659986626214,-4.69132499315358E-17,0.766151513468188));
#13536=DIRECTION('',(-1.22464679914735E-16,-6.12323399573676E-17,1.0));
#13537=DIRECTION('',(1.22464679914735E-16,6.12323399573676E-17,-1.0));
#13538=DIRECTION('',(7.49879891330929E-33,-1.0,-6.12323399573676E-17));
#13539=DIRECTION('',(0.64295571254453,4.68980547080271E-17,-0.765903356636042));
#13540=DIRECTION('',(7.49879891330929E-33,-1.0,-6.12323399573676E-17));
#13541=DIRECTION('',(1.22464679914735E-16,6.12323399573676E-17,-1.0));
#13542=DIRECTION('',(7.49879891330929E-33,-1.0,-6.12323399573676E-17));
#13543=DIRECTION('',(-1.0,0.0,-1.22464679914735E-16));
#13544=DIRECTION('',(7.49879891330929E-33,-1.0,-6.12323399573676E-17));
#13545=DIRECTION('',(-1.22464679914735E-16,-6.12323399573676E-17,1.0));
#13546=DIRECTION('',(7.49879891330929E-33,-1.0,-6.12323399573676E-17));
#13547=DIRECTION('',(0.642659986626214,-4.69132499315358E-17,0.766151513468188));
#13548=DIRECTION('',(7.49879891330929E-33,-1.0,-6.12323399573676E-17));
#13549=DIRECTION('',(-1.22464679914735E-16,-6.12323399573676E-17,1.0));
#13550=DIRECTION('',(1.0,-1.12478268856806E-32,1.22464679914735E-16));
#13551=DIRECTION('',(1.0,0.0,1.22464679914735E-16));
#13552=DIRECTION('',(7.49879891330929E-33,-1.0,-6.12323399573676E-17));
#13553=CARTESIAN_POINT('',(10.5,-12.5,3.66163000000002));
#13554=DIRECTION('',(-3.74927562856021E-33,-1.0,-6.12303176911189E-17));
#13555=DIRECTION('',(-1.0,1.12478268856806E-32,-1.22464679914735E-16));
#13556=CARTESIAN_POINT('',(10.5,-19.1,3.66163000000002));
#13557=DIRECTION('',(7.49879891330929E-33,-1.0,-6.12323399573676E-17));
#13558=DIRECTION('',(-1.0,-1.46701707366113E-48,-1.22464679914735E-16));
#13559=DIRECTION('',(7.49879891330929E-33,-1.0,-6.12323399573676E-17));
#13560=DIRECTION('',(1.0,-1.12478268856806E-32,1.22464679914735E-16));
#13561=DIRECTION('',(1.0,0.0,1.22464679914735E-16));
#13562=DIRECTION('',(-1.4150238487891E-17,-6.12303176911189E-17,1.0));
#13563=DIRECTION('',(7.49879891330929E-33,-1.0,-6.12323399573676E-17));
#13564=DIRECTION('',(-1.4150238487891E-17,-6.12323399573676E-17,1.0));
#13565=DIRECTION('',(7.49879891330929E-33,-1.0,-6.12323399573676E-17));
#13566=DIRECTION('',(-1.0,1.19268132643464E-30,-1.94173751768485E-14));
#13567=DIRECTION('',(7.49879891330929E-33,-1.0,-6.12323399573676E-17));
#13568=DIRECTION('',(-1.0,1.18147251899523E-30,-1.94173751768485E-14));
#13569=DIRECTION('',(-7.49879891330929E-33,1.0,6.12323399573676E-17));
#13570=DIRECTION('',(-1.0,1.18147251899523E-30,-1.94173751768485E-14));
#13571=DIRECTION('',(7.49879891330929E-33,-1.0,-6.12323399573676E-17));
#13572=DIRECTION('',(1.0,-1.18147251899523E-30,1.94173751768485E-14));
#13573=DIRECTION('',(6.83074592013124E-17,6.12303176911189E-17,-1.0));
#13574=DIRECTION('',(7.49879891330929E-33,-1.0,-6.12323399573676E-17));
#13575=DIRECTION('',(6.83074592013124E-17,6.12323399573676E-17,-1.0));
#13576=DIRECTION('',(1.22464679914735E-16,6.12323399573676E-17,-1.0));
#13577=DIRECTION('',(0.64295571254453,4.68980547080271E-17,-0.765903356636042));
#13578=DIRECTION('',(1.22464679914735E-16,6.12323399573676E-17,-1.0));
#13579=DIRECTION('',(1.0,0.0,1.22464679914735E-16));
#13580=DIRECTION('',(-1.22464679914735E-16,-6.12323399573676E-17,1.0));
#13581=DIRECTION('',(0.642659986626214,-4.69132499315358E-17,0.766151513468188));
#13582=DIRECTION('',(-1.22464679914735E-16,-6.12323399573676E-17,1.0));
#13583=DIRECTION('',(1.22464679914735E-16,6.12323399573676E-17,-1.0));
#13584=DIRECTION('',(7.49879891330929E-33,-1.0,-6.12323399573676E-17));
#13585=DIRECTION('',(0.64295571254453,4.68980547080271E-17,-0.765903356636042));
#13586=DIRECTION('',(7.49879891330929E-33,-1.0,-6.12323399573676E-17));
#13587=DIRECTION('',(1.22464679914735E-16,6.12323399573676E-17,-1.0));
#13588=DIRECTION('',(7.49879891330929E-33,-1.0,-6.12323399573676E-17));
#13589=DIRECTION('',(-1.0,0.0,-1.22464679914735E-16));
#13590=DIRECTION('',(7.49879891330929E-33,-1.0,-6.12323399573676E-17));
#13591=DIRECTION('',(-1.22464679914735E-16,-6.12323399573676E-17,1.0));
#13592=DIRECTION('',(7.49879891330929E-33,-1.0,-6.12323399573676E-17));
#13593=DIRECTION('',(0.642659986626214,-4.69132499315358E-17,0.766151513468188));
#13594=DIRECTION('',(7.49879891330929E-33,-1.0,-6.12323399573676E-17));
#13595=DIRECTION('',(-1.22464679914735E-16,-6.12323399573676E-17,1.0));
#13596=DIRECTION('',(1.0,-1.12478268856806E-32,1.22464679914735E-16));
#13597=DIRECTION('',(1.0,0.0,1.22464679914735E-16));
#13598=DIRECTION('',(7.49879891330929E-33,-1.0,-6.12323399573676E-17));
#13599=CARTESIAN_POINT('',(7.0,-12.5,3.66163000000002));
#13600=DIRECTION('',(-3.74927562856021E-33,-1.0,-6.12303176911189E-17));
#13601=DIRECTION('',(-1.0,1.12478268856806E-32,-1.22464679914735E-16));
#13602=CARTESIAN_POINT('',(7.0,-19.1,3.66163000000002));
#13603=DIRECTION('',(7.49879891330929E-33,-1.0,-6.12323399573676E-17));
#13604=DIRECTION('',(-1.0,-1.46701707366113E-48,-1.22464679914735E-16));
#13605=DIRECTION('',(7.49879891330929E-33,-1.0,-6.12323399573676E-17));
#13606=DIRECTION('',(1.0,-1.12478268856806E-32,1.22464679914735E-16));
#13607=DIRECTION('',(1.0,0.0,1.22464679914735E-16));
#13608=DIRECTION('',(-1.4150238487891E-17,-6.12303176911189E-17,1.0));
#13609=DIRECTION('',(7.49879891330929E-33,-1.0,-6.12323399573676E-17));
#13610=DIRECTION('',(-1.4150238487891E-17,-6.12323399573676E-17,1.0));
#13611=DIRECTION('',(7.49879891330929E-33,-1.0,-6.12323399573676E-17));
#13612=DIRECTION('',(-1.0,1.19268132643464E-30,-1.94173751768485E-14));
#13613=DIRECTION('',(7.49879891330929E-33,-1.0,-6.12323399573676E-17));
#13614=DIRECTION('',(-1.0,1.18147251899523E-30,-1.94173751768485E-14));
#13615=DIRECTION('',(-7.49879891330929E-33,1.0,6.12323399573676E-17));
#13616=DIRECTION('',(-1.0,1.18147251899523E-30,-1.94173751768485E-14));
#13617=DIRECTION('',(7.49879891330929E-33,-1.0,-6.12323399573676E-17));
#13618=DIRECTION('',(1.0,-1.18147251899523E-30,1.94173751768485E-14));
#13619=DIRECTION('',(6.83074592013124E-17,6.12303176911189E-17,-1.0));
#13620=DIRECTION('',(7.49879891330929E-33,-1.0,-6.12323399573676E-17));
#13621=DIRECTION('',(6.83074592013124E-17,6.12323399573676E-17,-1.0));
#13622=DIRECTION('',(1.22464679914735E-16,6.12323399573676E-17,-1.0));
#13623=DIRECTION('',(0.64295571254453,4.68980547080271E-17,-0.765903356636042));
#13624=DIRECTION('',(1.22464679914735E-16,6.12323399573676E-17,-1.0));
#13625=DIRECTION('',(1.0,0.0,1.22464679914735E-16));
#13626=DIRECTION('',(-1.22464679914735E-16,-6.12323399573676E-17,1.0));
#13627=DIRECTION('',(0.642659986626214,-4.69132499315358E-17,0.766151513468188));
#13628=DIRECTION('',(-1.22464679914735E-16,-6.12323399573676E-17,1.0));
#13629=DIRECTION('',(1.22464679914735E-16,6.12323399573676E-17,-1.0));
#13630=DIRECTION('',(7.49879891330929E-33,-1.0,-6.12323399573676E-17));
#13631=DIRECTION('',(0.64295571254453,4.68980547080271E-17,-0.765903356636042));
#13632=DIRECTION('',(7.49879891330929E-33,-1.0,-6.12323399573676E-17));
#13633=DIRECTION('',(1.22464679914735E-16,6.12323399573676E-17,-1.0));
#13634=DIRECTION('',(7.49879891330929E-33,-1.0,-6.12323399573676E-17));
#13635=DIRECTION('',(-1.0,0.0,-1.22464679914735E-16));
#13636=DIRECTION('',(7.49879891330929E-33,-1.0,-6.12323399573676E-17));
#13637=DIRECTION('',(-1.22464679914735E-16,-6.12323399573676E-17,1.0));
#13638=DIRECTION('',(7.49879891330929E-33,-1.0,-6.12323399573676E-17));
#13639=DIRECTION('',(0.642659986626214,-4.69132499315358E-17,0.766151513468188));
#13640=DIRECTION('',(7.49879891330929E-33,-1.0,-6.12323399573676E-17));
#13641=DIRECTION('',(-1.22464679914735E-16,-6.12323399573676E-17,1.0));
#13642=DIRECTION('',(1.0,-1.12478268856806E-32,1.22464679914735E-16));
#13643=DIRECTION('',(1.0,0.0,1.22464679914735E-16));
#13644=DIRECTION('',(7.49879891330929E-33,-1.0,-6.12323399573676E-17));
#13645=CARTESIAN_POINT('',(3.5,-12.5,3.66163000000002));
#13646=DIRECTION('',(-3.74927562856021E-33,-1.0,-6.12303176911189E-17));
#13647=DIRECTION('',(-1.0,1.12478268856806E-32,-1.22464679914735E-16));
#13648=CARTESIAN_POINT('',(3.5,-19.1,3.66163000000002));
#13649=DIRECTION('',(7.49879891330929E-33,-1.0,-6.12323399573676E-17));
#13650=DIRECTION('',(-1.0,-1.46701707366113E-48,-1.22464679914735E-16));
#13651=DIRECTION('',(7.49879891330929E-33,-1.0,-6.12323399573676E-17));
#13652=DIRECTION('',(1.0,-1.12478268856806E-32,1.22464679914735E-16));
#13653=DIRECTION('',(1.0,0.0,1.22464679914735E-16));
#13654=DIRECTION('',(-1.4150238487891E-17,-6.12303176911189E-17,1.0));
#13655=DIRECTION('',(7.49879891330929E-33,-1.0,-6.12323399573676E-17));
#13656=DIRECTION('',(-1.4150238487891E-17,-6.12323399573676E-17,1.0));
#13657=DIRECTION('',(7.49879891330929E-33,-1.0,-6.12323399573676E-17));
#13658=DIRECTION('',(-1.0,1.19268132643464E-30,-1.94173751768485E-14));
#13659=DIRECTION('',(7.49879891330929E-33,-1.0,-6.12323399573676E-17));
#13660=DIRECTION('',(-1.0,1.18147251899523E-30,-1.94173751768485E-14));
#13661=DIRECTION('',(-7.49879891330929E-33,1.0,6.12323399573676E-17));
#13662=DIRECTION('',(-1.0,1.18147251899523E-30,-1.94173751768485E-14));
#13663=DIRECTION('',(7.49879891330929E-33,-1.0,-6.12323399573676E-17));
#13664=DIRECTION('',(1.0,-1.18147251899523E-30,1.94173751768485E-14));
#13665=DIRECTION('',(6.83074592013124E-17,6.12303176911189E-17,-1.0));
#13666=DIRECTION('',(7.49879891330929E-33,-1.0,-6.12323399573676E-17));
#13667=DIRECTION('',(6.83074592013124E-17,6.12323399573676E-17,-1.0));
#13668=DIRECTION('',(1.22464679914735E-16,6.12323399573676E-17,-1.0));
#13669=DIRECTION('',(0.64295571254453,4.68980547080271E-17,-0.765903356636042));
#13670=DIRECTION('',(1.22464679914735E-16,6.12323399573676E-17,-1.0));
#13671=DIRECTION('',(1.0,0.0,1.22464679914735E-16));
#13672=DIRECTION('',(-1.22464679914735E-16,-6.12323399573676E-17,1.0));
#13673=DIRECTION('',(0.642659986626214,-4.69132499315358E-17,0.766151513468188));
#13674=DIRECTION('',(-1.22464679914735E-16,-6.12323399573676E-17,1.0));
#13675=DIRECTION('',(1.22464679914735E-16,6.12323399573676E-17,-1.0));
#13676=DIRECTION('',(7.49879891330929E-33,-1.0,-6.12323399573676E-17));
#13677=DIRECTION('',(0.64295571254453,4.68980547080271E-17,-0.765903356636042));
#13678=DIRECTION('',(7.49879891330929E-33,-1.0,-6.12323399573676E-17));
#13679=DIRECTION('',(1.22464679914735E-16,6.12323399573676E-17,-1.0));
#13680=DIRECTION('',(7.49879891330929E-33,-1.0,-6.12323399573676E-17));
#13681=DIRECTION('',(-1.0,0.0,-1.22464679914735E-16));
#13682=DIRECTION('',(7.49879891330929E-33,-1.0,-6.12323399573676E-17));
#13683=DIRECTION('',(-1.22464679914735E-16,-6.12323399573676E-17,1.0));
#13684=DIRECTION('',(7.49879891330929E-33,-1.0,-6.12323399573676E-17));
#13685=DIRECTION('',(0.642659986626214,-4.69132499315358E-17,0.766151513468188));
#13686=DIRECTION('',(7.49879891330929E-33,-1.0,-6.12323399573676E-17));
#13687=DIRECTION('',(-1.22464679914735E-16,-6.12323399573676E-17,1.0));
#13688=DIRECTION('',(1.0,-1.12478268856806E-32,1.22464679914735E-16));
#13689=DIRECTION('',(1.0,0.0,1.22464679914735E-16));
#13690=DIRECTION('',(7.49879891330929E-33,-1.0,-6.12323399573676E-17));
#13691=CARTESIAN_POINT('',(0.0,-12.5,3.66163000000002));
#13692=DIRECTION('',(-3.74927562856021E-33,-1.0,-6.12303176911189E-17));
#13693=DIRECTION('',(-1.0,1.12478268856806E-32,-1.22464679914735E-16));
#13694=CARTESIAN_POINT('',(0.0,-19.1,3.66163000000002));
#13695=DIRECTION('',(7.49879891330929E-33,-1.0,-6.12323399573676E-17));
#13696=DIRECTION('',(-1.0,-1.46701707366113E-48,-1.22464679914735E-16));
#13697=DIRECTION('',(7.49879891330929E-33,-1.0,-6.12323399573676E-17));
#13698=DIRECTION('',(1.0,-1.12478268856806E-32,1.22464679914735E-16));
#13699=DIRECTION('',(1.0,0.0,1.22464679914735E-16));
#13700=DIRECTION('',(1.0,-1.49971025142409E-32,1.83697019872103E-16));
#13701=DIRECTION('',(0.0,-1.0,0.0));
#13702=DIRECTION('',(-1.0,0.0,-1.83697019872103E-16));
#13703=DIRECTION('',(0.0,-1.0,0.0));
#13704=DIRECTION('',(1.83697019872103E-16,6.12303176911189E-17,-1.0));
#13705=DIRECTION('',(1.83697019872103E-16,0.0,-1.0));
#13706=DIRECTION('',(0.0,-1.0,0.0));
#13707=DIRECTION('',(-1.83697019872103E-16,0.0,1.0));
#13708=DIRECTION('',(-1.04068712087338E-16,-0.824045458472109,0.566523682092365));
#13709=DIRECTION('',(0.0,-1.0,0.0));
#13710=DIRECTION('',(1.83697019872103E-16,0.0,-1.0));
#13711=DIRECTION('',(0.0,1.0,0.0));
#13712=DIRECTION('',(-1.04068712087338E-16,-0.824045458472109,0.566523682092365));
#13713=DIRECTION('',(-1.0,0.0,-1.83697019872103E-16));
#13714=DIRECTION('',(-1.0,0.0,-1.83697019872103E-16));
#13715=DIRECTION('',(-1.83697019872103E-16,0.0,1.0));
#13716=DIRECTION('',(-1.0,0.0,-1.83697019872103E-16));
#13717=DIRECTION('',(0.0,-1.0,0.0));
#13718=DIRECTION('',(-1.0,0.0,-1.83697019872103E-16));
#13719=DIRECTION('',(1.83697019872103E-16,0.0,-1.0));
#13720=DIRECTION('',(-1.0,0.0,6.12323399573676E-17));
#13721=DIRECTION('',(-1.0,0.0,-1.83697019872103E-16));
#13722=DIRECTION('',(-1.83697019872103E-16,0.0,1.0));
#13723=DIRECTION('',(0.0,-1.0,0.0));
#13724=DIRECTION('',(-1.83697019872103E-16,-6.12303176911189E-17,1.0));
#13725=DIRECTION('',(0.0,-1.0,0.0));
#13726=DIRECTION('',(-1.0,0.0,6.12323399573676E-17));
#13727=DIRECTION('',(-6.12323399573676E-17,6.12303176911189E-17,-1.0));
#13728=DIRECTION('',(-1.0,0.0,6.12323399573676E-17));
#13729=DIRECTION('',(6.12323399573676E-17,6.12303176911189E-17,-1.0));
#13730=DIRECTION('',(-1.0,7.49855125712043E-33,-6.12323399573676E-17));
#13731=DIRECTION('',(-6.12323399573676E-17,-6.12303176911189E-17,1.0));
#13732=DIRECTION('',(-1.0,0.0,6.12323399573676E-17));
#13733=DIRECTION('',(6.12323399573676E-17,6.12303176911189E-17,-1.0));
#13734=DIRECTION('',(-1.0,7.49855125712043E-33,-6.12323399573676E-17));
#13735=DIRECTION('',(-6.12323399573676E-17,-6.12303176911189E-17,1.0));
#13736=DIRECTION('',(-1.0,0.0,6.12323399573676E-17));
#13737=DIRECTION('',(6.12323399573676E-17,6.12303176911189E-17,-1.0));
#13738=DIRECTION('',(-1.0,7.49855125712043E-33,-6.12323399573676E-17));
#13739=DIRECTION('',(-6.12323399573676E-17,-6.12303176911189E-17,1.0));
#13740=DIRECTION('',(-1.0,0.0,6.12323399573676E-17));
#13741=DIRECTION('',(6.12323399573676E-17,6.12303176911189E-17,-1.0));
#13742=DIRECTION('',(-1.0,7.49855125712043E-33,-6.12323399573676E-17));
#13743=DIRECTION('',(-6.12323399573676E-17,-6.12303176911189E-17,1.0));
#13744=DIRECTION('',(-1.0,0.0,6.12323399573676E-17));
#13745=DIRECTION('',(6.12323399573676E-17,6.12303176911189E-17,-1.0));
#13746=DIRECTION('',(-1.0,7.49855125712043E-33,-6.12323399573676E-17));
#13747=DIRECTION('',(-6.12323399573676E-17,-6.12303176911189E-17,1.0));
#13748=DIRECTION('',(-1.0,0.0,6.12323399573676E-17));
#13749=DIRECTION('',(-6.12323399573676E-17,6.12303176911189E-17,-1.0));
#13750=DIRECTION('',(-1.0,0.0,6.12323399573676E-17));
#13751=DIRECTION('',(-1.83697019872103E-16,-6.12303176911189E-17,1.0));
#13752=DIRECTION('',(1.0,-1.49971025142409E-32,1.83697019872103E-16));
#13753=DIRECTION('',(1.83697019872103E-16,6.12303176911189E-17,-1.0));
#13754=DIRECTION('',(-1.0,0.0,6.12323399573676E-17));
#13755=DIRECTION('',(-1.83697019872103E-16,-6.12303176911189E-17,1.0));
#13756=DIRECTION('',(1.0,-1.49971025142409E-32,1.83697019872103E-16));
#13757=DIRECTION('',(1.83697019872103E-16,6.12303176911189E-17,-1.0));
#13758=DIRECTION('',(-1.0,0.0,6.12323399573676E-17));
#13759=DIRECTION('',(-1.83697019872103E-16,-6.12303176911189E-17,1.0));
#13760=DIRECTION('',(1.0,-1.49971025142409E-32,1.83697019872103E-16));
#13761=DIRECTION('',(1.83697019872103E-16,6.12303176911189E-17,-1.0));
#13762=DIRECTION('',(-1.0,0.0,6.12323399573676E-17));
#13763=DIRECTION('',(-1.83697019872103E-16,-6.12303176911189E-17,1.0));
#13764=DIRECTION('',(1.0,-1.49971025142409E-32,1.83697019872103E-16));
#13765=DIRECTION('',(1.83697019872103E-16,6.12303176911189E-17,-1.0));
#13766=DIRECTION('',(-1.0,0.0,6.12323399573676E-17));
#13767=DIRECTION('',(0.0,-1.0,0.0));
#13768=DIRECTION('',(-1.0,0.0,-1.83697019872103E-16));
#13769=DIRECTION('',(0.0,-1.0,0.0));
#13770=DIRECTION('',(1.83697019872103E-16,0.0,-1.0));
#13771=DIRECTION('',(0.0,-1.0,0.0));
#13772=DIRECTION('',(-1.83697019872103E-16,0.0,1.0));
#13773=DIRECTION('',(-1.04068712087338E-16,-0.824045458472109,0.566523682092365));
#13774=DIRECTION('',(0.0,-1.0,0.0));
#13775=DIRECTION('',(1.83697019872103E-16,0.0,-1.0));
#13776=DIRECTION('',(0.0,1.0,0.0));
#13777=DIRECTION('',(-1.04068712087338E-16,-0.824045458472109,0.566523682092365));
#13778=DIRECTION('',(-1.0,0.0,-1.83697019872103E-16));
#13779=DIRECTION('',(-1.0,0.0,-1.83697019872103E-16));
#13780=DIRECTION('',(-1.83697019872103E-16,0.0,1.0));
#13781=DIRECTION('',(-1.0,0.0,-1.83697019872103E-16));
#13782=DIRECTION('',(0.0,-1.0,0.0));
#13783=DIRECTION('',(-1.0,0.0,-1.83697019872103E-16));
#13784=DIRECTION('',(1.83697019872103E-16,0.0,-1.0));
#13785=DIRECTION('',(-1.0,0.0,6.12323399573676E-17));
#13786=DIRECTION('',(-1.0,0.0,-1.83697019872103E-16));
#13787=DIRECTION('',(-1.83697019872103E-16,0.0,1.0));
#13788=DIRECTION('',(0.0,-1.0,0.0));
#13789=DIRECTION('',(0.0,-1.0,0.0));
#13790=DIRECTION('',(0.0,-1.0,0.0));
#13791=DIRECTION('',(-1.0,0.0,-1.83697019872103E-16));
#13792=DIRECTION('',(0.0,-1.0,0.0));
#13793=DIRECTION('',(1.83697019872103E-16,0.0,-1.0));
#13794=DIRECTION('',(0.0,-1.0,0.0));
#13795=DIRECTION('',(-1.83697019872103E-16,0.0,1.0));
#13796=DIRECTION('',(-1.04068712087338E-16,-0.824045458472109,0.566523682092365));
#13797=DIRECTION('',(0.0,-1.0,0.0));
#13798=DIRECTION('',(1.83697019872103E-16,0.0,-1.0));
#13799=DIRECTION('',(0.0,1.0,0.0));
#13800=DIRECTION('',(-1.04068712087338E-16,-0.824045458472109,0.566523682092365));
#13801=DIRECTION('',(-1.0,0.0,-1.83697019872103E-16));
#13802=DIRECTION('',(-1.0,0.0,-1.83697019872103E-16));
#13803=DIRECTION('',(-1.83697019872103E-16,0.0,1.0));
#13804=DIRECTION('',(-1.0,0.0,-1.83697019872103E-16));
#13805=DIRECTION('',(0.0,-1.0,0.0));
#13806=DIRECTION('',(-1.0,0.0,-1.83697019872103E-16));
#13807=DIRECTION('',(1.83697019872103E-16,0.0,-1.0));
#13808=DIRECTION('',(-1.0,0.0,6.12323399573676E-17));
#13809=DIRECTION('',(-1.0,0.0,-1.83697019872103E-16));
#13810=DIRECTION('',(-1.83697019872103E-16,0.0,1.0));
#13811=DIRECTION('',(0.0,-1.0,0.0));
#13812=DIRECTION('',(0.0,-1.0,0.0));
#13813=DIRECTION('',(0.0,-1.0,0.0));
#13814=DIRECTION('',(-1.0,0.0,-1.83697019872103E-16));
#13815=DIRECTION('',(0.0,-1.0,0.0));
#13816=DIRECTION('',(1.83697019872103E-16,0.0,-1.0));
#13817=DIRECTION('',(0.0,-1.0,0.0));
#13818=DIRECTION('',(-1.83697019872103E-16,0.0,1.0));
#13819=DIRECTION('',(-1.04068712087338E-16,-0.824045458472109,0.566523682092365));
#13820=DIRECTION('',(0.0,-1.0,0.0));
#13821=DIRECTION('',(1.83697019872103E-16,0.0,-1.0));
#13822=DIRECTION('',(0.0,1.0,0.0));
#13823=DIRECTION('',(-1.04068712087338E-16,-0.824045458472109,0.566523682092365));
#13824=DIRECTION('',(-1.0,0.0,-1.83697019872103E-16));
#13825=DIRECTION('',(-1.0,0.0,-1.83697019872103E-16));
#13826=DIRECTION('',(-1.83697019872103E-16,0.0,1.0));
#13827=DIRECTION('',(-1.0,0.0,-1.83697019872103E-16));
#13828=DIRECTION('',(0.0,-1.0,0.0));
#13829=DIRECTION('',(-1.0,0.0,-1.83697019872103E-16));
#13830=DIRECTION('',(1.83697019872103E-16,0.0,-1.0));
#13831=DIRECTION('',(-1.0,0.0,6.12323399573676E-17));
#13832=DIRECTION('',(-1.0,0.0,-1.83697019872103E-16));
#13833=DIRECTION('',(-1.83697019872103E-16,0.0,1.0));
#13834=DIRECTION('',(0.0,-1.0,0.0));
#13835=DIRECTION('',(0.0,-1.0,0.0));
#13836=DIRECTION('',(0.0,-1.0,0.0));
#13837=DIRECTION('',(-1.0,0.0,-1.83697019872103E-16));
#13838=DIRECTION('',(0.0,-1.0,0.0));
#13839=DIRECTION('',(1.83697019872103E-16,0.0,-1.0));
#13840=DIRECTION('',(0.0,-1.0,0.0));
#13841=DIRECTION('',(-1.83697019872103E-16,0.0,1.0));
#13842=DIRECTION('',(-1.04068712087338E-16,-0.824045458472109,0.566523682092365));
#13843=DIRECTION('',(0.0,-1.0,0.0));
#13844=DIRECTION('',(1.83697019872103E-16,0.0,-1.0));
#13845=DIRECTION('',(0.0,1.0,0.0));
#13846=DIRECTION('',(-1.04068712087338E-16,-0.824045458472109,0.566523682092365));
#13847=DIRECTION('',(-1.0,0.0,-1.83697019872103E-16));
#13848=DIRECTION('',(-1.0,0.0,-1.83697019872103E-16));
#13849=DIRECTION('',(-1.83697019872103E-16,0.0,1.0));
#13850=DIRECTION('',(-1.0,0.0,-1.83697019872103E-16));
#13851=DIRECTION('',(0.0,-1.0,0.0));
#13852=DIRECTION('',(-1.0,0.0,-1.83697019872103E-16));
#13853=DIRECTION('',(1.83697019872103E-16,0.0,-1.0));
#13854=DIRECTION('',(-1.0,0.0,6.12323399573676E-17));
#13855=DIRECTION('',(-1.0,0.0,-1.83697019872103E-16));
#13856=DIRECTION('',(-1.83697019872103E-16,0.0,1.0));
#13857=DIRECTION('',(0.0,-1.0,0.0));
#13858=DIRECTION('',(0.0,-1.0,0.0));
#13859=DIRECTION('',(0.0,-1.0,0.0));
#13860=DIRECTION('',(1.0,0.0,6.12323399573676E-17));
#13861=DIRECTION('',(0.0,-1.0,0.0));
#13862=DIRECTION('',(-6.12323399573676E-17,0.0,1.0));
#13863=DIRECTION('',(0.0,-1.0,0.0));
#13864=DIRECTION('',(6.12323399573676E-17,0.0,-1.0));
#13865=DIRECTION('',(3.46895706957794E-17,-0.824045458472109,-0.566523682092365));
#13866=DIRECTION('',(0.0,-1.0,0.0));
#13867=DIRECTION('',(-6.12323399573676E-17,0.0,1.0));
#13868=DIRECTION('',(0.0,1.0,0.0));
#13869=DIRECTION('',(3.46895706957794E-17,-0.824045458472109,-0.566523682092365));
#13870=DIRECTION('',(1.0,0.0,6.12323399573676E-17));
#13871=DIRECTION('',(1.0,0.0,6.12323399573676E-17));
#13872=DIRECTION('',(6.12323399573676E-17,0.0,-1.0));
#13873=DIRECTION('',(1.0,0.0,6.12323399573676E-17));
#13874=DIRECTION('',(0.0,-1.0,0.0));
#13875=DIRECTION('',(1.0,0.0,6.12323399573676E-17));
#13876=DIRECTION('',(-6.12323399573676E-17,0.0,1.0));
#13877=DIRECTION('',(1.0,0.0,-6.12323399573676E-17));
#13878=DIRECTION('',(1.0,0.0,6.12323399573676E-17));
#13879=DIRECTION('',(6.12323399573676E-17,0.0,-1.0));
#13880=DIRECTION('',(0.0,-1.0,0.0));
#13881=DIRECTION('',(0.0,-1.0,0.0));
#13882=DIRECTION('',(0.0,-1.0,0.0));
#13883=DIRECTION('',(1.0,0.0,6.12323399573676E-17));
#13884=DIRECTION('',(0.0,-1.0,0.0));
#13885=DIRECTION('',(-6.12323399573676E-17,0.0,1.0));
#13886=DIRECTION('',(0.0,-1.0,0.0));
#13887=DIRECTION('',(6.12323399573676E-17,0.0,-1.0));
#13888=DIRECTION('',(3.46895706957794E-17,-0.824045458472109,-0.566523682092365));
#13889=DIRECTION('',(0.0,-1.0,0.0));
#13890=DIRECTION('',(-6.12323399573676E-17,0.0,1.0));
#13891=DIRECTION('',(0.0,1.0,0.0));
#13892=DIRECTION('',(3.46895706957794E-17,-0.824045458472109,-0.566523682092365));
#13893=DIRECTION('',(1.0,0.0,6.12323399573676E-17));
#13894=DIRECTION('',(1.0,0.0,6.12323399573676E-17));
#13895=DIRECTION('',(6.12323399573676E-17,0.0,-1.0));
#13896=DIRECTION('',(1.0,0.0,6.12323399573676E-17));
#13897=DIRECTION('',(0.0,-1.0,0.0));
#13898=DIRECTION('',(1.0,0.0,6.12323399573676E-17));
#13899=DIRECTION('',(-6.12323399573676E-17,0.0,1.0));
#13900=DIRECTION('',(1.0,0.0,-6.12323399573676E-17));
#13901=DIRECTION('',(1.0,0.0,6.12323399573676E-17));
#13902=DIRECTION('',(6.12323399573676E-17,0.0,-1.0));
#13903=DIRECTION('',(0.0,-1.0,0.0));
#13904=DIRECTION('',(0.0,-1.0,0.0));
#13905=DIRECTION('',(0.0,-1.0,0.0));
#13906=DIRECTION('',(1.0,0.0,6.12323399573676E-17));
#13907=DIRECTION('',(0.0,-1.0,0.0));
#13908=DIRECTION('',(-6.12323399573676E-17,0.0,1.0));
#13909=DIRECTION('',(0.0,-1.0,0.0));
#13910=DIRECTION('',(6.12323399573676E-17,0.0,-1.0));
#13911=DIRECTION('',(3.46895706957794E-17,-0.824045458472109,-0.566523682092365));
#13912=DIRECTION('',(0.0,-1.0,0.0));
#13913=DIRECTION('',(-6.12323399573676E-17,0.0,1.0));
#13914=DIRECTION('',(0.0,1.0,0.0));
#13915=DIRECTION('',(3.46895706957794E-17,-0.824045458472109,-0.566523682092365));
#13916=DIRECTION('',(1.0,0.0,6.12323399573676E-17));
#13917=DIRECTION('',(1.0,0.0,6.12323399573676E-17));
#13918=DIRECTION('',(6.12323399573676E-17,0.0,-1.0));
#13919=DIRECTION('',(1.0,0.0,6.12323399573676E-17));
#13920=DIRECTION('',(0.0,-1.0,0.0));
#13921=DIRECTION('',(1.0,0.0,6.12323399573676E-17));
#13922=DIRECTION('',(-6.12323399573676E-17,0.0,1.0));
#13923=DIRECTION('',(1.0,0.0,-6.12323399573676E-17));
#13924=DIRECTION('',(1.0,0.0,6.12323399573676E-17));
#13925=DIRECTION('',(6.12323399573676E-17,0.0,-1.0));
#13926=DIRECTION('',(0.0,-1.0,0.0));
#13927=DIRECTION('',(0.0,-1.0,0.0));
#13928=DIRECTION('',(0.0,-1.0,0.0));
#13929=DIRECTION('',(1.0,0.0,6.12323399573676E-17));
#13930=DIRECTION('',(0.0,-1.0,0.0));
#13931=DIRECTION('',(-6.12323399573676E-17,0.0,1.0));
#13932=DIRECTION('',(0.0,-1.0,0.0));
#13933=DIRECTION('',(6.12323399573676E-17,0.0,-1.0));
#13934=DIRECTION('',(3.46895706957794E-17,-0.824045458472109,-0.566523682092365));
#13935=DIRECTION('',(0.0,-1.0,0.0));
#13936=DIRECTION('',(-6.12323399573676E-17,0.0,1.0));
#13937=DIRECTION('',(0.0,1.0,0.0));
#13938=DIRECTION('',(3.46895706957794E-17,-0.824045458472109,-0.566523682092365));
#13939=DIRECTION('',(1.0,0.0,6.12323399573676E-17));
#13940=DIRECTION('',(1.0,0.0,6.12323399573676E-17));
#13941=DIRECTION('',(6.12323399573676E-17,0.0,-1.0));
#13942=DIRECTION('',(1.0,0.0,6.12323399573676E-17));
#13943=DIRECTION('',(0.0,-1.0,0.0));
#13944=DIRECTION('',(1.0,0.0,6.12323399573676E-17));
#13945=DIRECTION('',(-6.12323399573676E-17,0.0,1.0));
#13946=DIRECTION('',(1.0,0.0,-6.12323399573676E-17));
#13947=DIRECTION('',(1.0,0.0,6.12323399573676E-17));
#13948=DIRECTION('',(6.12323399573676E-17,0.0,-1.0));
#13949=DIRECTION('',(0.0,-1.0,0.0));
#13950=DIRECTION('',(0.0,-1.0,0.0));
#13951=DIRECTION('',(0.0,-1.0,0.0));
#13952=DIRECTION('',(1.0,0.0,6.12323399573676E-17));
#13953=DIRECTION('',(0.0,-1.0,0.0));
#13954=DIRECTION('',(-6.12323399573676E-17,0.0,1.0));
#13955=DIRECTION('',(0.0,-1.0,0.0));
#13956=DIRECTION('',(6.12323399573676E-17,0.0,-1.0));
#13957=DIRECTION('',(3.46895706957794E-17,-0.824045458472109,-0.566523682092365));
#13958=DIRECTION('',(0.0,-1.0,0.0));
#13959=DIRECTION('',(-6.12323399573676E-17,0.0,1.0));
#13960=DIRECTION('',(0.0,1.0,0.0));
#13961=DIRECTION('',(3.46895706957794E-17,-0.824045458472109,-0.566523682092365));
#13962=DIRECTION('',(1.0,0.0,6.12323399573676E-17));
#13963=DIRECTION('',(1.0,0.0,6.12323399573676E-17));
#13964=DIRECTION('',(6.12323399573676E-17,0.0,-1.0));
#13965=DIRECTION('',(1.0,0.0,6.12323399573676E-17));
#13966=DIRECTION('',(0.0,-1.0,0.0));
#13967=DIRECTION('',(1.0,0.0,6.12323399573676E-17));
#13968=DIRECTION('',(-6.12323399573676E-17,0.0,1.0));
#13969=DIRECTION('',(1.0,0.0,-6.12323399573676E-17));
#13970=DIRECTION('',(1.0,0.0,6.12323399573676E-17));
#13971=DIRECTION('',(6.12323399573676E-17,0.0,-1.0));
#13972=DIRECTION('',(0.0,-1.0,0.0));
#13973=DIRECTION('',(0.0,-1.0,0.0));
#13974=DIRECTION('',(0.0,-1.0,0.0));
#13975=DIRECTION('',(0.0,0.0,1.0));
#13976=DIRECTION('',(0.0,0.760231447170637,0.649652327582099));
#13977=DIRECTION('',(0.0,1.0,6.12323399573676E-17));
#13978=DIRECTION('',(0.0,0.084799830400508,-0.996398007205978));
#13979=DIRECTION('',(0.0,0.0,-1.0));
#13980=DIRECTION('',(0.0,-5.93702152205981E-16,-1.0));
#13981=DIRECTION('',(-0.42268630631657,0.0768520556938921,-0.903011654403241));
#13982=DIRECTION('',(0.290938104693337,0.727345261733162,0.621549587299169));
#13983=DIRECTION('',(-2.86619463630339E-17,1.0,1.75503804354113E-33));
#13984=DIRECTION('',(0.0,1.0,0.0));
#13985=DIRECTION('',(0.0,5.93702152205981E-16,1.0));
#13986=DIRECTION('',(0.0,0.0,1.0));
#13987=DIRECTION('',(0.0,-0.084799830400508,0.996398007205978));
#13988=DIRECTION('',(0.0,1.0,6.12323399573676E-17));
#13989=DIRECTION('',(-0.0,-0.760231447170637,-0.649652327582099));
#13990=DIRECTION('',(0.0,0.0,-1.0));
#13991=DIRECTION('',(-0.42268630631657,-0.0768520556938921,0.903011654403241));
#13992=DIRECTION('',(-2.8661946363034E-17,-1.0,1.75503804354113E-33));
#13993=DIRECTION('',(0.290938104693337,-0.727345261733162,-0.621549587299169));
#13994=DIRECTION('',(-1.0,0.0,6.12323399573676E-17));
#13995=DIRECTION('',(-1.0,0.0,6.12323399573676E-17));
#13996=DIRECTION('',(-1.0,0.0,6.12323399573676E-17));
#13997=DIRECTION('',(-1.0,0.0,6.12323399573676E-17));
#13998=DIRECTION('',(-1.0,0.0,6.12323399573676E-17));
#13999=DIRECTION('',(1.0,0.0,-6.12323399573676E-17));
#14000=DIRECTION('',(-1.0,0.0,6.12323399573676E-17));
#14001=DIRECTION('',(0.0,-5.93702152205981E-16,-1.0));
#14002=DIRECTION('',(-1.0,0.0,6.12323399573676E-17));
#14003=DIRECTION('',(-1.0,0.0,6.12323399573676E-17));
#14004=DIRECTION('',(-6.12323399573676E-17,-5.93702152205981E-16,-1.0));
#14005=DIRECTION('',(-1.0,0.0,6.12323399573676E-17));
#14006=DIRECTION('',(0.0,-1.0,0.0));
#14007=DIRECTION('',(0.0,0.0,1.0));
#14008=DIRECTION('',(0.0,0.760231447170637,0.649652327582099));
#14009=DIRECTION('',(0.0,1.0,6.12323399573676E-17));
#14010=DIRECTION('',(0.0,0.084799830400508,-0.996398007205978));
#14011=DIRECTION('',(0.0,0.0,-1.0));
#14012=DIRECTION('',(-0.42268630631657,0.0768520556938921,-0.903011654403241));
#14013=DIRECTION('',(0.290938104693337,0.727345261733162,0.621549587299169));
#14014=DIRECTION('',(-2.86619463630339E-17,1.0,1.75503804354113E-33));
#14015=DIRECTION('',(0.0,1.0,0.0));
#14016=DIRECTION('',(0.0,5.93702152205981E-16,1.0));
#14017=DIRECTION('',(0.0,0.0,1.0));
#14018=DIRECTION('',(0.0,-0.084799830400508,0.996398007205978));
#14019=DIRECTION('',(0.0,1.0,6.12323399573676E-17));
#14020=DIRECTION('',(-0.0,-0.760231447170637,-0.649652327582099));
#14021=DIRECTION('',(0.0,0.0,-1.0));
#14022=DIRECTION('',(-0.42268630631657,-0.0768520556938921,0.903011654403241));
#14023=DIRECTION('',(-2.8661946363034E-17,-1.0,1.75503804354113E-33));
#14024=DIRECTION('',(0.290938104693337,-0.727345261733162,-0.621549587299169));
#14025=DIRECTION('',(-1.0,0.0,6.12323399573676E-17));
#14026=DIRECTION('',(-1.0,0.0,6.12323399573676E-17));
#14027=DIRECTION('',(-1.0,0.0,6.12323399573676E-17));
#14028=DIRECTION('',(-1.0,0.0,6.12323399573676E-17));
#14029=DIRECTION('',(-1.0,0.0,6.12323399573676E-17));
#14030=DIRECTION('',(1.0,0.0,-6.12323399573676E-17));
#14031=DIRECTION('',(-1.0,0.0,6.12323399573676E-17));
#14032=DIRECTION('',(0.0,-5.93702152205981E-16,-1.0));
#14033=DIRECTION('',(-1.0,0.0,6.12323399573676E-17));
#14034=DIRECTION('',(0.0,-1.0,0.0));
#14035=DIRECTION('',(0.0,0.0,1.0));
#14036=DIRECTION('',(0.0,0.760231447170637,0.649652327582099));
#14037=DIRECTION('',(0.0,1.0,6.12323399573676E-17));
#14038=DIRECTION('',(0.0,0.084799830400508,-0.996398007205978));
#14039=DIRECTION('',(0.0,0.0,-1.0));
#14040=DIRECTION('',(-0.42268630631657,0.0768520556938921,-0.903011654403241));
#14041=DIRECTION('',(0.290938104693337,0.727345261733162,0.621549587299169));
#14042=DIRECTION('',(-2.86619463630339E-17,1.0,1.75503804354113E-33));
#14043=DIRECTION('',(0.0,1.0,0.0));
#14044=DIRECTION('',(0.0,5.93702152205981E-16,1.0));
#14045=DIRECTION('',(0.0,0.0,1.0));
#14046=DIRECTION('',(0.0,-0.084799830400508,0.996398007205978));
#14047=DIRECTION('',(0.0,1.0,6.12323399573676E-17));
#14048=DIRECTION('',(-0.0,-0.760231447170637,-0.649652327582099));
#14049=DIRECTION('',(0.0,0.0,-1.0));
#14050=DIRECTION('',(-0.42268630631657,-0.0768520556938921,0.903011654403241));
#14051=DIRECTION('',(-2.8661946363034E-17,-1.0,1.75503804354113E-33));
#14052=DIRECTION('',(0.290938104693337,-0.727345261733162,-0.621549587299169));
#14053=DIRECTION('',(-1.0,0.0,6.12323399573676E-17));
#14054=DIRECTION('',(-1.0,0.0,6.12323399573676E-17));
#14055=DIRECTION('',(-1.0,0.0,6.12323399573676E-17));
#14056=DIRECTION('',(-1.0,0.0,6.12323399573676E-17));
#14057=DIRECTION('',(-1.0,0.0,6.12323399573676E-17));
#14058=DIRECTION('',(1.0,0.0,-6.12323399573676E-17));
#14059=DIRECTION('',(-1.0,0.0,6.12323399573676E-17));
#14060=DIRECTION('',(0.0,-5.93702152205981E-16,-1.0));
#14061=DIRECTION('',(-1.0,0.0,6.12323399573676E-17));
#14062=DIRECTION('',(0.0,-1.0,0.0));
#14063=DIRECTION('',(0.0,0.0,1.0));
#14064=DIRECTION('',(0.0,0.760231447170637,0.649652327582099));
#14065=DIRECTION('',(0.0,1.0,6.12323399573676E-17));
#14066=DIRECTION('',(0.0,0.084799830400508,-0.996398007205978));
#14067=DIRECTION('',(0.0,0.0,-1.0));
#14068=DIRECTION('',(-0.42268630631657,0.0768520556938921,-0.903011654403241));
#14069=DIRECTION('',(0.290938104693337,0.727345261733162,0.621549587299169));
#14070=DIRECTION('',(-2.86619463630339E-17,1.0,1.75503804354113E-33));
#14071=DIRECTION('',(0.0,1.0,0.0));
#14072=DIRECTION('',(0.0,5.93702152205981E-16,1.0));
#14073=DIRECTION('',(0.0,0.0,1.0));
#14074=DIRECTION('',(0.0,-0.084799830400508,0.996398007205978));
#14075=DIRECTION('',(0.0,1.0,6.12323399573676E-17));
#14076=DIRECTION('',(-0.0,-0.760231447170637,-0.649652327582099));
#14077=DIRECTION('',(0.0,0.0,-1.0));
#14078=DIRECTION('',(-0.42268630631657,-0.0768520556938921,0.903011654403241));
#14079=DIRECTION('',(-2.8661946363034E-17,-1.0,1.75503804354113E-33));
#14080=DIRECTION('',(0.290938104693337,-0.727345261733162,-0.621549587299169));
#14081=DIRECTION('',(-1.0,0.0,6.12323399573676E-17));
#14082=DIRECTION('',(-1.0,0.0,6.12323399573676E-17));
#14083=DIRECTION('',(-1.0,0.0,6.12323399573676E-17));
#14084=DIRECTION('',(-1.0,0.0,6.12323399573676E-17));
#14085=DIRECTION('',(-1.0,0.0,6.12323399573676E-17));
#14086=DIRECTION('',(1.0,0.0,-6.12323399573676E-17));
#14087=DIRECTION('',(-1.0,0.0,6.12323399573676E-17));
#14088=DIRECTION('',(0.0,-5.93702152205981E-16,-1.0));
#14089=DIRECTION('',(-1.0,0.0,6.12323399573676E-17));
#14090=DIRECTION('',(0.0,5.93702152205981E-16,1.0));
#14091=DIRECTION('',(0.0,0.0,1.0));
#14092=DIRECTION('',(0.0,-0.084799830400508,0.996398007205978));
#14093=DIRECTION('',(0.0,1.0,6.12323399573676E-17));
#14094=DIRECTION('',(-0.0,-0.760231447170638,-0.649652327582099));
#14095=DIRECTION('',(0.0,0.0,-1.0));
#14096=DIRECTION('',(0.0,1.0,0.0));
#14097=DIRECTION('',(-0.42268630631657,0.0768520556938921,-0.903011654403241));
#14098=DIRECTION('',(0.0,1.0,6.12323399573676E-17));
#14099=DIRECTION('',(0.290938104693337,0.727345261733162,0.621549587299169));
#14100=DIRECTION('',(-2.86619463630339E-17,1.0,1.75503804354113E-33));
#14101=DIRECTION('',(0.0,-1.0,0.0));
#14102=DIRECTION('',(0.0,0.0,1.0));
#14103=DIRECTION('',(0.0,0.760231447170638,0.649652327582099));
#14104=DIRECTION('',(0.0,0.084799830400508,-0.996398007205978));
#14105=DIRECTION('',(0.0,0.0,-1.0));
#14106=DIRECTION('',(-0.42268630631657,-0.0768520556938921,0.903011654403241));
#14107=DIRECTION('',(-2.8661946363034E-17,-1.0,1.75503804354113E-33));
#14108=DIRECTION('',(0.290938104693337,-0.727345261733162,-0.621549587299169));
#14109=DIRECTION('',(-1.0,0.0,6.12323399573676E-17));
#14110=DIRECTION('',(-1.0,0.0,6.12323399573676E-17));
#14111=DIRECTION('',(-1.0,0.0,6.12323399573676E-17));
#14112=DIRECTION('',(-1.0,0.0,6.12323399573676E-17));
#14113=DIRECTION('',(-1.0,0.0,6.12323399573676E-17));
#14114=DIRECTION('',(1.0,0.0,-6.12323399573676E-17));
#14115=DIRECTION('',(-1.0,0.0,6.12323399573676E-17));
#14116=DIRECTION('',(-6.12323399573676E-17,-5.93702152205981E-16,-1.0));
#14117=DIRECTION('',(-1.0,0.0,6.12323399573676E-17));
#14118=DIRECTION('',(-6.12323399573676E-17,7.49306878262195E-17,-1.0));
#14119=DIRECTION('',(-1.0,0.0,6.12323399573676E-17));
#14120=DIRECTION('',(6.12323399573676E-17,-7.49306878262195E-17,1.0));
#14121=DIRECTION('',(-1.0,0.0,6.12323399573676E-17));
#14122=DIRECTION('',(-6.12323399573676E-17,0.0,-1.0));
#14123=DIRECTION('',(0.0,-1.0,0.0));
#14124=DIRECTION('',(-6.12323399573676E-17,7.44283591927476E-17,-1.0));
#14125=DIRECTION('',(-7.27029133244701E-33,1.0,-1.18732867917654E-16));
#14126=DIRECTION('',(-6.12323399573676E-17,0.0,-1.0));
#14127=DIRECTION('',(3.71646368206569E-33,-1.0,6.06944579392725E-17));
#14128=DIRECTION('',(0.0,1.0,0.0));
#14129=DIRECTION('',(-1.0,0.0,6.12323399573676E-17));
#14130=DIRECTION('',(0.0,1.0,0.0));
#14131=DIRECTION('',(-1.0,0.0,6.12323399573676E-17));
#14132=DIRECTION('',(6.12323399573676E-17,-7.44283591927476E-17,1.0));
#14133=DIRECTION('',(-1.0,0.0,6.12323399573676E-17));
#14134=DIRECTION('',(7.27029133244701E-33,-1.0,1.18732867917654E-16));
#14135=DIRECTION('',(1.0,0.0,-6.12323399573676E-17));
#14136=DIRECTION('',(-1.0,0.0,6.12323399573676E-17));
#14137=DIRECTION('',(6.12323399573676E-17,0.0,1.0));
#14138=DIRECTION('',(-1.0,0.0,6.12323399573676E-17));
#14139=DIRECTION('',(6.12323399573676E-17,0.0,1.0));
#14140=DIRECTION('',(-1.0,0.0,6.12323399573676E-17));
#14141=DIRECTION('',(6.12323399573676E-17,0.0,1.0));
#14142=DIRECTION('',(0.0,-1.0,0.0));
#14143=DIRECTION('',(-3.71646368206569E-33,1.0,-6.06944579392725E-17));
#14144=DIRECTION('',(-6.12323399573676E-17,0.0,-1.0));
#14145=DIRECTION('',(0.0,1.0,0.0));
#14146=DIRECTION('',(-6.12323399573676E-17,0.0,-1.0));
#14147=DIRECTION('',(9.06420715631258E-32,1.0,1.48029736616687E-15));
#14148=DIRECTION('',(-6.12323399573676E-17,0.0,-1.0));
#14149=DIRECTION('',(0.0,-1.0,0.0));
#14150=DIRECTION('',(-6.12323399573676E-17,0.0,-1.0));
#14151=DIRECTION('',(0.0,-1.0,0.0));
#14152=DIRECTION('',(6.12323399573676E-17,0.0,1.0));
#14153=DIRECTION('',(1.30449117167217E-17,-0.977043570795937,0.213039575587085));
#14154=DIRECTION('',(6.12323399573676E-17,0.0,1.0));
#14155=DIRECTION('',(0.0,1.0,0.0));
#14156=DIRECTION('',(0.0,-1.0,0.0));
#14157=DIRECTION('',(-1.0,0.0,6.12323399573676E-17));
#14158=DIRECTION('',(0.0,-1.0,0.0));
#14159=DIRECTION('',(-6.12323399573676E-17,7.44283591927476E-17,-1.0));
#14160=DIRECTION('',(-6.12323399573676E-17,7.44283591927476E-17,-1.0));
#14161=DIRECTION('',(-1.0,0.0,6.12323399573676E-17));
#14162=DIRECTION('',(-7.27029133244701E-33,1.0,-1.18732867917654E-16));
#14163=DIRECTION('',(-7.27029133244701E-33,1.0,-1.18732867917654E-16));
#14164=DIRECTION('',(1.0,0.0,-6.12323399573676E-17));
#14165=DIRECTION('',(6.12323399573676E-17,-7.49306878262195E-17,1.0));
#14166=DIRECTION('',(-1.0,0.0,6.12323399573676E-17));
#14167=DIRECTION('',(-6.12323399573676E-17,7.49306878262195E-17,-1.0));
#14168=DIRECTION('',(-1.0,0.0,6.12323399573676E-17));
#14169=DIRECTION('',(0.0,-1.0,0.0));
#14170=DIRECTION('',(-3.71646368206569E-33,1.0,-6.06944579392725E-17));
#14171=DIRECTION('',(6.12323399573676E-17,0.0,1.0));
#14172=DIRECTION('',(0.0,-1.0,0.0));
#14173=DIRECTION('',(0.0,-1.0,0.0));
#14174=DIRECTION('',(6.12323399573676E-17,0.0,1.0));
#14175=DIRECTION('',(1.30449117167217E-17,-0.977043570795937,0.213039575587085));
#14176=DIRECTION('',(6.12323399573676E-17,0.0,1.0));
#14177=DIRECTION('',(0.0,-1.0,0.0));
#14178=DIRECTION('',(-6.12323399573676E-17,0.0,-1.0));
#14179=DIRECTION('',(0.0,-1.0,0.0));
#14180=DIRECTION('',(6.12323399573676E-17,0.0,1.0));
#14181=DIRECTION('',(9.06420715631258E-32,1.0,1.48029736616687E-15));
#14182=DIRECTION('',(6.12323399573676E-17,0.0,1.0));
#14183=DIRECTION('',(0.0,1.0,0.0));
#14184=DIRECTION('',(-6.12323399573676E-17,0.0,-1.0));
#14185=DIRECTION('',(3.71646368206569E-33,-1.0,6.06944579392725E-17));
#14186=DIRECTION('',(6.12323399573676E-17,0.0,1.0));
#14187=DIRECTION('',(0.0,1.0,0.0));
#14188=DIRECTION('',(0.0,-1.0,0.0));
#14189=DIRECTION('',(6.12323399573676E-17,0.0,1.0));
#14190=DIRECTION('',(-1.0,0.0,6.12323399573676E-17));
#14191=DIRECTION('',(-1.0,0.0,6.12323399573676E-17));
#14192=DIRECTION('',(6.12323399573676E-17,0.0,1.0));
#14193=DIRECTION('',(0.0,1.0,0.0));
#14194=DIRECTION('',(-6.12323399573676E-17,0.0,-1.0));
#14195=DIRECTION('',(-1.30586035302811E-30,-1.0,-2.13263179871503E-14));
#14196=DIRECTION('',(1.0,0.0,-6.12323399573676E-17));
#14197=DIRECTION('',(-1.0,0.0,6.12323399573676E-17));
#14198=DIRECTION('',(1.30586035302811E-30,1.0,2.13263179871503E-14));
#14199=DIRECTION('',(-6.12323399573676E-17,-0.0,-1.0));
#14200=DIRECTION('',(6.12323399573676E-17,0.0,1.0));
#14201=DIRECTION('',(0.0,-1.0,0.0));
#14202=DIRECTION('',(-1.0,0.0,6.12323399573676E-17));
#14203=DIRECTION('',(-1.0,0.0,6.12323399573676E-17));
#14204=DIRECTION('',(-1.0,0.0,6.12323399573676E-17));
#14205=DIRECTION('',(6.12323399573676E-17,0.0,1.0));
#14206=DIRECTION('',(1.0,0.0,-6.12323399573676E-17));
#14207=DIRECTION('',(-6.12323399573676E-17,-0.0,-1.0));
#14208=DIRECTION('',(-1.0,0.0,6.12323399573676E-17));
#14209=DIRECTION('',(6.12323399573676E-17,0.0,1.0));
#14210=DIRECTION('',(1.0,0.0,-6.12323399573676E-17));
#14211=DIRECTION('',(-6.12323399573676E-17,-0.0,-1.0));
#14212=DIRECTION('',(-1.0,0.0,6.12323399573676E-17));
#14213=DIRECTION('',(6.12323399573676E-17,0.0,1.0));
#14214=DIRECTION('',(1.0,0.0,-6.12323399573676E-17));
#14215=DIRECTION('',(-6.12323399573676E-17,-0.0,-1.0));
#14216=DIRECTION('',(-1.0,0.0,6.12323399573676E-17));
#14217=DIRECTION('',(6.12323399573676E-17,0.0,1.0));
#14218=DIRECTION('',(1.0,0.0,-6.12323399573676E-17));
#14219=DIRECTION('',(-6.12323399573676E-17,-0.0,-1.0));
#14220=DIRECTION('',(-1.0,0.0,6.12323399573676E-17));
#14221=DIRECTION('',(6.12323399573676E-17,0.0,1.0));
#14222=DIRECTION('',(1.0,0.0,-6.12323399573676E-17));
#14223=DIRECTION('',(-6.12323399573676E-17,-0.0,-1.0));
#14224=DIRECTION('',(-1.0,0.0,6.12323399573676E-17));
#14225=DIRECTION('',(-1.0,0.0,6.12323399573676E-17));
#14226=DIRECTION('',(-1.0,0.0,6.12323399573676E-17));
#14227=DIRECTION('',(0.0,1.0,0.0));
#14228=DIRECTION('',(-6.12323399573676E-17,0.0,-1.0));
#14229=DIRECTION('',(-1.30586035302811E-30,-1.0,-2.13263179871503E-14));
#14230=DIRECTION('',(-1.0,0.0,6.12323399573676E-17));
#14231=DIRECTION('',(1.30586035302811E-30,1.0,2.13263179871503E-14));
#14232=DIRECTION('',(6.12323399573676E-17,0.0,1.0));
#14233=DIRECTION('',(0.0,-1.0,0.0));
#14234=DIRECTION('',(-1.0,0.0,6.12323399573676E-17));
#14235=DIRECTION('',(-1.0,0.0,6.12323399573676E-17));
#14236=DIRECTION('',(0.0,1.0,0.0));
#14237=DIRECTION('',(-6.12323399573676E-17,0.0,-1.0));
#14238=DIRECTION('',(-1.30586035302811E-30,-1.0,-2.13263179871503E-14));
#14239=DIRECTION('',(-1.0,0.0,6.12323399573676E-17));
#14240=DIRECTION('',(1.30586035302811E-30,1.0,2.13263179871503E-14));
#14241=DIRECTION('',(6.12323399573676E-17,0.0,1.0));
#14242=DIRECTION('',(0.0,-1.0,0.0));
#14243=DIRECTION('',(-1.0,0.0,6.12323399573676E-17));
#14244=DIRECTION('',(-1.0,0.0,6.12323399573676E-17));
#14245=DIRECTION('',(0.0,1.0,0.0));
#14246=DIRECTION('',(-6.12323399573676E-17,0.0,-1.0));
#14247=DIRECTION('',(-1.30586035302811E-30,-1.0,-2.13263179871503E-14));
#14248=DIRECTION('',(-1.0,0.0,6.12323399573676E-17));
#14249=DIRECTION('',(1.30586035302811E-30,1.0,2.13263179871503E-14));
#14250=DIRECTION('',(6.12323399573676E-17,0.0,1.0));
#14251=DIRECTION('',(0.0,-1.0,0.0));
#14252=DIRECTION('',(-1.0,0.0,6.12323399573676E-17));
#14253=DIRECTION('',(-1.0,0.0,6.12323399573676E-17));
#14254=DIRECTION('',(0.0,1.0,0.0));
#14255=DIRECTION('',(-6.12323399573676E-17,0.0,-1.0));
#14256=DIRECTION('',(-1.30586035302811E-30,-1.0,-2.13263179871503E-14));
#14257=DIRECTION('',(-1.0,0.0,6.12323399573676E-17));
#14258=DIRECTION('',(1.30586035302811E-30,1.0,2.13263179871503E-14));
#14259=DIRECTION('',(6.12323399573676E-17,0.0,1.0));
#14260=DIRECTION('',(0.0,-1.0,0.0));
#14261=DIRECTION('',(-1.0,0.0,6.12323399573676E-17));
#14262=DIRECTION('',(-1.0,0.0,6.12323399573676E-17));
#14263=DIRECTION('',(0.0,1.0,0.0));
#14264=DIRECTION('',(-6.12323399573676E-17,0.0,-1.0));
#14265=DIRECTION('',(-1.30586035302811E-30,-1.0,-2.13263179871503E-14));
#14266=DIRECTION('',(-1.0,0.0,6.12323399573676E-17));
#14267=DIRECTION('',(1.30586035302811E-30,1.0,2.13263179871503E-14));
#14268=DIRECTION('',(6.12323399573676E-17,0.0,1.0));
#14269=DIRECTION('',(0.0,-1.0,0.0));
#14270=DIRECTION('',(-1.0,0.0,6.12323399573676E-17));
#14271=DIRECTION('',(-1.0,0.0,6.12323399573676E-17));
#14272=DIRECTION('',(0.0,1.0,0.0));
#14273=DIRECTION('',(0.0,-1.0,0.0));
#14274=DIRECTION('',(-1.0,0.0,6.12323399573676E-17));
#14275=DIRECTION('',(-1.0,0.0,6.12323399573676E-17));
#14276=DIRECTION('',(-1.0,0.0,6.12323399573676E-17));
#14277=DIRECTION('',(-1.0,0.0,6.12323399573676E-17));
#14278=DIRECTION('',(-1.0,0.0,6.12323399573676E-17));
#14279=DIRECTION('',(-1.0,0.0,6.12323399573676E-17));
#14280=DIRECTION('',(-1.0,0.0,6.12323399573676E-17));
#14281=DIRECTION('',(-1.0,0.0,6.12323399573676E-17));
#14282=DIRECTION('',(-1.0,0.0,6.12323399573676E-17));
#14283=DIRECTION('',(-1.0,0.0,6.12323399573676E-17));
ENDSEC;
END-ISO-10303-21;
