ISO-10303-21;
HEADER;
FILE_DESCRIPTION(('STEP AP242'),'1');
FILE_NAME('395037006.stp','2026-06-24T05:22:21',('TraceParts'),('TraceParts S.A.S.'),'Spatial InterOp 3D',' ',' ');
FILE_SCHEMA(('AP242_MANAGED_MODEL_BASED_3D_ENGINEERING_MIM_LF  {1 0 10303 442 1 1 4}'));
ENDSEC;
DATA;
#1=MECHANICAL_DESIGN_GEOMETRIC_PRESENTATION_REPRESENTATION(' ',(#10,#11,#12,#13,#14,#15,#16,#17,#18,#19,#20,#21,#22,#23,#24,#25,#26,#27,#28,#29,#30,#31,#32,#33,#34,#35,#36,#37,#38,#39,#40,#41,#42,#43,#44,#45,#46,#47,#48,#49,#50,#51,#52,#53,#54,#55,#56,#57,#58,#59,#60,#61,#62,#63,#64,#65,#66,#67,#68,#69,#70,#71,#72,#73,#74,#75,#76,#77,#78,#79,#80,#81,#82,#83,#84,#85,#86,#87,#88,#89,#90,#91,#92,#93,#94,#95,#96,#97,#98,#99,#100,#101,#102,#103,#104,#105,#106,#107,#108,#109,#110,#111,#112,#113,#114,#115,#116,#117,#118,#119,#120,#121,#122,#123,#124,#125,#126,#127,#128,#129,#130,#131,#132,#133,#134,#135,#136,#137,#138,#139,#140,#141,#142,#143,#144,#145,#146,#147,#148,#149,#150,#151,#152,#153,#154,#155,#156,#157,#158,#159,#160,#161,#162,#163,#164,#165,#166,#167,#168,#169,#170,#171,#172,#173,#174,#175,#176,#177,#178,#179,#180,#181,#182,#183,#184,#185,#186,#187,#188,#189,#190,#191,#192,#193,#194,#195,#196,#197,#198,#199,#200,#201,#202,#203,#204,#205,#206,#207,#208,#209,#210,#211,#212,#213,#214,#215,#216,#217,#218,#219,#220,#221,#222,#223,#224,#225,#226,#227,#228,#229,#230,#231,#232,#233,#234,#235,#236,#237,#238,#239,#240,#241,#242,#243,#244,#245,#246,#247,#248,#249,#250,#251,#252,#253,#254,#255,#256,#257,#258,#259,#260,#261,#262,#263,#264,#265,#266,#267,#268,#269,#270,#271,#272,#273,#274,#275,#276,#277,#278,#279,#280,#281,#282,#283,#284,#285,#286,#287,#288,#289,#290,#291,#292,#293,#294,#295,#296,#297,#298,#299,#300,#301,#302,#303,#304,#305,#306,#307,#308,#309,#310,#311,#312,#313,#314,#315,#316,#317,#318,#319,#320,#321,#322,#323,#324,#325,#326,#327,#328,#329,#330,#331,#332,#333,#334,#335,#336,#337,#338,#339,#340,#341,#342,#343,#344,#345,#346,#347,#348,#349,#350,#351,#352,#353,#354,#355,#356,#357,#358,#359,#360,#361,#362,#363,#364,#365,#366,#367,#368,#369,#370,#371,#372,#373,#374,#375,#376,#377,#378,#379,#380,#381,#382,#383,#384,#385,#386,#387,#388,#389,#390,#391,#392,#393,#394,#395,#396,#397,#398,#399,#400,#401,#402,#403,#404,#405,#406,#407,#408,#409,#410,#411,#412,#413,#414,#415,#416,#417,#418,#419,#420,#421,#422,#423,#424,#425,#426,#427,#428,#429,#430,#431,#432,#433,#434,#435,#436,#437,#438,#439,#440,#441,#442,#443,#444),#6);
#2=PRODUCT_DEFINITION_CONTEXT('',#445,'design');
#3=APPLICATION_PROTOCOL_DEFINITION('INTERNATIONAL STANDARD','ap242_managed_model_based_3d_engineering',2014,#445);
#4=PRODUCT_CATEGORY_RELATIONSHIP('NONE','NONE',#446,#447);
#5=SHAPE_DEFINITION_REPRESENTATION(#448,#449);
#6= (GEOMETRIC_REPRESENTATION_CONTEXT(3)GLOBAL_UNCERTAINTY_ASSIGNED_CONTEXT((#452))GLOBAL_UNIT_ASSIGNED_CONTEXT((#454,#455,#456))REPRESENTATION_CONTEXT('NONE','WORKSPACE'));
#10=STYLED_ITEM('',(#458),#459);
#11=STYLED_ITEM('',(#460),#461);
#12=STYLED_ITEM('',(#462),#463);
#13=STYLED_ITEM('',(#464),#465);
#14=STYLED_ITEM('',(#466),#467);
#15=STYLED_ITEM('',(#468),#469);
#16=STYLED_ITEM('',(#470),#471);
#17=STYLED_ITEM('',(#472),#473);
#18=STYLED_ITEM('',(#474),#475);
#19=STYLED_ITEM('',(#476),#477);
#20=STYLED_ITEM('',(#478),#479);
#21=STYLED_ITEM('',(#480),#481);
#22=STYLED_ITEM('',(#482),#483);
#23=STYLED_ITEM('',(#484),#485);
#24=STYLED_ITEM('',(#486),#487);
#25=STYLED_ITEM('',(#488),#489);
#26=STYLED_ITEM('',(#490),#491);
#27=STYLED_ITEM('',(#492),#493);
#28=STYLED_ITEM('',(#494),#495);
#29=STYLED_ITEM('',(#496),#497);
#30=STYLED_ITEM('',(#498),#499);
#31=STYLED_ITEM('',(#500),#501);
#32=STYLED_ITEM('',(#502),#503);
#33=STYLED_ITEM('',(#504),#505);
#34=STYLED_ITEM('',(#506),#507);
#35=STYLED_ITEM('',(#508),#509);
#36=STYLED_ITEM('',(#510),#511);
#37=STYLED_ITEM('',(#512),#513);
#38=STYLED_ITEM('',(#514),#515);
#39=STYLED_ITEM('',(#516),#517);
#40=STYLED_ITEM('',(#518),#519);
#41=STYLED_ITEM('',(#520),#521);
#42=STYLED_ITEM('',(#522),#523);
#43=STYLED_ITEM('',(#524),#525);
#44=STYLED_ITEM('',(#526),#527);
#45=STYLED_ITEM('',(#528),#529);
#46=STYLED_ITEM('',(#530),#531);
#47=STYLED_ITEM('',(#532),#533);
#48=STYLED_ITEM('',(#534),#535);
#49=STYLED_ITEM('',(#536),#537);
#50=STYLED_ITEM('',(#538),#539);
#51=STYLED_ITEM('',(#540),#541);
#52=STYLED_ITEM('',(#542),#543);
#53=STYLED_ITEM('',(#544),#545);
#54=STYLED_ITEM('',(#546),#547);
#55=STYLED_ITEM('',(#548),#549);
#56=STYLED_ITEM('',(#550),#551);
#57=STYLED_ITEM('',(#552),#553);
#58=STYLED_ITEM('',(#554),#555);
#59=STYLED_ITEM('',(#556),#557);
#60=STYLED_ITEM('',(#558),#559);
#61=STYLED_ITEM('',(#560),#561);
#62=STYLED_ITEM('',(#562),#563);
#63=STYLED_ITEM('',(#564),#565);
#64=STYLED_ITEM('',(#566),#567);
#65=STYLED_ITEM('',(#568),#569);
#66=STYLED_ITEM('',(#570),#571);
#67=STYLED_ITEM('',(#572),#573);
#68=STYLED_ITEM('',(#574),#575);
#69=STYLED_ITEM('',(#576),#577);
#70=STYLED_ITEM('',(#578),#579);
#71=STYLED_ITEM('',(#580),#581);
#72=STYLED_ITEM('',(#582),#583);
#73=STYLED_ITEM('',(#584),#585);
#74=STYLED_ITEM('',(#586),#587);
#75=STYLED_ITEM('',(#588),#589);
#76=STYLED_ITEM('',(#590),#591);
#77=STYLED_ITEM('',(#592),#593);
#78=STYLED_ITEM('',(#594),#595);
#79=STYLED_ITEM('',(#596),#597);
#80=STYLED_ITEM('',(#598),#599);
#81=STYLED_ITEM('',(#600),#601);
#82=STYLED_ITEM('',(#602),#603);
#83=STYLED_ITEM('',(#604),#605);
#84=STYLED_ITEM('',(#606),#607);
#85=STYLED_ITEM('',(#608),#609);
#86=STYLED_ITEM('',(#610),#611);
#87=STYLED_ITEM('',(#612),#613);
#88=STYLED_ITEM('',(#614),#615);
#89=STYLED_ITEM('',(#616),#617);
#90=STYLED_ITEM('',(#618),#619);
#91=STYLED_ITEM('',(#620),#621);
#92=STYLED_ITEM('',(#622),#623);
#93=STYLED_ITEM('',(#624),#625);
#94=STYLED_ITEM('',(#626),#627);
#95=STYLED_ITEM('',(#628),#629);
#96=STYLED_ITEM('',(#630),#631);
#97=STYLED_ITEM('',(#632),#633);
#98=STYLED_ITEM('',(#634),#635);
#99=STYLED_ITEM('',(#636),#637);
#100=STYLED_ITEM('',(#638),#639);
#101=STYLED_ITEM('',(#640),#641);
#102=STYLED_ITEM('',(#642),#643);
#103=STYLED_ITEM('',(#644),#645);
#104=STYLED_ITEM('',(#646),#647);
#105=STYLED_ITEM('',(#648),#649);
#106=STYLED_ITEM('',(#650),#651);
#107=STYLED_ITEM('',(#652),#653);
#108=STYLED_ITEM('',(#654),#655);
#109=STYLED_ITEM('',(#656),#657);
#110=STYLED_ITEM('',(#658),#659);
#111=STYLED_ITEM('',(#660),#661);
#112=STYLED_ITEM('',(#662),#663);
#113=STYLED_ITEM('',(#664),#665);
#114=STYLED_ITEM('',(#666),#667);
#115=STYLED_ITEM('',(#668),#669);
#116=STYLED_ITEM('',(#670),#671);
#117=STYLED_ITEM('',(#672),#673);
#118=STYLED_ITEM('',(#674),#675);
#119=STYLED_ITEM('',(#676),#677);
#120=STYLED_ITEM('',(#678),#679);
#121=STYLED_ITEM('',(#680),#681);
#122=STYLED_ITEM('',(#682),#683);
#123=STYLED_ITEM('',(#684),#685);
#124=STYLED_ITEM('',(#686),#687);
#125=STYLED_ITEM('',(#688),#689);
#126=STYLED_ITEM('',(#690),#691);
#127=STYLED_ITEM('',(#692),#693);
#128=STYLED_ITEM('',(#694),#695);
#129=STYLED_ITEM('',(#696),#697);
#130=STYLED_ITEM('',(#698),#699);
#131=STYLED_ITEM('',(#700),#701);
#132=STYLED_ITEM('',(#702),#703);
#133=STYLED_ITEM('',(#704),#705);
#134=STYLED_ITEM('',(#706),#707);
#135=STYLED_ITEM('',(#708),#709);
#136=STYLED_ITEM('',(#710),#711);
#137=STYLED_ITEM('',(#712),#713);
#138=STYLED_ITEM('',(#714),#715);
#139=STYLED_ITEM('',(#716),#717);
#140=STYLED_ITEM('',(#718),#719);
#141=STYLED_ITEM('',(#720),#721);
#142=STYLED_ITEM('',(#722),#723);
#143=STYLED_ITEM('',(#724),#725);
#144=STYLED_ITEM('',(#726),#727);
#145=STYLED_ITEM('',(#728),#729);
#146=STYLED_ITEM('',(#730),#731);
#147=STYLED_ITEM('',(#732),#733);
#148=STYLED_ITEM('',(#734),#735);
#149=STYLED_ITEM('',(#736),#737);
#150=STYLED_ITEM('',(#738),#739);
#151=STYLED_ITEM('',(#740),#741);
#152=STYLED_ITEM('',(#742),#743);
#153=STYLED_ITEM('',(#744),#745);
#154=STYLED_ITEM('',(#746),#747);
#155=STYLED_ITEM('',(#748),#749);
#156=STYLED_ITEM('',(#750),#751);
#157=STYLED_ITEM('',(#752),#753);
#158=STYLED_ITEM('',(#754),#755);
#159=STYLED_ITEM('',(#756),#757);
#160=STYLED_ITEM('',(#758),#759);
#161=STYLED_ITEM('',(#760),#761);
#162=STYLED_ITEM('',(#762),#763);
#163=STYLED_ITEM('',(#764),#765);
#164=STYLED_ITEM('',(#766),#767);
#165=STYLED_ITEM('',(#768),#769);
#166=STYLED_ITEM('',(#770),#771);
#167=STYLED_ITEM('',(#772),#773);
#168=STYLED_ITEM('',(#774),#775);
#169=STYLED_ITEM('',(#776),#777);
#170=STYLED_ITEM('',(#778),#779);
#171=STYLED_ITEM('',(#780),#781);
#172=STYLED_ITEM('',(#782),#783);
#173=STYLED_ITEM('',(#784),#785);
#174=STYLED_ITEM('',(#786),#787);
#175=STYLED_ITEM('',(#788),#789);
#176=STYLED_ITEM('',(#790),#791);
#177=STYLED_ITEM('',(#792),#793);
#178=STYLED_ITEM('',(#794),#795);
#179=STYLED_ITEM('',(#796),#797);
#180=STYLED_ITEM('',(#798),#799);
#181=STYLED_ITEM('',(#800),#801);
#182=STYLED_ITEM('',(#802),#803);
#183=STYLED_ITEM('',(#804),#805);
#184=STYLED_ITEM('',(#806),#807);
#185=STYLED_ITEM('',(#808),#809);
#186=STYLED_ITEM('',(#810),#811);
#187=STYLED_ITEM('',(#812),#813);
#188=STYLED_ITEM('',(#814),#815);
#189=STYLED_ITEM('',(#816),#817);
#190=STYLED_ITEM('',(#818),#819);
#191=STYLED_ITEM('',(#820),#821);
#192=STYLED_ITEM('',(#822),#823);
#193=STYLED_ITEM('',(#824),#825);
#194=STYLED_ITEM('',(#826),#827);
#195=STYLED_ITEM('',(#828),#829);
#196=STYLED_ITEM('',(#830),#831);
#197=STYLED_ITEM('',(#832),#833);
#198=STYLED_ITEM('',(#834),#835);
#199=STYLED_ITEM('',(#836),#837);
#200=STYLED_ITEM('',(#838),#839);
#201=STYLED_ITEM('',(#840),#841);
#202=STYLED_ITEM('',(#842),#843);
#203=STYLED_ITEM('',(#844),#845);
#204=STYLED_ITEM('',(#846),#847);
#205=STYLED_ITEM('',(#848),#849);
#206=STYLED_ITEM('',(#850),#851);
#207=STYLED_ITEM('',(#852),#853);
#208=STYLED_ITEM('',(#854),#855);
#209=STYLED_ITEM('',(#856),#857);
#210=STYLED_ITEM('',(#858),#859);
#211=STYLED_ITEM('',(#860),#861);
#212=STYLED_ITEM('',(#862),#863);
#213=STYLED_ITEM('',(#864),#865);
#214=STYLED_ITEM('',(#866),#867);
#215=STYLED_ITEM('',(#868),#869);
#216=STYLED_ITEM('',(#870),#871);
#217=STYLED_ITEM('',(#872),#873);
#218=STYLED_ITEM('',(#874),#875);
#219=STYLED_ITEM('',(#876),#877);
#220=STYLED_ITEM('',(#878),#879);
#221=STYLED_ITEM('',(#880),#881);
#222=STYLED_ITEM('',(#882),#883);
#223=STYLED_ITEM('',(#884),#885);
#224=STYLED_ITEM('',(#886),#887);
#225=STYLED_ITEM('',(#888),#889);
#226=STYLED_ITEM('',(#890),#891);
#227=STYLED_ITEM('',(#892),#893);
#228=STYLED_ITEM('',(#894),#895);
#229=STYLED_ITEM('',(#896),#897);
#230=STYLED_ITEM('',(#898),#899);
#231=STYLED_ITEM('',(#900),#901);
#232=STYLED_ITEM('',(#902),#903);
#233=STYLED_ITEM('',(#904),#905);
#234=STYLED_ITEM('',(#906),#907);
#235=STYLED_ITEM('',(#908),#909);
#236=STYLED_ITEM('',(#910),#911);
#237=STYLED_ITEM('',(#912),#913);
#238=STYLED_ITEM('',(#914),#915);
#239=STYLED_ITEM('',(#916),#917);
#240=STYLED_ITEM('',(#918),#919);
#241=STYLED_ITEM('',(#920),#921);
#242=STYLED_ITEM('',(#922),#923);
#243=STYLED_ITEM('',(#924),#925);
#244=STYLED_ITEM('',(#926),#927);
#245=STYLED_ITEM('',(#928),#929);
#246=STYLED_ITEM('',(#930),#931);
#247=STYLED_ITEM('',(#932),#933);
#248=STYLED_ITEM('',(#934),#935);
#249=STYLED_ITEM('',(#936),#937);
#250=STYLED_ITEM('',(#938),#939);
#251=STYLED_ITEM('',(#940),#941);
#252=STYLED_ITEM('',(#942),#943);
#253=STYLED_ITEM('',(#944),#945);
#254=STYLED_ITEM('',(#946),#947);
#255=STYLED_ITEM('',(#948),#949);
#256=STYLED_ITEM('',(#950),#951);
#257=STYLED_ITEM('',(#952),#953);
#258=STYLED_ITEM('',(#954),#955);
#259=STYLED_ITEM('',(#956),#957);
#260=STYLED_ITEM('',(#958),#959);
#261=STYLED_ITEM('',(#960),#961);
#262=STYLED_ITEM('',(#962),#963);
#263=STYLED_ITEM('',(#964),#965);
#264=STYLED_ITEM('',(#966),#967);
#265=STYLED_ITEM('',(#968),#969);
#266=STYLED_ITEM('',(#970),#971);
#267=STYLED_ITEM('',(#972),#973);
#268=STYLED_ITEM('',(#974),#975);
#269=STYLED_ITEM('',(#976),#977);
#270=STYLED_ITEM('',(#978),#979);
#271=STYLED_ITEM('',(#980),#981);
#272=STYLED_ITEM('',(#982),#983);
#273=STYLED_ITEM('',(#984),#985);
#274=STYLED_ITEM('',(#986),#987);
#275=STYLED_ITEM('',(#988),#989);
#276=STYLED_ITEM('',(#990),#991);
#277=STYLED_ITEM('',(#992),#993);
#278=STYLED_ITEM('',(#994),#995);
#279=STYLED_ITEM('',(#996),#997);
#280=STYLED_ITEM('',(#998),#999);
#281=STYLED_ITEM('',(#1000),#1001);
#282=STYLED_ITEM('',(#1002),#1003);
#283=STYLED_ITEM('',(#1004),#1005);
#284=STYLED_ITEM('',(#1006),#1007);
#285=STYLED_ITEM('',(#1008),#1009);
#286=STYLED_ITEM('',(#1010),#1011);
#287=STYLED_ITEM('',(#1012),#1013);
#288=STYLED_ITEM('',(#1014),#1015);
#289=STYLED_ITEM('',(#1016),#1017);
#290=STYLED_ITEM('',(#1018),#1019);
#291=STYLED_ITEM('',(#1020),#1021);
#292=STYLED_ITEM('',(#1022),#1023);
#293=STYLED_ITEM('',(#1024),#1025);
#294=STYLED_ITEM('',(#1026),#1027);
#295=STYLED_ITEM('',(#1028),#1029);
#296=STYLED_ITEM('',(#1030),#1031);
#297=STYLED_ITEM('',(#1032),#1033);
#298=STYLED_ITEM('',(#1034),#1035);
#299=STYLED_ITEM('',(#1036),#1037);
#300=STYLED_ITEM('',(#1038),#1039);
#301=STYLED_ITEM('',(#1040),#1041);
#302=STYLED_ITEM('',(#1042),#1043);
#303=STYLED_ITEM('',(#1044),#1045);
#304=STYLED_ITEM('',(#1046),#1047);
#305=STYLED_ITEM('',(#1048),#1049);
#306=STYLED_ITEM('',(#1050),#1051);
#307=STYLED_ITEM('',(#1052),#1053);
#308=STYLED_ITEM('',(#1054),#1055);
#309=STYLED_ITEM('',(#1056),#1057);
#310=STYLED_ITEM('',(#1058),#1059);
#311=STYLED_ITEM('',(#1060),#1061);
#312=STYLED_ITEM('',(#1062),#1063);
#313=STYLED_ITEM('',(#1064),#1065);
#314=STYLED_ITEM('',(#1066),#1067);
#315=STYLED_ITEM('',(#1068),#1069);
#316=STYLED_ITEM('',(#1070),#1071);
#317=STYLED_ITEM('',(#1072),#1073);
#318=STYLED_ITEM('',(#1074),#1075);
#319=STYLED_ITEM('',(#1076),#1077);
#320=STYLED_ITEM('',(#1078),#1079);
#321=STYLED_ITEM('',(#1080),#1081);
#322=STYLED_ITEM('',(#1082),#1083);
#323=STYLED_ITEM('',(#1084),#1085);
#324=STYLED_ITEM('',(#1086),#1087);
#325=STYLED_ITEM('',(#1088),#1089);
#326=STYLED_ITEM('',(#1090),#1091);
#327=STYLED_ITEM('',(#1092),#1093);
#328=STYLED_ITEM('',(#1094),#1095);
#329=STYLED_ITEM('',(#1096),#1097);
#330=STYLED_ITEM('',(#1098),#1099);
#331=STYLED_ITEM('',(#1100),#1101);
#332=STYLED_ITEM('',(#1102),#1103);
#333=STYLED_ITEM('',(#1104),#1105);
#334=STYLED_ITEM('',(#1106),#1107);
#335=STYLED_ITEM('',(#1108),#1109);
#336=STYLED_ITEM('',(#1110),#1111);
#337=STYLED_ITEM('',(#1112),#1113);
#338=STYLED_ITEM('',(#1114),#1115);
#339=STYLED_ITEM('',(#1116),#1117);
#340=STYLED_ITEM('',(#1118),#1119);
#341=STYLED_ITEM('',(#1120),#1121);
#342=STYLED_ITEM('',(#1122),#1123);
#343=STYLED_ITEM('',(#1124),#1125);
#344=STYLED_ITEM('',(#1126),#1127);
#345=STYLED_ITEM('',(#1128),#1129);
#346=STYLED_ITEM('',(#1130),#1131);
#347=STYLED_ITEM('',(#1132),#1133);
#348=STYLED_ITEM('',(#1134),#1135);
#349=STYLED_ITEM('',(#1136),#1137);
#350=STYLED_ITEM('',(#1138),#1139);
#351=STYLED_ITEM('',(#1140),#1141);
#352=STYLED_ITEM('',(#1142),#1143);
#353=STYLED_ITEM('',(#1144),#1145);
#354=STYLED_ITEM('',(#1146),#1147);
#355=STYLED_ITEM('',(#1148),#1149);
#356=STYLED_ITEM('',(#1150),#1151);
#357=STYLED_ITEM('',(#1152),#1153);
#358=STYLED_ITEM('',(#1154),#1155);
#359=STYLED_ITEM('',(#1156),#1157);
#360=STYLED_ITEM('',(#1158),#1159);
#361=STYLED_ITEM('',(#1160),#1161);
#362=STYLED_ITEM('',(#1162),#1163);
#363=STYLED_ITEM('',(#1164),#1165);
#364=STYLED_ITEM('',(#1166),#1167);
#365=STYLED_ITEM('',(#1168),#1169);
#366=STYLED_ITEM('',(#1170),#1171);
#367=STYLED_ITEM('',(#1172),#1173);
#368=STYLED_ITEM('',(#1174),#1175);
#369=STYLED_ITEM('',(#1176),#1177);
#370=STYLED_ITEM('',(#1178),#1179);
#371=STYLED_ITEM('',(#1180),#1181);
#372=STYLED_ITEM('',(#1182),#1183);
#373=STYLED_ITEM('',(#1184),#1185);
#374=STYLED_ITEM('',(#1186),#1187);
#375=STYLED_ITEM('',(#1188),#1189);
#376=STYLED_ITEM('',(#1190),#1191);
#377=STYLED_ITEM('',(#1192),#1193);
#378=STYLED_ITEM('',(#1194),#1195);
#379=STYLED_ITEM('',(#1196),#1197);
#380=STYLED_ITEM('',(#1198),#1199);
#381=STYLED_ITEM('',(#1200),#1201);
#382=STYLED_ITEM('',(#1202),#1203);
#383=STYLED_ITEM('',(#1204),#1205);
#384=STYLED_ITEM('',(#1206),#1207);
#385=STYLED_ITEM('',(#1208),#1209);
#386=STYLED_ITEM('',(#1210),#1211);
#387=STYLED_ITEM('',(#1212),#1213);
#388=STYLED_ITEM('',(#1214),#1215);
#389=STYLED_ITEM('',(#1216),#1217);
#390=STYLED_ITEM('',(#1218),#1219);
#391=STYLED_ITEM('',(#1220),#1221);
#392=STYLED_ITEM('',(#1222),#1223);
#393=STYLED_ITEM('',(#1224),#1225);
#394=STYLED_ITEM('',(#1226),#1227);
#395=STYLED_ITEM('',(#1228),#1229);
#396=STYLED_ITEM('',(#1230),#1231);
#397=STYLED_ITEM('',(#1232),#1233);
#398=STYLED_ITEM('',(#1234),#1235);
#399=STYLED_ITEM('',(#1236),#1237);
#400=STYLED_ITEM('',(#1238),#1239);
#401=STYLED_ITEM('',(#1240),#1241);
#402=STYLED_ITEM('',(#1242),#1243);
#403=STYLED_ITEM('',(#1244),#1245);
#404=STYLED_ITEM('',(#1246),#1247);
#405=STYLED_ITEM('',(#1248),#1249);
#406=STYLED_ITEM('',(#1250),#1251);
#407=STYLED_ITEM('',(#1252),#1253);
#408=STYLED_ITEM('',(#1254),#1255);
#409=STYLED_ITEM('',(#1256),#1257);
#410=STYLED_ITEM('',(#1258),#1259);
#411=STYLED_ITEM('',(#1260),#1261);
#412=STYLED_ITEM('',(#1262),#1263);
#413=STYLED_ITEM('',(#1264),#1265);
#414=STYLED_ITEM('',(#1266),#1267);
#415=STYLED_ITEM('',(#1268),#1269);
#416=STYLED_ITEM('',(#1270),#1271);
#417=STYLED_ITEM('',(#1272),#1273);
#418=STYLED_ITEM('',(#1274),#1275);
#419=STYLED_ITEM('',(#1276),#1277);
#420=STYLED_ITEM('',(#1278),#1279);
#421=STYLED_ITEM('',(#1280),#1281);
#422=STYLED_ITEM('',(#1282),#1283);
#423=STYLED_ITEM('',(#1284),#1285);
#424=STYLED_ITEM('',(#1286),#1287);
#425=STYLED_ITEM('',(#1288),#1289);
#426=STYLED_ITEM('',(#1290),#1291);
#427=STYLED_ITEM('',(#1292),#1293);
#428=STYLED_ITEM('',(#1294),#1295);
#429=STYLED_ITEM('',(#1296),#1297);
#430=STYLED_ITEM('',(#1298),#1299);
#431=STYLED_ITEM('',(#1300),#1301);
#432=STYLED_ITEM('',(#1302),#1303);
#433=STYLED_ITEM('',(#1304),#1305);
#434=STYLED_ITEM('',(#1306),#1307);
#435=STYLED_ITEM('',(#1308),#1309);
#436=STYLED_ITEM('',(#1310),#1311);
#437=STYLED_ITEM('',(#1312),#1313);
#438=STYLED_ITEM('',(#1314),#1315);
#439=STYLED_ITEM('',(#1316),#1317);
#440=STYLED_ITEM('',(#1318),#1319);
#441=STYLED_ITEM('',(#1320),#1321);
#442=STYLED_ITEM('',(#1322),#1323);
#443=STYLED_ITEM('',(#1324),#1325);
#444=STYLED_ITEM('',(#1326),#1327);
#445=APPLICATION_CONTEXT('managed model based 3d engineering');
#446=PRODUCT_CATEGORY('part','NONE');
#447=PRODUCT_RELATED_PRODUCT_CATEGORY('detail',' ',(#1328));
#448=PRODUCT_DEFINITION_SHAPE('NONE','NONE',#1329);
#449=ADVANCED_BREP_SHAPE_REPRESENTATION('1',(#1330,#1331),#6);
#452=UNCERTAINTY_MEASURE_WITH_UNIT(LENGTH_MEASURE(1.0E-06),#454,'','');
#454= (CONVERSION_BASED_UNIT('MILLIMETRE',#1334)LENGTH_UNIT()NAMED_UNIT(#1337));
#455= (NAMED_UNIT(#1339)PLANE_ANGLE_UNIT()SI_UNIT($,.RADIAN.));
#456= (NAMED_UNIT(#1339)SOLID_ANGLE_UNIT()SI_UNIT($,.STERADIAN.));
#458=PRESENTATION_STYLE_ASSIGNMENT((#1345));
#459=ADVANCED_FACE('',(#1346),#1347,.F.);
#460=PRESENTATION_STYLE_ASSIGNMENT((#1348));
#461=ADVANCED_FACE('',(#1349),#1350,.F.);
#462=PRESENTATION_STYLE_ASSIGNMENT((#1351));
#463=ADVANCED_FACE('',(#1352),#1353,.F.);
#464=PRESENTATION_STYLE_ASSIGNMENT((#1354));
#465=ADVANCED_FACE('',(#1355),#1356,.F.);
#466=PRESENTATION_STYLE_ASSIGNMENT((#1357));
#467=ADVANCED_FACE('',(#1358),#1359,.F.);
#468=PRESENTATION_STYLE_ASSIGNMENT((#1360));
#469=ADVANCED_FACE('',(#1361),#1362,.F.);
#470=PRESENTATION_STYLE_ASSIGNMENT((#1363));
#471=ADVANCED_FACE('',(#1364),#1365,.F.);
#472=PRESENTATION_STYLE_ASSIGNMENT((#1366));
#473=ADVANCED_FACE('',(#1367),#1368,.F.);
#474=PRESENTATION_STYLE_ASSIGNMENT((#1369));
#475=ADVANCED_FACE('',(#1370),#1371,.F.);
#476=PRESENTATION_STYLE_ASSIGNMENT((#1372));
#477=ADVANCED_FACE('',(#1373),#1374,.F.);
#478=PRESENTATION_STYLE_ASSIGNMENT((#1375));
#479=ADVANCED_FACE('',(#1376),#1377,.F.);
#480=PRESENTATION_STYLE_ASSIGNMENT((#1378));
#481=ADVANCED_FACE('',(#1379),#1380,.F.);
#482=PRESENTATION_STYLE_ASSIGNMENT((#1381));
#483=ADVANCED_FACE('',(#1382),#1383,.F.);
#484=PRESENTATION_STYLE_ASSIGNMENT((#1384));
#485=ADVANCED_FACE('',(#1385),#1386,.F.);
#486=PRESENTATION_STYLE_ASSIGNMENT((#1387));
#487=ADVANCED_FACE('',(#1388),#1389,.F.);
#488=PRESENTATION_STYLE_ASSIGNMENT((#1390));
#489=ADVANCED_FACE('',(#1391),#1392,.F.);
#490=PRESENTATION_STYLE_ASSIGNMENT((#1393));
#491=ADVANCED_FACE('',(#1394),#1395,.F.);
#492=PRESENTATION_STYLE_ASSIGNMENT((#1396));
#493=ADVANCED_FACE('',(#1397),#1398,.F.);
#494=PRESENTATION_STYLE_ASSIGNMENT((#1399));
#495=ADVANCED_FACE('',(#1400),#1401,.F.);
#496=PRESENTATION_STYLE_ASSIGNMENT((#1402));
#497=ADVANCED_FACE('',(#1403),#1404,.F.);
#498=PRESENTATION_STYLE_ASSIGNMENT((#1405));
#499=ADVANCED_FACE('',(#1406),#1407,.F.);
#500=PRESENTATION_STYLE_ASSIGNMENT((#1408));
#501=ADVANCED_FACE('',(#1409),#1410,.F.);
#502=PRESENTATION_STYLE_ASSIGNMENT((#1411));
#503=ADVANCED_FACE('',(#1412),#1413,.F.);
#504=PRESENTATION_STYLE_ASSIGNMENT((#1414));
#505=ADVANCED_FACE('',(#1415),#1416,.F.);
#506=PRESENTATION_STYLE_ASSIGNMENT((#1417));
#507=ADVANCED_FACE('',(#1418),#1419,.T.);
#508=PRESENTATION_STYLE_ASSIGNMENT((#1420));
#509=ADVANCED_FACE('',(#1421),#1422,.T.);
#510=PRESENTATION_STYLE_ASSIGNMENT((#1423));
#511=ADVANCED_FACE('',(#1424),#1425,.T.);
#512=PRESENTATION_STYLE_ASSIGNMENT((#1426));
#513=ADVANCED_FACE('',(#1427),#1428,.T.);
#514=PRESENTATION_STYLE_ASSIGNMENT((#1429));
#515=ADVANCED_FACE('',(#1430),#1431,.T.);
#516=PRESENTATION_STYLE_ASSIGNMENT((#1432));
#517=ADVANCED_FACE('',(#1433),#1434,.T.);
#518=PRESENTATION_STYLE_ASSIGNMENT((#1435));
#519=ADVANCED_FACE('',(#1436),#1437,.T.);
#520=PRESENTATION_STYLE_ASSIGNMENT((#1438));
#521=ADVANCED_FACE('',(#1439),#1440,.T.);
#522=PRESENTATION_STYLE_ASSIGNMENT((#1441));
#523=ADVANCED_FACE('',(#1442),#1443,.T.);
#524=PRESENTATION_STYLE_ASSIGNMENT((#1444));
#525=ADVANCED_FACE('',(#1445),#1446,.F.);
#526=PRESENTATION_STYLE_ASSIGNMENT((#1447));
#527=ADVANCED_FACE('',(#1448),#1449,.T.);
#528=PRESENTATION_STYLE_ASSIGNMENT((#1450));
#529=ADVANCED_FACE('',(#1451),#1452,.T.);
#530=PRESENTATION_STYLE_ASSIGNMENT((#1453));
#531=ADVANCED_FACE('',(#1454),#1455,.T.);
#532=PRESENTATION_STYLE_ASSIGNMENT((#1456));
#533=ADVANCED_FACE('',(#1457),#1458,.T.);
#534=PRESENTATION_STYLE_ASSIGNMENT((#1459));
#535=ADVANCED_FACE('',(#1460),#1461,.T.);
#536=PRESENTATION_STYLE_ASSIGNMENT((#1462));
#537=ADVANCED_FACE('',(#1463),#1464,.F.);
#538=PRESENTATION_STYLE_ASSIGNMENT((#1465));
#539=ADVANCED_FACE('',(#1466),#1467,.T.);
#540=PRESENTATION_STYLE_ASSIGNMENT((#1468));
#541=ADVANCED_FACE('',(#1469),#1470,.T.);
#542=PRESENTATION_STYLE_ASSIGNMENT((#1471));
#543=ADVANCED_FACE('',(#1472),#1473,.T.);
#544=PRESENTATION_STYLE_ASSIGNMENT((#1474));
#545=ADVANCED_FACE('',(#1475),#1476,.T.);
#546=PRESENTATION_STYLE_ASSIGNMENT((#1477));
#547=ADVANCED_FACE('',(#1478),#1479,.T.);
#548=PRESENTATION_STYLE_ASSIGNMENT((#1480));
#549=ADVANCED_FACE('',(#1481),#1482,.F.);
#550=PRESENTATION_STYLE_ASSIGNMENT((#1483));
#551=ADVANCED_FACE('',(#1484),#1485,.T.);
#552=PRESENTATION_STYLE_ASSIGNMENT((#1486));
#553=ADVANCED_FACE('',(#1487),#1488,.T.);
#554=PRESENTATION_STYLE_ASSIGNMENT((#1489));
#555=ADVANCED_FACE('',(#1490),#1491,.T.);
#556=PRESENTATION_STYLE_ASSIGNMENT((#1492));
#557=ADVANCED_FACE('',(#1493),#1494,.T.);
#558=PRESENTATION_STYLE_ASSIGNMENT((#1495));
#559=ADVANCED_FACE('',(#1496),#1497,.T.);
#560=PRESENTATION_STYLE_ASSIGNMENT((#1498));
#561=ADVANCED_FACE('',(#1499),#1500,.F.);
#562=PRESENTATION_STYLE_ASSIGNMENT((#1501));
#563=ADVANCED_FACE('',(#1502),#1503,.T.);
#564=PRESENTATION_STYLE_ASSIGNMENT((#1504));
#565=ADVANCED_FACE('',(#1505),#1506,.T.);
#566=PRESENTATION_STYLE_ASSIGNMENT((#1507));
#567=ADVANCED_FACE('',(#1508),#1509,.T.);
#568=PRESENTATION_STYLE_ASSIGNMENT((#1510));
#569=ADVANCED_FACE('',(#1511),#1512,.T.);
#570=PRESENTATION_STYLE_ASSIGNMENT((#1513));
#571=ADVANCED_FACE('',(#1514),#1515,.T.);
#572=PRESENTATION_STYLE_ASSIGNMENT((#1516));
#573=ADVANCED_FACE('',(#1517),#1518,.F.);
#574=PRESENTATION_STYLE_ASSIGNMENT((#1519));
#575=ADVANCED_FACE('',(#1520),#1521,.T.);
#576=PRESENTATION_STYLE_ASSIGNMENT((#1522));
#577=ADVANCED_FACE('',(#1523),#1524,.T.);
#578=PRESENTATION_STYLE_ASSIGNMENT((#1525));
#579=ADVANCED_FACE('',(#1526),#1527,.T.);
#580=PRESENTATION_STYLE_ASSIGNMENT((#1528));
#581=ADVANCED_FACE('',(#1529),#1530,.T.);
#582=PRESENTATION_STYLE_ASSIGNMENT((#1531));
#583=ADVANCED_FACE('',(#1532),#1533,.T.);
#584=PRESENTATION_STYLE_ASSIGNMENT((#1534));
#585=ADVANCED_FACE('',(#1535),#1536,.F.);
#586=PRESENTATION_STYLE_ASSIGNMENT((#1537));
#587=ADVANCED_FACE('',(#1538),#1539,.T.);
#588=PRESENTATION_STYLE_ASSIGNMENT((#1540));
#589=ADVANCED_FACE('',(#1541),#1542,.T.);
#590=PRESENTATION_STYLE_ASSIGNMENT((#1543));
#591=ADVANCED_FACE('',(#1544),#1545,.F.);
#592=PRESENTATION_STYLE_ASSIGNMENT((#1546));
#593=ADVANCED_FACE('',(#1547),#1548,.F.);
#594=PRESENTATION_STYLE_ASSIGNMENT((#1549));
#595=ADVANCED_FACE('',(#1550,#1551),#1552,.F.);
#596=PRESENTATION_STYLE_ASSIGNMENT((#1553));
#597=ADVANCED_FACE('',(#1554),#1555,.F.);
#598=PRESENTATION_STYLE_ASSIGNMENT((#1556));
#599=ADVANCED_FACE('',(#1557),#1558,.F.);
#600=PRESENTATION_STYLE_ASSIGNMENT((#1559));
#601=ADVANCED_FACE('',(#1560,#1561),#1562,.F.);
#602=PRESENTATION_STYLE_ASSIGNMENT((#1563));
#603=ADVANCED_FACE('',(#1564),#1565,.F.);
#604=PRESENTATION_STYLE_ASSIGNMENT((#1566));
#605=ADVANCED_FACE('',(#1567),#1568,.F.);
#606=PRESENTATION_STYLE_ASSIGNMENT((#1569));
#607=ADVANCED_FACE('',(#1570,#1571),#1572,.F.);
#608=PRESENTATION_STYLE_ASSIGNMENT((#1573));
#609=ADVANCED_FACE('',(#1574),#1575,.F.);
#610=PRESENTATION_STYLE_ASSIGNMENT((#1576));
#611=ADVANCED_FACE('',(#1577),#1578,.F.);
#612=PRESENTATION_STYLE_ASSIGNMENT((#1579));
#613=ADVANCED_FACE('',(#1580,#1581),#1582,.F.);
#614=PRESENTATION_STYLE_ASSIGNMENT((#1583));
#615=ADVANCED_FACE('',(#1584),#1585,.F.);
#616=PRESENTATION_STYLE_ASSIGNMENT((#1586));
#617=ADVANCED_FACE('',(#1587),#1588,.F.);
#618=PRESENTATION_STYLE_ASSIGNMENT((#1589));
#619=ADVANCED_FACE('',(#1590,#1591),#1592,.F.);
#620=PRESENTATION_STYLE_ASSIGNMENT((#1593));
#621=ADVANCED_FACE('',(#1594),#1595,.F.);
#622=PRESENTATION_STYLE_ASSIGNMENT((#1596));
#623=ADVANCED_FACE('',(#1597),#1598,.F.);
#624=PRESENTATION_STYLE_ASSIGNMENT((#1599));
#625=ADVANCED_FACE('',(#1600,#1601),#1602,.F.);
#626=PRESENTATION_STYLE_ASSIGNMENT((#1603));
#627=ADVANCED_FACE('',(#1604),#1605,.F.);
#628=PRESENTATION_STYLE_ASSIGNMENT((#1606));
#629=ADVANCED_FACE('',(#1607),#1608,.F.);
#630=PRESENTATION_STYLE_ASSIGNMENT((#1609));
#631=ADVANCED_FACE('',(#1610),#1611,.F.);
#632=PRESENTATION_STYLE_ASSIGNMENT((#1612));
#633=ADVANCED_FACE('',(#1613),#1614,.F.);
#634=PRESENTATION_STYLE_ASSIGNMENT((#1615));
#635=ADVANCED_FACE('',(#1616),#1617,.F.);
#636=PRESENTATION_STYLE_ASSIGNMENT((#1618));
#637=ADVANCED_FACE('',(#1619),#1620,.F.);
#638=PRESENTATION_STYLE_ASSIGNMENT((#1621));
#639=ADVANCED_FACE('',(#1622),#1623,.F.);
#640=PRESENTATION_STYLE_ASSIGNMENT((#1624));
#641=ADVANCED_FACE('',(#1625),#1626,.F.);
#642=PRESENTATION_STYLE_ASSIGNMENT((#1627));
#643=ADVANCED_FACE('',(#1628),#1629,.F.);
#644=PRESENTATION_STYLE_ASSIGNMENT((#1630));
#645=ADVANCED_FACE('',(#1631),#1632,.F.);
#646=PRESENTATION_STYLE_ASSIGNMENT((#1633));
#647=ADVANCED_FACE('',(#1634),#1635,.F.);
#648=PRESENTATION_STYLE_ASSIGNMENT((#1636));
#649=ADVANCED_FACE('',(#1637),#1638,.F.);
#650=PRESENTATION_STYLE_ASSIGNMENT((#1639));
#651=ADVANCED_FACE('',(#1640),#1641,.F.);
#652=PRESENTATION_STYLE_ASSIGNMENT((#1642));
#653=ADVANCED_FACE('',(#1643),#1644,.F.);
#654=PRESENTATION_STYLE_ASSIGNMENT((#1645));
#655=ADVANCED_FACE('',(#1646),#1647,.F.);
#656=PRESENTATION_STYLE_ASSIGNMENT((#1648));
#657=ADVANCED_FACE('',(#1649),#1650,.F.);
#658=PRESENTATION_STYLE_ASSIGNMENT((#1651));
#659=ADVANCED_FACE('',(#1652),#1653,.F.);
#660=PRESENTATION_STYLE_ASSIGNMENT((#1654));
#661=ADVANCED_FACE('',(#1655),#1656,.F.);
#662=PRESENTATION_STYLE_ASSIGNMENT((#1657));
#663=ADVANCED_FACE('',(#1658),#1659,.T.);
#664=PRESENTATION_STYLE_ASSIGNMENT((#1660));
#665=ADVANCED_FACE('',(#1661,#1662),#1663,.T.);
#666=PRESENTATION_STYLE_ASSIGNMENT((#1664));
#667=ADVANCED_FACE('',(#1665),#1666,.T.);
#668=PRESENTATION_STYLE_ASSIGNMENT((#1667));
#669=ADVANCED_FACE('',(#1668),#1669,.F.);
#670=PRESENTATION_STYLE_ASSIGNMENT((#1670));
#671=ADVANCED_FACE('',(#1671),#1672,.T.);
#672=PRESENTATION_STYLE_ASSIGNMENT((#1673));
#673=ADVANCED_FACE('',(#1674),#1675,.T.);
#674=PRESENTATION_STYLE_ASSIGNMENT((#1676));
#675=ADVANCED_FACE('',(#1677),#1678,.T.);
#676=PRESENTATION_STYLE_ASSIGNMENT((#1679));
#677=ADVANCED_FACE('',(#1680),#1681,.T.);
#678=PRESENTATION_STYLE_ASSIGNMENT((#1682));
#679=ADVANCED_FACE('',(#1683),#1684,.T.);
#680=PRESENTATION_STYLE_ASSIGNMENT((#1685));
#681=ADVANCED_FACE('',(#1686),#1687,.T.);
#682=PRESENTATION_STYLE_ASSIGNMENT((#1688));
#683=ADVANCED_FACE('',(#1689),#1690,.T.);
#684=PRESENTATION_STYLE_ASSIGNMENT((#1691));
#685=ADVANCED_FACE('',(#1692),#1693,.T.);
#686=PRESENTATION_STYLE_ASSIGNMENT((#1694));
#687=ADVANCED_FACE('',(#1695),#1696,.T.);
#688=PRESENTATION_STYLE_ASSIGNMENT((#1697));
#689=ADVANCED_FACE('',(#1698),#1699,.F.);
#690=PRESENTATION_STYLE_ASSIGNMENT((#1700));
#691=ADVANCED_FACE('',(#1701),#1702,.T.);
#692=PRESENTATION_STYLE_ASSIGNMENT((#1703));
#693=ADVANCED_FACE('',(#1704,#1705),#1706,.T.);
#694=PRESENTATION_STYLE_ASSIGNMENT((#1707));
#695=ADVANCED_FACE('',(#1708),#1709,.T.);
#696=PRESENTATION_STYLE_ASSIGNMENT((#1710));
#697=ADVANCED_FACE('',(#1711,#1712),#1713,.T.);
#698=PRESENTATION_STYLE_ASSIGNMENT((#1714));
#699=ADVANCED_FACE('',(#1715),#1716,.T.);
#700=PRESENTATION_STYLE_ASSIGNMENT((#1717));
#701=ADVANCED_FACE('',(#1718),#1719,.F.);
#702=PRESENTATION_STYLE_ASSIGNMENT((#1720));
#703=ADVANCED_FACE('',(#1721),#1722,.T.);
#704=PRESENTATION_STYLE_ASSIGNMENT((#1723));
#705=ADVANCED_FACE('',(#1724),#1725,.T.);
#706=PRESENTATION_STYLE_ASSIGNMENT((#1726));
#707=ADVANCED_FACE('',(#1727),#1728,.T.);
#708=PRESENTATION_STYLE_ASSIGNMENT((#1729));
#709=ADVANCED_FACE('',(#1730),#1731,.T.);
#710=PRESENTATION_STYLE_ASSIGNMENT((#1732));
#711=ADVANCED_FACE('',(#1733),#1734,.T.);
#712=PRESENTATION_STYLE_ASSIGNMENT((#1735));
#713=ADVANCED_FACE('',(#1736),#1737,.T.);
#714=PRESENTATION_STYLE_ASSIGNMENT((#1738));
#715=ADVANCED_FACE('',(#1739),#1740,.T.);
#716=PRESENTATION_STYLE_ASSIGNMENT((#1741));
#717=ADVANCED_FACE('',(#1742),#1743,.T.);
#718=PRESENTATION_STYLE_ASSIGNMENT((#1744));
#719=ADVANCED_FACE('',(#1745),#1746,.T.);
#720=PRESENTATION_STYLE_ASSIGNMENT((#1747));
#721=ADVANCED_FACE('',(#1748),#1749,.F.);
#722=PRESENTATION_STYLE_ASSIGNMENT((#1750));
#723=ADVANCED_FACE('',(#1751),#1752,.T.);
#724=PRESENTATION_STYLE_ASSIGNMENT((#1753));
#725=ADVANCED_FACE('',(#1754,#1755),#1756,.T.);
#726=PRESENTATION_STYLE_ASSIGNMENT((#1757));
#727=ADVANCED_FACE('',(#1758),#1759,.T.);
#728=PRESENTATION_STYLE_ASSIGNMENT((#1760));
#729=ADVANCED_FACE('',(#1761,#1762),#1763,.T.);
#730=PRESENTATION_STYLE_ASSIGNMENT((#1764));
#731=ADVANCED_FACE('',(#1765),#1766,.T.);
#732=PRESENTATION_STYLE_ASSIGNMENT((#1767));
#733=ADVANCED_FACE('',(#1768),#1769,.F.);
#734=PRESENTATION_STYLE_ASSIGNMENT((#1770));
#735=ADVANCED_FACE('',(#1771),#1772,.T.);
#736=PRESENTATION_STYLE_ASSIGNMENT((#1773));
#737=ADVANCED_FACE('',(#1774),#1775,.T.);
#738=PRESENTATION_STYLE_ASSIGNMENT((#1776));
#739=ADVANCED_FACE('',(#1777),#1778,.T.);
#740=PRESENTATION_STYLE_ASSIGNMENT((#1779));
#741=ADVANCED_FACE('',(#1780),#1781,.T.);
#742=PRESENTATION_STYLE_ASSIGNMENT((#1782));
#743=ADVANCED_FACE('',(#1783),#1784,.T.);
#744=PRESENTATION_STYLE_ASSIGNMENT((#1785));
#745=ADVANCED_FACE('',(#1786),#1787,.T.);
#746=PRESENTATION_STYLE_ASSIGNMENT((#1788));
#747=ADVANCED_FACE('',(#1789),#1790,.T.);
#748=PRESENTATION_STYLE_ASSIGNMENT((#1791));
#749=ADVANCED_FACE('',(#1792),#1793,.T.);
#750=PRESENTATION_STYLE_ASSIGNMENT((#1794));
#751=ADVANCED_FACE('',(#1795),#1796,.T.);
#752=PRESENTATION_STYLE_ASSIGNMENT((#1797));
#753=ADVANCED_FACE('',(#1798),#1799,.F.);
#754=PRESENTATION_STYLE_ASSIGNMENT((#1800));
#755=ADVANCED_FACE('',(#1801),#1802,.T.);
#756=PRESENTATION_STYLE_ASSIGNMENT((#1803));
#757=ADVANCED_FACE('',(#1804,#1805),#1806,.T.);
#758=PRESENTATION_STYLE_ASSIGNMENT((#1807));
#759=ADVANCED_FACE('',(#1808),#1809,.T.);
#760=PRESENTATION_STYLE_ASSIGNMENT((#1810));
#761=ADVANCED_FACE('',(#1811,#1812),#1813,.T.);
#762=PRESENTATION_STYLE_ASSIGNMENT((#1814));
#763=ADVANCED_FACE('',(#1815),#1816,.T.);
#764=PRESENTATION_STYLE_ASSIGNMENT((#1817));
#765=ADVANCED_FACE('',(#1818),#1819,.F.);
#766=PRESENTATION_STYLE_ASSIGNMENT((#1820));
#767=ADVANCED_FACE('',(#1821),#1822,.T.);
#768=PRESENTATION_STYLE_ASSIGNMENT((#1823));
#769=ADVANCED_FACE('',(#1824),#1825,.T.);
#770=PRESENTATION_STYLE_ASSIGNMENT((#1826));
#771=ADVANCED_FACE('',(#1827),#1828,.T.);
#772=PRESENTATION_STYLE_ASSIGNMENT((#1829));
#773=ADVANCED_FACE('',(#1830),#1831,.T.);
#774=PRESENTATION_STYLE_ASSIGNMENT((#1832));
#775=ADVANCED_FACE('',(#1833),#1834,.T.);
#776=PRESENTATION_STYLE_ASSIGNMENT((#1835));
#777=ADVANCED_FACE('',(#1836),#1837,.T.);
#778=PRESENTATION_STYLE_ASSIGNMENT((#1838));
#779=ADVANCED_FACE('',(#1839),#1840,.T.);
#780=PRESENTATION_STYLE_ASSIGNMENT((#1841));
#781=ADVANCED_FACE('',(#1842),#1843,.T.);
#782=PRESENTATION_STYLE_ASSIGNMENT((#1844));
#783=ADVANCED_FACE('',(#1845),#1846,.T.);
#784=PRESENTATION_STYLE_ASSIGNMENT((#1847));
#785=ADVANCED_FACE('',(#1848),#1849,.F.);
#786=PRESENTATION_STYLE_ASSIGNMENT((#1850));
#787=ADVANCED_FACE('',(#1851),#1852,.T.);
#788=PRESENTATION_STYLE_ASSIGNMENT((#1853));
#789=ADVANCED_FACE('',(#1854,#1855),#1856,.T.);
#790=PRESENTATION_STYLE_ASSIGNMENT((#1857));
#791=ADVANCED_FACE('',(#1858),#1859,.T.);
#792=PRESENTATION_STYLE_ASSIGNMENT((#1860));
#793=ADVANCED_FACE('',(#1861,#1862),#1863,.T.);
#794=PRESENTATION_STYLE_ASSIGNMENT((#1864));
#795=ADVANCED_FACE('',(#1865),#1866,.T.);
#796=PRESENTATION_STYLE_ASSIGNMENT((#1867));
#797=ADVANCED_FACE('',(#1868),#1869,.F.);
#798=PRESENTATION_STYLE_ASSIGNMENT((#1870));
#799=ADVANCED_FACE('',(#1871),#1872,.T.);
#800=PRESENTATION_STYLE_ASSIGNMENT((#1873));
#801=ADVANCED_FACE('',(#1874),#1875,.T.);
#802=PRESENTATION_STYLE_ASSIGNMENT((#1876));
#803=ADVANCED_FACE('',(#1877),#1878,.T.);
#804=PRESENTATION_STYLE_ASSIGNMENT((#1879));
#805=ADVANCED_FACE('',(#1880),#1881,.T.);
#806=PRESENTATION_STYLE_ASSIGNMENT((#1882));
#807=ADVANCED_FACE('',(#1883),#1884,.T.);
#808=PRESENTATION_STYLE_ASSIGNMENT((#1885));
#809=ADVANCED_FACE('',(#1886),#1887,.T.);
#810=PRESENTATION_STYLE_ASSIGNMENT((#1888));
#811=ADVANCED_FACE('',(#1889),#1890,.T.);
#812=PRESENTATION_STYLE_ASSIGNMENT((#1891));
#813=ADVANCED_FACE('',(#1892),#1893,.T.);
#814=PRESENTATION_STYLE_ASSIGNMENT((#1894));
#815=ADVANCED_FACE('',(#1895),#1896,.T.);
#816=PRESENTATION_STYLE_ASSIGNMENT((#1897));
#817=ADVANCED_FACE('',(#1898),#1899,.F.);
#818=PRESENTATION_STYLE_ASSIGNMENT((#1900));
#819=ADVANCED_FACE('',(#1901),#1902,.T.);
#820=PRESENTATION_STYLE_ASSIGNMENT((#1903));
#821=ADVANCED_FACE('',(#1904,#1905),#1906,.T.);
#822=PRESENTATION_STYLE_ASSIGNMENT((#1907));
#823=ADVANCED_FACE('',(#1908),#1909,.T.);
#824=PRESENTATION_STYLE_ASSIGNMENT((#1910));
#825=ADVANCED_FACE('',(#1911,#1912),#1913,.T.);
#826=PRESENTATION_STYLE_ASSIGNMENT((#1914));
#827=ADVANCED_FACE('',(#1915),#1916,.T.);
#828=PRESENTATION_STYLE_ASSIGNMENT((#1917));
#829=ADVANCED_FACE('',(#1918),#1919,.F.);
#830=PRESENTATION_STYLE_ASSIGNMENT((#1920));
#831=ADVANCED_FACE('',(#1921),#1922,.T.);
#832=PRESENTATION_STYLE_ASSIGNMENT((#1923));
#833=ADVANCED_FACE('',(#1924),#1925,.T.);
#834=PRESENTATION_STYLE_ASSIGNMENT((#1926));
#835=ADVANCED_FACE('',(#1927),#1928,.T.);
#836=PRESENTATION_STYLE_ASSIGNMENT((#1929));
#837=ADVANCED_FACE('',(#1930),#1931,.T.);
#838=PRESENTATION_STYLE_ASSIGNMENT((#1932));
#839=ADVANCED_FACE('',(#1933),#1934,.T.);
#840=PRESENTATION_STYLE_ASSIGNMENT((#1935));
#841=ADVANCED_FACE('',(#1936),#1937,.T.);
#842=PRESENTATION_STYLE_ASSIGNMENT((#1938));
#843=ADVANCED_FACE('',(#1939),#1940,.T.);
#844=PRESENTATION_STYLE_ASSIGNMENT((#1941));
#845=ADVANCED_FACE('',(#1942),#1943,.T.);
#846=PRESENTATION_STYLE_ASSIGNMENT((#1944));
#847=ADVANCED_FACE('',(#1945),#1946,.T.);
#848=PRESENTATION_STYLE_ASSIGNMENT((#1947));
#849=ADVANCED_FACE('',(#1948),#1949,.F.);
#850=PRESENTATION_STYLE_ASSIGNMENT((#1950));
#851=ADVANCED_FACE('',(#1951),#1952,.T.);
#852=PRESENTATION_STYLE_ASSIGNMENT((#1953));
#853=ADVANCED_FACE('',(#1954,#1955),#1956,.T.);
#854=PRESENTATION_STYLE_ASSIGNMENT((#1957));
#855=ADVANCED_FACE('',(#1958),#1959,.F.);
#856=PRESENTATION_STYLE_ASSIGNMENT((#1960));
#857=ADVANCED_FACE('',(#1961),#1962,.T.);
#858=PRESENTATION_STYLE_ASSIGNMENT((#1963));
#859=ADVANCED_FACE('',(#1964),#1965,.F.);
#860=PRESENTATION_STYLE_ASSIGNMENT((#1966));
#861=ADVANCED_FACE('',(#1967),#1968,.F.);
#862=PRESENTATION_STYLE_ASSIGNMENT((#1969));
#863=ADVANCED_FACE('',(#1970),#1971,.F.);
#864=PRESENTATION_STYLE_ASSIGNMENT((#1972));
#865=ADVANCED_FACE('',(#1973),#1974,.F.);
#866=PRESENTATION_STYLE_ASSIGNMENT((#1975));
#867=ADVANCED_FACE('',(#1976),#1977,.F.);
#868=PRESENTATION_STYLE_ASSIGNMENT((#1978));
#869=ADVANCED_FACE('',(#1979),#1980,.F.);
#870=PRESENTATION_STYLE_ASSIGNMENT((#1981));
#871=ADVANCED_FACE('',(#1982),#1983,.F.);
#872=PRESENTATION_STYLE_ASSIGNMENT((#1984));
#873=ADVANCED_FACE('',(#1985,#1986,#1987,#1988,#1989,#1990,#1991),#1992,.T.);
#874=PRESENTATION_STYLE_ASSIGNMENT((#1993));
#875=ADVANCED_FACE('',(#1994),#1995,.F.);
#876=PRESENTATION_STYLE_ASSIGNMENT((#1996));
#877=ADVANCED_FACE('',(#1997),#1998,.T.);
#878=PRESENTATION_STYLE_ASSIGNMENT((#1999));
#879=ADVANCED_FACE('',(#2000),#2001,.F.);
#880=PRESENTATION_STYLE_ASSIGNMENT((#2002));
#881=ADVANCED_FACE('',(#2003),#2004,.F.);
#882=PRESENTATION_STYLE_ASSIGNMENT((#2005));
#883=ADVANCED_FACE('',(#2006),#2007,.F.);
#884=PRESENTATION_STYLE_ASSIGNMENT((#2008));
#885=ADVANCED_FACE('',(#2009),#2010,.F.);
#886=PRESENTATION_STYLE_ASSIGNMENT((#2011));
#887=ADVANCED_FACE('',(#2012),#2013,.F.);
#888=PRESENTATION_STYLE_ASSIGNMENT((#2014));
#889=ADVANCED_FACE('',(#2015),#2016,.F.);
#890=PRESENTATION_STYLE_ASSIGNMENT((#2017));
#891=ADVANCED_FACE('',(#2018),#2019,.F.);
#892=PRESENTATION_STYLE_ASSIGNMENT((#2020));
#893=ADVANCED_FACE('',(#2021),#2022,.F.);
#894=PRESENTATION_STYLE_ASSIGNMENT((#2023));
#895=ADVANCED_FACE('',(#2024),#2025,.T.);
#896=PRESENTATION_STYLE_ASSIGNMENT((#2026));
#897=ADVANCED_FACE('',(#2027),#2028,.F.);
#898=PRESENTATION_STYLE_ASSIGNMENT((#2029));
#899=ADVANCED_FACE('',(#2030),#2031,.F.);
#900=PRESENTATION_STYLE_ASSIGNMENT((#2032));
#901=ADVANCED_FACE('',(#2033),#2034,.F.);
#902=PRESENTATION_STYLE_ASSIGNMENT((#2035));
#903=ADVANCED_FACE('',(#2036),#2037,.F.);
#904=PRESENTATION_STYLE_ASSIGNMENT((#2038));
#905=ADVANCED_FACE('',(#2039),#2040,.F.);
#906=PRESENTATION_STYLE_ASSIGNMENT((#2041));
#907=ADVANCED_FACE('',(#2042),#2043,.F.);
#908=PRESENTATION_STYLE_ASSIGNMENT((#2044));
#909=ADVANCED_FACE('',(#2045),#2046,.F.);
#910=PRESENTATION_STYLE_ASSIGNMENT((#2047));
#911=ADVANCED_FACE('',(#2048),#2049,.F.);
#912=PRESENTATION_STYLE_ASSIGNMENT((#2050));
#913=ADVANCED_FACE('',(#2051),#2052,.T.);
#914=PRESENTATION_STYLE_ASSIGNMENT((#2053));
#915=ADVANCED_FACE('',(#2054),#2055,.F.);
#916=PRESENTATION_STYLE_ASSIGNMENT((#2056));
#917=ADVANCED_FACE('',(#2057),#2058,.F.);
#918=PRESENTATION_STYLE_ASSIGNMENT((#2059));
#919=ADVANCED_FACE('',(#2060),#2061,.F.);
#920=PRESENTATION_STYLE_ASSIGNMENT((#2062));
#921=ADVANCED_FACE('',(#2063),#2064,.F.);
#922=PRESENTATION_STYLE_ASSIGNMENT((#2065));
#923=ADVANCED_FACE('',(#2066),#2067,.F.);
#924=PRESENTATION_STYLE_ASSIGNMENT((#2068));
#925=ADVANCED_FACE('',(#2069),#2070,.F.);
#926=PRESENTATION_STYLE_ASSIGNMENT((#2071));
#927=ADVANCED_FACE('',(#2072),#2073,.F.);
#928=PRESENTATION_STYLE_ASSIGNMENT((#2074));
#929=ADVANCED_FACE('',(#2075),#2076,.F.);
#930=PRESENTATION_STYLE_ASSIGNMENT((#2077));
#931=ADVANCED_FACE('',(#2078),#2079,.T.);
#932=PRESENTATION_STYLE_ASSIGNMENT((#2080));
#933=ADVANCED_FACE('',(#2081),#2082,.F.);
#934=PRESENTATION_STYLE_ASSIGNMENT((#2083));
#935=ADVANCED_FACE('',(#2084),#2085,.F.);
#936=PRESENTATION_STYLE_ASSIGNMENT((#2086));
#937=ADVANCED_FACE('',(#2087),#2088,.F.);
#938=PRESENTATION_STYLE_ASSIGNMENT((#2089));
#939=ADVANCED_FACE('',(#2090),#2091,.F.);
#940=PRESENTATION_STYLE_ASSIGNMENT((#2092));
#941=ADVANCED_FACE('',(#2093),#2094,.F.);
#942=PRESENTATION_STYLE_ASSIGNMENT((#2095));
#943=ADVANCED_FACE('',(#2096),#2097,.F.);
#944=PRESENTATION_STYLE_ASSIGNMENT((#2098));
#945=ADVANCED_FACE('',(#2099),#2100,.F.);
#946=PRESENTATION_STYLE_ASSIGNMENT((#2101));
#947=ADVANCED_FACE('',(#2102),#2103,.F.);
#948=PRESENTATION_STYLE_ASSIGNMENT((#2104));
#949=ADVANCED_FACE('',(#2105),#2106,.T.);
#950=PRESENTATION_STYLE_ASSIGNMENT((#2107));
#951=ADVANCED_FACE('',(#2108),#2109,.F.);
#952=PRESENTATION_STYLE_ASSIGNMENT((#2110));
#953=ADVANCED_FACE('',(#2111),#2112,.F.);
#954=PRESENTATION_STYLE_ASSIGNMENT((#2113));
#955=ADVANCED_FACE('',(#2114),#2115,.F.);
#956=PRESENTATION_STYLE_ASSIGNMENT((#2116));
#957=ADVANCED_FACE('',(#2117),#2118,.F.);
#958=PRESENTATION_STYLE_ASSIGNMENT((#2119));
#959=ADVANCED_FACE('',(#2120),#2121,.F.);
#960=PRESENTATION_STYLE_ASSIGNMENT((#2122));
#961=ADVANCED_FACE('',(#2123),#2124,.F.);
#962=PRESENTATION_STYLE_ASSIGNMENT((#2125));
#963=ADVANCED_FACE('',(#2126),#2127,.F.);
#964=PRESENTATION_STYLE_ASSIGNMENT((#2128));
#965=ADVANCED_FACE('',(#2129),#2130,.F.);
#966=PRESENTATION_STYLE_ASSIGNMENT((#2131));
#967=ADVANCED_FACE('',(#2132),#2133,.T.);
#968=PRESENTATION_STYLE_ASSIGNMENT((#2134));
#969=ADVANCED_FACE('',(#2135),#2136,.F.);
#970=PRESENTATION_STYLE_ASSIGNMENT((#2137));
#971=ADVANCED_FACE('',(#2138),#2139,.F.);
#972=PRESENTATION_STYLE_ASSIGNMENT((#2140));
#973=ADVANCED_FACE('',(#2141),#2142,.F.);
#974=PRESENTATION_STYLE_ASSIGNMENT((#2143));
#975=ADVANCED_FACE('',(#2144),#2145,.F.);
#976=PRESENTATION_STYLE_ASSIGNMENT((#2146));
#977=ADVANCED_FACE('',(#2147),#2148,.F.);
#978=PRESENTATION_STYLE_ASSIGNMENT((#2149));
#979=ADVANCED_FACE('',(#2150),#2151,.F.);
#980=PRESENTATION_STYLE_ASSIGNMENT((#2152));
#981=ADVANCED_FACE('',(#2153),#2154,.F.);
#982=PRESENTATION_STYLE_ASSIGNMENT((#2155));
#983=ADVANCED_FACE('',(#2156),#2157,.F.);
#984=PRESENTATION_STYLE_ASSIGNMENT((#2158));
#985=ADVANCED_FACE('',(#2159),#2160,.T.);
#986=PRESENTATION_STYLE_ASSIGNMENT((#2161));
#987=ADVANCED_FACE('',(#2162),#2163,.F.);
#988=PRESENTATION_STYLE_ASSIGNMENT((#2164));
#989=ADVANCED_FACE('',(#2165),#2166,.F.);
#990=PRESENTATION_STYLE_ASSIGNMENT((#2167));
#991=ADVANCED_FACE('',(#2168),#2169,.F.);
#992=PRESENTATION_STYLE_ASSIGNMENT((#2170));
#993=ADVANCED_FACE('',(#2171),#2172,.F.);
#994=PRESENTATION_STYLE_ASSIGNMENT((#2173));
#995=ADVANCED_FACE('',(#2174),#2175,.F.);
#996=PRESENTATION_STYLE_ASSIGNMENT((#2176));
#997=ADVANCED_FACE('',(#2177),#2178,.F.);
#998=PRESENTATION_STYLE_ASSIGNMENT((#2179));
#999=ADVANCED_FACE('',(#2180),#2181,.F.);
#1000=PRESENTATION_STYLE_ASSIGNMENT((#2182));
#1001=ADVANCED_FACE('',(#2183),#2184,.F.);
#1002=PRESENTATION_STYLE_ASSIGNMENT((#2185));
#1003=ADVANCED_FACE('',(#2186),#2187,.T.);
#1004=PRESENTATION_STYLE_ASSIGNMENT((#2188));
#1005=ADVANCED_FACE('',(#2189),#2190,.F.);
#1006=PRESENTATION_STYLE_ASSIGNMENT((#2191));
#1007=ADVANCED_FACE('',(#2192),#2193,.F.);
#1008=PRESENTATION_STYLE_ASSIGNMENT((#2194));
#1009=ADVANCED_FACE('',(#2195),#2196,.F.);
#1010=PRESENTATION_STYLE_ASSIGNMENT((#2197));
#1011=ADVANCED_FACE('',(#2198),#2199,.F.);
#1012=PRESENTATION_STYLE_ASSIGNMENT((#2200));
#1013=ADVANCED_FACE('',(#2201),#2202,.F.);
#1014=PRESENTATION_STYLE_ASSIGNMENT((#2203));
#1015=ADVANCED_FACE('',(#2204),#2205,.F.);
#1016=PRESENTATION_STYLE_ASSIGNMENT((#2206));
#1017=ADVANCED_FACE('',(#2207),#2208,.F.);
#1018=PRESENTATION_STYLE_ASSIGNMENT((#2209));
#1019=ADVANCED_FACE('',(#2210),#2211,.F.);
#1020=PRESENTATION_STYLE_ASSIGNMENT((#2212));
#1021=ADVANCED_FACE('',(#2213),#2214,.T.);
#1022=PRESENTATION_STYLE_ASSIGNMENT((#2215));
#1023=ADVANCED_FACE('',(#2216),#2217,.F.);
#1024=PRESENTATION_STYLE_ASSIGNMENT((#2218));
#1025=ADVANCED_FACE('',(#2219),#2220,.F.);
#1026=PRESENTATION_STYLE_ASSIGNMENT((#2221));
#1027=ADVANCED_FACE('',(#2222),#2223,.F.);
#1028=PRESENTATION_STYLE_ASSIGNMENT((#2224));
#1029=ADVANCED_FACE('',(#2225),#2226,.F.);
#1030=PRESENTATION_STYLE_ASSIGNMENT((#2227));
#1031=ADVANCED_FACE('',(#2228),#2229,.F.);
#1032=PRESENTATION_STYLE_ASSIGNMENT((#2230));
#1033=ADVANCED_FACE('',(#2231),#2232,.F.);
#1034=PRESENTATION_STYLE_ASSIGNMENT((#2233));
#1035=ADVANCED_FACE('',(#2234),#2235,.F.);
#1036=PRESENTATION_STYLE_ASSIGNMENT((#2236));
#1037=ADVANCED_FACE('',(#2237),#2238,.F.);
#1038=PRESENTATION_STYLE_ASSIGNMENT((#2239));
#1039=ADVANCED_FACE('',(#2240),#2241,.T.);
#1040=PRESENTATION_STYLE_ASSIGNMENT((#2242));
#1041=ADVANCED_FACE('',(#2243),#2244,.F.);
#1042=PRESENTATION_STYLE_ASSIGNMENT((#2245));
#1043=ADVANCED_FACE('',(#2246),#2247,.F.);
#1044=PRESENTATION_STYLE_ASSIGNMENT((#2248));
#1045=ADVANCED_FACE('',(#2249),#2250,.F.);
#1046=PRESENTATION_STYLE_ASSIGNMENT((#2251));
#1047=ADVANCED_FACE('',(#2252),#2253,.F.);
#1048=PRESENTATION_STYLE_ASSIGNMENT((#2254));
#1049=ADVANCED_FACE('',(#2255),#2256,.F.);
#1050=PRESENTATION_STYLE_ASSIGNMENT((#2257));
#1051=ADVANCED_FACE('',(#2258),#2259,.F.);
#1052=PRESENTATION_STYLE_ASSIGNMENT((#2260));
#1053=ADVANCED_FACE('',(#2261),#2262,.F.);
#1054=PRESENTATION_STYLE_ASSIGNMENT((#2263));
#1055=ADVANCED_FACE('',(#2264),#2265,.F.);
#1056=PRESENTATION_STYLE_ASSIGNMENT((#2266));
#1057=ADVANCED_FACE('',(#2267),#2268,.T.);
#1058=PRESENTATION_STYLE_ASSIGNMENT((#2269));
#1059=ADVANCED_FACE('',(#2270),#2271,.F.);
#1060=PRESENTATION_STYLE_ASSIGNMENT((#2272));
#1061=ADVANCED_FACE('',(#2273),#2274,.F.);
#1062=PRESENTATION_STYLE_ASSIGNMENT((#2275));
#1063=ADVANCED_FACE('',(#2276),#2277,.F.);
#1064=PRESENTATION_STYLE_ASSIGNMENT((#2278));
#1065=ADVANCED_FACE('',(#2279),#2280,.F.);
#1066=PRESENTATION_STYLE_ASSIGNMENT((#2281));
#1067=ADVANCED_FACE('',(#2282),#2283,.F.);
#1068=PRESENTATION_STYLE_ASSIGNMENT((#2284));
#1069=ADVANCED_FACE('',(#2285),#2286,.F.);
#1070=PRESENTATION_STYLE_ASSIGNMENT((#2287));
#1071=ADVANCED_FACE('',(#2288),#2289,.F.);
#1072=PRESENTATION_STYLE_ASSIGNMENT((#2290));
#1073=ADVANCED_FACE('',(#2291),#2292,.F.);
#1074=PRESENTATION_STYLE_ASSIGNMENT((#2293));
#1075=ADVANCED_FACE('',(#2294),#2295,.F.);
#1076=PRESENTATION_STYLE_ASSIGNMENT((#2296));
#1077=ADVANCED_FACE('',(#2297),#2298,.F.);
#1078=PRESENTATION_STYLE_ASSIGNMENT((#2299));
#1079=ADVANCED_FACE('',(#2300),#2301,.F.);
#1080=PRESENTATION_STYLE_ASSIGNMENT((#2302));
#1081=ADVANCED_FACE('',(#2303),#2304,.F.);
#1082=PRESENTATION_STYLE_ASSIGNMENT((#2305));
#1083=ADVANCED_FACE('',(#2306),#2307,.F.);
#1084=PRESENTATION_STYLE_ASSIGNMENT((#2308));
#1085=ADVANCED_FACE('',(#2309),#2310,.F.);
#1086=PRESENTATION_STYLE_ASSIGNMENT((#2311));
#1087=ADVANCED_FACE('',(#2312),#2313,.F.);
#1088=PRESENTATION_STYLE_ASSIGNMENT((#2314));
#1089=ADVANCED_FACE('',(#2315),#2316,.F.);
#1090=PRESENTATION_STYLE_ASSIGNMENT((#2317));
#1091=ADVANCED_FACE('',(#2318),#2319,.T.);
#1092=PRESENTATION_STYLE_ASSIGNMENT((#2320));
#1093=ADVANCED_FACE('',(#2321),#2322,.T.);
#1094=PRESENTATION_STYLE_ASSIGNMENT((#2323));
#1095=ADVANCED_FACE('',(#2324),#2325,.F.);
#1096=PRESENTATION_STYLE_ASSIGNMENT((#2326));
#1097=ADVANCED_FACE('',(#2327),#2328,.F.);
#1098=PRESENTATION_STYLE_ASSIGNMENT((#2329));
#1099=ADVANCED_FACE('',(#2330),#2331,.F.);
#1100=PRESENTATION_STYLE_ASSIGNMENT((#2332));
#1101=ADVANCED_FACE('',(#2333),#2334,.F.);
#1102=PRESENTATION_STYLE_ASSIGNMENT((#2335));
#1103=ADVANCED_FACE('',(#2336),#2337,.F.);
#1104=PRESENTATION_STYLE_ASSIGNMENT((#2338));
#1105=ADVANCED_FACE('',(#2339),#2340,.F.);
#1106=PRESENTATION_STYLE_ASSIGNMENT((#2341));
#1107=ADVANCED_FACE('',(#2342),#2343,.F.);
#1108=PRESENTATION_STYLE_ASSIGNMENT((#2344));
#1109=ADVANCED_FACE('',(#2345),#2346,.F.);
#1110=PRESENTATION_STYLE_ASSIGNMENT((#2347));
#1111=ADVANCED_FACE('',(#2348),#2349,.F.);
#1112=PRESENTATION_STYLE_ASSIGNMENT((#2350));
#1113=ADVANCED_FACE('',(#2351),#2352,.T.);
#1114=PRESENTATION_STYLE_ASSIGNMENT((#2353));
#1115=ADVANCED_FACE('',(#2354),#2355,.F.);
#1116=PRESENTATION_STYLE_ASSIGNMENT((#2356));
#1117=ADVANCED_FACE('',(#2357),#2358,.F.);
#1118=PRESENTATION_STYLE_ASSIGNMENT((#2359));
#1119=ADVANCED_FACE('',(#2360),#2361,.F.);
#1120=PRESENTATION_STYLE_ASSIGNMENT((#2362));
#1121=ADVANCED_FACE('',(#2363),#2364,.F.);
#1122=PRESENTATION_STYLE_ASSIGNMENT((#2365));
#1123=ADVANCED_FACE('',(#2366),#2367,.F.);
#1124=PRESENTATION_STYLE_ASSIGNMENT((#2368));
#1125=ADVANCED_FACE('',(#2369),#2370,.F.);
#1126=PRESENTATION_STYLE_ASSIGNMENT((#2371));
#1127=ADVANCED_FACE('',(#2372),#2373,.F.);
#1128=PRESENTATION_STYLE_ASSIGNMENT((#2374));
#1129=ADVANCED_FACE('',(#2375),#2376,.F.);
#1130=PRESENTATION_STYLE_ASSIGNMENT((#2377));
#1131=ADVANCED_FACE('',(#2378),#2379,.F.);
#1132=PRESENTATION_STYLE_ASSIGNMENT((#2380));
#1133=ADVANCED_FACE('',(#2381),#2382,.T.);
#1134=PRESENTATION_STYLE_ASSIGNMENT((#2383));
#1135=ADVANCED_FACE('',(#2384),#2385,.F.);
#1136=PRESENTATION_STYLE_ASSIGNMENT((#2386));
#1137=ADVANCED_FACE('',(#2387),#2388,.F.);
#1138=PRESENTATION_STYLE_ASSIGNMENT((#2389));
#1139=ADVANCED_FACE('',(#2390),#2391,.F.);
#1140=PRESENTATION_STYLE_ASSIGNMENT((#2392));
#1141=ADVANCED_FACE('',(#2393),#2394,.F.);
#1142=PRESENTATION_STYLE_ASSIGNMENT((#2395));
#1143=ADVANCED_FACE('',(#2396),#2397,.F.);
#1144=PRESENTATION_STYLE_ASSIGNMENT((#2398));
#1145=ADVANCED_FACE('',(#2399),#2400,.F.);
#1146=PRESENTATION_STYLE_ASSIGNMENT((#2401));
#1147=ADVANCED_FACE('',(#2402),#2403,.F.);
#1148=PRESENTATION_STYLE_ASSIGNMENT((#2404));
#1149=ADVANCED_FACE('',(#2405),#2406,.F.);
#1150=PRESENTATION_STYLE_ASSIGNMENT((#2407));
#1151=ADVANCED_FACE('',(#2408),#2409,.F.);
#1152=PRESENTATION_STYLE_ASSIGNMENT((#2410));
#1153=ADVANCED_FACE('',(#2411),#2412,.T.);
#1154=PRESENTATION_STYLE_ASSIGNMENT((#2413));
#1155=ADVANCED_FACE('',(#2414),#2415,.F.);
#1156=PRESENTATION_STYLE_ASSIGNMENT((#2416));
#1157=ADVANCED_FACE('',(#2417),#2418,.F.);
#1158=PRESENTATION_STYLE_ASSIGNMENT((#2419));
#1159=ADVANCED_FACE('',(#2420),#2421,.F.);
#1160=PRESENTATION_STYLE_ASSIGNMENT((#2422));
#1161=ADVANCED_FACE('',(#2423),#2424,.F.);
#1162=PRESENTATION_STYLE_ASSIGNMENT((#2425));
#1163=ADVANCED_FACE('',(#2426),#2427,.F.);
#1164=PRESENTATION_STYLE_ASSIGNMENT((#2428));
#1165=ADVANCED_FACE('',(#2429),#2430,.F.);
#1166=PRESENTATION_STYLE_ASSIGNMENT((#2431));
#1167=ADVANCED_FACE('',(#2432),#2433,.F.);
#1168=PRESENTATION_STYLE_ASSIGNMENT((#2434));
#1169=ADVANCED_FACE('',(#2435),#2436,.F.);
#1170=PRESENTATION_STYLE_ASSIGNMENT((#2437));
#1171=ADVANCED_FACE('',(#2438),#2439,.F.);
#1172=PRESENTATION_STYLE_ASSIGNMENT((#2440));
#1173=ADVANCED_FACE('',(#2441),#2442,.T.);
#1174=PRESENTATION_STYLE_ASSIGNMENT((#2443));
#1175=ADVANCED_FACE('',(#2444),#2445,.F.);
#1176=PRESENTATION_STYLE_ASSIGNMENT((#2446));
#1177=ADVANCED_FACE('',(#2447),#2448,.F.);
#1178=PRESENTATION_STYLE_ASSIGNMENT((#2449));
#1179=ADVANCED_FACE('',(#2450),#2451,.F.);
#1180=PRESENTATION_STYLE_ASSIGNMENT((#2452));
#1181=ADVANCED_FACE('',(#2453),#2454,.F.);
#1182=PRESENTATION_STYLE_ASSIGNMENT((#2455));
#1183=ADVANCED_FACE('',(#2456),#2457,.F.);
#1184=PRESENTATION_STYLE_ASSIGNMENT((#2458));
#1185=ADVANCED_FACE('',(#2459),#2460,.F.);
#1186=PRESENTATION_STYLE_ASSIGNMENT((#2461));
#1187=ADVANCED_FACE('',(#2462),#2463,.F.);
#1188=PRESENTATION_STYLE_ASSIGNMENT((#2464));
#1189=ADVANCED_FACE('',(#2465),#2466,.F.);
#1190=PRESENTATION_STYLE_ASSIGNMENT((#2467));
#1191=ADVANCED_FACE('',(#2468),#2469,.F.);
#1192=PRESENTATION_STYLE_ASSIGNMENT((#2470));
#1193=ADVANCED_FACE('',(#2471),#2472,.T.);
#1194=PRESENTATION_STYLE_ASSIGNMENT((#2473));
#1195=ADVANCED_FACE('',(#2474),#2475,.F.);
#1196=PRESENTATION_STYLE_ASSIGNMENT((#2476));
#1197=ADVANCED_FACE('',(#2477),#2478,.F.);
#1198=PRESENTATION_STYLE_ASSIGNMENT((#2479));
#1199=ADVANCED_FACE('',(#2480),#2481,.F.);
#1200=PRESENTATION_STYLE_ASSIGNMENT((#2482));
#1201=ADVANCED_FACE('',(#2483),#2484,.F.);
#1202=PRESENTATION_STYLE_ASSIGNMENT((#2485));
#1203=ADVANCED_FACE('',(#2486),#2487,.F.);
#1204=PRESENTATION_STYLE_ASSIGNMENT((#2488));
#1205=ADVANCED_FACE('',(#2489),#2490,.T.);
#1206=PRESENTATION_STYLE_ASSIGNMENT((#2491));
#1207=ADVANCED_FACE('',(#2492),#2493,.F.);
#1208=PRESENTATION_STYLE_ASSIGNMENT((#2494));
#1209=ADVANCED_FACE('',(#2495),#2496,.F.);
#1210=PRESENTATION_STYLE_ASSIGNMENT((#2497));
#1211=ADVANCED_FACE('',(#2498),#2499,.F.);
#1212=PRESENTATION_STYLE_ASSIGNMENT((#2500));
#1213=ADVANCED_FACE('',(#2501),#2502,.F.);
#1214=PRESENTATION_STYLE_ASSIGNMENT((#2503));
#1215=ADVANCED_FACE('',(#2504),#2505,.F.);
#1216=PRESENTATION_STYLE_ASSIGNMENT((#2506));
#1217=ADVANCED_FACE('',(#2507),#2508,.T.);
#1218=PRESENTATION_STYLE_ASSIGNMENT((#2509));
#1219=ADVANCED_FACE('',(#2510),#2511,.T.);
#1220=PRESENTATION_STYLE_ASSIGNMENT((#2512));
#1221=ADVANCED_FACE('',(#2513),#2514,.T.);
#1222=PRESENTATION_STYLE_ASSIGNMENT((#2515));
#1223=ADVANCED_FACE('',(#2516),#2517,.T.);
#1224=PRESENTATION_STYLE_ASSIGNMENT((#2518));
#1225=ADVANCED_FACE('',(#2519),#2520,.T.);
#1226=PRESENTATION_STYLE_ASSIGNMENT((#2521));
#1227=ADVANCED_FACE('',(#2522),#2523,.T.);
#1228=PRESENTATION_STYLE_ASSIGNMENT((#2524));
#1229=ADVANCED_FACE('',(#2525),#2526,.F.);
#1230=PRESENTATION_STYLE_ASSIGNMENT((#2527));
#1231=ADVANCED_FACE('',(#2528),#2529,.T.);
#1232=PRESENTATION_STYLE_ASSIGNMENT((#2530));
#1233=ADVANCED_FACE('',(#2531),#2532,.T.);
#1234=PRESENTATION_STYLE_ASSIGNMENT((#2533));
#1235=ADVANCED_FACE('',(#2534),#2535,.T.);
#1236=PRESENTATION_STYLE_ASSIGNMENT((#2536));
#1237=ADVANCED_FACE('',(#2537),#2538,.T.);
#1238=PRESENTATION_STYLE_ASSIGNMENT((#2539));
#1239=ADVANCED_FACE('',(#2540),#2541,.T.);
#1240=PRESENTATION_STYLE_ASSIGNMENT((#2542));
#1241=ADVANCED_FACE('',(#2543),#2544,.F.);
#1242=PRESENTATION_STYLE_ASSIGNMENT((#2545));
#1243=ADVANCED_FACE('',(#2546),#2547,.T.);
#1244=PRESENTATION_STYLE_ASSIGNMENT((#2548));
#1245=ADVANCED_FACE('',(#2549),#2550,.T.);
#1246=PRESENTATION_STYLE_ASSIGNMENT((#2551));
#1247=ADVANCED_FACE('',(#2552),#2553,.T.);
#1248=PRESENTATION_STYLE_ASSIGNMENT((#2554));
#1249=ADVANCED_FACE('',(#2555),#2556,.T.);
#1250=PRESENTATION_STYLE_ASSIGNMENT((#2557));
#1251=ADVANCED_FACE('',(#2558),#2559,.F.);
#1252=PRESENTATION_STYLE_ASSIGNMENT((#2560));
#1253=ADVANCED_FACE('',(#2561),#2562,.T.);
#1254=PRESENTATION_STYLE_ASSIGNMENT((#2563));
#1255=ADVANCED_FACE('',(#2564),#2565,.T.);
#1256=PRESENTATION_STYLE_ASSIGNMENT((#2566));
#1257=ADVANCED_FACE('',(#2567),#2568,.T.);
#1258=PRESENTATION_STYLE_ASSIGNMENT((#2569));
#1259=ADVANCED_FACE('',(#2570),#2571,.T.);
#1260=PRESENTATION_STYLE_ASSIGNMENT((#2572));
#1261=ADVANCED_FACE('',(#2573),#2574,.F.);
#1262=PRESENTATION_STYLE_ASSIGNMENT((#2575));
#1263=ADVANCED_FACE('',(#2576),#2577,.T.);
#1264=PRESENTATION_STYLE_ASSIGNMENT((#2578));
#1265=ADVANCED_FACE('',(#2579),#2580,.T.);
#1266=PRESENTATION_STYLE_ASSIGNMENT((#2581));
#1267=ADVANCED_FACE('',(#2582),#2583,.T.);
#1268=PRESENTATION_STYLE_ASSIGNMENT((#2584));
#1269=ADVANCED_FACE('',(#2585),#2586,.T.);
#1270=PRESENTATION_STYLE_ASSIGNMENT((#2587));
#1271=ADVANCED_FACE('',(#2588),#2589,.F.);
#1272=PRESENTATION_STYLE_ASSIGNMENT((#2590));
#1273=ADVANCED_FACE('',(#2591),#2592,.T.);
#1274=PRESENTATION_STYLE_ASSIGNMENT((#2593));
#1275=ADVANCED_FACE('',(#2594),#2595,.T.);
#1276=PRESENTATION_STYLE_ASSIGNMENT((#2596));
#1277=ADVANCED_FACE('',(#2597),#2598,.T.);
#1278=PRESENTATION_STYLE_ASSIGNMENT((#2599));
#1279=ADVANCED_FACE('',(#2600),#2601,.T.);
#1280=PRESENTATION_STYLE_ASSIGNMENT((#2602));
#1281=ADVANCED_FACE('',(#2603),#2604,.F.);
#1282=PRESENTATION_STYLE_ASSIGNMENT((#2605));
#1283=ADVANCED_FACE('',(#2606),#2607,.T.);
#1284=PRESENTATION_STYLE_ASSIGNMENT((#2608));
#1285=ADVANCED_FACE('',(#2609),#2610,.T.);
#1286=PRESENTATION_STYLE_ASSIGNMENT((#2611));
#1287=ADVANCED_FACE('',(#2612),#2613,.T.);
#1288=PRESENTATION_STYLE_ASSIGNMENT((#2614));
#1289=ADVANCED_FACE('',(#2615),#2616,.T.);
#1290=PRESENTATION_STYLE_ASSIGNMENT((#2617));
#1291=ADVANCED_FACE('',(#2618),#2619,.F.);
#1292=PRESENTATION_STYLE_ASSIGNMENT((#2620));
#1293=ADVANCED_FACE('',(#2621),#2622,.T.);
#1294=PRESENTATION_STYLE_ASSIGNMENT((#2623));
#1295=ADVANCED_FACE('',(#2624),#2625,.T.);
#1296=PRESENTATION_STYLE_ASSIGNMENT((#2626));
#1297=ADVANCED_FACE('',(#2627),#2628,.T.);
#1298=PRESENTATION_STYLE_ASSIGNMENT((#2629));
#1299=ADVANCED_FACE('',(#2630),#2631,.T.);
#1300=PRESENTATION_STYLE_ASSIGNMENT((#2632));
#1301=ADVANCED_FACE('',(#2633),#2634,.T.);
#1302=PRESENTATION_STYLE_ASSIGNMENT((#2635));
#1303=ADVANCED_FACE('',(#2636),#2637,.T.);
#1304=PRESENTATION_STYLE_ASSIGNMENT((#2638));
#1305=ADVANCED_FACE('',(#2639),#2640,.T.);
#1306=PRESENTATION_STYLE_ASSIGNMENT((#2641));
#1307=ADVANCED_FACE('',(#2642),#2643,.T.);
#1308=PRESENTATION_STYLE_ASSIGNMENT((#2644));
#1309=ADVANCED_FACE('',(#2645),#2646,.T.);
#1310=PRESENTATION_STYLE_ASSIGNMENT((#2647));
#1311=ADVANCED_FACE('',(#2648,#2649,#2650,#2651,#2652,#2653,#2654),#2655,.T.);
#1312=PRESENTATION_STYLE_ASSIGNMENT((#2656));
#1313=ADVANCED_FACE('',(#2657),#2658,.T.);
#1314=PRESENTATION_STYLE_ASSIGNMENT((#2659));
#1315=ADVANCED_FACE('',(#2660),#2661,.T.);
#1316=PRESENTATION_STYLE_ASSIGNMENT((#2662));
#1317=ADVANCED_FACE('',(#2663),#2664,.T.);
#1318=PRESENTATION_STYLE_ASSIGNMENT((#2665));
#1319=ADVANCED_FACE('',(#2666),#2667,.T.);
#1320=PRESENTATION_STYLE_ASSIGNMENT((#2668));
#1321=ADVANCED_FACE('',(#2669),#2670,.T.);
#1322=PRESENTATION_STYLE_ASSIGNMENT((#2671));
#1323=ADVANCED_FACE('',(#2672),#2673,.T.);
#1324=PRESENTATION_STYLE_ASSIGNMENT((#2674));
#1325=ADVANCED_FACE('',(#2675),#2676,.T.);
#1326=PRESENTATION_STYLE_ASSIGNMENT((#2677));
#1327=ADVANCED_FACE('',(#2678),#2679,.F.);
#1328=PRODUCT('1','','PART--DESC',(#2680));
#1329=PRODUCT_DEFINITION('','NONE',#2681,#2);
#1330=MANIFOLD_SOLID_BREP('1',#2682);
#1331=AXIS2_PLACEMENT_3D('',#2683,#2684,#2685);
#1334=LENGTH_MEASURE_WITH_UNIT(LENGTH_MEASURE(1.0),#2686);
#1337=DIMENSIONAL_EXPONENTS(1.0,0.0,0.0,0.0,0.0,0.0,0.0);
#1339=DIMENSIONAL_EXPONENTS(0.0,0.0,0.0,0.0,0.0,0.0,0.0);
#1345=SURFACE_STYLE_USAGE(.BOTH.,#2687);
#1346=FACE_OUTER_BOUND('',#2688,.T.);
#1347=CYLINDRICAL_SURFACE('',#2689,0.6);
#1348=SURFACE_STYLE_USAGE(.BOTH.,#2690);
#1349=FACE_OUTER_BOUND('',#2691,.T.);
#1350=CONICAL_SURFACE('',#2692,0.8,0.785398163397448);
#1351=SURFACE_STYLE_USAGE(.BOTH.,#2693);
#1352=FACE_OUTER_BOUND('',#2694,.T.);
#1353=CYLINDRICAL_SURFACE('',#2695,0.6);
#1354=SURFACE_STYLE_USAGE(.BOTH.,#2696);
#1355=FACE_OUTER_BOUND('',#2697,.T.);
#1356=CONICAL_SURFACE('',#2698,0.8,0.785398163397448);
#1357=SURFACE_STYLE_USAGE(.BOTH.,#2699);
#1358=FACE_OUTER_BOUND('',#2700,.T.);
#1359=CYLINDRICAL_SURFACE('',#2701,0.6);
#1360=SURFACE_STYLE_USAGE(.BOTH.,#2702);
#1361=FACE_OUTER_BOUND('',#2703,.T.);
#1362=CONICAL_SURFACE('',#2704,0.8,0.785398163397448);
#1363=SURFACE_STYLE_USAGE(.BOTH.,#2705);
#1364=FACE_OUTER_BOUND('',#2706,.T.);
#1365=CYLINDRICAL_SURFACE('',#2707,0.6);
#1366=SURFACE_STYLE_USAGE(.BOTH.,#2708);
#1367=FACE_OUTER_BOUND('',#2709,.T.);
#1368=CONICAL_SURFACE('',#2710,0.8,0.785398163397448);
#1369=SURFACE_STYLE_USAGE(.BOTH.,#2711);
#1370=FACE_OUTER_BOUND('',#2712,.T.);
#1371=CYLINDRICAL_SURFACE('',#2713,0.6);
#1372=SURFACE_STYLE_USAGE(.BOTH.,#2714);
#1373=FACE_OUTER_BOUND('',#2715,.T.);
#1374=CONICAL_SURFACE('',#2716,0.8,0.785398163397448);
#1375=SURFACE_STYLE_USAGE(.BOTH.,#2717);
#1376=FACE_OUTER_BOUND('',#2718,.T.);
#1377=CYLINDRICAL_SURFACE('',#2719,0.6);
#1378=SURFACE_STYLE_USAGE(.BOTH.,#2720);
#1379=FACE_OUTER_BOUND('',#2721,.T.);
#1380=CONICAL_SURFACE('',#2722,0.8,0.785398163397448);
#1381=SURFACE_STYLE_USAGE(.BOTH.,#2723);
#1382=FACE_OUTER_BOUND('',#2724,.T.);
#1383=CONICAL_SURFACE('',#2725,1.52399999999999,0.785398163397448);
#1384=SURFACE_STYLE_USAGE(.BOTH.,#2726);
#1385=FACE_OUTER_BOUND('',#2727,.T.);
#1386=CYLINDRICAL_SURFACE('',#2728,1.39699999999999);
#1387=SURFACE_STYLE_USAGE(.BOTH.,#2729);
#1388=FACE_OUTER_BOUND('',#2730,.T.);
#1389=CONICAL_SURFACE('',#2731,1.52399999999999,0.785398163397448);
#1390=SURFACE_STYLE_USAGE(.BOTH.,#2732);
#1391=FACE_OUTER_BOUND('',#2733,.T.);
#1392=CYLINDRICAL_SURFACE('',#2734,1.39699999999999);
#1393=SURFACE_STYLE_USAGE(.BOTH.,#2735);
#1394=FACE_OUTER_BOUND('',#2736,.T.);
#1395=CONICAL_SURFACE('',#2737,1.52399999999999,0.785398163397448);
#1396=SURFACE_STYLE_USAGE(.BOTH.,#2738);
#1397=FACE_OUTER_BOUND('',#2739,.T.);
#1398=CYLINDRICAL_SURFACE('',#2740,1.39699999999999);
#1399=SURFACE_STYLE_USAGE(.BOTH.,#2741);
#1400=FACE_OUTER_BOUND('',#2742,.T.);
#1401=CONICAL_SURFACE('',#2743,1.52399999999999,0.785398163397448);
#1402=SURFACE_STYLE_USAGE(.BOTH.,#2744);
#1403=FACE_OUTER_BOUND('',#2745,.T.);
#1404=CYLINDRICAL_SURFACE('',#2746,1.39699999999999);
#1405=SURFACE_STYLE_USAGE(.BOTH.,#2747);
#1406=FACE_OUTER_BOUND('',#2748,.T.);
#1407=CONICAL_SURFACE('',#2749,1.52399999999999,0.785398163397448);
#1408=SURFACE_STYLE_USAGE(.BOTH.,#2750);
#1409=FACE_OUTER_BOUND('',#2751,.T.);
#1410=CYLINDRICAL_SURFACE('',#2752,1.39699999999999);
#1411=SURFACE_STYLE_USAGE(.BOTH.,#2753);
#1412=FACE_OUTER_BOUND('',#2754,.T.);
#1413=CONICAL_SURFACE('',#2755,1.52399999999999,0.785398163397448);
#1414=SURFACE_STYLE_USAGE(.BOTH.,#2756);
#1415=FACE_OUTER_BOUND('',#2757,.T.);
#1416=CYLINDRICAL_SURFACE('',#2758,1.39699999999999);
#1417=SURFACE_STYLE_USAGE(.BOTH.,#2759);
#1418=FACE_OUTER_BOUND('',#2760,.T.);
#1419=CYLINDRICAL_SURFACE('',#2761,1.374);
#1420=SURFACE_STYLE_USAGE(.BOTH.,#2762);
#1421=FACE_OUTER_BOUND('',#2763,.T.);
#1422=CYLINDRICAL_SURFACE('',#2764,1.374);
#1423=SURFACE_STYLE_USAGE(.BOTH.,#2765);
#1424=FACE_OUTER_BOUND('',#2766,.T.);
#1425=CYLINDRICAL_SURFACE('',#2767,1.374);
#1426=SURFACE_STYLE_USAGE(.BOTH.,#2768);
#1427=FACE_OUTER_BOUND('',#2769,.T.);
#1428=CYLINDRICAL_SURFACE('',#2770,1.374);
#1429=SURFACE_STYLE_USAGE(.BOTH.,#2771);
#1430=FACE_OUTER_BOUND('',#2772,.T.);
#1431=CYLINDRICAL_SURFACE('',#2773,1.374);
#1432=SURFACE_STYLE_USAGE(.BOTH.,#2774);
#1433=FACE_OUTER_BOUND('',#2775,.T.);
#1434=CYLINDRICAL_SURFACE('',#2776,1.374);
#1435=SURFACE_STYLE_USAGE(.BOTH.,#2777);
#1436=FACE_OUTER_BOUND('',#2778,.T.);
#1437=CYLINDRICAL_SURFACE('',#2779,1.374);
#1438=SURFACE_STYLE_USAGE(.BOTH.,#2780);
#1439=FACE_OUTER_BOUND('',#2781,.T.);
#1440=PLANE('',#2782);
#1441=SURFACE_STYLE_USAGE(.BOTH.,#2783);
#1442=FACE_OUTER_BOUND('',#2784,.T.);
#1443=PLANE('',#2785);
#1444=SURFACE_STYLE_USAGE(.BOTH.,#2786);
#1445=FACE_OUTER_BOUND('',#2787,.T.);
#1446=PLANE('',#2788);
#1447=SURFACE_STYLE_USAGE(.BOTH.,#2789);
#1448=FACE_OUTER_BOUND('',#2790,.T.);
#1449=PLANE('',#2791);
#1450=SURFACE_STYLE_USAGE(.BOTH.,#2792);
#1451=FACE_OUTER_BOUND('',#2793,.T.);
#1452=PLANE('',#2794);
#1453=SURFACE_STYLE_USAGE(.BOTH.,#2795);
#1454=FACE_OUTER_BOUND('',#2796,.T.);
#1455=CYLINDRICAL_SURFACE('',#2797,1.374);
#1456=SURFACE_STYLE_USAGE(.BOTH.,#2798);
#1457=FACE_OUTER_BOUND('',#2799,.T.);
#1458=PLANE('',#2800);
#1459=SURFACE_STYLE_USAGE(.BOTH.,#2801);
#1460=FACE_OUTER_BOUND('',#2802,.T.);
#1461=PLANE('',#2803);
#1462=SURFACE_STYLE_USAGE(.BOTH.,#2804);
#1463=FACE_OUTER_BOUND('',#2805,.T.);
#1464=PLANE('',#2806);
#1465=SURFACE_STYLE_USAGE(.BOTH.,#2807);
#1466=FACE_OUTER_BOUND('',#2808,.T.);
#1467=PLANE('',#2809);
#1468=SURFACE_STYLE_USAGE(.BOTH.,#2810);
#1469=FACE_OUTER_BOUND('',#2811,.T.);
#1470=PLANE('',#2812);
#1471=SURFACE_STYLE_USAGE(.BOTH.,#2813);
#1472=FACE_OUTER_BOUND('',#2814,.T.);
#1473=CYLINDRICAL_SURFACE('',#2815,1.374);
#1474=SURFACE_STYLE_USAGE(.BOTH.,#2816);
#1475=FACE_OUTER_BOUND('',#2817,.T.);
#1476=PLANE('',#2818);
#1477=SURFACE_STYLE_USAGE(.BOTH.,#2819);
#1478=FACE_OUTER_BOUND('',#2820,.T.);
#1479=PLANE('',#2821);
#1480=SURFACE_STYLE_USAGE(.BOTH.,#2822);
#1481=FACE_OUTER_BOUND('',#2823,.T.);
#1482=PLANE('',#2824);
#1483=SURFACE_STYLE_USAGE(.BOTH.,#2825);
#1484=FACE_OUTER_BOUND('',#2826,.T.);
#1485=PLANE('',#2827);
#1486=SURFACE_STYLE_USAGE(.BOTH.,#2828);
#1487=FACE_OUTER_BOUND('',#2829,.T.);
#1488=PLANE('',#2830);
#1489=SURFACE_STYLE_USAGE(.BOTH.,#2831);
#1490=FACE_OUTER_BOUND('',#2832,.T.);
#1491=CYLINDRICAL_SURFACE('',#2833,1.374);
#1492=SURFACE_STYLE_USAGE(.BOTH.,#2834);
#1493=FACE_OUTER_BOUND('',#2835,.T.);
#1494=PLANE('',#2836);
#1495=SURFACE_STYLE_USAGE(.BOTH.,#2837);
#1496=FACE_OUTER_BOUND('',#2838,.T.);
#1497=PLANE('',#2839);
#1498=SURFACE_STYLE_USAGE(.BOTH.,#2840);
#1499=FACE_OUTER_BOUND('',#2841,.T.);
#1500=PLANE('',#2842);
#1501=SURFACE_STYLE_USAGE(.BOTH.,#2843);
#1502=FACE_OUTER_BOUND('',#2844,.T.);
#1503=PLANE('',#2845);
#1504=SURFACE_STYLE_USAGE(.BOTH.,#2846);
#1505=FACE_OUTER_BOUND('',#2847,.T.);
#1506=PLANE('',#2848);
#1507=SURFACE_STYLE_USAGE(.BOTH.,#2849);
#1508=FACE_OUTER_BOUND('',#2850,.T.);
#1509=CYLINDRICAL_SURFACE('',#2851,1.374);
#1510=SURFACE_STYLE_USAGE(.BOTH.,#2852);
#1511=FACE_OUTER_BOUND('',#2853,.T.);
#1512=PLANE('',#2854);
#1513=SURFACE_STYLE_USAGE(.BOTH.,#2855);
#1514=FACE_OUTER_BOUND('',#2856,.T.);
#1515=PLANE('',#2857);
#1516=SURFACE_STYLE_USAGE(.BOTH.,#2858);
#1517=FACE_OUTER_BOUND('',#2859,.T.);
#1518=PLANE('',#2860);
#1519=SURFACE_STYLE_USAGE(.BOTH.,#2861);
#1520=FACE_OUTER_BOUND('',#2862,.T.);
#1521=PLANE('',#2863);
#1522=SURFACE_STYLE_USAGE(.BOTH.,#2864);
#1523=FACE_OUTER_BOUND('',#2865,.T.);
#1524=PLANE('',#2866);
#1525=SURFACE_STYLE_USAGE(.BOTH.,#2867);
#1526=FACE_OUTER_BOUND('',#2868,.T.);
#1527=CYLINDRICAL_SURFACE('',#2869,1.374);
#1528=SURFACE_STYLE_USAGE(.BOTH.,#2870);
#1529=FACE_OUTER_BOUND('',#2871,.T.);
#1530=PLANE('',#2872);
#1531=SURFACE_STYLE_USAGE(.BOTH.,#2873);
#1532=FACE_OUTER_BOUND('',#2874,.T.);
#1533=PLANE('',#2875);
#1534=SURFACE_STYLE_USAGE(.BOTH.,#2876);
#1535=FACE_OUTER_BOUND('',#2877,.T.);
#1536=PLANE('',#2878);
#1537=SURFACE_STYLE_USAGE(.BOTH.,#2879);
#1538=FACE_OUTER_BOUND('',#2880,.T.);
#1539=PLANE('',#2881);
#1540=SURFACE_STYLE_USAGE(.BOTH.,#2882);
#1541=FACE_OUTER_BOUND('',#2883,.T.);
#1542=PLANE('',#2884);
#1543=SURFACE_STYLE_USAGE(.BOTH.,#2885);
#1544=FACE_OUTER_BOUND('',#2886,.T.);
#1545=CYLINDRICAL_SURFACE('',#2887,1.39699999999999);
#1546=SURFACE_STYLE_USAGE(.BOTH.,#2888);
#1547=FACE_OUTER_BOUND('',#2889,.T.);
#1548=CONICAL_SURFACE('',#2890,1.52399999999999,0.785398163397448);
#1549=SURFACE_STYLE_USAGE(.BOTH.,#2891);
#1550=FACE_BOUND('',#2892,.T.);
#1551=FACE_OUTER_BOUND('',#2893,.T.);
#1552=PLANE('',#2894);
#1553=SURFACE_STYLE_USAGE(.BOTH.,#2895);
#1554=FACE_OUTER_BOUND('',#2896,.T.);
#1555=CYLINDRICAL_SURFACE('',#2897,1.39699999999999);
#1556=SURFACE_STYLE_USAGE(.BOTH.,#2898);
#1557=FACE_OUTER_BOUND('',#2899,.T.);
#1558=CONICAL_SURFACE('',#2900,1.52399999999999,0.785398163397448);
#1559=SURFACE_STYLE_USAGE(.BOTH.,#2901);
#1560=FACE_BOUND('',#2902,.T.);
#1561=FACE_OUTER_BOUND('',#2903,.T.);
#1562=PLANE('',#2904);
#1563=SURFACE_STYLE_USAGE(.BOTH.,#2905);
#1564=FACE_OUTER_BOUND('',#2906,.T.);
#1565=CYLINDRICAL_SURFACE('',#2907,1.39699999999999);
#1566=SURFACE_STYLE_USAGE(.BOTH.,#2908);
#1567=FACE_OUTER_BOUND('',#2909,.T.);
#1568=CONICAL_SURFACE('',#2910,1.52399999999999,0.785398163397448);
#1569=SURFACE_STYLE_USAGE(.BOTH.,#2911);
#1570=FACE_BOUND('',#2912,.T.);
#1571=FACE_OUTER_BOUND('',#2913,.T.);
#1572=PLANE('',#2914);
#1573=SURFACE_STYLE_USAGE(.BOTH.,#2915);
#1574=FACE_OUTER_BOUND('',#2916,.T.);
#1575=CYLINDRICAL_SURFACE('',#2917,1.39699999999999);
#1576=SURFACE_STYLE_USAGE(.BOTH.,#2918);
#1577=FACE_OUTER_BOUND('',#2919,.T.);
#1578=CONICAL_SURFACE('',#2920,1.52399999999999,0.785398163397448);
#1579=SURFACE_STYLE_USAGE(.BOTH.,#2921);
#1580=FACE_BOUND('',#2922,.T.);
#1581=FACE_OUTER_BOUND('',#2923,.T.);
#1582=PLANE('',#2924);
#1583=SURFACE_STYLE_USAGE(.BOTH.,#2925);
#1584=FACE_OUTER_BOUND('',#2926,.T.);
#1585=CYLINDRICAL_SURFACE('',#2927,1.39699999999999);
#1586=SURFACE_STYLE_USAGE(.BOTH.,#2928);
#1587=FACE_OUTER_BOUND('',#2929,.T.);
#1588=CONICAL_SURFACE('',#2930,1.52399999999999,0.785398163397448);
#1589=SURFACE_STYLE_USAGE(.BOTH.,#2931);
#1590=FACE_BOUND('',#2932,.T.);
#1591=FACE_OUTER_BOUND('',#2933,.T.);
#1592=PLANE('',#2934);
#1593=SURFACE_STYLE_USAGE(.BOTH.,#2935);
#1594=FACE_OUTER_BOUND('',#2936,.T.);
#1595=CYLINDRICAL_SURFACE('',#2937,1.39699999999999);
#1596=SURFACE_STYLE_USAGE(.BOTH.,#2938);
#1597=FACE_OUTER_BOUND('',#2939,.T.);
#1598=CONICAL_SURFACE('',#2940,1.52399999999999,0.785398163397448);
#1599=SURFACE_STYLE_USAGE(.BOTH.,#2941);
#1600=FACE_BOUND('',#2942,.T.);
#1601=FACE_OUTER_BOUND('',#2943,.T.);
#1602=PLANE('',#2944);
#1603=SURFACE_STYLE_USAGE(.BOTH.,#2945);
#1604=FACE_OUTER_BOUND('',#2946,.T.);
#1605=CONICAL_SURFACE('',#2947,0.8,0.785398163397448);
#1606=SURFACE_STYLE_USAGE(.BOTH.,#2948);
#1607=FACE_OUTER_BOUND('',#2949,.T.);
#1608=CYLINDRICAL_SURFACE('',#2950,0.6);
#1609=SURFACE_STYLE_USAGE(.BOTH.,#2951);
#1610=FACE_OUTER_BOUND('',#2952,.T.);
#1611=PLANE('',#2953);
#1612=SURFACE_STYLE_USAGE(.BOTH.,#2954);
#1613=FACE_OUTER_BOUND('',#2955,.T.);
#1614=CONICAL_SURFACE('',#2956,0.8,0.785398163397448);
#1615=SURFACE_STYLE_USAGE(.BOTH.,#2957);
#1616=FACE_OUTER_BOUND('',#2958,.T.);
#1617=CYLINDRICAL_SURFACE('',#2959,0.6);
#1618=SURFACE_STYLE_USAGE(.BOTH.,#2960);
#1619=FACE_OUTER_BOUND('',#2961,.T.);
#1620=PLANE('',#2962);
#1621=SURFACE_STYLE_USAGE(.BOTH.,#2963);
#1622=FACE_OUTER_BOUND('',#2964,.T.);
#1623=CONICAL_SURFACE('',#2965,0.8,0.785398163397448);
#1624=SURFACE_STYLE_USAGE(.BOTH.,#2966);
#1625=FACE_OUTER_BOUND('',#2967,.T.);
#1626=CYLINDRICAL_SURFACE('',#2968,0.6);
#1627=SURFACE_STYLE_USAGE(.BOTH.,#2969);
#1628=FACE_OUTER_BOUND('',#2970,.T.);
#1629=PLANE('',#2971);
#1630=SURFACE_STYLE_USAGE(.BOTH.,#2972);
#1631=FACE_OUTER_BOUND('',#2973,.T.);
#1632=CONICAL_SURFACE('',#2974,0.8,0.785398163397448);
#1633=SURFACE_STYLE_USAGE(.BOTH.,#2975);
#1634=FACE_OUTER_BOUND('',#2976,.T.);
#1635=CYLINDRICAL_SURFACE('',#2977,0.6);
#1636=SURFACE_STYLE_USAGE(.BOTH.,#2978);
#1637=FACE_OUTER_BOUND('',#2979,.T.);
#1638=PLANE('',#2980);
#1639=SURFACE_STYLE_USAGE(.BOTH.,#2981);
#1640=FACE_OUTER_BOUND('',#2982,.T.);
#1641=CONICAL_SURFACE('',#2983,0.8,0.785398163397448);
#1642=SURFACE_STYLE_USAGE(.BOTH.,#2984);
#1643=FACE_OUTER_BOUND('',#2985,.T.);
#1644=CYLINDRICAL_SURFACE('',#2986,0.6);
#1645=SURFACE_STYLE_USAGE(.BOTH.,#2987);
#1646=FACE_OUTER_BOUND('',#2988,.T.);
#1647=PLANE('',#2989);
#1648=SURFACE_STYLE_USAGE(.BOTH.,#2990);
#1649=FACE_OUTER_BOUND('',#2991,.T.);
#1650=CONICAL_SURFACE('',#2992,0.8,0.785398163397448);
#1651=SURFACE_STYLE_USAGE(.BOTH.,#2993);
#1652=FACE_OUTER_BOUND('',#2994,.T.);
#1653=CYLINDRICAL_SURFACE('',#2995,0.6);
#1654=SURFACE_STYLE_USAGE(.BOTH.,#2996);
#1655=FACE_OUTER_BOUND('',#2997,.T.);
#1656=PLANE('',#2998);
#1657=SURFACE_STYLE_USAGE(.BOTH.,#2999);
#1658=FACE_OUTER_BOUND('',#3000,.T.);
#1659=PLANE('',#3001);
#1660=SURFACE_STYLE_USAGE(.BOTH.,#3002);
#1661=FACE_OUTER_BOUND('',#3003,.T.);
#1662=FACE_BOUND('',#3004,.T.);
#1663=PLANE('',#3005);
#1664=SURFACE_STYLE_USAGE(.BOTH.,#3006);
#1665=FACE_OUTER_BOUND('',#3007,.T.);
#1666=PLANE('',#3008);
#1667=SURFACE_STYLE_USAGE(.BOTH.,#3009);
#1668=FACE_OUTER_BOUND('',#3010,.T.);
#1669=PLANE('',#3011);
#1670=SURFACE_STYLE_USAGE(.BOTH.,#3012);
#1671=FACE_OUTER_BOUND('',#3013,.T.);
#1672=PLANE('',#3014);
#1673=SURFACE_STYLE_USAGE(.BOTH.,#3015);
#1674=FACE_OUTER_BOUND('',#3016,.T.);
#1675=PLANE('',#3017);
#1676=SURFACE_STYLE_USAGE(.BOTH.,#3018);
#1677=FACE_OUTER_BOUND('',#3019,.T.);
#1678=PLANE('',#3020);
#1679=SURFACE_STYLE_USAGE(.BOTH.,#3021);
#1680=FACE_OUTER_BOUND('',#3022,.T.);
#1681=PLANE('',#3023);
#1682=SURFACE_STYLE_USAGE(.BOTH.,#3024);
#1683=FACE_OUTER_BOUND('',#3025,.T.);
#1684=PLANE('',#3026);
#1685=SURFACE_STYLE_USAGE(.BOTH.,#3027);
#1686=FACE_OUTER_BOUND('',#3028,.T.);
#1687=PLANE('',#3029);
#1688=SURFACE_STYLE_USAGE(.BOTH.,#3030);
#1689=FACE_OUTER_BOUND('',#3031,.T.);
#1690=PLANE('',#3032);
#1691=SURFACE_STYLE_USAGE(.BOTH.,#3033);
#1692=FACE_OUTER_BOUND('',#3034,.T.);
#1693=PLANE('',#3035);
#1694=SURFACE_STYLE_USAGE(.BOTH.,#3036);
#1695=FACE_OUTER_BOUND('',#3037,.T.);
#1696=PLANE('',#3038);
#1697=SURFACE_STYLE_USAGE(.BOTH.,#3039);
#1698=FACE_OUTER_BOUND('',#3040,.T.);
#1699=CYLINDRICAL_SURFACE('',#3041,1.86563);
#1700=SURFACE_STYLE_USAGE(.BOTH.,#3042);
#1701=FACE_OUTER_BOUND('',#3043,.T.);
#1702=PLANE('',#3044);
#1703=SURFACE_STYLE_USAGE(.BOTH.,#3045);
#1704=FACE_BOUND('',#3046,.T.);
#1705=FACE_OUTER_BOUND('',#3047,.T.);
#1706=PLANE('',#3048);
#1707=SURFACE_STYLE_USAGE(.BOTH.,#3049);
#1708=FACE_OUTER_BOUND('',#3050,.T.);
#1709=PLANE('',#3051);
#1710=SURFACE_STYLE_USAGE(.BOTH.,#3052);
#1711=FACE_OUTER_BOUND('',#3053,.T.);
#1712=FACE_BOUND('',#3054,.T.);
#1713=PLANE('',#3055);
#1714=SURFACE_STYLE_USAGE(.BOTH.,#3056);
#1715=FACE_OUTER_BOUND('',#3057,.T.);
#1716=PLANE('',#3058);
#1717=SURFACE_STYLE_USAGE(.BOTH.,#3059);
#1718=FACE_OUTER_BOUND('',#3060,.T.);
#1719=PLANE('',#3061);
#1720=SURFACE_STYLE_USAGE(.BOTH.,#3062);
#1721=FACE_OUTER_BOUND('',#3063,.T.);
#1722=PLANE('',#3064);
#1723=SURFACE_STYLE_USAGE(.BOTH.,#3065);
#1724=FACE_OUTER_BOUND('',#3066,.T.);
#1725=PLANE('',#3067);
#1726=SURFACE_STYLE_USAGE(.BOTH.,#3068);
#1727=FACE_OUTER_BOUND('',#3069,.T.);
#1728=PLANE('',#3070);
#1729=SURFACE_STYLE_USAGE(.BOTH.,#3071);
#1730=FACE_OUTER_BOUND('',#3072,.T.);
#1731=PLANE('',#3073);
#1732=SURFACE_STYLE_USAGE(.BOTH.,#3074);
#1733=FACE_OUTER_BOUND('',#3075,.T.);
#1734=PLANE('',#3076);
#1735=SURFACE_STYLE_USAGE(.BOTH.,#3077);
#1736=FACE_OUTER_BOUND('',#3078,.T.);
#1737=PLANE('',#3079);
#1738=SURFACE_STYLE_USAGE(.BOTH.,#3080);
#1739=FACE_OUTER_BOUND('',#3081,.T.);
#1740=PLANE('',#3082);
#1741=SURFACE_STYLE_USAGE(.BOTH.,#3083);
#1742=FACE_OUTER_BOUND('',#3084,.T.);
#1743=PLANE('',#3085);
#1744=SURFACE_STYLE_USAGE(.BOTH.,#3086);
#1745=FACE_OUTER_BOUND('',#3087,.T.);
#1746=PLANE('',#3088);
#1747=SURFACE_STYLE_USAGE(.BOTH.,#3089);
#1748=FACE_OUTER_BOUND('',#3090,.T.);
#1749=CYLINDRICAL_SURFACE('',#3091,1.86563);
#1750=SURFACE_STYLE_USAGE(.BOTH.,#3092);
#1751=FACE_OUTER_BOUND('',#3093,.T.);
#1752=PLANE('',#3094);
#1753=SURFACE_STYLE_USAGE(.BOTH.,#3095);
#1754=FACE_BOUND('',#3096,.T.);
#1755=FACE_OUTER_BOUND('',#3097,.T.);
#1756=PLANE('',#3098);
#1757=SURFACE_STYLE_USAGE(.BOTH.,#3099);
#1758=FACE_OUTER_BOUND('',#3100,.T.);
#1759=PLANE('',#3101);
#1760=SURFACE_STYLE_USAGE(.BOTH.,#3102);
#1761=FACE_OUTER_BOUND('',#3103,.T.);
#1762=FACE_BOUND('',#3104,.T.);
#1763=PLANE('',#3105);
#1764=SURFACE_STYLE_USAGE(.BOTH.,#3106);
#1765=FACE_OUTER_BOUND('',#3107,.T.);
#1766=PLANE('',#3108);
#1767=SURFACE_STYLE_USAGE(.BOTH.,#3109);
#1768=FACE_OUTER_BOUND('',#3110,.T.);
#1769=PLANE('',#3111);
#1770=SURFACE_STYLE_USAGE(.BOTH.,#3112);
#1771=FACE_OUTER_BOUND('',#3113,.T.);
#1772=PLANE('',#3114);
#1773=SURFACE_STYLE_USAGE(.BOTH.,#3115);
#1774=FACE_OUTER_BOUND('',#3116,.T.);
#1775=PLANE('',#3117);
#1776=SURFACE_STYLE_USAGE(.BOTH.,#3118);
#1777=FACE_OUTER_BOUND('',#3119,.T.);
#1778=PLANE('',#3120);
#1779=SURFACE_STYLE_USAGE(.BOTH.,#3121);
#1780=FACE_OUTER_BOUND('',#3122,.T.);
#1781=PLANE('',#3123);
#1782=SURFACE_STYLE_USAGE(.BOTH.,#3124);
#1783=FACE_OUTER_BOUND('',#3125,.T.);
#1784=PLANE('',#3126);
#1785=SURFACE_STYLE_USAGE(.BOTH.,#3127);
#1786=FACE_OUTER_BOUND('',#3128,.T.);
#1787=PLANE('',#3129);
#1788=SURFACE_STYLE_USAGE(.BOTH.,#3130);
#1789=FACE_OUTER_BOUND('',#3131,.T.);
#1790=PLANE('',#3132);
#1791=SURFACE_STYLE_USAGE(.BOTH.,#3133);
#1792=FACE_OUTER_BOUND('',#3134,.T.);
#1793=PLANE('',#3135);
#1794=SURFACE_STYLE_USAGE(.BOTH.,#3136);
#1795=FACE_OUTER_BOUND('',#3137,.T.);
#1796=PLANE('',#3138);
#1797=SURFACE_STYLE_USAGE(.BOTH.,#3139);
#1798=FACE_OUTER_BOUND('',#3140,.T.);
#1799=CYLINDRICAL_SURFACE('',#3141,1.86563);
#1800=SURFACE_STYLE_USAGE(.BOTH.,#3142);
#1801=FACE_OUTER_BOUND('',#3143,.T.);
#1802=PLANE('',#3144);
#1803=SURFACE_STYLE_USAGE(.BOTH.,#3145);
#1804=FACE_BOUND('',#3146,.T.);
#1805=FACE_OUTER_BOUND('',#3147,.T.);
#1806=PLANE('',#3148);
#1807=SURFACE_STYLE_USAGE(.BOTH.,#3149);
#1808=FACE_OUTER_BOUND('',#3150,.T.);
#1809=PLANE('',#3151);
#1810=SURFACE_STYLE_USAGE(.BOTH.,#3152);
#1811=FACE_OUTER_BOUND('',#3153,.T.);
#1812=FACE_BOUND('',#3154,.T.);
#1813=PLANE('',#3155);
#1814=SURFACE_STYLE_USAGE(.BOTH.,#3156);
#1815=FACE_OUTER_BOUND('',#3157,.T.);
#1816=PLANE('',#3158);
#1817=SURFACE_STYLE_USAGE(.BOTH.,#3159);
#1818=FACE_OUTER_BOUND('',#3160,.T.);
#1819=PLANE('',#3161);
#1820=SURFACE_STYLE_USAGE(.BOTH.,#3162);
#1821=FACE_OUTER_BOUND('',#3163,.T.);
#1822=PLANE('',#3164);
#1823=SURFACE_STYLE_USAGE(.BOTH.,#3165);
#1824=FACE_OUTER_BOUND('',#3166,.T.);
#1825=PLANE('',#3167);
#1826=SURFACE_STYLE_USAGE(.BOTH.,#3168);
#1827=FACE_OUTER_BOUND('',#3169,.T.);
#1828=PLANE('',#3170);
#1829=SURFACE_STYLE_USAGE(.BOTH.,#3171);
#1830=FACE_OUTER_BOUND('',#3172,.T.);
#1831=PLANE('',#3173);
#1832=SURFACE_STYLE_USAGE(.BOTH.,#3174);
#1833=FACE_OUTER_BOUND('',#3175,.T.);
#1834=PLANE('',#3176);
#1835=SURFACE_STYLE_USAGE(.BOTH.,#3177);
#1836=FACE_OUTER_BOUND('',#3178,.T.);
#1837=PLANE('',#3179);
#1838=SURFACE_STYLE_USAGE(.BOTH.,#3180);
#1839=FACE_OUTER_BOUND('',#3181,.T.);
#1840=PLANE('',#3182);
#1841=SURFACE_STYLE_USAGE(.BOTH.,#3183);
#1842=FACE_OUTER_BOUND('',#3184,.T.);
#1843=PLANE('',#3185);
#1844=SURFACE_STYLE_USAGE(.BOTH.,#3186);
#1845=FACE_OUTER_BOUND('',#3187,.T.);
#1846=PLANE('',#3188);
#1847=SURFACE_STYLE_USAGE(.BOTH.,#3189);
#1848=FACE_OUTER_BOUND('',#3190,.T.);
#1849=CYLINDRICAL_SURFACE('',#3191,1.86563);
#1850=SURFACE_STYLE_USAGE(.BOTH.,#3192);
#1851=FACE_OUTER_BOUND('',#3193,.T.);
#1852=PLANE('',#3194);
#1853=SURFACE_STYLE_USAGE(.BOTH.,#3195);
#1854=FACE_BOUND('',#3196,.T.);
#1855=FACE_OUTER_BOUND('',#3197,.T.);
#1856=PLANE('',#3198);
#1857=SURFACE_STYLE_USAGE(.BOTH.,#3199);
#1858=FACE_OUTER_BOUND('',#3200,.T.);
#1859=PLANE('',#3201);
#1860=SURFACE_STYLE_USAGE(.BOTH.,#3202);
#1861=FACE_OUTER_BOUND('',#3203,.T.);
#1862=FACE_BOUND('',#3204,.T.);
#1863=PLANE('',#3205);
#1864=SURFACE_STYLE_USAGE(.BOTH.,#3206);
#1865=FACE_OUTER_BOUND('',#3207,.T.);
#1866=PLANE('',#3208);
#1867=SURFACE_STYLE_USAGE(.BOTH.,#3209);
#1868=FACE_OUTER_BOUND('',#3210,.T.);
#1869=PLANE('',#3211);
#1870=SURFACE_STYLE_USAGE(.BOTH.,#3212);
#1871=FACE_OUTER_BOUND('',#3213,.T.);
#1872=PLANE('',#3214);
#1873=SURFACE_STYLE_USAGE(.BOTH.,#3215);
#1874=FACE_OUTER_BOUND('',#3216,.T.);
#1875=PLANE('',#3217);
#1876=SURFACE_STYLE_USAGE(.BOTH.,#3218);
#1877=FACE_OUTER_BOUND('',#3219,.T.);
#1878=PLANE('',#3220);
#1879=SURFACE_STYLE_USAGE(.BOTH.,#3221);
#1880=FACE_OUTER_BOUND('',#3222,.T.);
#1881=PLANE('',#3223);
#1882=SURFACE_STYLE_USAGE(.BOTH.,#3224);
#1883=FACE_OUTER_BOUND('',#3225,.T.);
#1884=PLANE('',#3226);
#1885=SURFACE_STYLE_USAGE(.BOTH.,#3227);
#1886=FACE_OUTER_BOUND('',#3228,.T.);
#1887=PLANE('',#3229);
#1888=SURFACE_STYLE_USAGE(.BOTH.,#3230);
#1889=FACE_OUTER_BOUND('',#3231,.T.);
#1890=PLANE('',#3232);
#1891=SURFACE_STYLE_USAGE(.BOTH.,#3233);
#1892=FACE_OUTER_BOUND('',#3234,.T.);
#1893=PLANE('',#3235);
#1894=SURFACE_STYLE_USAGE(.BOTH.,#3236);
#1895=FACE_OUTER_BOUND('',#3237,.T.);
#1896=PLANE('',#3238);
#1897=SURFACE_STYLE_USAGE(.BOTH.,#3239);
#1898=FACE_OUTER_BOUND('',#3240,.T.);
#1899=CYLINDRICAL_SURFACE('',#3241,1.86563);
#1900=SURFACE_STYLE_USAGE(.BOTH.,#3242);
#1901=FACE_OUTER_BOUND('',#3243,.T.);
#1902=PLANE('',#3244);
#1903=SURFACE_STYLE_USAGE(.BOTH.,#3245);
#1904=FACE_BOUND('',#3246,.T.);
#1905=FACE_OUTER_BOUND('',#3247,.T.);
#1906=PLANE('',#3248);
#1907=SURFACE_STYLE_USAGE(.BOTH.,#3249);
#1908=FACE_OUTER_BOUND('',#3250,.T.);
#1909=PLANE('',#3251);
#1910=SURFACE_STYLE_USAGE(.BOTH.,#3252);
#1911=FACE_OUTER_BOUND('',#3253,.T.);
#1912=FACE_BOUND('',#3254,.T.);
#1913=PLANE('',#3255);
#1914=SURFACE_STYLE_USAGE(.BOTH.,#3256);
#1915=FACE_OUTER_BOUND('',#3257,.T.);
#1916=PLANE('',#3258);
#1917=SURFACE_STYLE_USAGE(.BOTH.,#3259);
#1918=FACE_OUTER_BOUND('',#3260,.T.);
#1919=PLANE('',#3261);
#1920=SURFACE_STYLE_USAGE(.BOTH.,#3262);
#1921=FACE_OUTER_BOUND('',#3263,.T.);
#1922=PLANE('',#3264);
#1923=SURFACE_STYLE_USAGE(.BOTH.,#3265);
#1924=FACE_OUTER_BOUND('',#3266,.T.);
#1925=PLANE('',#3267);
#1926=SURFACE_STYLE_USAGE(.BOTH.,#3268);
#1927=FACE_OUTER_BOUND('',#3269,.T.);
#1928=PLANE('',#3270);
#1929=SURFACE_STYLE_USAGE(.BOTH.,#3271);
#1930=FACE_OUTER_BOUND('',#3272,.T.);
#1931=PLANE('',#3273);
#1932=SURFACE_STYLE_USAGE(.BOTH.,#3274);
#1933=FACE_OUTER_BOUND('',#3275,.T.);
#1934=PLANE('',#3276);
#1935=SURFACE_STYLE_USAGE(.BOTH.,#3277);
#1936=FACE_OUTER_BOUND('',#3278,.T.);
#1937=PLANE('',#3279);
#1938=SURFACE_STYLE_USAGE(.BOTH.,#3280);
#1939=FACE_OUTER_BOUND('',#3281,.T.);
#1940=PLANE('',#3282);
#1941=SURFACE_STYLE_USAGE(.BOTH.,#3283);
#1942=FACE_OUTER_BOUND('',#3284,.T.);
#1943=PLANE('',#3285);
#1944=SURFACE_STYLE_USAGE(.BOTH.,#3286);
#1945=FACE_OUTER_BOUND('',#3287,.T.);
#1946=PLANE('',#3288);
#1947=SURFACE_STYLE_USAGE(.BOTH.,#3289);
#1948=FACE_OUTER_BOUND('',#3290,.T.);
#1949=CYLINDRICAL_SURFACE('',#3291,1.86563);
#1950=SURFACE_STYLE_USAGE(.BOTH.,#3292);
#1951=FACE_OUTER_BOUND('',#3293,.T.);
#1952=PLANE('',#3294);
#1953=SURFACE_STYLE_USAGE(.BOTH.,#3295);
#1954=FACE_BOUND('',#3296,.T.);
#1955=FACE_OUTER_BOUND('',#3297,.T.);
#1956=PLANE('',#3298);
#1957=SURFACE_STYLE_USAGE(.BOTH.,#3299);
#1958=FACE_OUTER_BOUND('',#3300,.T.);
#1959=PLANE('',#3301);
#1960=SURFACE_STYLE_USAGE(.BOTH.,#3302);
#1961=FACE_OUTER_BOUND('',#3303,.T.);
#1962=PLANE('',#3304);
#1963=SURFACE_STYLE_USAGE(.BOTH.,#3305);
#1964=FACE_OUTER_BOUND('',#3306,.T.);
#1965=PLANE('',#3307);
#1966=SURFACE_STYLE_USAGE(.BOTH.,#3308);
#1967=FACE_OUTER_BOUND('',#3309,.T.);
#1968=PLANE('',#3310);
#1969=SURFACE_STYLE_USAGE(.BOTH.,#3311);
#1970=FACE_OUTER_BOUND('',#3312,.T.);
#1971=PLANE('',#3313);
#1972=SURFACE_STYLE_USAGE(.BOTH.,#3314);
#1973=FACE_OUTER_BOUND('',#3315,.T.);
#1974=PLANE('',#3316);
#1975=SURFACE_STYLE_USAGE(.BOTH.,#3317);
#1976=FACE_OUTER_BOUND('',#3318,.T.);
#1977=PLANE('',#3319);
#1978=SURFACE_STYLE_USAGE(.BOTH.,#3320);
#1979=FACE_OUTER_BOUND('',#3321,.T.);
#1980=PLANE('',#3322);
#1981=SURFACE_STYLE_USAGE(.BOTH.,#3323);
#1982=FACE_OUTER_BOUND('',#3324,.T.);
#1983=PLANE('',#3325);
#1984=SURFACE_STYLE_USAGE(.BOTH.,#3326);
#1985=FACE_BOUND('',#3327,.T.);
#1986=FACE_BOUND('',#3328,.T.);
#1987=FACE_BOUND('',#3329,.T.);
#1988=FACE_BOUND('',#3330,.T.);
#1989=FACE_BOUND('',#3331,.T.);
#1990=FACE_BOUND('',#3332,.T.);
#1991=FACE_OUTER_BOUND('',#3333,.T.);
#1992=PLANE('',#3334);
#1993=SURFACE_STYLE_USAGE(.BOTH.,#3335);
#1994=FACE_OUTER_BOUND('',#3336,.T.);
#1995=PLANE('',#3337);
#1996=SURFACE_STYLE_USAGE(.BOTH.,#3338);
#1997=FACE_OUTER_BOUND('',#3339,.T.);
#1998=PLANE('',#3340);
#1999=SURFACE_STYLE_USAGE(.BOTH.,#3341);
#2000=FACE_OUTER_BOUND('',#3342,.T.);
#2001=PLANE('',#3343);
#2002=SURFACE_STYLE_USAGE(.BOTH.,#3344);
#2003=FACE_OUTER_BOUND('',#3345,.T.);
#2004=PLANE('',#3346);
#2005=SURFACE_STYLE_USAGE(.BOTH.,#3347);
#2006=FACE_OUTER_BOUND('',#3348,.T.);
#2007=PLANE('',#3349);
#2008=SURFACE_STYLE_USAGE(.BOTH.,#3350);
#2009=FACE_OUTER_BOUND('',#3351,.T.);
#2010=PLANE('',#3352);
#2011=SURFACE_STYLE_USAGE(.BOTH.,#3353);
#2012=FACE_OUTER_BOUND('',#3354,.T.);
#2013=PLANE('',#3355);
#2014=SURFACE_STYLE_USAGE(.BOTH.,#3356);
#2015=FACE_OUTER_BOUND('',#3357,.T.);
#2016=PLANE('',#3358);
#2017=SURFACE_STYLE_USAGE(.BOTH.,#3359);
#2018=FACE_OUTER_BOUND('',#3360,.T.);
#2019=PLANE('',#3361);
#2020=SURFACE_STYLE_USAGE(.BOTH.,#3362);
#2021=FACE_OUTER_BOUND('',#3363,.T.);
#2022=PLANE('',#3364);
#2023=SURFACE_STYLE_USAGE(.BOTH.,#3365);
#2024=FACE_OUTER_BOUND('',#3366,.T.);
#2025=PLANE('',#3367);
#2026=SURFACE_STYLE_USAGE(.BOTH.,#3368);
#2027=FACE_OUTER_BOUND('',#3369,.T.);
#2028=PLANE('',#3370);
#2029=SURFACE_STYLE_USAGE(.BOTH.,#3371);
#2030=FACE_OUTER_BOUND('',#3372,.T.);
#2031=PLANE('',#3373);
#2032=SURFACE_STYLE_USAGE(.BOTH.,#3374);
#2033=FACE_OUTER_BOUND('',#3375,.T.);
#2034=PLANE('',#3376);
#2035=SURFACE_STYLE_USAGE(.BOTH.,#3377);
#2036=FACE_OUTER_BOUND('',#3378,.T.);
#2037=PLANE('',#3379);
#2038=SURFACE_STYLE_USAGE(.BOTH.,#3380);
#2039=FACE_OUTER_BOUND('',#3381,.T.);
#2040=PLANE('',#3382);
#2041=SURFACE_STYLE_USAGE(.BOTH.,#3383);
#2042=FACE_OUTER_BOUND('',#3384,.T.);
#2043=PLANE('',#3385);
#2044=SURFACE_STYLE_USAGE(.BOTH.,#3386);
#2045=FACE_OUTER_BOUND('',#3387,.T.);
#2046=PLANE('',#3388);
#2047=SURFACE_STYLE_USAGE(.BOTH.,#3389);
#2048=FACE_OUTER_BOUND('',#3390,.T.);
#2049=PLANE('',#3391);
#2050=SURFACE_STYLE_USAGE(.BOTH.,#3392);
#2051=FACE_OUTER_BOUND('',#3393,.T.);
#2052=PLANE('',#3394);
#2053=SURFACE_STYLE_USAGE(.BOTH.,#3395);
#2054=FACE_OUTER_BOUND('',#3396,.T.);
#2055=PLANE('',#3397);
#2056=SURFACE_STYLE_USAGE(.BOTH.,#3398);
#2057=FACE_OUTER_BOUND('',#3399,.T.);
#2058=PLANE('',#3400);
#2059=SURFACE_STYLE_USAGE(.BOTH.,#3401);
#2060=FACE_OUTER_BOUND('',#3402,.T.);
#2061=PLANE('',#3403);
#2062=SURFACE_STYLE_USAGE(.BOTH.,#3404);
#2063=FACE_OUTER_BOUND('',#3405,.T.);
#2064=PLANE('',#3406);
#2065=SURFACE_STYLE_USAGE(.BOTH.,#3407);
#2066=FACE_OUTER_BOUND('',#3408,.T.);
#2067=PLANE('',#3409);
#2068=SURFACE_STYLE_USAGE(.BOTH.,#3410);
#2069=FACE_OUTER_BOUND('',#3411,.T.);
#2070=PLANE('',#3412);
#2071=SURFACE_STYLE_USAGE(.BOTH.,#3413);
#2072=FACE_OUTER_BOUND('',#3414,.T.);
#2073=PLANE('',#3415);
#2074=SURFACE_STYLE_USAGE(.BOTH.,#3416);
#2075=FACE_OUTER_BOUND('',#3417,.T.);
#2076=PLANE('',#3418);
#2077=SURFACE_STYLE_USAGE(.BOTH.,#3419);
#2078=FACE_OUTER_BOUND('',#3420,.T.);
#2079=PLANE('',#3421);
#2080=SURFACE_STYLE_USAGE(.BOTH.,#3422);
#2081=FACE_OUTER_BOUND('',#3423,.T.);
#2082=PLANE('',#3424);
#2083=SURFACE_STYLE_USAGE(.BOTH.,#3425);
#2084=FACE_OUTER_BOUND('',#3426,.T.);
#2085=PLANE('',#3427);
#2086=SURFACE_STYLE_USAGE(.BOTH.,#3428);
#2087=FACE_OUTER_BOUND('',#3429,.T.);
#2088=PLANE('',#3430);
#2089=SURFACE_STYLE_USAGE(.BOTH.,#3431);
#2090=FACE_OUTER_BOUND('',#3432,.T.);
#2091=PLANE('',#3433);
#2092=SURFACE_STYLE_USAGE(.BOTH.,#3434);
#2093=FACE_OUTER_BOUND('',#3435,.T.);
#2094=PLANE('',#3436);
#2095=SURFACE_STYLE_USAGE(.BOTH.,#3437);
#2096=FACE_OUTER_BOUND('',#3438,.T.);
#2097=PLANE('',#3439);
#2098=SURFACE_STYLE_USAGE(.BOTH.,#3440);
#2099=FACE_OUTER_BOUND('',#3441,.T.);
#2100=PLANE('',#3442);
#2101=SURFACE_STYLE_USAGE(.BOTH.,#3443);
#2102=FACE_OUTER_BOUND('',#3444,.T.);
#2103=PLANE('',#3445);
#2104=SURFACE_STYLE_USAGE(.BOTH.,#3446);
#2105=FACE_OUTER_BOUND('',#3447,.T.);
#2106=PLANE('',#3448);
#2107=SURFACE_STYLE_USAGE(.BOTH.,#3449);
#2108=FACE_OUTER_BOUND('',#3450,.T.);
#2109=PLANE('',#3451);
#2110=SURFACE_STYLE_USAGE(.BOTH.,#3452);
#2111=FACE_OUTER_BOUND('',#3453,.T.);
#2112=PLANE('',#3454);
#2113=SURFACE_STYLE_USAGE(.BOTH.,#3455);
#2114=FACE_OUTER_BOUND('',#3456,.T.);
#2115=PLANE('',#3457);
#2116=SURFACE_STYLE_USAGE(.BOTH.,#3458);
#2117=FACE_OUTER_BOUND('',#3459,.T.);
#2118=PLANE('',#3460);
#2119=SURFACE_STYLE_USAGE(.BOTH.,#3461);
#2120=FACE_OUTER_BOUND('',#3462,.T.);
#2121=PLANE('',#3463);
#2122=SURFACE_STYLE_USAGE(.BOTH.,#3464);
#2123=FACE_OUTER_BOUND('',#3465,.T.);
#2124=PLANE('',#3466);
#2125=SURFACE_STYLE_USAGE(.BOTH.,#3467);
#2126=FACE_OUTER_BOUND('',#3468,.T.);
#2127=PLANE('',#3469);
#2128=SURFACE_STYLE_USAGE(.BOTH.,#3470);
#2129=FACE_OUTER_BOUND('',#3471,.T.);
#2130=PLANE('',#3472);
#2131=SURFACE_STYLE_USAGE(.BOTH.,#3473);
#2132=FACE_OUTER_BOUND('',#3474,.T.);
#2133=PLANE('',#3475);
#2134=SURFACE_STYLE_USAGE(.BOTH.,#3476);
#2135=FACE_OUTER_BOUND('',#3477,.T.);
#2136=PLANE('',#3478);
#2137=SURFACE_STYLE_USAGE(.BOTH.,#3479);
#2138=FACE_OUTER_BOUND('',#3480,.T.);
#2139=PLANE('',#3481);
#2140=SURFACE_STYLE_USAGE(.BOTH.,#3482);
#2141=FACE_OUTER_BOUND('',#3483,.T.);
#2142=PLANE('',#3484);
#2143=SURFACE_STYLE_USAGE(.BOTH.,#3485);
#2144=FACE_OUTER_BOUND('',#3486,.T.);
#2145=PLANE('',#3487);
#2146=SURFACE_STYLE_USAGE(.BOTH.,#3488);
#2147=FACE_OUTER_BOUND('',#3489,.T.);
#2148=PLANE('',#3490);
#2149=SURFACE_STYLE_USAGE(.BOTH.,#3491);
#2150=FACE_OUTER_BOUND('',#3492,.T.);
#2151=PLANE('',#3493);
#2152=SURFACE_STYLE_USAGE(.BOTH.,#3494);
#2153=FACE_OUTER_BOUND('',#3495,.T.);
#2154=PLANE('',#3496);
#2155=SURFACE_STYLE_USAGE(.BOTH.,#3497);
#2156=FACE_OUTER_BOUND('',#3498,.T.);
#2157=PLANE('',#3499);
#2158=SURFACE_STYLE_USAGE(.BOTH.,#3500);
#2159=FACE_OUTER_BOUND('',#3501,.T.);
#2160=PLANE('',#3502);
#2161=SURFACE_STYLE_USAGE(.BOTH.,#3503);
#2162=FACE_OUTER_BOUND('',#3504,.T.);
#2163=PLANE('',#3505);
#2164=SURFACE_STYLE_USAGE(.BOTH.,#3506);
#2165=FACE_OUTER_BOUND('',#3507,.T.);
#2166=PLANE('',#3508);
#2167=SURFACE_STYLE_USAGE(.BOTH.,#3509);
#2168=FACE_OUTER_BOUND('',#3510,.T.);
#2169=PLANE('',#3511);
#2170=SURFACE_STYLE_USAGE(.BOTH.,#3512);
#2171=FACE_OUTER_BOUND('',#3513,.T.);
#2172=PLANE('',#3514);
#2173=SURFACE_STYLE_USAGE(.BOTH.,#3515);
#2174=FACE_OUTER_BOUND('',#3516,.T.);
#2175=PLANE('',#3517);
#2176=SURFACE_STYLE_USAGE(.BOTH.,#3518);
#2177=FACE_OUTER_BOUND('',#3519,.T.);
#2178=PLANE('',#3520);
#2179=SURFACE_STYLE_USAGE(.BOTH.,#3521);
#2180=FACE_OUTER_BOUND('',#3522,.T.);
#2181=PLANE('',#3523);
#2182=SURFACE_STYLE_USAGE(.BOTH.,#3524);
#2183=FACE_OUTER_BOUND('',#3525,.T.);
#2184=PLANE('',#3526);
#2185=SURFACE_STYLE_USAGE(.BOTH.,#3527);
#2186=FACE_OUTER_BOUND('',#3528,.T.);
#2187=PLANE('',#3529);
#2188=SURFACE_STYLE_USAGE(.BOTH.,#3530);
#2189=FACE_OUTER_BOUND('',#3531,.T.);
#2190=PLANE('',#3532);
#2191=SURFACE_STYLE_USAGE(.BOTH.,#3533);
#2192=FACE_OUTER_BOUND('',#3534,.T.);
#2193=PLANE('',#3535);
#2194=SURFACE_STYLE_USAGE(.BOTH.,#3536);
#2195=FACE_OUTER_BOUND('',#3537,.T.);
#2196=PLANE('',#3538);
#2197=SURFACE_STYLE_USAGE(.BOTH.,#3539);
#2198=FACE_OUTER_BOUND('',#3540,.T.);
#2199=PLANE('',#3541);
#2200=SURFACE_STYLE_USAGE(.BOTH.,#3542);
#2201=FACE_OUTER_BOUND('',#3543,.T.);
#2202=PLANE('',#3544);
#2203=SURFACE_STYLE_USAGE(.BOTH.,#3545);
#2204=FACE_OUTER_BOUND('',#3546,.T.);
#2205=PLANE('',#3547);
#2206=SURFACE_STYLE_USAGE(.BOTH.,#3548);
#2207=FACE_OUTER_BOUND('',#3549,.T.);
#2208=PLANE('',#3550);
#2209=SURFACE_STYLE_USAGE(.BOTH.,#3551);
#2210=FACE_OUTER_BOUND('',#3552,.T.);
#2211=PLANE('',#3553);
#2212=SURFACE_STYLE_USAGE(.BOTH.,#3554);
#2213=FACE_OUTER_BOUND('',#3555,.T.);
#2214=PLANE('',#3556);
#2215=SURFACE_STYLE_USAGE(.BOTH.,#3557);
#2216=FACE_OUTER_BOUND('',#3558,.T.);
#2217=PLANE('',#3559);
#2218=SURFACE_STYLE_USAGE(.BOTH.,#3560);
#2219=FACE_OUTER_BOUND('',#3561,.T.);
#2220=PLANE('',#3562);
#2221=SURFACE_STYLE_USAGE(.BOTH.,#3563);
#2222=FACE_OUTER_BOUND('',#3564,.T.);
#2223=PLANE('',#3565);
#2224=SURFACE_STYLE_USAGE(.BOTH.,#3566);
#2225=FACE_OUTER_BOUND('',#3567,.T.);
#2226=PLANE('',#3568);
#2227=SURFACE_STYLE_USAGE(.BOTH.,#3569);
#2228=FACE_OUTER_BOUND('',#3570,.T.);
#2229=PLANE('',#3571);
#2230=SURFACE_STYLE_USAGE(.BOTH.,#3572);
#2231=FACE_OUTER_BOUND('',#3573,.T.);
#2232=PLANE('',#3574);
#2233=SURFACE_STYLE_USAGE(.BOTH.,#3575);
#2234=FACE_OUTER_BOUND('',#3576,.T.);
#2235=PLANE('',#3577);
#2236=SURFACE_STYLE_USAGE(.BOTH.,#3578);
#2237=FACE_OUTER_BOUND('',#3579,.T.);
#2238=PLANE('',#3580);
#2239=SURFACE_STYLE_USAGE(.BOTH.,#3581);
#2240=FACE_OUTER_BOUND('',#3582,.T.);
#2241=PLANE('',#3583);
#2242=SURFACE_STYLE_USAGE(.BOTH.,#3584);
#2243=FACE_OUTER_BOUND('',#3585,.T.);
#2244=PLANE('',#3586);
#2245=SURFACE_STYLE_USAGE(.BOTH.,#3587);
#2246=FACE_OUTER_BOUND('',#3588,.T.);
#2247=PLANE('',#3589);
#2248=SURFACE_STYLE_USAGE(.BOTH.,#3590);
#2249=FACE_OUTER_BOUND('',#3591,.T.);
#2250=PLANE('',#3592);
#2251=SURFACE_STYLE_USAGE(.BOTH.,#3593);
#2252=FACE_OUTER_BOUND('',#3594,.T.);
#2253=PLANE('',#3595);
#2254=SURFACE_STYLE_USAGE(.BOTH.,#3596);
#2255=FACE_OUTER_BOUND('',#3597,.T.);
#2256=PLANE('',#3598);
#2257=SURFACE_STYLE_USAGE(.BOTH.,#3599);
#2258=FACE_OUTER_BOUND('',#3600,.T.);
#2259=PLANE('',#3601);
#2260=SURFACE_STYLE_USAGE(.BOTH.,#3602);
#2261=FACE_OUTER_BOUND('',#3603,.T.);
#2262=PLANE('',#3604);
#2263=SURFACE_STYLE_USAGE(.BOTH.,#3605);
#2264=FACE_OUTER_BOUND('',#3606,.T.);
#2265=PLANE('',#3607);
#2266=SURFACE_STYLE_USAGE(.BOTH.,#3608);
#2267=FACE_OUTER_BOUND('',#3609,.T.);
#2268=PLANE('',#3610);
#2269=SURFACE_STYLE_USAGE(.BOTH.,#3611);
#2270=FACE_OUTER_BOUND('',#3612,.T.);
#2271=PLANE('',#3613);
#2272=SURFACE_STYLE_USAGE(.BOTH.,#3614);
#2273=FACE_OUTER_BOUND('',#3615,.T.);
#2274=PLANE('',#3616);
#2275=SURFACE_STYLE_USAGE(.BOTH.,#3617);
#2276=FACE_OUTER_BOUND('',#3618,.T.);
#2277=PLANE('',#3619);
#2278=SURFACE_STYLE_USAGE(.BOTH.,#3620);
#2279=FACE_OUTER_BOUND('',#3621,.T.);
#2280=PLANE('',#3622);
#2281=SURFACE_STYLE_USAGE(.BOTH.,#3623);
#2282=FACE_OUTER_BOUND('',#3624,.T.);
#2283=PLANE('',#3625);
#2284=SURFACE_STYLE_USAGE(.BOTH.,#3626);
#2285=FACE_OUTER_BOUND('',#3627,.T.);
#2286=PLANE('',#3628);
#2287=SURFACE_STYLE_USAGE(.BOTH.,#3629);
#2288=FACE_OUTER_BOUND('',#3630,.T.);
#2289=PLANE('',#3631);
#2290=SURFACE_STYLE_USAGE(.BOTH.,#3632);
#2291=FACE_OUTER_BOUND('',#3633,.T.);
#2292=PLANE('',#3634);
#2293=SURFACE_STYLE_USAGE(.BOTH.,#3635);
#2294=FACE_OUTER_BOUND('',#3636,.T.);
#2295=PLANE('',#3637);
#2296=SURFACE_STYLE_USAGE(.BOTH.,#3638);
#2297=FACE_OUTER_BOUND('',#3639,.T.);
#2298=PLANE('',#3640);
#2299=SURFACE_STYLE_USAGE(.BOTH.,#3641);
#2300=FACE_OUTER_BOUND('',#3642,.T.);
#2301=PLANE('',#3643);
#2302=SURFACE_STYLE_USAGE(.BOTH.,#3644);
#2303=FACE_OUTER_BOUND('',#3645,.T.);
#2304=PLANE('',#3646);
#2305=SURFACE_STYLE_USAGE(.BOTH.,#3647);
#2306=FACE_OUTER_BOUND('',#3648,.T.);
#2307=PLANE('',#3649);
#2308=SURFACE_STYLE_USAGE(.BOTH.,#3650);
#2309=FACE_OUTER_BOUND('',#3651,.T.);
#2310=PLANE('',#3652);
#2311=SURFACE_STYLE_USAGE(.BOTH.,#3653);
#2312=FACE_OUTER_BOUND('',#3654,.T.);
#2313=PLANE('',#3655);
#2314=SURFACE_STYLE_USAGE(.BOTH.,#3656);
#2315=FACE_OUTER_BOUND('',#3657,.T.);
#2316=PLANE('',#3658);
#2317=SURFACE_STYLE_USAGE(.BOTH.,#3659);
#2318=FACE_OUTER_BOUND('',#3660,.T.);
#2319=PLANE('',#3661);
#2320=SURFACE_STYLE_USAGE(.BOTH.,#3662);
#2321=FACE_OUTER_BOUND('',#3663,.T.);
#2322=PLANE('',#3664);
#2323=SURFACE_STYLE_USAGE(.BOTH.,#3665);
#2324=FACE_OUTER_BOUND('',#3666,.T.);
#2325=PLANE('',#3667);
#2326=SURFACE_STYLE_USAGE(.BOTH.,#3668);
#2327=FACE_OUTER_BOUND('',#3669,.T.);
#2328=PLANE('',#3670);
#2329=SURFACE_STYLE_USAGE(.BOTH.,#3671);
#2330=FACE_OUTER_BOUND('',#3672,.T.);
#2331=PLANE('',#3673);
#2332=SURFACE_STYLE_USAGE(.BOTH.,#3674);
#2333=FACE_OUTER_BOUND('',#3675,.T.);
#2334=PLANE('',#3676);
#2335=SURFACE_STYLE_USAGE(.BOTH.,#3677);
#2336=FACE_OUTER_BOUND('',#3678,.T.);
#2337=PLANE('',#3679);
#2338=SURFACE_STYLE_USAGE(.BOTH.,#3680);
#2339=FACE_OUTER_BOUND('',#3681,.T.);
#2340=PLANE('',#3682);
#2341=SURFACE_STYLE_USAGE(.BOTH.,#3683);
#2342=FACE_OUTER_BOUND('',#3684,.T.);
#2343=PLANE('',#3685);
#2344=SURFACE_STYLE_USAGE(.BOTH.,#3686);
#2345=FACE_OUTER_BOUND('',#3687,.T.);
#2346=PLANE('',#3688);
#2347=SURFACE_STYLE_USAGE(.BOTH.,#3689);
#2348=FACE_OUTER_BOUND('',#3690,.T.);
#2349=PLANE('',#3691);
#2350=SURFACE_STYLE_USAGE(.BOTH.,#3692);
#2351=FACE_OUTER_BOUND('',#3693,.T.);
#2352=PLANE('',#3694);
#2353=SURFACE_STYLE_USAGE(.BOTH.,#3695);
#2354=FACE_OUTER_BOUND('',#3696,.T.);
#2355=PLANE('',#3697);
#2356=SURFACE_STYLE_USAGE(.BOTH.,#3698);
#2357=FACE_OUTER_BOUND('',#3699,.T.);
#2358=PLANE('',#3700);
#2359=SURFACE_STYLE_USAGE(.BOTH.,#3701);
#2360=FACE_OUTER_BOUND('',#3702,.T.);
#2361=PLANE('',#3703);
#2362=SURFACE_STYLE_USAGE(.BOTH.,#3704);
#2363=FACE_OUTER_BOUND('',#3705,.T.);
#2364=PLANE('',#3706);
#2365=SURFACE_STYLE_USAGE(.BOTH.,#3707);
#2366=FACE_OUTER_BOUND('',#3708,.T.);
#2367=PLANE('',#3709);
#2368=SURFACE_STYLE_USAGE(.BOTH.,#3710);
#2369=FACE_OUTER_BOUND('',#3711,.T.);
#2370=PLANE('',#3712);
#2371=SURFACE_STYLE_USAGE(.BOTH.,#3713);
#2372=FACE_OUTER_BOUND('',#3714,.T.);
#2373=PLANE('',#3715);
#2374=SURFACE_STYLE_USAGE(.BOTH.,#3716);
#2375=FACE_OUTER_BOUND('',#3717,.T.);
#2376=PLANE('',#3718);
#2377=SURFACE_STYLE_USAGE(.BOTH.,#3719);
#2378=FACE_OUTER_BOUND('',#3720,.T.);
#2379=PLANE('',#3721);
#2380=SURFACE_STYLE_USAGE(.BOTH.,#3722);
#2381=FACE_OUTER_BOUND('',#3723,.T.);
#2382=PLANE('',#3724);
#2383=SURFACE_STYLE_USAGE(.BOTH.,#3725);
#2384=FACE_OUTER_BOUND('',#3726,.T.);
#2385=PLANE('',#3727);
#2386=SURFACE_STYLE_USAGE(.BOTH.,#3728);
#2387=FACE_OUTER_BOUND('',#3729,.T.);
#2388=PLANE('',#3730);
#2389=SURFACE_STYLE_USAGE(.BOTH.,#3731);
#2390=FACE_OUTER_BOUND('',#3732,.T.);
#2391=PLANE('',#3733);
#2392=SURFACE_STYLE_USAGE(.BOTH.,#3734);
#2393=FACE_OUTER_BOUND('',#3735,.T.);
#2394=PLANE('',#3736);
#2395=SURFACE_STYLE_USAGE(.BOTH.,#3737);
#2396=FACE_OUTER_BOUND('',#3738,.T.);
#2397=PLANE('',#3739);
#2398=SURFACE_STYLE_USAGE(.BOTH.,#3740);
#2399=FACE_OUTER_BOUND('',#3741,.T.);
#2400=PLANE('',#3742);
#2401=SURFACE_STYLE_USAGE(.BOTH.,#3743);
#2402=FACE_OUTER_BOUND('',#3744,.T.);
#2403=PLANE('',#3745);
#2404=SURFACE_STYLE_USAGE(.BOTH.,#3746);
#2405=FACE_OUTER_BOUND('',#3747,.T.);
#2406=PLANE('',#3748);
#2407=SURFACE_STYLE_USAGE(.BOTH.,#3749);
#2408=FACE_OUTER_BOUND('',#3750,.T.);
#2409=PLANE('',#3751);
#2410=SURFACE_STYLE_USAGE(.BOTH.,#3752);
#2411=FACE_OUTER_BOUND('',#3753,.T.);
#2412=PLANE('',#3754);
#2413=SURFACE_STYLE_USAGE(.BOTH.,#3755);
#2414=FACE_OUTER_BOUND('',#3756,.T.);
#2415=PLANE('',#3757);
#2416=SURFACE_STYLE_USAGE(.BOTH.,#3758);
#2417=FACE_OUTER_BOUND('',#3759,.T.);
#2418=PLANE('',#3760);
#2419=SURFACE_STYLE_USAGE(.BOTH.,#3761);
#2420=FACE_OUTER_BOUND('',#3762,.T.);
#2421=PLANE('',#3763);
#2422=SURFACE_STYLE_USAGE(.BOTH.,#3764);
#2423=FACE_OUTER_BOUND('',#3765,.T.);
#2424=PLANE('',#3766);
#2425=SURFACE_STYLE_USAGE(.BOTH.,#3767);
#2426=FACE_OUTER_BOUND('',#3768,.T.);
#2427=PLANE('',#3769);
#2428=SURFACE_STYLE_USAGE(.BOTH.,#3770);
#2429=FACE_OUTER_BOUND('',#3771,.T.);
#2430=PLANE('',#3772);
#2431=SURFACE_STYLE_USAGE(.BOTH.,#3773);
#2432=FACE_OUTER_BOUND('',#3774,.T.);
#2433=PLANE('',#3775);
#2434=SURFACE_STYLE_USAGE(.BOTH.,#3776);
#2435=FACE_OUTER_BOUND('',#3777,.T.);
#2436=PLANE('',#3778);
#2437=SURFACE_STYLE_USAGE(.BOTH.,#3779);
#2438=FACE_OUTER_BOUND('',#3780,.T.);
#2439=PLANE('',#3781);
#2440=SURFACE_STYLE_USAGE(.BOTH.,#3782);
#2441=FACE_OUTER_BOUND('',#3783,.T.);
#2442=PLANE('',#3784);
#2443=SURFACE_STYLE_USAGE(.BOTH.,#3785);
#2444=FACE_OUTER_BOUND('',#3786,.T.);
#2445=PLANE('',#3787);
#2446=SURFACE_STYLE_USAGE(.BOTH.,#3788);
#2447=FACE_OUTER_BOUND('',#3789,.T.);
#2448=PLANE('',#3790);
#2449=SURFACE_STYLE_USAGE(.BOTH.,#3791);
#2450=FACE_OUTER_BOUND('',#3792,.T.);
#2451=PLANE('',#3793);
#2452=SURFACE_STYLE_USAGE(.BOTH.,#3794);
#2453=FACE_OUTER_BOUND('',#3795,.T.);
#2454=PLANE('',#3796);
#2455=SURFACE_STYLE_USAGE(.BOTH.,#3797);
#2456=FACE_OUTER_BOUND('',#3798,.T.);
#2457=PLANE('',#3799);
#2458=SURFACE_STYLE_USAGE(.BOTH.,#3800);
#2459=FACE_OUTER_BOUND('',#3801,.T.);
#2460=PLANE('',#3802);
#2461=SURFACE_STYLE_USAGE(.BOTH.,#3803);
#2462=FACE_OUTER_BOUND('',#3804,.T.);
#2463=PLANE('',#3805);
#2464=SURFACE_STYLE_USAGE(.BOTH.,#3806);
#2465=FACE_OUTER_BOUND('',#3807,.T.);
#2466=PLANE('',#3808);
#2467=SURFACE_STYLE_USAGE(.BOTH.,#3809);
#2468=FACE_OUTER_BOUND('',#3810,.T.);
#2469=PLANE('',#3811);
#2470=SURFACE_STYLE_USAGE(.BOTH.,#3812);
#2471=FACE_OUTER_BOUND('',#3813,.T.);
#2472=PLANE('',#3814);
#2473=SURFACE_STYLE_USAGE(.BOTH.,#3815);
#2474=FACE_OUTER_BOUND('',#3816,.T.);
#2475=PLANE('',#3817);
#2476=SURFACE_STYLE_USAGE(.BOTH.,#3818);
#2477=FACE_OUTER_BOUND('',#3819,.T.);
#2478=PLANE('',#3820);
#2479=SURFACE_STYLE_USAGE(.BOTH.,#3821);
#2480=FACE_OUTER_BOUND('',#3822,.T.);
#2481=PLANE('',#3823);
#2482=SURFACE_STYLE_USAGE(.BOTH.,#3824);
#2483=FACE_OUTER_BOUND('',#3825,.T.);
#2484=PLANE('',#3826);
#2485=SURFACE_STYLE_USAGE(.BOTH.,#3827);
#2486=FACE_OUTER_BOUND('',#3828,.T.);
#2487=PLANE('',#3829);
#2488=SURFACE_STYLE_USAGE(.BOTH.,#3830);
#2489=FACE_OUTER_BOUND('',#3831,.T.);
#2490=PLANE('',#3832);
#2491=SURFACE_STYLE_USAGE(.BOTH.,#3833);
#2492=FACE_OUTER_BOUND('',#3834,.T.);
#2493=PLANE('',#3835);
#2494=SURFACE_STYLE_USAGE(.BOTH.,#3836);
#2495=FACE_OUTER_BOUND('',#3837,.T.);
#2496=PLANE('',#3838);
#2497=SURFACE_STYLE_USAGE(.BOTH.,#3839);
#2498=FACE_OUTER_BOUND('',#3840,.T.);
#2499=PLANE('',#3841);
#2500=SURFACE_STYLE_USAGE(.BOTH.,#3842);
#2501=FACE_OUTER_BOUND('',#3843,.T.);
#2502=PLANE('',#3844);
#2503=SURFACE_STYLE_USAGE(.BOTH.,#3845);
#2504=FACE_OUTER_BOUND('',#3846,.T.);
#2505=PLANE('',#3847);
#2506=SURFACE_STYLE_USAGE(.BOTH.,#3848);
#2507=FACE_OUTER_BOUND('',#3849,.T.);
#2508=PLANE('',#3850);
#2509=SURFACE_STYLE_USAGE(.BOTH.,#3851);
#2510=FACE_OUTER_BOUND('',#3852,.T.);
#2511=PLANE('',#3853);
#2512=SURFACE_STYLE_USAGE(.BOTH.,#3854);
#2513=FACE_OUTER_BOUND('',#3855,.T.);
#2514=PLANE('',#3856);
#2515=SURFACE_STYLE_USAGE(.BOTH.,#3857);
#2516=FACE_OUTER_BOUND('',#3858,.T.);
#2517=PLANE('',#3859);
#2518=SURFACE_STYLE_USAGE(.BOTH.,#3860);
#2519=FACE_OUTER_BOUND('',#3861,.T.);
#2520=PLANE('',#3862);
#2521=SURFACE_STYLE_USAGE(.BOTH.,#3863);
#2522=FACE_OUTER_BOUND('',#3864,.T.);
#2523=PLANE('',#3865);
#2524=SURFACE_STYLE_USAGE(.BOTH.,#3866);
#2525=FACE_OUTER_BOUND('',#3867,.T.);
#2526=PLANE('',#3868);
#2527=SURFACE_STYLE_USAGE(.BOTH.,#3869);
#2528=FACE_OUTER_BOUND('',#3870,.T.);
#2529=PLANE('',#3871);
#2530=SURFACE_STYLE_USAGE(.BOTH.,#3872);
#2531=FACE_OUTER_BOUND('',#3873,.T.);
#2532=PLANE('',#3874);
#2533=SURFACE_STYLE_USAGE(.BOTH.,#3875);
#2534=FACE_OUTER_BOUND('',#3876,.T.);
#2535=PLANE('',#3877);
#2536=SURFACE_STYLE_USAGE(.BOTH.,#3878);
#2537=FACE_OUTER_BOUND('',#3879,.T.);
#2538=PLANE('',#3880);
#2539=SURFACE_STYLE_USAGE(.BOTH.,#3881);
#2540=FACE_OUTER_BOUND('',#3882,.T.);
#2541=PLANE('',#3883);
#2542=SURFACE_STYLE_USAGE(.BOTH.,#3884);
#2543=FACE_OUTER_BOUND('',#3885,.T.);
#2544=PLANE('',#3886);
#2545=SURFACE_STYLE_USAGE(.BOTH.,#3887);
#2546=FACE_OUTER_BOUND('',#3888,.T.);
#2547=PLANE('',#3889);
#2548=SURFACE_STYLE_USAGE(.BOTH.,#3890);
#2549=FACE_OUTER_BOUND('',#3891,.T.);
#2550=PLANE('',#3892);
#2551=SURFACE_STYLE_USAGE(.BOTH.,#3893);
#2552=FACE_OUTER_BOUND('',#3894,.T.);
#2553=PLANE('',#3895);
#2554=SURFACE_STYLE_USAGE(.BOTH.,#3896);
#2555=FACE_OUTER_BOUND('',#3897,.T.);
#2556=PLANE('',#3898);
#2557=SURFACE_STYLE_USAGE(.BOTH.,#3899);
#2558=FACE_OUTER_BOUND('',#3900,.T.);
#2559=PLANE('',#3901);
#2560=SURFACE_STYLE_USAGE(.BOTH.,#3902);
#2561=FACE_OUTER_BOUND('',#3903,.T.);
#2562=PLANE('',#3904);
#2563=SURFACE_STYLE_USAGE(.BOTH.,#3905);
#2564=FACE_OUTER_BOUND('',#3906,.T.);
#2565=PLANE('',#3907);
#2566=SURFACE_STYLE_USAGE(.BOTH.,#3908);
#2567=FACE_OUTER_BOUND('',#3909,.T.);
#2568=PLANE('',#3910);
#2569=SURFACE_STYLE_USAGE(.BOTH.,#3911);
#2570=FACE_OUTER_BOUND('',#3912,.T.);
#2571=PLANE('',#3913);
#2572=SURFACE_STYLE_USAGE(.BOTH.,#3914);
#2573=FACE_OUTER_BOUND('',#3915,.T.);
#2574=PLANE('',#3916);
#2575=SURFACE_STYLE_USAGE(.BOTH.,#3917);
#2576=FACE_OUTER_BOUND('',#3918,.T.);
#2577=PLANE('',#3919);
#2578=SURFACE_STYLE_USAGE(.BOTH.,#3920);
#2579=FACE_OUTER_BOUND('',#3921,.T.);
#2580=PLANE('',#3922);
#2581=SURFACE_STYLE_USAGE(.BOTH.,#3923);
#2582=FACE_OUTER_BOUND('',#3924,.T.);
#2583=PLANE('',#3925);
#2584=SURFACE_STYLE_USAGE(.BOTH.,#3926);
#2585=FACE_OUTER_BOUND('',#3927,.T.);
#2586=PLANE('',#3928);
#2587=SURFACE_STYLE_USAGE(.BOTH.,#3929);
#2588=FACE_OUTER_BOUND('',#3930,.T.);
#2589=PLANE('',#3931);
#2590=SURFACE_STYLE_USAGE(.BOTH.,#3932);
#2591=FACE_OUTER_BOUND('',#3933,.T.);
#2592=PLANE('',#3934);
#2593=SURFACE_STYLE_USAGE(.BOTH.,#3935);
#2594=FACE_OUTER_BOUND('',#3936,.T.);
#2595=PLANE('',#3937);
#2596=SURFACE_STYLE_USAGE(.BOTH.,#3938);
#2597=FACE_OUTER_BOUND('',#3939,.T.);
#2598=PLANE('',#3940);
#2599=SURFACE_STYLE_USAGE(.BOTH.,#3941);
#2600=FACE_OUTER_BOUND('',#3942,.T.);
#2601=PLANE('',#3943);
#2602=SURFACE_STYLE_USAGE(.BOTH.,#3944);
#2603=FACE_OUTER_BOUND('',#3945,.T.);
#2604=PLANE('',#3946);
#2605=SURFACE_STYLE_USAGE(.BOTH.,#3947);
#2606=FACE_OUTER_BOUND('',#3948,.T.);
#2607=PLANE('',#3949);
#2608=SURFACE_STYLE_USAGE(.BOTH.,#3950);
#2609=FACE_OUTER_BOUND('',#3951,.T.);
#2610=PLANE('',#3952);
#2611=SURFACE_STYLE_USAGE(.BOTH.,#3953);
#2612=FACE_OUTER_BOUND('',#3954,.T.);
#2613=PLANE('',#3955);
#2614=SURFACE_STYLE_USAGE(.BOTH.,#3956);
#2615=FACE_OUTER_BOUND('',#3957,.T.);
#2616=PLANE('',#3958);
#2617=SURFACE_STYLE_USAGE(.BOTH.,#3959);
#2618=FACE_OUTER_BOUND('',#3960,.T.);
#2619=PLANE('',#3961);
#2620=SURFACE_STYLE_USAGE(.BOTH.,#3962);
#2621=FACE_OUTER_BOUND('',#3963,.T.);
#2622=PLANE('',#3964);
#2623=SURFACE_STYLE_USAGE(.BOTH.,#3965);
#2624=FACE_OUTER_BOUND('',#3966,.T.);
#2625=PLANE('',#3967);
#2626=SURFACE_STYLE_USAGE(.BOTH.,#3968);
#2627=FACE_OUTER_BOUND('',#3969,.T.);
#2628=PLANE('',#3970);
#2629=SURFACE_STYLE_USAGE(.BOTH.,#3971);
#2630=FACE_OUTER_BOUND('',#3972,.T.);
#2631=PLANE('',#3973);
#2632=SURFACE_STYLE_USAGE(.BOTH.,#3974);
#2633=FACE_OUTER_BOUND('',#3975,.T.);
#2634=PLANE('',#3976);
#2635=SURFACE_STYLE_USAGE(.BOTH.,#3977);
#2636=FACE_OUTER_BOUND('',#3978,.T.);
#2637=PLANE('',#3979);
#2638=SURFACE_STYLE_USAGE(.BOTH.,#3980);
#2639=FACE_OUTER_BOUND('',#3981,.T.);
#2640=PLANE('',#3982);
#2641=SURFACE_STYLE_USAGE(.BOTH.,#3983);
#2642=FACE_OUTER_BOUND('',#3984,.T.);
#2643=PLANE('',#3985);
#2644=SURFACE_STYLE_USAGE(.BOTH.,#3986);
#2645=FACE_OUTER_BOUND('',#3987,.T.);
#2646=PLANE('',#3988);
#2647=SURFACE_STYLE_USAGE(.BOTH.,#3989);
#2648=FACE_BOUND('',#3990,.T.);
#2649=FACE_BOUND('',#3991,.T.);
#2650=FACE_BOUND('',#3992,.T.);
#2651=FACE_BOUND('',#3993,.T.);
#2652=FACE_BOUND('',#3994,.T.);
#2653=FACE_BOUND('',#3995,.T.);
#2654=FACE_OUTER_BOUND('',#3996,.T.);
#2655=PLANE('',#3997);
#2656=SURFACE_STYLE_USAGE(.BOTH.,#3998);
#2657=FACE_OUTER_BOUND('',#3999,.T.);
#2658=PLANE('',#4000);
#2659=SURFACE_STYLE_USAGE(.BOTH.,#4001);
#2660=FACE_OUTER_BOUND('',#4002,.T.);
#2661=PLANE('',#4003);
#2662=SURFACE_STYLE_USAGE(.BOTH.,#4004);
#2663=FACE_OUTER_BOUND('',#4005,.T.);
#2664=PLANE('',#4006);
#2665=SURFACE_STYLE_USAGE(.BOTH.,#4007);
#2666=FACE_OUTER_BOUND('',#4008,.T.);
#2667=PLANE('',#4009);
#2668=SURFACE_STYLE_USAGE(.BOTH.,#4010);
#2669=FACE_OUTER_BOUND('',#4011,.T.);
#2670=PLANE('',#4012);
#2671=SURFACE_STYLE_USAGE(.BOTH.,#4013);
#2672=FACE_OUTER_BOUND('',#4014,.T.);
#2673=PLANE('',#4015);
#2674=SURFACE_STYLE_USAGE(.BOTH.,#4016);
#2675=FACE_OUTER_BOUND('',#4017,.T.);
#2676=PLANE('',#4018);
#2677=SURFACE_STYLE_USAGE(.BOTH.,#4019);
#2678=FACE_OUTER_BOUND('',#4020,.T.);
#2679=PLANE('',#4021);
#2680=PRODUCT_CONTEXT('',#445,'mechanical');
#2681=PRODUCT_DEFINITION_FORMATION_WITH_SPECIFIED_SOURCE(' ','NONE',#1328,.NOT_KNOWN.);
#2682=CLOSED_SHELL('',(#459,#461,#463,#465,#467,#469,#471,#473,#475,#477,#479,#481,#483,#485,#487,#489,#491,#493,#495,#497,#499,#501,#503,#505,#507,#509,#511,#513,#515,#517,#519,#521,#523,#525,#527,#529,#531,#533,#535,#537,#539,#541,#543,#545,#547,#549,#551,#553,#555,#557,#559,#561,#563,#565,#567,#569,#571,#573,#575,#577,#579,#581,#583,#585,#587,#589,#591,#593,#595,#597,#599,#601,#603,#605,#607,#609,#611,#613,#615,#617,#619,#621,#623,#625,#627,#629,#631,#633,#635,#637,#639,#641,#643,#645,#647,#649,#651,#653,#655,#657,#659,#661,#663,#665,#667,#669,#671,#673,#675,#677,#679,#681,#683,#685,#687,#689,#691,#693,#695,#697,#699,#701,#703,#705,#707,#709,#711,#713,#715,#717,#719,#721,#723,#725,#727,#729,#731,#733,#735,#737,#739,#741,#743,#745,#747,#749,#751,#753,#755,#757,#759,#761,#763,#765,#767,#769,#771,#773,#775,#777,#779,#781,#783,#785,#787,#789,#791,#793,#795,#797,#799,#801,#803,#805,#807,#809,#811,#813,#815,#817,#819,#821,#823,#825,#827,#829,#831,#833,#835,#837,#839,#841,#843,#845,#847,#849,#851,#853,#855,#857,#859,#861,#863,#865,#867,#869,#871,#873,#875,#877,#879,#881,#883,#885,#887,#889,#891,#893,#895,#897,#899,#901,#903,#905,#907,#909,#911,#913,#915,#917,#919,#921,#923,#925,#927,#929,#931,#933,#935,#937,#939,#941,#943,#945,#947,#949,#951,#953,#955,#957,#959,#961,#963,#965,#967,#969,#971,#973,#975,#977,#979,#981,#983,#985,#987,#989,#991,#993,#995,#997,#999,#1001,#1003,#1005,#1007,#1009,#1011,#1013,#1015,#1017,#1019,#1021,#1023,#1025,#1027,#1029,#1031,#1033,#1035,#1037,#1039,#1041,#1043,#1045,#1047,#1049,#1051,#1053,#1055,#1057,#1059,#1061,#1063,#1065,#1067,#1069,#1071,#1073,#1075,#1077,#1079,#1081,#1083,#1085,#1087,#1089,#1091,#1093,#1095,#1097,#1099,#1101,#1103,#1105,#1107,#1109,#1111,#1113,#1115,#1117,#1119,#1121,#1123,#1125,#1127,#1129,#1131,#1133,#1135,#1137,#1139,#1141,#1143,#1145,#1147,#1149,#1151,#1153,#1155,#1157,#1159,#1161,#1163,#1165,#1167,#1169,#1171,#1173,#1175,#1177,#1179,#1181,#1183,#1185,#1187,#1189,#1191,#1193,#1195,#1197,#1199,#1201,#1203,#1205,#1207,#1209,#1211,#1213,#1215,#1217,#1219,#1221,#1223,#1225,#1227,#1229,#1231,#1233,#1235,#1237,#1239,#1241,#1243,#1245,#1247,#1249,#1251,#1253,#1255,#1257,#1259,#1261,#1263,#1265,#1267,#1269,#1271,#1273,#1275,#1277,#1279,#1281,#1283,#1285,#1287,#1289,#1291,#1293,#1295,#1297,#1299,#1301,#1303,#1305,#1307,#1309,#1311,#1313,#1315,#1317,#1319,#1321,#1323,#1325,#1327));
#2683=CARTESIAN_POINT('',(0.0,0.0,0.0));
#2684=DIRECTION('',(0.0,0.0,1.0));
#2685=DIRECTION('',(1.0,0.0,0.0));
#2686= (NAMED_UNIT(#1337)LENGTH_UNIT()SI_UNIT(.MILLI.,.METRE.));
#2687=SURFACE_SIDE_STYLE('',(#4023));
#2688=EDGE_LOOP('',(#4024,#4025,#4026,#4027));
#2689=AXIS2_PLACEMENT_3D('',#4028,#4029,#4030);
#2690=SURFACE_SIDE_STYLE('',(#4031));
#2691=EDGE_LOOP('',(#4032,#4033,#4034,#4035));
#2692=AXIS2_PLACEMENT_3D('',#4036,#4037,#4038);
#2693=SURFACE_SIDE_STYLE('',(#4039));
#2694=EDGE_LOOP('',(#4040,#4041,#4042,#4043));
#2695=AXIS2_PLACEMENT_3D('',#4044,#4045,#4046);
#2696=SURFACE_SIDE_STYLE('',(#4047));
#2697=EDGE_LOOP('',(#4048,#4049,#4050,#4051));
#2698=AXIS2_PLACEMENT_3D('',#4052,#4053,#4054);
#2699=SURFACE_SIDE_STYLE('',(#4055));
#2700=EDGE_LOOP('',(#4056,#4057,#4058,#4059));
#2701=AXIS2_PLACEMENT_3D('',#4060,#4061,#4062);
#2702=SURFACE_SIDE_STYLE('',(#4063));
#2703=EDGE_LOOP('',(#4064,#4065,#4066,#4067));
#2704=AXIS2_PLACEMENT_3D('',#4068,#4069,#4070);
#2705=SURFACE_SIDE_STYLE('',(#4071));
#2706=EDGE_LOOP('',(#4072,#4073,#4074,#4075));
#2707=AXIS2_PLACEMENT_3D('',#4076,#4077,#4078);
#2708=SURFACE_SIDE_STYLE('',(#4079));
#2709=EDGE_LOOP('',(#4080,#4081,#4082,#4083));
#2710=AXIS2_PLACEMENT_3D('',#4084,#4085,#4086);
#2711=SURFACE_SIDE_STYLE('',(#4087));
#2712=EDGE_LOOP('',(#4088,#4089,#4090,#4091));
#2713=AXIS2_PLACEMENT_3D('',#4092,#4093,#4094);
#2714=SURFACE_SIDE_STYLE('',(#4095));
#2715=EDGE_LOOP('',(#4096,#4097,#4098,#4099));
#2716=AXIS2_PLACEMENT_3D('',#4100,#4101,#4102);
#2717=SURFACE_SIDE_STYLE('',(#4103));
#2718=EDGE_LOOP('',(#4104,#4105,#4106,#4107));
#2719=AXIS2_PLACEMENT_3D('',#4108,#4109,#4110);
#2720=SURFACE_SIDE_STYLE('',(#4111));
#2721=EDGE_LOOP('',(#4112,#4113,#4114,#4115));
#2722=AXIS2_PLACEMENT_3D('',#4116,#4117,#4118);
#2723=SURFACE_SIDE_STYLE('',(#4119));
#2724=EDGE_LOOP('',(#4120,#4121,#4122,#4123));
#2725=AXIS2_PLACEMENT_3D('',#4124,#4125,#4126);
#2726=SURFACE_SIDE_STYLE('',(#4127));
#2727=EDGE_LOOP('',(#4128,#4129,#4130,#4131));
#2728=AXIS2_PLACEMENT_3D('',#4132,#4133,#4134);
#2729=SURFACE_SIDE_STYLE('',(#4135));
#2730=EDGE_LOOP('',(#4136,#4137,#4138,#4139));
#2731=AXIS2_PLACEMENT_3D('',#4140,#4141,#4142);
#2732=SURFACE_SIDE_STYLE('',(#4143));
#2733=EDGE_LOOP('',(#4144,#4145,#4146,#4147));
#2734=AXIS2_PLACEMENT_3D('',#4148,#4149,#4150);
#2735=SURFACE_SIDE_STYLE('',(#4151));
#2736=EDGE_LOOP('',(#4152,#4153,#4154,#4155));
#2737=AXIS2_PLACEMENT_3D('',#4156,#4157,#4158);
#2738=SURFACE_SIDE_STYLE('',(#4159));
#2739=EDGE_LOOP('',(#4160,#4161,#4162,#4163));
#2740=AXIS2_PLACEMENT_3D('',#4164,#4165,#4166);
#2741=SURFACE_SIDE_STYLE('',(#4167));
#2742=EDGE_LOOP('',(#4168,#4169,#4170,#4171));
#2743=AXIS2_PLACEMENT_3D('',#4172,#4173,#4174);
#2744=SURFACE_SIDE_STYLE('',(#4175));
#2745=EDGE_LOOP('',(#4176,#4177,#4178,#4179));
#2746=AXIS2_PLACEMENT_3D('',#4180,#4181,#4182);
#2747=SURFACE_SIDE_STYLE('',(#4183));
#2748=EDGE_LOOP('',(#4184,#4185,#4186,#4187));
#2749=AXIS2_PLACEMENT_3D('',#4188,#4189,#4190);
#2750=SURFACE_SIDE_STYLE('',(#4191));
#2751=EDGE_LOOP('',(#4192,#4193,#4194,#4195));
#2752=AXIS2_PLACEMENT_3D('',#4196,#4197,#4198);
#2753=SURFACE_SIDE_STYLE('',(#4199));
#2754=EDGE_LOOP('',(#4200,#4201,#4202,#4203));
#2755=AXIS2_PLACEMENT_3D('',#4204,#4205,#4206);
#2756=SURFACE_SIDE_STYLE('',(#4207));
#2757=EDGE_LOOP('',(#4208,#4209,#4210,#4211));
#2758=AXIS2_PLACEMENT_3D('',#4212,#4213,#4214);
#2759=SURFACE_SIDE_STYLE('',(#4215));
#2760=EDGE_LOOP('',(#4216,#4217,#4218,#4219,#4220,#4221,#4222,#4223));
#2761=AXIS2_PLACEMENT_3D('',#4224,#4225,#4226);
#2762=SURFACE_SIDE_STYLE('',(#4227));
#2763=EDGE_LOOP('',(#4228,#4229,#4230,#4231,#4232,#4233,#4234,#4235));
#2764=AXIS2_PLACEMENT_3D('',#4236,#4237,#4238);
#2765=SURFACE_SIDE_STYLE('',(#4239));
#2766=EDGE_LOOP('',(#4240,#4241,#4242,#4243,#4244,#4245,#4246,#4247));
#2767=AXIS2_PLACEMENT_3D('',#4248,#4249,#4250);
#2768=SURFACE_SIDE_STYLE('',(#4251));
#2769=EDGE_LOOP('',(#4252,#4253,#4254,#4255,#4256,#4257,#4258,#4259));
#2770=AXIS2_PLACEMENT_3D('',#4260,#4261,#4262);
#2771=SURFACE_SIDE_STYLE('',(#4263));
#2772=EDGE_LOOP('',(#4264,#4265,#4266,#4267,#4268,#4269,#4270,#4271));
#2773=AXIS2_PLACEMENT_3D('',#4272,#4273,#4274);
#2774=SURFACE_SIDE_STYLE('',(#4275));
#2775=EDGE_LOOP('',(#4276,#4277,#4278,#4279,#4280,#4281,#4282,#4283));
#2776=AXIS2_PLACEMENT_3D('',#4284,#4285,#4286);
#2777=SURFACE_SIDE_STYLE('',(#4287));
#2778=EDGE_LOOP('',(#4288,#4289,#4290,#4291,#4292,#4293,#4294,#4295));
#2779=AXIS2_PLACEMENT_3D('',#4296,#4297,#4298);
#2780=SURFACE_SIDE_STYLE('',(#4299));
#2781=EDGE_LOOP('',(#4300,#4301,#4302,#4303));
#2782=AXIS2_PLACEMENT_3D('',#4304,#4305,#4306);
#2783=SURFACE_SIDE_STYLE('',(#4307));
#2784=EDGE_LOOP('',(#4308,#4309,#4310,#4311,#4312,#4313));
#2785=AXIS2_PLACEMENT_3D('',#4314,#4315,#4316);
#2786=SURFACE_SIDE_STYLE('',(#4317));
#2787=EDGE_LOOP('',(#4318,#4319,#4320,#4321));
#2788=AXIS2_PLACEMENT_3D('',#4322,#4323,#4324);
#2789=SURFACE_SIDE_STYLE('',(#4325));
#2790=EDGE_LOOP('',(#4326,#4327));
#2791=AXIS2_PLACEMENT_3D('',#4328,#4329,#4330);
#2792=SURFACE_SIDE_STYLE('',(#4331));
#2793=EDGE_LOOP('',(#4332,#4333));
#2794=AXIS2_PLACEMENT_3D('',#4334,#4335,#4336);
#2795=SURFACE_SIDE_STYLE('',(#4337));
#2796=EDGE_LOOP('',(#4338,#4339,#4340,#4341,#4342,#4343,#4344,#4345));
#2797=AXIS2_PLACEMENT_3D('',#4346,#4347,#4348);
#2798=SURFACE_SIDE_STYLE('',(#4349));
#2799=EDGE_LOOP('',(#4350,#4351,#4352,#4353));
#2800=AXIS2_PLACEMENT_3D('',#4354,#4355,#4356);
#2801=SURFACE_SIDE_STYLE('',(#4357));
#2802=EDGE_LOOP('',(#4358,#4359,#4360,#4361,#4362,#4363));
#2803=AXIS2_PLACEMENT_3D('',#4364,#4365,#4366);
#2804=SURFACE_SIDE_STYLE('',(#4367));
#2805=EDGE_LOOP('',(#4368,#4369,#4370,#4371));
#2806=AXIS2_PLACEMENT_3D('',#4372,#4373,#4374);
#2807=SURFACE_SIDE_STYLE('',(#4375));
#2808=EDGE_LOOP('',(#4376,#4377));
#2809=AXIS2_PLACEMENT_3D('',#4378,#4379,#4380);
#2810=SURFACE_SIDE_STYLE('',(#4381));
#2811=EDGE_LOOP('',(#4382,#4383));
#2812=AXIS2_PLACEMENT_3D('',#4384,#4385,#4386);
#2813=SURFACE_SIDE_STYLE('',(#4387));
#2814=EDGE_LOOP('',(#4388,#4389,#4390,#4391,#4392,#4393,#4394,#4395));
#2815=AXIS2_PLACEMENT_3D('',#4396,#4397,#4398);
#2816=SURFACE_SIDE_STYLE('',(#4399));
#2817=EDGE_LOOP('',(#4400,#4401,#4402,#4403));
#2818=AXIS2_PLACEMENT_3D('',#4404,#4405,#4406);
#2819=SURFACE_SIDE_STYLE('',(#4407));
#2820=EDGE_LOOP('',(#4408,#4409,#4410,#4411,#4412,#4413));
#2821=AXIS2_PLACEMENT_3D('',#4414,#4415,#4416);
#2822=SURFACE_SIDE_STYLE('',(#4417));
#2823=EDGE_LOOP('',(#4418,#4419,#4420,#4421));
#2824=AXIS2_PLACEMENT_3D('',#4422,#4423,#4424);
#2825=SURFACE_SIDE_STYLE('',(#4425));
#2826=EDGE_LOOP('',(#4426,#4427));
#2827=AXIS2_PLACEMENT_3D('',#4428,#4429,#4430);
#2828=SURFACE_SIDE_STYLE('',(#4431));
#2829=EDGE_LOOP('',(#4432,#4433));
#2830=AXIS2_PLACEMENT_3D('',#4434,#4435,#4436);
#2831=SURFACE_SIDE_STYLE('',(#4437));
#2832=EDGE_LOOP('',(#4438,#4439,#4440,#4441,#4442,#4443,#4444,#4445));
#2833=AXIS2_PLACEMENT_3D('',#4446,#4447,#4448);
#2834=SURFACE_SIDE_STYLE('',(#4449));
#2835=EDGE_LOOP('',(#4450,#4451,#4452,#4453));
#2836=AXIS2_PLACEMENT_3D('',#4454,#4455,#4456);
#2837=SURFACE_SIDE_STYLE('',(#4457));
#2838=EDGE_LOOP('',(#4458,#4459,#4460,#4461,#4462,#4463));
#2839=AXIS2_PLACEMENT_3D('',#4464,#4465,#4466);
#2840=SURFACE_SIDE_STYLE('',(#4467));
#2841=EDGE_LOOP('',(#4468,#4469,#4470,#4471));
#2842=AXIS2_PLACEMENT_3D('',#4472,#4473,#4474);
#2843=SURFACE_SIDE_STYLE('',(#4475));
#2844=EDGE_LOOP('',(#4476,#4477));
#2845=AXIS2_PLACEMENT_3D('',#4478,#4479,#4480);
#2846=SURFACE_SIDE_STYLE('',(#4481));
#2847=EDGE_LOOP('',(#4482,#4483));
#2848=AXIS2_PLACEMENT_3D('',#4484,#4485,#4486);
#2849=SURFACE_SIDE_STYLE('',(#4487));
#2850=EDGE_LOOP('',(#4488,#4489,#4490,#4491,#4492,#4493,#4494,#4495));
#2851=AXIS2_PLACEMENT_3D('',#4496,#4497,#4498);
#2852=SURFACE_SIDE_STYLE('',(#4499));
#2853=EDGE_LOOP('',(#4500,#4501,#4502,#4503));
#2854=AXIS2_PLACEMENT_3D('',#4504,#4505,#4506);
#2855=SURFACE_SIDE_STYLE('',(#4507));
#2856=EDGE_LOOP('',(#4508,#4509,#4510,#4511,#4512,#4513));
#2857=AXIS2_PLACEMENT_3D('',#4514,#4515,#4516);
#2858=SURFACE_SIDE_STYLE('',(#4517));
#2859=EDGE_LOOP('',(#4518,#4519,#4520,#4521));
#2860=AXIS2_PLACEMENT_3D('',#4522,#4523,#4524);
#2861=SURFACE_SIDE_STYLE('',(#4525));
#2862=EDGE_LOOP('',(#4526,#4527));
#2863=AXIS2_PLACEMENT_3D('',#4528,#4529,#4530);
#2864=SURFACE_SIDE_STYLE('',(#4531));
#2865=EDGE_LOOP('',(#4532,#4533));
#2866=AXIS2_PLACEMENT_3D('',#4534,#4535,#4536);
#2867=SURFACE_SIDE_STYLE('',(#4537));
#2868=EDGE_LOOP('',(#4538,#4539,#4540,#4541,#4542,#4543,#4544,#4545));
#2869=AXIS2_PLACEMENT_3D('',#4546,#4547,#4548);
#2870=SURFACE_SIDE_STYLE('',(#4549));
#2871=EDGE_LOOP('',(#4550,#4551,#4552,#4553));
#2872=AXIS2_PLACEMENT_3D('',#4554,#4555,#4556);
#2873=SURFACE_SIDE_STYLE('',(#4557));
#2874=EDGE_LOOP('',(#4558,#4559,#4560,#4561,#4562,#4563));
#2875=AXIS2_PLACEMENT_3D('',#4564,#4565,#4566);
#2876=SURFACE_SIDE_STYLE('',(#4567));
#2877=EDGE_LOOP('',(#4568,#4569,#4570,#4571));
#2878=AXIS2_PLACEMENT_3D('',#4572,#4573,#4574);
#2879=SURFACE_SIDE_STYLE('',(#4575));
#2880=EDGE_LOOP('',(#4576,#4577));
#2881=AXIS2_PLACEMENT_3D('',#4578,#4579,#4580);
#2882=SURFACE_SIDE_STYLE('',(#4581));
#2883=EDGE_LOOP('',(#4582,#4583));
#2884=AXIS2_PLACEMENT_3D('',#4584,#4585,#4586);
#2885=SURFACE_SIDE_STYLE('',(#4587));
#2886=EDGE_LOOP('',(#4588,#4589,#4590,#4591));
#2887=AXIS2_PLACEMENT_3D('',#4592,#4593,#4594);
#2888=SURFACE_SIDE_STYLE('',(#4595));
#2889=EDGE_LOOP('',(#4596,#4597,#4598,#4599));
#2890=AXIS2_PLACEMENT_3D('',#4600,#4601,#4602);
#2891=SURFACE_SIDE_STYLE('',(#4603));
#2892=EDGE_LOOP('',(#4604,#4605));
#2893=EDGE_LOOP('',(#4606,#4607));
#2894=AXIS2_PLACEMENT_3D('',#4608,#4609,#4610);
#2895=SURFACE_SIDE_STYLE('',(#4611));
#2896=EDGE_LOOP('',(#4612,#4613,#4614,#4615));
#2897=AXIS2_PLACEMENT_3D('',#4616,#4617,#4618);
#2898=SURFACE_SIDE_STYLE('',(#4619));
#2899=EDGE_LOOP('',(#4620,#4621,#4622,#4623));
#2900=AXIS2_PLACEMENT_3D('',#4624,#4625,#4626);
#2901=SURFACE_SIDE_STYLE('',(#4627));
#2902=EDGE_LOOP('',(#4628,#4629));
#2903=EDGE_LOOP('',(#4630,#4631));
#2904=AXIS2_PLACEMENT_3D('',#4632,#4633,#4634);
#2905=SURFACE_SIDE_STYLE('',(#4635));
#2906=EDGE_LOOP('',(#4636,#4637,#4638,#4639));
#2907=AXIS2_PLACEMENT_3D('',#4640,#4641,#4642);
#2908=SURFACE_SIDE_STYLE('',(#4643));
#2909=EDGE_LOOP('',(#4644,#4645,#4646,#4647));
#2910=AXIS2_PLACEMENT_3D('',#4648,#4649,#4650);
#2911=SURFACE_SIDE_STYLE('',(#4651));
#2912=EDGE_LOOP('',(#4652,#4653));
#2913=EDGE_LOOP('',(#4654,#4655));
#2914=AXIS2_PLACEMENT_3D('',#4656,#4657,#4658);
#2915=SURFACE_SIDE_STYLE('',(#4659));
#2916=EDGE_LOOP('',(#4660,#4661,#4662,#4663));
#2917=AXIS2_PLACEMENT_3D('',#4664,#4665,#4666);
#2918=SURFACE_SIDE_STYLE('',(#4667));
#2919=EDGE_LOOP('',(#4668,#4669,#4670,#4671));
#2920=AXIS2_PLACEMENT_3D('',#4672,#4673,#4674);
#2921=SURFACE_SIDE_STYLE('',(#4675));
#2922=EDGE_LOOP('',(#4676,#4677));
#2923=EDGE_LOOP('',(#4678,#4679));
#2924=AXIS2_PLACEMENT_3D('',#4680,#4681,#4682);
#2925=SURFACE_SIDE_STYLE('',(#4683));
#2926=EDGE_LOOP('',(#4684,#4685,#4686,#4687));
#2927=AXIS2_PLACEMENT_3D('',#4688,#4689,#4690);
#2928=SURFACE_SIDE_STYLE('',(#4691));
#2929=EDGE_LOOP('',(#4692,#4693,#4694,#4695));
#2930=AXIS2_PLACEMENT_3D('',#4696,#4697,#4698);
#2931=SURFACE_SIDE_STYLE('',(#4699));
#2932=EDGE_LOOP('',(#4700,#4701));
#2933=EDGE_LOOP('',(#4702,#4703));
#2934=AXIS2_PLACEMENT_3D('',#4704,#4705,#4706);
#2935=SURFACE_SIDE_STYLE('',(#4707));
#2936=EDGE_LOOP('',(#4708,#4709,#4710,#4711));
#2937=AXIS2_PLACEMENT_3D('',#4712,#4713,#4714);
#2938=SURFACE_SIDE_STYLE('',(#4715));
#2939=EDGE_LOOP('',(#4716,#4717,#4718,#4719));
#2940=AXIS2_PLACEMENT_3D('',#4720,#4721,#4722);
#2941=SURFACE_SIDE_STYLE('',(#4723));
#2942=EDGE_LOOP('',(#4724,#4725));
#2943=EDGE_LOOP('',(#4726,#4727));
#2944=AXIS2_PLACEMENT_3D('',#4728,#4729,#4730);
#2945=SURFACE_SIDE_STYLE('',(#4731));
#2946=EDGE_LOOP('',(#4732,#4733,#4734,#4735));
#2947=AXIS2_PLACEMENT_3D('',#4736,#4737,#4738);
#2948=SURFACE_SIDE_STYLE('',(#4739));
#2949=EDGE_LOOP('',(#4740,#4741,#4742,#4743));
#2950=AXIS2_PLACEMENT_3D('',#4744,#4745,#4746);
#2951=SURFACE_SIDE_STYLE('',(#4747));
#2952=EDGE_LOOP('',(#4748,#4749));
#2953=AXIS2_PLACEMENT_3D('',#4750,#4751,#4752);
#2954=SURFACE_SIDE_STYLE('',(#4753));
#2955=EDGE_LOOP('',(#4754,#4755,#4756,#4757));
#2956=AXIS2_PLACEMENT_3D('',#4758,#4759,#4760);
#2957=SURFACE_SIDE_STYLE('',(#4761));
#2958=EDGE_LOOP('',(#4762,#4763,#4764,#4765));
#2959=AXIS2_PLACEMENT_3D('',#4766,#4767,#4768);
#2960=SURFACE_SIDE_STYLE('',(#4769));
#2961=EDGE_LOOP('',(#4770,#4771));
#2962=AXIS2_PLACEMENT_3D('',#4772,#4773,#4774);
#2963=SURFACE_SIDE_STYLE('',(#4775));
#2964=EDGE_LOOP('',(#4776,#4777,#4778,#4779));
#2965=AXIS2_PLACEMENT_3D('',#4780,#4781,#4782);
#2966=SURFACE_SIDE_STYLE('',(#4783));
#2967=EDGE_LOOP('',(#4784,#4785,#4786,#4787));
#2968=AXIS2_PLACEMENT_3D('',#4788,#4789,#4790);
#2969=SURFACE_SIDE_STYLE('',(#4791));
#2970=EDGE_LOOP('',(#4792,#4793));
#2971=AXIS2_PLACEMENT_3D('',#4794,#4795,#4796);
#2972=SURFACE_SIDE_STYLE('',(#4797));
#2973=EDGE_LOOP('',(#4798,#4799,#4800,#4801));
#2974=AXIS2_PLACEMENT_3D('',#4802,#4803,#4804);
#2975=SURFACE_SIDE_STYLE('',(#4805));
#2976=EDGE_LOOP('',(#4806,#4807,#4808,#4809));
#2977=AXIS2_PLACEMENT_3D('',#4810,#4811,#4812);
#2978=SURFACE_SIDE_STYLE('',(#4813));
#2979=EDGE_LOOP('',(#4814,#4815));
#2980=AXIS2_PLACEMENT_3D('',#4816,#4817,#4818);
#2981=SURFACE_SIDE_STYLE('',(#4819));
#2982=EDGE_LOOP('',(#4820,#4821,#4822,#4823));
#2983=AXIS2_PLACEMENT_3D('',#4824,#4825,#4826);
#2984=SURFACE_SIDE_STYLE('',(#4827));
#2985=EDGE_LOOP('',(#4828,#4829,#4830,#4831));
#2986=AXIS2_PLACEMENT_3D('',#4832,#4833,#4834);
#2987=SURFACE_SIDE_STYLE('',(#4835));
#2988=EDGE_LOOP('',(#4836,#4837));
#2989=AXIS2_PLACEMENT_3D('',#4838,#4839,#4840);
#2990=SURFACE_SIDE_STYLE('',(#4841));
#2991=EDGE_LOOP('',(#4842,#4843,#4844,#4845));
#2992=AXIS2_PLACEMENT_3D('',#4846,#4847,#4848);
#2993=SURFACE_SIDE_STYLE('',(#4849));
#2994=EDGE_LOOP('',(#4850,#4851,#4852,#4853));
#2995=AXIS2_PLACEMENT_3D('',#4854,#4855,#4856);
#2996=SURFACE_SIDE_STYLE('',(#4857));
#2997=EDGE_LOOP('',(#4858,#4859));
#2998=AXIS2_PLACEMENT_3D('',#4860,#4861,#4862);
#2999=SURFACE_SIDE_STYLE('',(#4863));
#3000=EDGE_LOOP('',(#4864,#4865,#4866,#4867));
#3001=AXIS2_PLACEMENT_3D('',#4868,#4869,#4870);
#3002=SURFACE_SIDE_STYLE('',(#4871));
#3003=EDGE_LOOP('',(#4872,#4873,#4874,#4875));
#3004=EDGE_LOOP('',(#4876,#4877,#4878,#4879));
#3005=AXIS2_PLACEMENT_3D('',#4880,#4881,#4882);
#3006=SURFACE_SIDE_STYLE('',(#4883));
#3007=EDGE_LOOP('',(#4884,#4885,#4886,#4887));
#3008=AXIS2_PLACEMENT_3D('',#4888,#4889,#4890);
#3009=SURFACE_SIDE_STYLE('',(#4891));
#3010=EDGE_LOOP('',(#4892,#4893,#4894,#4895,#4896,#4897,#4898,#4899));
#3011=AXIS2_PLACEMENT_3D('',#4900,#4901,#4902);
#3012=SURFACE_SIDE_STYLE('',(#4903));
#3013=EDGE_LOOP('',(#4904,#4905,#4906,#4907));
#3014=AXIS2_PLACEMENT_3D('',#4908,#4909,#4910);
#3015=SURFACE_SIDE_STYLE('',(#4911));
#3016=EDGE_LOOP('',(#4912,#4913,#4914,#4915));
#3017=AXIS2_PLACEMENT_3D('',#4916,#4917,#4918);
#3018=SURFACE_SIDE_STYLE('',(#4919));
#3019=EDGE_LOOP('',(#4920,#4921,#4922,#4923));
#3020=AXIS2_PLACEMENT_3D('',#4924,#4925,#4926);
#3021=SURFACE_SIDE_STYLE('',(#4927));
#3022=EDGE_LOOP('',(#4928,#4929,#4930,#4931));
#3023=AXIS2_PLACEMENT_3D('',#4932,#4933,#4934);
#3024=SURFACE_SIDE_STYLE('',(#4935));
#3025=EDGE_LOOP('',(#4936,#4937,#4938,#4939));
#3026=AXIS2_PLACEMENT_3D('',#4940,#4941,#4942);
#3027=SURFACE_SIDE_STYLE('',(#4943));
#3028=EDGE_LOOP('',(#4944,#4945,#4946,#4947));
#3029=AXIS2_PLACEMENT_3D('',#4948,#4949,#4950);
#3030=SURFACE_SIDE_STYLE('',(#4951));
#3031=EDGE_LOOP('',(#4952,#4953,#4954,#4955));
#3032=AXIS2_PLACEMENT_3D('',#4956,#4957,#4958);
#3033=SURFACE_SIDE_STYLE('',(#4959));
#3034=EDGE_LOOP('',(#4960,#4961,#4962,#4963,#4964,#4965,#4966,#4967));
#3035=AXIS2_PLACEMENT_3D('',#4968,#4969,#4970);
#3036=SURFACE_SIDE_STYLE('',(#4971));
#3037=EDGE_LOOP('',(#4972,#4973,#4974,#4975));
#3038=AXIS2_PLACEMENT_3D('',#4976,#4977,#4978);
#3039=SURFACE_SIDE_STYLE('',(#4979));
#3040=EDGE_LOOP('',(#4980,#4981,#4982,#4983));
#3041=AXIS2_PLACEMENT_3D('',#4984,#4985,#4986);
#3042=SURFACE_SIDE_STYLE('',(#4987));
#3043=EDGE_LOOP('',(#4988,#4989,#4990,#4991));
#3044=AXIS2_PLACEMENT_3D('',#4992,#4993,#4994);
#3045=SURFACE_SIDE_STYLE('',(#4995));
#3046=EDGE_LOOP('',(#4996,#4997));
#3047=EDGE_LOOP('',(#4998,#4999,#5000,#5001,#5002,#5003));
#3048=AXIS2_PLACEMENT_3D('',#5004,#5005,#5006);
#3049=SURFACE_SIDE_STYLE('',(#5007));
#3050=EDGE_LOOP('',(#5008,#5009,#5010,#5011));
#3051=AXIS2_PLACEMENT_3D('',#5012,#5013,#5014);
#3052=SURFACE_SIDE_STYLE('',(#5015));
#3053=EDGE_LOOP('',(#5016,#5017,#5018,#5019));
#3054=EDGE_LOOP('',(#5020,#5021,#5022,#5023));
#3055=AXIS2_PLACEMENT_3D('',#5024,#5025,#5026);
#3056=SURFACE_SIDE_STYLE('',(#5027));
#3057=EDGE_LOOP('',(#5028,#5029,#5030,#5031));
#3058=AXIS2_PLACEMENT_3D('',#5032,#5033,#5034);
#3059=SURFACE_SIDE_STYLE('',(#5035));
#3060=EDGE_LOOP('',(#5036,#5037,#5038,#5039,#5040,#5041,#5042,#5043));
#3061=AXIS2_PLACEMENT_3D('',#5044,#5045,#5046);
#3062=SURFACE_SIDE_STYLE('',(#5047));
#3063=EDGE_LOOP('',(#5048,#5049,#5050,#5051));
#3064=AXIS2_PLACEMENT_3D('',#5052,#5053,#5054);
#3065=SURFACE_SIDE_STYLE('',(#5055));
#3066=EDGE_LOOP('',(#5056,#5057,#5058,#5059));
#3067=AXIS2_PLACEMENT_3D('',#5060,#5061,#5062);
#3068=SURFACE_SIDE_STYLE('',(#5063));
#3069=EDGE_LOOP('',(#5064,#5065,#5066,#5067));
#3070=AXIS2_PLACEMENT_3D('',#5068,#5069,#5070);
#3071=SURFACE_SIDE_STYLE('',(#5071));
#3072=EDGE_LOOP('',(#5072,#5073,#5074,#5075));
#3073=AXIS2_PLACEMENT_3D('',#5076,#5077,#5078);
#3074=SURFACE_SIDE_STYLE('',(#5079));
#3075=EDGE_LOOP('',(#5080,#5081,#5082,#5083));
#3076=AXIS2_PLACEMENT_3D('',#5084,#5085,#5086);
#3077=SURFACE_SIDE_STYLE('',(#5087));
#3078=EDGE_LOOP('',(#5088,#5089,#5090,#5091));
#3079=AXIS2_PLACEMENT_3D('',#5092,#5093,#5094);
#3080=SURFACE_SIDE_STYLE('',(#5095));
#3081=EDGE_LOOP('',(#5096,#5097,#5098,#5099));
#3082=AXIS2_PLACEMENT_3D('',#5100,#5101,#5102);
#3083=SURFACE_SIDE_STYLE('',(#5103));
#3084=EDGE_LOOP('',(#5104,#5105,#5106,#5107,#5108,#5109,#5110,#5111));
#3085=AXIS2_PLACEMENT_3D('',#5112,#5113,#5114);
#3086=SURFACE_SIDE_STYLE('',(#5115));
#3087=EDGE_LOOP('',(#5116,#5117,#5118,#5119));
#3088=AXIS2_PLACEMENT_3D('',#5120,#5121,#5122);
#3089=SURFACE_SIDE_STYLE('',(#5123));
#3090=EDGE_LOOP('',(#5124,#5125,#5126,#5127));
#3091=AXIS2_PLACEMENT_3D('',#5128,#5129,#5130);
#3092=SURFACE_SIDE_STYLE('',(#5131));
#3093=EDGE_LOOP('',(#5132,#5133,#5134,#5135));
#3094=AXIS2_PLACEMENT_3D('',#5136,#5137,#5138);
#3095=SURFACE_SIDE_STYLE('',(#5139));
#3096=EDGE_LOOP('',(#5140,#5141));
#3097=EDGE_LOOP('',(#5142,#5143,#5144,#5145,#5146,#5147));
#3098=AXIS2_PLACEMENT_3D('',#5148,#5149,#5150);
#3099=SURFACE_SIDE_STYLE('',(#5151));
#3100=EDGE_LOOP('',(#5152,#5153,#5154,#5155));
#3101=AXIS2_PLACEMENT_3D('',#5156,#5157,#5158);
#3102=SURFACE_SIDE_STYLE('',(#5159));
#3103=EDGE_LOOP('',(#5160,#5161,#5162,#5163));
#3104=EDGE_LOOP('',(#5164,#5165,#5166,#5167));
#3105=AXIS2_PLACEMENT_3D('',#5168,#5169,#5170);
#3106=SURFACE_SIDE_STYLE('',(#5171));
#3107=EDGE_LOOP('',(#5172,#5173,#5174,#5175));
#3108=AXIS2_PLACEMENT_3D('',#5176,#5177,#5178);
#3109=SURFACE_SIDE_STYLE('',(#5179));
#3110=EDGE_LOOP('',(#5180,#5181,#5182,#5183,#5184,#5185,#5186,#5187));
#3111=AXIS2_PLACEMENT_3D('',#5188,#5189,#5190);
#3112=SURFACE_SIDE_STYLE('',(#5191));
#3113=EDGE_LOOP('',(#5192,#5193,#5194,#5195));
#3114=AXIS2_PLACEMENT_3D('',#5196,#5197,#5198);
#3115=SURFACE_SIDE_STYLE('',(#5199));
#3116=EDGE_LOOP('',(#5200,#5201,#5202,#5203));
#3117=AXIS2_PLACEMENT_3D('',#5204,#5205,#5206);
#3118=SURFACE_SIDE_STYLE('',(#5207));
#3119=EDGE_LOOP('',(#5208,#5209,#5210,#5211));
#3120=AXIS2_PLACEMENT_3D('',#5212,#5213,#5214);
#3121=SURFACE_SIDE_STYLE('',(#5215));
#3122=EDGE_LOOP('',(#5216,#5217,#5218,#5219));
#3123=AXIS2_PLACEMENT_3D('',#5220,#5221,#5222);
#3124=SURFACE_SIDE_STYLE('',(#5223));
#3125=EDGE_LOOP('',(#5224,#5225,#5226,#5227));
#3126=AXIS2_PLACEMENT_3D('',#5228,#5229,#5230);
#3127=SURFACE_SIDE_STYLE('',(#5231));
#3128=EDGE_LOOP('',(#5232,#5233,#5234,#5235));
#3129=AXIS2_PLACEMENT_3D('',#5236,#5237,#5238);
#3130=SURFACE_SIDE_STYLE('',(#5239));
#3131=EDGE_LOOP('',(#5240,#5241,#5242,#5243));
#3132=AXIS2_PLACEMENT_3D('',#5244,#5245,#5246);
#3133=SURFACE_SIDE_STYLE('',(#5247));
#3134=EDGE_LOOP('',(#5248,#5249,#5250,#5251,#5252,#5253,#5254,#5255));
#3135=AXIS2_PLACEMENT_3D('',#5256,#5257,#5258);
#3136=SURFACE_SIDE_STYLE('',(#5259));
#3137=EDGE_LOOP('',(#5260,#5261,#5262,#5263));
#3138=AXIS2_PLACEMENT_3D('',#5264,#5265,#5266);
#3139=SURFACE_SIDE_STYLE('',(#5267));
#3140=EDGE_LOOP('',(#5268,#5269,#5270,#5271));
#3141=AXIS2_PLACEMENT_3D('',#5272,#5273,#5274);
#3142=SURFACE_SIDE_STYLE('',(#5275));
#3143=EDGE_LOOP('',(#5276,#5277,#5278,#5279));
#3144=AXIS2_PLACEMENT_3D('',#5280,#5281,#5282);
#3145=SURFACE_SIDE_STYLE('',(#5283));
#3146=EDGE_LOOP('',(#5284,#5285));
#3147=EDGE_LOOP('',(#5286,#5287,#5288,#5289,#5290,#5291));
#3148=AXIS2_PLACEMENT_3D('',#5292,#5293,#5294);
#3149=SURFACE_SIDE_STYLE('',(#5295));
#3150=EDGE_LOOP('',(#5296,#5297,#5298,#5299));
#3151=AXIS2_PLACEMENT_3D('',#5300,#5301,#5302);
#3152=SURFACE_SIDE_STYLE('',(#5303));
#3153=EDGE_LOOP('',(#5304,#5305,#5306,#5307));
#3154=EDGE_LOOP('',(#5308,#5309,#5310,#5311));
#3155=AXIS2_PLACEMENT_3D('',#5312,#5313,#5314);
#3156=SURFACE_SIDE_STYLE('',(#5315));
#3157=EDGE_LOOP('',(#5316,#5317,#5318,#5319));
#3158=AXIS2_PLACEMENT_3D('',#5320,#5321,#5322);
#3159=SURFACE_SIDE_STYLE('',(#5323));
#3160=EDGE_LOOP('',(#5324,#5325,#5326,#5327,#5328,#5329,#5330,#5331));
#3161=AXIS2_PLACEMENT_3D('',#5332,#5333,#5334);
#3162=SURFACE_SIDE_STYLE('',(#5335));
#3163=EDGE_LOOP('',(#5336,#5337,#5338,#5339));
#3164=AXIS2_PLACEMENT_3D('',#5340,#5341,#5342);
#3165=SURFACE_SIDE_STYLE('',(#5343));
#3166=EDGE_LOOP('',(#5344,#5345,#5346,#5347));
#3167=AXIS2_PLACEMENT_3D('',#5348,#5349,#5350);
#3168=SURFACE_SIDE_STYLE('',(#5351));
#3169=EDGE_LOOP('',(#5352,#5353,#5354,#5355));
#3170=AXIS2_PLACEMENT_3D('',#5356,#5357,#5358);
#3171=SURFACE_SIDE_STYLE('',(#5359));
#3172=EDGE_LOOP('',(#5360,#5361,#5362,#5363));
#3173=AXIS2_PLACEMENT_3D('',#5364,#5365,#5366);
#3174=SURFACE_SIDE_STYLE('',(#5367));
#3175=EDGE_LOOP('',(#5368,#5369,#5370,#5371));
#3176=AXIS2_PLACEMENT_3D('',#5372,#5373,#5374);
#3177=SURFACE_SIDE_STYLE('',(#5375));
#3178=EDGE_LOOP('',(#5376,#5377,#5378,#5379));
#3179=AXIS2_PLACEMENT_3D('',#5380,#5381,#5382);
#3180=SURFACE_SIDE_STYLE('',(#5383));
#3181=EDGE_LOOP('',(#5384,#5385,#5386,#5387));
#3182=AXIS2_PLACEMENT_3D('',#5388,#5389,#5390);
#3183=SURFACE_SIDE_STYLE('',(#5391));
#3184=EDGE_LOOP('',(#5392,#5393,#5394,#5395,#5396,#5397,#5398,#5399));
#3185=AXIS2_PLACEMENT_3D('',#5400,#5401,#5402);
#3186=SURFACE_SIDE_STYLE('',(#5403));
#3187=EDGE_LOOP('',(#5404,#5405,#5406,#5407));
#3188=AXIS2_PLACEMENT_3D('',#5408,#5409,#5410);
#3189=SURFACE_SIDE_STYLE('',(#5411));
#3190=EDGE_LOOP('',(#5412,#5413,#5414,#5415));
#3191=AXIS2_PLACEMENT_3D('',#5416,#5417,#5418);
#3192=SURFACE_SIDE_STYLE('',(#5419));
#3193=EDGE_LOOP('',(#5420,#5421,#5422,#5423));
#3194=AXIS2_PLACEMENT_3D('',#5424,#5425,#5426);
#3195=SURFACE_SIDE_STYLE('',(#5427));
#3196=EDGE_LOOP('',(#5428,#5429));
#3197=EDGE_LOOP('',(#5430,#5431,#5432,#5433,#5434,#5435));
#3198=AXIS2_PLACEMENT_3D('',#5436,#5437,#5438);
#3199=SURFACE_SIDE_STYLE('',(#5439));
#3200=EDGE_LOOP('',(#5440,#5441,#5442,#5443));
#3201=AXIS2_PLACEMENT_3D('',#5444,#5445,#5446);
#3202=SURFACE_SIDE_STYLE('',(#5447));
#3203=EDGE_LOOP('',(#5448,#5449,#5450,#5451));
#3204=EDGE_LOOP('',(#5452,#5453,#5454,#5455));
#3205=AXIS2_PLACEMENT_3D('',#5456,#5457,#5458);
#3206=SURFACE_SIDE_STYLE('',(#5459));
#3207=EDGE_LOOP('',(#5460,#5461,#5462,#5463));
#3208=AXIS2_PLACEMENT_3D('',#5464,#5465,#5466);
#3209=SURFACE_SIDE_STYLE('',(#5467));
#3210=EDGE_LOOP('',(#5468,#5469,#5470,#5471,#5472,#5473,#5474,#5475));
#3211=AXIS2_PLACEMENT_3D('',#5476,#5477,#5478);
#3212=SURFACE_SIDE_STYLE('',(#5479));
#3213=EDGE_LOOP('',(#5480,#5481,#5482,#5483));
#3214=AXIS2_PLACEMENT_3D('',#5484,#5485,#5486);
#3215=SURFACE_SIDE_STYLE('',(#5487));
#3216=EDGE_LOOP('',(#5488,#5489,#5490,#5491));
#3217=AXIS2_PLACEMENT_3D('',#5492,#5493,#5494);
#3218=SURFACE_SIDE_STYLE('',(#5495));
#3219=EDGE_LOOP('',(#5496,#5497,#5498,#5499));
#3220=AXIS2_PLACEMENT_3D('',#5500,#5501,#5502);
#3221=SURFACE_SIDE_STYLE('',(#5503));
#3222=EDGE_LOOP('',(#5504,#5505,#5506,#5507));
#3223=AXIS2_PLACEMENT_3D('',#5508,#5509,#5510);
#3224=SURFACE_SIDE_STYLE('',(#5511));
#3225=EDGE_LOOP('',(#5512,#5513,#5514,#5515));
#3226=AXIS2_PLACEMENT_3D('',#5516,#5517,#5518);
#3227=SURFACE_SIDE_STYLE('',(#5519));
#3228=EDGE_LOOP('',(#5520,#5521,#5522,#5523));
#3229=AXIS2_PLACEMENT_3D('',#5524,#5525,#5526);
#3230=SURFACE_SIDE_STYLE('',(#5527));
#3231=EDGE_LOOP('',(#5528,#5529,#5530,#5531));
#3232=AXIS2_PLACEMENT_3D('',#5532,#5533,#5534);
#3233=SURFACE_SIDE_STYLE('',(#5535));
#3234=EDGE_LOOP('',(#5536,#5537,#5538,#5539,#5540,#5541,#5542,#5543));
#3235=AXIS2_PLACEMENT_3D('',#5544,#5545,#5546);
#3236=SURFACE_SIDE_STYLE('',(#5547));
#3237=EDGE_LOOP('',(#5548,#5549,#5550,#5551));
#3238=AXIS2_PLACEMENT_3D('',#5552,#5553,#5554);
#3239=SURFACE_SIDE_STYLE('',(#5555));
#3240=EDGE_LOOP('',(#5556,#5557,#5558,#5559));
#3241=AXIS2_PLACEMENT_3D('',#5560,#5561,#5562);
#3242=SURFACE_SIDE_STYLE('',(#5563));
#3243=EDGE_LOOP('',(#5564,#5565,#5566,#5567));
#3244=AXIS2_PLACEMENT_3D('',#5568,#5569,#5570);
#3245=SURFACE_SIDE_STYLE('',(#5571));
#3246=EDGE_LOOP('',(#5572,#5573));
#3247=EDGE_LOOP('',(#5574,#5575,#5576,#5577,#5578,#5579));
#3248=AXIS2_PLACEMENT_3D('',#5580,#5581,#5582);
#3249=SURFACE_SIDE_STYLE('',(#5583));
#3250=EDGE_LOOP('',(#5584,#5585,#5586,#5587));
#3251=AXIS2_PLACEMENT_3D('',#5588,#5589,#5590);
#3252=SURFACE_SIDE_STYLE('',(#5591));
#3253=EDGE_LOOP('',(#5592,#5593,#5594,#5595));
#3254=EDGE_LOOP('',(#5596,#5597,#5598,#5599));
#3255=AXIS2_PLACEMENT_3D('',#5600,#5601,#5602);
#3256=SURFACE_SIDE_STYLE('',(#5603));
#3257=EDGE_LOOP('',(#5604,#5605,#5606,#5607));
#3258=AXIS2_PLACEMENT_3D('',#5608,#5609,#5610);
#3259=SURFACE_SIDE_STYLE('',(#5611));
#3260=EDGE_LOOP('',(#5612,#5613,#5614,#5615,#5616,#5617,#5618,#5619));
#3261=AXIS2_PLACEMENT_3D('',#5620,#5621,#5622);
#3262=SURFACE_SIDE_STYLE('',(#5623));
#3263=EDGE_LOOP('',(#5624,#5625,#5626,#5627));
#3264=AXIS2_PLACEMENT_3D('',#5628,#5629,#5630);
#3265=SURFACE_SIDE_STYLE('',(#5631));
#3266=EDGE_LOOP('',(#5632,#5633,#5634,#5635));
#3267=AXIS2_PLACEMENT_3D('',#5636,#5637,#5638);
#3268=SURFACE_SIDE_STYLE('',(#5639));
#3269=EDGE_LOOP('',(#5640,#5641,#5642,#5643));
#3270=AXIS2_PLACEMENT_3D('',#5644,#5645,#5646);
#3271=SURFACE_SIDE_STYLE('',(#5647));
#3272=EDGE_LOOP('',(#5648,#5649,#5650,#5651));
#3273=AXIS2_PLACEMENT_3D('',#5652,#5653,#5654);
#3274=SURFACE_SIDE_STYLE('',(#5655));
#3275=EDGE_LOOP('',(#5656,#5657,#5658,#5659));
#3276=AXIS2_PLACEMENT_3D('',#5660,#5661,#5662);
#3277=SURFACE_SIDE_STYLE('',(#5663));
#3278=EDGE_LOOP('',(#5664,#5665,#5666,#5667));
#3279=AXIS2_PLACEMENT_3D('',#5668,#5669,#5670);
#3280=SURFACE_SIDE_STYLE('',(#5671));
#3281=EDGE_LOOP('',(#5672,#5673,#5674,#5675));
#3282=AXIS2_PLACEMENT_3D('',#5676,#5677,#5678);
#3283=SURFACE_SIDE_STYLE('',(#5679));
#3284=EDGE_LOOP('',(#5680,#5681,#5682,#5683,#5684,#5685,#5686,#5687));
#3285=AXIS2_PLACEMENT_3D('',#5688,#5689,#5690);
#3286=SURFACE_SIDE_STYLE('',(#5691));
#3287=EDGE_LOOP('',(#5692,#5693,#5694,#5695));
#3288=AXIS2_PLACEMENT_3D('',#5696,#5697,#5698);
#3289=SURFACE_SIDE_STYLE('',(#5699));
#3290=EDGE_LOOP('',(#5700,#5701,#5702,#5703));
#3291=AXIS2_PLACEMENT_3D('',#5704,#5705,#5706);
#3292=SURFACE_SIDE_STYLE('',(#5707));
#3293=EDGE_LOOP('',(#5708,#5709,#5710,#5711));
#3294=AXIS2_PLACEMENT_3D('',#5712,#5713,#5714);
#3295=SURFACE_SIDE_STYLE('',(#5715));
#3296=EDGE_LOOP('',(#5716,#5717));
#3297=EDGE_LOOP('',(#5718,#5719,#5720,#5721,#5722,#5723));
#3298=AXIS2_PLACEMENT_3D('',#5724,#5725,#5726);
#3299=SURFACE_SIDE_STYLE('',(#5727));
#3300=EDGE_LOOP('',(#5728,#5729,#5730,#5731));
#3301=AXIS2_PLACEMENT_3D('',#5732,#5733,#5734);
#3302=SURFACE_SIDE_STYLE('',(#5735));
#3303=EDGE_LOOP('',(#5736,#5737,#5738,#5739,#5740,#5741,#5742,#5743,#5744));
#3304=AXIS2_PLACEMENT_3D('',#5745,#5746,#5747);
#3305=SURFACE_SIDE_STYLE('',(#5748));
#3306=EDGE_LOOP('',(#5749,#5750,#5751,#5752));
#3307=AXIS2_PLACEMENT_3D('',#5753,#5754,#5755);
#3308=SURFACE_SIDE_STYLE('',(#5756));
#3309=EDGE_LOOP('',(#5757,#5758,#5759,#5760));
#3310=AXIS2_PLACEMENT_3D('',#5761,#5762,#5763);
#3311=SURFACE_SIDE_STYLE('',(#5764));
#3312=EDGE_LOOP('',(#5765,#5766,#5767,#5768));
#3313=AXIS2_PLACEMENT_3D('',#5769,#5770,#5771);
#3314=SURFACE_SIDE_STYLE('',(#5772));
#3315=EDGE_LOOP('',(#5773,#5774,#5775,#5776));
#3316=AXIS2_PLACEMENT_3D('',#5777,#5778,#5779);
#3317=SURFACE_SIDE_STYLE('',(#5780));
#3318=EDGE_LOOP('',(#5781,#5782,#5783,#5784));
#3319=AXIS2_PLACEMENT_3D('',#5785,#5786,#5787);
#3320=SURFACE_SIDE_STYLE('',(#5788));
#3321=EDGE_LOOP('',(#5789,#5790,#5791,#5792));
#3322=AXIS2_PLACEMENT_3D('',#5793,#5794,#5795);
#3323=SURFACE_SIDE_STYLE('',(#5796));
#3324=EDGE_LOOP('',(#5797,#5798,#5799,#5800,#5801,#5802,#5803,#5804,#5805));
#3325=AXIS2_PLACEMENT_3D('',#5806,#5807,#5808);
#3326=SURFACE_SIDE_STYLE('',(#5809));
#3327=EDGE_LOOP('',(#5810,#5811,#5812,#5813,#5814,#5815));
#3328=EDGE_LOOP('',(#5816,#5817,#5818,#5819,#5820,#5821));
#3329=EDGE_LOOP('',(#5822,#5823,#5824,#5825,#5826,#5827));
#3330=EDGE_LOOP('',(#5828,#5829,#5830,#5831,#5832,#5833));
#3331=EDGE_LOOP('',(#5834,#5835,#5836,#5837,#5838,#5839));
#3332=EDGE_LOOP('',(#5840,#5841,#5842,#5843,#5844,#5845));
#3333=EDGE_LOOP('',(#5846,#5847,#5848,#5849,#5850,#5851,#5852,#5853,#5854,#5855,#5856,#5857,#5858,#5859,#5860,#5861,#5862,#5863,#5864,#5865,#5866,#5867,#5868,#5869,#5870,#5871,#5872,#5873,#5874,#5875,#5876,#5877,#5878,#5879,#5880,#5881,#5882,#5883,#5884,#5885,#5886,#5887,#5888,#5889,#5890,#5891,#5892,#5893,#5894,#5895,#5896,#5897));
#3334=AXIS2_PLACEMENT_3D('',#5898,#5899,#5900);
#3335=SURFACE_SIDE_STYLE('',(#5901));
#3336=EDGE_LOOP('',(#5902,#5903,#5904,#5905));
#3337=AXIS2_PLACEMENT_3D('',#5906,#5907,#5908);
#3338=SURFACE_SIDE_STYLE('',(#5909));
#3339=EDGE_LOOP('',(#5910,#5911,#5912,#5913,#5914,#5915,#5916,#5917,#5918));
#3340=AXIS2_PLACEMENT_3D('',#5919,#5920,#5921);
#3341=SURFACE_SIDE_STYLE('',(#5922));
#3342=EDGE_LOOP('',(#5923,#5924,#5925,#5926));
#3343=AXIS2_PLACEMENT_3D('',#5927,#5928,#5929);
#3344=SURFACE_SIDE_STYLE('',(#5930));
#3345=EDGE_LOOP('',(#5931,#5932,#5933,#5934));
#3346=AXIS2_PLACEMENT_3D('',#5935,#5936,#5937);
#3347=SURFACE_SIDE_STYLE('',(#5938));
#3348=EDGE_LOOP('',(#5939,#5940,#5941,#5942));
#3349=AXIS2_PLACEMENT_3D('',#5943,#5944,#5945);
#3350=SURFACE_SIDE_STYLE('',(#5946));
#3351=EDGE_LOOP('',(#5947,#5948,#5949,#5950));
#3352=AXIS2_PLACEMENT_3D('',#5951,#5952,#5953);
#3353=SURFACE_SIDE_STYLE('',(#5954));
#3354=EDGE_LOOP('',(#5955,#5956,#5957,#5958));
#3355=AXIS2_PLACEMENT_3D('',#5959,#5960,#5961);
#3356=SURFACE_SIDE_STYLE('',(#5962));
#3357=EDGE_LOOP('',(#5963,#5964,#5965,#5966));
#3358=AXIS2_PLACEMENT_3D('',#5967,#5968,#5969);
#3359=SURFACE_SIDE_STYLE('',(#5970));
#3360=EDGE_LOOP('',(#5971,#5972,#5973,#5974,#5975,#5976,#5977,#5978,#5979));
#3361=AXIS2_PLACEMENT_3D('',#5980,#5981,#5982);
#3362=SURFACE_SIDE_STYLE('',(#5983));
#3363=EDGE_LOOP('',(#5984,#5985,#5986,#5987));
#3364=AXIS2_PLACEMENT_3D('',#5988,#5989,#5990);
#3365=SURFACE_SIDE_STYLE('',(#5991));
#3366=EDGE_LOOP('',(#5992,#5993,#5994,#5995,#5996,#5997,#5998,#5999,#6000));
#3367=AXIS2_PLACEMENT_3D('',#6001,#6002,#6003);
#3368=SURFACE_SIDE_STYLE('',(#6004));
#3369=EDGE_LOOP('',(#6005,#6006,#6007,#6008));
#3370=AXIS2_PLACEMENT_3D('',#6009,#6010,#6011);
#3371=SURFACE_SIDE_STYLE('',(#6012));
#3372=EDGE_LOOP('',(#6013,#6014,#6015,#6016));
#3373=AXIS2_PLACEMENT_3D('',#6017,#6018,#6019);
#3374=SURFACE_SIDE_STYLE('',(#6020));
#3375=EDGE_LOOP('',(#6021,#6022,#6023,#6024));
#3376=AXIS2_PLACEMENT_3D('',#6025,#6026,#6027);
#3377=SURFACE_SIDE_STYLE('',(#6028));
#3378=EDGE_LOOP('',(#6029,#6030,#6031,#6032));
#3379=AXIS2_PLACEMENT_3D('',#6033,#6034,#6035);
#3380=SURFACE_SIDE_STYLE('',(#6036));
#3381=EDGE_LOOP('',(#6037,#6038,#6039,#6040));
#3382=AXIS2_PLACEMENT_3D('',#6041,#6042,#6043);
#3383=SURFACE_SIDE_STYLE('',(#6044));
#3384=EDGE_LOOP('',(#6045,#6046,#6047,#6048));
#3385=AXIS2_PLACEMENT_3D('',#6049,#6050,#6051);
#3386=SURFACE_SIDE_STYLE('',(#6052));
#3387=EDGE_LOOP('',(#6053,#6054,#6055,#6056,#6057,#6058,#6059,#6060,#6061));
#3388=AXIS2_PLACEMENT_3D('',#6062,#6063,#6064);
#3389=SURFACE_SIDE_STYLE('',(#6065));
#3390=EDGE_LOOP('',(#6066,#6067,#6068,#6069));
#3391=AXIS2_PLACEMENT_3D('',#6070,#6071,#6072);
#3392=SURFACE_SIDE_STYLE('',(#6073));
#3393=EDGE_LOOP('',(#6074,#6075,#6076,#6077,#6078,#6079,#6080,#6081,#6082));
#3394=AXIS2_PLACEMENT_3D('',#6083,#6084,#6085);
#3395=SURFACE_SIDE_STYLE('',(#6086));
#3396=EDGE_LOOP('',(#6087,#6088,#6089,#6090));
#3397=AXIS2_PLACEMENT_3D('',#6091,#6092,#6093);
#3398=SURFACE_SIDE_STYLE('',(#6094));
#3399=EDGE_LOOP('',(#6095,#6096,#6097,#6098));
#3400=AXIS2_PLACEMENT_3D('',#6099,#6100,#6101);
#3401=SURFACE_SIDE_STYLE('',(#6102));
#3402=EDGE_LOOP('',(#6103,#6104,#6105,#6106));
#3403=AXIS2_PLACEMENT_3D('',#6107,#6108,#6109);
#3404=SURFACE_SIDE_STYLE('',(#6110));
#3405=EDGE_LOOP('',(#6111,#6112,#6113,#6114));
#3406=AXIS2_PLACEMENT_3D('',#6115,#6116,#6117);
#3407=SURFACE_SIDE_STYLE('',(#6118));
#3408=EDGE_LOOP('',(#6119,#6120,#6121,#6122));
#3409=AXIS2_PLACEMENT_3D('',#6123,#6124,#6125);
#3410=SURFACE_SIDE_STYLE('',(#6126));
#3411=EDGE_LOOP('',(#6127,#6128,#6129,#6130));
#3412=AXIS2_PLACEMENT_3D('',#6131,#6132,#6133);
#3413=SURFACE_SIDE_STYLE('',(#6134));
#3414=EDGE_LOOP('',(#6135,#6136,#6137,#6138,#6139,#6140,#6141,#6142,#6143));
#3415=AXIS2_PLACEMENT_3D('',#6144,#6145,#6146);
#3416=SURFACE_SIDE_STYLE('',(#6147));
#3417=EDGE_LOOP('',(#6148,#6149,#6150,#6151));
#3418=AXIS2_PLACEMENT_3D('',#6152,#6153,#6154);
#3419=SURFACE_SIDE_STYLE('',(#6155));
#3420=EDGE_LOOP('',(#6156,#6157,#6158,#6159,#6160,#6161,#6162,#6163,#6164));
#3421=AXIS2_PLACEMENT_3D('',#6165,#6166,#6167);
#3422=SURFACE_SIDE_STYLE('',(#6168));
#3423=EDGE_LOOP('',(#6169,#6170,#6171,#6172));
#3424=AXIS2_PLACEMENT_3D('',#6173,#6174,#6175);
#3425=SURFACE_SIDE_STYLE('',(#6176));
#3426=EDGE_LOOP('',(#6177,#6178,#6179,#6180));
#3427=AXIS2_PLACEMENT_3D('',#6181,#6182,#6183);
#3428=SURFACE_SIDE_STYLE('',(#6184));
#3429=EDGE_LOOP('',(#6185,#6186,#6187,#6188));
#3430=AXIS2_PLACEMENT_3D('',#6189,#6190,#6191);
#3431=SURFACE_SIDE_STYLE('',(#6192));
#3432=EDGE_LOOP('',(#6193,#6194,#6195,#6196));
#3433=AXIS2_PLACEMENT_3D('',#6197,#6198,#6199);
#3434=SURFACE_SIDE_STYLE('',(#6200));
#3435=EDGE_LOOP('',(#6201,#6202,#6203,#6204));
#3436=AXIS2_PLACEMENT_3D('',#6205,#6206,#6207);
#3437=SURFACE_SIDE_STYLE('',(#6208));
#3438=EDGE_LOOP('',(#6209,#6210,#6211,#6212));
#3439=AXIS2_PLACEMENT_3D('',#6213,#6214,#6215);
#3440=SURFACE_SIDE_STYLE('',(#6216));
#3441=EDGE_LOOP('',(#6217,#6218,#6219,#6220,#6221,#6222,#6223,#6224,#6225));
#3442=AXIS2_PLACEMENT_3D('',#6226,#6227,#6228);
#3443=SURFACE_SIDE_STYLE('',(#6229));
#3444=EDGE_LOOP('',(#6230,#6231,#6232,#6233));
#3445=AXIS2_PLACEMENT_3D('',#6234,#6235,#6236);
#3446=SURFACE_SIDE_STYLE('',(#6237));
#3447=EDGE_LOOP('',(#6238,#6239,#6240,#6241,#6242,#6243,#6244,#6245,#6246));
#3448=AXIS2_PLACEMENT_3D('',#6247,#6248,#6249);
#3449=SURFACE_SIDE_STYLE('',(#6250));
#3450=EDGE_LOOP('',(#6251,#6252,#6253,#6254));
#3451=AXIS2_PLACEMENT_3D('',#6255,#6256,#6257);
#3452=SURFACE_SIDE_STYLE('',(#6258));
#3453=EDGE_LOOP('',(#6259,#6260,#6261,#6262));
#3454=AXIS2_PLACEMENT_3D('',#6263,#6264,#6265);
#3455=SURFACE_SIDE_STYLE('',(#6266));
#3456=EDGE_LOOP('',(#6267,#6268,#6269,#6270));
#3457=AXIS2_PLACEMENT_3D('',#6271,#6272,#6273);
#3458=SURFACE_SIDE_STYLE('',(#6274));
#3459=EDGE_LOOP('',(#6275,#6276,#6277,#6278));
#3460=AXIS2_PLACEMENT_3D('',#6279,#6280,#6281);
#3461=SURFACE_SIDE_STYLE('',(#6282));
#3462=EDGE_LOOP('',(#6283,#6284,#6285,#6286));
#3463=AXIS2_PLACEMENT_3D('',#6287,#6288,#6289);
#3464=SURFACE_SIDE_STYLE('',(#6290));
#3465=EDGE_LOOP('',(#6291,#6292,#6293,#6294));
#3466=AXIS2_PLACEMENT_3D('',#6295,#6296,#6297);
#3467=SURFACE_SIDE_STYLE('',(#6298));
#3468=EDGE_LOOP('',(#6299,#6300,#6301,#6302,#6303,#6304,#6305,#6306,#6307));
#3469=AXIS2_PLACEMENT_3D('',#6308,#6309,#6310);
#3470=SURFACE_SIDE_STYLE('',(#6311));
#3471=EDGE_LOOP('',(#6312,#6313,#6314,#6315));
#3472=AXIS2_PLACEMENT_3D('',#6316,#6317,#6318);
#3473=SURFACE_SIDE_STYLE('',(#6319));
#3474=EDGE_LOOP('',(#6320,#6321,#6322,#6323,#6324,#6325,#6326,#6327,#6328));
#3475=AXIS2_PLACEMENT_3D('',#6329,#6330,#6331);
#3476=SURFACE_SIDE_STYLE('',(#6332));
#3477=EDGE_LOOP('',(#6333,#6334,#6335,#6336));
#3478=AXIS2_PLACEMENT_3D('',#6337,#6338,#6339);
#3479=SURFACE_SIDE_STYLE('',(#6340));
#3480=EDGE_LOOP('',(#6341,#6342,#6343,#6344));
#3481=AXIS2_PLACEMENT_3D('',#6345,#6346,#6347);
#3482=SURFACE_SIDE_STYLE('',(#6348));
#3483=EDGE_LOOP('',(#6349,#6350,#6351,#6352));
#3484=AXIS2_PLACEMENT_3D('',#6353,#6354,#6355);
#3485=SURFACE_SIDE_STYLE('',(#6356));
#3486=EDGE_LOOP('',(#6357,#6358,#6359,#6360));
#3487=AXIS2_PLACEMENT_3D('',#6361,#6362,#6363);
#3488=SURFACE_SIDE_STYLE('',(#6364));
#3489=EDGE_LOOP('',(#6365,#6366,#6367,#6368));
#3490=AXIS2_PLACEMENT_3D('',#6369,#6370,#6371);
#3491=SURFACE_SIDE_STYLE('',(#6372));
#3492=EDGE_LOOP('',(#6373,#6374,#6375,#6376));
#3493=AXIS2_PLACEMENT_3D('',#6377,#6378,#6379);
#3494=SURFACE_SIDE_STYLE('',(#6380));
#3495=EDGE_LOOP('',(#6381,#6382,#6383,#6384,#6385,#6386,#6387,#6388,#6389));
#3496=AXIS2_PLACEMENT_3D('',#6390,#6391,#6392);
#3497=SURFACE_SIDE_STYLE('',(#6393));
#3498=EDGE_LOOP('',(#6394,#6395,#6396,#6397));
#3499=AXIS2_PLACEMENT_3D('',#6398,#6399,#6400);
#3500=SURFACE_SIDE_STYLE('',(#6401));
#3501=EDGE_LOOP('',(#6402,#6403,#6404,#6405,#6406,#6407,#6408,#6409,#6410));
#3502=AXIS2_PLACEMENT_3D('',#6411,#6412,#6413);
#3503=SURFACE_SIDE_STYLE('',(#6414));
#3504=EDGE_LOOP('',(#6415,#6416,#6417,#6418));
#3505=AXIS2_PLACEMENT_3D('',#6419,#6420,#6421);
#3506=SURFACE_SIDE_STYLE('',(#6422));
#3507=EDGE_LOOP('',(#6423,#6424,#6425,#6426));
#3508=AXIS2_PLACEMENT_3D('',#6427,#6428,#6429);
#3509=SURFACE_SIDE_STYLE('',(#6430));
#3510=EDGE_LOOP('',(#6431,#6432,#6433,#6434));
#3511=AXIS2_PLACEMENT_3D('',#6435,#6436,#6437);
#3512=SURFACE_SIDE_STYLE('',(#6438));
#3513=EDGE_LOOP('',(#6439,#6440,#6441,#6442));
#3514=AXIS2_PLACEMENT_3D('',#6443,#6444,#6445);
#3515=SURFACE_SIDE_STYLE('',(#6446));
#3516=EDGE_LOOP('',(#6447,#6448,#6449,#6450));
#3517=AXIS2_PLACEMENT_3D('',#6451,#6452,#6453);
#3518=SURFACE_SIDE_STYLE('',(#6454));
#3519=EDGE_LOOP('',(#6455,#6456,#6457,#6458));
#3520=AXIS2_PLACEMENT_3D('',#6459,#6460,#6461);
#3521=SURFACE_SIDE_STYLE('',(#6462));
#3522=EDGE_LOOP('',(#6463,#6464,#6465,#6466,#6467,#6468,#6469,#6470,#6471));
#3523=AXIS2_PLACEMENT_3D('',#6472,#6473,#6474);
#3524=SURFACE_SIDE_STYLE('',(#6475));
#3525=EDGE_LOOP('',(#6476,#6477,#6478,#6479));
#3526=AXIS2_PLACEMENT_3D('',#6480,#6481,#6482);
#3527=SURFACE_SIDE_STYLE('',(#6483));
#3528=EDGE_LOOP('',(#6484,#6485,#6486,#6487,#6488,#6489,#6490,#6491,#6492));
#3529=AXIS2_PLACEMENT_3D('',#6493,#6494,#6495);
#3530=SURFACE_SIDE_STYLE('',(#6496));
#3531=EDGE_LOOP('',(#6497,#6498,#6499,#6500));
#3532=AXIS2_PLACEMENT_3D('',#6501,#6502,#6503);
#3533=SURFACE_SIDE_STYLE('',(#6504));
#3534=EDGE_LOOP('',(#6505,#6506,#6507,#6508));
#3535=AXIS2_PLACEMENT_3D('',#6509,#6510,#6511);
#3536=SURFACE_SIDE_STYLE('',(#6512));
#3537=EDGE_LOOP('',(#6513,#6514,#6515,#6516));
#3538=AXIS2_PLACEMENT_3D('',#6517,#6518,#6519);
#3539=SURFACE_SIDE_STYLE('',(#6520));
#3540=EDGE_LOOP('',(#6521,#6522,#6523,#6524));
#3541=AXIS2_PLACEMENT_3D('',#6525,#6526,#6527);
#3542=SURFACE_SIDE_STYLE('',(#6528));
#3543=EDGE_LOOP('',(#6529,#6530,#6531,#6532));
#3544=AXIS2_PLACEMENT_3D('',#6533,#6534,#6535);
#3545=SURFACE_SIDE_STYLE('',(#6536));
#3546=EDGE_LOOP('',(#6537,#6538,#6539,#6540));
#3547=AXIS2_PLACEMENT_3D('',#6541,#6542,#6543);
#3548=SURFACE_SIDE_STYLE('',(#6544));
#3549=EDGE_LOOP('',(#6545,#6546,#6547,#6548,#6549,#6550,#6551,#6552,#6553));
#3550=AXIS2_PLACEMENT_3D('',#6554,#6555,#6556);
#3551=SURFACE_SIDE_STYLE('',(#6557));
#3552=EDGE_LOOP('',(#6558,#6559,#6560,#6561));
#3553=AXIS2_PLACEMENT_3D('',#6562,#6563,#6564);
#3554=SURFACE_SIDE_STYLE('',(#6565));
#3555=EDGE_LOOP('',(#6566,#6567,#6568,#6569,#6570,#6571,#6572,#6573,#6574));
#3556=AXIS2_PLACEMENT_3D('',#6575,#6576,#6577);
#3557=SURFACE_SIDE_STYLE('',(#6578));
#3558=EDGE_LOOP('',(#6579,#6580,#6581,#6582));
#3559=AXIS2_PLACEMENT_3D('',#6583,#6584,#6585);
#3560=SURFACE_SIDE_STYLE('',(#6586));
#3561=EDGE_LOOP('',(#6587,#6588,#6589,#6590));
#3562=AXIS2_PLACEMENT_3D('',#6591,#6592,#6593);
#3563=SURFACE_SIDE_STYLE('',(#6594));
#3564=EDGE_LOOP('',(#6595,#6596,#6597,#6598));
#3565=AXIS2_PLACEMENT_3D('',#6599,#6600,#6601);
#3566=SURFACE_SIDE_STYLE('',(#6602));
#3567=EDGE_LOOP('',(#6603,#6604,#6605,#6606));
#3568=AXIS2_PLACEMENT_3D('',#6607,#6608,#6609);
#3569=SURFACE_SIDE_STYLE('',(#6610));
#3570=EDGE_LOOP('',(#6611,#6612,#6613,#6614));
#3571=AXIS2_PLACEMENT_3D('',#6615,#6616,#6617);
#3572=SURFACE_SIDE_STYLE('',(#6618));
#3573=EDGE_LOOP('',(#6619,#6620,#6621,#6622));
#3574=AXIS2_PLACEMENT_3D('',#6623,#6624,#6625);
#3575=SURFACE_SIDE_STYLE('',(#6626));
#3576=EDGE_LOOP('',(#6627,#6628,#6629,#6630,#6631,#6632,#6633,#6634,#6635));
#3577=AXIS2_PLACEMENT_3D('',#6636,#6637,#6638);
#3578=SURFACE_SIDE_STYLE('',(#6639));
#3579=EDGE_LOOP('',(#6640,#6641,#6642,#6643));
#3580=AXIS2_PLACEMENT_3D('',#6644,#6645,#6646);
#3581=SURFACE_SIDE_STYLE('',(#6647));
#3582=EDGE_LOOP('',(#6648,#6649,#6650,#6651,#6652,#6653,#6654,#6655,#6656));
#3583=AXIS2_PLACEMENT_3D('',#6657,#6658,#6659);
#3584=SURFACE_SIDE_STYLE('',(#6660));
#3585=EDGE_LOOP('',(#6661,#6662,#6663,#6664));
#3586=AXIS2_PLACEMENT_3D('',#6665,#6666,#6667);
#3587=SURFACE_SIDE_STYLE('',(#6668));
#3588=EDGE_LOOP('',(#6669,#6670,#6671,#6672));
#3589=AXIS2_PLACEMENT_3D('',#6673,#6674,#6675);
#3590=SURFACE_SIDE_STYLE('',(#6676));
#3591=EDGE_LOOP('',(#6677,#6678,#6679,#6680));
#3592=AXIS2_PLACEMENT_3D('',#6681,#6682,#6683);
#3593=SURFACE_SIDE_STYLE('',(#6684));
#3594=EDGE_LOOP('',(#6685,#6686,#6687,#6688));
#3595=AXIS2_PLACEMENT_3D('',#6689,#6690,#6691);
#3596=SURFACE_SIDE_STYLE('',(#6692));
#3597=EDGE_LOOP('',(#6693,#6694,#6695,#6696));
#3598=AXIS2_PLACEMENT_3D('',#6697,#6698,#6699);
#3599=SURFACE_SIDE_STYLE('',(#6700));
#3600=EDGE_LOOP('',(#6701,#6702,#6703,#6704));
#3601=AXIS2_PLACEMENT_3D('',#6705,#6706,#6707);
#3602=SURFACE_SIDE_STYLE('',(#6708));
#3603=EDGE_LOOP('',(#6709,#6710,#6711,#6712,#6713,#6714,#6715,#6716,#6717));
#3604=AXIS2_PLACEMENT_3D('',#6718,#6719,#6720);
#3605=SURFACE_SIDE_STYLE('',(#6721));
#3606=EDGE_LOOP('',(#6722,#6723,#6724,#6725));
#3607=AXIS2_PLACEMENT_3D('',#6726,#6727,#6728);
#3608=SURFACE_SIDE_STYLE('',(#6729));
#3609=EDGE_LOOP('',(#6730,#6731,#6732,#6733,#6734,#6735,#6736,#6737,#6738));
#3610=AXIS2_PLACEMENT_3D('',#6739,#6740,#6741);
#3611=SURFACE_SIDE_STYLE('',(#6742));
#3612=EDGE_LOOP('',(#6743,#6744,#6745,#6746));
#3613=AXIS2_PLACEMENT_3D('',#6747,#6748,#6749);
#3614=SURFACE_SIDE_STYLE('',(#6750));
#3615=EDGE_LOOP('',(#6751,#6752,#6753,#6754));
#3616=AXIS2_PLACEMENT_3D('',#6755,#6756,#6757);
#3617=SURFACE_SIDE_STYLE('',(#6758));
#3618=EDGE_LOOP('',(#6759,#6760,#6761,#6762));
#3619=AXIS2_PLACEMENT_3D('',#6763,#6764,#6765);
#3620=SURFACE_SIDE_STYLE('',(#6766));
#3621=EDGE_LOOP('',(#6767,#6768,#6769,#6770));
#3622=AXIS2_PLACEMENT_3D('',#6771,#6772,#6773);
#3623=SURFACE_SIDE_STYLE('',(#6774));
#3624=EDGE_LOOP('',(#6775,#6776,#6777,#6778));
#3625=AXIS2_PLACEMENT_3D('',#6779,#6780,#6781);
#3626=SURFACE_SIDE_STYLE('',(#6782));
#3627=EDGE_LOOP('',(#6783,#6784,#6785,#6786));
#3628=AXIS2_PLACEMENT_3D('',#6787,#6788,#6789);
#3629=SURFACE_SIDE_STYLE('',(#6790));
#3630=EDGE_LOOP('',(#6791,#6792,#6793,#6794,#6795,#6796,#6797,#6798,#6799));
#3631=AXIS2_PLACEMENT_3D('',#6800,#6801,#6802);
#3632=SURFACE_SIDE_STYLE('',(#6803));
#3633=EDGE_LOOP('',(#6804,#6805,#6806,#6807,#6808,#6809,#6810));
#3634=AXIS2_PLACEMENT_3D('',#6811,#6812,#6813);
#3635=SURFACE_SIDE_STYLE('',(#6814));
#3636=EDGE_LOOP('',(#6815,#6816,#6817,#6818));
#3637=AXIS2_PLACEMENT_3D('',#6819,#6820,#6821);
#3638=SURFACE_SIDE_STYLE('',(#6822));
#3639=EDGE_LOOP('',(#6823,#6824,#6825,#6826,#6827,#6828,#6829));
#3640=AXIS2_PLACEMENT_3D('',#6830,#6831,#6832);
#3641=SURFACE_SIDE_STYLE('',(#6833));
#3642=EDGE_LOOP('',(#6834,#6835,#6836,#6837));
#3643=AXIS2_PLACEMENT_3D('',#6838,#6839,#6840);
#3644=SURFACE_SIDE_STYLE('',(#6841));
#3645=EDGE_LOOP('',(#6842,#6843,#6844,#6845));
#3646=AXIS2_PLACEMENT_3D('',#6846,#6847,#6848);
#3647=SURFACE_SIDE_STYLE('',(#6849));
#3648=EDGE_LOOP('',(#6850,#6851,#6852,#6853,#6854,#6855));
#3649=AXIS2_PLACEMENT_3D('',#6856,#6857,#6858);
#3650=SURFACE_SIDE_STYLE('',(#6859));
#3651=EDGE_LOOP('',(#6860,#6861,#6862,#6863));
#3652=AXIS2_PLACEMENT_3D('',#6864,#6865,#6866);
#3653=SURFACE_SIDE_STYLE('',(#6867));
#3654=EDGE_LOOP('',(#6868,#6869,#6870,#6871,#6872,#6873));
#3655=AXIS2_PLACEMENT_3D('',#6874,#6875,#6876);
#3656=SURFACE_SIDE_STYLE('',(#6877));
#3657=EDGE_LOOP('',(#6878,#6879,#6880,#6881));
#3658=AXIS2_PLACEMENT_3D('',#6882,#6883,#6884);
#3659=SURFACE_SIDE_STYLE('',(#6885));
#3660=EDGE_LOOP('',(#6886,#6887,#6888,#6889));
#3661=AXIS2_PLACEMENT_3D('',#6890,#6891,#6892);
#3662=SURFACE_SIDE_STYLE('',(#6893));
#3663=EDGE_LOOP('',(#6894,#6895,#6896,#6897));
#3664=AXIS2_PLACEMENT_3D('',#6898,#6899,#6900);
#3665=SURFACE_SIDE_STYLE('',(#6901));
#3666=EDGE_LOOP('',(#6902,#6903,#6904,#6905,#6906,#6907,#6908));
#3667=AXIS2_PLACEMENT_3D('',#6909,#6910,#6911);
#3668=SURFACE_SIDE_STYLE('',(#6912));
#3669=EDGE_LOOP('',(#6913,#6914,#6915,#6916));
#3670=AXIS2_PLACEMENT_3D('',#6917,#6918,#6919);
#3671=SURFACE_SIDE_STYLE('',(#6920));
#3672=EDGE_LOOP('',(#6921,#6922,#6923,#6924,#6925,#6926,#6927));
#3673=AXIS2_PLACEMENT_3D('',#6928,#6929,#6930);
#3674=SURFACE_SIDE_STYLE('',(#6931));
#3675=EDGE_LOOP('',(#6932,#6933,#6934,#6935));
#3676=AXIS2_PLACEMENT_3D('',#6936,#6937,#6938);
#3677=SURFACE_SIDE_STYLE('',(#6939));
#3678=EDGE_LOOP('',(#6940,#6941,#6942,#6943));
#3679=AXIS2_PLACEMENT_3D('',#6944,#6945,#6946);
#3680=SURFACE_SIDE_STYLE('',(#6947));
#3681=EDGE_LOOP('',(#6948,#6949,#6950,#6951,#6952,#6953));
#3682=AXIS2_PLACEMENT_3D('',#6954,#6955,#6956);
#3683=SURFACE_SIDE_STYLE('',(#6957));
#3684=EDGE_LOOP('',(#6958,#6959,#6960,#6961));
#3685=AXIS2_PLACEMENT_3D('',#6962,#6963,#6964);
#3686=SURFACE_SIDE_STYLE('',(#6965));
#3687=EDGE_LOOP('',(#6966,#6967,#6968,#6969,#6970,#6971));
#3688=AXIS2_PLACEMENT_3D('',#6972,#6973,#6974);
#3689=SURFACE_SIDE_STYLE('',(#6975));
#3690=EDGE_LOOP('',(#6976,#6977,#6978,#6979));
#3691=AXIS2_PLACEMENT_3D('',#6980,#6981,#6982);
#3692=SURFACE_SIDE_STYLE('',(#6983));
#3693=EDGE_LOOP('',(#6984,#6985,#6986,#6987));
#3694=AXIS2_PLACEMENT_3D('',#6988,#6989,#6990);
#3695=SURFACE_SIDE_STYLE('',(#6991));
#3696=EDGE_LOOP('',(#6992,#6993,#6994,#6995,#6996,#6997,#6998));
#3697=AXIS2_PLACEMENT_3D('',#6999,#7000,#7001);
#3698=SURFACE_SIDE_STYLE('',(#7002));
#3699=EDGE_LOOP('',(#7003,#7004,#7005,#7006));
#3700=AXIS2_PLACEMENT_3D('',#7007,#7008,#7009);
#3701=SURFACE_SIDE_STYLE('',(#7010));
#3702=EDGE_LOOP('',(#7011,#7012,#7013,#7014,#7015,#7016,#7017));
#3703=AXIS2_PLACEMENT_3D('',#7018,#7019,#7020);
#3704=SURFACE_SIDE_STYLE('',(#7021));
#3705=EDGE_LOOP('',(#7022,#7023,#7024,#7025));
#3706=AXIS2_PLACEMENT_3D('',#7026,#7027,#7028);
#3707=SURFACE_SIDE_STYLE('',(#7029));
#3708=EDGE_LOOP('',(#7030,#7031,#7032,#7033));
#3709=AXIS2_PLACEMENT_3D('',#7034,#7035,#7036);
#3710=SURFACE_SIDE_STYLE('',(#7037));
#3711=EDGE_LOOP('',(#7038,#7039,#7040,#7041,#7042,#7043));
#3712=AXIS2_PLACEMENT_3D('',#7044,#7045,#7046);
#3713=SURFACE_SIDE_STYLE('',(#7047));
#3714=EDGE_LOOP('',(#7048,#7049,#7050,#7051));
#3715=AXIS2_PLACEMENT_3D('',#7052,#7053,#7054);
#3716=SURFACE_SIDE_STYLE('',(#7055));
#3717=EDGE_LOOP('',(#7056,#7057,#7058,#7059,#7060,#7061));
#3718=AXIS2_PLACEMENT_3D('',#7062,#7063,#7064);
#3719=SURFACE_SIDE_STYLE('',(#7065));
#3720=EDGE_LOOP('',(#7066,#7067,#7068,#7069));
#3721=AXIS2_PLACEMENT_3D('',#7070,#7071,#7072);
#3722=SURFACE_SIDE_STYLE('',(#7073));
#3723=EDGE_LOOP('',(#7074,#7075,#7076,#7077));
#3724=AXIS2_PLACEMENT_3D('',#7078,#7079,#7080);
#3725=SURFACE_SIDE_STYLE('',(#7081));
#3726=EDGE_LOOP('',(#7082,#7083,#7084,#7085,#7086,#7087,#7088));
#3727=AXIS2_PLACEMENT_3D('',#7089,#7090,#7091);
#3728=SURFACE_SIDE_STYLE('',(#7092));
#3729=EDGE_LOOP('',(#7093,#7094,#7095,#7096));
#3730=AXIS2_PLACEMENT_3D('',#7097,#7098,#7099);
#3731=SURFACE_SIDE_STYLE('',(#7100));
#3732=EDGE_LOOP('',(#7101,#7102,#7103,#7104,#7105,#7106,#7107));
#3733=AXIS2_PLACEMENT_3D('',#7108,#7109,#7110);
#3734=SURFACE_SIDE_STYLE('',(#7111));
#3735=EDGE_LOOP('',(#7112,#7113,#7114,#7115));
#3736=AXIS2_PLACEMENT_3D('',#7116,#7117,#7118);
#3737=SURFACE_SIDE_STYLE('',(#7119));
#3738=EDGE_LOOP('',(#7120,#7121,#7122,#7123));
#3739=AXIS2_PLACEMENT_3D('',#7124,#7125,#7126);
#3740=SURFACE_SIDE_STYLE('',(#7127));
#3741=EDGE_LOOP('',(#7128,#7129,#7130,#7131,#7132,#7133));
#3742=AXIS2_PLACEMENT_3D('',#7134,#7135,#7136);
#3743=SURFACE_SIDE_STYLE('',(#7137));
#3744=EDGE_LOOP('',(#7138,#7139,#7140,#7141));
#3745=AXIS2_PLACEMENT_3D('',#7142,#7143,#7144);
#3746=SURFACE_SIDE_STYLE('',(#7145));
#3747=EDGE_LOOP('',(#7146,#7147,#7148,#7149,#7150,#7151));
#3748=AXIS2_PLACEMENT_3D('',#7152,#7153,#7154);
#3749=SURFACE_SIDE_STYLE('',(#7155));
#3750=EDGE_LOOP('',(#7156,#7157,#7158,#7159));
#3751=AXIS2_PLACEMENT_3D('',#7160,#7161,#7162);
#3752=SURFACE_SIDE_STYLE('',(#7163));
#3753=EDGE_LOOP('',(#7164,#7165,#7166,#7167));
#3754=AXIS2_PLACEMENT_3D('',#7168,#7169,#7170);
#3755=SURFACE_SIDE_STYLE('',(#7171));
#3756=EDGE_LOOP('',(#7172,#7173,#7174,#7175,#7176,#7177,#7178));
#3757=AXIS2_PLACEMENT_3D('',#7179,#7180,#7181);
#3758=SURFACE_SIDE_STYLE('',(#7182));
#3759=EDGE_LOOP('',(#7183,#7184,#7185,#7186));
#3760=AXIS2_PLACEMENT_3D('',#7187,#7188,#7189);
#3761=SURFACE_SIDE_STYLE('',(#7190));
#3762=EDGE_LOOP('',(#7191,#7192,#7193,#7194,#7195,#7196,#7197));
#3763=AXIS2_PLACEMENT_3D('',#7198,#7199,#7200);
#3764=SURFACE_SIDE_STYLE('',(#7201));
#3765=EDGE_LOOP('',(#7202,#7203,#7204,#7205));
#3766=AXIS2_PLACEMENT_3D('',#7206,#7207,#7208);
#3767=SURFACE_SIDE_STYLE('',(#7209));
#3768=EDGE_LOOP('',(#7210,#7211,#7212,#7213));
#3769=AXIS2_PLACEMENT_3D('',#7214,#7215,#7216);
#3770=SURFACE_SIDE_STYLE('',(#7217));
#3771=EDGE_LOOP('',(#7218,#7219,#7220,#7221,#7222,#7223));
#3772=AXIS2_PLACEMENT_3D('',#7224,#7225,#7226);
#3773=SURFACE_SIDE_STYLE('',(#7227));
#3774=EDGE_LOOP('',(#7228,#7229,#7230,#7231));
#3775=AXIS2_PLACEMENT_3D('',#7232,#7233,#7234);
#3776=SURFACE_SIDE_STYLE('',(#7235));
#3777=EDGE_LOOP('',(#7236,#7237,#7238,#7239,#7240,#7241));
#3778=AXIS2_PLACEMENT_3D('',#7242,#7243,#7244);
#3779=SURFACE_SIDE_STYLE('',(#7245));
#3780=EDGE_LOOP('',(#7246,#7247,#7248,#7249));
#3781=AXIS2_PLACEMENT_3D('',#7250,#7251,#7252);
#3782=SURFACE_SIDE_STYLE('',(#7253));
#3783=EDGE_LOOP('',(#7254,#7255,#7256,#7257));
#3784=AXIS2_PLACEMENT_3D('',#7258,#7259,#7260);
#3785=SURFACE_SIDE_STYLE('',(#7261));
#3786=EDGE_LOOP('',(#7262,#7263,#7264,#7265,#7266,#7267,#7268));
#3787=AXIS2_PLACEMENT_3D('',#7269,#7270,#7271);
#3788=SURFACE_SIDE_STYLE('',(#7272));
#3789=EDGE_LOOP('',(#7273,#7274,#7275,#7276));
#3790=AXIS2_PLACEMENT_3D('',#7277,#7278,#7279);
#3791=SURFACE_SIDE_STYLE('',(#7280));
#3792=EDGE_LOOP('',(#7281,#7282,#7283,#7284,#7285,#7286,#7287));
#3793=AXIS2_PLACEMENT_3D('',#7288,#7289,#7290);
#3794=SURFACE_SIDE_STYLE('',(#7291));
#3795=EDGE_LOOP('',(#7292,#7293,#7294,#7295));
#3796=AXIS2_PLACEMENT_3D('',#7296,#7297,#7298);
#3797=SURFACE_SIDE_STYLE('',(#7299));
#3798=EDGE_LOOP('',(#7300,#7301,#7302,#7303));
#3799=AXIS2_PLACEMENT_3D('',#7304,#7305,#7306);
#3800=SURFACE_SIDE_STYLE('',(#7307));
#3801=EDGE_LOOP('',(#7308,#7309,#7310,#7311,#7312,#7313));
#3802=AXIS2_PLACEMENT_3D('',#7314,#7315,#7316);
#3803=SURFACE_SIDE_STYLE('',(#7317));
#3804=EDGE_LOOP('',(#7318,#7319,#7320,#7321));
#3805=AXIS2_PLACEMENT_3D('',#7322,#7323,#7324);
#3806=SURFACE_SIDE_STYLE('',(#7325));
#3807=EDGE_LOOP('',(#7326,#7327,#7328,#7329,#7330,#7331));
#3808=AXIS2_PLACEMENT_3D('',#7332,#7333,#7334);
#3809=SURFACE_SIDE_STYLE('',(#7335));
#3810=EDGE_LOOP('',(#7336,#7337,#7338,#7339));
#3811=AXIS2_PLACEMENT_3D('',#7340,#7341,#7342);
#3812=SURFACE_SIDE_STYLE('',(#7343));
#3813=EDGE_LOOP('',(#7344,#7345,#7346,#7347));
#3814=AXIS2_PLACEMENT_3D('',#7348,#7349,#7350);
#3815=SURFACE_SIDE_STYLE('',(#7351));
#3816=EDGE_LOOP('',(#7352,#7353,#7354,#7355));
#3817=AXIS2_PLACEMENT_3D('',#7356,#7357,#7358);
#3818=SURFACE_SIDE_STYLE('',(#7359));
#3819=EDGE_LOOP('',(#7360,#7361,#7362,#7363,#7364,#7365,#7366,#7367));
#3820=AXIS2_PLACEMENT_3D('',#7368,#7369,#7370);
#3821=SURFACE_SIDE_STYLE('',(#7371));
#3822=EDGE_LOOP('',(#7372,#7373,#7374,#7375));
#3823=AXIS2_PLACEMENT_3D('',#7376,#7377,#7378);
#3824=SURFACE_SIDE_STYLE('',(#7379));
#3825=EDGE_LOOP('',(#7380,#7381,#7382,#7383));
#3826=AXIS2_PLACEMENT_3D('',#7384,#7385,#7386);
#3827=SURFACE_SIDE_STYLE('',(#7387));
#3828=EDGE_LOOP('',(#7388,#7389,#7390,#7391));
#3829=AXIS2_PLACEMENT_3D('',#7392,#7393,#7394);
#3830=SURFACE_SIDE_STYLE('',(#7395));
#3831=EDGE_LOOP('',(#7396,#7397,#7398,#7399,#7400,#7401,#7402,#7403));
#3832=AXIS2_PLACEMENT_3D('',#7404,#7405,#7406);
#3833=SURFACE_SIDE_STYLE('',(#7407));
#3834=EDGE_LOOP('',(#7408,#7409,#7410,#7411,#7412,#7413,#7414,#7415,#7416,#7417,#7418,#7419,#7420,#7421,#7422,#7423));
#3835=AXIS2_PLACEMENT_3D('',#7424,#7425,#7426);
#3836=SURFACE_SIDE_STYLE('',(#7427));
#3837=EDGE_LOOP('',(#7428,#7429,#7430,#7431));
#3838=AXIS2_PLACEMENT_3D('',#7432,#7433,#7434);
#3839=SURFACE_SIDE_STYLE('',(#7435));
#3840=EDGE_LOOP('',(#7436,#7437,#7438,#7439));
#3841=AXIS2_PLACEMENT_3D('',#7440,#7441,#7442);
#3842=SURFACE_SIDE_STYLE('',(#7443));
#3843=EDGE_LOOP('',(#7444,#7445,#7446,#7447));
#3844=AXIS2_PLACEMENT_3D('',#7448,#7449,#7450);
#3845=SURFACE_SIDE_STYLE('',(#7451));
#3846=EDGE_LOOP('',(#7452,#7453,#7454,#7455));
#3847=AXIS2_PLACEMENT_3D('',#7456,#7457,#7458);
#3848=SURFACE_SIDE_STYLE('',(#7459));
#3849=EDGE_LOOP('',(#7460,#7461,#7462,#7463,#7464,#7465,#7466,#7467));
#3850=AXIS2_PLACEMENT_3D('',#7468,#7469,#7470);
#3851=SURFACE_SIDE_STYLE('',(#7471));
#3852=EDGE_LOOP('',(#7472,#7473,#7474,#7475,#7476,#7477,#7478,#7479,#7480,#7481,#7482,#7483,#7484,#7485,#7486,#7487));
#3853=AXIS2_PLACEMENT_3D('',#7488,#7489,#7490);
#3854=SURFACE_SIDE_STYLE('',(#7491));
#3855=EDGE_LOOP('',(#7492,#7493,#7494,#7495,#7496,#7497,#7498,#7499));
#3856=AXIS2_PLACEMENT_3D('',#7500,#7501,#7502);
#3857=SURFACE_SIDE_STYLE('',(#7503));
#3858=EDGE_LOOP('',(#7504,#7505,#7506,#7507,#7508,#7509,#7510,#7511));
#3859=AXIS2_PLACEMENT_3D('',#7512,#7513,#7514);
#3860=SURFACE_SIDE_STYLE('',(#7515));
#3861=EDGE_LOOP('',(#7516,#7517,#7518,#7519));
#3862=AXIS2_PLACEMENT_3D('',#7520,#7521,#7522);
#3863=SURFACE_SIDE_STYLE('',(#7523));
#3864=EDGE_LOOP('',(#7524,#7525,#7526,#7527));
#3865=AXIS2_PLACEMENT_3D('',#7528,#7529,#7530);
#3866=SURFACE_SIDE_STYLE('',(#7531));
#3867=EDGE_LOOP('',(#7532,#7533,#7534,#7535));
#3868=AXIS2_PLACEMENT_3D('',#7536,#7537,#7538);
#3869=SURFACE_SIDE_STYLE('',(#7539));
#3870=EDGE_LOOP('',(#7540,#7541,#7542,#7543,#7544,#7545,#7546,#7547,#7548,#7549,#7550,#7551,#7552,#7553,#7554,#7555,#7556,#7557,#7558,#7559,#7560,#7561,#7562,#7563,#7564,#7565,#7566,#7567,#7568,#7569,#7570,#7571));
#3871=AXIS2_PLACEMENT_3D('',#7572,#7573,#7574);
#3872=SURFACE_SIDE_STYLE('',(#7575));
#3873=EDGE_LOOP('',(#7576,#7577,#7578,#7579));
#3874=AXIS2_PLACEMENT_3D('',#7580,#7581,#7582);
#3875=SURFACE_SIDE_STYLE('',(#7583));
#3876=EDGE_LOOP('',(#7584,#7585,#7586,#7587));
#3877=AXIS2_PLACEMENT_3D('',#7588,#7589,#7590);
#3878=SURFACE_SIDE_STYLE('',(#7591));
#3879=EDGE_LOOP('',(#7592,#7593,#7594,#7595));
#3880=AXIS2_PLACEMENT_3D('',#7596,#7597,#7598);
#3881=SURFACE_SIDE_STYLE('',(#7599));
#3882=EDGE_LOOP('',(#7600,#7601,#7602,#7603));
#3883=AXIS2_PLACEMENT_3D('',#7604,#7605,#7606);
#3884=SURFACE_SIDE_STYLE('',(#7607));
#3885=EDGE_LOOP('',(#7608,#7609,#7610,#7611));
#3886=AXIS2_PLACEMENT_3D('',#7612,#7613,#7614);
#3887=SURFACE_SIDE_STYLE('',(#7615));
#3888=EDGE_LOOP('',(#7616,#7617,#7618,#7619));
#3889=AXIS2_PLACEMENT_3D('',#7620,#7621,#7622);
#3890=SURFACE_SIDE_STYLE('',(#7623));
#3891=EDGE_LOOP('',(#7624,#7625,#7626,#7627));
#3892=AXIS2_PLACEMENT_3D('',#7628,#7629,#7630);
#3893=SURFACE_SIDE_STYLE('',(#7631));
#3894=EDGE_LOOP('',(#7632,#7633,#7634,#7635));
#3895=AXIS2_PLACEMENT_3D('',#7636,#7637,#7638);
#3896=SURFACE_SIDE_STYLE('',(#7639));
#3897=EDGE_LOOP('',(#7640,#7641,#7642,#7643));
#3898=AXIS2_PLACEMENT_3D('',#7644,#7645,#7646);
#3899=SURFACE_SIDE_STYLE('',(#7647));
#3900=EDGE_LOOP('',(#7648,#7649,#7650,#7651));
#3901=AXIS2_PLACEMENT_3D('',#7652,#7653,#7654);
#3902=SURFACE_SIDE_STYLE('',(#7655));
#3903=EDGE_LOOP('',(#7656,#7657,#7658,#7659));
#3904=AXIS2_PLACEMENT_3D('',#7660,#7661,#7662);
#3905=SURFACE_SIDE_STYLE('',(#7663));
#3906=EDGE_LOOP('',(#7664,#7665,#7666,#7667));
#3907=AXIS2_PLACEMENT_3D('',#7668,#7669,#7670);
#3908=SURFACE_SIDE_STYLE('',(#7671));
#3909=EDGE_LOOP('',(#7672,#7673,#7674,#7675));
#3910=AXIS2_PLACEMENT_3D('',#7676,#7677,#7678);
#3911=SURFACE_SIDE_STYLE('',(#7679));
#3912=EDGE_LOOP('',(#7680,#7681,#7682,#7683));
#3913=AXIS2_PLACEMENT_3D('',#7684,#7685,#7686);
#3914=SURFACE_SIDE_STYLE('',(#7687));
#3915=EDGE_LOOP('',(#7688,#7689,#7690,#7691));
#3916=AXIS2_PLACEMENT_3D('',#7692,#7693,#7694);
#3917=SURFACE_SIDE_STYLE('',(#7695));
#3918=EDGE_LOOP('',(#7696,#7697,#7698,#7699));
#3919=AXIS2_PLACEMENT_3D('',#7700,#7701,#7702);
#3920=SURFACE_SIDE_STYLE('',(#7703));
#3921=EDGE_LOOP('',(#7704,#7705,#7706,#7707));
#3922=AXIS2_PLACEMENT_3D('',#7708,#7709,#7710);
#3923=SURFACE_SIDE_STYLE('',(#7711));
#3924=EDGE_LOOP('',(#7712,#7713,#7714,#7715));
#3925=AXIS2_PLACEMENT_3D('',#7716,#7717,#7718);
#3926=SURFACE_SIDE_STYLE('',(#7719));
#3927=EDGE_LOOP('',(#7720,#7721,#7722,#7723));
#3928=AXIS2_PLACEMENT_3D('',#7724,#7725,#7726);
#3929=SURFACE_SIDE_STYLE('',(#7727));
#3930=EDGE_LOOP('',(#7728,#7729,#7730,#7731));
#3931=AXIS2_PLACEMENT_3D('',#7732,#7733,#7734);
#3932=SURFACE_SIDE_STYLE('',(#7735));
#3933=EDGE_LOOP('',(#7736,#7737,#7738,#7739));
#3934=AXIS2_PLACEMENT_3D('',#7740,#7741,#7742);
#3935=SURFACE_SIDE_STYLE('',(#7743));
#3936=EDGE_LOOP('',(#7744,#7745,#7746,#7747));
#3937=AXIS2_PLACEMENT_3D('',#7748,#7749,#7750);
#3938=SURFACE_SIDE_STYLE('',(#7751));
#3939=EDGE_LOOP('',(#7752,#7753,#7754,#7755));
#3940=AXIS2_PLACEMENT_3D('',#7756,#7757,#7758);
#3941=SURFACE_SIDE_STYLE('',(#7759));
#3942=EDGE_LOOP('',(#7760,#7761,#7762,#7763));
#3943=AXIS2_PLACEMENT_3D('',#7764,#7765,#7766);
#3944=SURFACE_SIDE_STYLE('',(#7767));
#3945=EDGE_LOOP('',(#7768,#7769,#7770,#7771));
#3946=AXIS2_PLACEMENT_3D('',#7772,#7773,#7774);
#3947=SURFACE_SIDE_STYLE('',(#7775));
#3948=EDGE_LOOP('',(#7776,#7777,#7778,#7779));
#3949=AXIS2_PLACEMENT_3D('',#7780,#7781,#7782);
#3950=SURFACE_SIDE_STYLE('',(#7783));
#3951=EDGE_LOOP('',(#7784,#7785,#7786,#7787));
#3952=AXIS2_PLACEMENT_3D('',#7788,#7789,#7790);
#3953=SURFACE_SIDE_STYLE('',(#7791));
#3954=EDGE_LOOP('',(#7792,#7793,#7794,#7795));
#3955=AXIS2_PLACEMENT_3D('',#7796,#7797,#7798);
#3956=SURFACE_SIDE_STYLE('',(#7799));
#3957=EDGE_LOOP('',(#7800,#7801,#7802,#7803));
#3958=AXIS2_PLACEMENT_3D('',#7804,#7805,#7806);
#3959=SURFACE_SIDE_STYLE('',(#7807));
#3960=EDGE_LOOP('',(#7808,#7809,#7810,#7811));
#3961=AXIS2_PLACEMENT_3D('',#7812,#7813,#7814);
#3962=SURFACE_SIDE_STYLE('',(#7815));
#3963=EDGE_LOOP('',(#7816,#7817,#7818,#7819));
#3964=AXIS2_PLACEMENT_3D('',#7820,#7821,#7822);
#3965=SURFACE_SIDE_STYLE('',(#7823));
#3966=EDGE_LOOP('',(#7824,#7825,#7826,#7827));
#3967=AXIS2_PLACEMENT_3D('',#7828,#7829,#7830);
#3968=SURFACE_SIDE_STYLE('',(#7831));
#3969=EDGE_LOOP('',(#7832,#7833,#7834,#7835,#7836,#7837,#7838,#7839,#7840,#7841,#7842,#7843,#7844,#7845,#7846,#7847,#7848,#7849,#7850,#7851,#7852,#7853,#7854,#7855,#7856,#7857,#7858,#7859));
#3970=AXIS2_PLACEMENT_3D('',#7860,#7861,#7862);
#3971=SURFACE_SIDE_STYLE('',(#7863));
#3972=EDGE_LOOP('',(#7864,#7865,#7866,#7867,#7868,#7869,#7870,#7871,#7872,#7873,#7874,#7875,#7876,#7877,#7878,#7879,#7880,#7881,#7882,#7883,#7884,#7885,#7886,#7887,#7888,#7889,#7890,#7891));
#3973=AXIS2_PLACEMENT_3D('',#7892,#7893,#7894);
#3974=SURFACE_SIDE_STYLE('',(#7895));
#3975=EDGE_LOOP('',(#7896,#7897,#7898,#7899,#7900,#7901,#7902,#7903));
#3976=AXIS2_PLACEMENT_3D('',#7904,#7905,#7906);
#3977=SURFACE_SIDE_STYLE('',(#7907));
#3978=EDGE_LOOP('',(#7908,#7909,#7910,#7911));
#3979=AXIS2_PLACEMENT_3D('',#7912,#7913,#7914);
#3980=SURFACE_SIDE_STYLE('',(#7915));
#3981=EDGE_LOOP('',(#7916,#7917,#7918,#7919));
#3982=AXIS2_PLACEMENT_3D('',#7920,#7921,#7922);
#3983=SURFACE_SIDE_STYLE('',(#7923));
#3984=EDGE_LOOP('',(#7924,#7925,#7926,#7927));
#3985=AXIS2_PLACEMENT_3D('',#7928,#7929,#7930);
#3986=SURFACE_SIDE_STYLE('',(#7931));
#3987=EDGE_LOOP('',(#7932,#7933,#7934,#7935));
#3988=AXIS2_PLACEMENT_3D('',#7936,#7937,#7938);
#3989=SURFACE_SIDE_STYLE('',(#7939));
#3990=EDGE_LOOP('',(#7940,#7941));
#3991=EDGE_LOOP('',(#7942,#7943));
#3992=EDGE_LOOP('',(#7944,#7945));
#3993=EDGE_LOOP('',(#7946,#7947));
#3994=EDGE_LOOP('',(#7948,#7949));
#3995=EDGE_LOOP('',(#7950,#7951));
#3996=EDGE_LOOP('',(#7952,#7953,#7954,#7955));
#3997=AXIS2_PLACEMENT_3D('',#7956,#7957,#7958);
#3998=SURFACE_SIDE_STYLE('',(#7959));
#3999=EDGE_LOOP('',(#7960,#7961,#7962,#7963));
#4000=AXIS2_PLACEMENT_3D('',#7964,#7965,#7966);
#4001=SURFACE_SIDE_STYLE('',(#7967));
#4002=EDGE_LOOP('',(#7968,#7969,#7970,#7971));
#4003=AXIS2_PLACEMENT_3D('',#7972,#7973,#7974);
#4004=SURFACE_SIDE_STYLE('',(#7975));
#4005=EDGE_LOOP('',(#7976,#7977,#7978,#7979));
#4006=AXIS2_PLACEMENT_3D('',#7980,#7981,#7982);
#4007=SURFACE_SIDE_STYLE('',(#7983));
#4008=EDGE_LOOP('',(#7984,#7985,#7986,#7987,#7988,#7989,#7990,#7991,#7992,#7993,#7994,#7995,#7996,#7997,#7998,#7999,#8000,#8001));
#4009=AXIS2_PLACEMENT_3D('',#8002,#8003,#8004);
#4010=SURFACE_SIDE_STYLE('',(#8005));
#4011=EDGE_LOOP('',(#8006,#8007,#8008,#8009));
#4012=AXIS2_PLACEMENT_3D('',#8010,#8011,#8012);
#4013=SURFACE_SIDE_STYLE('',(#8013));
#4014=EDGE_LOOP('',(#8014,#8015,#8016,#8017,#8018,#8019,#8020,#8021,#8022,#8023,#8024,#8025,#8026,#8027,#8028,#8029,#8030,#8031,#8032,#8033,#8034,#8035,#8036,#8037,#8038,#8039,#8040,#8041));
#4015=AXIS2_PLACEMENT_3D('',#8042,#8043,#8044);
#4016=SURFACE_SIDE_STYLE('',(#8045));
#4017=EDGE_LOOP('',(#8046,#8047,#8048,#8049,#8050,#8051,#8052,#8053,#8054,#8055,#8056,#8057,#8058,#8059,#8060,#8061,#8062,#8063,#8064,#8065));
#4018=AXIS2_PLACEMENT_3D('',#8066,#8067,#8068);
#4019=SURFACE_SIDE_STYLE('',(#8069));
#4020=EDGE_LOOP('',(#8070,#8071,#8072,#8073,#8074,#8075,#8076,#8077));
#4021=AXIS2_PLACEMENT_3D('',#8078,#8079,#8080);
#4023=SURFACE_STYLE_FILL_AREA(#8081);
#4024=ORIENTED_EDGE('',*,*,#8082,.F.);
#4025=ORIENTED_EDGE('',*,*,#8083,.T.);
#4026=ORIENTED_EDGE('',*,*,#8084,.F.);
#4027=ORIENTED_EDGE('',*,*,#8085,.F.);
#4028=CARTESIAN_POINT('',(0.0,-15.6,0.0));
#4029=DIRECTION('',(-0.0,1.0,0.0));
#4030=DIRECTION('',(1.0,0.0,0.0));
#4031=SURFACE_STYLE_FILL_AREA(#8086);
#4032=ORIENTED_EDGE('',*,*,#8087,.F.);
#4033=ORIENTED_EDGE('',*,*,#8085,.T.);
#4034=ORIENTED_EDGE('',*,*,#8088,.F.);
#4035=ORIENTED_EDGE('',*,*,#8089,.F.);
#4036=CARTESIAN_POINT('',(0.0,-18.9,0.0));
#4037=DIRECTION('',(0.0,-1.0,-0.0));
#4038=DIRECTION('',(1.0,0.0,0.0));
#4039=SURFACE_STYLE_FILL_AREA(#8090);
#4040=ORIENTED_EDGE('',*,*,#8091,.F.);
#4041=ORIENTED_EDGE('',*,*,#8092,.T.);
#4042=ORIENTED_EDGE('',*,*,#8093,.F.);
#4043=ORIENTED_EDGE('',*,*,#8094,.F.);
#4044=CARTESIAN_POINT('',(3.5,-15.6,0.0));
#4045=DIRECTION('',(-0.0,1.0,0.0));
#4046=DIRECTION('',(1.0,0.0,0.0));
#4047=SURFACE_STYLE_FILL_AREA(#8095);
#4048=ORIENTED_EDGE('',*,*,#8096,.F.);
#4049=ORIENTED_EDGE('',*,*,#8094,.T.);
#4050=ORIENTED_EDGE('',*,*,#8097,.F.);
#4051=ORIENTED_EDGE('',*,*,#8098,.F.);
#4052=CARTESIAN_POINT('',(3.5,-18.9,0.0));
#4053=DIRECTION('',(0.0,-1.0,-0.0));
#4054=DIRECTION('',(1.0,0.0,0.0));
#4055=SURFACE_STYLE_FILL_AREA(#8099);
#4056=ORIENTED_EDGE('',*,*,#8100,.F.);
#4057=ORIENTED_EDGE('',*,*,#8101,.T.);
#4058=ORIENTED_EDGE('',*,*,#8102,.F.);
#4059=ORIENTED_EDGE('',*,*,#8103,.F.);
#4060=CARTESIAN_POINT('',(7.0,-15.6,0.0));
#4061=DIRECTION('',(-0.0,1.0,0.0));
#4062=DIRECTION('',(1.0,0.0,0.0));
#4063=SURFACE_STYLE_FILL_AREA(#8104);
#4064=ORIENTED_EDGE('',*,*,#8105,.F.);
#4065=ORIENTED_EDGE('',*,*,#8103,.T.);
#4066=ORIENTED_EDGE('',*,*,#8106,.F.);
#4067=ORIENTED_EDGE('',*,*,#8107,.F.);
#4068=CARTESIAN_POINT('',(7.0,-18.9,0.0));
#4069=DIRECTION('',(0.0,-1.0,-0.0));
#4070=DIRECTION('',(1.0,0.0,0.0));
#4071=SURFACE_STYLE_FILL_AREA(#8108);
#4072=ORIENTED_EDGE('',*,*,#8109,.F.);
#4073=ORIENTED_EDGE('',*,*,#8110,.T.);
#4074=ORIENTED_EDGE('',*,*,#8111,.F.);
#4075=ORIENTED_EDGE('',*,*,#8112,.F.);
#4076=CARTESIAN_POINT('',(10.5,-15.6,0.0));
#4077=DIRECTION('',(-0.0,1.0,0.0));
#4078=DIRECTION('',(1.0,0.0,0.0));
#4079=SURFACE_STYLE_FILL_AREA(#8113);
#4080=ORIENTED_EDGE('',*,*,#8114,.F.);
#4081=ORIENTED_EDGE('',*,*,#8112,.T.);
#4082=ORIENTED_EDGE('',*,*,#8115,.F.);
#4083=ORIENTED_EDGE('',*,*,#8116,.F.);
#4084=CARTESIAN_POINT('',(10.5,-18.9,0.0));
#4085=DIRECTION('',(0.0,-1.0,-0.0));
#4086=DIRECTION('',(1.0,0.0,0.0));
#4087=SURFACE_STYLE_FILL_AREA(#8117);
#4088=ORIENTED_EDGE('',*,*,#8118,.F.);
#4089=ORIENTED_EDGE('',*,*,#8119,.T.);
#4090=ORIENTED_EDGE('',*,*,#8120,.F.);
#4091=ORIENTED_EDGE('',*,*,#8121,.F.);
#4092=CARTESIAN_POINT('',(14.0,-15.6,0.0));
#4093=DIRECTION('',(-0.0,1.0,0.0));
#4094=DIRECTION('',(1.0,0.0,0.0));
#4095=SURFACE_STYLE_FILL_AREA(#8122);
#4096=ORIENTED_EDGE('',*,*,#8123,.F.);
#4097=ORIENTED_EDGE('',*,*,#8121,.T.);
#4098=ORIENTED_EDGE('',*,*,#8124,.F.);
#4099=ORIENTED_EDGE('',*,*,#8125,.F.);
#4100=CARTESIAN_POINT('',(14.0,-18.9,0.0));
#4101=DIRECTION('',(0.0,-1.0,-0.0));
#4102=DIRECTION('',(1.0,0.0,0.0));
#4103=SURFACE_STYLE_FILL_AREA(#8126);
#4104=ORIENTED_EDGE('',*,*,#8127,.F.);
#4105=ORIENTED_EDGE('',*,*,#8128,.T.);
#4106=ORIENTED_EDGE('',*,*,#8129,.F.);
#4107=ORIENTED_EDGE('',*,*,#8130,.F.);
#4108=CARTESIAN_POINT('',(17.5,-15.6,0.0));
#4109=DIRECTION('',(-0.0,1.0,0.0));
#4110=DIRECTION('',(1.0,0.0,0.0));
#4111=SURFACE_STYLE_FILL_AREA(#8131);
#4112=ORIENTED_EDGE('',*,*,#8132,.F.);
#4113=ORIENTED_EDGE('',*,*,#8130,.T.);
#4114=ORIENTED_EDGE('',*,*,#8133,.F.);
#4115=ORIENTED_EDGE('',*,*,#8134,.F.);
#4116=CARTESIAN_POINT('',(17.5,-18.9,0.0));
#4117=DIRECTION('',(0.0,-1.0,-0.0));
#4118=DIRECTION('',(1.0,0.0,0.0));
#4119=SURFACE_STYLE_FILL_AREA(#8135);
#4120=ORIENTED_EDGE('',*,*,#8136,.F.);
#4121=ORIENTED_EDGE('',*,*,#8137,.F.);
#4122=ORIENTED_EDGE('',*,*,#8138,.F.);
#4123=ORIENTED_EDGE('',*,*,#8139,.F.);
#4124=CARTESIAN_POINT('',(0.0,-0.126999999999995,0.0));
#4125=DIRECTION('',(-0.0,1.0,-0.0));
#4126=DIRECTION('',(1.0,0.0,0.0));
#4127=SURFACE_STYLE_FILL_AREA(#8140);
#4128=ORIENTED_EDGE('',*,*,#8141,.F.);
#4129=ORIENTED_EDGE('',*,*,#8139,.T.);
#4130=ORIENTED_EDGE('',*,*,#8142,.F.);
#4131=ORIENTED_EDGE('',*,*,#8143,.F.);
#4132=CARTESIAN_POINT('',(0.0,-1.016,0.0));
#4133=DIRECTION('',(-0.0,1.0,0.0));
#4134=DIRECTION('',(1.0,0.0,0.0));
#4135=SURFACE_STYLE_FILL_AREA(#8144);
#4136=ORIENTED_EDGE('',*,*,#8145,.F.);
#4137=ORIENTED_EDGE('',*,*,#8146,.F.);
#4138=ORIENTED_EDGE('',*,*,#8147,.F.);
#4139=ORIENTED_EDGE('',*,*,#8148,.F.);
#4140=CARTESIAN_POINT('',(3.5,-0.126999999999995,0.0));
#4141=DIRECTION('',(-0.0,1.0,-0.0));
#4142=DIRECTION('',(1.0,0.0,0.0));
#4143=SURFACE_STYLE_FILL_AREA(#8149);
#4144=ORIENTED_EDGE('',*,*,#8150,.F.);
#4145=ORIENTED_EDGE('',*,*,#8148,.T.);
#4146=ORIENTED_EDGE('',*,*,#8151,.F.);
#4147=ORIENTED_EDGE('',*,*,#8152,.F.);
#4148=CARTESIAN_POINT('',(3.5,-1.016,0.0));
#4149=DIRECTION('',(-0.0,1.0,0.0));
#4150=DIRECTION('',(1.0,0.0,0.0));
#4151=SURFACE_STYLE_FILL_AREA(#8153);
#4152=ORIENTED_EDGE('',*,*,#8154,.F.);
#4153=ORIENTED_EDGE('',*,*,#8155,.F.);
#4154=ORIENTED_EDGE('',*,*,#8156,.F.);
#4155=ORIENTED_EDGE('',*,*,#8157,.F.);
#4156=CARTESIAN_POINT('',(7.0,-0.126999999999995,0.0));
#4157=DIRECTION('',(-0.0,1.0,-0.0));
#4158=DIRECTION('',(1.0,0.0,0.0));
#4159=SURFACE_STYLE_FILL_AREA(#8158);
#4160=ORIENTED_EDGE('',*,*,#8159,.F.);
#4161=ORIENTED_EDGE('',*,*,#8157,.T.);
#4162=ORIENTED_EDGE('',*,*,#8160,.F.);
#4163=ORIENTED_EDGE('',*,*,#8161,.F.);
#4164=CARTESIAN_POINT('',(7.0,-1.016,0.0));
#4165=DIRECTION('',(-0.0,1.0,0.0));
#4166=DIRECTION('',(1.0,0.0,0.0));
#4167=SURFACE_STYLE_FILL_AREA(#8162);
#4168=ORIENTED_EDGE('',*,*,#8163,.F.);
#4169=ORIENTED_EDGE('',*,*,#8164,.F.);
#4170=ORIENTED_EDGE('',*,*,#8165,.F.);
#4171=ORIENTED_EDGE('',*,*,#8166,.F.);
#4172=CARTESIAN_POINT('',(10.5,-0.126999999999995,0.0));
#4173=DIRECTION('',(-0.0,1.0,-0.0));
#4174=DIRECTION('',(1.0,0.0,0.0));
#4175=SURFACE_STYLE_FILL_AREA(#8167);
#4176=ORIENTED_EDGE('',*,*,#8168,.F.);
#4177=ORIENTED_EDGE('',*,*,#8166,.T.);
#4178=ORIENTED_EDGE('',*,*,#8169,.F.);
#4179=ORIENTED_EDGE('',*,*,#8170,.F.);
#4180=CARTESIAN_POINT('',(10.5,-1.016,0.0));
#4181=DIRECTION('',(-0.0,1.0,0.0));
#4182=DIRECTION('',(1.0,0.0,0.0));
#4183=SURFACE_STYLE_FILL_AREA(#8171);
#4184=ORIENTED_EDGE('',*,*,#8172,.F.);
#4185=ORIENTED_EDGE('',*,*,#8173,.F.);
#4186=ORIENTED_EDGE('',*,*,#8174,.F.);
#4187=ORIENTED_EDGE('',*,*,#8175,.F.);
#4188=CARTESIAN_POINT('',(14.0,-0.126999999999995,0.0));
#4189=DIRECTION('',(-0.0,1.0,-0.0));
#4190=DIRECTION('',(1.0,0.0,0.0));
#4191=SURFACE_STYLE_FILL_AREA(#8176);
#4192=ORIENTED_EDGE('',*,*,#8177,.F.);
#4193=ORIENTED_EDGE('',*,*,#8175,.T.);
#4194=ORIENTED_EDGE('',*,*,#8178,.F.);
#4195=ORIENTED_EDGE('',*,*,#8179,.F.);
#4196=CARTESIAN_POINT('',(14.0,-1.016,0.0));
#4197=DIRECTION('',(-0.0,1.0,0.0));
#4198=DIRECTION('',(1.0,0.0,0.0));
#4199=SURFACE_STYLE_FILL_AREA(#8180);
#4200=ORIENTED_EDGE('',*,*,#8181,.F.);
#4201=ORIENTED_EDGE('',*,*,#8182,.F.);
#4202=ORIENTED_EDGE('',*,*,#8183,.F.);
#4203=ORIENTED_EDGE('',*,*,#8184,.F.);
#4204=CARTESIAN_POINT('',(17.5,-0.126999999999995,0.0));
#4205=DIRECTION('',(-0.0,1.0,-0.0));
#4206=DIRECTION('',(1.0,0.0,0.0));
#4207=SURFACE_STYLE_FILL_AREA(#8185);
#4208=ORIENTED_EDGE('',*,*,#8186,.F.);
#4209=ORIENTED_EDGE('',*,*,#8184,.T.);
#4210=ORIENTED_EDGE('',*,*,#8187,.F.);
#4211=ORIENTED_EDGE('',*,*,#8188,.F.);
#4212=CARTESIAN_POINT('',(17.5,-1.016,0.0));
#4213=DIRECTION('',(-0.0,1.0,0.0));
#4214=DIRECTION('',(1.0,0.0,0.0));
#4215=SURFACE_STYLE_FILL_AREA(#8189);
#4216=ORIENTED_EDGE('',*,*,#8190,.F.);
#4217=ORIENTED_EDGE('',*,*,#8191,.F.);
#4218=ORIENTED_EDGE('',*,*,#8192,.F.);
#4219=ORIENTED_EDGE('',*,*,#8193,.T.);
#4220=ORIENTED_EDGE('',*,*,#8194,.T.);
#4221=ORIENTED_EDGE('',*,*,#8195,.F.);
#4222=ORIENTED_EDGE('',*,*,#8196,.T.);
#4223=ORIENTED_EDGE('',*,*,#8197,.T.);
#4224=CARTESIAN_POINT('',(0.0,-1.55,0.0));
#4225=DIRECTION('',(-0.0,1.0,0.0));
#4226=DIRECTION('',(1.0,0.0,0.0));
#4227=SURFACE_STYLE_FILL_AREA(#8198);
#4228=ORIENTED_EDGE('',*,*,#8199,.F.);
#4229=ORIENTED_EDGE('',*,*,#8200,.F.);
#4230=ORIENTED_EDGE('',*,*,#8201,.F.);
#4231=ORIENTED_EDGE('',*,*,#8202,.T.);
#4232=ORIENTED_EDGE('',*,*,#8203,.T.);
#4233=ORIENTED_EDGE('',*,*,#8204,.F.);
#4234=ORIENTED_EDGE('',*,*,#8205,.T.);
#4235=ORIENTED_EDGE('',*,*,#8206,.T.);
#4236=CARTESIAN_POINT('',(3.5,-1.55,0.0));
#4237=DIRECTION('',(-0.0,1.0,0.0));
#4238=DIRECTION('',(1.0,0.0,0.0));
#4239=SURFACE_STYLE_FILL_AREA(#8207);
#4240=ORIENTED_EDGE('',*,*,#8208,.F.);
#4241=ORIENTED_EDGE('',*,*,#8209,.F.);
#4242=ORIENTED_EDGE('',*,*,#8210,.F.);
#4243=ORIENTED_EDGE('',*,*,#8211,.T.);
#4244=ORIENTED_EDGE('',*,*,#8212,.T.);
#4245=ORIENTED_EDGE('',*,*,#8213,.F.);
#4246=ORIENTED_EDGE('',*,*,#8214,.T.);
#4247=ORIENTED_EDGE('',*,*,#8215,.T.);
#4248=CARTESIAN_POINT('',(7.0,-1.55,0.0));
#4249=DIRECTION('',(-0.0,1.0,0.0));
#4250=DIRECTION('',(1.0,0.0,0.0));
#4251=SURFACE_STYLE_FILL_AREA(#8216);
#4252=ORIENTED_EDGE('',*,*,#8217,.F.);
#4253=ORIENTED_EDGE('',*,*,#8218,.F.);
#4254=ORIENTED_EDGE('',*,*,#8219,.F.);
#4255=ORIENTED_EDGE('',*,*,#8220,.T.);
#4256=ORIENTED_EDGE('',*,*,#8221,.T.);
#4257=ORIENTED_EDGE('',*,*,#8222,.F.);
#4258=ORIENTED_EDGE('',*,*,#8223,.T.);
#4259=ORIENTED_EDGE('',*,*,#8224,.T.);
#4260=CARTESIAN_POINT('',(10.5,-1.55,0.0));
#4261=DIRECTION('',(-0.0,1.0,0.0));
#4262=DIRECTION('',(1.0,0.0,0.0));
#4263=SURFACE_STYLE_FILL_AREA(#8225);
#4264=ORIENTED_EDGE('',*,*,#8226,.F.);
#4265=ORIENTED_EDGE('',*,*,#8227,.F.);
#4266=ORIENTED_EDGE('',*,*,#8228,.F.);
#4267=ORIENTED_EDGE('',*,*,#8229,.T.);
#4268=ORIENTED_EDGE('',*,*,#8230,.T.);
#4269=ORIENTED_EDGE('',*,*,#8231,.F.);
#4270=ORIENTED_EDGE('',*,*,#8232,.T.);
#4271=ORIENTED_EDGE('',*,*,#8233,.T.);
#4272=CARTESIAN_POINT('',(14.0,-1.55,0.0));
#4273=DIRECTION('',(-0.0,1.0,0.0));
#4274=DIRECTION('',(1.0,0.0,0.0));
#4275=SURFACE_STYLE_FILL_AREA(#8234);
#4276=ORIENTED_EDGE('',*,*,#8235,.F.);
#4277=ORIENTED_EDGE('',*,*,#8236,.F.);
#4278=ORIENTED_EDGE('',*,*,#8237,.F.);
#4279=ORIENTED_EDGE('',*,*,#8238,.T.);
#4280=ORIENTED_EDGE('',*,*,#8239,.T.);
#4281=ORIENTED_EDGE('',*,*,#8240,.F.);
#4282=ORIENTED_EDGE('',*,*,#8241,.T.);
#4283=ORIENTED_EDGE('',*,*,#8242,.T.);
#4284=CARTESIAN_POINT('',(17.5,-1.55,0.0));
#4285=DIRECTION('',(-0.0,1.0,0.0));
#4286=DIRECTION('',(1.0,0.0,0.0));
#4287=SURFACE_STYLE_FILL_AREA(#8243);
#4288=ORIENTED_EDGE('',*,*,#8235,.T.);
#4289=ORIENTED_EDGE('',*,*,#8244,.T.);
#4290=ORIENTED_EDGE('',*,*,#8245,.T.);
#4291=ORIENTED_EDGE('',*,*,#8246,.F.);
#4292=ORIENTED_EDGE('',*,*,#8247,.T.);
#4293=ORIENTED_EDGE('',*,*,#8248,.T.);
#4294=ORIENTED_EDGE('',*,*,#8237,.T.);
#4295=ORIENTED_EDGE('',*,*,#8249,.F.);
#4296=CARTESIAN_POINT('',(17.5,-1.55,0.0));
#4297=DIRECTION('',(-0.0,1.0,0.0));
#4298=DIRECTION('',(1.0,0.0,0.0));
#4299=SURFACE_STYLE_FILL_AREA(#8250);
#4300=ORIENTED_EDGE('',*,*,#8239,.F.);
#4301=ORIENTED_EDGE('',*,*,#8251,.F.);
#4302=ORIENTED_EDGE('',*,*,#8241,.F.);
#4303=ORIENTED_EDGE('',*,*,#8252,.F.);
#4304=CARTESIAN_POINT('',(17.5,-1.184,-0.254));
#4305=DIRECTION('',(0.0,0.0,1.0));
#4306=DIRECTION('',(1.0,0.0,0.0));
#4307=SURFACE_STYLE_FILL_AREA(#8253);
#4308=ORIENTED_EDGE('',*,*,#8248,.F.);
#4309=ORIENTED_EDGE('',*,*,#8254,.T.);
#4310=ORIENTED_EDGE('',*,*,#8244,.F.);
#4311=ORIENTED_EDGE('',*,*,#8242,.F.);
#4312=ORIENTED_EDGE('',*,*,#8251,.T.);
#4313=ORIENTED_EDGE('',*,*,#8238,.F.);
#4314=CARTESIAN_POINT('',(17.5,-1.684,-8.88178419700125E-16));
#4315=DIRECTION('',(0.0,1.0,0.0));
#4316=DIRECTION('',(0.0,0.0,1.0));
#4317=SURFACE_STYLE_FILL_AREA(#8255);
#4318=ORIENTED_EDGE('',*,*,#8247,.F.);
#4319=ORIENTED_EDGE('',*,*,#8256,.F.);
#4320=ORIENTED_EDGE('',*,*,#8245,.F.);
#4321=ORIENTED_EDGE('',*,*,#8254,.F.);
#4322=CARTESIAN_POINT('',(17.5,-1.184,0.253999999999999));
#4323=DIRECTION('',(0.0,0.0,1.0));
#4324=DIRECTION('',(1.0,0.0,0.0));
#4325=SURFACE_STYLE_FILL_AREA(#8257);
#4326=ORIENTED_EDGE('',*,*,#8252,.T.);
#4327=ORIENTED_EDGE('',*,*,#8240,.T.);
#4328=CARTESIAN_POINT('',(17.5,-1.1,0.0));
#4329=DIRECTION('',(-0.0,1.0,0.0));
#4330=DIRECTION('',(1.0,0.0,0.0));
#4331=SURFACE_STYLE_FILL_AREA(#8258);
#4332=ORIENTED_EDGE('',*,*,#8256,.T.);
#4333=ORIENTED_EDGE('',*,*,#8246,.T.);
#4334=CARTESIAN_POINT('',(17.5,-1.1,0.0));
#4335=DIRECTION('',(-0.0,1.0,0.0));
#4336=DIRECTION('',(1.0,0.0,0.0));
#4337=SURFACE_STYLE_FILL_AREA(#8259);
#4338=ORIENTED_EDGE('',*,*,#8226,.T.);
#4339=ORIENTED_EDGE('',*,*,#8260,.T.);
#4340=ORIENTED_EDGE('',*,*,#8261,.T.);
#4341=ORIENTED_EDGE('',*,*,#8262,.F.);
#4342=ORIENTED_EDGE('',*,*,#8263,.T.);
#4343=ORIENTED_EDGE('',*,*,#8264,.T.);
#4344=ORIENTED_EDGE('',*,*,#8228,.T.);
#4345=ORIENTED_EDGE('',*,*,#8265,.F.);
#4346=CARTESIAN_POINT('',(14.0,-1.55,0.0));
#4347=DIRECTION('',(-0.0,1.0,0.0));
#4348=DIRECTION('',(1.0,0.0,0.0));
#4349=SURFACE_STYLE_FILL_AREA(#8266);
#4350=ORIENTED_EDGE('',*,*,#8230,.F.);
#4351=ORIENTED_EDGE('',*,*,#8267,.F.);
#4352=ORIENTED_EDGE('',*,*,#8232,.F.);
#4353=ORIENTED_EDGE('',*,*,#8268,.F.);
#4354=CARTESIAN_POINT('',(14.0,-1.184,-0.254));
#4355=DIRECTION('',(0.0,0.0,1.0));
#4356=DIRECTION('',(1.0,0.0,0.0));
#4357=SURFACE_STYLE_FILL_AREA(#8269);
#4358=ORIENTED_EDGE('',*,*,#8264,.F.);
#4359=ORIENTED_EDGE('',*,*,#8270,.T.);
#4360=ORIENTED_EDGE('',*,*,#8260,.F.);
#4361=ORIENTED_EDGE('',*,*,#8233,.F.);
#4362=ORIENTED_EDGE('',*,*,#8267,.T.);
#4363=ORIENTED_EDGE('',*,*,#8229,.F.);
#4364=CARTESIAN_POINT('',(14.0,-1.684,-8.88178419700125E-16));
#4365=DIRECTION('',(0.0,1.0,0.0));
#4366=DIRECTION('',(0.0,0.0,1.0));
#4367=SURFACE_STYLE_FILL_AREA(#8271);
#4368=ORIENTED_EDGE('',*,*,#8263,.F.);
#4369=ORIENTED_EDGE('',*,*,#8272,.F.);
#4370=ORIENTED_EDGE('',*,*,#8261,.F.);
#4371=ORIENTED_EDGE('',*,*,#8270,.F.);
#4372=CARTESIAN_POINT('',(14.0,-1.184,0.253999999999999));
#4373=DIRECTION('',(0.0,0.0,1.0));
#4374=DIRECTION('',(1.0,0.0,0.0));
#4375=SURFACE_STYLE_FILL_AREA(#8273);
#4376=ORIENTED_EDGE('',*,*,#8268,.T.);
#4377=ORIENTED_EDGE('',*,*,#8231,.T.);
#4378=CARTESIAN_POINT('',(14.0,-1.1,0.0));
#4379=DIRECTION('',(-0.0,1.0,0.0));
#4380=DIRECTION('',(1.0,0.0,0.0));
#4381=SURFACE_STYLE_FILL_AREA(#8274);
#4382=ORIENTED_EDGE('',*,*,#8272,.T.);
#4383=ORIENTED_EDGE('',*,*,#8262,.T.);
#4384=CARTESIAN_POINT('',(14.0,-1.1,0.0));
#4385=DIRECTION('',(-0.0,1.0,0.0));
#4386=DIRECTION('',(1.0,0.0,0.0));
#4387=SURFACE_STYLE_FILL_AREA(#8275);
#4388=ORIENTED_EDGE('',*,*,#8217,.T.);
#4389=ORIENTED_EDGE('',*,*,#8276,.T.);
#4390=ORIENTED_EDGE('',*,*,#8277,.T.);
#4391=ORIENTED_EDGE('',*,*,#8278,.F.);
#4392=ORIENTED_EDGE('',*,*,#8279,.T.);
#4393=ORIENTED_EDGE('',*,*,#8280,.T.);
#4394=ORIENTED_EDGE('',*,*,#8219,.T.);
#4395=ORIENTED_EDGE('',*,*,#8281,.F.);
#4396=CARTESIAN_POINT('',(10.5,-1.55,0.0));
#4397=DIRECTION('',(-0.0,1.0,0.0));
#4398=DIRECTION('',(1.0,0.0,0.0));
#4399=SURFACE_STYLE_FILL_AREA(#8282);
#4400=ORIENTED_EDGE('',*,*,#8221,.F.);
#4401=ORIENTED_EDGE('',*,*,#8283,.F.);
#4402=ORIENTED_EDGE('',*,*,#8223,.F.);
#4403=ORIENTED_EDGE('',*,*,#8284,.F.);
#4404=CARTESIAN_POINT('',(10.5,-1.184,-0.254));
#4405=DIRECTION('',(0.0,0.0,1.0));
#4406=DIRECTION('',(1.0,0.0,0.0));
#4407=SURFACE_STYLE_FILL_AREA(#8285);
#4408=ORIENTED_EDGE('',*,*,#8280,.F.);
#4409=ORIENTED_EDGE('',*,*,#8286,.T.);
#4410=ORIENTED_EDGE('',*,*,#8276,.F.);
#4411=ORIENTED_EDGE('',*,*,#8224,.F.);
#4412=ORIENTED_EDGE('',*,*,#8283,.T.);
#4413=ORIENTED_EDGE('',*,*,#8220,.F.);
#4414=CARTESIAN_POINT('',(10.5,-1.684,-8.88178419700125E-16));
#4415=DIRECTION('',(0.0,1.0,0.0));
#4416=DIRECTION('',(0.0,0.0,1.0));
#4417=SURFACE_STYLE_FILL_AREA(#8287);
#4418=ORIENTED_EDGE('',*,*,#8279,.F.);
#4419=ORIENTED_EDGE('',*,*,#8288,.F.);
#4420=ORIENTED_EDGE('',*,*,#8277,.F.);
#4421=ORIENTED_EDGE('',*,*,#8286,.F.);
#4422=CARTESIAN_POINT('',(10.5,-1.184,0.253999999999999));
#4423=DIRECTION('',(0.0,0.0,1.0));
#4424=DIRECTION('',(1.0,0.0,0.0));
#4425=SURFACE_STYLE_FILL_AREA(#8289);
#4426=ORIENTED_EDGE('',*,*,#8284,.T.);
#4427=ORIENTED_EDGE('',*,*,#8222,.T.);
#4428=CARTESIAN_POINT('',(10.5,-1.1,0.0));
#4429=DIRECTION('',(-0.0,1.0,0.0));
#4430=DIRECTION('',(1.0,0.0,0.0));
#4431=SURFACE_STYLE_FILL_AREA(#8290);
#4432=ORIENTED_EDGE('',*,*,#8288,.T.);
#4433=ORIENTED_EDGE('',*,*,#8278,.T.);
#4434=CARTESIAN_POINT('',(10.5,-1.1,0.0));
#4435=DIRECTION('',(-0.0,1.0,0.0));
#4436=DIRECTION('',(1.0,0.0,0.0));
#4437=SURFACE_STYLE_FILL_AREA(#8291);
#4438=ORIENTED_EDGE('',*,*,#8208,.T.);
#4439=ORIENTED_EDGE('',*,*,#8292,.T.);
#4440=ORIENTED_EDGE('',*,*,#8293,.T.);
#4441=ORIENTED_EDGE('',*,*,#8294,.F.);
#4442=ORIENTED_EDGE('',*,*,#8295,.T.);
#4443=ORIENTED_EDGE('',*,*,#8296,.T.);
#4444=ORIENTED_EDGE('',*,*,#8210,.T.);
#4445=ORIENTED_EDGE('',*,*,#8297,.F.);
#4446=CARTESIAN_POINT('',(7.0,-1.55,0.0));
#4447=DIRECTION('',(-0.0,1.0,0.0));
#4448=DIRECTION('',(1.0,0.0,0.0));
#4449=SURFACE_STYLE_FILL_AREA(#8298);
#4450=ORIENTED_EDGE('',*,*,#8212,.F.);
#4451=ORIENTED_EDGE('',*,*,#8299,.F.);
#4452=ORIENTED_EDGE('',*,*,#8214,.F.);
#4453=ORIENTED_EDGE('',*,*,#8300,.F.);
#4454=CARTESIAN_POINT('',(7.0,-1.184,-0.254));
#4455=DIRECTION('',(0.0,0.0,1.0));
#4456=DIRECTION('',(1.0,0.0,0.0));
#4457=SURFACE_STYLE_FILL_AREA(#8301);
#4458=ORIENTED_EDGE('',*,*,#8296,.F.);
#4459=ORIENTED_EDGE('',*,*,#8302,.T.);
#4460=ORIENTED_EDGE('',*,*,#8292,.F.);
#4461=ORIENTED_EDGE('',*,*,#8215,.F.);
#4462=ORIENTED_EDGE('',*,*,#8299,.T.);
#4463=ORIENTED_EDGE('',*,*,#8211,.F.);
#4464=CARTESIAN_POINT('',(7.0,-1.684,-8.88178419700125E-16));
#4465=DIRECTION('',(0.0,1.0,0.0));
#4466=DIRECTION('',(0.0,0.0,1.0));
#4467=SURFACE_STYLE_FILL_AREA(#8303);
#4468=ORIENTED_EDGE('',*,*,#8295,.F.);
#4469=ORIENTED_EDGE('',*,*,#8304,.F.);
#4470=ORIENTED_EDGE('',*,*,#8293,.F.);
#4471=ORIENTED_EDGE('',*,*,#8302,.F.);
#4472=CARTESIAN_POINT('',(7.0,-1.184,0.253999999999999));
#4473=DIRECTION('',(0.0,0.0,1.0));
#4474=DIRECTION('',(1.0,0.0,0.0));
#4475=SURFACE_STYLE_FILL_AREA(#8305);
#4476=ORIENTED_EDGE('',*,*,#8300,.T.);
#4477=ORIENTED_EDGE('',*,*,#8213,.T.);
#4478=CARTESIAN_POINT('',(7.0,-1.1,0.0));
#4479=DIRECTION('',(-0.0,1.0,0.0));
#4480=DIRECTION('',(1.0,0.0,0.0));
#4481=SURFACE_STYLE_FILL_AREA(#8306);
#4482=ORIENTED_EDGE('',*,*,#8304,.T.);
#4483=ORIENTED_EDGE('',*,*,#8294,.T.);
#4484=CARTESIAN_POINT('',(7.0,-1.1,0.0));
#4485=DIRECTION('',(-0.0,1.0,0.0));
#4486=DIRECTION('',(1.0,0.0,0.0));
#4487=SURFACE_STYLE_FILL_AREA(#8307);
#4488=ORIENTED_EDGE('',*,*,#8199,.T.);
#4489=ORIENTED_EDGE('',*,*,#8308,.T.);
#4490=ORIENTED_EDGE('',*,*,#8309,.T.);
#4491=ORIENTED_EDGE('',*,*,#8310,.F.);
#4492=ORIENTED_EDGE('',*,*,#8311,.T.);
#4493=ORIENTED_EDGE('',*,*,#8312,.T.);
#4494=ORIENTED_EDGE('',*,*,#8201,.T.);
#4495=ORIENTED_EDGE('',*,*,#8313,.F.);
#4496=CARTESIAN_POINT('',(3.5,-1.55,0.0));
#4497=DIRECTION('',(-0.0,1.0,0.0));
#4498=DIRECTION('',(1.0,0.0,0.0));
#4499=SURFACE_STYLE_FILL_AREA(#8314);
#4500=ORIENTED_EDGE('',*,*,#8203,.F.);
#4501=ORIENTED_EDGE('',*,*,#8315,.F.);
#4502=ORIENTED_EDGE('',*,*,#8205,.F.);
#4503=ORIENTED_EDGE('',*,*,#8316,.F.);
#4504=CARTESIAN_POINT('',(3.5,-1.184,-0.254));
#4505=DIRECTION('',(0.0,0.0,1.0));
#4506=DIRECTION('',(1.0,0.0,0.0));
#4507=SURFACE_STYLE_FILL_AREA(#8317);
#4508=ORIENTED_EDGE('',*,*,#8312,.F.);
#4509=ORIENTED_EDGE('',*,*,#8318,.T.);
#4510=ORIENTED_EDGE('',*,*,#8308,.F.);
#4511=ORIENTED_EDGE('',*,*,#8206,.F.);
#4512=ORIENTED_EDGE('',*,*,#8315,.T.);
#4513=ORIENTED_EDGE('',*,*,#8202,.F.);
#4514=CARTESIAN_POINT('',(3.5,-1.684,-8.88178419700125E-16));
#4515=DIRECTION('',(0.0,1.0,0.0));
#4516=DIRECTION('',(0.0,0.0,1.0));
#4517=SURFACE_STYLE_FILL_AREA(#8319);
#4518=ORIENTED_EDGE('',*,*,#8311,.F.);
#4519=ORIENTED_EDGE('',*,*,#8320,.F.);
#4520=ORIENTED_EDGE('',*,*,#8309,.F.);
#4521=ORIENTED_EDGE('',*,*,#8318,.F.);
#4522=CARTESIAN_POINT('',(3.5,-1.184,0.253999999999999));
#4523=DIRECTION('',(0.0,0.0,1.0));
#4524=DIRECTION('',(1.0,0.0,0.0));
#4525=SURFACE_STYLE_FILL_AREA(#8321);
#4526=ORIENTED_EDGE('',*,*,#8316,.T.);
#4527=ORIENTED_EDGE('',*,*,#8204,.T.);
#4528=CARTESIAN_POINT('',(3.5,-1.1,0.0));
#4529=DIRECTION('',(-0.0,1.0,0.0));
#4530=DIRECTION('',(1.0,0.0,0.0));
#4531=SURFACE_STYLE_FILL_AREA(#8322);
#4532=ORIENTED_EDGE('',*,*,#8320,.T.);
#4533=ORIENTED_EDGE('',*,*,#8310,.T.);
#4534=CARTESIAN_POINT('',(3.5,-1.1,0.0));
#4535=DIRECTION('',(-0.0,1.0,0.0));
#4536=DIRECTION('',(1.0,0.0,0.0));
#4537=SURFACE_STYLE_FILL_AREA(#8323);
#4538=ORIENTED_EDGE('',*,*,#8190,.T.);
#4539=ORIENTED_EDGE('',*,*,#8324,.T.);
#4540=ORIENTED_EDGE('',*,*,#8325,.T.);
#4541=ORIENTED_EDGE('',*,*,#8326,.F.);
#4542=ORIENTED_EDGE('',*,*,#8327,.T.);
#4543=ORIENTED_EDGE('',*,*,#8328,.T.);
#4544=ORIENTED_EDGE('',*,*,#8192,.T.);
#4545=ORIENTED_EDGE('',*,*,#8329,.F.);
#4546=CARTESIAN_POINT('',(0.0,-1.55,0.0));
#4547=DIRECTION('',(-0.0,1.0,0.0));
#4548=DIRECTION('',(1.0,0.0,0.0));
#4549=SURFACE_STYLE_FILL_AREA(#8330);
#4550=ORIENTED_EDGE('',*,*,#8194,.F.);
#4551=ORIENTED_EDGE('',*,*,#8331,.F.);
#4552=ORIENTED_EDGE('',*,*,#8196,.F.);
#4553=ORIENTED_EDGE('',*,*,#8332,.F.);
#4554=CARTESIAN_POINT('',(0.0,-1.184,-0.254));
#4555=DIRECTION('',(0.0,0.0,1.0));
#4556=DIRECTION('',(1.0,0.0,0.0));
#4557=SURFACE_STYLE_FILL_AREA(#8333);
#4558=ORIENTED_EDGE('',*,*,#8328,.F.);
#4559=ORIENTED_EDGE('',*,*,#8334,.T.);
#4560=ORIENTED_EDGE('',*,*,#8324,.F.);
#4561=ORIENTED_EDGE('',*,*,#8197,.F.);
#4562=ORIENTED_EDGE('',*,*,#8331,.T.);
#4563=ORIENTED_EDGE('',*,*,#8193,.F.);
#4564=CARTESIAN_POINT('',(0.0,-1.684,-8.88178419700125E-16));
#4565=DIRECTION('',(0.0,1.0,0.0));
#4566=DIRECTION('',(0.0,0.0,1.0));
#4567=SURFACE_STYLE_FILL_AREA(#8335);
#4568=ORIENTED_EDGE('',*,*,#8327,.F.);
#4569=ORIENTED_EDGE('',*,*,#8336,.F.);
#4570=ORIENTED_EDGE('',*,*,#8325,.F.);
#4571=ORIENTED_EDGE('',*,*,#8334,.F.);
#4572=CARTESIAN_POINT('',(0.0,-1.184,0.253999999999999));
#4573=DIRECTION('',(0.0,0.0,1.0));
#4574=DIRECTION('',(1.0,0.0,0.0));
#4575=SURFACE_STYLE_FILL_AREA(#8337);
#4576=ORIENTED_EDGE('',*,*,#8332,.T.);
#4577=ORIENTED_EDGE('',*,*,#8195,.T.);
#4578=CARTESIAN_POINT('',(0.0,-1.1,0.0));
#4579=DIRECTION('',(-0.0,1.0,0.0));
#4580=DIRECTION('',(1.0,0.0,0.0));
#4581=SURFACE_STYLE_FILL_AREA(#8338);
#4582=ORIENTED_EDGE('',*,*,#8336,.T.);
#4583=ORIENTED_EDGE('',*,*,#8326,.T.);
#4584=CARTESIAN_POINT('',(0.0,-1.1,0.0));
#4585=DIRECTION('',(-0.0,1.0,0.0));
#4586=DIRECTION('',(1.0,0.0,0.0));
#4587=SURFACE_STYLE_FILL_AREA(#8339);
#4588=ORIENTED_EDGE('',*,*,#8186,.T.);
#4589=ORIENTED_EDGE('',*,*,#8340,.F.);
#4590=ORIENTED_EDGE('',*,*,#8187,.T.);
#4591=ORIENTED_EDGE('',*,*,#8341,.T.);
#4592=CARTESIAN_POINT('',(17.5,-1.016,0.0));
#4593=DIRECTION('',(-0.0,1.0,0.0));
#4594=DIRECTION('',(1.0,0.0,0.0));
#4595=SURFACE_STYLE_FILL_AREA(#8342);
#4596=ORIENTED_EDGE('',*,*,#8181,.T.);
#4597=ORIENTED_EDGE('',*,*,#8341,.F.);
#4598=ORIENTED_EDGE('',*,*,#8183,.T.);
#4599=ORIENTED_EDGE('',*,*,#8343,.F.);
#4600=CARTESIAN_POINT('',(17.5,-0.126999999999995,0.0));
#4601=DIRECTION('',(-0.0,1.0,-0.0));
#4602=DIRECTION('',(1.0,0.0,0.0));
#4603=SURFACE_STYLE_FILL_AREA(#8344);
#4604=ORIENTED_EDGE('',*,*,#8236,.T.);
#4605=ORIENTED_EDGE('',*,*,#8249,.T.);
#4606=ORIENTED_EDGE('',*,*,#8188,.T.);
#4607=ORIENTED_EDGE('',*,*,#8340,.T.);
#4608=CARTESIAN_POINT('',(18.1985,-1.77800000000001,0.0));
#4609=DIRECTION('',(-0.0,-1.0,-0.0));
#4610=DIRECTION('',(-1.0,0.0,0.0));
#4611=SURFACE_STYLE_FILL_AREA(#8345);
#4612=ORIENTED_EDGE('',*,*,#8177,.T.);
#4613=ORIENTED_EDGE('',*,*,#8346,.F.);
#4614=ORIENTED_EDGE('',*,*,#8178,.T.);
#4615=ORIENTED_EDGE('',*,*,#8347,.T.);
#4616=CARTESIAN_POINT('',(14.0,-1.016,0.0));
#4617=DIRECTION('',(-0.0,1.0,0.0));
#4618=DIRECTION('',(1.0,0.0,0.0));
#4619=SURFACE_STYLE_FILL_AREA(#8348);
#4620=ORIENTED_EDGE('',*,*,#8172,.T.);
#4621=ORIENTED_EDGE('',*,*,#8347,.F.);
#4622=ORIENTED_EDGE('',*,*,#8174,.T.);
#4623=ORIENTED_EDGE('',*,*,#8349,.F.);
#4624=CARTESIAN_POINT('',(14.0,-0.126999999999995,0.0));
#4625=DIRECTION('',(-0.0,1.0,-0.0));
#4626=DIRECTION('',(1.0,0.0,0.0));
#4627=SURFACE_STYLE_FILL_AREA(#8350);
#4628=ORIENTED_EDGE('',*,*,#8227,.T.);
#4629=ORIENTED_EDGE('',*,*,#8265,.T.);
#4630=ORIENTED_EDGE('',*,*,#8179,.T.);
#4631=ORIENTED_EDGE('',*,*,#8346,.T.);
#4632=CARTESIAN_POINT('',(14.6985,-1.77800000000001,0.0));
#4633=DIRECTION('',(-0.0,-1.0,-0.0));
#4634=DIRECTION('',(-1.0,0.0,0.0));
#4635=SURFACE_STYLE_FILL_AREA(#8351);
#4636=ORIENTED_EDGE('',*,*,#8168,.T.);
#4637=ORIENTED_EDGE('',*,*,#8352,.F.);
#4638=ORIENTED_EDGE('',*,*,#8169,.T.);
#4639=ORIENTED_EDGE('',*,*,#8353,.T.);
#4640=CARTESIAN_POINT('',(10.5,-1.016,0.0));
#4641=DIRECTION('',(-0.0,1.0,0.0));
#4642=DIRECTION('',(1.0,0.0,0.0));
#4643=SURFACE_STYLE_FILL_AREA(#8354);
#4644=ORIENTED_EDGE('',*,*,#8163,.T.);
#4645=ORIENTED_EDGE('',*,*,#8353,.F.);
#4646=ORIENTED_EDGE('',*,*,#8165,.T.);
#4647=ORIENTED_EDGE('',*,*,#8355,.F.);
#4648=CARTESIAN_POINT('',(10.5,-0.126999999999995,0.0));
#4649=DIRECTION('',(-0.0,1.0,-0.0));
#4650=DIRECTION('',(1.0,0.0,0.0));
#4651=SURFACE_STYLE_FILL_AREA(#8356);
#4652=ORIENTED_EDGE('',*,*,#8218,.T.);
#4653=ORIENTED_EDGE('',*,*,#8281,.T.);
#4654=ORIENTED_EDGE('',*,*,#8170,.T.);
#4655=ORIENTED_EDGE('',*,*,#8352,.T.);
#4656=CARTESIAN_POINT('',(11.1985,-1.77800000000001,0.0));
#4657=DIRECTION('',(-0.0,-1.0,-0.0));
#4658=DIRECTION('',(-1.0,0.0,0.0));
#4659=SURFACE_STYLE_FILL_AREA(#8357);
#4660=ORIENTED_EDGE('',*,*,#8159,.T.);
#4661=ORIENTED_EDGE('',*,*,#8358,.F.);
#4662=ORIENTED_EDGE('',*,*,#8160,.T.);
#4663=ORIENTED_EDGE('',*,*,#8359,.T.);
#4664=CARTESIAN_POINT('',(7.0,-1.016,0.0));
#4665=DIRECTION('',(-0.0,1.0,0.0));
#4666=DIRECTION('',(1.0,0.0,0.0));
#4667=SURFACE_STYLE_FILL_AREA(#8360);
#4668=ORIENTED_EDGE('',*,*,#8154,.T.);
#4669=ORIENTED_EDGE('',*,*,#8359,.F.);
#4670=ORIENTED_EDGE('',*,*,#8156,.T.);
#4671=ORIENTED_EDGE('',*,*,#8361,.F.);
#4672=CARTESIAN_POINT('',(7.0,-0.126999999999995,0.0));
#4673=DIRECTION('',(-0.0,1.0,-0.0));
#4674=DIRECTION('',(1.0,0.0,0.0));
#4675=SURFACE_STYLE_FILL_AREA(#8362);
#4676=ORIENTED_EDGE('',*,*,#8209,.T.);
#4677=ORIENTED_EDGE('',*,*,#8297,.T.);
#4678=ORIENTED_EDGE('',*,*,#8161,.T.);
#4679=ORIENTED_EDGE('',*,*,#8358,.T.);
#4680=CARTESIAN_POINT('',(7.6985,-1.77800000000001,0.0));
#4681=DIRECTION('',(-0.0,-1.0,-0.0));
#4682=DIRECTION('',(-1.0,0.0,0.0));
#4683=SURFACE_STYLE_FILL_AREA(#8363);
#4684=ORIENTED_EDGE('',*,*,#8150,.T.);
#4685=ORIENTED_EDGE('',*,*,#8364,.F.);
#4686=ORIENTED_EDGE('',*,*,#8151,.T.);
#4687=ORIENTED_EDGE('',*,*,#8365,.T.);
#4688=CARTESIAN_POINT('',(3.5,-1.016,0.0));
#4689=DIRECTION('',(-0.0,1.0,0.0));
#4690=DIRECTION('',(1.0,0.0,0.0));
#4691=SURFACE_STYLE_FILL_AREA(#8366);
#4692=ORIENTED_EDGE('',*,*,#8145,.T.);
#4693=ORIENTED_EDGE('',*,*,#8365,.F.);
#4694=ORIENTED_EDGE('',*,*,#8147,.T.);
#4695=ORIENTED_EDGE('',*,*,#8367,.F.);
#4696=CARTESIAN_POINT('',(3.5,-0.126999999999995,0.0));
#4697=DIRECTION('',(-0.0,1.0,-0.0));
#4698=DIRECTION('',(1.0,0.0,0.0));
#4699=SURFACE_STYLE_FILL_AREA(#8368);
#4700=ORIENTED_EDGE('',*,*,#8200,.T.);
#4701=ORIENTED_EDGE('',*,*,#8313,.T.);
#4702=ORIENTED_EDGE('',*,*,#8152,.T.);
#4703=ORIENTED_EDGE('',*,*,#8364,.T.);
#4704=CARTESIAN_POINT('',(4.1985,-1.77800000000001,0.0));
#4705=DIRECTION('',(-0.0,-1.0,-0.0));
#4706=DIRECTION('',(-1.0,0.0,0.0));
#4707=SURFACE_STYLE_FILL_AREA(#8369);
#4708=ORIENTED_EDGE('',*,*,#8141,.T.);
#4709=ORIENTED_EDGE('',*,*,#8370,.F.);
#4710=ORIENTED_EDGE('',*,*,#8142,.T.);
#4711=ORIENTED_EDGE('',*,*,#8371,.T.);
#4712=CARTESIAN_POINT('',(0.0,-1.016,0.0));
#4713=DIRECTION('',(-0.0,1.0,0.0));
#4714=DIRECTION('',(1.0,0.0,0.0));
#4715=SURFACE_STYLE_FILL_AREA(#8372);
#4716=ORIENTED_EDGE('',*,*,#8136,.T.);
#4717=ORIENTED_EDGE('',*,*,#8371,.F.);
#4718=ORIENTED_EDGE('',*,*,#8138,.T.);
#4719=ORIENTED_EDGE('',*,*,#8373,.F.);
#4720=CARTESIAN_POINT('',(0.0,-0.126999999999995,0.0));
#4721=DIRECTION('',(-0.0,1.0,-0.0));
#4722=DIRECTION('',(1.0,0.0,0.0));
#4723=SURFACE_STYLE_FILL_AREA(#8374);
#4724=ORIENTED_EDGE('',*,*,#8191,.T.);
#4725=ORIENTED_EDGE('',*,*,#8329,.T.);
#4726=ORIENTED_EDGE('',*,*,#8143,.T.);
#4727=ORIENTED_EDGE('',*,*,#8370,.T.);
#4728=CARTESIAN_POINT('',(0.698499999999997,-1.77800000000001,0.0));
#4729=DIRECTION('',(-0.0,-1.0,-0.0));
#4730=DIRECTION('',(-1.0,0.0,0.0));
#4731=SURFACE_STYLE_FILL_AREA(#8375);
#4732=ORIENTED_EDGE('',*,*,#8132,.T.);
#4733=ORIENTED_EDGE('',*,*,#8376,.F.);
#4734=ORIENTED_EDGE('',*,*,#8133,.T.);
#4735=ORIENTED_EDGE('',*,*,#8377,.T.);
#4736=CARTESIAN_POINT('',(17.5,-18.9,0.0));
#4737=DIRECTION('',(0.0,-1.0,-0.0));
#4738=DIRECTION('',(1.0,0.0,0.0));
#4739=SURFACE_STYLE_FILL_AREA(#8378);
#4740=ORIENTED_EDGE('',*,*,#8127,.T.);
#4741=ORIENTED_EDGE('',*,*,#8377,.F.);
#4742=ORIENTED_EDGE('',*,*,#8129,.T.);
#4743=ORIENTED_EDGE('',*,*,#8379,.T.);
#4744=CARTESIAN_POINT('',(17.5,-15.6,0.0));
#4745=DIRECTION('',(-0.0,1.0,0.0));
#4746=DIRECTION('',(1.0,0.0,0.0));
#4747=SURFACE_STYLE_FILL_AREA(#8380);
#4748=ORIENTED_EDGE('',*,*,#8128,.F.);
#4749=ORIENTED_EDGE('',*,*,#8379,.F.);
#4750=CARTESIAN_POINT('',(17.8,-12.5,0.0));
#4751=DIRECTION('',(-0.0,1.0,0.0));
#4752=DIRECTION('',(1.0,0.0,0.0));
#4753=SURFACE_STYLE_FILL_AREA(#8381);
#4754=ORIENTED_EDGE('',*,*,#8123,.T.);
#4755=ORIENTED_EDGE('',*,*,#8382,.F.);
#4756=ORIENTED_EDGE('',*,*,#8124,.T.);
#4757=ORIENTED_EDGE('',*,*,#8383,.T.);
#4758=CARTESIAN_POINT('',(14.0,-18.9,0.0));
#4759=DIRECTION('',(0.0,-1.0,-0.0));
#4760=DIRECTION('',(1.0,0.0,0.0));
#4761=SURFACE_STYLE_FILL_AREA(#8384);
#4762=ORIENTED_EDGE('',*,*,#8118,.T.);
#4763=ORIENTED_EDGE('',*,*,#8383,.F.);
#4764=ORIENTED_EDGE('',*,*,#8120,.T.);
#4765=ORIENTED_EDGE('',*,*,#8385,.T.);
#4766=CARTESIAN_POINT('',(14.0,-15.6,0.0));
#4767=DIRECTION('',(-0.0,1.0,0.0));
#4768=DIRECTION('',(1.0,0.0,0.0));
#4769=SURFACE_STYLE_FILL_AREA(#8386);
#4770=ORIENTED_EDGE('',*,*,#8119,.F.);
#4771=ORIENTED_EDGE('',*,*,#8385,.F.);
#4772=CARTESIAN_POINT('',(14.3,-12.5,0.0));
#4773=DIRECTION('',(-0.0,1.0,0.0));
#4774=DIRECTION('',(1.0,0.0,0.0));
#4775=SURFACE_STYLE_FILL_AREA(#8387);
#4776=ORIENTED_EDGE('',*,*,#8114,.T.);
#4777=ORIENTED_EDGE('',*,*,#8388,.F.);
#4778=ORIENTED_EDGE('',*,*,#8115,.T.);
#4779=ORIENTED_EDGE('',*,*,#8389,.T.);
#4780=CARTESIAN_POINT('',(10.5,-18.9,0.0));
#4781=DIRECTION('',(0.0,-1.0,-0.0));
#4782=DIRECTION('',(1.0,0.0,0.0));
#4783=SURFACE_STYLE_FILL_AREA(#8390);
#4784=ORIENTED_EDGE('',*,*,#8109,.T.);
#4785=ORIENTED_EDGE('',*,*,#8389,.F.);
#4786=ORIENTED_EDGE('',*,*,#8111,.T.);
#4787=ORIENTED_EDGE('',*,*,#8391,.T.);
#4788=CARTESIAN_POINT('',(10.5,-15.6,0.0));
#4789=DIRECTION('',(-0.0,1.0,0.0));
#4790=DIRECTION('',(1.0,0.0,0.0));
#4791=SURFACE_STYLE_FILL_AREA(#8392);
#4792=ORIENTED_EDGE('',*,*,#8110,.F.);
#4793=ORIENTED_EDGE('',*,*,#8391,.F.);
#4794=CARTESIAN_POINT('',(10.8,-12.5,0.0));
#4795=DIRECTION('',(-0.0,1.0,0.0));
#4796=DIRECTION('',(1.0,0.0,0.0));
#4797=SURFACE_STYLE_FILL_AREA(#8393);
#4798=ORIENTED_EDGE('',*,*,#8105,.T.);
#4799=ORIENTED_EDGE('',*,*,#8394,.F.);
#4800=ORIENTED_EDGE('',*,*,#8106,.T.);
#4801=ORIENTED_EDGE('',*,*,#8395,.T.);
#4802=CARTESIAN_POINT('',(7.0,-18.9,0.0));
#4803=DIRECTION('',(0.0,-1.0,-0.0));
#4804=DIRECTION('',(1.0,0.0,0.0));
#4805=SURFACE_STYLE_FILL_AREA(#8396);
#4806=ORIENTED_EDGE('',*,*,#8100,.T.);
#4807=ORIENTED_EDGE('',*,*,#8395,.F.);
#4808=ORIENTED_EDGE('',*,*,#8102,.T.);
#4809=ORIENTED_EDGE('',*,*,#8397,.T.);
#4810=CARTESIAN_POINT('',(7.0,-15.6,0.0));
#4811=DIRECTION('',(-0.0,1.0,0.0));
#4812=DIRECTION('',(1.0,0.0,0.0));
#4813=SURFACE_STYLE_FILL_AREA(#8398);
#4814=ORIENTED_EDGE('',*,*,#8101,.F.);
#4815=ORIENTED_EDGE('',*,*,#8397,.F.);
#4816=CARTESIAN_POINT('',(7.3,-12.5,0.0));
#4817=DIRECTION('',(-0.0,1.0,0.0));
#4818=DIRECTION('',(1.0,0.0,0.0));
#4819=SURFACE_STYLE_FILL_AREA(#8399);
#4820=ORIENTED_EDGE('',*,*,#8096,.T.);
#4821=ORIENTED_EDGE('',*,*,#8400,.F.);
#4822=ORIENTED_EDGE('',*,*,#8097,.T.);
#4823=ORIENTED_EDGE('',*,*,#8401,.T.);
#4824=CARTESIAN_POINT('',(3.5,-18.9,0.0));
#4825=DIRECTION('',(0.0,-1.0,-0.0));
#4826=DIRECTION('',(1.0,0.0,0.0));
#4827=SURFACE_STYLE_FILL_AREA(#8402);
#4828=ORIENTED_EDGE('',*,*,#8091,.T.);
#4829=ORIENTED_EDGE('',*,*,#8401,.F.);
#4830=ORIENTED_EDGE('',*,*,#8093,.T.);
#4831=ORIENTED_EDGE('',*,*,#8403,.T.);
#4832=CARTESIAN_POINT('',(3.5,-15.6,0.0));
#4833=DIRECTION('',(-0.0,1.0,0.0));
#4834=DIRECTION('',(1.0,0.0,0.0));
#4835=SURFACE_STYLE_FILL_AREA(#8404);
#4836=ORIENTED_EDGE('',*,*,#8092,.F.);
#4837=ORIENTED_EDGE('',*,*,#8403,.F.);
#4838=CARTESIAN_POINT('',(3.8,-12.5,0.0));
#4839=DIRECTION('',(-0.0,1.0,0.0));
#4840=DIRECTION('',(1.0,0.0,0.0));
#4841=SURFACE_STYLE_FILL_AREA(#8405);
#4842=ORIENTED_EDGE('',*,*,#8087,.T.);
#4843=ORIENTED_EDGE('',*,*,#8406,.F.);
#4844=ORIENTED_EDGE('',*,*,#8088,.T.);
#4845=ORIENTED_EDGE('',*,*,#8407,.T.);
#4846=CARTESIAN_POINT('',(0.0,-18.9,0.0));
#4847=DIRECTION('',(0.0,-1.0,-0.0));
#4848=DIRECTION('',(1.0,0.0,0.0));
#4849=SURFACE_STYLE_FILL_AREA(#8408);
#4850=ORIENTED_EDGE('',*,*,#8082,.T.);
#4851=ORIENTED_EDGE('',*,*,#8407,.F.);
#4852=ORIENTED_EDGE('',*,*,#8084,.T.);
#4853=ORIENTED_EDGE('',*,*,#8409,.T.);
#4854=CARTESIAN_POINT('',(0.0,-15.6,0.0));
#4855=DIRECTION('',(-0.0,1.0,0.0));
#4856=DIRECTION('',(1.0,0.0,0.0));
#4857=SURFACE_STYLE_FILL_AREA(#8410);
#4858=ORIENTED_EDGE('',*,*,#8083,.F.);
#4859=ORIENTED_EDGE('',*,*,#8409,.F.);
#4860=CARTESIAN_POINT('',(0.3,-12.5,0.0));
#4861=DIRECTION('',(-0.0,1.0,0.0));
#4862=DIRECTION('',(1.0,0.0,0.0));
#4863=SURFACE_STYLE_FILL_AREA(#8411);
#4864=ORIENTED_EDGE('',*,*,#8412,.F.);
#4865=ORIENTED_EDGE('',*,*,#8413,.T.);
#4866=ORIENTED_EDGE('',*,*,#8414,.T.);
#4867=ORIENTED_EDGE('',*,*,#8415,.F.);
#4868=CARTESIAN_POINT('',(16.05,-12.3,-2.30926389122033E-14));
#4869=DIRECTION('',(-1.0,-6.63234669974091E-33,-1.4150238487891E-17));
#4870=DIRECTION('',(1.4150238487891E-17,6.12323399573676E-17,-1.0));
#4871=SURFACE_STYLE_FILL_AREA(#8416);
#4872=ORIENTED_EDGE('',*,*,#8417,.F.);
#4873=ORIENTED_EDGE('',*,*,#8418,.T.);
#4874=ORIENTED_EDGE('',*,*,#8419,.T.);
#4875=ORIENTED_EDGE('',*,*,#8413,.F.);
#4876=ORIENTED_EDGE('',*,*,#8420,.T.);
#4877=ORIENTED_EDGE('',*,*,#8421,.T.);
#4878=ORIENTED_EDGE('',*,*,#8422,.T.);
#4879=ORIENTED_EDGE('',*,*,#8423,.T.);
#4880=CARTESIAN_POINT('',(17.5,-12.3,-2.05));
#4881=DIRECTION('',(1.94173751768485E-14,6.12323399573676E-17,-1.0));
#4882=DIRECTION('',(1.0,-1.18147251899523E-30,1.94173751768485E-14));
#4883=SURFACE_STYLE_FILL_AREA(#8424);
#4884=ORIENTED_EDGE('',*,*,#8425,.F.);
#4885=ORIENTED_EDGE('',*,*,#8426,.T.);
#4886=ORIENTED_EDGE('',*,*,#8427,.T.);
#4887=ORIENTED_EDGE('',*,*,#8418,.F.);
#4888=CARTESIAN_POINT('',(18.95,-12.3,4.44089209850063E-15));
#4889=DIRECTION('',(1.0,3.3161733498705E-33,6.83074592013124E-17));
#4890=DIRECTION('',(-6.83074592013124E-17,-6.12323399573676E-17,1.0));
#4891=SURFACE_STYLE_FILL_AREA(#8428);
#4892=ORIENTED_EDGE('',*,*,#8421,.F.);
#4893=ORIENTED_EDGE('',*,*,#8429,.T.);
#4894=ORIENTED_EDGE('',*,*,#8430,.T.);
#4895=ORIENTED_EDGE('',*,*,#8431,.T.);
#4896=ORIENTED_EDGE('',*,*,#8432,.F.);
#4897=ORIENTED_EDGE('',*,*,#8433,.T.);
#4898=ORIENTED_EDGE('',*,*,#8434,.T.);
#4899=ORIENTED_EDGE('',*,*,#8435,.T.);
#4900=CARTESIAN_POINT('',(17.4999818905,-16.8,-2.64757509861275));
#4901=DIRECTION('',(7.49879891330929E-33,-1.0,-6.12323399573676E-17));
#4902=DIRECTION('',(-1.0,0.0,-1.22464679914735E-16));
#4903=SURFACE_STYLE_FILL_AREA(#8436);
#4904=ORIENTED_EDGE('',*,*,#8420,.F.);
#4905=ORIENTED_EDGE('',*,*,#8437,.T.);
#4906=ORIENTED_EDGE('',*,*,#8438,.F.);
#4907=ORIENTED_EDGE('',*,*,#8429,.F.);
#4908=CARTESIAN_POINT('',(17.7499430555555,-16.8,-2.11063148148148));
#4909=DIRECTION('',(1.0,0.0,1.22464679914735E-16));
#4910=DIRECTION('',(-1.22464679914735E-16,-6.12323399573676E-17,1.0));
#4911=SURFACE_STYLE_FILL_AREA(#8439);
#4912=ORIENTED_EDGE('',*,*,#8440,.T.);
#4913=ORIENTED_EDGE('',*,*,#8441,.F.);
#4914=ORIENTED_EDGE('',*,*,#8430,.F.);
#4915=ORIENTED_EDGE('',*,*,#8438,.T.);
#4916=CARTESIAN_POINT('',(17.8249671296296,-16.8,-2.46063333333334));
#4917=DIRECTION('',(0.765903356636042,-3.93696827680582E-17,0.64295571254453));
#4918=DIRECTION('',(-0.64295571254453,-4.68980547080271E-17,0.765903356636042));
#4919=SURFACE_STYLE_FILL_AREA(#8442);
#4920=ORIENTED_EDGE('',*,*,#8443,.T.);
#4921=ORIENTED_EDGE('',*,*,#8444,.F.);
#4922=ORIENTED_EDGE('',*,*,#8431,.F.);
#4923=ORIENTED_EDGE('',*,*,#8441,.T.);
#4924=CARTESIAN_POINT('',(17.8999912037037,-16.8,-2.95000185185185));
#4925=DIRECTION('',(1.0,0.0,1.22464679914735E-16));
#4926=DIRECTION('',(-1.22464679914735E-16,-6.12323399573676E-17,1.0));
#4927=SURFACE_STYLE_FILL_AREA(#8445);
#4928=ORIENTED_EDGE('',*,*,#8446,.T.);
#4929=ORIENTED_EDGE('',*,*,#8447,.F.);
#4930=ORIENTED_EDGE('',*,*,#8432,.T.);
#4931=ORIENTED_EDGE('',*,*,#8444,.T.);
#4932=CARTESIAN_POINT('',(17.5,-16.8,-3.35));
#4933=DIRECTION('',(1.22464679914735E-16,6.12323399573676E-17,-1.0));
#4934=DIRECTION('',(1.0,0.0,1.22464679914735E-16));
#4935=SURFACE_STYLE_FILL_AREA(#8448);
#4936=ORIENTED_EDGE('',*,*,#8449,.T.);
#4937=ORIENTED_EDGE('',*,*,#8450,.F.);
#4938=ORIENTED_EDGE('',*,*,#8433,.F.);
#4939=ORIENTED_EDGE('',*,*,#8447,.T.);
#4940=CARTESIAN_POINT('',(17.1000087962963,-16.8,-2.95000185185185));
#4941=DIRECTION('',(-1.0,0.0,-1.22464679914735E-16));
#4942=DIRECTION('',(1.22464679914735E-16,6.12323399573676E-17,-1.0));
#4943=SURFACE_STYLE_FILL_AREA(#8451);
#4944=ORIENTED_EDGE('',*,*,#8452,.T.);
#4945=ORIENTED_EDGE('',*,*,#8453,.F.);
#4946=ORIENTED_EDGE('',*,*,#8434,.F.);
#4947=ORIENTED_EDGE('',*,*,#8450,.T.);
#4948=CARTESIAN_POINT('',(17.1749740740741,-16.8,-2.46063333333334));
#4949=DIRECTION('',(-0.766151513468188,-3.93515747780937E-17,0.642659986626214));
#4950=DIRECTION('',(-0.642659986626214,4.69132499315358E-17,-0.766151513468188));
#4951=SURFACE_STYLE_FILL_AREA(#8454);
#4952=ORIENTED_EDGE('',*,*,#8422,.F.);
#4953=ORIENTED_EDGE('',*,*,#8435,.F.);
#4954=ORIENTED_EDGE('',*,*,#8453,.T.);
#4955=ORIENTED_EDGE('',*,*,#8455,.T.);
#4956=CARTESIAN_POINT('',(17.2499393518518,-16.8,-2.11063148148148));
#4957=DIRECTION('',(-1.0,0.0,-1.22464679914735E-16));
#4958=DIRECTION('',(1.22464679914735E-16,6.12323399573676E-17,-1.0));
#4959=SURFACE_STYLE_FILL_AREA(#8456);
#4960=ORIENTED_EDGE('',*,*,#8423,.F.);
#4961=ORIENTED_EDGE('',*,*,#8455,.F.);
#4962=ORIENTED_EDGE('',*,*,#8452,.F.);
#4963=ORIENTED_EDGE('',*,*,#8449,.F.);
#4964=ORIENTED_EDGE('',*,*,#8446,.F.);
#4965=ORIENTED_EDGE('',*,*,#8443,.F.);
#4966=ORIENTED_EDGE('',*,*,#8440,.F.);
#4967=ORIENTED_EDGE('',*,*,#8437,.F.);
#4968=CARTESIAN_POINT('',(17.4999818905,-18.8,-2.64757509861275));
#4969=DIRECTION('',(7.49879891330929E-33,-1.0,-6.12323399573676E-17));
#4970=DIRECTION('',(-1.0,0.0,-1.22464679914735E-16));
#4971=SURFACE_STYLE_FILL_AREA(#8457);
#4972=ORIENTED_EDGE('',*,*,#8458,.F.);
#4973=ORIENTED_EDGE('',*,*,#8415,.T.);
#4974=ORIENTED_EDGE('',*,*,#8459,.T.);
#4975=ORIENTED_EDGE('',*,*,#8460,.F.);
#4976=CARTESIAN_POINT('',(16.3051,-12.3,2.04999999999998));
#4977=DIRECTION('',(-1.22464679914735E-16,-6.12323399573676E-17,1.0));
#4978=DIRECTION('',(-1.0,0.0,-1.22464679914735E-16));
#4979=SURFACE_STYLE_FILL_AREA(#8461);
#4980=ORIENTED_EDGE('',*,*,#8462,.F.);
#4981=ORIENTED_EDGE('',*,*,#8460,.T.);
#4982=ORIENTED_EDGE('',*,*,#8463,.T.);
#4983=ORIENTED_EDGE('',*,*,#8464,.F.);
#4984=CARTESIAN_POINT('',(17.5,-12.3,3.66163000000002));
#4985=DIRECTION('',(7.49879891330929E-33,-1.0,-6.12323399573676E-17));
#4986=DIRECTION('',(-1.0,-1.46701707366113E-48,-1.22464679914735E-16));
#4987=SURFACE_STYLE_FILL_AREA(#8465);
#4988=ORIENTED_EDGE('',*,*,#8466,.F.);
#4989=ORIENTED_EDGE('',*,*,#8464,.T.);
#4990=ORIENTED_EDGE('',*,*,#8467,.T.);
#4991=ORIENTED_EDGE('',*,*,#8426,.F.);
#4992=CARTESIAN_POINT('',(18.6949,-12.3,2.04999999999998));
#4993=DIRECTION('',(-1.22464679914735E-16,-6.12323399573676E-17,1.0));
#4994=DIRECTION('',(-1.0,0.0,-1.22464679914735E-16));
#4995=SURFACE_STYLE_FILL_AREA(#8468);
#4996=ORIENTED_EDGE('',*,*,#8134,.T.);
#4997=ORIENTED_EDGE('',*,*,#8376,.T.);
#4998=ORIENTED_EDGE('',*,*,#8427,.F.);
#4999=ORIENTED_EDGE('',*,*,#8467,.F.);
#5000=ORIENTED_EDGE('',*,*,#8463,.F.);
#5001=ORIENTED_EDGE('',*,*,#8459,.F.);
#5002=ORIENTED_EDGE('',*,*,#8414,.F.);
#5003=ORIENTED_EDGE('',*,*,#8419,.F.);
#5004=CARTESIAN_POINT('',(17.5,-19.1,-0.00808144222009677));
#5005=DIRECTION('',(7.49879891330929E-33,-1.0,-6.12323399573676E-17));
#5006=DIRECTION('',(-1.0,0.0,-1.22464679914735E-16));
#5007=SURFACE_STYLE_FILL_AREA(#8469);
#5008=ORIENTED_EDGE('',*,*,#8470,.F.);
#5009=ORIENTED_EDGE('',*,*,#8471,.T.);
#5010=ORIENTED_EDGE('',*,*,#8472,.T.);
#5011=ORIENTED_EDGE('',*,*,#8473,.F.);
#5012=CARTESIAN_POINT('',(12.55,-12.3,-2.30926389122033E-14));
#5013=DIRECTION('',(-1.0,-6.63234669974091E-33,-1.4150238487891E-17));
#5014=DIRECTION('',(1.4150238487891E-17,6.12323399573676E-17,-1.0));
#5015=SURFACE_STYLE_FILL_AREA(#8474);
#5016=ORIENTED_EDGE('',*,*,#8475,.F.);
#5017=ORIENTED_EDGE('',*,*,#8476,.T.);
#5018=ORIENTED_EDGE('',*,*,#8477,.T.);
#5019=ORIENTED_EDGE('',*,*,#8471,.F.);
#5020=ORIENTED_EDGE('',*,*,#8478,.T.);
#5021=ORIENTED_EDGE('',*,*,#8479,.T.);
#5022=ORIENTED_EDGE('',*,*,#8480,.T.);
#5023=ORIENTED_EDGE('',*,*,#8481,.T.);
#5024=CARTESIAN_POINT('',(14.0,-12.3,-2.05));
#5025=DIRECTION('',(1.94173751768485E-14,6.12323399573676E-17,-1.0));
#5026=DIRECTION('',(1.0,-1.18147251899523E-30,1.94173751768485E-14));
#5027=SURFACE_STYLE_FILL_AREA(#8482);
#5028=ORIENTED_EDGE('',*,*,#8483,.F.);
#5029=ORIENTED_EDGE('',*,*,#8484,.T.);
#5030=ORIENTED_EDGE('',*,*,#8485,.T.);
#5031=ORIENTED_EDGE('',*,*,#8476,.F.);
#5032=CARTESIAN_POINT('',(15.45,-12.3,4.44089209850063E-15));
#5033=DIRECTION('',(1.0,3.3161733498705E-33,6.83074592013124E-17));
#5034=DIRECTION('',(-6.83074592013124E-17,-6.12323399573676E-17,1.0));
#5035=SURFACE_STYLE_FILL_AREA(#8486);
#5036=ORIENTED_EDGE('',*,*,#8479,.F.);
#5037=ORIENTED_EDGE('',*,*,#8487,.T.);
#5038=ORIENTED_EDGE('',*,*,#8488,.T.);
#5039=ORIENTED_EDGE('',*,*,#8489,.T.);
#5040=ORIENTED_EDGE('',*,*,#8490,.F.);
#5041=ORIENTED_EDGE('',*,*,#8491,.T.);
#5042=ORIENTED_EDGE('',*,*,#8492,.T.);
#5043=ORIENTED_EDGE('',*,*,#8493,.T.);
#5044=CARTESIAN_POINT('',(13.9999818905,-16.8,-2.64757509861275));
#5045=DIRECTION('',(7.49879891330929E-33,-1.0,-6.12323399573676E-17));
#5046=DIRECTION('',(-1.0,0.0,-1.22464679914735E-16));
#5047=SURFACE_STYLE_FILL_AREA(#8494);
#5048=ORIENTED_EDGE('',*,*,#8478,.F.);
#5049=ORIENTED_EDGE('',*,*,#8495,.T.);
#5050=ORIENTED_EDGE('',*,*,#8496,.F.);
#5051=ORIENTED_EDGE('',*,*,#8487,.F.);
#5052=CARTESIAN_POINT('',(14.2499430555555,-16.8,-2.11063148148148));
#5053=DIRECTION('',(1.0,0.0,1.22464679914735E-16));
#5054=DIRECTION('',(-1.22464679914735E-16,-6.12323399573676E-17,1.0));
#5055=SURFACE_STYLE_FILL_AREA(#8497);
#5056=ORIENTED_EDGE('',*,*,#8498,.T.);
#5057=ORIENTED_EDGE('',*,*,#8499,.F.);
#5058=ORIENTED_EDGE('',*,*,#8488,.F.);
#5059=ORIENTED_EDGE('',*,*,#8496,.T.);
#5060=CARTESIAN_POINT('',(14.3249671296296,-16.8,-2.46063333333334));
#5061=DIRECTION('',(0.765903356636042,-3.93696827680582E-17,0.64295571254453));
#5062=DIRECTION('',(-0.64295571254453,-4.68980547080271E-17,0.765903356636042));
#5063=SURFACE_STYLE_FILL_AREA(#8500);
#5064=ORIENTED_EDGE('',*,*,#8501,.T.);
#5065=ORIENTED_EDGE('',*,*,#8502,.F.);
#5066=ORIENTED_EDGE('',*,*,#8489,.F.);
#5067=ORIENTED_EDGE('',*,*,#8499,.T.);
#5068=CARTESIAN_POINT('',(14.3999912037037,-16.8,-2.95000185185185));
#5069=DIRECTION('',(1.0,0.0,1.22464679914735E-16));
#5070=DIRECTION('',(-1.22464679914735E-16,-6.12323399573676E-17,1.0));
#5071=SURFACE_STYLE_FILL_AREA(#8503);
#5072=ORIENTED_EDGE('',*,*,#8504,.T.);
#5073=ORIENTED_EDGE('',*,*,#8505,.F.);
#5074=ORIENTED_EDGE('',*,*,#8490,.T.);
#5075=ORIENTED_EDGE('',*,*,#8502,.T.);
#5076=CARTESIAN_POINT('',(14.0,-16.8,-3.35));
#5077=DIRECTION('',(1.22464679914735E-16,6.12323399573676E-17,-1.0));
#5078=DIRECTION('',(1.0,0.0,1.22464679914735E-16));
#5079=SURFACE_STYLE_FILL_AREA(#8506);
#5080=ORIENTED_EDGE('',*,*,#8507,.T.);
#5081=ORIENTED_EDGE('',*,*,#8508,.F.);
#5082=ORIENTED_EDGE('',*,*,#8491,.F.);
#5083=ORIENTED_EDGE('',*,*,#8505,.T.);
#5084=CARTESIAN_POINT('',(13.6000087962963,-16.8,-2.95000185185185));
#5085=DIRECTION('',(-1.0,0.0,-1.22464679914735E-16));
#5086=DIRECTION('',(1.22464679914735E-16,6.12323399573676E-17,-1.0));
#5087=SURFACE_STYLE_FILL_AREA(#8509);
#5088=ORIENTED_EDGE('',*,*,#8510,.T.);
#5089=ORIENTED_EDGE('',*,*,#8511,.F.);
#5090=ORIENTED_EDGE('',*,*,#8492,.F.);
#5091=ORIENTED_EDGE('',*,*,#8508,.T.);
#5092=CARTESIAN_POINT('',(13.6749740740741,-16.8,-2.46063333333334));
#5093=DIRECTION('',(-0.766151513468188,-3.93515747780937E-17,0.642659986626214));
#5094=DIRECTION('',(-0.642659986626214,4.69132499315358E-17,-0.766151513468188));
#5095=SURFACE_STYLE_FILL_AREA(#8512);
#5096=ORIENTED_EDGE('',*,*,#8480,.F.);
#5097=ORIENTED_EDGE('',*,*,#8493,.F.);
#5098=ORIENTED_EDGE('',*,*,#8511,.T.);
#5099=ORIENTED_EDGE('',*,*,#8513,.T.);
#5100=CARTESIAN_POINT('',(13.7499393518518,-16.8,-2.11063148148148));
#5101=DIRECTION('',(-1.0,0.0,-1.22464679914735E-16));
#5102=DIRECTION('',(1.22464679914735E-16,6.12323399573676E-17,-1.0));
#5103=SURFACE_STYLE_FILL_AREA(#8514);
#5104=ORIENTED_EDGE('',*,*,#8481,.F.);
#5105=ORIENTED_EDGE('',*,*,#8513,.F.);
#5106=ORIENTED_EDGE('',*,*,#8510,.F.);
#5107=ORIENTED_EDGE('',*,*,#8507,.F.);
#5108=ORIENTED_EDGE('',*,*,#8504,.F.);
#5109=ORIENTED_EDGE('',*,*,#8501,.F.);
#5110=ORIENTED_EDGE('',*,*,#8498,.F.);
#5111=ORIENTED_EDGE('',*,*,#8495,.F.);
#5112=CARTESIAN_POINT('',(13.9999818905,-18.8,-2.64757509861275));
#5113=DIRECTION('',(7.49879891330929E-33,-1.0,-6.12323399573676E-17));
#5114=DIRECTION('',(-1.0,0.0,-1.22464679914735E-16));
#5115=SURFACE_STYLE_FILL_AREA(#8515);
#5116=ORIENTED_EDGE('',*,*,#8516,.F.);
#5117=ORIENTED_EDGE('',*,*,#8473,.T.);
#5118=ORIENTED_EDGE('',*,*,#8517,.T.);
#5119=ORIENTED_EDGE('',*,*,#8518,.F.);
#5120=CARTESIAN_POINT('',(12.8051,-12.3,2.04999999999998));
#5121=DIRECTION('',(-1.22464679914735E-16,-6.12323399573676E-17,1.0));
#5122=DIRECTION('',(-1.0,0.0,-1.22464679914735E-16));
#5123=SURFACE_STYLE_FILL_AREA(#8519);
#5124=ORIENTED_EDGE('',*,*,#8520,.F.);
#5125=ORIENTED_EDGE('',*,*,#8518,.T.);
#5126=ORIENTED_EDGE('',*,*,#8521,.T.);
#5127=ORIENTED_EDGE('',*,*,#8522,.F.);
#5128=CARTESIAN_POINT('',(14.0,-12.3,3.66163000000002));
#5129=DIRECTION('',(7.49879891330929E-33,-1.0,-6.12323399573676E-17));
#5130=DIRECTION('',(-1.0,-1.46701707366113E-48,-1.22464679914735E-16));
#5131=SURFACE_STYLE_FILL_AREA(#8523);
#5132=ORIENTED_EDGE('',*,*,#8524,.F.);
#5133=ORIENTED_EDGE('',*,*,#8522,.T.);
#5134=ORIENTED_EDGE('',*,*,#8525,.T.);
#5135=ORIENTED_EDGE('',*,*,#8484,.F.);
#5136=CARTESIAN_POINT('',(15.1949,-12.3,2.04999999999998));
#5137=DIRECTION('',(-1.22464679914735E-16,-6.12323399573676E-17,1.0));
#5138=DIRECTION('',(-1.0,0.0,-1.22464679914735E-16));
#5139=SURFACE_STYLE_FILL_AREA(#8526);
#5140=ORIENTED_EDGE('',*,*,#8125,.T.);
#5141=ORIENTED_EDGE('',*,*,#8382,.T.);
#5142=ORIENTED_EDGE('',*,*,#8485,.F.);
#5143=ORIENTED_EDGE('',*,*,#8525,.F.);
#5144=ORIENTED_EDGE('',*,*,#8521,.F.);
#5145=ORIENTED_EDGE('',*,*,#8517,.F.);
#5146=ORIENTED_EDGE('',*,*,#8472,.F.);
#5147=ORIENTED_EDGE('',*,*,#8477,.F.);
#5148=CARTESIAN_POINT('',(14.0,-19.1,-0.00808144222009677));
#5149=DIRECTION('',(7.49879891330929E-33,-1.0,-6.12323399573676E-17));
#5150=DIRECTION('',(-1.0,0.0,-1.22464679914735E-16));
#5151=SURFACE_STYLE_FILL_AREA(#8527);
#5152=ORIENTED_EDGE('',*,*,#8528,.F.);
#5153=ORIENTED_EDGE('',*,*,#8529,.T.);
#5154=ORIENTED_EDGE('',*,*,#8530,.T.);
#5155=ORIENTED_EDGE('',*,*,#8531,.F.);
#5156=CARTESIAN_POINT('',(9.05,-12.3,-2.30926389122033E-14));
#5157=DIRECTION('',(-1.0,-6.63234669974091E-33,-1.4150238487891E-17));
#5158=DIRECTION('',(1.4150238487891E-17,6.12323399573676E-17,-1.0));
#5159=SURFACE_STYLE_FILL_AREA(#8532);
#5160=ORIENTED_EDGE('',*,*,#8533,.F.);
#5161=ORIENTED_EDGE('',*,*,#8534,.T.);
#5162=ORIENTED_EDGE('',*,*,#8535,.T.);
#5163=ORIENTED_EDGE('',*,*,#8529,.F.);
#5164=ORIENTED_EDGE('',*,*,#8536,.T.);
#5165=ORIENTED_EDGE('',*,*,#8537,.T.);
#5166=ORIENTED_EDGE('',*,*,#8538,.T.);
#5167=ORIENTED_EDGE('',*,*,#8539,.T.);
#5168=CARTESIAN_POINT('',(10.5,-12.3,-2.05));
#5169=DIRECTION('',(1.94173751768485E-14,6.12323399573676E-17,-1.0));
#5170=DIRECTION('',(1.0,-1.18147251899523E-30,1.94173751768485E-14));
#5171=SURFACE_STYLE_FILL_AREA(#8540);
#5172=ORIENTED_EDGE('',*,*,#8541,.F.);
#5173=ORIENTED_EDGE('',*,*,#8542,.T.);
#5174=ORIENTED_EDGE('',*,*,#8543,.T.);
#5175=ORIENTED_EDGE('',*,*,#8534,.F.);
#5176=CARTESIAN_POINT('',(11.95,-12.3,4.44089209850063E-15));
#5177=DIRECTION('',(1.0,3.3161733498705E-33,6.83074592013124E-17));
#5178=DIRECTION('',(-6.83074592013124E-17,-6.12323399573676E-17,1.0));
#5179=SURFACE_STYLE_FILL_AREA(#8544);
#5180=ORIENTED_EDGE('',*,*,#8537,.F.);
#5181=ORIENTED_EDGE('',*,*,#8545,.T.);
#5182=ORIENTED_EDGE('',*,*,#8546,.T.);
#5183=ORIENTED_EDGE('',*,*,#8547,.T.);
#5184=ORIENTED_EDGE('',*,*,#8548,.F.);
#5185=ORIENTED_EDGE('',*,*,#8549,.T.);
#5186=ORIENTED_EDGE('',*,*,#8550,.T.);
#5187=ORIENTED_EDGE('',*,*,#8551,.T.);
#5188=CARTESIAN_POINT('',(10.4999818905,-16.8,-2.64757509861275));
#5189=DIRECTION('',(7.49879891330929E-33,-1.0,-6.12323399573676E-17));
#5190=DIRECTION('',(-1.0,0.0,-1.22464679914735E-16));
#5191=SURFACE_STYLE_FILL_AREA(#8552);
#5192=ORIENTED_EDGE('',*,*,#8536,.F.);
#5193=ORIENTED_EDGE('',*,*,#8553,.T.);
#5194=ORIENTED_EDGE('',*,*,#8554,.F.);
#5195=ORIENTED_EDGE('',*,*,#8545,.F.);
#5196=CARTESIAN_POINT('',(10.7499430555555,-16.8,-2.11063148148148));
#5197=DIRECTION('',(1.0,0.0,1.22464679914735E-16));
#5198=DIRECTION('',(-1.22464679914735E-16,-6.12323399573676E-17,1.0));
#5199=SURFACE_STYLE_FILL_AREA(#8555);
#5200=ORIENTED_EDGE('',*,*,#8556,.T.);
#5201=ORIENTED_EDGE('',*,*,#8557,.F.);
#5202=ORIENTED_EDGE('',*,*,#8546,.F.);
#5203=ORIENTED_EDGE('',*,*,#8554,.T.);
#5204=CARTESIAN_POINT('',(10.8249671296296,-16.8,-2.46063333333334));
#5205=DIRECTION('',(0.765903356636042,-3.93696827680582E-17,0.64295571254453));
#5206=DIRECTION('',(-0.64295571254453,-4.68980547080271E-17,0.765903356636042));
#5207=SURFACE_STYLE_FILL_AREA(#8558);
#5208=ORIENTED_EDGE('',*,*,#8559,.T.);
#5209=ORIENTED_EDGE('',*,*,#8560,.F.);
#5210=ORIENTED_EDGE('',*,*,#8547,.F.);
#5211=ORIENTED_EDGE('',*,*,#8557,.T.);
#5212=CARTESIAN_POINT('',(10.8999912037037,-16.8,-2.95000185185185));
#5213=DIRECTION('',(1.0,0.0,1.22464679914735E-16));
#5214=DIRECTION('',(-1.22464679914735E-16,-6.12323399573676E-17,1.0));
#5215=SURFACE_STYLE_FILL_AREA(#8561);
#5216=ORIENTED_EDGE('',*,*,#8562,.T.);
#5217=ORIENTED_EDGE('',*,*,#8563,.F.);
#5218=ORIENTED_EDGE('',*,*,#8548,.T.);
#5219=ORIENTED_EDGE('',*,*,#8560,.T.);
#5220=CARTESIAN_POINT('',(10.5,-16.8,-3.35));
#5221=DIRECTION('',(1.22464679914735E-16,6.12323399573676E-17,-1.0));
#5222=DIRECTION('',(1.0,0.0,1.22464679914735E-16));
#5223=SURFACE_STYLE_FILL_AREA(#8564);
#5224=ORIENTED_EDGE('',*,*,#8565,.T.);
#5225=ORIENTED_EDGE('',*,*,#8566,.F.);
#5226=ORIENTED_EDGE('',*,*,#8549,.F.);
#5227=ORIENTED_EDGE('',*,*,#8563,.T.);
#5228=CARTESIAN_POINT('',(10.1000087962963,-16.8,-2.95000185185185));
#5229=DIRECTION('',(-1.0,0.0,-1.22464679914735E-16));
#5230=DIRECTION('',(1.22464679914735E-16,6.12323399573676E-17,-1.0));
#5231=SURFACE_STYLE_FILL_AREA(#8567);
#5232=ORIENTED_EDGE('',*,*,#8568,.T.);
#5233=ORIENTED_EDGE('',*,*,#8569,.F.);
#5234=ORIENTED_EDGE('',*,*,#8550,.F.);
#5235=ORIENTED_EDGE('',*,*,#8566,.T.);
#5236=CARTESIAN_POINT('',(10.1749740740741,-16.8,-2.46063333333334));
#5237=DIRECTION('',(-0.766151513468188,-3.93515747780937E-17,0.642659986626214));
#5238=DIRECTION('',(-0.642659986626214,4.69132499315358E-17,-0.766151513468188));
#5239=SURFACE_STYLE_FILL_AREA(#8570);
#5240=ORIENTED_EDGE('',*,*,#8538,.F.);
#5241=ORIENTED_EDGE('',*,*,#8551,.F.);
#5242=ORIENTED_EDGE('',*,*,#8569,.T.);
#5243=ORIENTED_EDGE('',*,*,#8571,.T.);
#5244=CARTESIAN_POINT('',(10.2499393518518,-16.8,-2.11063148148148));
#5245=DIRECTION('',(-1.0,0.0,-1.22464679914735E-16));
#5246=DIRECTION('',(1.22464679914735E-16,6.12323399573676E-17,-1.0));
#5247=SURFACE_STYLE_FILL_AREA(#8572);
#5248=ORIENTED_EDGE('',*,*,#8539,.F.);
#5249=ORIENTED_EDGE('',*,*,#8571,.F.);
#5250=ORIENTED_EDGE('',*,*,#8568,.F.);
#5251=ORIENTED_EDGE('',*,*,#8565,.F.);
#5252=ORIENTED_EDGE('',*,*,#8562,.F.);
#5253=ORIENTED_EDGE('',*,*,#8559,.F.);
#5254=ORIENTED_EDGE('',*,*,#8556,.F.);
#5255=ORIENTED_EDGE('',*,*,#8553,.F.);
#5256=CARTESIAN_POINT('',(10.4999818905,-18.8,-2.64757509861275));
#5257=DIRECTION('',(7.49879891330929E-33,-1.0,-6.12323399573676E-17));
#5258=DIRECTION('',(-1.0,0.0,-1.22464679914735E-16));
#5259=SURFACE_STYLE_FILL_AREA(#8573);
#5260=ORIENTED_EDGE('',*,*,#8574,.F.);
#5261=ORIENTED_EDGE('',*,*,#8531,.T.);
#5262=ORIENTED_EDGE('',*,*,#8575,.T.);
#5263=ORIENTED_EDGE('',*,*,#8576,.F.);
#5264=CARTESIAN_POINT('',(9.30510000000004,-12.3,2.04999999999998));
#5265=DIRECTION('',(-1.22464679914735E-16,-6.12323399573676E-17,1.0));
#5266=DIRECTION('',(-1.0,0.0,-1.22464679914735E-16));
#5267=SURFACE_STYLE_FILL_AREA(#8577);
#5268=ORIENTED_EDGE('',*,*,#8578,.F.);
#5269=ORIENTED_EDGE('',*,*,#8576,.T.);
#5270=ORIENTED_EDGE('',*,*,#8579,.T.);
#5271=ORIENTED_EDGE('',*,*,#8580,.F.);
#5272=CARTESIAN_POINT('',(10.5,-12.3,3.66163000000002));
#5273=DIRECTION('',(7.49879891330929E-33,-1.0,-6.12323399573676E-17));
#5274=DIRECTION('',(-1.0,-1.46701707366113E-48,-1.22464679914735E-16));
#5275=SURFACE_STYLE_FILL_AREA(#8581);
#5276=ORIENTED_EDGE('',*,*,#8582,.F.);
#5277=ORIENTED_EDGE('',*,*,#8580,.T.);
#5278=ORIENTED_EDGE('',*,*,#8583,.T.);
#5279=ORIENTED_EDGE('',*,*,#8542,.F.);
#5280=CARTESIAN_POINT('',(11.6949,-12.3,2.04999999999998));
#5281=DIRECTION('',(-1.22464679914735E-16,-6.12323399573676E-17,1.0));
#5282=DIRECTION('',(-1.0,0.0,-1.22464679914735E-16));
#5283=SURFACE_STYLE_FILL_AREA(#8584);
#5284=ORIENTED_EDGE('',*,*,#8116,.T.);
#5285=ORIENTED_EDGE('',*,*,#8388,.T.);
#5286=ORIENTED_EDGE('',*,*,#8543,.F.);
#5287=ORIENTED_EDGE('',*,*,#8583,.F.);
#5288=ORIENTED_EDGE('',*,*,#8579,.F.);
#5289=ORIENTED_EDGE('',*,*,#8575,.F.);
#5290=ORIENTED_EDGE('',*,*,#8530,.F.);
#5291=ORIENTED_EDGE('',*,*,#8535,.F.);
#5292=CARTESIAN_POINT('',(10.5,-19.1,-0.00808144222009677));
#5293=DIRECTION('',(7.49879891330929E-33,-1.0,-6.12323399573676E-17));
#5294=DIRECTION('',(-1.0,0.0,-1.22464679914735E-16));
#5295=SURFACE_STYLE_FILL_AREA(#8585);
#5296=ORIENTED_EDGE('',*,*,#8586,.F.);
#5297=ORIENTED_EDGE('',*,*,#8587,.T.);
#5298=ORIENTED_EDGE('',*,*,#8588,.T.);
#5299=ORIENTED_EDGE('',*,*,#8589,.F.);
#5300=CARTESIAN_POINT('',(5.55,-12.3,-2.30926389122033E-14));
#5301=DIRECTION('',(-1.0,-6.63234669974091E-33,-1.4150238487891E-17));
#5302=DIRECTION('',(1.4150238487891E-17,6.12323399573676E-17,-1.0));
#5303=SURFACE_STYLE_FILL_AREA(#8590);
#5304=ORIENTED_EDGE('',*,*,#8591,.F.);
#5305=ORIENTED_EDGE('',*,*,#8592,.T.);
#5306=ORIENTED_EDGE('',*,*,#8593,.T.);
#5307=ORIENTED_EDGE('',*,*,#8587,.F.);
#5308=ORIENTED_EDGE('',*,*,#8594,.T.);
#5309=ORIENTED_EDGE('',*,*,#8595,.T.);
#5310=ORIENTED_EDGE('',*,*,#8596,.T.);
#5311=ORIENTED_EDGE('',*,*,#8597,.T.);
#5312=CARTESIAN_POINT('',(7.0,-12.3,-2.05));
#5313=DIRECTION('',(1.94173751768485E-14,6.12323399573676E-17,-1.0));
#5314=DIRECTION('',(1.0,-1.18147251899523E-30,1.94173751768485E-14));
#5315=SURFACE_STYLE_FILL_AREA(#8598);
#5316=ORIENTED_EDGE('',*,*,#8599,.F.);
#5317=ORIENTED_EDGE('',*,*,#8600,.T.);
#5318=ORIENTED_EDGE('',*,*,#8601,.T.);
#5319=ORIENTED_EDGE('',*,*,#8592,.F.);
#5320=CARTESIAN_POINT('',(8.45,-12.3,4.44089209850063E-15));
#5321=DIRECTION('',(1.0,3.3161733498705E-33,6.83074592013124E-17));
#5322=DIRECTION('',(-6.83074592013124E-17,-6.12323399573676E-17,1.0));
#5323=SURFACE_STYLE_FILL_AREA(#8602);
#5324=ORIENTED_EDGE('',*,*,#8595,.F.);
#5325=ORIENTED_EDGE('',*,*,#8603,.T.);
#5326=ORIENTED_EDGE('',*,*,#8604,.T.);
#5327=ORIENTED_EDGE('',*,*,#8605,.T.);
#5328=ORIENTED_EDGE('',*,*,#8606,.F.);
#5329=ORIENTED_EDGE('',*,*,#8607,.T.);
#5330=ORIENTED_EDGE('',*,*,#8608,.T.);
#5331=ORIENTED_EDGE('',*,*,#8609,.T.);
#5332=CARTESIAN_POINT('',(6.99998189049995,-16.8,-2.64757509861275));
#5333=DIRECTION('',(7.49879891330929E-33,-1.0,-6.12323399573676E-17));
#5334=DIRECTION('',(-1.0,0.0,-1.22464679914735E-16));
#5335=SURFACE_STYLE_FILL_AREA(#8610);
#5336=ORIENTED_EDGE('',*,*,#8594,.F.);
#5337=ORIENTED_EDGE('',*,*,#8611,.T.);
#5338=ORIENTED_EDGE('',*,*,#8612,.F.);
#5339=ORIENTED_EDGE('',*,*,#8603,.F.);
#5340=CARTESIAN_POINT('',(7.24994305555554,-16.8,-2.11063148148148));
#5341=DIRECTION('',(1.0,0.0,1.22464679914735E-16));
#5342=DIRECTION('',(-1.22464679914735E-16,-6.12323399573676E-17,1.0));
#5343=SURFACE_STYLE_FILL_AREA(#8613);
#5344=ORIENTED_EDGE('',*,*,#8614,.T.);
#5345=ORIENTED_EDGE('',*,*,#8615,.F.);
#5346=ORIENTED_EDGE('',*,*,#8604,.F.);
#5347=ORIENTED_EDGE('',*,*,#8612,.T.);
#5348=CARTESIAN_POINT('',(7.32496712962962,-16.8,-2.46063333333334));
#5349=DIRECTION('',(0.765903356636042,-3.93696827680582E-17,0.64295571254453));
#5350=DIRECTION('',(-0.64295571254453,-4.68980547080271E-17,0.765903356636042));
#5351=SURFACE_STYLE_FILL_AREA(#8616);
#5352=ORIENTED_EDGE('',*,*,#8617,.T.);
#5353=ORIENTED_EDGE('',*,*,#8618,.F.);
#5354=ORIENTED_EDGE('',*,*,#8605,.F.);
#5355=ORIENTED_EDGE('',*,*,#8615,.T.);
#5356=CARTESIAN_POINT('',(7.39999120370371,-16.8,-2.95000185185185));
#5357=DIRECTION('',(1.0,0.0,1.22464679914735E-16));
#5358=DIRECTION('',(-1.22464679914735E-16,-6.12323399573676E-17,1.0));
#5359=SURFACE_STYLE_FILL_AREA(#8619);
#5360=ORIENTED_EDGE('',*,*,#8620,.T.);
#5361=ORIENTED_EDGE('',*,*,#8621,.F.);
#5362=ORIENTED_EDGE('',*,*,#8606,.T.);
#5363=ORIENTED_EDGE('',*,*,#8618,.T.);
#5364=CARTESIAN_POINT('',(7.0,-16.8,-3.35));
#5365=DIRECTION('',(1.22464679914735E-16,6.12323399573676E-17,-1.0));
#5366=DIRECTION('',(1.0,0.0,1.22464679914735E-16));
#5367=SURFACE_STYLE_FILL_AREA(#8622);
#5368=ORIENTED_EDGE('',*,*,#8623,.T.);
#5369=ORIENTED_EDGE('',*,*,#8624,.F.);
#5370=ORIENTED_EDGE('',*,*,#8607,.F.);
#5371=ORIENTED_EDGE('',*,*,#8621,.T.);
#5372=CARTESIAN_POINT('',(6.6000087962963,-16.8,-2.95000185185185));
#5373=DIRECTION('',(-1.0,0.0,-1.22464679914735E-16));
#5374=DIRECTION('',(1.22464679914735E-16,6.12323399573676E-17,-1.0));
#5375=SURFACE_STYLE_FILL_AREA(#8625);
#5376=ORIENTED_EDGE('',*,*,#8626,.T.);
#5377=ORIENTED_EDGE('',*,*,#8627,.F.);
#5378=ORIENTED_EDGE('',*,*,#8608,.F.);
#5379=ORIENTED_EDGE('',*,*,#8624,.T.);
#5380=CARTESIAN_POINT('',(6.67497407407407,-16.8,-2.46063333333334));
#5381=DIRECTION('',(-0.766151513468188,-3.93515747780937E-17,0.642659986626214));
#5382=DIRECTION('',(-0.642659986626214,4.69132499315358E-17,-0.766151513468188));
#5383=SURFACE_STYLE_FILL_AREA(#8628);
#5384=ORIENTED_EDGE('',*,*,#8596,.F.);
#5385=ORIENTED_EDGE('',*,*,#8609,.F.);
#5386=ORIENTED_EDGE('',*,*,#8627,.T.);
#5387=ORIENTED_EDGE('',*,*,#8629,.T.);
#5388=CARTESIAN_POINT('',(6.74993935185184,-16.8,-2.11063148148148));
#5389=DIRECTION('',(-1.0,0.0,-1.22464679914735E-16));
#5390=DIRECTION('',(1.22464679914735E-16,6.12323399573676E-17,-1.0));
#5391=SURFACE_STYLE_FILL_AREA(#8630);
#5392=ORIENTED_EDGE('',*,*,#8597,.F.);
#5393=ORIENTED_EDGE('',*,*,#8629,.F.);
#5394=ORIENTED_EDGE('',*,*,#8626,.F.);
#5395=ORIENTED_EDGE('',*,*,#8623,.F.);
#5396=ORIENTED_EDGE('',*,*,#8620,.F.);
#5397=ORIENTED_EDGE('',*,*,#8617,.F.);
#5398=ORIENTED_EDGE('',*,*,#8614,.F.);
#5399=ORIENTED_EDGE('',*,*,#8611,.F.);
#5400=CARTESIAN_POINT('',(6.99998189049995,-18.8,-2.64757509861275));
#5401=DIRECTION('',(7.49879891330929E-33,-1.0,-6.12323399573676E-17));
#5402=DIRECTION('',(-1.0,0.0,-1.22464679914735E-16));
#5403=SURFACE_STYLE_FILL_AREA(#8631);
#5404=ORIENTED_EDGE('',*,*,#8632,.F.);
#5405=ORIENTED_EDGE('',*,*,#8589,.T.);
#5406=ORIENTED_EDGE('',*,*,#8633,.T.);
#5407=ORIENTED_EDGE('',*,*,#8634,.F.);
#5408=CARTESIAN_POINT('',(5.80510000000004,-12.3,2.04999999999998));
#5409=DIRECTION('',(-1.22464679914735E-16,-6.12323399573676E-17,1.0));
#5410=DIRECTION('',(-1.0,0.0,-1.22464679914735E-16));
#5411=SURFACE_STYLE_FILL_AREA(#8635);
#5412=ORIENTED_EDGE('',*,*,#8636,.F.);
#5413=ORIENTED_EDGE('',*,*,#8634,.T.);
#5414=ORIENTED_EDGE('',*,*,#8637,.T.);
#5415=ORIENTED_EDGE('',*,*,#8638,.F.);
#5416=CARTESIAN_POINT('',(7.0,-12.3,3.66163000000002));
#5417=DIRECTION('',(7.49879891330929E-33,-1.0,-6.12323399573676E-17));
#5418=DIRECTION('',(-1.0,-1.46701707366113E-48,-1.22464679914735E-16));
#5419=SURFACE_STYLE_FILL_AREA(#8639);
#5420=ORIENTED_EDGE('',*,*,#8640,.F.);
#5421=ORIENTED_EDGE('',*,*,#8638,.T.);
#5422=ORIENTED_EDGE('',*,*,#8641,.T.);
#5423=ORIENTED_EDGE('',*,*,#8600,.F.);
#5424=CARTESIAN_POINT('',(8.19490000000001,-12.3,2.04999999999998));
#5425=DIRECTION('',(-1.22464679914735E-16,-6.12323399573676E-17,1.0));
#5426=DIRECTION('',(-1.0,0.0,-1.22464679914735E-16));
#5427=SURFACE_STYLE_FILL_AREA(#8642);
#5428=ORIENTED_EDGE('',*,*,#8107,.T.);
#5429=ORIENTED_EDGE('',*,*,#8394,.T.);
#5430=ORIENTED_EDGE('',*,*,#8601,.F.);
#5431=ORIENTED_EDGE('',*,*,#8641,.F.);
#5432=ORIENTED_EDGE('',*,*,#8637,.F.);
#5433=ORIENTED_EDGE('',*,*,#8633,.F.);
#5434=ORIENTED_EDGE('',*,*,#8588,.F.);
#5435=ORIENTED_EDGE('',*,*,#8593,.F.);
#5436=CARTESIAN_POINT('',(6.99999999999999,-19.1,-0.00808144222009677));
#5437=DIRECTION('',(7.49879891330929E-33,-1.0,-6.12323399573676E-17));
#5438=DIRECTION('',(-1.0,0.0,-1.22464679914735E-16));
#5439=SURFACE_STYLE_FILL_AREA(#8643);
#5440=ORIENTED_EDGE('',*,*,#8644,.F.);
#5441=ORIENTED_EDGE('',*,*,#8645,.T.);
#5442=ORIENTED_EDGE('',*,*,#8646,.T.);
#5443=ORIENTED_EDGE('',*,*,#8647,.F.);
#5444=CARTESIAN_POINT('',(2.05,-12.3,-2.30926389122033E-14));
#5445=DIRECTION('',(-1.0,-6.63234669974091E-33,-1.4150238487891E-17));
#5446=DIRECTION('',(1.4150238487891E-17,6.12323399573676E-17,-1.0));
#5447=SURFACE_STYLE_FILL_AREA(#8648);
#5448=ORIENTED_EDGE('',*,*,#8649,.F.);
#5449=ORIENTED_EDGE('',*,*,#8650,.T.);
#5450=ORIENTED_EDGE('',*,*,#8651,.T.);
#5451=ORIENTED_EDGE('',*,*,#8645,.F.);
#5452=ORIENTED_EDGE('',*,*,#8652,.T.);
#5453=ORIENTED_EDGE('',*,*,#8653,.T.);
#5454=ORIENTED_EDGE('',*,*,#8654,.T.);
#5455=ORIENTED_EDGE('',*,*,#8655,.T.);
#5456=CARTESIAN_POINT('',(3.5,-12.3,-2.05));
#5457=DIRECTION('',(1.94173751768485E-14,6.12323399573676E-17,-1.0));
#5458=DIRECTION('',(1.0,-1.18147251899523E-30,1.94173751768485E-14));
#5459=SURFACE_STYLE_FILL_AREA(#8656);
#5460=ORIENTED_EDGE('',*,*,#8657,.F.);
#5461=ORIENTED_EDGE('',*,*,#8658,.T.);
#5462=ORIENTED_EDGE('',*,*,#8659,.T.);
#5463=ORIENTED_EDGE('',*,*,#8650,.F.);
#5464=CARTESIAN_POINT('',(4.95,-12.3,4.44089209850063E-15));
#5465=DIRECTION('',(1.0,3.3161733498705E-33,6.83074592013124E-17));
#5466=DIRECTION('',(-6.83074592013124E-17,-6.12323399573676E-17,1.0));
#5467=SURFACE_STYLE_FILL_AREA(#8660);
#5468=ORIENTED_EDGE('',*,*,#8653,.F.);
#5469=ORIENTED_EDGE('',*,*,#8661,.T.);
#5470=ORIENTED_EDGE('',*,*,#8662,.T.);
#5471=ORIENTED_EDGE('',*,*,#8663,.T.);
#5472=ORIENTED_EDGE('',*,*,#8664,.F.);
#5473=ORIENTED_EDGE('',*,*,#8665,.T.);
#5474=ORIENTED_EDGE('',*,*,#8666,.T.);
#5475=ORIENTED_EDGE('',*,*,#8667,.T.);
#5476=CARTESIAN_POINT('',(3.49998189049995,-16.8,-2.64757509861275));
#5477=DIRECTION('',(7.49879891330929E-33,-1.0,-6.12323399573676E-17));
#5478=DIRECTION('',(-1.0,0.0,-1.22464679914735E-16));
#5479=SURFACE_STYLE_FILL_AREA(#8668);
#5480=ORIENTED_EDGE('',*,*,#8652,.F.);
#5481=ORIENTED_EDGE('',*,*,#8669,.T.);
#5482=ORIENTED_EDGE('',*,*,#8670,.F.);
#5483=ORIENTED_EDGE('',*,*,#8661,.F.);
#5484=CARTESIAN_POINT('',(3.74994305555554,-16.8,-2.11063148148148));
#5485=DIRECTION('',(1.0,0.0,1.22464679914735E-16));
#5486=DIRECTION('',(-1.22464679914735E-16,-6.12323399573676E-17,1.0));
#5487=SURFACE_STYLE_FILL_AREA(#8671);
#5488=ORIENTED_EDGE('',*,*,#8672,.T.);
#5489=ORIENTED_EDGE('',*,*,#8673,.F.);
#5490=ORIENTED_EDGE('',*,*,#8662,.F.);
#5491=ORIENTED_EDGE('',*,*,#8670,.T.);
#5492=CARTESIAN_POINT('',(3.82496712962962,-16.8,-2.46063333333334));
#5493=DIRECTION('',(0.765903356636042,-3.93696827680582E-17,0.64295571254453));
#5494=DIRECTION('',(-0.64295571254453,-4.68980547080271E-17,0.765903356636042));
#5495=SURFACE_STYLE_FILL_AREA(#8674);
#5496=ORIENTED_EDGE('',*,*,#8675,.T.);
#5497=ORIENTED_EDGE('',*,*,#8676,.F.);
#5498=ORIENTED_EDGE('',*,*,#8663,.F.);
#5499=ORIENTED_EDGE('',*,*,#8673,.T.);
#5500=CARTESIAN_POINT('',(3.89999120370371,-16.8,-2.95000185185185));
#5501=DIRECTION('',(1.0,0.0,1.22464679914735E-16));
#5502=DIRECTION('',(-1.22464679914735E-16,-6.12323399573676E-17,1.0));
#5503=SURFACE_STYLE_FILL_AREA(#8677);
#5504=ORIENTED_EDGE('',*,*,#8678,.T.);
#5505=ORIENTED_EDGE('',*,*,#8679,.F.);
#5506=ORIENTED_EDGE('',*,*,#8664,.T.);
#5507=ORIENTED_EDGE('',*,*,#8676,.T.);
#5508=CARTESIAN_POINT('',(3.5,-16.8,-3.35));
#5509=DIRECTION('',(1.22464679914735E-16,6.12323399573676E-17,-1.0));
#5510=DIRECTION('',(1.0,0.0,1.22464679914735E-16));
#5511=SURFACE_STYLE_FILL_AREA(#8680);
#5512=ORIENTED_EDGE('',*,*,#8681,.T.);
#5513=ORIENTED_EDGE('',*,*,#8682,.F.);
#5514=ORIENTED_EDGE('',*,*,#8665,.F.);
#5515=ORIENTED_EDGE('',*,*,#8679,.T.);
#5516=CARTESIAN_POINT('',(3.1000087962963,-16.8,-2.95000185185185));
#5517=DIRECTION('',(-1.0,0.0,-1.22464679914735E-16));
#5518=DIRECTION('',(1.22464679914735E-16,6.12323399573676E-17,-1.0));
#5519=SURFACE_STYLE_FILL_AREA(#8683);
#5520=ORIENTED_EDGE('',*,*,#8684,.T.);
#5521=ORIENTED_EDGE('',*,*,#8685,.F.);
#5522=ORIENTED_EDGE('',*,*,#8666,.F.);
#5523=ORIENTED_EDGE('',*,*,#8682,.T.);
#5524=CARTESIAN_POINT('',(3.17497407407407,-16.8,-2.46063333333334));
#5525=DIRECTION('',(-0.766151513468188,-3.93515747780937E-17,0.642659986626214));
#5526=DIRECTION('',(-0.642659986626214,4.69132499315358E-17,-0.766151513468188));
#5527=SURFACE_STYLE_FILL_AREA(#8686);
#5528=ORIENTED_EDGE('',*,*,#8654,.F.);
#5529=ORIENTED_EDGE('',*,*,#8667,.F.);
#5530=ORIENTED_EDGE('',*,*,#8685,.T.);
#5531=ORIENTED_EDGE('',*,*,#8687,.T.);
#5532=CARTESIAN_POINT('',(3.24993935185184,-16.8,-2.11063148148148));
#5533=DIRECTION('',(-1.0,0.0,-1.22464679914735E-16));
#5534=DIRECTION('',(1.22464679914735E-16,6.12323399573676E-17,-1.0));
#5535=SURFACE_STYLE_FILL_AREA(#8688);
#5536=ORIENTED_EDGE('',*,*,#8655,.F.);
#5537=ORIENTED_EDGE('',*,*,#8687,.F.);
#5538=ORIENTED_EDGE('',*,*,#8684,.F.);
#5539=ORIENTED_EDGE('',*,*,#8681,.F.);
#5540=ORIENTED_EDGE('',*,*,#8678,.F.);
#5541=ORIENTED_EDGE('',*,*,#8675,.F.);
#5542=ORIENTED_EDGE('',*,*,#8672,.F.);
#5543=ORIENTED_EDGE('',*,*,#8669,.F.);
#5544=CARTESIAN_POINT('',(3.49998189049995,-18.8,-2.64757509861275));
#5545=DIRECTION('',(7.49879891330929E-33,-1.0,-6.12323399573676E-17));
#5546=DIRECTION('',(-1.0,0.0,-1.22464679914735E-16));
#5547=SURFACE_STYLE_FILL_AREA(#8689);
#5548=ORIENTED_EDGE('',*,*,#8690,.F.);
#5549=ORIENTED_EDGE('',*,*,#8647,.T.);
#5550=ORIENTED_EDGE('',*,*,#8691,.T.);
#5551=ORIENTED_EDGE('',*,*,#8692,.F.);
#5552=CARTESIAN_POINT('',(2.30510000000004,-12.3,2.04999999999998));
#5553=DIRECTION('',(-1.22464679914735E-16,-6.12323399573676E-17,1.0));
#5554=DIRECTION('',(-1.0,0.0,-1.22464679914735E-16));
#5555=SURFACE_STYLE_FILL_AREA(#8693);
#5556=ORIENTED_EDGE('',*,*,#8694,.F.);
#5557=ORIENTED_EDGE('',*,*,#8692,.T.);
#5558=ORIENTED_EDGE('',*,*,#8695,.T.);
#5559=ORIENTED_EDGE('',*,*,#8696,.F.);
#5560=CARTESIAN_POINT('',(3.5,-12.3,3.66163000000002));
#5561=DIRECTION('',(7.49879891330929E-33,-1.0,-6.12323399573676E-17));
#5562=DIRECTION('',(-1.0,-1.46701707366113E-48,-1.22464679914735E-16));
#5563=SURFACE_STYLE_FILL_AREA(#8697);
#5564=ORIENTED_EDGE('',*,*,#8698,.F.);
#5565=ORIENTED_EDGE('',*,*,#8696,.T.);
#5566=ORIENTED_EDGE('',*,*,#8699,.T.);
#5567=ORIENTED_EDGE('',*,*,#8658,.F.);
#5568=CARTESIAN_POINT('',(4.69490000000001,-12.3,2.04999999999998));
#5569=DIRECTION('',(-1.22464679914735E-16,-6.12323399573676E-17,1.0));
#5570=DIRECTION('',(-1.0,0.0,-1.22464679914735E-16));
#5571=SURFACE_STYLE_FILL_AREA(#8700);
#5572=ORIENTED_EDGE('',*,*,#8098,.T.);
#5573=ORIENTED_EDGE('',*,*,#8400,.T.);
#5574=ORIENTED_EDGE('',*,*,#8659,.F.);
#5575=ORIENTED_EDGE('',*,*,#8699,.F.);
#5576=ORIENTED_EDGE('',*,*,#8695,.F.);
#5577=ORIENTED_EDGE('',*,*,#8691,.F.);
#5578=ORIENTED_EDGE('',*,*,#8646,.F.);
#5579=ORIENTED_EDGE('',*,*,#8651,.F.);
#5580=CARTESIAN_POINT('',(3.49999999999999,-19.1,-0.00808144222009677));
#5581=DIRECTION('',(7.49879891330929E-33,-1.0,-6.12323399573676E-17));
#5582=DIRECTION('',(-1.0,0.0,-1.22464679914735E-16));
#5583=SURFACE_STYLE_FILL_AREA(#8701);
#5584=ORIENTED_EDGE('',*,*,#8702,.F.);
#5585=ORIENTED_EDGE('',*,*,#8703,.T.);
#5586=ORIENTED_EDGE('',*,*,#8704,.T.);
#5587=ORIENTED_EDGE('',*,*,#8705,.F.);
#5588=CARTESIAN_POINT('',(-1.45,-12.3,-2.30926389122033E-14));
#5589=DIRECTION('',(-1.0,-6.63234669974091E-33,-1.4150238487891E-17));
#5590=DIRECTION('',(1.4150238487891E-17,6.12323399573676E-17,-1.0));
#5591=SURFACE_STYLE_FILL_AREA(#8706);
#5592=ORIENTED_EDGE('',*,*,#8707,.F.);
#5593=ORIENTED_EDGE('',*,*,#8708,.T.);
#5594=ORIENTED_EDGE('',*,*,#8709,.T.);
#5595=ORIENTED_EDGE('',*,*,#8703,.F.);
#5596=ORIENTED_EDGE('',*,*,#8710,.T.);
#5597=ORIENTED_EDGE('',*,*,#8711,.T.);
#5598=ORIENTED_EDGE('',*,*,#8712,.T.);
#5599=ORIENTED_EDGE('',*,*,#8713,.T.);
#5600=CARTESIAN_POINT('',(8.88178419700125E-16,-12.3,-2.05));
#5601=DIRECTION('',(1.94173751768485E-14,6.12323399573676E-17,-1.0));
#5602=DIRECTION('',(1.0,-1.18147251899523E-30,1.94173751768485E-14));
#5603=SURFACE_STYLE_FILL_AREA(#8714);
#5604=ORIENTED_EDGE('',*,*,#8715,.F.);
#5605=ORIENTED_EDGE('',*,*,#8716,.T.);
#5606=ORIENTED_EDGE('',*,*,#8717,.T.);
#5607=ORIENTED_EDGE('',*,*,#8708,.F.);
#5608=CARTESIAN_POINT('',(1.45,-12.3,4.44089209850063E-15));
#5609=DIRECTION('',(1.0,3.3161733498705E-33,6.83074592013124E-17));
#5610=DIRECTION('',(-6.83074592013124E-17,-6.12323399573676E-17,1.0));
#5611=SURFACE_STYLE_FILL_AREA(#8718);
#5612=ORIENTED_EDGE('',*,*,#8711,.F.);
#5613=ORIENTED_EDGE('',*,*,#8719,.T.);
#5614=ORIENTED_EDGE('',*,*,#8720,.T.);
#5615=ORIENTED_EDGE('',*,*,#8721,.T.);
#5616=ORIENTED_EDGE('',*,*,#8722,.F.);
#5617=ORIENTED_EDGE('',*,*,#8723,.T.);
#5618=ORIENTED_EDGE('',*,*,#8724,.T.);
#5619=ORIENTED_EDGE('',*,*,#8725,.T.);
#5620=CARTESIAN_POINT('',(-1.81095000453269E-05,-16.8,-2.64757509861275));
#5621=DIRECTION('',(7.49879891330929E-33,-1.0,-6.12323399573676E-17));
#5622=DIRECTION('',(-1.0,0.0,-1.22464679914735E-16));
#5623=SURFACE_STYLE_FILL_AREA(#8726);
#5624=ORIENTED_EDGE('',*,*,#8710,.F.);
#5625=ORIENTED_EDGE('',*,*,#8727,.T.);
#5626=ORIENTED_EDGE('',*,*,#8728,.F.);
#5627=ORIENTED_EDGE('',*,*,#8719,.F.);
#5628=CARTESIAN_POINT('',(0.249943055555544,-16.8,-2.11063148148148));
#5629=DIRECTION('',(1.0,0.0,1.22464679914735E-16));
#5630=DIRECTION('',(-1.22464679914735E-16,-6.12323399573676E-17,1.0));
#5631=SURFACE_STYLE_FILL_AREA(#8729);
#5632=ORIENTED_EDGE('',*,*,#8730,.T.);
#5633=ORIENTED_EDGE('',*,*,#8731,.F.);
#5634=ORIENTED_EDGE('',*,*,#8720,.F.);
#5635=ORIENTED_EDGE('',*,*,#8728,.T.);
#5636=CARTESIAN_POINT('',(0.324967129629624,-16.8,-2.46063333333334));
#5637=DIRECTION('',(0.765903356636042,-3.93696827680582E-17,0.64295571254453));
#5638=DIRECTION('',(-0.64295571254453,-4.68980547080271E-17,0.765903356636042));
#5639=SURFACE_STYLE_FILL_AREA(#8732);
#5640=ORIENTED_EDGE('',*,*,#8733,.T.);
#5641=ORIENTED_EDGE('',*,*,#8734,.F.);
#5642=ORIENTED_EDGE('',*,*,#8721,.F.);
#5643=ORIENTED_EDGE('',*,*,#8731,.T.);
#5644=CARTESIAN_POINT('',(0.399991203703705,-16.8,-2.95000185185185));
#5645=DIRECTION('',(1.0,0.0,1.22464679914735E-16));
#5646=DIRECTION('',(-1.22464679914735E-16,-6.12323399573676E-17,1.0));
#5647=SURFACE_STYLE_FILL_AREA(#8735);
#5648=ORIENTED_EDGE('',*,*,#8736,.T.);
#5649=ORIENTED_EDGE('',*,*,#8737,.F.);
#5650=ORIENTED_EDGE('',*,*,#8722,.T.);
#5651=ORIENTED_EDGE('',*,*,#8734,.T.);
#5652=CARTESIAN_POINT('',(8.88178419700125E-16,-16.8,-3.35));
#5653=DIRECTION('',(1.22464679914735E-16,6.12323399573676E-17,-1.0));
#5654=DIRECTION('',(1.0,0.0,1.22464679914735E-16));
#5655=SURFACE_STYLE_FILL_AREA(#8738);
#5656=ORIENTED_EDGE('',*,*,#8739,.T.);
#5657=ORIENTED_EDGE('',*,*,#8740,.F.);
#5658=ORIENTED_EDGE('',*,*,#8723,.F.);
#5659=ORIENTED_EDGE('',*,*,#8737,.T.);
#5660=CARTESIAN_POINT('',(-0.399991203703704,-16.8,-2.95000185185185));
#5661=DIRECTION('',(-1.0,0.0,-1.22464679914735E-16));
#5662=DIRECTION('',(1.22464679914735E-16,6.12323399573676E-17,-1.0));
#5663=SURFACE_STYLE_FILL_AREA(#8741);
#5664=ORIENTED_EDGE('',*,*,#8742,.T.);
#5665=ORIENTED_EDGE('',*,*,#8743,.F.);
#5666=ORIENTED_EDGE('',*,*,#8724,.F.);
#5667=ORIENTED_EDGE('',*,*,#8740,.T.);
#5668=CARTESIAN_POINT('',(-0.325025925925934,-16.8,-2.46063333333334));
#5669=DIRECTION('',(-0.766151513468188,-3.93515747780937E-17,0.642659986626214));
#5670=DIRECTION('',(-0.642659986626214,4.69132499315358E-17,-0.766151513468188));
#5671=SURFACE_STYLE_FILL_AREA(#8744);
#5672=ORIENTED_EDGE('',*,*,#8712,.F.);
#5673=ORIENTED_EDGE('',*,*,#8725,.F.);
#5674=ORIENTED_EDGE('',*,*,#8743,.T.);
#5675=ORIENTED_EDGE('',*,*,#8745,.T.);
#5676=CARTESIAN_POINT('',(-0.250060648148164,-16.8,-2.11063148148148));
#5677=DIRECTION('',(-1.0,0.0,-1.22464679914735E-16));
#5678=DIRECTION('',(1.22464679914735E-16,6.12323399573676E-17,-1.0));
#5679=SURFACE_STYLE_FILL_AREA(#8746);
#5680=ORIENTED_EDGE('',*,*,#8713,.F.);
#5681=ORIENTED_EDGE('',*,*,#8745,.F.);
#5682=ORIENTED_EDGE('',*,*,#8742,.F.);
#5683=ORIENTED_EDGE('',*,*,#8739,.F.);
#5684=ORIENTED_EDGE('',*,*,#8736,.F.);
#5685=ORIENTED_EDGE('',*,*,#8733,.F.);
#5686=ORIENTED_EDGE('',*,*,#8730,.F.);
#5687=ORIENTED_EDGE('',*,*,#8727,.F.);
#5688=CARTESIAN_POINT('',(-1.81095000453269E-05,-18.8,-2.64757509861275));
#5689=DIRECTION('',(7.49879891330929E-33,-1.0,-6.12323399573676E-17));
#5690=DIRECTION('',(-1.0,0.0,-1.22464679914735E-16));
#5691=SURFACE_STYLE_FILL_AREA(#8747);
#5692=ORIENTED_EDGE('',*,*,#8748,.F.);
#5693=ORIENTED_EDGE('',*,*,#8705,.T.);
#5694=ORIENTED_EDGE('',*,*,#8749,.T.);
#5695=ORIENTED_EDGE('',*,*,#8750,.F.);
#5696=CARTESIAN_POINT('',(-1.19489999999996,-12.3,2.04999999999998));
#5697=DIRECTION('',(-1.22464679914735E-16,-6.12323399573676E-17,1.0));
#5698=DIRECTION('',(-1.0,0.0,-1.22464679914735E-16));
#5699=SURFACE_STYLE_FILL_AREA(#8751);
#5700=ORIENTED_EDGE('',*,*,#8752,.F.);
#5701=ORIENTED_EDGE('',*,*,#8750,.T.);
#5702=ORIENTED_EDGE('',*,*,#8753,.T.);
#5703=ORIENTED_EDGE('',*,*,#8754,.F.);
#5704=CARTESIAN_POINT('',(0.0,-12.3,3.66163000000002));
#5705=DIRECTION('',(7.49879891330929E-33,-1.0,-6.12323399573676E-17));
#5706=DIRECTION('',(-1.0,-1.46701707366113E-48,-1.22464679914735E-16));
#5707=SURFACE_STYLE_FILL_AREA(#8755);
#5708=ORIENTED_EDGE('',*,*,#8756,.F.);
#5709=ORIENTED_EDGE('',*,*,#8754,.T.);
#5710=ORIENTED_EDGE('',*,*,#8757,.T.);
#5711=ORIENTED_EDGE('',*,*,#8716,.F.);
#5712=CARTESIAN_POINT('',(1.19490000000001,-12.3,2.04999999999998));
#5713=DIRECTION('',(-1.22464679914735E-16,-6.12323399573676E-17,1.0));
#5714=DIRECTION('',(-1.0,0.0,-1.22464679914735E-16));
#5715=SURFACE_STYLE_FILL_AREA(#8758);
#5716=ORIENTED_EDGE('',*,*,#8089,.T.);
#5717=ORIENTED_EDGE('',*,*,#8406,.T.);
#5718=ORIENTED_EDGE('',*,*,#8717,.F.);
#5719=ORIENTED_EDGE('',*,*,#8757,.F.);
#5720=ORIENTED_EDGE('',*,*,#8753,.F.);
#5721=ORIENTED_EDGE('',*,*,#8749,.F.);
#5722=ORIENTED_EDGE('',*,*,#8704,.F.);
#5723=ORIENTED_EDGE('',*,*,#8709,.F.);
#5724=CARTESIAN_POINT('',(-5.77315972805081E-15,-19.1,-0.00808144222009677));
#5725=DIRECTION('',(7.49879891330929E-33,-1.0,-6.12323399573676E-17));
#5726=DIRECTION('',(-1.0,0.0,-1.22464679914735E-16));
#5727=SURFACE_STYLE_FILL_AREA(#8759);
#5728=ORIENTED_EDGE('',*,*,#8760,.F.);
#5729=ORIENTED_EDGE('',*,*,#8761,.F.);
#5730=ORIENTED_EDGE('',*,*,#8762,.F.);
#5731=ORIENTED_EDGE('',*,*,#8763,.T.);
#5732=CARTESIAN_POINT('',(18.25,-12.3499981481482,-4.49997129629633));
#5733=DIRECTION('',(-1.83697019872103E-16,0.0,1.0));
#5734=DIRECTION('',(0.0,1.0,0.0));
#5735=SURFACE_STYLE_FILL_AREA(#8764);
#5736=ORIENTED_EDGE('',*,*,#8765,.F.);
#5737=ORIENTED_EDGE('',*,*,#8763,.F.);
#5738=ORIENTED_EDGE('',*,*,#8766,.F.);
#5739=ORIENTED_EDGE('',*,*,#8767,.F.);
#5740=ORIENTED_EDGE('',*,*,#8768,.F.);
#5741=ORIENTED_EDGE('',*,*,#8769,.F.);
#5742=ORIENTED_EDGE('',*,*,#8770,.F.);
#5743=ORIENTED_EDGE('',*,*,#8771,.T.);
#5744=ORIENTED_EDGE('',*,*,#8772,.F.);
#5745=CARTESIAN_POINT('',(18.25,-11.8030803877962,-4.84527588039257));
#5746=DIRECTION('',(-1.0,0.0,-1.83697019872103E-16));
#5747=DIRECTION('',(-1.83697019872103E-16,0.0,1.0));
#5748=SURFACE_STYLE_FILL_AREA(#8773);
#5749=ORIENTED_EDGE('',*,*,#8774,.F.);
#5750=ORIENTED_EDGE('',*,*,#8775,.F.);
#5751=ORIENTED_EDGE('',*,*,#8769,.T.);
#5752=ORIENTED_EDGE('',*,*,#8776,.T.);
#5753=CARTESIAN_POINT('',(18.25,-11.4499569444445,-4.57493657407408));
#5754=DIRECTION('',(-1.51374694960467E-16,0.566523682092365,0.824045458472109));
#5755=DIRECTION('',(1.04068712087338E-16,0.824045458472109,-0.566523682092365));
#5756=SURFACE_STYLE_FILL_AREA(#8777);
#5757=ORIENTED_EDGE('',*,*,#8778,.F.);
#5758=ORIENTED_EDGE('',*,*,#8776,.F.);
#5759=ORIENTED_EDGE('',*,*,#8768,.T.);
#5760=ORIENTED_EDGE('',*,*,#8779,.T.);
#5761=CARTESIAN_POINT('',(18.25,-11.8499481481482,-4.09998009259258));
#5762=DIRECTION('',(0.0,1.0,0.0));
#5763=DIRECTION('',(1.83697019872103E-16,0.0,-1.0));
#5764=SURFACE_STYLE_FILL_AREA(#8780);
#5765=ORIENTED_EDGE('',*,*,#8781,.F.);
#5766=ORIENTED_EDGE('',*,*,#8779,.F.);
#5767=ORIENTED_EDGE('',*,*,#8767,.T.);
#5768=ORIENTED_EDGE('',*,*,#8782,.T.);
#5769=CARTESIAN_POINT('',(18.25,-11.9249722222223,-3.90001388888888));
#5770=DIRECTION('',(-1.83697019872103E-16,0.0,1.0));
#5771=DIRECTION('',(0.0,1.0,0.0));
#5772=SURFACE_STYLE_FILL_AREA(#8783);
#5773=ORIENTED_EDGE('',*,*,#8784,.F.);
#5774=ORIENTED_EDGE('',*,*,#8782,.F.);
#5775=ORIENTED_EDGE('',*,*,#8766,.T.);
#5776=ORIENTED_EDGE('',*,*,#8762,.T.);
#5777=CARTESIAN_POINT('',(18.25,-11.9999962962963,-4.19999259259261));
#5778=DIRECTION('',(0.0,-1.0,0.0));
#5779=DIRECTION('',(-1.83697019872103E-16,0.0,1.0));
#5780=SURFACE_STYLE_FILL_AREA(#8785);
#5781=ORIENTED_EDGE('',*,*,#8786,.F.);
#5782=ORIENTED_EDGE('',*,*,#8771,.F.);
#5783=ORIENTED_EDGE('',*,*,#8787,.T.);
#5784=ORIENTED_EDGE('',*,*,#8788,.F.);
#5785=CARTESIAN_POINT('',(18.25,-10.7499870370371,-5.12496342592594));
#5786=DIRECTION('',(0.0,1.0,0.0));
#5787=DIRECTION('',(1.83697019872103E-16,0.0,-1.0));
#5788=SURFACE_STYLE_FILL_AREA(#8789);
#5789=ORIENTED_EDGE('',*,*,#8790,.F.);
#5790=ORIENTED_EDGE('',*,*,#8787,.F.);
#5791=ORIENTED_EDGE('',*,*,#8770,.T.);
#5792=ORIENTED_EDGE('',*,*,#8775,.T.);
#5793=CARTESIAN_POINT('',(18.25,-10.8999763888889,-4.84992685185188));
#5794=DIRECTION('',(-1.83697019872103E-16,0.0,1.0));
#5795=DIRECTION('',(0.0,1.0,0.0));
#5796=SURFACE_STYLE_FILL_AREA(#8791);
#5797=ORIENTED_EDGE('',*,*,#8792,.F.);
#5798=ORIENTED_EDGE('',*,*,#8793,.F.);
#5799=ORIENTED_EDGE('',*,*,#8788,.T.);
#5800=ORIENTED_EDGE('',*,*,#8790,.T.);
#5801=ORIENTED_EDGE('',*,*,#8774,.T.);
#5802=ORIENTED_EDGE('',*,*,#8778,.T.);
#5803=ORIENTED_EDGE('',*,*,#8781,.T.);
#5804=ORIENTED_EDGE('',*,*,#8784,.T.);
#5805=ORIENTED_EDGE('',*,*,#8761,.T.);
#5806=CARTESIAN_POINT('',(16.75,-11.8030803877962,-4.84527588039257));
#5807=DIRECTION('',(-1.0,0.0,-1.83697019872103E-16));
#5808=DIRECTION('',(-1.83697019872103E-16,0.0,1.0));
#5809=SURFACE_STYLE_FILL_AREA(#8794);
#5810=ORIENTED_EDGE('',*,*,#8425,.T.);
#5811=ORIENTED_EDGE('',*,*,#8417,.T.);
#5812=ORIENTED_EDGE('',*,*,#8412,.T.);
#5813=ORIENTED_EDGE('',*,*,#8458,.T.);
#5814=ORIENTED_EDGE('',*,*,#8462,.T.);
#5815=ORIENTED_EDGE('',*,*,#8466,.T.);
#5816=ORIENTED_EDGE('',*,*,#8483,.T.);
#5817=ORIENTED_EDGE('',*,*,#8475,.T.);
#5818=ORIENTED_EDGE('',*,*,#8470,.T.);
#5819=ORIENTED_EDGE('',*,*,#8516,.T.);
#5820=ORIENTED_EDGE('',*,*,#8520,.T.);
#5821=ORIENTED_EDGE('',*,*,#8524,.T.);
#5822=ORIENTED_EDGE('',*,*,#8541,.T.);
#5823=ORIENTED_EDGE('',*,*,#8533,.T.);
#5824=ORIENTED_EDGE('',*,*,#8528,.T.);
#5825=ORIENTED_EDGE('',*,*,#8574,.T.);
#5826=ORIENTED_EDGE('',*,*,#8578,.T.);
#5827=ORIENTED_EDGE('',*,*,#8582,.T.);
#5828=ORIENTED_EDGE('',*,*,#8599,.T.);
#5829=ORIENTED_EDGE('',*,*,#8591,.T.);
#5830=ORIENTED_EDGE('',*,*,#8586,.T.);
#5831=ORIENTED_EDGE('',*,*,#8632,.T.);
#5832=ORIENTED_EDGE('',*,*,#8636,.T.);
#5833=ORIENTED_EDGE('',*,*,#8640,.T.);
#5834=ORIENTED_EDGE('',*,*,#8657,.T.);
#5835=ORIENTED_EDGE('',*,*,#8649,.T.);
#5836=ORIENTED_EDGE('',*,*,#8644,.T.);
#5837=ORIENTED_EDGE('',*,*,#8690,.T.);
#5838=ORIENTED_EDGE('',*,*,#8694,.T.);
#5839=ORIENTED_EDGE('',*,*,#8698,.T.);
#5840=ORIENTED_EDGE('',*,*,#8715,.T.);
#5841=ORIENTED_EDGE('',*,*,#8707,.T.);
#5842=ORIENTED_EDGE('',*,*,#8702,.T.);
#5843=ORIENTED_EDGE('',*,*,#8748,.T.);
#5844=ORIENTED_EDGE('',*,*,#8752,.T.);
#5845=ORIENTED_EDGE('',*,*,#8756,.T.);
#5846=ORIENTED_EDGE('',*,*,#8792,.T.);
#5847=ORIENTED_EDGE('',*,*,#8760,.T.);
#5848=ORIENTED_EDGE('',*,*,#8765,.T.);
#5849=ORIENTED_EDGE('',*,*,#8795,.F.);
#5850=ORIENTED_EDGE('',*,*,#8796,.F.);
#5851=ORIENTED_EDGE('',*,*,#8797,.T.);
#5852=ORIENTED_EDGE('',*,*,#8798,.T.);
#5853=ORIENTED_EDGE('',*,*,#8799,.T.);
#5854=ORIENTED_EDGE('',*,*,#8800,.T.);
#5855=ORIENTED_EDGE('',*,*,#8801,.T.);
#5856=ORIENTED_EDGE('',*,*,#8802,.T.);
#5857=ORIENTED_EDGE('',*,*,#8803,.T.);
#5858=ORIENTED_EDGE('',*,*,#8804,.T.);
#5859=ORIENTED_EDGE('',*,*,#8805,.T.);
#5860=ORIENTED_EDGE('',*,*,#8806,.T.);
#5861=ORIENTED_EDGE('',*,*,#8807,.T.);
#5862=ORIENTED_EDGE('',*,*,#8808,.T.);
#5863=ORIENTED_EDGE('',*,*,#8809,.T.);
#5864=ORIENTED_EDGE('',*,*,#8810,.T.);
#5865=ORIENTED_EDGE('',*,*,#8811,.T.);
#5866=ORIENTED_EDGE('',*,*,#8812,.T.);
#5867=ORIENTED_EDGE('',*,*,#8813,.T.);
#5868=ORIENTED_EDGE('',*,*,#8814,.T.);
#5869=ORIENTED_EDGE('',*,*,#8815,.T.);
#5870=ORIENTED_EDGE('',*,*,#8816,.T.);
#5871=ORIENTED_EDGE('',*,*,#8817,.T.);
#5872=ORIENTED_EDGE('',*,*,#8818,.T.);
#5873=ORIENTED_EDGE('',*,*,#8819,.T.);
#5874=ORIENTED_EDGE('',*,*,#8820,.T.);
#5875=ORIENTED_EDGE('',*,*,#8821,.T.);
#5876=ORIENTED_EDGE('',*,*,#8822,.T.);
#5877=ORIENTED_EDGE('',*,*,#8823,.F.);
#5878=ORIENTED_EDGE('',*,*,#8824,.T.);
#5879=ORIENTED_EDGE('',*,*,#8825,.T.);
#5880=ORIENTED_EDGE('',*,*,#8826,.T.);
#5881=ORIENTED_EDGE('',*,*,#8827,.F.);
#5882=ORIENTED_EDGE('',*,*,#8828,.T.);
#5883=ORIENTED_EDGE('',*,*,#8829,.T.);
#5884=ORIENTED_EDGE('',*,*,#8830,.T.);
#5885=ORIENTED_EDGE('',*,*,#8831,.F.);
#5886=ORIENTED_EDGE('',*,*,#8832,.T.);
#5887=ORIENTED_EDGE('',*,*,#8833,.T.);
#5888=ORIENTED_EDGE('',*,*,#8834,.T.);
#5889=ORIENTED_EDGE('',*,*,#8835,.F.);
#5890=ORIENTED_EDGE('',*,*,#8836,.T.);
#5891=ORIENTED_EDGE('',*,*,#8837,.T.);
#5892=ORIENTED_EDGE('',*,*,#8838,.T.);
#5893=ORIENTED_EDGE('',*,*,#8839,.F.);
#5894=ORIENTED_EDGE('',*,*,#8840,.T.);
#5895=ORIENTED_EDGE('',*,*,#8841,.T.);
#5896=ORIENTED_EDGE('',*,*,#8842,.T.);
#5897=ORIENTED_EDGE('',*,*,#8843,.F.);
#5898=CARTESIAN_POINT('',(19.8,-12.5,0.0));
#5899=DIRECTION('',(-3.74927562856021E-33,-1.0,-6.12303176911189E-17));
#5900=DIRECTION('',(6.12323399573676E-17,-6.12303176911189E-17,1.0));
#5901=SURFACE_STYLE_FILL_AREA(#8844);
#5902=ORIENTED_EDGE('',*,*,#8841,.F.);
#5903=ORIENTED_EDGE('',*,*,#8845,.F.);
#5904=ORIENTED_EDGE('',*,*,#8846,.F.);
#5905=ORIENTED_EDGE('',*,*,#8847,.T.);
#5906=CARTESIAN_POINT('',(14.75,-12.3499981481482,-4.49997129629633));
#5907=DIRECTION('',(-1.83697019872103E-16,0.0,1.0));
#5908=DIRECTION('',(0.0,1.0,0.0));
#5909=SURFACE_STYLE_FILL_AREA(#8848);
#5910=ORIENTED_EDGE('',*,*,#8842,.F.);
#5911=ORIENTED_EDGE('',*,*,#8847,.F.);
#5912=ORIENTED_EDGE('',*,*,#8849,.F.);
#5913=ORIENTED_EDGE('',*,*,#8850,.F.);
#5914=ORIENTED_EDGE('',*,*,#8851,.F.);
#5915=ORIENTED_EDGE('',*,*,#8852,.F.);
#5916=ORIENTED_EDGE('',*,*,#8853,.F.);
#5917=ORIENTED_EDGE('',*,*,#8854,.T.);
#5918=ORIENTED_EDGE('',*,*,#8855,.F.);
#5919=CARTESIAN_POINT('',(14.75,-11.8030803877962,-4.84527588039257));
#5920=DIRECTION('',(-1.0,0.0,-1.83697019872103E-16));
#5921=DIRECTION('',(-1.83697019872103E-16,0.0,1.0));
#5922=SURFACE_STYLE_FILL_AREA(#8856);
#5923=ORIENTED_EDGE('',*,*,#8857,.F.);
#5924=ORIENTED_EDGE('',*,*,#8858,.F.);
#5925=ORIENTED_EDGE('',*,*,#8852,.T.);
#5926=ORIENTED_EDGE('',*,*,#8859,.T.);
#5927=CARTESIAN_POINT('',(14.75,-11.4499569444445,-4.57493657407408));
#5928=DIRECTION('',(-1.51374694960467E-16,0.566523682092365,0.824045458472109));
#5929=DIRECTION('',(1.04068712087338E-16,0.824045458472109,-0.566523682092365));
#5930=SURFACE_STYLE_FILL_AREA(#8860);
#5931=ORIENTED_EDGE('',*,*,#8861,.F.);
#5932=ORIENTED_EDGE('',*,*,#8859,.F.);
#5933=ORIENTED_EDGE('',*,*,#8851,.T.);
#5934=ORIENTED_EDGE('',*,*,#8862,.T.);
#5935=CARTESIAN_POINT('',(14.75,-11.8499481481482,-4.09998009259258));
#5936=DIRECTION('',(0.0,1.0,0.0));
#5937=DIRECTION('',(1.83697019872103E-16,0.0,-1.0));
#5938=SURFACE_STYLE_FILL_AREA(#8863);
#5939=ORIENTED_EDGE('',*,*,#8864,.F.);
#5940=ORIENTED_EDGE('',*,*,#8862,.F.);
#5941=ORIENTED_EDGE('',*,*,#8850,.T.);
#5942=ORIENTED_EDGE('',*,*,#8865,.T.);
#5943=CARTESIAN_POINT('',(14.75,-11.9249722222223,-3.90001388888888));
#5944=DIRECTION('',(-1.83697019872103E-16,0.0,1.0));
#5945=DIRECTION('',(0.0,1.0,0.0));
#5946=SURFACE_STYLE_FILL_AREA(#8866);
#5947=ORIENTED_EDGE('',*,*,#8867,.F.);
#5948=ORIENTED_EDGE('',*,*,#8865,.F.);
#5949=ORIENTED_EDGE('',*,*,#8849,.T.);
#5950=ORIENTED_EDGE('',*,*,#8846,.T.);
#5951=CARTESIAN_POINT('',(14.75,-11.9999962962963,-4.19999259259261));
#5952=DIRECTION('',(0.0,-1.0,0.0));
#5953=DIRECTION('',(-1.83697019872103E-16,0.0,1.0));
#5954=SURFACE_STYLE_FILL_AREA(#8868);
#5955=ORIENTED_EDGE('',*,*,#8869,.F.);
#5956=ORIENTED_EDGE('',*,*,#8854,.F.);
#5957=ORIENTED_EDGE('',*,*,#8870,.T.);
#5958=ORIENTED_EDGE('',*,*,#8871,.F.);
#5959=CARTESIAN_POINT('',(14.75,-10.7499870370371,-5.12496342592594));
#5960=DIRECTION('',(0.0,1.0,0.0));
#5961=DIRECTION('',(1.83697019872103E-16,0.0,-1.0));
#5962=SURFACE_STYLE_FILL_AREA(#8872);
#5963=ORIENTED_EDGE('',*,*,#8873,.F.);
#5964=ORIENTED_EDGE('',*,*,#8870,.F.);
#5965=ORIENTED_EDGE('',*,*,#8853,.T.);
#5966=ORIENTED_EDGE('',*,*,#8858,.T.);
#5967=CARTESIAN_POINT('',(14.75,-10.8999763888889,-4.84992685185188));
#5968=DIRECTION('',(-1.83697019872103E-16,0.0,1.0));
#5969=DIRECTION('',(0.0,1.0,0.0));
#5970=SURFACE_STYLE_FILL_AREA(#8874);
#5971=ORIENTED_EDGE('',*,*,#8840,.F.);
#5972=ORIENTED_EDGE('',*,*,#8875,.F.);
#5973=ORIENTED_EDGE('',*,*,#8871,.T.);
#5974=ORIENTED_EDGE('',*,*,#8873,.T.);
#5975=ORIENTED_EDGE('',*,*,#8857,.T.);
#5976=ORIENTED_EDGE('',*,*,#8861,.T.);
#5977=ORIENTED_EDGE('',*,*,#8864,.T.);
#5978=ORIENTED_EDGE('',*,*,#8867,.T.);
#5979=ORIENTED_EDGE('',*,*,#8845,.T.);
#5980=CARTESIAN_POINT('',(13.25,-11.8030803877962,-4.84527588039257));
#5981=DIRECTION('',(-1.0,0.0,-1.83697019872103E-16));
#5982=DIRECTION('',(-1.83697019872103E-16,0.0,1.0));
#5983=SURFACE_STYLE_FILL_AREA(#8876);
#5984=ORIENTED_EDGE('',*,*,#8837,.F.);
#5985=ORIENTED_EDGE('',*,*,#8877,.F.);
#5986=ORIENTED_EDGE('',*,*,#8878,.F.);
#5987=ORIENTED_EDGE('',*,*,#8879,.T.);
#5988=CARTESIAN_POINT('',(11.25,-12.3499981481482,-4.49997129629633));
#5989=DIRECTION('',(-1.83697019872103E-16,0.0,1.0));
#5990=DIRECTION('',(0.0,1.0,0.0));
#5991=SURFACE_STYLE_FILL_AREA(#8880);
#5992=ORIENTED_EDGE('',*,*,#8838,.F.);
#5993=ORIENTED_EDGE('',*,*,#8879,.F.);
#5994=ORIENTED_EDGE('',*,*,#8881,.F.);
#5995=ORIENTED_EDGE('',*,*,#8882,.F.);
#5996=ORIENTED_EDGE('',*,*,#8883,.F.);
#5997=ORIENTED_EDGE('',*,*,#8884,.F.);
#5998=ORIENTED_EDGE('',*,*,#8885,.F.);
#5999=ORIENTED_EDGE('',*,*,#8886,.T.);
#6000=ORIENTED_EDGE('',*,*,#8887,.F.);
#6001=CARTESIAN_POINT('',(11.25,-11.8030803877962,-4.84527588039257));
#6002=DIRECTION('',(-1.0,0.0,-1.83697019872103E-16));
#6003=DIRECTION('',(-1.83697019872103E-16,0.0,1.0));
#6004=SURFACE_STYLE_FILL_AREA(#8888);
#6005=ORIENTED_EDGE('',*,*,#8889,.F.);
#6006=ORIENTED_EDGE('',*,*,#8890,.F.);
#6007=ORIENTED_EDGE('',*,*,#8884,.T.);
#6008=ORIENTED_EDGE('',*,*,#8891,.T.);
#6009=CARTESIAN_POINT('',(11.25,-11.4499569444445,-4.57493657407408));
#6010=DIRECTION('',(-1.51374694960467E-16,0.566523682092365,0.824045458472109));
#6011=DIRECTION('',(1.04068712087338E-16,0.824045458472109,-0.566523682092365));
#6012=SURFACE_STYLE_FILL_AREA(#8892);
#6013=ORIENTED_EDGE('',*,*,#8893,.F.);
#6014=ORIENTED_EDGE('',*,*,#8891,.F.);
#6015=ORIENTED_EDGE('',*,*,#8883,.T.);
#6016=ORIENTED_EDGE('',*,*,#8894,.T.);
#6017=CARTESIAN_POINT('',(11.25,-11.8499481481482,-4.09998009259258));
#6018=DIRECTION('',(0.0,1.0,0.0));
#6019=DIRECTION('',(1.83697019872103E-16,0.0,-1.0));
#6020=SURFACE_STYLE_FILL_AREA(#8895);
#6021=ORIENTED_EDGE('',*,*,#8896,.F.);
#6022=ORIENTED_EDGE('',*,*,#8894,.F.);
#6023=ORIENTED_EDGE('',*,*,#8882,.T.);
#6024=ORIENTED_EDGE('',*,*,#8897,.T.);
#6025=CARTESIAN_POINT('',(11.25,-11.9249722222223,-3.90001388888888));
#6026=DIRECTION('',(-1.83697019872103E-16,0.0,1.0));
#6027=DIRECTION('',(0.0,1.0,0.0));
#6028=SURFACE_STYLE_FILL_AREA(#8898);
#6029=ORIENTED_EDGE('',*,*,#8899,.F.);
#6030=ORIENTED_EDGE('',*,*,#8897,.F.);
#6031=ORIENTED_EDGE('',*,*,#8881,.T.);
#6032=ORIENTED_EDGE('',*,*,#8878,.T.);
#6033=CARTESIAN_POINT('',(11.25,-11.9999962962963,-4.19999259259261));
#6034=DIRECTION('',(0.0,-1.0,0.0));
#6035=DIRECTION('',(-1.83697019872103E-16,0.0,1.0));
#6036=SURFACE_STYLE_FILL_AREA(#8900);
#6037=ORIENTED_EDGE('',*,*,#8901,.F.);
#6038=ORIENTED_EDGE('',*,*,#8886,.F.);
#6039=ORIENTED_EDGE('',*,*,#8902,.T.);
#6040=ORIENTED_EDGE('',*,*,#8903,.F.);
#6041=CARTESIAN_POINT('',(11.25,-10.7499870370371,-5.12496342592594));
#6042=DIRECTION('',(0.0,1.0,0.0));
#6043=DIRECTION('',(1.83697019872103E-16,0.0,-1.0));
#6044=SURFACE_STYLE_FILL_AREA(#8904);
#6045=ORIENTED_EDGE('',*,*,#8905,.F.);
#6046=ORIENTED_EDGE('',*,*,#8902,.F.);
#6047=ORIENTED_EDGE('',*,*,#8885,.T.);
#6048=ORIENTED_EDGE('',*,*,#8890,.T.);
#6049=CARTESIAN_POINT('',(11.25,-10.8999763888889,-4.84992685185188));
#6050=DIRECTION('',(-1.83697019872103E-16,0.0,1.0));
#6051=DIRECTION('',(0.0,1.0,0.0));
#6052=SURFACE_STYLE_FILL_AREA(#8906);
#6053=ORIENTED_EDGE('',*,*,#8836,.F.);
#6054=ORIENTED_EDGE('',*,*,#8907,.F.);
#6055=ORIENTED_EDGE('',*,*,#8903,.T.);
#6056=ORIENTED_EDGE('',*,*,#8905,.T.);
#6057=ORIENTED_EDGE('',*,*,#8889,.T.);
#6058=ORIENTED_EDGE('',*,*,#8893,.T.);
#6059=ORIENTED_EDGE('',*,*,#8896,.T.);
#6060=ORIENTED_EDGE('',*,*,#8899,.T.);
#6061=ORIENTED_EDGE('',*,*,#8877,.T.);
#6062=CARTESIAN_POINT('',(9.75,-11.8030803877962,-4.84527588039257));
#6063=DIRECTION('',(-1.0,0.0,-1.83697019872103E-16));
#6064=DIRECTION('',(-1.83697019872103E-16,0.0,1.0));
#6065=SURFACE_STYLE_FILL_AREA(#8908);
#6066=ORIENTED_EDGE('',*,*,#8833,.F.);
#6067=ORIENTED_EDGE('',*,*,#8909,.F.);
#6068=ORIENTED_EDGE('',*,*,#8910,.F.);
#6069=ORIENTED_EDGE('',*,*,#8911,.T.);
#6070=CARTESIAN_POINT('',(7.75,-12.3499981481482,-4.49997129629633));
#6071=DIRECTION('',(-1.83697019872103E-16,0.0,1.0));
#6072=DIRECTION('',(0.0,1.0,0.0));
#6073=SURFACE_STYLE_FILL_AREA(#8912);
#6074=ORIENTED_EDGE('',*,*,#8834,.F.);
#6075=ORIENTED_EDGE('',*,*,#8911,.F.);
#6076=ORIENTED_EDGE('',*,*,#8913,.F.);
#6077=ORIENTED_EDGE('',*,*,#8914,.F.);
#6078=ORIENTED_EDGE('',*,*,#8915,.F.);
#6079=ORIENTED_EDGE('',*,*,#8916,.F.);
#6080=ORIENTED_EDGE('',*,*,#8917,.F.);
#6081=ORIENTED_EDGE('',*,*,#8918,.T.);
#6082=ORIENTED_EDGE('',*,*,#8919,.F.);
#6083=CARTESIAN_POINT('',(7.75,-11.8030803877962,-4.84527588039257));
#6084=DIRECTION('',(-1.0,0.0,-1.83697019872103E-16));
#6085=DIRECTION('',(-1.83697019872103E-16,0.0,1.0));
#6086=SURFACE_STYLE_FILL_AREA(#8920);
#6087=ORIENTED_EDGE('',*,*,#8921,.F.);
#6088=ORIENTED_EDGE('',*,*,#8922,.F.);
#6089=ORIENTED_EDGE('',*,*,#8916,.T.);
#6090=ORIENTED_EDGE('',*,*,#8923,.T.);
#6091=CARTESIAN_POINT('',(7.75,-11.4499569444445,-4.57493657407408));
#6092=DIRECTION('',(-1.51374694960467E-16,0.566523682092365,0.824045458472109));
#6093=DIRECTION('',(1.04068712087338E-16,0.824045458472109,-0.566523682092365));
#6094=SURFACE_STYLE_FILL_AREA(#8924);
#6095=ORIENTED_EDGE('',*,*,#8925,.F.);
#6096=ORIENTED_EDGE('',*,*,#8923,.F.);
#6097=ORIENTED_EDGE('',*,*,#8915,.T.);
#6098=ORIENTED_EDGE('',*,*,#8926,.T.);
#6099=CARTESIAN_POINT('',(7.75,-11.8499481481482,-4.09998009259258));
#6100=DIRECTION('',(0.0,1.0,0.0));
#6101=DIRECTION('',(1.83697019872103E-16,0.0,-1.0));
#6102=SURFACE_STYLE_FILL_AREA(#8927);
#6103=ORIENTED_EDGE('',*,*,#8928,.F.);
#6104=ORIENTED_EDGE('',*,*,#8926,.F.);
#6105=ORIENTED_EDGE('',*,*,#8914,.T.);
#6106=ORIENTED_EDGE('',*,*,#8929,.T.);
#6107=CARTESIAN_POINT('',(7.75,-11.9249722222223,-3.90001388888888));
#6108=DIRECTION('',(-1.83697019872103E-16,0.0,1.0));
#6109=DIRECTION('',(0.0,1.0,0.0));
#6110=SURFACE_STYLE_FILL_AREA(#8930);
#6111=ORIENTED_EDGE('',*,*,#8931,.F.);
#6112=ORIENTED_EDGE('',*,*,#8929,.F.);
#6113=ORIENTED_EDGE('',*,*,#8913,.T.);
#6114=ORIENTED_EDGE('',*,*,#8910,.T.);
#6115=CARTESIAN_POINT('',(7.75,-11.9999962962963,-4.19999259259261));
#6116=DIRECTION('',(0.0,-1.0,0.0));
#6117=DIRECTION('',(-1.83697019872103E-16,0.0,1.0));
#6118=SURFACE_STYLE_FILL_AREA(#8932);
#6119=ORIENTED_EDGE('',*,*,#8933,.F.);
#6120=ORIENTED_EDGE('',*,*,#8918,.F.);
#6121=ORIENTED_EDGE('',*,*,#8934,.T.);
#6122=ORIENTED_EDGE('',*,*,#8935,.F.);
#6123=CARTESIAN_POINT('',(7.75,-10.7499870370371,-5.12496342592594));
#6124=DIRECTION('',(0.0,1.0,0.0));
#6125=DIRECTION('',(1.83697019872103E-16,0.0,-1.0));
#6126=SURFACE_STYLE_FILL_AREA(#8936);
#6127=ORIENTED_EDGE('',*,*,#8937,.F.);
#6128=ORIENTED_EDGE('',*,*,#8934,.F.);
#6129=ORIENTED_EDGE('',*,*,#8917,.T.);
#6130=ORIENTED_EDGE('',*,*,#8922,.T.);
#6131=CARTESIAN_POINT('',(7.75,-10.8999763888889,-4.84992685185188));
#6132=DIRECTION('',(-1.83697019872103E-16,0.0,1.0));
#6133=DIRECTION('',(0.0,1.0,0.0));
#6134=SURFACE_STYLE_FILL_AREA(#8938);
#6135=ORIENTED_EDGE('',*,*,#8832,.F.);
#6136=ORIENTED_EDGE('',*,*,#8939,.F.);
#6137=ORIENTED_EDGE('',*,*,#8935,.T.);
#6138=ORIENTED_EDGE('',*,*,#8937,.T.);
#6139=ORIENTED_EDGE('',*,*,#8921,.T.);
#6140=ORIENTED_EDGE('',*,*,#8925,.T.);
#6141=ORIENTED_EDGE('',*,*,#8928,.T.);
#6142=ORIENTED_EDGE('',*,*,#8931,.T.);
#6143=ORIENTED_EDGE('',*,*,#8909,.T.);
#6144=CARTESIAN_POINT('',(6.25,-11.8030803877962,-4.84527588039257));
#6145=DIRECTION('',(-1.0,0.0,-1.83697019872103E-16));
#6146=DIRECTION('',(-1.83697019872103E-16,0.0,1.0));
#6147=SURFACE_STYLE_FILL_AREA(#8940);
#6148=ORIENTED_EDGE('',*,*,#8829,.F.);
#6149=ORIENTED_EDGE('',*,*,#8941,.F.);
#6150=ORIENTED_EDGE('',*,*,#8942,.F.);
#6151=ORIENTED_EDGE('',*,*,#8943,.T.);
#6152=CARTESIAN_POINT('',(4.25,-12.3499981481482,-4.49997129629633));
#6153=DIRECTION('',(-1.83697019872103E-16,0.0,1.0));
#6154=DIRECTION('',(0.0,1.0,0.0));
#6155=SURFACE_STYLE_FILL_AREA(#8944);
#6156=ORIENTED_EDGE('',*,*,#8830,.F.);
#6157=ORIENTED_EDGE('',*,*,#8943,.F.);
#6158=ORIENTED_EDGE('',*,*,#8945,.F.);
#6159=ORIENTED_EDGE('',*,*,#8946,.F.);
#6160=ORIENTED_EDGE('',*,*,#8947,.F.);
#6161=ORIENTED_EDGE('',*,*,#8948,.F.);
#6162=ORIENTED_EDGE('',*,*,#8949,.F.);
#6163=ORIENTED_EDGE('',*,*,#8950,.T.);
#6164=ORIENTED_EDGE('',*,*,#8951,.F.);
#6165=CARTESIAN_POINT('',(4.25,-11.8030803877962,-4.84527588039257));
#6166=DIRECTION('',(-1.0,0.0,-1.83697019872103E-16));
#6167=DIRECTION('',(-1.83697019872103E-16,0.0,1.0));
#6168=SURFACE_STYLE_FILL_AREA(#8952);
#6169=ORIENTED_EDGE('',*,*,#8953,.F.);
#6170=ORIENTED_EDGE('',*,*,#8954,.F.);
#6171=ORIENTED_EDGE('',*,*,#8948,.T.);
#6172=ORIENTED_EDGE('',*,*,#8955,.T.);
#6173=CARTESIAN_POINT('',(4.25,-11.4499569444445,-4.57493657407408));
#6174=DIRECTION('',(-1.51374694960467E-16,0.566523682092365,0.824045458472109));
#6175=DIRECTION('',(1.04068712087338E-16,0.824045458472109,-0.566523682092365));
#6176=SURFACE_STYLE_FILL_AREA(#8956);
#6177=ORIENTED_EDGE('',*,*,#8957,.F.);
#6178=ORIENTED_EDGE('',*,*,#8955,.F.);
#6179=ORIENTED_EDGE('',*,*,#8947,.T.);
#6180=ORIENTED_EDGE('',*,*,#8958,.T.);
#6181=CARTESIAN_POINT('',(4.25,-11.8499481481482,-4.09998009259258));
#6182=DIRECTION('',(0.0,1.0,0.0));
#6183=DIRECTION('',(1.83697019872103E-16,0.0,-1.0));
#6184=SURFACE_STYLE_FILL_AREA(#8959);
#6185=ORIENTED_EDGE('',*,*,#8960,.F.);
#6186=ORIENTED_EDGE('',*,*,#8958,.F.);
#6187=ORIENTED_EDGE('',*,*,#8946,.T.);
#6188=ORIENTED_EDGE('',*,*,#8961,.T.);
#6189=CARTESIAN_POINT('',(4.25,-11.9249722222223,-3.90001388888888));
#6190=DIRECTION('',(-1.83697019872103E-16,0.0,1.0));
#6191=DIRECTION('',(0.0,1.0,0.0));
#6192=SURFACE_STYLE_FILL_AREA(#8962);
#6193=ORIENTED_EDGE('',*,*,#8963,.F.);
#6194=ORIENTED_EDGE('',*,*,#8961,.F.);
#6195=ORIENTED_EDGE('',*,*,#8945,.T.);
#6196=ORIENTED_EDGE('',*,*,#8942,.T.);
#6197=CARTESIAN_POINT('',(4.25,-11.9999962962963,-4.19999259259261));
#6198=DIRECTION('',(0.0,-1.0,0.0));
#6199=DIRECTION('',(-1.83697019872103E-16,0.0,1.0));
#6200=SURFACE_STYLE_FILL_AREA(#8964);
#6201=ORIENTED_EDGE('',*,*,#8965,.F.);
#6202=ORIENTED_EDGE('',*,*,#8950,.F.);
#6203=ORIENTED_EDGE('',*,*,#8966,.T.);
#6204=ORIENTED_EDGE('',*,*,#8967,.F.);
#6205=CARTESIAN_POINT('',(4.25,-10.7499870370371,-5.12496342592594));
#6206=DIRECTION('',(0.0,1.0,0.0));
#6207=DIRECTION('',(1.83697019872103E-16,0.0,-1.0));
#6208=SURFACE_STYLE_FILL_AREA(#8968);
#6209=ORIENTED_EDGE('',*,*,#8969,.F.);
#6210=ORIENTED_EDGE('',*,*,#8966,.F.);
#6211=ORIENTED_EDGE('',*,*,#8949,.T.);
#6212=ORIENTED_EDGE('',*,*,#8954,.T.);
#6213=CARTESIAN_POINT('',(4.25,-10.8999763888889,-4.84992685185188));
#6214=DIRECTION('',(-1.83697019872103E-16,0.0,1.0));
#6215=DIRECTION('',(0.0,1.0,0.0));
#6216=SURFACE_STYLE_FILL_AREA(#8970);
#6217=ORIENTED_EDGE('',*,*,#8828,.F.);
#6218=ORIENTED_EDGE('',*,*,#8971,.F.);
#6219=ORIENTED_EDGE('',*,*,#8967,.T.);
#6220=ORIENTED_EDGE('',*,*,#8969,.T.);
#6221=ORIENTED_EDGE('',*,*,#8953,.T.);
#6222=ORIENTED_EDGE('',*,*,#8957,.T.);
#6223=ORIENTED_EDGE('',*,*,#8960,.T.);
#6224=ORIENTED_EDGE('',*,*,#8963,.T.);
#6225=ORIENTED_EDGE('',*,*,#8941,.T.);
#6226=CARTESIAN_POINT('',(2.75,-11.8030803877962,-4.84527588039257));
#6227=DIRECTION('',(-1.0,0.0,-1.83697019872103E-16));
#6228=DIRECTION('',(-1.83697019872103E-16,0.0,1.0));
#6229=SURFACE_STYLE_FILL_AREA(#8972);
#6230=ORIENTED_EDGE('',*,*,#8825,.F.);
#6231=ORIENTED_EDGE('',*,*,#8973,.F.);
#6232=ORIENTED_EDGE('',*,*,#8974,.F.);
#6233=ORIENTED_EDGE('',*,*,#8975,.T.);
#6234=CARTESIAN_POINT('',(0.750000000000001,-12.3499981481482,-4.49997129629633));
#6235=DIRECTION('',(-1.83697019872103E-16,0.0,1.0));
#6236=DIRECTION('',(0.0,1.0,0.0));
#6237=SURFACE_STYLE_FILL_AREA(#8976);
#6238=ORIENTED_EDGE('',*,*,#8826,.F.);
#6239=ORIENTED_EDGE('',*,*,#8975,.F.);
#6240=ORIENTED_EDGE('',*,*,#8977,.F.);
#6241=ORIENTED_EDGE('',*,*,#8978,.F.);
#6242=ORIENTED_EDGE('',*,*,#8979,.F.);
#6243=ORIENTED_EDGE('',*,*,#8980,.F.);
#6244=ORIENTED_EDGE('',*,*,#8981,.F.);
#6245=ORIENTED_EDGE('',*,*,#8982,.T.);
#6246=ORIENTED_EDGE('',*,*,#8983,.F.);
#6247=CARTESIAN_POINT('',(0.750000000000001,-11.8030803877962,-4.84527588039257));
#6248=DIRECTION('',(-1.0,0.0,-1.83697019872103E-16));
#6249=DIRECTION('',(-1.83697019872103E-16,0.0,1.0));
#6250=SURFACE_STYLE_FILL_AREA(#8984);
#6251=ORIENTED_EDGE('',*,*,#8985,.F.);
#6252=ORIENTED_EDGE('',*,*,#8986,.F.);
#6253=ORIENTED_EDGE('',*,*,#8980,.T.);
#6254=ORIENTED_EDGE('',*,*,#8987,.T.);
#6255=CARTESIAN_POINT('',(0.750000000000001,-11.4499569444445,-4.57493657407408));
#6256=DIRECTION('',(-1.51374694960467E-16,0.566523682092365,0.824045458472109));
#6257=DIRECTION('',(1.04068712087338E-16,0.824045458472109,-0.566523682092365));
#6258=SURFACE_STYLE_FILL_AREA(#8988);
#6259=ORIENTED_EDGE('',*,*,#8989,.F.);
#6260=ORIENTED_EDGE('',*,*,#8987,.F.);
#6261=ORIENTED_EDGE('',*,*,#8979,.T.);
#6262=ORIENTED_EDGE('',*,*,#8990,.T.);
#6263=CARTESIAN_POINT('',(0.750000000000001,-11.8499481481482,-4.09998009259258));
#6264=DIRECTION('',(0.0,1.0,0.0));
#6265=DIRECTION('',(1.83697019872103E-16,0.0,-1.0));
#6266=SURFACE_STYLE_FILL_AREA(#8991);
#6267=ORIENTED_EDGE('',*,*,#8992,.F.);
#6268=ORIENTED_EDGE('',*,*,#8990,.F.);
#6269=ORIENTED_EDGE('',*,*,#8978,.T.);
#6270=ORIENTED_EDGE('',*,*,#8993,.T.);
#6271=CARTESIAN_POINT('',(0.750000000000001,-11.9249722222223,-3.90001388888888));
#6272=DIRECTION('',(-1.83697019872103E-16,0.0,1.0));
#6273=DIRECTION('',(0.0,1.0,0.0));
#6274=SURFACE_STYLE_FILL_AREA(#8994);
#6275=ORIENTED_EDGE('',*,*,#8995,.F.);
#6276=ORIENTED_EDGE('',*,*,#8993,.F.);
#6277=ORIENTED_EDGE('',*,*,#8977,.T.);
#6278=ORIENTED_EDGE('',*,*,#8974,.T.);
#6279=CARTESIAN_POINT('',(0.750000000000001,-11.9999962962963,-4.19999259259261));
#6280=DIRECTION('',(0.0,-1.0,0.0));
#6281=DIRECTION('',(-1.83697019872103E-16,0.0,1.0));
#6282=SURFACE_STYLE_FILL_AREA(#8996);
#6283=ORIENTED_EDGE('',*,*,#8997,.F.);
#6284=ORIENTED_EDGE('',*,*,#8982,.F.);
#6285=ORIENTED_EDGE('',*,*,#8998,.T.);
#6286=ORIENTED_EDGE('',*,*,#8999,.F.);
#6287=CARTESIAN_POINT('',(0.750000000000001,-10.7499870370371,-5.12496342592594));
#6288=DIRECTION('',(0.0,1.0,0.0));
#6289=DIRECTION('',(1.83697019872103E-16,0.0,-1.0));
#6290=SURFACE_STYLE_FILL_AREA(#9000);
#6291=ORIENTED_EDGE('',*,*,#9001,.F.);
#6292=ORIENTED_EDGE('',*,*,#8998,.F.);
#6293=ORIENTED_EDGE('',*,*,#8981,.T.);
#6294=ORIENTED_EDGE('',*,*,#8986,.T.);
#6295=CARTESIAN_POINT('',(0.750000000000001,-10.8999763888889,-4.84992685185188));
#6296=DIRECTION('',(-1.83697019872103E-16,0.0,1.0));
#6297=DIRECTION('',(0.0,1.0,0.0));
#6298=SURFACE_STYLE_FILL_AREA(#9002);
#6299=ORIENTED_EDGE('',*,*,#8824,.F.);
#6300=ORIENTED_EDGE('',*,*,#9003,.F.);
#6301=ORIENTED_EDGE('',*,*,#8999,.T.);
#6302=ORIENTED_EDGE('',*,*,#9001,.T.);
#6303=ORIENTED_EDGE('',*,*,#8985,.T.);
#6304=ORIENTED_EDGE('',*,*,#8989,.T.);
#6305=ORIENTED_EDGE('',*,*,#8992,.T.);
#6306=ORIENTED_EDGE('',*,*,#8995,.T.);
#6307=ORIENTED_EDGE('',*,*,#8973,.T.);
#6308=CARTESIAN_POINT('',(-0.749999999999999,-11.8030803877962,-4.84527588039257));
#6309=DIRECTION('',(-1.0,0.0,-1.83697019872103E-16));
#6310=DIRECTION('',(-1.83697019872103E-16,0.0,1.0));
#6311=SURFACE_STYLE_FILL_AREA(#9004);
#6312=ORIENTED_EDGE('',*,*,#8799,.F.);
#6313=ORIENTED_EDGE('',*,*,#9005,.F.);
#6314=ORIENTED_EDGE('',*,*,#9006,.F.);
#6315=ORIENTED_EDGE('',*,*,#9007,.T.);
#6316=CARTESIAN_POINT('',(16.75,-12.3499981481482,4.49997129629633));
#6317=DIRECTION('',(6.12323399573676E-17,0.0,-1.0));
#6318=DIRECTION('',(0.0,1.0,0.0));
#6319=SURFACE_STYLE_FILL_AREA(#9008);
#6320=ORIENTED_EDGE('',*,*,#8800,.F.);
#6321=ORIENTED_EDGE('',*,*,#9007,.F.);
#6322=ORIENTED_EDGE('',*,*,#9009,.F.);
#6323=ORIENTED_EDGE('',*,*,#9010,.F.);
#6324=ORIENTED_EDGE('',*,*,#9011,.F.);
#6325=ORIENTED_EDGE('',*,*,#9012,.F.);
#6326=ORIENTED_EDGE('',*,*,#9013,.F.);
#6327=ORIENTED_EDGE('',*,*,#9014,.T.);
#6328=ORIENTED_EDGE('',*,*,#9015,.F.);
#6329=CARTESIAN_POINT('',(16.75,-11.8030803877962,4.84527588039257));
#6330=DIRECTION('',(1.0,0.0,6.12323399573676E-17));
#6331=DIRECTION('',(6.12323399573676E-17,0.0,-1.0));
#6332=SURFACE_STYLE_FILL_AREA(#9016);
#6333=ORIENTED_EDGE('',*,*,#9017,.F.);
#6334=ORIENTED_EDGE('',*,*,#9018,.F.);
#6335=ORIENTED_EDGE('',*,*,#9012,.T.);
#6336=ORIENTED_EDGE('',*,*,#9019,.T.);
#6337=CARTESIAN_POINT('',(16.75,-11.4499569444445,4.57493657407408));
#6338=DIRECTION('',(5.04582316534891E-17,0.566523682092365,-0.824045458472109));
#6339=DIRECTION('',(-3.46895706957794E-17,0.824045458472109,0.566523682092365));
#6340=SURFACE_STYLE_FILL_AREA(#9020);
#6341=ORIENTED_EDGE('',*,*,#9021,.F.);
#6342=ORIENTED_EDGE('',*,*,#9019,.F.);
#6343=ORIENTED_EDGE('',*,*,#9011,.T.);
#6344=ORIENTED_EDGE('',*,*,#9022,.T.);
#6345=CARTESIAN_POINT('',(16.75,-11.8499481481482,4.09998009259258));
#6346=DIRECTION('',(0.0,1.0,0.0));
#6347=DIRECTION('',(-6.12323399573676E-17,0.0,1.0));
#6348=SURFACE_STYLE_FILL_AREA(#9023);
#6349=ORIENTED_EDGE('',*,*,#9024,.F.);
#6350=ORIENTED_EDGE('',*,*,#9022,.F.);
#6351=ORIENTED_EDGE('',*,*,#9010,.T.);
#6352=ORIENTED_EDGE('',*,*,#9025,.T.);
#6353=CARTESIAN_POINT('',(16.75,-11.9249722222223,3.90001388888888));
#6354=DIRECTION('',(6.12323399573676E-17,0.0,-1.0));
#6355=DIRECTION('',(0.0,1.0,0.0));
#6356=SURFACE_STYLE_FILL_AREA(#9026);
#6357=ORIENTED_EDGE('',*,*,#9027,.F.);
#6358=ORIENTED_EDGE('',*,*,#9025,.F.);
#6359=ORIENTED_EDGE('',*,*,#9009,.T.);
#6360=ORIENTED_EDGE('',*,*,#9006,.T.);
#6361=CARTESIAN_POINT('',(16.75,-11.9999962962963,4.19999259259261));
#6362=DIRECTION('',(0.0,-1.0,0.0));
#6363=DIRECTION('',(6.12323399573676E-17,0.0,-1.0));
#6364=SURFACE_STYLE_FILL_AREA(#9028);
#6365=ORIENTED_EDGE('',*,*,#9029,.F.);
#6366=ORIENTED_EDGE('',*,*,#9014,.F.);
#6367=ORIENTED_EDGE('',*,*,#9030,.T.);
#6368=ORIENTED_EDGE('',*,*,#9031,.F.);
#6369=CARTESIAN_POINT('',(16.75,-10.7499870370371,5.12496342592594));
#6370=DIRECTION('',(0.0,1.0,0.0));
#6371=DIRECTION('',(-6.12323399573676E-17,0.0,1.0));
#6372=SURFACE_STYLE_FILL_AREA(#9032);
#6373=ORIENTED_EDGE('',*,*,#9033,.F.);
#6374=ORIENTED_EDGE('',*,*,#9030,.F.);
#6375=ORIENTED_EDGE('',*,*,#9013,.T.);
#6376=ORIENTED_EDGE('',*,*,#9018,.T.);
#6377=CARTESIAN_POINT('',(16.75,-10.8999763888889,4.84992685185188));
#6378=DIRECTION('',(6.12323399573676E-17,0.0,-1.0));
#6379=DIRECTION('',(0.0,1.0,0.0));
#6380=SURFACE_STYLE_FILL_AREA(#9034);
#6381=ORIENTED_EDGE('',*,*,#8798,.F.);
#6382=ORIENTED_EDGE('',*,*,#9035,.F.);
#6383=ORIENTED_EDGE('',*,*,#9031,.T.);
#6384=ORIENTED_EDGE('',*,*,#9033,.T.);
#6385=ORIENTED_EDGE('',*,*,#9017,.T.);
#6386=ORIENTED_EDGE('',*,*,#9021,.T.);
#6387=ORIENTED_EDGE('',*,*,#9024,.T.);
#6388=ORIENTED_EDGE('',*,*,#9027,.T.);
#6389=ORIENTED_EDGE('',*,*,#9005,.T.);
#6390=CARTESIAN_POINT('',(18.25,-11.8030803877962,4.84527588039257));
#6391=DIRECTION('',(1.0,0.0,6.12323399573676E-17));
#6392=DIRECTION('',(6.12323399573676E-17,0.0,-1.0));
#6393=SURFACE_STYLE_FILL_AREA(#9036);
#6394=ORIENTED_EDGE('',*,*,#8803,.F.);
#6395=ORIENTED_EDGE('',*,*,#9037,.F.);
#6396=ORIENTED_EDGE('',*,*,#9038,.F.);
#6397=ORIENTED_EDGE('',*,*,#9039,.T.);
#6398=CARTESIAN_POINT('',(13.25,-12.3499981481482,4.49997129629633));
#6399=DIRECTION('',(6.12323399573676E-17,0.0,-1.0));
#6400=DIRECTION('',(0.0,1.0,0.0));
#6401=SURFACE_STYLE_FILL_AREA(#9040);
#6402=ORIENTED_EDGE('',*,*,#8804,.F.);
#6403=ORIENTED_EDGE('',*,*,#9039,.F.);
#6404=ORIENTED_EDGE('',*,*,#9041,.F.);
#6405=ORIENTED_EDGE('',*,*,#9042,.F.);
#6406=ORIENTED_EDGE('',*,*,#9043,.F.);
#6407=ORIENTED_EDGE('',*,*,#9044,.F.);
#6408=ORIENTED_EDGE('',*,*,#9045,.F.);
#6409=ORIENTED_EDGE('',*,*,#9046,.T.);
#6410=ORIENTED_EDGE('',*,*,#9047,.F.);
#6411=CARTESIAN_POINT('',(13.25,-11.8030803877962,4.84527588039257));
#6412=DIRECTION('',(1.0,0.0,6.12323399573676E-17));
#6413=DIRECTION('',(6.12323399573676E-17,0.0,-1.0));
#6414=SURFACE_STYLE_FILL_AREA(#9048);
#6415=ORIENTED_EDGE('',*,*,#9049,.F.);
#6416=ORIENTED_EDGE('',*,*,#9050,.F.);
#6417=ORIENTED_EDGE('',*,*,#9044,.T.);
#6418=ORIENTED_EDGE('',*,*,#9051,.T.);
#6419=CARTESIAN_POINT('',(13.25,-11.4499569444445,4.57493657407408));
#6420=DIRECTION('',(5.04582316534891E-17,0.566523682092365,-0.824045458472109));
#6421=DIRECTION('',(-3.46895706957794E-17,0.824045458472109,0.566523682092365));
#6422=SURFACE_STYLE_FILL_AREA(#9052);
#6423=ORIENTED_EDGE('',*,*,#9053,.F.);
#6424=ORIENTED_EDGE('',*,*,#9051,.F.);
#6425=ORIENTED_EDGE('',*,*,#9043,.T.);
#6426=ORIENTED_EDGE('',*,*,#9054,.T.);
#6427=CARTESIAN_POINT('',(13.25,-11.8499481481482,4.09998009259258));
#6428=DIRECTION('',(0.0,1.0,0.0));
#6429=DIRECTION('',(-6.12323399573676E-17,0.0,1.0));
#6430=SURFACE_STYLE_FILL_AREA(#9055);
#6431=ORIENTED_EDGE('',*,*,#9056,.F.);
#6432=ORIENTED_EDGE('',*,*,#9054,.F.);
#6433=ORIENTED_EDGE('',*,*,#9042,.T.);
#6434=ORIENTED_EDGE('',*,*,#9057,.T.);
#6435=CARTESIAN_POINT('',(13.25,-11.9249722222223,3.90001388888888));
#6436=DIRECTION('',(6.12323399573676E-17,0.0,-1.0));
#6437=DIRECTION('',(0.0,1.0,0.0));
#6438=SURFACE_STYLE_FILL_AREA(#9058);
#6439=ORIENTED_EDGE('',*,*,#9059,.F.);
#6440=ORIENTED_EDGE('',*,*,#9057,.F.);
#6441=ORIENTED_EDGE('',*,*,#9041,.T.);
#6442=ORIENTED_EDGE('',*,*,#9038,.T.);
#6443=CARTESIAN_POINT('',(13.25,-11.9999962962963,4.19999259259261));
#6444=DIRECTION('',(0.0,-1.0,0.0));
#6445=DIRECTION('',(6.12323399573676E-17,0.0,-1.0));
#6446=SURFACE_STYLE_FILL_AREA(#9060);
#6447=ORIENTED_EDGE('',*,*,#9061,.F.);
#6448=ORIENTED_EDGE('',*,*,#9046,.F.);
#6449=ORIENTED_EDGE('',*,*,#9062,.T.);
#6450=ORIENTED_EDGE('',*,*,#9063,.F.);
#6451=CARTESIAN_POINT('',(13.25,-10.7499870370371,5.12496342592594));
#6452=DIRECTION('',(0.0,1.0,0.0));
#6453=DIRECTION('',(-6.12323399573676E-17,0.0,1.0));
#6454=SURFACE_STYLE_FILL_AREA(#9064);
#6455=ORIENTED_EDGE('',*,*,#9065,.F.);
#6456=ORIENTED_EDGE('',*,*,#9062,.F.);
#6457=ORIENTED_EDGE('',*,*,#9045,.T.);
#6458=ORIENTED_EDGE('',*,*,#9050,.T.);
#6459=CARTESIAN_POINT('',(13.25,-10.8999763888889,4.84992685185188));
#6460=DIRECTION('',(6.12323399573676E-17,0.0,-1.0));
#6461=DIRECTION('',(0.0,1.0,0.0));
#6462=SURFACE_STYLE_FILL_AREA(#9066);
#6463=ORIENTED_EDGE('',*,*,#8802,.F.);
#6464=ORIENTED_EDGE('',*,*,#9067,.F.);
#6465=ORIENTED_EDGE('',*,*,#9063,.T.);
#6466=ORIENTED_EDGE('',*,*,#9065,.T.);
#6467=ORIENTED_EDGE('',*,*,#9049,.T.);
#6468=ORIENTED_EDGE('',*,*,#9053,.T.);
#6469=ORIENTED_EDGE('',*,*,#9056,.T.);
#6470=ORIENTED_EDGE('',*,*,#9059,.T.);
#6471=ORIENTED_EDGE('',*,*,#9037,.T.);
#6472=CARTESIAN_POINT('',(14.75,-11.8030803877962,4.84527588039257));
#6473=DIRECTION('',(1.0,0.0,6.12323399573676E-17));
#6474=DIRECTION('',(6.12323399573676E-17,0.0,-1.0));
#6475=SURFACE_STYLE_FILL_AREA(#9068);
#6476=ORIENTED_EDGE('',*,*,#8807,.F.);
#6477=ORIENTED_EDGE('',*,*,#9069,.F.);
#6478=ORIENTED_EDGE('',*,*,#9070,.F.);
#6479=ORIENTED_EDGE('',*,*,#9071,.T.);
#6480=CARTESIAN_POINT('',(9.75,-12.3499981481482,4.49997129629633));
#6481=DIRECTION('',(6.12323399573676E-17,0.0,-1.0));
#6482=DIRECTION('',(0.0,1.0,0.0));
#6483=SURFACE_STYLE_FILL_AREA(#9072);
#6484=ORIENTED_EDGE('',*,*,#8808,.F.);
#6485=ORIENTED_EDGE('',*,*,#9071,.F.);
#6486=ORIENTED_EDGE('',*,*,#9073,.F.);
#6487=ORIENTED_EDGE('',*,*,#9074,.F.);
#6488=ORIENTED_EDGE('',*,*,#9075,.F.);
#6489=ORIENTED_EDGE('',*,*,#9076,.F.);
#6490=ORIENTED_EDGE('',*,*,#9077,.F.);
#6491=ORIENTED_EDGE('',*,*,#9078,.T.);
#6492=ORIENTED_EDGE('',*,*,#9079,.F.);
#6493=CARTESIAN_POINT('',(9.75,-11.8030803877962,4.84527588039257));
#6494=DIRECTION('',(1.0,0.0,6.12323399573676E-17));
#6495=DIRECTION('',(6.12323399573676E-17,0.0,-1.0));
#6496=SURFACE_STYLE_FILL_AREA(#9080);
#6497=ORIENTED_EDGE('',*,*,#9081,.F.);
#6498=ORIENTED_EDGE('',*,*,#9082,.F.);
#6499=ORIENTED_EDGE('',*,*,#9076,.T.);
#6500=ORIENTED_EDGE('',*,*,#9083,.T.);
#6501=CARTESIAN_POINT('',(9.75,-11.4499569444445,4.57493657407408));
#6502=DIRECTION('',(5.04582316534891E-17,0.566523682092365,-0.824045458472109));
#6503=DIRECTION('',(-3.46895706957794E-17,0.824045458472109,0.566523682092365));
#6504=SURFACE_STYLE_FILL_AREA(#9084);
#6505=ORIENTED_EDGE('',*,*,#9085,.F.);
#6506=ORIENTED_EDGE('',*,*,#9083,.F.);
#6507=ORIENTED_EDGE('',*,*,#9075,.T.);
#6508=ORIENTED_EDGE('',*,*,#9086,.T.);
#6509=CARTESIAN_POINT('',(9.75,-11.8499481481482,4.09998009259258));
#6510=DIRECTION('',(0.0,1.0,0.0));
#6511=DIRECTION('',(-6.12323399573676E-17,0.0,1.0));
#6512=SURFACE_STYLE_FILL_AREA(#9087);
#6513=ORIENTED_EDGE('',*,*,#9088,.F.);
#6514=ORIENTED_EDGE('',*,*,#9086,.F.);
#6515=ORIENTED_EDGE('',*,*,#9074,.T.);
#6516=ORIENTED_EDGE('',*,*,#9089,.T.);
#6517=CARTESIAN_POINT('',(9.75,-11.9249722222223,3.90001388888888));
#6518=DIRECTION('',(6.12323399573676E-17,0.0,-1.0));
#6519=DIRECTION('',(0.0,1.0,0.0));
#6520=SURFACE_STYLE_FILL_AREA(#9090);
#6521=ORIENTED_EDGE('',*,*,#9091,.F.);
#6522=ORIENTED_EDGE('',*,*,#9089,.F.);
#6523=ORIENTED_EDGE('',*,*,#9073,.T.);
#6524=ORIENTED_EDGE('',*,*,#9070,.T.);
#6525=CARTESIAN_POINT('',(9.75,-11.9999962962963,4.19999259259261));
#6526=DIRECTION('',(0.0,-1.0,0.0));
#6527=DIRECTION('',(6.12323399573676E-17,0.0,-1.0));
#6528=SURFACE_STYLE_FILL_AREA(#9092);
#6529=ORIENTED_EDGE('',*,*,#9093,.F.);
#6530=ORIENTED_EDGE('',*,*,#9078,.F.);
#6531=ORIENTED_EDGE('',*,*,#9094,.T.);
#6532=ORIENTED_EDGE('',*,*,#9095,.F.);
#6533=CARTESIAN_POINT('',(9.75,-10.7499870370371,5.12496342592594));
#6534=DIRECTION('',(0.0,1.0,0.0));
#6535=DIRECTION('',(-6.12323399573676E-17,0.0,1.0));
#6536=SURFACE_STYLE_FILL_AREA(#9096);
#6537=ORIENTED_EDGE('',*,*,#9097,.F.);
#6538=ORIENTED_EDGE('',*,*,#9094,.F.);
#6539=ORIENTED_EDGE('',*,*,#9077,.T.);
#6540=ORIENTED_EDGE('',*,*,#9082,.T.);
#6541=CARTESIAN_POINT('',(9.75,-10.8999763888889,4.84992685185188));
#6542=DIRECTION('',(6.12323399573676E-17,0.0,-1.0));
#6543=DIRECTION('',(0.0,1.0,0.0));
#6544=SURFACE_STYLE_FILL_AREA(#9098);
#6545=ORIENTED_EDGE('',*,*,#8806,.F.);
#6546=ORIENTED_EDGE('',*,*,#9099,.F.);
#6547=ORIENTED_EDGE('',*,*,#9095,.T.);
#6548=ORIENTED_EDGE('',*,*,#9097,.T.);
#6549=ORIENTED_EDGE('',*,*,#9081,.T.);
#6550=ORIENTED_EDGE('',*,*,#9085,.T.);
#6551=ORIENTED_EDGE('',*,*,#9088,.T.);
#6552=ORIENTED_EDGE('',*,*,#9091,.T.);
#6553=ORIENTED_EDGE('',*,*,#9069,.T.);
#6554=CARTESIAN_POINT('',(11.25,-11.8030803877962,4.84527588039257));
#6555=DIRECTION('',(1.0,0.0,6.12323399573676E-17));
#6556=DIRECTION('',(6.12323399573676E-17,0.0,-1.0));
#6557=SURFACE_STYLE_FILL_AREA(#9100);
#6558=ORIENTED_EDGE('',*,*,#8811,.F.);
#6559=ORIENTED_EDGE('',*,*,#9101,.F.);
#6560=ORIENTED_EDGE('',*,*,#9102,.F.);
#6561=ORIENTED_EDGE('',*,*,#9103,.T.);
#6562=CARTESIAN_POINT('',(6.25,-12.3499981481482,4.49997129629633));
#6563=DIRECTION('',(6.12323399573676E-17,0.0,-1.0));
#6564=DIRECTION('',(0.0,1.0,0.0));
#6565=SURFACE_STYLE_FILL_AREA(#9104);
#6566=ORIENTED_EDGE('',*,*,#8812,.F.);
#6567=ORIENTED_EDGE('',*,*,#9103,.F.);
#6568=ORIENTED_EDGE('',*,*,#9105,.F.);
#6569=ORIENTED_EDGE('',*,*,#9106,.F.);
#6570=ORIENTED_EDGE('',*,*,#9107,.F.);
#6571=ORIENTED_EDGE('',*,*,#9108,.F.);
#6572=ORIENTED_EDGE('',*,*,#9109,.F.);
#6573=ORIENTED_EDGE('',*,*,#9110,.T.);
#6574=ORIENTED_EDGE('',*,*,#9111,.F.);
#6575=CARTESIAN_POINT('',(6.25,-11.8030803877962,4.84527588039257));
#6576=DIRECTION('',(1.0,0.0,6.12323399573676E-17));
#6577=DIRECTION('',(6.12323399573676E-17,0.0,-1.0));
#6578=SURFACE_STYLE_FILL_AREA(#9112);
#6579=ORIENTED_EDGE('',*,*,#9113,.F.);
#6580=ORIENTED_EDGE('',*,*,#9114,.F.);
#6581=ORIENTED_EDGE('',*,*,#9108,.T.);
#6582=ORIENTED_EDGE('',*,*,#9115,.T.);
#6583=CARTESIAN_POINT('',(6.25,-11.4499569444445,4.57493657407408));
#6584=DIRECTION('',(5.04582316534891E-17,0.566523682092365,-0.824045458472109));
#6585=DIRECTION('',(-3.46895706957794E-17,0.824045458472109,0.566523682092365));
#6586=SURFACE_STYLE_FILL_AREA(#9116);
#6587=ORIENTED_EDGE('',*,*,#9117,.F.);
#6588=ORIENTED_EDGE('',*,*,#9115,.F.);
#6589=ORIENTED_EDGE('',*,*,#9107,.T.);
#6590=ORIENTED_EDGE('',*,*,#9118,.T.);
#6591=CARTESIAN_POINT('',(6.25,-11.8499481481482,4.09998009259258));
#6592=DIRECTION('',(0.0,1.0,0.0));
#6593=DIRECTION('',(-6.12323399573676E-17,0.0,1.0));
#6594=SURFACE_STYLE_FILL_AREA(#9119);
#6595=ORIENTED_EDGE('',*,*,#9120,.F.);
#6596=ORIENTED_EDGE('',*,*,#9118,.F.);
#6597=ORIENTED_EDGE('',*,*,#9106,.T.);
#6598=ORIENTED_EDGE('',*,*,#9121,.T.);
#6599=CARTESIAN_POINT('',(6.25,-11.9249722222223,3.90001388888888));
#6600=DIRECTION('',(6.12323399573676E-17,0.0,-1.0));
#6601=DIRECTION('',(0.0,1.0,0.0));
#6602=SURFACE_STYLE_FILL_AREA(#9122);
#6603=ORIENTED_EDGE('',*,*,#9123,.F.);
#6604=ORIENTED_EDGE('',*,*,#9121,.F.);
#6605=ORIENTED_EDGE('',*,*,#9105,.T.);
#6606=ORIENTED_EDGE('',*,*,#9102,.T.);
#6607=CARTESIAN_POINT('',(6.25,-11.9999962962963,4.19999259259261));
#6608=DIRECTION('',(0.0,-1.0,0.0));
#6609=DIRECTION('',(6.12323399573676E-17,0.0,-1.0));
#6610=SURFACE_STYLE_FILL_AREA(#9124);
#6611=ORIENTED_EDGE('',*,*,#9125,.F.);
#6612=ORIENTED_EDGE('',*,*,#9110,.F.);
#6613=ORIENTED_EDGE('',*,*,#9126,.T.);
#6614=ORIENTED_EDGE('',*,*,#9127,.F.);
#6615=CARTESIAN_POINT('',(6.25,-10.7499870370371,5.12496342592594));
#6616=DIRECTION('',(0.0,1.0,0.0));
#6617=DIRECTION('',(-6.12323399573676E-17,0.0,1.0));
#6618=SURFACE_STYLE_FILL_AREA(#9128);
#6619=ORIENTED_EDGE('',*,*,#9129,.F.);
#6620=ORIENTED_EDGE('',*,*,#9126,.F.);
#6621=ORIENTED_EDGE('',*,*,#9109,.T.);
#6622=ORIENTED_EDGE('',*,*,#9114,.T.);
#6623=CARTESIAN_POINT('',(6.25,-10.8999763888889,4.84992685185188));
#6624=DIRECTION('',(6.12323399573676E-17,0.0,-1.0));
#6625=DIRECTION('',(0.0,1.0,0.0));
#6626=SURFACE_STYLE_FILL_AREA(#9130);
#6627=ORIENTED_EDGE('',*,*,#8810,.F.);
#6628=ORIENTED_EDGE('',*,*,#9131,.F.);
#6629=ORIENTED_EDGE('',*,*,#9127,.T.);
#6630=ORIENTED_EDGE('',*,*,#9129,.T.);
#6631=ORIENTED_EDGE('',*,*,#9113,.T.);
#6632=ORIENTED_EDGE('',*,*,#9117,.T.);
#6633=ORIENTED_EDGE('',*,*,#9120,.T.);
#6634=ORIENTED_EDGE('',*,*,#9123,.T.);
#6635=ORIENTED_EDGE('',*,*,#9101,.T.);
#6636=CARTESIAN_POINT('',(7.75,-11.8030803877962,4.84527588039257));
#6637=DIRECTION('',(1.0,0.0,6.12323399573676E-17));
#6638=DIRECTION('',(6.12323399573676E-17,0.0,-1.0));
#6639=SURFACE_STYLE_FILL_AREA(#9132);
#6640=ORIENTED_EDGE('',*,*,#8815,.F.);
#6641=ORIENTED_EDGE('',*,*,#9133,.F.);
#6642=ORIENTED_EDGE('',*,*,#9134,.F.);
#6643=ORIENTED_EDGE('',*,*,#9135,.T.);
#6644=CARTESIAN_POINT('',(2.75,-12.3499981481482,4.49997129629633));
#6645=DIRECTION('',(6.12323399573676E-17,0.0,-1.0));
#6646=DIRECTION('',(0.0,1.0,0.0));
#6647=SURFACE_STYLE_FILL_AREA(#9136);
#6648=ORIENTED_EDGE('',*,*,#8816,.F.);
#6649=ORIENTED_EDGE('',*,*,#9135,.F.);
#6650=ORIENTED_EDGE('',*,*,#9137,.F.);
#6651=ORIENTED_EDGE('',*,*,#9138,.F.);
#6652=ORIENTED_EDGE('',*,*,#9139,.F.);
#6653=ORIENTED_EDGE('',*,*,#9140,.F.);
#6654=ORIENTED_EDGE('',*,*,#9141,.F.);
#6655=ORIENTED_EDGE('',*,*,#9142,.T.);
#6656=ORIENTED_EDGE('',*,*,#9143,.F.);
#6657=CARTESIAN_POINT('',(2.75,-11.8030803877962,4.84527588039257));
#6658=DIRECTION('',(1.0,0.0,6.12323399573676E-17));
#6659=DIRECTION('',(6.12323399573676E-17,0.0,-1.0));
#6660=SURFACE_STYLE_FILL_AREA(#9144);
#6661=ORIENTED_EDGE('',*,*,#9145,.F.);
#6662=ORIENTED_EDGE('',*,*,#9146,.F.);
#6663=ORIENTED_EDGE('',*,*,#9140,.T.);
#6664=ORIENTED_EDGE('',*,*,#9147,.T.);
#6665=CARTESIAN_POINT('',(2.75,-11.4499569444445,4.57493657407408));
#6666=DIRECTION('',(5.04582316534891E-17,0.566523682092365,-0.824045458472109));
#6667=DIRECTION('',(-3.46895706957794E-17,0.824045458472109,0.566523682092365));
#6668=SURFACE_STYLE_FILL_AREA(#9148);
#6669=ORIENTED_EDGE('',*,*,#9149,.F.);
#6670=ORIENTED_EDGE('',*,*,#9147,.F.);
#6671=ORIENTED_EDGE('',*,*,#9139,.T.);
#6672=ORIENTED_EDGE('',*,*,#9150,.T.);
#6673=CARTESIAN_POINT('',(2.75,-11.8499481481482,4.09998009259258));
#6674=DIRECTION('',(0.0,1.0,0.0));
#6675=DIRECTION('',(-6.12323399573676E-17,0.0,1.0));
#6676=SURFACE_STYLE_FILL_AREA(#9151);
#6677=ORIENTED_EDGE('',*,*,#9152,.F.);
#6678=ORIENTED_EDGE('',*,*,#9150,.F.);
#6679=ORIENTED_EDGE('',*,*,#9138,.T.);
#6680=ORIENTED_EDGE('',*,*,#9153,.T.);
#6681=CARTESIAN_POINT('',(2.75,-11.9249722222223,3.90001388888888));
#6682=DIRECTION('',(6.12323399573676E-17,0.0,-1.0));
#6683=DIRECTION('',(0.0,1.0,0.0));
#6684=SURFACE_STYLE_FILL_AREA(#9154);
#6685=ORIENTED_EDGE('',*,*,#9155,.F.);
#6686=ORIENTED_EDGE('',*,*,#9153,.F.);
#6687=ORIENTED_EDGE('',*,*,#9137,.T.);
#6688=ORIENTED_EDGE('',*,*,#9134,.T.);
#6689=CARTESIAN_POINT('',(2.75,-11.9999962962963,4.19999259259261));
#6690=DIRECTION('',(0.0,-1.0,0.0));
#6691=DIRECTION('',(6.12323399573676E-17,0.0,-1.0));
#6692=SURFACE_STYLE_FILL_AREA(#9156);
#6693=ORIENTED_EDGE('',*,*,#9157,.F.);
#6694=ORIENTED_EDGE('',*,*,#9142,.F.);
#6695=ORIENTED_EDGE('',*,*,#9158,.T.);
#6696=ORIENTED_EDGE('',*,*,#9159,.F.);
#6697=CARTESIAN_POINT('',(2.75,-10.7499870370371,5.12496342592594));
#6698=DIRECTION('',(0.0,1.0,0.0));
#6699=DIRECTION('',(-6.12323399573676E-17,0.0,1.0));
#6700=SURFACE_STYLE_FILL_AREA(#9160);
#6701=ORIENTED_EDGE('',*,*,#9161,.F.);
#6702=ORIENTED_EDGE('',*,*,#9158,.F.);
#6703=ORIENTED_EDGE('',*,*,#9141,.T.);
#6704=ORIENTED_EDGE('',*,*,#9146,.T.);
#6705=CARTESIAN_POINT('',(2.75,-10.8999763888889,4.84992685185188));
#6706=DIRECTION('',(6.12323399573676E-17,0.0,-1.0));
#6707=DIRECTION('',(0.0,1.0,0.0));
#6708=SURFACE_STYLE_FILL_AREA(#9162);
#6709=ORIENTED_EDGE('',*,*,#8814,.F.);
#6710=ORIENTED_EDGE('',*,*,#9163,.F.);
#6711=ORIENTED_EDGE('',*,*,#9159,.T.);
#6712=ORIENTED_EDGE('',*,*,#9161,.T.);
#6713=ORIENTED_EDGE('',*,*,#9145,.T.);
#6714=ORIENTED_EDGE('',*,*,#9149,.T.);
#6715=ORIENTED_EDGE('',*,*,#9152,.T.);
#6716=ORIENTED_EDGE('',*,*,#9155,.T.);
#6717=ORIENTED_EDGE('',*,*,#9133,.T.);
#6718=CARTESIAN_POINT('',(4.25,-11.8030803877962,4.84527588039257));
#6719=DIRECTION('',(1.0,0.0,6.12323399573676E-17));
#6720=DIRECTION('',(6.12323399573676E-17,0.0,-1.0));
#6721=SURFACE_STYLE_FILL_AREA(#9164);
#6722=ORIENTED_EDGE('',*,*,#8819,.F.);
#6723=ORIENTED_EDGE('',*,*,#9165,.F.);
#6724=ORIENTED_EDGE('',*,*,#9166,.F.);
#6725=ORIENTED_EDGE('',*,*,#9167,.T.);
#6726=CARTESIAN_POINT('',(-0.75,-12.3499981481482,4.49997129629633));
#6727=DIRECTION('',(6.12323399573676E-17,0.0,-1.0));
#6728=DIRECTION('',(0.0,1.0,0.0));
#6729=SURFACE_STYLE_FILL_AREA(#9168);
#6730=ORIENTED_EDGE('',*,*,#8820,.F.);
#6731=ORIENTED_EDGE('',*,*,#9167,.F.);
#6732=ORIENTED_EDGE('',*,*,#9169,.F.);
#6733=ORIENTED_EDGE('',*,*,#9170,.F.);
#6734=ORIENTED_EDGE('',*,*,#9171,.F.);
#6735=ORIENTED_EDGE('',*,*,#9172,.F.);
#6736=ORIENTED_EDGE('',*,*,#9173,.F.);
#6737=ORIENTED_EDGE('',*,*,#9174,.T.);
#6738=ORIENTED_EDGE('',*,*,#9175,.F.);
#6739=CARTESIAN_POINT('',(-0.75,-11.8030803877962,4.84527588039257));
#6740=DIRECTION('',(1.0,0.0,6.12323399573676E-17));
#6741=DIRECTION('',(6.12323399573676E-17,0.0,-1.0));
#6742=SURFACE_STYLE_FILL_AREA(#9176);
#6743=ORIENTED_EDGE('',*,*,#9177,.F.);
#6744=ORIENTED_EDGE('',*,*,#9178,.F.);
#6745=ORIENTED_EDGE('',*,*,#9172,.T.);
#6746=ORIENTED_EDGE('',*,*,#9179,.T.);
#6747=CARTESIAN_POINT('',(-0.75,-11.4499569444445,4.57493657407408));
#6748=DIRECTION('',(5.04582316534891E-17,0.566523682092365,-0.824045458472109));
#6749=DIRECTION('',(-3.46895706957794E-17,0.824045458472109,0.566523682092365));
#6750=SURFACE_STYLE_FILL_AREA(#9180);
#6751=ORIENTED_EDGE('',*,*,#9181,.F.);
#6752=ORIENTED_EDGE('',*,*,#9179,.F.);
#6753=ORIENTED_EDGE('',*,*,#9171,.T.);
#6754=ORIENTED_EDGE('',*,*,#9182,.T.);
#6755=CARTESIAN_POINT('',(-0.75,-11.8499481481482,4.09998009259258));
#6756=DIRECTION('',(0.0,1.0,0.0));
#6757=DIRECTION('',(-6.12323399573676E-17,0.0,1.0));
#6758=SURFACE_STYLE_FILL_AREA(#9183);
#6759=ORIENTED_EDGE('',*,*,#9184,.F.);
#6760=ORIENTED_EDGE('',*,*,#9182,.F.);
#6761=ORIENTED_EDGE('',*,*,#9170,.T.);
#6762=ORIENTED_EDGE('',*,*,#9185,.T.);
#6763=CARTESIAN_POINT('',(-0.75,-11.9249722222223,3.90001388888888));
#6764=DIRECTION('',(6.12323399573676E-17,0.0,-1.0));
#6765=DIRECTION('',(0.0,1.0,0.0));
#6766=SURFACE_STYLE_FILL_AREA(#9186);
#6767=ORIENTED_EDGE('',*,*,#9187,.F.);
#6768=ORIENTED_EDGE('',*,*,#9185,.F.);
#6769=ORIENTED_EDGE('',*,*,#9169,.T.);
#6770=ORIENTED_EDGE('',*,*,#9166,.T.);
#6771=CARTESIAN_POINT('',(-0.75,-11.9999962962963,4.19999259259261));
#6772=DIRECTION('',(0.0,-1.0,0.0));
#6773=DIRECTION('',(6.12323399573676E-17,0.0,-1.0));
#6774=SURFACE_STYLE_FILL_AREA(#9188);
#6775=ORIENTED_EDGE('',*,*,#9189,.F.);
#6776=ORIENTED_EDGE('',*,*,#9174,.F.);
#6777=ORIENTED_EDGE('',*,*,#9190,.T.);
#6778=ORIENTED_EDGE('',*,*,#9191,.F.);
#6779=CARTESIAN_POINT('',(-0.75,-10.7499870370371,5.12496342592594));
#6780=DIRECTION('',(0.0,1.0,0.0));
#6781=DIRECTION('',(-6.12323399573676E-17,0.0,1.0));
#6782=SURFACE_STYLE_FILL_AREA(#9192);
#6783=ORIENTED_EDGE('',*,*,#9193,.F.);
#6784=ORIENTED_EDGE('',*,*,#9190,.F.);
#6785=ORIENTED_EDGE('',*,*,#9173,.T.);
#6786=ORIENTED_EDGE('',*,*,#9178,.T.);
#6787=CARTESIAN_POINT('',(-0.75,-10.8999763888889,4.84992685185188));
#6788=DIRECTION('',(6.12323399573676E-17,0.0,-1.0));
#6789=DIRECTION('',(0.0,1.0,0.0));
#6790=SURFACE_STYLE_FILL_AREA(#9194);
#6791=ORIENTED_EDGE('',*,*,#8818,.F.);
#6792=ORIENTED_EDGE('',*,*,#9195,.F.);
#6793=ORIENTED_EDGE('',*,*,#9191,.T.);
#6794=ORIENTED_EDGE('',*,*,#9193,.T.);
#6795=ORIENTED_EDGE('',*,*,#9177,.T.);
#6796=ORIENTED_EDGE('',*,*,#9181,.T.);
#6797=ORIENTED_EDGE('',*,*,#9184,.T.);
#6798=ORIENTED_EDGE('',*,*,#9187,.T.);
#6799=ORIENTED_EDGE('',*,*,#9165,.T.);
#6800=CARTESIAN_POINT('',(0.75,-11.8030803877962,4.84527588039257));
#6801=DIRECTION('',(1.0,0.0,6.12323399573676E-17));
#6802=DIRECTION('',(6.12323399573676E-17,0.0,-1.0));
#6803=SURFACE_STYLE_FILL_AREA(#9196);
#6804=ORIENTED_EDGE('',*,*,#9197,.F.);
#6805=ORIENTED_EDGE('',*,*,#9198,.F.);
#6806=ORIENTED_EDGE('',*,*,#9199,.F.);
#6807=ORIENTED_EDGE('',*,*,#9200,.F.);
#6808=ORIENTED_EDGE('',*,*,#9201,.F.);
#6809=ORIENTED_EDGE('',*,*,#9202,.F.);
#6810=ORIENTED_EDGE('',*,*,#9203,.F.);
#6811=CARTESIAN_POINT('',(18.9478,-12.5,4.75389999999999));
#6812=DIRECTION('',(1.0,0.0,0.0));
#6813=DIRECTION('',(0.0,6.12323399573676E-17,-1.0));
#6814=SURFACE_STYLE_FILL_AREA(#9204);
#6815=ORIENTED_EDGE('',*,*,#9205,.F.);
#6816=ORIENTED_EDGE('',*,*,#9200,.T.);
#6817=ORIENTED_EDGE('',*,*,#9206,.F.);
#6818=ORIENTED_EDGE('',*,*,#9207,.F.);
#6819=CARTESIAN_POINT('',(18.6684,-12.5,3.51090000000028));
#6820=DIRECTION('',(0.905690226558377,2.59588446951403E-17,-0.423940106048762));
#6821=DIRECTION('',(-0.423940106048762,5.54575318486879E-17,-0.905690226558377));
#6822=SURFACE_STYLE_FILL_AREA(#9208);
#6823=ORIENTED_EDGE('',*,*,#9209,.F.);
#6824=ORIENTED_EDGE('',*,*,#9210,.F.);
#6825=ORIENTED_EDGE('',*,*,#9211,.F.);
#6826=ORIENTED_EDGE('',*,*,#9212,.F.);
#6827=ORIENTED_EDGE('',*,*,#9213,.T.);
#6828=ORIENTED_EDGE('',*,*,#9214,.F.);
#6829=ORIENTED_EDGE('',*,*,#9215,.F.);
#6830=CARTESIAN_POINT('',(16.0522,-12.5,4.75390000000008));
#6831=DIRECTION('',(-1.0,0.0,0.0));
#6832=DIRECTION('',(0.0,-6.12323399573676E-17,1.0));
#6833=SURFACE_STYLE_FILL_AREA(#9216);
#6834=ORIENTED_EDGE('',*,*,#9217,.F.);
#6835=ORIENTED_EDGE('',*,*,#9218,.F.);
#6836=ORIENTED_EDGE('',*,*,#9219,.F.);
#6837=ORIENTED_EDGE('',*,*,#9213,.F.);
#6838=CARTESIAN_POINT('',(16.3316,-12.5,3.51090000000028));
#6839=DIRECTION('',(-0.905690226558377,2.59588446951403E-17,-0.423940106048762));
#6840=DIRECTION('',(-0.423940106048762,-5.54575318486879E-17,0.905690226558377));
#6841=SURFACE_STYLE_FILL_AREA(#9220);
#6842=ORIENTED_EDGE('',*,*,#9202,.T.);
#6843=ORIENTED_EDGE('',*,*,#9221,.T.);
#6844=ORIENTED_EDGE('',*,*,#9211,.T.);
#6845=ORIENTED_EDGE('',*,*,#9222,.F.);
#6846=CARTESIAN_POINT('',(20.5,-9.8076,4.28690000000013));
#6847=DIRECTION('',(0.0,-1.0,0.0));
#6848=DIRECTION('',(6.12323399573676E-17,0.0,1.0));
#6849=SURFACE_STYLE_FILL_AREA(#9223);
#6850=ORIENTED_EDGE('',*,*,#9201,.T.);
#6851=ORIENTED_EDGE('',*,*,#9205,.T.);
#6852=ORIENTED_EDGE('',*,*,#9224,.T.);
#6853=ORIENTED_EDGE('',*,*,#9217,.T.);
#6854=ORIENTED_EDGE('',*,*,#9212,.T.);
#6855=ORIENTED_EDGE('',*,*,#9221,.F.);
#6856=CARTESIAN_POINT('',(20.5,-9.75680000000001,3.52490000000031));
#6857=DIRECTION('',(-5.19249204341102E-18,-0.996398007205978,-0.084799830400508));
#6858=DIRECTION('',(6.10117815100801E-17,-0.084799830400508,0.996398007205978));
#6859=SURFACE_STYLE_FILL_AREA(#9225);
#6860=ORIENTED_EDGE('',*,*,#9207,.T.);
#6861=ORIENTED_EDGE('',*,*,#9226,.T.);
#6862=ORIENTED_EDGE('',*,*,#9218,.T.);
#6863=ORIENTED_EDGE('',*,*,#9224,.F.);
#6864=CARTESIAN_POINT('',(20.5,-8.35980000000002,2.92800000000037));
#6865=DIRECTION('',(-6.12323399573676E-17,-0.0,-1.0));
#6866=DIRECTION('',(0.0,-1.0,0.0));
#6867=SURFACE_STYLE_FILL_AREA(#9227);
#6868=ORIENTED_EDGE('',*,*,#9206,.T.);
#6869=ORIENTED_EDGE('',*,*,#9199,.T.);
#6870=ORIENTED_EDGE('',*,*,#9228,.T.);
#6871=ORIENTED_EDGE('',*,*,#9214,.T.);
#6872=ORIENTED_EDGE('',*,*,#9219,.T.);
#6873=ORIENTED_EDGE('',*,*,#9226,.F.);
#6874=CARTESIAN_POINT('',(20.5,-6.3151,3.52490000000031));
#6875=DIRECTION('',(-4.65507504194341E-17,0.649652327582099,-0.760231447170638));
#6876=DIRECTION('',(-3.97797321766022E-17,-0.760231447170638,-0.649652327582099));
#6877=SURFACE_STYLE_FILL_AREA(#9229);
#6878=ORIENTED_EDGE('',*,*,#9230,.F.);
#6879=ORIENTED_EDGE('',*,*,#9215,.T.);
#6880=ORIENTED_EDGE('',*,*,#9228,.F.);
#6881=ORIENTED_EDGE('',*,*,#9198,.T.);
#6882=CARTESIAN_POINT('',(20.5,-5.61659999999998,4.76790000000015));
#6883=DIRECTION('',(0.0,1.0,0.0));
#6884=DIRECTION('',(-6.12323399573676E-17,0.0,-1.0));
#6885=SURFACE_STYLE_FILL_AREA(#9231);
#6886=ORIENTED_EDGE('',*,*,#9210,.T.);
#6887=ORIENTED_EDGE('',*,*,#9232,.T.);
#6888=ORIENTED_EDGE('',*,*,#9233,.T.);
#6889=ORIENTED_EDGE('',*,*,#9234,.F.);
#6890=CARTESIAN_POINT('',(19.8,-9.8076,4.82600000000001));
#6891=DIRECTION('',(3.63537720172974E-32,-1.0,5.93702152205981E-16));
#6892=DIRECTION('',(6.12323399573676E-17,5.93702152205981E-16,1.0));
#6893=SURFACE_STYLE_FILL_AREA(#9235);
#6894=ORIENTED_EDGE('',*,*,#9203,.T.);
#6895=ORIENTED_EDGE('',*,*,#9236,.F.);
#6896=ORIENTED_EDGE('',*,*,#9237,.F.);
#6897=ORIENTED_EDGE('',*,*,#9238,.T.);
#6898=CARTESIAN_POINT('',(19.8,-9.8076,4.82600000000001));
#6899=DIRECTION('',(3.63537720172974E-32,-1.0,5.93702152205981E-16));
#6900=DIRECTION('',(6.12323399573676E-17,5.93702152205981E-16,1.0));
#6901=SURFACE_STYLE_FILL_AREA(#9239);
#6902=ORIENTED_EDGE('',*,*,#9240,.F.);
#6903=ORIENTED_EDGE('',*,*,#9241,.F.);
#6904=ORIENTED_EDGE('',*,*,#9242,.F.);
#6905=ORIENTED_EDGE('',*,*,#9243,.F.);
#6906=ORIENTED_EDGE('',*,*,#9244,.F.);
#6907=ORIENTED_EDGE('',*,*,#9245,.F.);
#6908=ORIENTED_EDGE('',*,*,#9233,.F.);
#6909=CARTESIAN_POINT('',(15.4478,-12.5,4.75389999999999));
#6910=DIRECTION('',(1.0,0.0,0.0));
#6911=DIRECTION('',(0.0,6.12323399573676E-17,-1.0));
#6912=SURFACE_STYLE_FILL_AREA(#9246);
#6913=ORIENTED_EDGE('',*,*,#9247,.F.);
#6914=ORIENTED_EDGE('',*,*,#9243,.T.);
#6915=ORIENTED_EDGE('',*,*,#9248,.F.);
#6916=ORIENTED_EDGE('',*,*,#9249,.F.);
#6917=CARTESIAN_POINT('',(15.1684,-12.5,3.51090000000028));
#6918=DIRECTION('',(0.905690226558377,2.59588446951403E-17,-0.423940106048762));
#6919=DIRECTION('',(-0.423940106048762,5.54575318486879E-17,-0.905690226558377));
#6920=SURFACE_STYLE_FILL_AREA(#9250);
#6921=ORIENTED_EDGE('',*,*,#9251,.F.);
#6922=ORIENTED_EDGE('',*,*,#9252,.F.);
#6923=ORIENTED_EDGE('',*,*,#9253,.F.);
#6924=ORIENTED_EDGE('',*,*,#9254,.F.);
#6925=ORIENTED_EDGE('',*,*,#9255,.T.);
#6926=ORIENTED_EDGE('',*,*,#9256,.F.);
#6927=ORIENTED_EDGE('',*,*,#9257,.F.);
#6928=CARTESIAN_POINT('',(12.5522,-12.5,4.75390000000008));
#6929=DIRECTION('',(-1.0,0.0,0.0));
#6930=DIRECTION('',(0.0,-6.12323399573676E-17,1.0));
#6931=SURFACE_STYLE_FILL_AREA(#9258);
#6932=ORIENTED_EDGE('',*,*,#9259,.F.);
#6933=ORIENTED_EDGE('',*,*,#9260,.F.);
#6934=ORIENTED_EDGE('',*,*,#9261,.F.);
#6935=ORIENTED_EDGE('',*,*,#9255,.F.);
#6936=CARTESIAN_POINT('',(12.8316,-12.5,3.51090000000028));
#6937=DIRECTION('',(-0.905690226558377,2.59588446951403E-17,-0.423940106048762));
#6938=DIRECTION('',(-0.423940106048762,-5.54575318486879E-17,0.905690226558377));
#6939=SURFACE_STYLE_FILL_AREA(#9262);
#6940=ORIENTED_EDGE('',*,*,#9245,.T.);
#6941=ORIENTED_EDGE('',*,*,#9263,.T.);
#6942=ORIENTED_EDGE('',*,*,#9253,.T.);
#6943=ORIENTED_EDGE('',*,*,#9264,.F.);
#6944=CARTESIAN_POINT('',(17.0,-9.8076,4.28690000000013));
#6945=DIRECTION('',(0.0,-1.0,0.0));
#6946=DIRECTION('',(6.12323399573676E-17,0.0,1.0));
#6947=SURFACE_STYLE_FILL_AREA(#9265);
#6948=ORIENTED_EDGE('',*,*,#9244,.T.);
#6949=ORIENTED_EDGE('',*,*,#9247,.T.);
#6950=ORIENTED_EDGE('',*,*,#9266,.T.);
#6951=ORIENTED_EDGE('',*,*,#9259,.T.);
#6952=ORIENTED_EDGE('',*,*,#9254,.T.);
#6953=ORIENTED_EDGE('',*,*,#9263,.F.);
#6954=CARTESIAN_POINT('',(17.0,-9.75680000000001,3.52490000000031));
#6955=DIRECTION('',(-5.19249204341102E-18,-0.996398007205978,-0.084799830400508));
#6956=DIRECTION('',(6.10117815100801E-17,-0.084799830400508,0.996398007205978));
#6957=SURFACE_STYLE_FILL_AREA(#9267);
#6958=ORIENTED_EDGE('',*,*,#9249,.T.);
#6959=ORIENTED_EDGE('',*,*,#9268,.T.);
#6960=ORIENTED_EDGE('',*,*,#9260,.T.);
#6961=ORIENTED_EDGE('',*,*,#9266,.F.);
#6962=CARTESIAN_POINT('',(17.0,-8.35980000000002,2.92800000000037));
#6963=DIRECTION('',(-6.12323399573676E-17,-0.0,-1.0));
#6964=DIRECTION('',(0.0,-1.0,0.0));
#6965=SURFACE_STYLE_FILL_AREA(#9269);
#6966=ORIENTED_EDGE('',*,*,#9248,.T.);
#6967=ORIENTED_EDGE('',*,*,#9242,.T.);
#6968=ORIENTED_EDGE('',*,*,#9270,.T.);
#6969=ORIENTED_EDGE('',*,*,#9256,.T.);
#6970=ORIENTED_EDGE('',*,*,#9261,.T.);
#6971=ORIENTED_EDGE('',*,*,#9268,.F.);
#6972=CARTESIAN_POINT('',(17.0,-6.3151,3.52490000000031));
#6973=DIRECTION('',(-4.65507504194341E-17,0.649652327582099,-0.760231447170638));
#6974=DIRECTION('',(-3.97797321766022E-17,-0.760231447170638,-0.649652327582099));
#6975=SURFACE_STYLE_FILL_AREA(#9271);
#6976=ORIENTED_EDGE('',*,*,#9272,.F.);
#6977=ORIENTED_EDGE('',*,*,#9257,.T.);
#6978=ORIENTED_EDGE('',*,*,#9270,.F.);
#6979=ORIENTED_EDGE('',*,*,#9241,.T.);
#6980=CARTESIAN_POINT('',(17.0,-5.61659999999998,4.76790000000015));
#6981=DIRECTION('',(0.0,1.0,0.0));
#6982=DIRECTION('',(-6.12323399573676E-17,0.0,-1.0));
#6983=SURFACE_STYLE_FILL_AREA(#9273);
#6984=ORIENTED_EDGE('',*,*,#9252,.T.);
#6985=ORIENTED_EDGE('',*,*,#9274,.T.);
#6986=ORIENTED_EDGE('',*,*,#9275,.T.);
#6987=ORIENTED_EDGE('',*,*,#9276,.F.);
#6988=CARTESIAN_POINT('',(19.8,-9.8076,4.82600000000001));
#6989=DIRECTION('',(3.63537720172974E-32,-1.0,5.93702152205981E-16));
#6990=DIRECTION('',(6.12323399573676E-17,5.93702152205981E-16,1.0));
#6991=SURFACE_STYLE_FILL_AREA(#9277);
#6992=ORIENTED_EDGE('',*,*,#9278,.F.);
#6993=ORIENTED_EDGE('',*,*,#9279,.F.);
#6994=ORIENTED_EDGE('',*,*,#9280,.F.);
#6995=ORIENTED_EDGE('',*,*,#9281,.F.);
#6996=ORIENTED_EDGE('',*,*,#9282,.F.);
#6997=ORIENTED_EDGE('',*,*,#9283,.F.);
#6998=ORIENTED_EDGE('',*,*,#9275,.F.);
#6999=CARTESIAN_POINT('',(11.9478,-12.5,4.75389999999999));
#7000=DIRECTION('',(1.0,0.0,0.0));
#7001=DIRECTION('',(0.0,6.12323399573676E-17,-1.0));
#7002=SURFACE_STYLE_FILL_AREA(#9284);
#7003=ORIENTED_EDGE('',*,*,#9285,.F.);
#7004=ORIENTED_EDGE('',*,*,#9281,.T.);
#7005=ORIENTED_EDGE('',*,*,#9286,.F.);
#7006=ORIENTED_EDGE('',*,*,#9287,.F.);
#7007=CARTESIAN_POINT('',(11.6684,-12.5,3.51090000000028));
#7008=DIRECTION('',(0.905690226558377,2.59588446951403E-17,-0.423940106048762));
#7009=DIRECTION('',(-0.423940106048762,5.54575318486879E-17,-0.905690226558377));
#7010=SURFACE_STYLE_FILL_AREA(#9288);
#7011=ORIENTED_EDGE('',*,*,#9289,.F.);
#7012=ORIENTED_EDGE('',*,*,#9290,.F.);
#7013=ORIENTED_EDGE('',*,*,#9291,.F.);
#7014=ORIENTED_EDGE('',*,*,#9292,.F.);
#7015=ORIENTED_EDGE('',*,*,#9293,.T.);
#7016=ORIENTED_EDGE('',*,*,#9294,.F.);
#7017=ORIENTED_EDGE('',*,*,#9295,.F.);
#7018=CARTESIAN_POINT('',(9.05219999999999,-12.5,4.75390000000008));
#7019=DIRECTION('',(-1.0,0.0,0.0));
#7020=DIRECTION('',(0.0,-6.12323399573676E-17,1.0));
#7021=SURFACE_STYLE_FILL_AREA(#9296);
#7022=ORIENTED_EDGE('',*,*,#9297,.F.);
#7023=ORIENTED_EDGE('',*,*,#9298,.F.);
#7024=ORIENTED_EDGE('',*,*,#9299,.F.);
#7025=ORIENTED_EDGE('',*,*,#9293,.F.);
#7026=CARTESIAN_POINT('',(9.33159999999999,-12.5,3.51090000000028));
#7027=DIRECTION('',(-0.905690226558377,2.59588446951403E-17,-0.423940106048762));
#7028=DIRECTION('',(-0.423940106048762,-5.54575318486879E-17,0.905690226558377));
#7029=SURFACE_STYLE_FILL_AREA(#9300);
#7030=ORIENTED_EDGE('',*,*,#9283,.T.);
#7031=ORIENTED_EDGE('',*,*,#9301,.T.);
#7032=ORIENTED_EDGE('',*,*,#9291,.T.);
#7033=ORIENTED_EDGE('',*,*,#9302,.F.);
#7034=CARTESIAN_POINT('',(13.5,-9.8076,4.28690000000013));
#7035=DIRECTION('',(0.0,-1.0,0.0));
#7036=DIRECTION('',(6.12323399573676E-17,0.0,1.0));
#7037=SURFACE_STYLE_FILL_AREA(#9303);
#7038=ORIENTED_EDGE('',*,*,#9282,.T.);
#7039=ORIENTED_EDGE('',*,*,#9285,.T.);
#7040=ORIENTED_EDGE('',*,*,#9304,.T.);
#7041=ORIENTED_EDGE('',*,*,#9297,.T.);
#7042=ORIENTED_EDGE('',*,*,#9292,.T.);
#7043=ORIENTED_EDGE('',*,*,#9301,.F.);
#7044=CARTESIAN_POINT('',(13.5,-9.75680000000001,3.52490000000031));
#7045=DIRECTION('',(-5.19249204341102E-18,-0.996398007205978,-0.084799830400508));
#7046=DIRECTION('',(6.10117815100801E-17,-0.084799830400508,0.996398007205978));
#7047=SURFACE_STYLE_FILL_AREA(#9305);
#7048=ORIENTED_EDGE('',*,*,#9287,.T.);
#7049=ORIENTED_EDGE('',*,*,#9306,.T.);
#7050=ORIENTED_EDGE('',*,*,#9298,.T.);
#7051=ORIENTED_EDGE('',*,*,#9304,.F.);
#7052=CARTESIAN_POINT('',(13.5,-8.35980000000002,2.92800000000037));
#7053=DIRECTION('',(-6.12323399573676E-17,-0.0,-1.0));
#7054=DIRECTION('',(0.0,-1.0,0.0));
#7055=SURFACE_STYLE_FILL_AREA(#9307);
#7056=ORIENTED_EDGE('',*,*,#9286,.T.);
#7057=ORIENTED_EDGE('',*,*,#9280,.T.);
#7058=ORIENTED_EDGE('',*,*,#9308,.T.);
#7059=ORIENTED_EDGE('',*,*,#9294,.T.);
#7060=ORIENTED_EDGE('',*,*,#9299,.T.);
#7061=ORIENTED_EDGE('',*,*,#9306,.F.);
#7062=CARTESIAN_POINT('',(13.5,-6.3151,3.52490000000031));
#7063=DIRECTION('',(-4.65507504194341E-17,0.649652327582099,-0.760231447170638));
#7064=DIRECTION('',(-3.97797321766022E-17,-0.760231447170638,-0.649652327582099));
#7065=SURFACE_STYLE_FILL_AREA(#9309);
#7066=ORIENTED_EDGE('',*,*,#9310,.F.);
#7067=ORIENTED_EDGE('',*,*,#9295,.T.);
#7068=ORIENTED_EDGE('',*,*,#9308,.F.);
#7069=ORIENTED_EDGE('',*,*,#9279,.T.);
#7070=CARTESIAN_POINT('',(13.5,-5.61659999999998,4.76790000000015));
#7071=DIRECTION('',(0.0,1.0,0.0));
#7072=DIRECTION('',(-6.12323399573676E-17,0.0,-1.0));
#7073=SURFACE_STYLE_FILL_AREA(#9311);
#7074=ORIENTED_EDGE('',*,*,#9290,.T.);
#7075=ORIENTED_EDGE('',*,*,#9312,.T.);
#7076=ORIENTED_EDGE('',*,*,#9313,.T.);
#7077=ORIENTED_EDGE('',*,*,#9314,.F.);
#7078=CARTESIAN_POINT('',(19.8,-9.8076,4.82600000000001));
#7079=DIRECTION('',(3.63537720172974E-32,-1.0,5.93702152205981E-16));
#7080=DIRECTION('',(6.12323399573676E-17,5.93702152205981E-16,1.0));
#7081=SURFACE_STYLE_FILL_AREA(#9315);
#7082=ORIENTED_EDGE('',*,*,#9316,.F.);
#7083=ORIENTED_EDGE('',*,*,#9317,.F.);
#7084=ORIENTED_EDGE('',*,*,#9318,.F.);
#7085=ORIENTED_EDGE('',*,*,#9319,.F.);
#7086=ORIENTED_EDGE('',*,*,#9320,.F.);
#7087=ORIENTED_EDGE('',*,*,#9321,.F.);
#7088=ORIENTED_EDGE('',*,*,#9313,.F.);
#7089=CARTESIAN_POINT('',(8.44780000000001,-12.5,4.75389999999999));
#7090=DIRECTION('',(1.0,0.0,0.0));
#7091=DIRECTION('',(0.0,6.12323399573676E-17,-1.0));
#7092=SURFACE_STYLE_FILL_AREA(#9322);
#7093=ORIENTED_EDGE('',*,*,#9323,.F.);
#7094=ORIENTED_EDGE('',*,*,#9319,.T.);
#7095=ORIENTED_EDGE('',*,*,#9324,.F.);
#7096=ORIENTED_EDGE('',*,*,#9325,.F.);
#7097=CARTESIAN_POINT('',(8.16840000000001,-12.5,3.51090000000028));
#7098=DIRECTION('',(0.905690226558377,2.59588446951403E-17,-0.423940106048762));
#7099=DIRECTION('',(-0.423940106048762,5.54575318486879E-17,-0.905690226558377));
#7100=SURFACE_STYLE_FILL_AREA(#9326);
#7101=ORIENTED_EDGE('',*,*,#9327,.F.);
#7102=ORIENTED_EDGE('',*,*,#9328,.F.);
#7103=ORIENTED_EDGE('',*,*,#9329,.F.);
#7104=ORIENTED_EDGE('',*,*,#9330,.F.);
#7105=ORIENTED_EDGE('',*,*,#9331,.T.);
#7106=ORIENTED_EDGE('',*,*,#9332,.F.);
#7107=ORIENTED_EDGE('',*,*,#9333,.F.);
#7108=CARTESIAN_POINT('',(5.55219999999999,-12.5,4.75390000000008));
#7109=DIRECTION('',(-1.0,0.0,0.0));
#7110=DIRECTION('',(0.0,-6.12323399573676E-17,1.0));
#7111=SURFACE_STYLE_FILL_AREA(#9334);
#7112=ORIENTED_EDGE('',*,*,#9335,.F.);
#7113=ORIENTED_EDGE('',*,*,#9336,.F.);
#7114=ORIENTED_EDGE('',*,*,#9337,.F.);
#7115=ORIENTED_EDGE('',*,*,#9331,.F.);
#7116=CARTESIAN_POINT('',(5.83159999999999,-12.5,3.51090000000028));
#7117=DIRECTION('',(-0.905690226558377,2.59588446951403E-17,-0.423940106048762));
#7118=DIRECTION('',(-0.423940106048762,-5.54575318486879E-17,0.905690226558377));
#7119=SURFACE_STYLE_FILL_AREA(#9338);
#7120=ORIENTED_EDGE('',*,*,#9321,.T.);
#7121=ORIENTED_EDGE('',*,*,#9339,.T.);
#7122=ORIENTED_EDGE('',*,*,#9329,.T.);
#7123=ORIENTED_EDGE('',*,*,#9340,.F.);
#7124=CARTESIAN_POINT('',(10.0,-9.8076,4.28690000000013));
#7125=DIRECTION('',(0.0,-1.0,0.0));
#7126=DIRECTION('',(6.12323399573676E-17,0.0,1.0));
#7127=SURFACE_STYLE_FILL_AREA(#9341);
#7128=ORIENTED_EDGE('',*,*,#9320,.T.);
#7129=ORIENTED_EDGE('',*,*,#9323,.T.);
#7130=ORIENTED_EDGE('',*,*,#9342,.T.);
#7131=ORIENTED_EDGE('',*,*,#9335,.T.);
#7132=ORIENTED_EDGE('',*,*,#9330,.T.);
#7133=ORIENTED_EDGE('',*,*,#9339,.F.);
#7134=CARTESIAN_POINT('',(10.0,-9.75680000000001,3.52490000000031));
#7135=DIRECTION('',(-5.19249204341102E-18,-0.996398007205978,-0.084799830400508));
#7136=DIRECTION('',(6.10117815100801E-17,-0.084799830400508,0.996398007205978));
#7137=SURFACE_STYLE_FILL_AREA(#9343);
#7138=ORIENTED_EDGE('',*,*,#9325,.T.);
#7139=ORIENTED_EDGE('',*,*,#9344,.T.);
#7140=ORIENTED_EDGE('',*,*,#9336,.T.);
#7141=ORIENTED_EDGE('',*,*,#9342,.F.);
#7142=CARTESIAN_POINT('',(10.0,-8.35980000000002,2.92800000000037));
#7143=DIRECTION('',(-6.12323399573676E-17,-0.0,-1.0));
#7144=DIRECTION('',(0.0,-1.0,0.0));
#7145=SURFACE_STYLE_FILL_AREA(#9345);
#7146=ORIENTED_EDGE('',*,*,#9324,.T.);
#7147=ORIENTED_EDGE('',*,*,#9318,.T.);
#7148=ORIENTED_EDGE('',*,*,#9346,.T.);
#7149=ORIENTED_EDGE('',*,*,#9332,.T.);
#7150=ORIENTED_EDGE('',*,*,#9337,.T.);
#7151=ORIENTED_EDGE('',*,*,#9344,.F.);
#7152=CARTESIAN_POINT('',(10.0,-6.3151,3.52490000000031));
#7153=DIRECTION('',(-4.65507504194341E-17,0.649652327582099,-0.760231447170638));
#7154=DIRECTION('',(-3.97797321766022E-17,-0.760231447170638,-0.649652327582099));
#7155=SURFACE_STYLE_FILL_AREA(#9347);
#7156=ORIENTED_EDGE('',*,*,#9348,.F.);
#7157=ORIENTED_EDGE('',*,*,#9333,.T.);
#7158=ORIENTED_EDGE('',*,*,#9346,.F.);
#7159=ORIENTED_EDGE('',*,*,#9317,.T.);
#7160=CARTESIAN_POINT('',(10.0,-5.61659999999998,4.76790000000015));
#7161=DIRECTION('',(0.0,1.0,0.0));
#7162=DIRECTION('',(-6.12323399573676E-17,0.0,-1.0));
#7163=SURFACE_STYLE_FILL_AREA(#9349);
#7164=ORIENTED_EDGE('',*,*,#9328,.T.);
#7165=ORIENTED_EDGE('',*,*,#9350,.T.);
#7166=ORIENTED_EDGE('',*,*,#9351,.T.);
#7167=ORIENTED_EDGE('',*,*,#9352,.F.);
#7168=CARTESIAN_POINT('',(19.8,-9.8076,4.82600000000001));
#7169=DIRECTION('',(3.63537720172974E-32,-1.0,5.93702152205981E-16));
#7170=DIRECTION('',(6.12323399573676E-17,5.93702152205981E-16,1.0));
#7171=SURFACE_STYLE_FILL_AREA(#9353);
#7172=ORIENTED_EDGE('',*,*,#9354,.F.);
#7173=ORIENTED_EDGE('',*,*,#9355,.F.);
#7174=ORIENTED_EDGE('',*,*,#9356,.F.);
#7175=ORIENTED_EDGE('',*,*,#9357,.F.);
#7176=ORIENTED_EDGE('',*,*,#9358,.F.);
#7177=ORIENTED_EDGE('',*,*,#9359,.F.);
#7178=ORIENTED_EDGE('',*,*,#9351,.F.);
#7179=CARTESIAN_POINT('',(4.94780000000001,-12.5,4.75389999999999));
#7180=DIRECTION('',(1.0,0.0,0.0));
#7181=DIRECTION('',(0.0,6.12323399573676E-17,-1.0));
#7182=SURFACE_STYLE_FILL_AREA(#9360);
#7183=ORIENTED_EDGE('',*,*,#9361,.F.);
#7184=ORIENTED_EDGE('',*,*,#9357,.T.);
#7185=ORIENTED_EDGE('',*,*,#9362,.F.);
#7186=ORIENTED_EDGE('',*,*,#9363,.F.);
#7187=CARTESIAN_POINT('',(4.66840000000001,-12.5,3.51090000000028));
#7188=DIRECTION('',(0.905690226558377,2.59588446951403E-17,-0.423940106048762));
#7189=DIRECTION('',(-0.423940106048762,5.54575318486879E-17,-0.905690226558377));
#7190=SURFACE_STYLE_FILL_AREA(#9364);
#7191=ORIENTED_EDGE('',*,*,#9365,.F.);
#7192=ORIENTED_EDGE('',*,*,#9366,.F.);
#7193=ORIENTED_EDGE('',*,*,#9367,.F.);
#7194=ORIENTED_EDGE('',*,*,#9368,.F.);
#7195=ORIENTED_EDGE('',*,*,#9369,.T.);
#7196=ORIENTED_EDGE('',*,*,#9370,.F.);
#7197=ORIENTED_EDGE('',*,*,#9371,.F.);
#7198=CARTESIAN_POINT('',(2.05219999999999,-12.5,4.75390000000008));
#7199=DIRECTION('',(-1.0,0.0,0.0));
#7200=DIRECTION('',(0.0,-6.12323399573676E-17,1.0));
#7201=SURFACE_STYLE_FILL_AREA(#9372);
#7202=ORIENTED_EDGE('',*,*,#9373,.F.);
#7203=ORIENTED_EDGE('',*,*,#9374,.F.);
#7204=ORIENTED_EDGE('',*,*,#9375,.F.);
#7205=ORIENTED_EDGE('',*,*,#9369,.F.);
#7206=CARTESIAN_POINT('',(2.33159999999999,-12.5,3.51090000000028));
#7207=DIRECTION('',(-0.905690226558377,2.59588446951403E-17,-0.423940106048762));
#7208=DIRECTION('',(-0.423940106048762,-5.54575318486879E-17,0.905690226558377));
#7209=SURFACE_STYLE_FILL_AREA(#9376);
#7210=ORIENTED_EDGE('',*,*,#9359,.T.);
#7211=ORIENTED_EDGE('',*,*,#9377,.T.);
#7212=ORIENTED_EDGE('',*,*,#9367,.T.);
#7213=ORIENTED_EDGE('',*,*,#9378,.F.);
#7214=CARTESIAN_POINT('',(6.5,-9.8076,4.28690000000013));
#7215=DIRECTION('',(0.0,-1.0,0.0));
#7216=DIRECTION('',(6.12323399573676E-17,0.0,1.0));
#7217=SURFACE_STYLE_FILL_AREA(#9379);
#7218=ORIENTED_EDGE('',*,*,#9358,.T.);
#7219=ORIENTED_EDGE('',*,*,#9361,.T.);
#7220=ORIENTED_EDGE('',*,*,#9380,.T.);
#7221=ORIENTED_EDGE('',*,*,#9373,.T.);
#7222=ORIENTED_EDGE('',*,*,#9368,.T.);
#7223=ORIENTED_EDGE('',*,*,#9377,.F.);
#7224=CARTESIAN_POINT('',(6.5,-9.75680000000001,3.52490000000031));
#7225=DIRECTION('',(-5.19249204341102E-18,-0.996398007205978,-0.084799830400508));
#7226=DIRECTION('',(6.10117815100801E-17,-0.084799830400508,0.996398007205978));
#7227=SURFACE_STYLE_FILL_AREA(#9381);
#7228=ORIENTED_EDGE('',*,*,#9363,.T.);
#7229=ORIENTED_EDGE('',*,*,#9382,.T.);
#7230=ORIENTED_EDGE('',*,*,#9374,.T.);
#7231=ORIENTED_EDGE('',*,*,#9380,.F.);
#7232=CARTESIAN_POINT('',(6.5,-8.35980000000002,2.92800000000037));
#7233=DIRECTION('',(-6.12323399573676E-17,-0.0,-1.0));
#7234=DIRECTION('',(0.0,-1.0,0.0));
#7235=SURFACE_STYLE_FILL_AREA(#9383);
#7236=ORIENTED_EDGE('',*,*,#9362,.T.);
#7237=ORIENTED_EDGE('',*,*,#9356,.T.);
#7238=ORIENTED_EDGE('',*,*,#9384,.T.);
#7239=ORIENTED_EDGE('',*,*,#9370,.T.);
#7240=ORIENTED_EDGE('',*,*,#9375,.T.);
#7241=ORIENTED_EDGE('',*,*,#9382,.F.);
#7242=CARTESIAN_POINT('',(6.5,-6.3151,3.52490000000031));
#7243=DIRECTION('',(-4.65507504194341E-17,0.649652327582099,-0.760231447170638));
#7244=DIRECTION('',(-3.97797321766022E-17,-0.760231447170638,-0.649652327582099));
#7245=SURFACE_STYLE_FILL_AREA(#9385);
#7246=ORIENTED_EDGE('',*,*,#9386,.F.);
#7247=ORIENTED_EDGE('',*,*,#9371,.T.);
#7248=ORIENTED_EDGE('',*,*,#9384,.F.);
#7249=ORIENTED_EDGE('',*,*,#9355,.T.);
#7250=CARTESIAN_POINT('',(6.5,-5.61659999999998,4.76790000000015));
#7251=DIRECTION('',(0.0,1.0,0.0));
#7252=DIRECTION('',(-6.12323399573676E-17,0.0,-1.0));
#7253=SURFACE_STYLE_FILL_AREA(#9387);
#7254=ORIENTED_EDGE('',*,*,#9366,.T.);
#7255=ORIENTED_EDGE('',*,*,#9388,.T.);
#7256=ORIENTED_EDGE('',*,*,#9389,.T.);
#7257=ORIENTED_EDGE('',*,*,#9390,.F.);
#7258=CARTESIAN_POINT('',(19.8,-9.8076,4.82600000000001));
#7259=DIRECTION('',(3.63537720172974E-32,-1.0,5.93702152205981E-16));
#7260=DIRECTION('',(6.12323399573676E-17,5.93702152205981E-16,1.0));
#7261=SURFACE_STYLE_FILL_AREA(#9391);
#7262=ORIENTED_EDGE('',*,*,#9392,.F.);
#7263=ORIENTED_EDGE('',*,*,#9393,.F.);
#7264=ORIENTED_EDGE('',*,*,#9394,.F.);
#7265=ORIENTED_EDGE('',*,*,#9395,.T.);
#7266=ORIENTED_EDGE('',*,*,#9396,.F.);
#7267=ORIENTED_EDGE('',*,*,#9397,.F.);
#7268=ORIENTED_EDGE('',*,*,#9398,.F.);
#7269=CARTESIAN_POINT('',(-1.44780000000001,-12.5,4.75390000000008));
#7270=DIRECTION('',(-1.0,0.0,0.0));
#7271=DIRECTION('',(0.0,-6.12323399573676E-17,1.0));
#7272=SURFACE_STYLE_FILL_AREA(#9399);
#7273=ORIENTED_EDGE('',*,*,#9400,.F.);
#7274=ORIENTED_EDGE('',*,*,#9401,.T.);
#7275=ORIENTED_EDGE('',*,*,#9402,.F.);
#7276=ORIENTED_EDGE('',*,*,#9403,.F.);
#7277=CARTESIAN_POINT('',(1.16840000000001,-12.5,3.51090000000028));
#7278=DIRECTION('',(0.905690226558377,2.59588446951403E-17,-0.423940106048762));
#7279=DIRECTION('',(-0.423940106048762,5.54575318486879E-17,-0.905690226558377));
#7280=SURFACE_STYLE_FILL_AREA(#9404);
#7281=ORIENTED_EDGE('',*,*,#9389,.F.);
#7282=ORIENTED_EDGE('',*,*,#9405,.F.);
#7283=ORIENTED_EDGE('',*,*,#9406,.F.);
#7284=ORIENTED_EDGE('',*,*,#9407,.F.);
#7285=ORIENTED_EDGE('',*,*,#9401,.F.);
#7286=ORIENTED_EDGE('',*,*,#9408,.F.);
#7287=ORIENTED_EDGE('',*,*,#9409,.F.);
#7288=CARTESIAN_POINT('',(1.44780000000001,-12.5,4.75389999999999));
#7289=DIRECTION('',(1.0,0.0,0.0));
#7290=DIRECTION('',(0.0,6.12323399573676E-17,-1.0));
#7291=SURFACE_STYLE_FILL_AREA(#9410);
#7292=ORIENTED_EDGE('',*,*,#9411,.F.);
#7293=ORIENTED_EDGE('',*,*,#9412,.F.);
#7294=ORIENTED_EDGE('',*,*,#9413,.F.);
#7295=ORIENTED_EDGE('',*,*,#9395,.F.);
#7296=CARTESIAN_POINT('',(-1.16840000000001,-12.5,3.51090000000028));
#7297=DIRECTION('',(-0.905690226558377,2.59588446951403E-17,-0.423940106048762));
#7298=DIRECTION('',(-0.423940106048762,-5.54575318486879E-17,0.905690226558377));
#7299=SURFACE_STYLE_FILL_AREA(#9414);
#7300=ORIENTED_EDGE('',*,*,#9409,.T.);
#7301=ORIENTED_EDGE('',*,*,#9415,.T.);
#7302=ORIENTED_EDGE('',*,*,#9393,.T.);
#7303=ORIENTED_EDGE('',*,*,#9416,.F.);
#7304=CARTESIAN_POINT('',(3.0,-9.8076,4.28690000000013));
#7305=DIRECTION('',(0.0,-1.0,0.0));
#7306=DIRECTION('',(6.12323399573676E-17,0.0,1.0));
#7307=SURFACE_STYLE_FILL_AREA(#9417);
#7308=ORIENTED_EDGE('',*,*,#9408,.T.);
#7309=ORIENTED_EDGE('',*,*,#9400,.T.);
#7310=ORIENTED_EDGE('',*,*,#9418,.T.);
#7311=ORIENTED_EDGE('',*,*,#9411,.T.);
#7312=ORIENTED_EDGE('',*,*,#9394,.T.);
#7313=ORIENTED_EDGE('',*,*,#9415,.F.);
#7314=CARTESIAN_POINT('',(3.0,-9.75680000000001,3.52490000000031));
#7315=DIRECTION('',(-5.19249204341102E-18,-0.996398007205978,-0.084799830400508));
#7316=DIRECTION('',(6.10117815100801E-17,-0.084799830400508,0.996398007205978));
#7317=SURFACE_STYLE_FILL_AREA(#9419);
#7318=ORIENTED_EDGE('',*,*,#9403,.T.);
#7319=ORIENTED_EDGE('',*,*,#9420,.T.);
#7320=ORIENTED_EDGE('',*,*,#9412,.T.);
#7321=ORIENTED_EDGE('',*,*,#9418,.F.);
#7322=CARTESIAN_POINT('',(3.0,-8.35980000000002,2.92800000000037));
#7323=DIRECTION('',(-6.12323399573676E-17,-0.0,-1.0));
#7324=DIRECTION('',(0.0,-1.0,0.0));
#7325=SURFACE_STYLE_FILL_AREA(#9421);
#7326=ORIENTED_EDGE('',*,*,#9402,.T.);
#7327=ORIENTED_EDGE('',*,*,#9407,.T.);
#7328=ORIENTED_EDGE('',*,*,#9422,.T.);
#7329=ORIENTED_EDGE('',*,*,#9396,.T.);
#7330=ORIENTED_EDGE('',*,*,#9413,.T.);
#7331=ORIENTED_EDGE('',*,*,#9420,.F.);
#7332=CARTESIAN_POINT('',(3.0,-6.3151,3.52490000000031));
#7333=DIRECTION('',(-4.65507504194341E-17,0.649652327582099,-0.760231447170638));
#7334=DIRECTION('',(-3.97797321766022E-17,-0.760231447170638,-0.649652327582099));
#7335=SURFACE_STYLE_FILL_AREA(#9423);
#7336=ORIENTED_EDGE('',*,*,#9424,.F.);
#7337=ORIENTED_EDGE('',*,*,#9397,.T.);
#7338=ORIENTED_EDGE('',*,*,#9422,.F.);
#7339=ORIENTED_EDGE('',*,*,#9406,.T.);
#7340=CARTESIAN_POINT('',(3.0,-5.61659999999998,4.76790000000015));
#7341=DIRECTION('',(0.0,1.0,0.0));
#7342=DIRECTION('',(-6.12323399573676E-17,0.0,-1.0));
#7343=SURFACE_STYLE_FILL_AREA(#9425);
#7344=ORIENTED_EDGE('',*,*,#9392,.T.);
#7345=ORIENTED_EDGE('',*,*,#9426,.T.);
#7346=ORIENTED_EDGE('',*,*,#9427,.T.);
#7347=ORIENTED_EDGE('',*,*,#9428,.F.);
#7348=CARTESIAN_POINT('',(19.8,-9.8076,4.82600000000001));
#7349=DIRECTION('',(3.63537720172974E-32,-1.0,5.93702152205981E-16));
#7350=DIRECTION('',(6.12323399573676E-17,5.93702152205981E-16,1.0));
#7351=SURFACE_STYLE_FILL_AREA(#9429);
#7352=ORIENTED_EDGE('',*,*,#9430,.F.);
#7353=ORIENTED_EDGE('',*,*,#9431,.T.);
#7354=ORIENTED_EDGE('',*,*,#9432,.F.);
#7355=ORIENTED_EDGE('',*,*,#9433,.F.);
#7356=CARTESIAN_POINT('',(20.25,-11.84,0.00700000000000145));
#7357=DIRECTION('',(4.58818135021446E-33,1.0,7.49306878262195E-17));
#7358=DIRECTION('',(-6.12323399573676E-17,7.49306878262195E-17,-1.0));
#7359=SURFACE_STYLE_FILL_AREA(#9434);
#7360=ORIENTED_EDGE('',*,*,#9435,.F.);
#7361=ORIENTED_EDGE('',*,*,#9436,.T.);
#7362=ORIENTED_EDGE('',*,*,#9437,.T.);
#7363=ORIENTED_EDGE('',*,*,#9438,.T.);
#7364=ORIENTED_EDGE('',*,*,#9439,.F.);
#7365=ORIENTED_EDGE('',*,*,#9440,.T.);
#7366=ORIENTED_EDGE('',*,*,#9432,.T.);
#7367=ORIENTED_EDGE('',*,*,#9441,.T.);
#7368=CARTESIAN_POINT('',(19.75,-11.5799562061201,0.00700000000000145));
#7369=DIRECTION('',(-1.0,0.0,6.12323399573676E-17));
#7370=DIRECTION('',(6.12323399573676E-17,0.0,1.0));
#7371=SURFACE_STYLE_FILL_AREA(#9442);
#7372=ORIENTED_EDGE('',*,*,#9443,.F.);
#7373=ORIENTED_EDGE('',*,*,#9444,.F.);
#7374=ORIENTED_EDGE('',*,*,#9445,.T.);
#7375=ORIENTED_EDGE('',*,*,#9436,.F.);
#7376=CARTESIAN_POINT('',(20.25,-10.934940446486,4.48200000000002));
#7377=DIRECTION('',(6.12323399573676E-17,-0.0,1.0));
#7378=DIRECTION('',(0.0,1.0,0.0));
#7379=SURFACE_STYLE_FILL_AREA(#9446);
#7380=ORIENTED_EDGE('',*,*,#9447,.F.);
#7381=ORIENTED_EDGE('',*,*,#9448,.T.);
#7382=ORIENTED_EDGE('',*,*,#9437,.F.);
#7383=ORIENTED_EDGE('',*,*,#9445,.F.);
#7384=CARTESIAN_POINT('',(20.25,-11.87,0.00700000000000145));
#7385=DIRECTION('',(-4.55742259255939E-33,-1.0,-7.44283591927476E-17));
#7386=DIRECTION('',(6.12323399573676E-17,-7.44283591927476E-17,1.0));
#7387=SURFACE_STYLE_FILL_AREA(#9449);
#7388=ORIENTED_EDGE('',*,*,#9450,.F.);
#7389=ORIENTED_EDGE('',*,*,#9451,.F.);
#7390=ORIENTED_EDGE('',*,*,#9438,.F.);
#7391=ORIENTED_EDGE('',*,*,#9448,.F.);
#7392=CARTESIAN_POINT('',(20.25,-10.934940446486,-4.46800000000002));
#7393=DIRECTION('',(-6.12323399573676E-17,-1.18732867917654E-16,-1.0));
#7394=DIRECTION('',(7.27029133244701E-33,-1.0,1.18732867917654E-16));
#7395=SURFACE_STYLE_FILL_AREA(#9452);
#7396=ORIENTED_EDGE('',*,*,#9443,.T.);
#7397=ORIENTED_EDGE('',*,*,#9435,.T.);
#7398=ORIENTED_EDGE('',*,*,#9453,.T.);
#7399=ORIENTED_EDGE('',*,*,#9454,.T.);
#7400=ORIENTED_EDGE('',*,*,#9455,.T.);
#7401=ORIENTED_EDGE('',*,*,#9456,.T.);
#7402=ORIENTED_EDGE('',*,*,#9457,.F.);
#7403=ORIENTED_EDGE('',*,*,#9458,.F.);
#7404=CARTESIAN_POINT('',(19.8,-10.0108,4.82600000000001));
#7405=DIRECTION('',(0.0,1.0,0.0));
#7406=DIRECTION('',(-6.12323399573676E-17,0.0,-1.0));
#7407=SURFACE_STYLE_FILL_AREA(#9459);
#7408=ORIENTED_EDGE('',*,*,#9460,.T.);
#7409=ORIENTED_EDGE('',*,*,#9430,.T.);
#7410=ORIENTED_EDGE('',*,*,#9461,.T.);
#7411=ORIENTED_EDGE('',*,*,#9462,.T.);
#7412=ORIENTED_EDGE('',*,*,#9463,.T.);
#7413=ORIENTED_EDGE('',*,*,#9464,.F.);
#7414=ORIENTED_EDGE('',*,*,#9465,.T.);
#7415=ORIENTED_EDGE('',*,*,#9466,.F.);
#7416=ORIENTED_EDGE('',*,*,#9467,.T.);
#7417=ORIENTED_EDGE('',*,*,#9468,.T.);
#7418=ORIENTED_EDGE('',*,*,#9469,.T.);
#7419=ORIENTED_EDGE('',*,*,#9470,.T.);
#7420=ORIENTED_EDGE('',*,*,#9471,.T.);
#7421=ORIENTED_EDGE('',*,*,#9472,.T.);
#7422=ORIENTED_EDGE('',*,*,#9473,.F.);
#7423=ORIENTED_EDGE('',*,*,#9237,.T.);
#7424=CARTESIAN_POINT('',(19.8,-6.41351400469792,-0.0337928236059275));
#7425=DIRECTION('',(-1.0,0.0,6.12323399573676E-17));
#7426=DIRECTION('',(6.12323399573676E-17,0.0,1.0));
#7427=SURFACE_STYLE_FILL_AREA(#9474);
#7428=ORIENTED_EDGE('',*,*,#9455,.F.);
#7429=ORIENTED_EDGE('',*,*,#9475,.T.);
#7430=ORIENTED_EDGE('',*,*,#9476,.T.);
#7431=ORIENTED_EDGE('',*,*,#9477,.F.);
#7432=CARTESIAN_POINT('',(-2.25,-10.934940446486,4.48200000000002));
#7433=DIRECTION('',(6.12323399573676E-17,-0.0,1.0));
#7434=DIRECTION('',(0.0,1.0,0.0));
#7435=SURFACE_STYLE_FILL_AREA(#9478);
#7436=ORIENTED_EDGE('',*,*,#9479,.F.);
#7437=ORIENTED_EDGE('',*,*,#9476,.F.);
#7438=ORIENTED_EDGE('',*,*,#9480,.T.);
#7439=ORIENTED_EDGE('',*,*,#9481,.T.);
#7440=CARTESIAN_POINT('',(-2.25,-11.87,0.00700000000000145));
#7441=DIRECTION('',(-4.55742259255939E-33,-1.0,-7.44283591927476E-17));
#7442=DIRECTION('',(6.12323399573676E-17,-7.44283591927476E-17,1.0));
#7443=SURFACE_STYLE_FILL_AREA(#9482);
#7444=ORIENTED_EDGE('',*,*,#9483,.F.);
#7445=ORIENTED_EDGE('',*,*,#9481,.F.);
#7446=ORIENTED_EDGE('',*,*,#9484,.T.);
#7447=ORIENTED_EDGE('',*,*,#9485,.F.);
#7448=CARTESIAN_POINT('',(-2.25,-10.934940446486,-4.46800000000002));
#7449=DIRECTION('',(-6.12323399573676E-17,-1.18732867917654E-16,-1.0));
#7450=DIRECTION('',(7.27029133244701E-33,-1.0,1.18732867917654E-16));
#7451=SURFACE_STYLE_FILL_AREA(#9486);
#7452=ORIENTED_EDGE('',*,*,#9487,.F.);
#7453=ORIENTED_EDGE('',*,*,#9488,.F.);
#7454=ORIENTED_EDGE('',*,*,#9489,.F.);
#7455=ORIENTED_EDGE('',*,*,#9490,.T.);
#7456=CARTESIAN_POINT('',(-2.25,-11.84,0.00700000000000145));
#7457=DIRECTION('',(4.58818135021446E-33,1.0,7.49306878262195E-17));
#7458=DIRECTION('',(-6.12323399573676E-17,7.49306878262195E-17,-1.0));
#7459=SURFACE_STYLE_FILL_AREA(#9491);
#7460=ORIENTED_EDGE('',*,*,#9454,.F.);
#7461=ORIENTED_EDGE('',*,*,#9492,.T.);
#7462=ORIENTED_EDGE('',*,*,#9489,.T.);
#7463=ORIENTED_EDGE('',*,*,#9493,.T.);
#7464=ORIENTED_EDGE('',*,*,#9494,.F.);
#7465=ORIENTED_EDGE('',*,*,#9484,.F.);
#7466=ORIENTED_EDGE('',*,*,#9480,.F.);
#7467=ORIENTED_EDGE('',*,*,#9475,.F.);
#7468=CARTESIAN_POINT('',(-2.25,-11.5799562061201,0.00700000000000145));
#7469=DIRECTION('',(-1.0,0.0,6.12323399573676E-17));
#7470=DIRECTION('',(6.12323399573676E-17,0.0,1.0));
#7471=SURFACE_STYLE_FILL_AREA(#9495);
#7472=ORIENTED_EDGE('',*,*,#9496,.F.);
#7473=ORIENTED_EDGE('',*,*,#9427,.F.);
#7474=ORIENTED_EDGE('',*,*,#9497,.F.);
#7475=ORIENTED_EDGE('',*,*,#9498,.F.);
#7476=ORIENTED_EDGE('',*,*,#9499,.F.);
#7477=ORIENTED_EDGE('',*,*,#9500,.F.);
#7478=ORIENTED_EDGE('',*,*,#9501,.F.);
#7479=ORIENTED_EDGE('',*,*,#9502,.F.);
#7480=ORIENTED_EDGE('',*,*,#9503,.F.);
#7481=ORIENTED_EDGE('',*,*,#9504,.F.);
#7482=ORIENTED_EDGE('',*,*,#9505,.F.);
#7483=ORIENTED_EDGE('',*,*,#9506,.F.);
#7484=ORIENTED_EDGE('',*,*,#9507,.F.);
#7485=ORIENTED_EDGE('',*,*,#9508,.F.);
#7486=ORIENTED_EDGE('',*,*,#9509,.T.);
#7487=ORIENTED_EDGE('',*,*,#9487,.T.);
#7488=CARTESIAN_POINT('',(-2.3,-6.41351400469792,-0.0337928236059257));
#7489=DIRECTION('',(-1.0,0.0,6.12323399573676E-17));
#7490=DIRECTION('',(6.12323399573676E-17,0.0,1.0));
#7491=SURFACE_STYLE_FILL_AREA(#9510);
#7492=ORIENTED_EDGE('',*,*,#9477,.T.);
#7493=ORIENTED_EDGE('',*,*,#9479,.T.);
#7494=ORIENTED_EDGE('',*,*,#9483,.T.);
#7495=ORIENTED_EDGE('',*,*,#9511,.F.);
#7496=ORIENTED_EDGE('',*,*,#9512,.F.);
#7497=ORIENTED_EDGE('',*,*,#8822,.F.);
#7498=ORIENTED_EDGE('',*,*,#9513,.F.);
#7499=ORIENTED_EDGE('',*,*,#9456,.F.);
#7500=CARTESIAN_POINT('',(-2.3,-6.41351400469792,-0.0337928236059257));
#7501=DIRECTION('',(-1.0,0.0,6.12323399573676E-17));
#7502=DIRECTION('',(6.12323399573676E-17,0.0,1.0));
#7503=SURFACE_STYLE_FILL_AREA(#9514);
#7504=ORIENTED_EDGE('',*,*,#9451,.T.);
#7505=ORIENTED_EDGE('',*,*,#9515,.F.);
#7506=ORIENTED_EDGE('',*,*,#9516,.T.);
#7507=ORIENTED_EDGE('',*,*,#9511,.T.);
#7508=ORIENTED_EDGE('',*,*,#9485,.T.);
#7509=ORIENTED_EDGE('',*,*,#9494,.T.);
#7510=ORIENTED_EDGE('',*,*,#9517,.F.);
#7511=ORIENTED_EDGE('',*,*,#9439,.T.);
#7512=CARTESIAN_POINT('',(19.8,-10.0108,-4.81900000000001));
#7513=DIRECTION('',(0.0,1.0,0.0));
#7514=DIRECTION('',(-6.12323399573676E-17,0.0,-1.0));
#7515=SURFACE_STYLE_FILL_AREA(#9518);
#7516=ORIENTED_EDGE('',*,*,#9519,.F.);
#7517=ORIENTED_EDGE('',*,*,#9520,.F.);
#7518=ORIENTED_EDGE('',*,*,#9521,.F.);
#7519=ORIENTED_EDGE('',*,*,#9522,.F.);
#7520=CARTESIAN_POINT('',(19.015,-1.12079999999998,2.14220000000003));
#7521=DIRECTION('',(-1.0,0.0,6.12323399573676E-17));
#7522=DIRECTION('',(6.12323399573676E-17,0.0,1.0));
#7523=SURFACE_STYLE_FILL_AREA(#9523);
#7524=ORIENTED_EDGE('',*,*,#9524,.F.);
#7525=ORIENTED_EDGE('',*,*,#9522,.T.);
#7526=ORIENTED_EDGE('',*,*,#9525,.F.);
#7527=ORIENTED_EDGE('',*,*,#9526,.T.);
#7528=CARTESIAN_POINT('',(19.485,-1.12079999999999,2.49620000000003));
#7529=DIRECTION('',(6.12323399573676E-17,-2.13263179871503E-14,1.0));
#7530=DIRECTION('',(1.30586035302811E-30,1.0,2.13263179871503E-14));
#7531=SURFACE_STYLE_FILL_AREA(#9527);
#7532=ORIENTED_EDGE('',*,*,#9528,.F.);
#7533=ORIENTED_EDGE('',*,*,#9526,.F.);
#7534=ORIENTED_EDGE('',*,*,#9529,.F.);
#7535=ORIENTED_EDGE('',*,*,#9530,.F.);
#7536=CARTESIAN_POINT('',(19.485,-1.12079999999998,2.14220000000003));
#7537=DIRECTION('',(-1.0,0.0,6.12323399573676E-17));
#7538=DIRECTION('',(6.12323399573676E-17,0.0,1.0));
#7539=SURFACE_STYLE_FILL_AREA(#9531);
#7540=ORIENTED_EDGE('',*,*,#9519,.T.);
#7541=ORIENTED_EDGE('',*,*,#9524,.T.);
#7542=ORIENTED_EDGE('',*,*,#9528,.T.);
#7543=ORIENTED_EDGE('',*,*,#9532,.F.);
#7544=ORIENTED_EDGE('',*,*,#9468,.F.);
#7545=ORIENTED_EDGE('',*,*,#9533,.T.);
#7546=ORIENTED_EDGE('',*,*,#9502,.T.);
#7547=ORIENTED_EDGE('',*,*,#9534,.F.);
#7548=ORIENTED_EDGE('',*,*,#9535,.T.);
#7549=ORIENTED_EDGE('',*,*,#9536,.T.);
#7550=ORIENTED_EDGE('',*,*,#9537,.T.);
#7551=ORIENTED_EDGE('',*,*,#9538,.F.);
#7552=ORIENTED_EDGE('',*,*,#9539,.T.);
#7553=ORIENTED_EDGE('',*,*,#9540,.T.);
#7554=ORIENTED_EDGE('',*,*,#9541,.T.);
#7555=ORIENTED_EDGE('',*,*,#9542,.F.);
#7556=ORIENTED_EDGE('',*,*,#9543,.T.);
#7557=ORIENTED_EDGE('',*,*,#9544,.T.);
#7558=ORIENTED_EDGE('',*,*,#9545,.T.);
#7559=ORIENTED_EDGE('',*,*,#9546,.F.);
#7560=ORIENTED_EDGE('',*,*,#9547,.T.);
#7561=ORIENTED_EDGE('',*,*,#9548,.T.);
#7562=ORIENTED_EDGE('',*,*,#9549,.T.);
#7563=ORIENTED_EDGE('',*,*,#9550,.F.);
#7564=ORIENTED_EDGE('',*,*,#9551,.T.);
#7565=ORIENTED_EDGE('',*,*,#9552,.T.);
#7566=ORIENTED_EDGE('',*,*,#9553,.T.);
#7567=ORIENTED_EDGE('',*,*,#9554,.F.);
#7568=ORIENTED_EDGE('',*,*,#9555,.T.);
#7569=ORIENTED_EDGE('',*,*,#9556,.T.);
#7570=ORIENTED_EDGE('',*,*,#9557,.T.);
#7571=ORIENTED_EDGE('',*,*,#9558,.F.);
#7572=CARTESIAN_POINT('',(19.8,-0.612800000000002,2.49620000000004));
#7573=DIRECTION('',(0.0,-1.0,0.0));
#7574=DIRECTION('',(6.12323399573676E-17,0.0,1.0));
#7575=SURFACE_STYLE_FILL_AREA(#9559);
#7576=ORIENTED_EDGE('',*,*,#9530,.T.);
#7577=ORIENTED_EDGE('',*,*,#9560,.F.);
#7578=ORIENTED_EDGE('',*,*,#9469,.F.);
#7579=ORIENTED_EDGE('',*,*,#9532,.T.);
#7580=CARTESIAN_POINT('',(19.8,-1.12079999999999,1.98820000000003));
#7581=DIRECTION('',(6.12323399573676E-17,-0.0,1.0));
#7582=DIRECTION('',(0.0,1.0,0.0));
#7583=SURFACE_STYLE_FILL_AREA(#9561);
#7584=ORIENTED_EDGE('',*,*,#9529,.T.);
#7585=ORIENTED_EDGE('',*,*,#9562,.F.);
#7586=ORIENTED_EDGE('',*,*,#9470,.F.);
#7587=ORIENTED_EDGE('',*,*,#9560,.T.);
#7588=CARTESIAN_POINT('',(19.8,-1.62879999999998,2.24220000000003));
#7589=DIRECTION('',(0.0,1.0,0.0));
#7590=DIRECTION('',(-6.12323399573676E-17,0.0,-1.0));
#7591=SURFACE_STYLE_FILL_AREA(#9563);
#7592=ORIENTED_EDGE('',*,*,#9555,.F.);
#7593=ORIENTED_EDGE('',*,*,#9564,.F.);
#7594=ORIENTED_EDGE('',*,*,#9565,.F.);
#7595=ORIENTED_EDGE('',*,*,#9566,.F.);
#7596=CARTESIAN_POINT('',(15.515,-1.12079999999998,2.14220000000003));
#7597=DIRECTION('',(-1.0,0.0,6.12323399573676E-17));
#7598=DIRECTION('',(6.12323399573676E-17,0.0,1.0));
#7599=SURFACE_STYLE_FILL_AREA(#9567);
#7600=ORIENTED_EDGE('',*,*,#9556,.F.);
#7601=ORIENTED_EDGE('',*,*,#9566,.T.);
#7602=ORIENTED_EDGE('',*,*,#9568,.F.);
#7603=ORIENTED_EDGE('',*,*,#9569,.T.);
#7604=CARTESIAN_POINT('',(15.985,-1.12079999999999,2.49620000000003));
#7605=DIRECTION('',(6.12323399573676E-17,-2.13263179871503E-14,1.0));
#7606=DIRECTION('',(1.30586035302811E-30,1.0,2.13263179871503E-14));
#7607=SURFACE_STYLE_FILL_AREA(#9570);
#7608=ORIENTED_EDGE('',*,*,#9557,.F.);
#7609=ORIENTED_EDGE('',*,*,#9569,.F.);
#7610=ORIENTED_EDGE('',*,*,#9571,.F.);
#7611=ORIENTED_EDGE('',*,*,#9572,.F.);
#7612=CARTESIAN_POINT('',(15.985,-1.12079999999998,2.14220000000003));
#7613=DIRECTION('',(-1.0,0.0,6.12323399573676E-17));
#7614=DIRECTION('',(6.12323399573676E-17,0.0,1.0));
#7615=SURFACE_STYLE_FILL_AREA(#9573);
#7616=ORIENTED_EDGE('',*,*,#9520,.T.);
#7617=ORIENTED_EDGE('',*,*,#9558,.T.);
#7618=ORIENTED_EDGE('',*,*,#9572,.T.);
#7619=ORIENTED_EDGE('',*,*,#9574,.F.);
#7620=CARTESIAN_POINT('',(19.8,-1.12079999999999,1.98820000000003));
#7621=DIRECTION('',(6.12323399573676E-17,-0.0,1.0));
#7622=DIRECTION('',(0.0,1.0,0.0));
#7623=SURFACE_STYLE_FILL_AREA(#9575);
#7624=ORIENTED_EDGE('',*,*,#9521,.T.);
#7625=ORIENTED_EDGE('',*,*,#9574,.T.);
#7626=ORIENTED_EDGE('',*,*,#9571,.T.);
#7627=ORIENTED_EDGE('',*,*,#9576,.F.);
#7628=CARTESIAN_POINT('',(19.8,-1.62879999999998,2.24220000000003));
#7629=DIRECTION('',(0.0,1.0,0.0));
#7630=DIRECTION('',(-6.12323399573676E-17,0.0,-1.0));
#7631=SURFACE_STYLE_FILL_AREA(#9577);
#7632=ORIENTED_EDGE('',*,*,#9551,.F.);
#7633=ORIENTED_EDGE('',*,*,#9578,.F.);
#7634=ORIENTED_EDGE('',*,*,#9579,.F.);
#7635=ORIENTED_EDGE('',*,*,#9580,.F.);
#7636=CARTESIAN_POINT('',(12.015,-1.12079999999998,2.14220000000003));
#7637=DIRECTION('',(-1.0,0.0,6.12323399573676E-17));
#7638=DIRECTION('',(6.12323399573676E-17,0.0,1.0));
#7639=SURFACE_STYLE_FILL_AREA(#9581);
#7640=ORIENTED_EDGE('',*,*,#9552,.F.);
#7641=ORIENTED_EDGE('',*,*,#9580,.T.);
#7642=ORIENTED_EDGE('',*,*,#9582,.F.);
#7643=ORIENTED_EDGE('',*,*,#9583,.T.);
#7644=CARTESIAN_POINT('',(12.485,-1.12079999999999,2.49620000000003));
#7645=DIRECTION('',(6.12323399573676E-17,-2.13263179871503E-14,1.0));
#7646=DIRECTION('',(1.30586035302811E-30,1.0,2.13263179871503E-14));
#7647=SURFACE_STYLE_FILL_AREA(#9584);
#7648=ORIENTED_EDGE('',*,*,#9553,.F.);
#7649=ORIENTED_EDGE('',*,*,#9583,.F.);
#7650=ORIENTED_EDGE('',*,*,#9585,.F.);
#7651=ORIENTED_EDGE('',*,*,#9586,.F.);
#7652=CARTESIAN_POINT('',(12.485,-1.12079999999998,2.14220000000003));
#7653=DIRECTION('',(-1.0,0.0,6.12323399573676E-17));
#7654=DIRECTION('',(6.12323399573676E-17,0.0,1.0));
#7655=SURFACE_STYLE_FILL_AREA(#9587);
#7656=ORIENTED_EDGE('',*,*,#9564,.T.);
#7657=ORIENTED_EDGE('',*,*,#9554,.T.);
#7658=ORIENTED_EDGE('',*,*,#9586,.T.);
#7659=ORIENTED_EDGE('',*,*,#9588,.F.);
#7660=CARTESIAN_POINT('',(19.8,-1.12079999999999,1.98820000000003));
#7661=DIRECTION('',(6.12323399573676E-17,-0.0,1.0));
#7662=DIRECTION('',(0.0,1.0,0.0));
#7663=SURFACE_STYLE_FILL_AREA(#9589);
#7664=ORIENTED_EDGE('',*,*,#9565,.T.);
#7665=ORIENTED_EDGE('',*,*,#9588,.T.);
#7666=ORIENTED_EDGE('',*,*,#9585,.T.);
#7667=ORIENTED_EDGE('',*,*,#9590,.F.);
#7668=CARTESIAN_POINT('',(19.8,-1.62879999999998,2.24220000000003));
#7669=DIRECTION('',(0.0,1.0,0.0));
#7670=DIRECTION('',(-6.12323399573676E-17,0.0,-1.0));
#7671=SURFACE_STYLE_FILL_AREA(#9591);
#7672=ORIENTED_EDGE('',*,*,#9547,.F.);
#7673=ORIENTED_EDGE('',*,*,#9592,.F.);
#7674=ORIENTED_EDGE('',*,*,#9593,.F.);
#7675=ORIENTED_EDGE('',*,*,#9594,.F.);
#7676=CARTESIAN_POINT('',(8.515,-1.12079999999998,2.14220000000003));
#7677=DIRECTION('',(-1.0,0.0,6.12323399573676E-17));
#7678=DIRECTION('',(6.12323399573676E-17,0.0,1.0));
#7679=SURFACE_STYLE_FILL_AREA(#9595);
#7680=ORIENTED_EDGE('',*,*,#9548,.F.);
#7681=ORIENTED_EDGE('',*,*,#9594,.T.);
#7682=ORIENTED_EDGE('',*,*,#9596,.F.);
#7683=ORIENTED_EDGE('',*,*,#9597,.T.);
#7684=CARTESIAN_POINT('',(8.985,-1.12079999999999,2.49620000000003));
#7685=DIRECTION('',(6.12323399573676E-17,-2.13263179871503E-14,1.0));
#7686=DIRECTION('',(1.30586035302811E-30,1.0,2.13263179871503E-14));
#7687=SURFACE_STYLE_FILL_AREA(#9598);
#7688=ORIENTED_EDGE('',*,*,#9549,.F.);
#7689=ORIENTED_EDGE('',*,*,#9597,.F.);
#7690=ORIENTED_EDGE('',*,*,#9599,.F.);
#7691=ORIENTED_EDGE('',*,*,#9600,.F.);
#7692=CARTESIAN_POINT('',(8.985,-1.12079999999998,2.14220000000003));
#7693=DIRECTION('',(-1.0,0.0,6.12323399573676E-17));
#7694=DIRECTION('',(6.12323399573676E-17,0.0,1.0));
#7695=SURFACE_STYLE_FILL_AREA(#9601);
#7696=ORIENTED_EDGE('',*,*,#9578,.T.);
#7697=ORIENTED_EDGE('',*,*,#9550,.T.);
#7698=ORIENTED_EDGE('',*,*,#9600,.T.);
#7699=ORIENTED_EDGE('',*,*,#9602,.F.);
#7700=CARTESIAN_POINT('',(19.8,-1.12079999999999,1.98820000000003));
#7701=DIRECTION('',(6.12323399573676E-17,-0.0,1.0));
#7702=DIRECTION('',(0.0,1.0,0.0));
#7703=SURFACE_STYLE_FILL_AREA(#9603);
#7704=ORIENTED_EDGE('',*,*,#9579,.T.);
#7705=ORIENTED_EDGE('',*,*,#9602,.T.);
#7706=ORIENTED_EDGE('',*,*,#9599,.T.);
#7707=ORIENTED_EDGE('',*,*,#9604,.F.);
#7708=CARTESIAN_POINT('',(19.8,-1.62879999999998,2.24220000000003));
#7709=DIRECTION('',(0.0,1.0,0.0));
#7710=DIRECTION('',(-6.12323399573676E-17,0.0,-1.0));
#7711=SURFACE_STYLE_FILL_AREA(#9605);
#7712=ORIENTED_EDGE('',*,*,#9543,.F.);
#7713=ORIENTED_EDGE('',*,*,#9606,.F.);
#7714=ORIENTED_EDGE('',*,*,#9607,.F.);
#7715=ORIENTED_EDGE('',*,*,#9608,.F.);
#7716=CARTESIAN_POINT('',(5.015,-1.12079999999998,2.14220000000003));
#7717=DIRECTION('',(-1.0,0.0,6.12323399573676E-17));
#7718=DIRECTION('',(6.12323399573676E-17,0.0,1.0));
#7719=SURFACE_STYLE_FILL_AREA(#9609);
#7720=ORIENTED_EDGE('',*,*,#9544,.F.);
#7721=ORIENTED_EDGE('',*,*,#9608,.T.);
#7722=ORIENTED_EDGE('',*,*,#9610,.F.);
#7723=ORIENTED_EDGE('',*,*,#9611,.T.);
#7724=CARTESIAN_POINT('',(5.485,-1.12079999999999,2.49620000000003));
#7725=DIRECTION('',(6.12323399573676E-17,-2.13263179871503E-14,1.0));
#7726=DIRECTION('',(1.30586035302811E-30,1.0,2.13263179871503E-14));
#7727=SURFACE_STYLE_FILL_AREA(#9612);
#7728=ORIENTED_EDGE('',*,*,#9545,.F.);
#7729=ORIENTED_EDGE('',*,*,#9611,.F.);
#7730=ORIENTED_EDGE('',*,*,#9613,.F.);
#7731=ORIENTED_EDGE('',*,*,#9614,.F.);
#7732=CARTESIAN_POINT('',(5.485,-1.12079999999998,2.14220000000003));
#7733=DIRECTION('',(-1.0,0.0,6.12323399573676E-17));
#7734=DIRECTION('',(6.12323399573676E-17,0.0,1.0));
#7735=SURFACE_STYLE_FILL_AREA(#9615);
#7736=ORIENTED_EDGE('',*,*,#9592,.T.);
#7737=ORIENTED_EDGE('',*,*,#9546,.T.);
#7738=ORIENTED_EDGE('',*,*,#9614,.T.);
#7739=ORIENTED_EDGE('',*,*,#9616,.F.);
#7740=CARTESIAN_POINT('',(19.8,-1.12079999999999,1.98820000000003));
#7741=DIRECTION('',(6.12323399573676E-17,-0.0,1.0));
#7742=DIRECTION('',(0.0,1.0,0.0));
#7743=SURFACE_STYLE_FILL_AREA(#9617);
#7744=ORIENTED_EDGE('',*,*,#9593,.T.);
#7745=ORIENTED_EDGE('',*,*,#9616,.T.);
#7746=ORIENTED_EDGE('',*,*,#9613,.T.);
#7747=ORIENTED_EDGE('',*,*,#9618,.F.);
#7748=CARTESIAN_POINT('',(19.8,-1.62879999999998,2.24220000000003));
#7749=DIRECTION('',(0.0,1.0,0.0));
#7750=DIRECTION('',(-6.12323399573676E-17,0.0,-1.0));
#7751=SURFACE_STYLE_FILL_AREA(#9619);
#7752=ORIENTED_EDGE('',*,*,#9539,.F.);
#7753=ORIENTED_EDGE('',*,*,#9620,.F.);
#7754=ORIENTED_EDGE('',*,*,#9621,.F.);
#7755=ORIENTED_EDGE('',*,*,#9622,.F.);
#7756=CARTESIAN_POINT('',(1.515,-1.12079999999998,2.14220000000003));
#7757=DIRECTION('',(-1.0,0.0,6.12323399573676E-17));
#7758=DIRECTION('',(6.12323399573676E-17,0.0,1.0));
#7759=SURFACE_STYLE_FILL_AREA(#9623);
#7760=ORIENTED_EDGE('',*,*,#9540,.F.);
#7761=ORIENTED_EDGE('',*,*,#9622,.T.);
#7762=ORIENTED_EDGE('',*,*,#9624,.F.);
#7763=ORIENTED_EDGE('',*,*,#9625,.T.);
#7764=CARTESIAN_POINT('',(1.985,-1.12079999999999,2.49620000000003));
#7765=DIRECTION('',(6.12323399573676E-17,-2.13263179871503E-14,1.0));
#7766=DIRECTION('',(1.30586035302811E-30,1.0,2.13263179871503E-14));
#7767=SURFACE_STYLE_FILL_AREA(#9626);
#7768=ORIENTED_EDGE('',*,*,#9541,.F.);
#7769=ORIENTED_EDGE('',*,*,#9625,.F.);
#7770=ORIENTED_EDGE('',*,*,#9627,.F.);
#7771=ORIENTED_EDGE('',*,*,#9628,.F.);
#7772=CARTESIAN_POINT('',(1.985,-1.12079999999998,2.14220000000003));
#7773=DIRECTION('',(-1.0,0.0,6.12323399573676E-17));
#7774=DIRECTION('',(6.12323399573676E-17,0.0,1.0));
#7775=SURFACE_STYLE_FILL_AREA(#9629);
#7776=ORIENTED_EDGE('',*,*,#9606,.T.);
#7777=ORIENTED_EDGE('',*,*,#9542,.T.);
#7778=ORIENTED_EDGE('',*,*,#9628,.T.);
#7779=ORIENTED_EDGE('',*,*,#9630,.F.);
#7780=CARTESIAN_POINT('',(19.8,-1.12079999999999,1.98820000000003));
#7781=DIRECTION('',(6.12323399573676E-17,-0.0,1.0));
#7782=DIRECTION('',(0.0,1.0,0.0));
#7783=SURFACE_STYLE_FILL_AREA(#9631);
#7784=ORIENTED_EDGE('',*,*,#9607,.T.);
#7785=ORIENTED_EDGE('',*,*,#9630,.T.);
#7786=ORIENTED_EDGE('',*,*,#9627,.T.);
#7787=ORIENTED_EDGE('',*,*,#9632,.F.);
#7788=CARTESIAN_POINT('',(19.8,-1.62879999999998,2.24220000000003));
#7789=DIRECTION('',(0.0,1.0,0.0));
#7790=DIRECTION('',(-6.12323399573676E-17,0.0,-1.0));
#7791=SURFACE_STYLE_FILL_AREA(#9633);
#7792=ORIENTED_EDGE('',*,*,#9535,.F.);
#7793=ORIENTED_EDGE('',*,*,#9634,.F.);
#7794=ORIENTED_EDGE('',*,*,#9635,.F.);
#7795=ORIENTED_EDGE('',*,*,#9636,.F.);
#7796=CARTESIAN_POINT('',(-1.985,-1.12079999999998,2.14220000000003));
#7797=DIRECTION('',(-1.0,0.0,6.12323399573676E-17));
#7798=DIRECTION('',(6.12323399573676E-17,0.0,1.0));
#7799=SURFACE_STYLE_FILL_AREA(#9637);
#7800=ORIENTED_EDGE('',*,*,#9536,.F.);
#7801=ORIENTED_EDGE('',*,*,#9636,.T.);
#7802=ORIENTED_EDGE('',*,*,#9638,.F.);
#7803=ORIENTED_EDGE('',*,*,#9639,.T.);
#7804=CARTESIAN_POINT('',(-1.515,-1.12079999999999,2.49620000000003));
#7805=DIRECTION('',(6.12323399573676E-17,-2.13263179871503E-14,1.0));
#7806=DIRECTION('',(1.30586035302811E-30,1.0,2.13263179871503E-14));
#7807=SURFACE_STYLE_FILL_AREA(#9640);
#7808=ORIENTED_EDGE('',*,*,#9537,.F.);
#7809=ORIENTED_EDGE('',*,*,#9639,.F.);
#7810=ORIENTED_EDGE('',*,*,#9641,.F.);
#7811=ORIENTED_EDGE('',*,*,#9642,.F.);
#7812=CARTESIAN_POINT('',(-1.515,-1.12079999999998,2.14220000000003));
#7813=DIRECTION('',(-1.0,0.0,6.12323399573676E-17));
#7814=DIRECTION('',(6.12323399573676E-17,0.0,1.0));
#7815=SURFACE_STYLE_FILL_AREA(#9643);
#7816=ORIENTED_EDGE('',*,*,#9620,.T.);
#7817=ORIENTED_EDGE('',*,*,#9538,.T.);
#7818=ORIENTED_EDGE('',*,*,#9642,.T.);
#7819=ORIENTED_EDGE('',*,*,#9644,.F.);
#7820=CARTESIAN_POINT('',(19.8,-1.12079999999999,1.98820000000003));
#7821=DIRECTION('',(6.12323399573676E-17,-0.0,1.0));
#7822=DIRECTION('',(0.0,1.0,0.0));
#7823=SURFACE_STYLE_FILL_AREA(#9645);
#7824=ORIENTED_EDGE('',*,*,#9621,.T.);
#7825=ORIENTED_EDGE('',*,*,#9644,.T.);
#7826=ORIENTED_EDGE('',*,*,#9641,.T.);
#7827=ORIENTED_EDGE('',*,*,#9646,.F.);
#7828=CARTESIAN_POINT('',(19.8,-1.62879999999998,2.24220000000003));
#7829=DIRECTION('',(0.0,1.0,0.0));
#7830=DIRECTION('',(-6.12323399573676E-17,0.0,-1.0));
#7831=SURFACE_STYLE_FILL_AREA(#9647);
#7832=ORIENTED_EDGE('',*,*,#9035,.T.);
#7833=ORIENTED_EDGE('',*,*,#8797,.F.);
#7834=ORIENTED_EDGE('',*,*,#9648,.T.);
#7835=ORIENTED_EDGE('',*,*,#9457,.T.);
#7836=ORIENTED_EDGE('',*,*,#9513,.T.);
#7837=ORIENTED_EDGE('',*,*,#8821,.F.);
#7838=ORIENTED_EDGE('',*,*,#9175,.T.);
#7839=ORIENTED_EDGE('',*,*,#9189,.T.);
#7840=ORIENTED_EDGE('',*,*,#9195,.T.);
#7841=ORIENTED_EDGE('',*,*,#8817,.F.);
#7842=ORIENTED_EDGE('',*,*,#9143,.T.);
#7843=ORIENTED_EDGE('',*,*,#9157,.T.);
#7844=ORIENTED_EDGE('',*,*,#9163,.T.);
#7845=ORIENTED_EDGE('',*,*,#8813,.F.);
#7846=ORIENTED_EDGE('',*,*,#9111,.T.);
#7847=ORIENTED_EDGE('',*,*,#9125,.T.);
#7848=ORIENTED_EDGE('',*,*,#9131,.T.);
#7849=ORIENTED_EDGE('',*,*,#8809,.F.);
#7850=ORIENTED_EDGE('',*,*,#9079,.T.);
#7851=ORIENTED_EDGE('',*,*,#9093,.T.);
#7852=ORIENTED_EDGE('',*,*,#9099,.T.);
#7853=ORIENTED_EDGE('',*,*,#8805,.F.);
#7854=ORIENTED_EDGE('',*,*,#9047,.T.);
#7855=ORIENTED_EDGE('',*,*,#9061,.T.);
#7856=ORIENTED_EDGE('',*,*,#9067,.T.);
#7857=ORIENTED_EDGE('',*,*,#8801,.F.);
#7858=ORIENTED_EDGE('',*,*,#9015,.T.);
#7859=ORIENTED_EDGE('',*,*,#9029,.T.);
#7860=CARTESIAN_POINT('',(19.8,-11.2554,5.2));
#7861=DIRECTION('',(6.12323399573676E-17,-0.0,1.0));
#7862=DIRECTION('',(0.0,1.0,0.0));
#7863=SURFACE_STYLE_FILL_AREA(#9649);
#7864=ORIENTED_EDGE('',*,*,#8793,.T.);
#7865=ORIENTED_EDGE('',*,*,#8843,.T.);
#7866=ORIENTED_EDGE('',*,*,#8855,.T.);
#7867=ORIENTED_EDGE('',*,*,#8869,.T.);
#7868=ORIENTED_EDGE('',*,*,#8875,.T.);
#7869=ORIENTED_EDGE('',*,*,#8839,.T.);
#7870=ORIENTED_EDGE('',*,*,#8887,.T.);
#7871=ORIENTED_EDGE('',*,*,#8901,.T.);
#7872=ORIENTED_EDGE('',*,*,#8907,.T.);
#7873=ORIENTED_EDGE('',*,*,#8835,.T.);
#7874=ORIENTED_EDGE('',*,*,#8919,.T.);
#7875=ORIENTED_EDGE('',*,*,#8933,.T.);
#7876=ORIENTED_EDGE('',*,*,#8939,.T.);
#7877=ORIENTED_EDGE('',*,*,#8831,.T.);
#7878=ORIENTED_EDGE('',*,*,#8951,.T.);
#7879=ORIENTED_EDGE('',*,*,#8965,.T.);
#7880=ORIENTED_EDGE('',*,*,#8971,.T.);
#7881=ORIENTED_EDGE('',*,*,#8827,.T.);
#7882=ORIENTED_EDGE('',*,*,#8983,.T.);
#7883=ORIENTED_EDGE('',*,*,#8997,.T.);
#7884=ORIENTED_EDGE('',*,*,#9003,.T.);
#7885=ORIENTED_EDGE('',*,*,#8823,.T.);
#7886=ORIENTED_EDGE('',*,*,#9512,.T.);
#7887=ORIENTED_EDGE('',*,*,#9516,.F.);
#7888=ORIENTED_EDGE('',*,*,#9650,.T.);
#7889=ORIENTED_EDGE('',*,*,#8795,.T.);
#7890=ORIENTED_EDGE('',*,*,#8772,.T.);
#7891=ORIENTED_EDGE('',*,*,#8786,.T.);
#7892=CARTESIAN_POINT('',(19.8,-11.2554,-5.2));
#7893=DIRECTION('',(-6.12323399573676E-17,-0.0,-1.0));
#7894=DIRECTION('',(0.0,-1.0,0.0));
#7895=SURFACE_STYLE_FILL_AREA(#9651);
#7896=ORIENTED_EDGE('',*,*,#9509,.F.);
#7897=ORIENTED_EDGE('',*,*,#9652,.F.);
#7898=ORIENTED_EDGE('',*,*,#9461,.F.);
#7899=ORIENTED_EDGE('',*,*,#9433,.T.);
#7900=ORIENTED_EDGE('',*,*,#9440,.F.);
#7901=ORIENTED_EDGE('',*,*,#9517,.T.);
#7902=ORIENTED_EDGE('',*,*,#9493,.F.);
#7903=ORIENTED_EDGE('',*,*,#9488,.T.);
#7904=CARTESIAN_POINT('',(19.8,-5.46420000000002,-4.43800000000002));
#7905=DIRECTION('',(-6.12323399573676E-17,-0.0,-1.0));
#7906=DIRECTION('',(0.0,-1.0,0.0));
#7907=SURFACE_STYLE_FILL_AREA(#9653);
#7908=ORIENTED_EDGE('',*,*,#9508,.T.);
#7909=ORIENTED_EDGE('',*,*,#9654,.F.);
#7910=ORIENTED_EDGE('',*,*,#9462,.F.);
#7911=ORIENTED_EDGE('',*,*,#9652,.T.);
#7912=CARTESIAN_POINT('',(19.8,-0.917600000000013,-4.81900000000001));
#7913=DIRECTION('',(0.0,-1.0,0.0));
#7914=DIRECTION('',(6.12323399573676E-17,0.0,1.0));
#7915=SURFACE_STYLE_FILL_AREA(#9655);
#7916=ORIENTED_EDGE('',*,*,#9507,.T.);
#7917=ORIENTED_EDGE('',*,*,#9656,.F.);
#7918=ORIENTED_EDGE('',*,*,#9463,.F.);
#7919=ORIENTED_EDGE('',*,*,#9654,.T.);
#7920=CARTESIAN_POINT('',(19.8,-0.608800000000008,-5.2));
#7921=DIRECTION('',(-6.12323399573676E-17,-0.0,-1.0));
#7922=DIRECTION('',(0.0,-1.0,0.0));
#7923=SURFACE_STYLE_FILL_AREA(#9657);
#7924=ORIENTED_EDGE('',*,*,#9506,.T.);
#7925=ORIENTED_EDGE('',*,*,#9658,.F.);
#7926=ORIENTED_EDGE('',*,*,#9464,.T.);
#7927=ORIENTED_EDGE('',*,*,#9656,.T.);
#7928=CARTESIAN_POINT('',(19.8,-0.300000000000002,-3.59979999999996));
#7929=DIRECTION('',(0.0,1.0,0.0));
#7930=DIRECTION('',(-6.12323399573676E-17,0.0,-1.0));
#7931=SURFACE_STYLE_FILL_AREA(#9659);
#7932=ORIENTED_EDGE('',*,*,#9505,.T.);
#7933=ORIENTED_EDGE('',*,*,#9660,.F.);
#7934=ORIENTED_EDGE('',*,*,#9465,.F.);
#7935=ORIENTED_EDGE('',*,*,#9658,.T.);
#7936=CARTESIAN_POINT('',(19.8,-0.150000000000002,-1.99959999999992));
#7937=DIRECTION('',(-6.12323399573676E-17,1.48029736616687E-15,-1.0));
#7938=DIRECTION('',(-9.06420715631258E-32,-1.0,-1.48029736616687E-15));
#7939=SURFACE_STYLE_FILL_AREA(#9661);
#7940=ORIENTED_EDGE('',*,*,#8343,.T.);
#7941=ORIENTED_EDGE('',*,*,#8182,.T.);
#7942=ORIENTED_EDGE('',*,*,#8349,.T.);
#7943=ORIENTED_EDGE('',*,*,#8173,.T.);
#7944=ORIENTED_EDGE('',*,*,#8355,.T.);
#7945=ORIENTED_EDGE('',*,*,#8164,.T.);
#7946=ORIENTED_EDGE('',*,*,#8361,.T.);
#7947=ORIENTED_EDGE('',*,*,#8155,.T.);
#7948=ORIENTED_EDGE('',*,*,#8367,.T.);
#7949=ORIENTED_EDGE('',*,*,#8146,.T.);
#7950=ORIENTED_EDGE('',*,*,#8373,.T.);
#7951=ORIENTED_EDGE('',*,*,#8137,.T.);
#7952=ORIENTED_EDGE('',*,*,#9504,.T.);
#7953=ORIENTED_EDGE('',*,*,#9662,.F.);
#7954=ORIENTED_EDGE('',*,*,#9466,.T.);
#7955=ORIENTED_EDGE('',*,*,#9660,.T.);
#7956=CARTESIAN_POINT('',(19.8,-1.77635683940025E-15,0.502300000000066));
#7957=DIRECTION('',(0.0,1.0,0.0));
#7958=DIRECTION('',(-6.12323399573676E-17,0.0,-1.0));
#7959=SURFACE_STYLE_FILL_AREA(#9663);
#7960=ORIENTED_EDGE('',*,*,#9503,.T.);
#7961=ORIENTED_EDGE('',*,*,#9533,.F.);
#7962=ORIENTED_EDGE('',*,*,#9467,.F.);
#7963=ORIENTED_EDGE('',*,*,#9662,.T.);
#7964=CARTESIAN_POINT('',(19.8,-0.306400000000002,3.00420000000006));
#7965=DIRECTION('',(6.12323399573676E-17,-0.0,1.0));
#7966=DIRECTION('',(0.0,1.0,0.0));
#7967=SURFACE_STYLE_FILL_AREA(#9664);
#7968=ORIENTED_EDGE('',*,*,#9634,.T.);
#7969=ORIENTED_EDGE('',*,*,#9534,.T.);
#7970=ORIENTED_EDGE('',*,*,#9501,.T.);
#7971=ORIENTED_EDGE('',*,*,#9665,.F.);
#7972=CARTESIAN_POINT('',(19.8,-1.12079999999999,1.98820000000003));
#7973=DIRECTION('',(6.12323399573676E-17,-0.0,1.0));
#7974=DIRECTION('',(0.0,1.0,0.0));
#7975=SURFACE_STYLE_FILL_AREA(#9666);
#7976=ORIENTED_EDGE('',*,*,#9635,.T.);
#7977=ORIENTED_EDGE('',*,*,#9665,.T.);
#7978=ORIENTED_EDGE('',*,*,#9500,.T.);
#7979=ORIENTED_EDGE('',*,*,#9667,.F.);
#7980=CARTESIAN_POINT('',(19.8,-1.62879999999998,2.24220000000003));
#7981=DIRECTION('',(0.0,1.0,0.0));
#7982=DIRECTION('',(-6.12323399573676E-17,0.0,-1.0));
#7983=SURFACE_STYLE_FILL_AREA(#9668);
#7984=ORIENTED_EDGE('',*,*,#9499,.T.);
#7985=ORIENTED_EDGE('',*,*,#9669,.F.);
#7986=ORIENTED_EDGE('',*,*,#9471,.F.);
#7987=ORIENTED_EDGE('',*,*,#9562,.T.);
#7988=ORIENTED_EDGE('',*,*,#9525,.T.);
#7989=ORIENTED_EDGE('',*,*,#9576,.T.);
#7990=ORIENTED_EDGE('',*,*,#9568,.T.);
#7991=ORIENTED_EDGE('',*,*,#9590,.T.);
#7992=ORIENTED_EDGE('',*,*,#9582,.T.);
#7993=ORIENTED_EDGE('',*,*,#9604,.T.);
#7994=ORIENTED_EDGE('',*,*,#9596,.T.);
#7995=ORIENTED_EDGE('',*,*,#9618,.T.);
#7996=ORIENTED_EDGE('',*,*,#9610,.T.);
#7997=ORIENTED_EDGE('',*,*,#9632,.T.);
#7998=ORIENTED_EDGE('',*,*,#9624,.T.);
#7999=ORIENTED_EDGE('',*,*,#9646,.T.);
#8000=ORIENTED_EDGE('',*,*,#9638,.T.);
#8001=ORIENTED_EDGE('',*,*,#9667,.T.);
#8002=CARTESIAN_POINT('',(19.8,-3.31789999999997,2.86450000000002));
#8003=DIRECTION('',(5.98266640801372E-17,0.213039575587085,0.977043570795937));
#8004=DIRECTION('',(-1.30449117167217E-17,0.977043570795937,-0.213039575587085));
#8005=SURFACE_STYLE_FILL_AREA(#9670);
#8006=ORIENTED_EDGE('',*,*,#9498,.T.);
#8007=ORIENTED_EDGE('',*,*,#9671,.F.);
#8008=ORIENTED_EDGE('',*,*,#9472,.F.);
#8009=ORIENTED_EDGE('',*,*,#9669,.T.);
#8010=CARTESIAN_POINT('',(19.8,-5.00699999999996,4.21640000000001));
#8011=DIRECTION('',(0.0,1.0,0.0));
#8012=DIRECTION('',(-6.12323399573676E-17,0.0,-1.0));
#8013=SURFACE_STYLE_FILL_AREA(#9672);
#8014=ORIENTED_EDGE('',*,*,#9197,.T.);
#8015=ORIENTED_EDGE('',*,*,#9238,.F.);
#8016=ORIENTED_EDGE('',*,*,#9473,.T.);
#8017=ORIENTED_EDGE('',*,*,#9671,.T.);
#8018=ORIENTED_EDGE('',*,*,#9497,.T.);
#8019=ORIENTED_EDGE('',*,*,#9426,.F.);
#8020=ORIENTED_EDGE('',*,*,#9398,.T.);
#8021=ORIENTED_EDGE('',*,*,#9424,.T.);
#8022=ORIENTED_EDGE('',*,*,#9405,.T.);
#8023=ORIENTED_EDGE('',*,*,#9388,.F.);
#8024=ORIENTED_EDGE('',*,*,#9365,.T.);
#8025=ORIENTED_EDGE('',*,*,#9386,.T.);
#8026=ORIENTED_EDGE('',*,*,#9354,.T.);
#8027=ORIENTED_EDGE('',*,*,#9350,.F.);
#8028=ORIENTED_EDGE('',*,*,#9327,.T.);
#8029=ORIENTED_EDGE('',*,*,#9348,.T.);
#8030=ORIENTED_EDGE('',*,*,#9316,.T.);
#8031=ORIENTED_EDGE('',*,*,#9312,.F.);
#8032=ORIENTED_EDGE('',*,*,#9289,.T.);
#8033=ORIENTED_EDGE('',*,*,#9310,.T.);
#8034=ORIENTED_EDGE('',*,*,#9278,.T.);
#8035=ORIENTED_EDGE('',*,*,#9274,.F.);
#8036=ORIENTED_EDGE('',*,*,#9251,.T.);
#8037=ORIENTED_EDGE('',*,*,#9272,.T.);
#8038=ORIENTED_EDGE('',*,*,#9240,.T.);
#8039=ORIENTED_EDGE('',*,*,#9232,.F.);
#8040=ORIENTED_EDGE('',*,*,#9209,.T.);
#8041=ORIENTED_EDGE('',*,*,#9230,.T.);
#8042=CARTESIAN_POINT('',(19.8,-7.40729999999998,5.2));
#8043=DIRECTION('',(6.12323399573676E-17,-0.0,1.0));
#8044=DIRECTION('',(0.0,1.0,0.0));
#8045=SURFACE_STYLE_FILL_AREA(#9673);
#8046=ORIENTED_EDGE('',*,*,#9496,.T.);
#8047=ORIENTED_EDGE('',*,*,#9490,.F.);
#8048=ORIENTED_EDGE('',*,*,#9492,.F.);
#8049=ORIENTED_EDGE('',*,*,#9453,.F.);
#8050=ORIENTED_EDGE('',*,*,#9441,.F.);
#8051=ORIENTED_EDGE('',*,*,#9431,.F.);
#8052=ORIENTED_EDGE('',*,*,#9460,.F.);
#8053=ORIENTED_EDGE('',*,*,#9236,.T.);
#8054=ORIENTED_EDGE('',*,*,#9222,.T.);
#8055=ORIENTED_EDGE('',*,*,#9234,.T.);
#8056=ORIENTED_EDGE('',*,*,#9264,.T.);
#8057=ORIENTED_EDGE('',*,*,#9276,.T.);
#8058=ORIENTED_EDGE('',*,*,#9302,.T.);
#8059=ORIENTED_EDGE('',*,*,#9314,.T.);
#8060=ORIENTED_EDGE('',*,*,#9340,.T.);
#8061=ORIENTED_EDGE('',*,*,#9352,.T.);
#8062=ORIENTED_EDGE('',*,*,#9378,.T.);
#8063=ORIENTED_EDGE('',*,*,#9390,.T.);
#8064=ORIENTED_EDGE('',*,*,#9416,.T.);
#8065=ORIENTED_EDGE('',*,*,#9428,.T.);
#8066=CARTESIAN_POINT('',(19.8,-9.90920000000001,4.45200000000002));
#8067=DIRECTION('',(6.12323399573676E-17,-0.0,1.0));
#8068=DIRECTION('',(0.0,1.0,0.0));
#8069=SURFACE_STYLE_FILL_AREA(#9674);
#8070=ORIENTED_EDGE('',*,*,#9444,.T.);
#8071=ORIENTED_EDGE('',*,*,#9458,.T.);
#8072=ORIENTED_EDGE('',*,*,#9648,.F.);
#8073=ORIENTED_EDGE('',*,*,#8796,.T.);
#8074=ORIENTED_EDGE('',*,*,#9650,.F.);
#8075=ORIENTED_EDGE('',*,*,#9515,.T.);
#8076=ORIENTED_EDGE('',*,*,#9450,.T.);
#8077=ORIENTED_EDGE('',*,*,#9447,.T.);
#8078=CARTESIAN_POINT('',(19.8,-6.41351400469792,-0.0337928236059275));
#8079=DIRECTION('',(-1.0,0.0,6.12323399573676E-17));
#8080=DIRECTION('',(6.12323399573676E-17,0.0,1.0));
#8081=FILL_AREA_STYLE('',(#9675));
#8082=EDGE_CURVE('',#9676,#9677,#9678,.T.);
#8083=EDGE_CURVE('',#9676,#9679,#9680,.T.);
#8084=EDGE_CURVE('',#9681,#9679,#9682,.T.);
#8085=EDGE_CURVE('',#9677,#9681,#9683,.T.);
#8086=FILL_AREA_STYLE('',(#9684));
#8087=EDGE_CURVE('',#9677,#9685,#9686,.T.);
#8088=EDGE_CURVE('',#9687,#9681,#9688,.T.);
#8089=EDGE_CURVE('',#9685,#9687,#9689,.T.);
#8090=FILL_AREA_STYLE('',(#9690));
#8091=EDGE_CURVE('',#9691,#9692,#9693,.T.);
#8092=EDGE_CURVE('',#9691,#9694,#9695,.T.);
#8093=EDGE_CURVE('',#9696,#9694,#9697,.T.);
#8094=EDGE_CURVE('',#9692,#9696,#9698,.T.);
#8095=FILL_AREA_STYLE('',(#9699));
#8096=EDGE_CURVE('',#9692,#9700,#9701,.T.);
#8097=EDGE_CURVE('',#9702,#9696,#9703,.T.);
#8098=EDGE_CURVE('',#9700,#9702,#9704,.T.);
#8099=FILL_AREA_STYLE('',(#9705));
#8100=EDGE_CURVE('',#9706,#9707,#9708,.T.);
#8101=EDGE_CURVE('',#9706,#9709,#9710,.T.);
#8102=EDGE_CURVE('',#9711,#9709,#9712,.T.);
#8103=EDGE_CURVE('',#9707,#9711,#9713,.T.);
#8104=FILL_AREA_STYLE('',(#9714));
#8105=EDGE_CURVE('',#9707,#9715,#9716,.T.);
#8106=EDGE_CURVE('',#9717,#9711,#9718,.T.);
#8107=EDGE_CURVE('',#9715,#9717,#9719,.T.);
#8108=FILL_AREA_STYLE('',(#9720));
#8109=EDGE_CURVE('',#9721,#9722,#9723,.T.);
#8110=EDGE_CURVE('',#9721,#9724,#9725,.T.);
#8111=EDGE_CURVE('',#9726,#9724,#9727,.T.);
#8112=EDGE_CURVE('',#9722,#9726,#9728,.T.);
#8113=FILL_AREA_STYLE('',(#9729));
#8114=EDGE_CURVE('',#9722,#9730,#9731,.T.);
#8115=EDGE_CURVE('',#9732,#9726,#9733,.T.);
#8116=EDGE_CURVE('',#9730,#9732,#9734,.T.);
#8117=FILL_AREA_STYLE('',(#9735));
#8118=EDGE_CURVE('',#9736,#9737,#9738,.T.);
#8119=EDGE_CURVE('',#9736,#9739,#9740,.T.);
#8120=EDGE_CURVE('',#9741,#9739,#9742,.T.);
#8121=EDGE_CURVE('',#9737,#9741,#9743,.T.);
#8122=FILL_AREA_STYLE('',(#9744));
#8123=EDGE_CURVE('',#9737,#9745,#9746,.T.);
#8124=EDGE_CURVE('',#9747,#9741,#9748,.T.);
#8125=EDGE_CURVE('',#9745,#9747,#9749,.T.);
#8126=FILL_AREA_STYLE('',(#9750));
#8127=EDGE_CURVE('',#9751,#9752,#9753,.T.);
#8128=EDGE_CURVE('',#9751,#9754,#9755,.T.);
#8129=EDGE_CURVE('',#9756,#9754,#9757,.T.);
#8130=EDGE_CURVE('',#9752,#9756,#9758,.T.);
#8131=FILL_AREA_STYLE('',(#9759));
#8132=EDGE_CURVE('',#9752,#9760,#9761,.T.);
#8133=EDGE_CURVE('',#9762,#9756,#9763,.T.);
#8134=EDGE_CURVE('',#9760,#9762,#9764,.T.);
#8135=FILL_AREA_STYLE('',(#9765));
#8136=EDGE_CURVE('',#9766,#9767,#9768,.T.);
#8137=EDGE_CURVE('',#9769,#9766,#9770,.T.);
#8138=EDGE_CURVE('',#9771,#9769,#9772,.T.);
#8139=EDGE_CURVE('',#9767,#9771,#9773,.T.);
#8140=FILL_AREA_STYLE('',(#9774));
#8141=EDGE_CURVE('',#9767,#9775,#9776,.T.);
#8142=EDGE_CURVE('',#9777,#9771,#9778,.T.);
#8143=EDGE_CURVE('',#9775,#9777,#9779,.T.);
#8144=FILL_AREA_STYLE('',(#9780));
#8145=EDGE_CURVE('',#9781,#9782,#9783,.T.);
#8146=EDGE_CURVE('',#9784,#9781,#9785,.T.);
#8147=EDGE_CURVE('',#9786,#9784,#9787,.T.);
#8148=EDGE_CURVE('',#9782,#9786,#9788,.T.);
#8149=FILL_AREA_STYLE('',(#9789));
#8150=EDGE_CURVE('',#9782,#9790,#9791,.T.);
#8151=EDGE_CURVE('',#9792,#9786,#9793,.T.);
#8152=EDGE_CURVE('',#9790,#9792,#9794,.T.);
#8153=FILL_AREA_STYLE('',(#9795));
#8154=EDGE_CURVE('',#9796,#9797,#9798,.T.);
#8155=EDGE_CURVE('',#9799,#9796,#9800,.T.);
#8156=EDGE_CURVE('',#9801,#9799,#9802,.T.);
#8157=EDGE_CURVE('',#9797,#9801,#9803,.T.);
#8158=FILL_AREA_STYLE('',(#9804));
#8159=EDGE_CURVE('',#9797,#9805,#9806,.T.);
#8160=EDGE_CURVE('',#9807,#9801,#9808,.T.);
#8161=EDGE_CURVE('',#9805,#9807,#9809,.T.);
#8162=FILL_AREA_STYLE('',(#9810));
#8163=EDGE_CURVE('',#9811,#9812,#9813,.T.);
#8164=EDGE_CURVE('',#9814,#9811,#9815,.T.);
#8165=EDGE_CURVE('',#9816,#9814,#9817,.T.);
#8166=EDGE_CURVE('',#9812,#9816,#9818,.T.);
#8167=FILL_AREA_STYLE('',(#9819));
#8168=EDGE_CURVE('',#9812,#9820,#9821,.T.);
#8169=EDGE_CURVE('',#9822,#9816,#9823,.T.);
#8170=EDGE_CURVE('',#9820,#9822,#9824,.T.);
#8171=FILL_AREA_STYLE('',(#9825));
#8172=EDGE_CURVE('',#9826,#9827,#9828,.T.);
#8173=EDGE_CURVE('',#9829,#9826,#9830,.T.);
#8174=EDGE_CURVE('',#9831,#9829,#9832,.T.);
#8175=EDGE_CURVE('',#9827,#9831,#9833,.T.);
#8176=FILL_AREA_STYLE('',(#9834));
#8177=EDGE_CURVE('',#9827,#9835,#9836,.T.);
#8178=EDGE_CURVE('',#9837,#9831,#9838,.T.);
#8179=EDGE_CURVE('',#9835,#9837,#9839,.T.);
#8180=FILL_AREA_STYLE('',(#9840));
#8181=EDGE_CURVE('',#9841,#9842,#9843,.T.);
#8182=EDGE_CURVE('',#9844,#9841,#9845,.T.);
#8183=EDGE_CURVE('',#9846,#9844,#9847,.T.);
#8184=EDGE_CURVE('',#9842,#9846,#9848,.T.);
#8185=FILL_AREA_STYLE('',(#9849));
#8186=EDGE_CURVE('',#9842,#9850,#9851,.T.);
#8187=EDGE_CURVE('',#9852,#9846,#9853,.T.);
#8188=EDGE_CURVE('',#9850,#9852,#9854,.T.);
#8189=FILL_AREA_STYLE('',(#9855));
#8190=EDGE_CURVE('',#9856,#9857,#9858,.T.);
#8191=EDGE_CURVE('',#9859,#9856,#9860,.T.);
#8192=EDGE_CURVE('',#9861,#9859,#9862,.T.);
#8193=EDGE_CURVE('',#9861,#9863,#9864,.T.);
#8194=EDGE_CURVE('',#9863,#9865,#9866,.T.);
#8195=EDGE_CURVE('',#9867,#9865,#9868,.T.);
#8196=EDGE_CURVE('',#9867,#9869,#9870,.T.);
#8197=EDGE_CURVE('',#9869,#9857,#9871,.T.);
#8198=FILL_AREA_STYLE('',(#9872));
#8199=EDGE_CURVE('',#9873,#9874,#9875,.T.);
#8200=EDGE_CURVE('',#9876,#9873,#9877,.T.);
#8201=EDGE_CURVE('',#9878,#9876,#9879,.T.);
#8202=EDGE_CURVE('',#9878,#9880,#9881,.T.);
#8203=EDGE_CURVE('',#9880,#9882,#9883,.T.);
#8204=EDGE_CURVE('',#9884,#9882,#9885,.T.);
#8205=EDGE_CURVE('',#9884,#9886,#9887,.T.);
#8206=EDGE_CURVE('',#9886,#9874,#9888,.T.);
#8207=FILL_AREA_STYLE('',(#9889));
#8208=EDGE_CURVE('',#9890,#9891,#9892,.T.);
#8209=EDGE_CURVE('',#9893,#9890,#9894,.T.);
#8210=EDGE_CURVE('',#9895,#9893,#9896,.T.);
#8211=EDGE_CURVE('',#9895,#9897,#9898,.T.);
#8212=EDGE_CURVE('',#9897,#9899,#9900,.T.);
#8213=EDGE_CURVE('',#9901,#9899,#9902,.T.);
#8214=EDGE_CURVE('',#9901,#9903,#9904,.T.);
#8215=EDGE_CURVE('',#9903,#9891,#9905,.T.);
#8216=FILL_AREA_STYLE('',(#9906));
#8217=EDGE_CURVE('',#9907,#9908,#9909,.T.);
#8218=EDGE_CURVE('',#9910,#9907,#9911,.T.);
#8219=EDGE_CURVE('',#9912,#9910,#9913,.T.);
#8220=EDGE_CURVE('',#9912,#9914,#9915,.T.);
#8221=EDGE_CURVE('',#9914,#9916,#9917,.T.);
#8222=EDGE_CURVE('',#9918,#9916,#9919,.T.);
#8223=EDGE_CURVE('',#9918,#9920,#9921,.T.);
#8224=EDGE_CURVE('',#9920,#9908,#9922,.T.);
#8225=FILL_AREA_STYLE('',(#9923));
#8226=EDGE_CURVE('',#9924,#9925,#9926,.T.);
#8227=EDGE_CURVE('',#9927,#9924,#9928,.T.);
#8228=EDGE_CURVE('',#9929,#9927,#9930,.T.);
#8229=EDGE_CURVE('',#9929,#9931,#9932,.T.);
#8230=EDGE_CURVE('',#9931,#9933,#9934,.T.);
#8231=EDGE_CURVE('',#9935,#9933,#9936,.T.);
#8232=EDGE_CURVE('',#9935,#9937,#9938,.T.);
#8233=EDGE_CURVE('',#9937,#9925,#9939,.T.);
#8234=FILL_AREA_STYLE('',(#9940));
#8235=EDGE_CURVE('',#9941,#9942,#9943,.T.);
#8236=EDGE_CURVE('',#9944,#9941,#9945,.T.);
#8237=EDGE_CURVE('',#9946,#9944,#9947,.T.);
#8238=EDGE_CURVE('',#9946,#9948,#9949,.T.);
#8239=EDGE_CURVE('',#9948,#9950,#9951,.T.);
#8240=EDGE_CURVE('',#9952,#9950,#9953,.T.);
#8241=EDGE_CURVE('',#9952,#9954,#9955,.T.);
#8242=EDGE_CURVE('',#9954,#9942,#9956,.T.);
#8243=FILL_AREA_STYLE('',(#9957));
#8244=EDGE_CURVE('',#9942,#9958,#9959,.T.);
#8245=EDGE_CURVE('',#9958,#9960,#9961,.T.);
#8246=EDGE_CURVE('',#9962,#9960,#9963,.T.);
#8247=EDGE_CURVE('',#9962,#9964,#9965,.T.);
#8248=EDGE_CURVE('',#9964,#9946,#9966,.T.);
#8249=EDGE_CURVE('',#9941,#9944,#9967,.T.);
#8250=FILL_AREA_STYLE('',(#9968));
#8251=EDGE_CURVE('',#9954,#9948,#9969,.T.);
#8252=EDGE_CURVE('',#9950,#9952,#9970,.T.);
#8253=FILL_AREA_STYLE('',(#9971));
#8254=EDGE_CURVE('',#9964,#9958,#9972,.T.);
#8255=FILL_AREA_STYLE('',(#9973));
#8256=EDGE_CURVE('',#9960,#9962,#9974,.T.);
#8257=FILL_AREA_STYLE('',(#9975));
#8258=FILL_AREA_STYLE('',(#9976));
#8259=FILL_AREA_STYLE('',(#9977));
#8260=EDGE_CURVE('',#9925,#9978,#9979,.T.);
#8261=EDGE_CURVE('',#9978,#9980,#9981,.T.);
#8262=EDGE_CURVE('',#9982,#9980,#9983,.T.);
#8263=EDGE_CURVE('',#9982,#9984,#9985,.T.);
#8264=EDGE_CURVE('',#9984,#9929,#9986,.T.);
#8265=EDGE_CURVE('',#9924,#9927,#9987,.T.);
#8266=FILL_AREA_STYLE('',(#9988));
#8267=EDGE_CURVE('',#9937,#9931,#9989,.T.);
#8268=EDGE_CURVE('',#9933,#9935,#9990,.T.);
#8269=FILL_AREA_STYLE('',(#9991));
#8270=EDGE_CURVE('',#9984,#9978,#9992,.T.);
#8271=FILL_AREA_STYLE('',(#9993));
#8272=EDGE_CURVE('',#9980,#9982,#9994,.T.);
#8273=FILL_AREA_STYLE('',(#9995));
#8274=FILL_AREA_STYLE('',(#9996));
#8275=FILL_AREA_STYLE('',(#9997));
#8276=EDGE_CURVE('',#9908,#9998,#9999,.T.);
#8277=EDGE_CURVE('',#9998,#10000,#10001,.T.);
#8278=EDGE_CURVE('',#10002,#10000,#10003,.T.);
#8279=EDGE_CURVE('',#10002,#10004,#10005,.T.);
#8280=EDGE_CURVE('',#10004,#9912,#10006,.T.);
#8281=EDGE_CURVE('',#9907,#9910,#10007,.T.);
#8282=FILL_AREA_STYLE('',(#10008));
#8283=EDGE_CURVE('',#9920,#9914,#10009,.T.);
#8284=EDGE_CURVE('',#9916,#9918,#10010,.T.);
#8285=FILL_AREA_STYLE('',(#10011));
#8286=EDGE_CURVE('',#10004,#9998,#10012,.T.);
#8287=FILL_AREA_STYLE('',(#10013));
#8288=EDGE_CURVE('',#10000,#10002,#10014,.T.);
#8289=FILL_AREA_STYLE('',(#10015));
#8290=FILL_AREA_STYLE('',(#10016));
#8291=FILL_AREA_STYLE('',(#10017));
#8292=EDGE_CURVE('',#9891,#10018,#10019,.T.);
#8293=EDGE_CURVE('',#10018,#10020,#10021,.T.);
#8294=EDGE_CURVE('',#10022,#10020,#10023,.T.);
#8295=EDGE_CURVE('',#10022,#10024,#10025,.T.);
#8296=EDGE_CURVE('',#10024,#9895,#10026,.T.);
#8297=EDGE_CURVE('',#9890,#9893,#10027,.T.);
#8298=FILL_AREA_STYLE('',(#10028));
#8299=EDGE_CURVE('',#9903,#9897,#10029,.T.);
#8300=EDGE_CURVE('',#9899,#9901,#10030,.T.);
#8301=FILL_AREA_STYLE('',(#10031));
#8302=EDGE_CURVE('',#10024,#10018,#10032,.T.);
#8303=FILL_AREA_STYLE('',(#10033));
#8304=EDGE_CURVE('',#10020,#10022,#10034,.T.);
#8305=FILL_AREA_STYLE('',(#10035));
#8306=FILL_AREA_STYLE('',(#10036));
#8307=FILL_AREA_STYLE('',(#10037));
#8308=EDGE_CURVE('',#9874,#10038,#10039,.T.);
#8309=EDGE_CURVE('',#10038,#10040,#10041,.T.);
#8310=EDGE_CURVE('',#10042,#10040,#10043,.T.);
#8311=EDGE_CURVE('',#10042,#10044,#10045,.T.);
#8312=EDGE_CURVE('',#10044,#9878,#10046,.T.);
#8313=EDGE_CURVE('',#9873,#9876,#10047,.T.);
#8314=FILL_AREA_STYLE('',(#10048));
#8315=EDGE_CURVE('',#9886,#9880,#10049,.T.);
#8316=EDGE_CURVE('',#9882,#9884,#10050,.T.);
#8317=FILL_AREA_STYLE('',(#10051));
#8318=EDGE_CURVE('',#10044,#10038,#10052,.T.);
#8319=FILL_AREA_STYLE('',(#10053));
#8320=EDGE_CURVE('',#10040,#10042,#10054,.T.);
#8321=FILL_AREA_STYLE('',(#10055));
#8322=FILL_AREA_STYLE('',(#10056));
#8323=FILL_AREA_STYLE('',(#10057));
#8324=EDGE_CURVE('',#9857,#10058,#10059,.T.);
#8325=EDGE_CURVE('',#10058,#10060,#10061,.T.);
#8326=EDGE_CURVE('',#10062,#10060,#10063,.T.);
#8327=EDGE_CURVE('',#10062,#10064,#10065,.T.);
#8328=EDGE_CURVE('',#10064,#9861,#10066,.T.);
#8329=EDGE_CURVE('',#9856,#9859,#10067,.T.);
#8330=FILL_AREA_STYLE('',(#10068));
#8331=EDGE_CURVE('',#9869,#9863,#10069,.T.);
#8332=EDGE_CURVE('',#9865,#9867,#10070,.T.);
#8333=FILL_AREA_STYLE('',(#10071));
#8334=EDGE_CURVE('',#10064,#10058,#10072,.T.);
#8335=FILL_AREA_STYLE('',(#10073));
#8336=EDGE_CURVE('',#10060,#10062,#10074,.T.);
#8337=FILL_AREA_STYLE('',(#10075));
#8338=FILL_AREA_STYLE('',(#10076));
#8339=FILL_AREA_STYLE('',(#10077));
#8340=EDGE_CURVE('',#9852,#9850,#10078,.T.);
#8341=EDGE_CURVE('',#9846,#9842,#10079,.T.);
#8342=FILL_AREA_STYLE('',(#10080));
#8343=EDGE_CURVE('',#9841,#9844,#10081,.T.);
#8344=FILL_AREA_STYLE('',(#10082));
#8345=FILL_AREA_STYLE('',(#10083));
#8346=EDGE_CURVE('',#9837,#9835,#10084,.T.);
#8347=EDGE_CURVE('',#9831,#9827,#10085,.T.);
#8348=FILL_AREA_STYLE('',(#10086));
#8349=EDGE_CURVE('',#9826,#9829,#10087,.T.);
#8350=FILL_AREA_STYLE('',(#10088));
#8351=FILL_AREA_STYLE('',(#10089));
#8352=EDGE_CURVE('',#9822,#9820,#10090,.T.);
#8353=EDGE_CURVE('',#9816,#9812,#10091,.T.);
#8354=FILL_AREA_STYLE('',(#10092));
#8355=EDGE_CURVE('',#9811,#9814,#10093,.T.);
#8356=FILL_AREA_STYLE('',(#10094));
#8357=FILL_AREA_STYLE('',(#10095));
#8358=EDGE_CURVE('',#9807,#9805,#10096,.T.);
#8359=EDGE_CURVE('',#9801,#9797,#10097,.T.);
#8360=FILL_AREA_STYLE('',(#10098));
#8361=EDGE_CURVE('',#9796,#9799,#10099,.T.);
#8362=FILL_AREA_STYLE('',(#10100));
#8363=FILL_AREA_STYLE('',(#10101));
#8364=EDGE_CURVE('',#9792,#9790,#10102,.T.);
#8365=EDGE_CURVE('',#9786,#9782,#10103,.T.);
#8366=FILL_AREA_STYLE('',(#10104));
#8367=EDGE_CURVE('',#9781,#9784,#10105,.T.);
#8368=FILL_AREA_STYLE('',(#10106));
#8369=FILL_AREA_STYLE('',(#10107));
#8370=EDGE_CURVE('',#9777,#9775,#10108,.T.);
#8371=EDGE_CURVE('',#9771,#9767,#10109,.T.);
#8372=FILL_AREA_STYLE('',(#10110));
#8373=EDGE_CURVE('',#9766,#9769,#10111,.T.);
#8374=FILL_AREA_STYLE('',(#10112));
#8375=FILL_AREA_STYLE('',(#10113));
#8376=EDGE_CURVE('',#9762,#9760,#10114,.T.);
#8377=EDGE_CURVE('',#9756,#9752,#10115,.T.);
#8378=FILL_AREA_STYLE('',(#10116));
#8379=EDGE_CURVE('',#9754,#9751,#10117,.T.);
#8380=FILL_AREA_STYLE('',(#10118));
#8381=FILL_AREA_STYLE('',(#10119));
#8382=EDGE_CURVE('',#9747,#9745,#10120,.T.);
#8383=EDGE_CURVE('',#9741,#9737,#10121,.T.);
#8384=FILL_AREA_STYLE('',(#10122));
#8385=EDGE_CURVE('',#9739,#9736,#10123,.T.);
#8386=FILL_AREA_STYLE('',(#10124));
#8387=FILL_AREA_STYLE('',(#10125));
#8388=EDGE_CURVE('',#9732,#9730,#10126,.T.);
#8389=EDGE_CURVE('',#9726,#9722,#10127,.T.);
#8390=FILL_AREA_STYLE('',(#10128));
#8391=EDGE_CURVE('',#9724,#9721,#10129,.T.);
#8392=FILL_AREA_STYLE('',(#10130));
#8393=FILL_AREA_STYLE('',(#10131));
#8394=EDGE_CURVE('',#9717,#9715,#10132,.T.);
#8395=EDGE_CURVE('',#9711,#9707,#10133,.T.);
#8396=FILL_AREA_STYLE('',(#10134));
#8397=EDGE_CURVE('',#9709,#9706,#10135,.T.);
#8398=FILL_AREA_STYLE('',(#10136));
#8399=FILL_AREA_STYLE('',(#10137));
#8400=EDGE_CURVE('',#9702,#9700,#10138,.T.);
#8401=EDGE_CURVE('',#9696,#9692,#10139,.T.);
#8402=FILL_AREA_STYLE('',(#10140));
#8403=EDGE_CURVE('',#9694,#9691,#10141,.T.);
#8404=FILL_AREA_STYLE('',(#10142));
#8405=FILL_AREA_STYLE('',(#10143));
#8406=EDGE_CURVE('',#9687,#9685,#10144,.T.);
#8407=EDGE_CURVE('',#9681,#9677,#10145,.T.);
#8408=FILL_AREA_STYLE('',(#10146));
#8409=EDGE_CURVE('',#9679,#9676,#10147,.T.);
#8410=FILL_AREA_STYLE('',(#10148));
#8411=FILL_AREA_STYLE('',(#10149));
#8412=EDGE_CURVE('',#10150,#10151,#10152,.T.);
#8413=EDGE_CURVE('',#10150,#10153,#10154,.T.);
#8414=EDGE_CURVE('',#10153,#10155,#10156,.T.);
#8415=EDGE_CURVE('',#10151,#10155,#10157,.T.);
#8416=FILL_AREA_STYLE('',(#10158));
#8417=EDGE_CURVE('',#10159,#10150,#10160,.T.);
#8418=EDGE_CURVE('',#10159,#10161,#10162,.T.);
#8419=EDGE_CURVE('',#10161,#10153,#10163,.T.);
#8420=EDGE_CURVE('',#10164,#10165,#10166,.T.);
#8421=EDGE_CURVE('',#10165,#10167,#10168,.T.);
#8422=EDGE_CURVE('',#10167,#10169,#10170,.T.);
#8423=EDGE_CURVE('',#10169,#10164,#10171,.T.);
#8424=FILL_AREA_STYLE('',(#10172));
#8425=EDGE_CURVE('',#10173,#10159,#10174,.T.);
#8426=EDGE_CURVE('',#10173,#10175,#10176,.T.);
#8427=EDGE_CURVE('',#10175,#10161,#10177,.T.);
#8428=FILL_AREA_STYLE('',(#10178));
#8429=EDGE_CURVE('',#10165,#10179,#10180,.T.);
#8430=EDGE_CURVE('',#10179,#10181,#10182,.T.);
#8431=EDGE_CURVE('',#10181,#10183,#10184,.T.);
#8432=EDGE_CURVE('',#10185,#10183,#10186,.T.);
#8433=EDGE_CURVE('',#10185,#10187,#10188,.T.);
#8434=EDGE_CURVE('',#10187,#10189,#10190,.T.);
#8435=EDGE_CURVE('',#10189,#10167,#10191,.T.);
#8436=FILL_AREA_STYLE('',(#10192));
#8437=EDGE_CURVE('',#10164,#10193,#10194,.T.);
#8438=EDGE_CURVE('',#10179,#10193,#10195,.T.);
#8439=FILL_AREA_STYLE('',(#10196));
#8440=EDGE_CURVE('',#10193,#10197,#10198,.T.);
#8441=EDGE_CURVE('',#10181,#10197,#10199,.T.);
#8442=FILL_AREA_STYLE('',(#10200));
#8443=EDGE_CURVE('',#10197,#10201,#10202,.T.);
#8444=EDGE_CURVE('',#10183,#10201,#10203,.T.);
#8445=FILL_AREA_STYLE('',(#10204));
#8446=EDGE_CURVE('',#10201,#10205,#10206,.T.);
#8447=EDGE_CURVE('',#10185,#10205,#10207,.T.);
#8448=FILL_AREA_STYLE('',(#10208));
#8449=EDGE_CURVE('',#10205,#10209,#10210,.T.);
#8450=EDGE_CURVE('',#10187,#10209,#10211,.T.);
#8451=FILL_AREA_STYLE('',(#10212));
#8452=EDGE_CURVE('',#10209,#10213,#10214,.T.);
#8453=EDGE_CURVE('',#10189,#10213,#10215,.T.);
#8454=FILL_AREA_STYLE('',(#10216));
#8455=EDGE_CURVE('',#10213,#10169,#10217,.T.);
#8456=FILL_AREA_STYLE('',(#10218));
#8457=FILL_AREA_STYLE('',(#10219));
#8458=EDGE_CURVE('',#10151,#10220,#10221,.T.);
#8459=EDGE_CURVE('',#10155,#10222,#10223,.T.);
#8460=EDGE_CURVE('',#10220,#10222,#10224,.T.);
#8461=FILL_AREA_STYLE('',(#10225));
#8462=EDGE_CURVE('',#10220,#10226,#10227,.T.);
#8463=EDGE_CURVE('',#10222,#10228,#10229,.T.);
#8464=EDGE_CURVE('',#10226,#10228,#10230,.T.);
#8465=FILL_AREA_STYLE('',(#10231));
#8466=EDGE_CURVE('',#10226,#10173,#10232,.T.);
#8467=EDGE_CURVE('',#10228,#10175,#10233,.T.);
#8468=FILL_AREA_STYLE('',(#10234));
#8469=FILL_AREA_STYLE('',(#10235));
#8470=EDGE_CURVE('',#10236,#10237,#10238,.T.);
#8471=EDGE_CURVE('',#10236,#10239,#10240,.T.);
#8472=EDGE_CURVE('',#10239,#10241,#10242,.T.);
#8473=EDGE_CURVE('',#10237,#10241,#10243,.T.);
#8474=FILL_AREA_STYLE('',(#10244));
#8475=EDGE_CURVE('',#10245,#10236,#10246,.T.);
#8476=EDGE_CURVE('',#10245,#10247,#10248,.T.);
#8477=EDGE_CURVE('',#10247,#10239,#10249,.T.);
#8478=EDGE_CURVE('',#10250,#10251,#10252,.T.);
#8479=EDGE_CURVE('',#10251,#10253,#10254,.T.);
#8480=EDGE_CURVE('',#10253,#10255,#10256,.T.);
#8481=EDGE_CURVE('',#10255,#10250,#10257,.T.);
#8482=FILL_AREA_STYLE('',(#10258));
#8483=EDGE_CURVE('',#10259,#10245,#10260,.T.);
#8484=EDGE_CURVE('',#10259,#10261,#10262,.T.);
#8485=EDGE_CURVE('',#10261,#10247,#10263,.T.);
#8486=FILL_AREA_STYLE('',(#10264));
#8487=EDGE_CURVE('',#10251,#10265,#10266,.T.);
#8488=EDGE_CURVE('',#10265,#10267,#10268,.T.);
#8489=EDGE_CURVE('',#10267,#10269,#10270,.T.);
#8490=EDGE_CURVE('',#10271,#10269,#10272,.T.);
#8491=EDGE_CURVE('',#10271,#10273,#10274,.T.);
#8492=EDGE_CURVE('',#10273,#10275,#10276,.T.);
#8493=EDGE_CURVE('',#10275,#10253,#10277,.T.);
#8494=FILL_AREA_STYLE('',(#10278));
#8495=EDGE_CURVE('',#10250,#10279,#10280,.T.);
#8496=EDGE_CURVE('',#10265,#10279,#10281,.T.);
#8497=FILL_AREA_STYLE('',(#10282));
#8498=EDGE_CURVE('',#10279,#10283,#10284,.T.);
#8499=EDGE_CURVE('',#10267,#10283,#10285,.T.);
#8500=FILL_AREA_STYLE('',(#10286));
#8501=EDGE_CURVE('',#10283,#10287,#10288,.T.);
#8502=EDGE_CURVE('',#10269,#10287,#10289,.T.);
#8503=FILL_AREA_STYLE('',(#10290));
#8504=EDGE_CURVE('',#10287,#10291,#10292,.T.);
#8505=EDGE_CURVE('',#10271,#10291,#10293,.T.);
#8506=FILL_AREA_STYLE('',(#10294));
#8507=EDGE_CURVE('',#10291,#10295,#10296,.T.);
#8508=EDGE_CURVE('',#10273,#10295,#10297,.T.);
#8509=FILL_AREA_STYLE('',(#10298));
#8510=EDGE_CURVE('',#10295,#10299,#10300,.T.);
#8511=EDGE_CURVE('',#10275,#10299,#10301,.T.);
#8512=FILL_AREA_STYLE('',(#10302));
#8513=EDGE_CURVE('',#10299,#10255,#10303,.T.);
#8514=FILL_AREA_STYLE('',(#10304));
#8515=FILL_AREA_STYLE('',(#10305));
#8516=EDGE_CURVE('',#10237,#10306,#10307,.T.);
#8517=EDGE_CURVE('',#10241,#10308,#10309,.T.);
#8518=EDGE_CURVE('',#10306,#10308,#10310,.T.);
#8519=FILL_AREA_STYLE('',(#10311));
#8520=EDGE_CURVE('',#10306,#10312,#10313,.T.);
#8521=EDGE_CURVE('',#10308,#10314,#10315,.T.);
#8522=EDGE_CURVE('',#10312,#10314,#10316,.T.);
#8523=FILL_AREA_STYLE('',(#10317));
#8524=EDGE_CURVE('',#10312,#10259,#10318,.T.);
#8525=EDGE_CURVE('',#10314,#10261,#10319,.T.);
#8526=FILL_AREA_STYLE('',(#10320));
#8527=FILL_AREA_STYLE('',(#10321));
#8528=EDGE_CURVE('',#10322,#10323,#10324,.T.);
#8529=EDGE_CURVE('',#10322,#10325,#10326,.T.);
#8530=EDGE_CURVE('',#10325,#10327,#10328,.T.);
#8531=EDGE_CURVE('',#10323,#10327,#10329,.T.);
#8532=FILL_AREA_STYLE('',(#10330));
#8533=EDGE_CURVE('',#10331,#10322,#10332,.T.);
#8534=EDGE_CURVE('',#10331,#10333,#10334,.T.);
#8535=EDGE_CURVE('',#10333,#10325,#10335,.T.);
#8536=EDGE_CURVE('',#10336,#10337,#10338,.T.);
#8537=EDGE_CURVE('',#10337,#10339,#10340,.T.);
#8538=EDGE_CURVE('',#10339,#10341,#10342,.T.);
#8539=EDGE_CURVE('',#10341,#10336,#10343,.T.);
#8540=FILL_AREA_STYLE('',(#10344));
#8541=EDGE_CURVE('',#10345,#10331,#10346,.T.);
#8542=EDGE_CURVE('',#10345,#10347,#10348,.T.);
#8543=EDGE_CURVE('',#10347,#10333,#10349,.T.);
#8544=FILL_AREA_STYLE('',(#10350));
#8545=EDGE_CURVE('',#10337,#10351,#10352,.T.);
#8546=EDGE_CURVE('',#10351,#10353,#10354,.T.);
#8547=EDGE_CURVE('',#10353,#10355,#10356,.T.);
#8548=EDGE_CURVE('',#10357,#10355,#10358,.T.);
#8549=EDGE_CURVE('',#10357,#10359,#10360,.T.);
#8550=EDGE_CURVE('',#10359,#10361,#10362,.T.);
#8551=EDGE_CURVE('',#10361,#10339,#10363,.T.);
#8552=FILL_AREA_STYLE('',(#10364));
#8553=EDGE_CURVE('',#10336,#10365,#10366,.T.);
#8554=EDGE_CURVE('',#10351,#10365,#10367,.T.);
#8555=FILL_AREA_STYLE('',(#10368));
#8556=EDGE_CURVE('',#10365,#10369,#10370,.T.);
#8557=EDGE_CURVE('',#10353,#10369,#10371,.T.);
#8558=FILL_AREA_STYLE('',(#10372));
#8559=EDGE_CURVE('',#10369,#10373,#10374,.T.);
#8560=EDGE_CURVE('',#10355,#10373,#10375,.T.);
#8561=FILL_AREA_STYLE('',(#10376));
#8562=EDGE_CURVE('',#10373,#10377,#10378,.T.);
#8563=EDGE_CURVE('',#10357,#10377,#10379,.T.);
#8564=FILL_AREA_STYLE('',(#10380));
#8565=EDGE_CURVE('',#10377,#10381,#10382,.T.);
#8566=EDGE_CURVE('',#10359,#10381,#10383,.T.);
#8567=FILL_AREA_STYLE('',(#10384));
#8568=EDGE_CURVE('',#10381,#10385,#10386,.T.);
#8569=EDGE_CURVE('',#10361,#10385,#10387,.T.);
#8570=FILL_AREA_STYLE('',(#10388));
#8571=EDGE_CURVE('',#10385,#10341,#10389,.T.);
#8572=FILL_AREA_STYLE('',(#10390));
#8573=FILL_AREA_STYLE('',(#10391));
#8574=EDGE_CURVE('',#10323,#10392,#10393,.T.);
#8575=EDGE_CURVE('',#10327,#10394,#10395,.T.);
#8576=EDGE_CURVE('',#10392,#10394,#10396,.T.);
#8577=FILL_AREA_STYLE('',(#10397));
#8578=EDGE_CURVE('',#10392,#10398,#10399,.T.);
#8579=EDGE_CURVE('',#10394,#10400,#10401,.T.);
#8580=EDGE_CURVE('',#10398,#10400,#10402,.T.);
#8581=FILL_AREA_STYLE('',(#10403));
#8582=EDGE_CURVE('',#10398,#10345,#10404,.T.);
#8583=EDGE_CURVE('',#10400,#10347,#10405,.T.);
#8584=FILL_AREA_STYLE('',(#10406));
#8585=FILL_AREA_STYLE('',(#10407));
#8586=EDGE_CURVE('',#10408,#10409,#10410,.T.);
#8587=EDGE_CURVE('',#10408,#10411,#10412,.T.);
#8588=EDGE_CURVE('',#10411,#10413,#10414,.T.);
#8589=EDGE_CURVE('',#10409,#10413,#10415,.T.);
#8590=FILL_AREA_STYLE('',(#10416));
#8591=EDGE_CURVE('',#10417,#10408,#10418,.T.);
#8592=EDGE_CURVE('',#10417,#10419,#10420,.T.);
#8593=EDGE_CURVE('',#10419,#10411,#10421,.T.);
#8594=EDGE_CURVE('',#10422,#10423,#10424,.T.);
#8595=EDGE_CURVE('',#10423,#10425,#10426,.T.);
#8596=EDGE_CURVE('',#10425,#10427,#10428,.T.);
#8597=EDGE_CURVE('',#10427,#10422,#10429,.T.);
#8598=FILL_AREA_STYLE('',(#10430));
#8599=EDGE_CURVE('',#10431,#10417,#10432,.T.);
#8600=EDGE_CURVE('',#10431,#10433,#10434,.T.);
#8601=EDGE_CURVE('',#10433,#10419,#10435,.T.);
#8602=FILL_AREA_STYLE('',(#10436));
#8603=EDGE_CURVE('',#10423,#10437,#10438,.T.);
#8604=EDGE_CURVE('',#10437,#10439,#10440,.T.);
#8605=EDGE_CURVE('',#10439,#10441,#10442,.T.);
#8606=EDGE_CURVE('',#10443,#10441,#10444,.T.);
#8607=EDGE_CURVE('',#10443,#10445,#10446,.T.);
#8608=EDGE_CURVE('',#10445,#10447,#10448,.T.);
#8609=EDGE_CURVE('',#10447,#10425,#10449,.T.);
#8610=FILL_AREA_STYLE('',(#10450));
#8611=EDGE_CURVE('',#10422,#10451,#10452,.T.);
#8612=EDGE_CURVE('',#10437,#10451,#10453,.T.);
#8613=FILL_AREA_STYLE('',(#10454));
#8614=EDGE_CURVE('',#10451,#10455,#10456,.T.);
#8615=EDGE_CURVE('',#10439,#10455,#10457,.T.);
#8616=FILL_AREA_STYLE('',(#10458));
#8617=EDGE_CURVE('',#10455,#10459,#10460,.T.);
#8618=EDGE_CURVE('',#10441,#10459,#10461,.T.);
#8619=FILL_AREA_STYLE('',(#10462));
#8620=EDGE_CURVE('',#10459,#10463,#10464,.T.);
#8621=EDGE_CURVE('',#10443,#10463,#10465,.T.);
#8622=FILL_AREA_STYLE('',(#10466));
#8623=EDGE_CURVE('',#10463,#10467,#10468,.T.);
#8624=EDGE_CURVE('',#10445,#10467,#10469,.T.);
#8625=FILL_AREA_STYLE('',(#10470));
#8626=EDGE_CURVE('',#10467,#10471,#10472,.T.);
#8627=EDGE_CURVE('',#10447,#10471,#10473,.T.);
#8628=FILL_AREA_STYLE('',(#10474));
#8629=EDGE_CURVE('',#10471,#10427,#10475,.T.);
#8630=FILL_AREA_STYLE('',(#10476));
#8631=FILL_AREA_STYLE('',(#10477));
#8632=EDGE_CURVE('',#10409,#10478,#10479,.T.);
#8633=EDGE_CURVE('',#10413,#10480,#10481,.T.);
#8634=EDGE_CURVE('',#10478,#10480,#10482,.T.);
#8635=FILL_AREA_STYLE('',(#10483));
#8636=EDGE_CURVE('',#10478,#10484,#10485,.T.);
#8637=EDGE_CURVE('',#10480,#10486,#10487,.T.);
#8638=EDGE_CURVE('',#10484,#10486,#10488,.T.);
#8639=FILL_AREA_STYLE('',(#10489));
#8640=EDGE_CURVE('',#10484,#10431,#10490,.T.);
#8641=EDGE_CURVE('',#10486,#10433,#10491,.T.);
#8642=FILL_AREA_STYLE('',(#10492));
#8643=FILL_AREA_STYLE('',(#10493));
#8644=EDGE_CURVE('',#10494,#10495,#10496,.T.);
#8645=EDGE_CURVE('',#10494,#10497,#10498,.T.);
#8646=EDGE_CURVE('',#10497,#10499,#10500,.T.);
#8647=EDGE_CURVE('',#10495,#10499,#10501,.T.);
#8648=FILL_AREA_STYLE('',(#10502));
#8649=EDGE_CURVE('',#10503,#10494,#10504,.T.);
#8650=EDGE_CURVE('',#10503,#10505,#10506,.T.);
#8651=EDGE_CURVE('',#10505,#10497,#10507,.T.);
#8652=EDGE_CURVE('',#10508,#10509,#10510,.T.);
#8653=EDGE_CURVE('',#10509,#10511,#10512,.T.);
#8654=EDGE_CURVE('',#10511,#10513,#10514,.T.);
#8655=EDGE_CURVE('',#10513,#10508,#10515,.T.);
#8656=FILL_AREA_STYLE('',(#10516));
#8657=EDGE_CURVE('',#10517,#10503,#10518,.T.);
#8658=EDGE_CURVE('',#10517,#10519,#10520,.T.);
#8659=EDGE_CURVE('',#10519,#10505,#10521,.T.);
#8660=FILL_AREA_STYLE('',(#10522));
#8661=EDGE_CURVE('',#10509,#10523,#10524,.T.);
#8662=EDGE_CURVE('',#10523,#10525,#10526,.T.);
#8663=EDGE_CURVE('',#10525,#10527,#10528,.T.);
#8664=EDGE_CURVE('',#10529,#10527,#10530,.T.);
#8665=EDGE_CURVE('',#10529,#10531,#10532,.T.);
#8666=EDGE_CURVE('',#10531,#10533,#10534,.T.);
#8667=EDGE_CURVE('',#10533,#10511,#10535,.T.);
#8668=FILL_AREA_STYLE('',(#10536));
#8669=EDGE_CURVE('',#10508,#10537,#10538,.T.);
#8670=EDGE_CURVE('',#10523,#10537,#10539,.T.);
#8671=FILL_AREA_STYLE('',(#10540));
#8672=EDGE_CURVE('',#10537,#10541,#10542,.T.);
#8673=EDGE_CURVE('',#10525,#10541,#10543,.T.);
#8674=FILL_AREA_STYLE('',(#10544));
#8675=EDGE_CURVE('',#10541,#10545,#10546,.T.);
#8676=EDGE_CURVE('',#10527,#10545,#10547,.T.);
#8677=FILL_AREA_STYLE('',(#10548));
#8678=EDGE_CURVE('',#10545,#10549,#10550,.T.);
#8679=EDGE_CURVE('',#10529,#10549,#10551,.T.);
#8680=FILL_AREA_STYLE('',(#10552));
#8681=EDGE_CURVE('',#10549,#10553,#10554,.T.);
#8682=EDGE_CURVE('',#10531,#10553,#10555,.T.);
#8683=FILL_AREA_STYLE('',(#10556));
#8684=EDGE_CURVE('',#10553,#10557,#10558,.T.);
#8685=EDGE_CURVE('',#10533,#10557,#10559,.T.);
#8686=FILL_AREA_STYLE('',(#10560));
#8687=EDGE_CURVE('',#10557,#10513,#10561,.T.);
#8688=FILL_AREA_STYLE('',(#10562));
#8689=FILL_AREA_STYLE('',(#10563));
#8690=EDGE_CURVE('',#10495,#10564,#10565,.T.);
#8691=EDGE_CURVE('',#10499,#10566,#10567,.T.);
#8692=EDGE_CURVE('',#10564,#10566,#10568,.T.);
#8693=FILL_AREA_STYLE('',(#10569));
#8694=EDGE_CURVE('',#10564,#10570,#10571,.T.);
#8695=EDGE_CURVE('',#10566,#10572,#10573,.T.);
#8696=EDGE_CURVE('',#10570,#10572,#10574,.T.);
#8697=FILL_AREA_STYLE('',(#10575));
#8698=EDGE_CURVE('',#10570,#10517,#10576,.T.);
#8699=EDGE_CURVE('',#10572,#10519,#10577,.T.);
#8700=FILL_AREA_STYLE('',(#10578));
#8701=FILL_AREA_STYLE('',(#10579));
#8702=EDGE_CURVE('',#10580,#10581,#10582,.T.);
#8703=EDGE_CURVE('',#10580,#10583,#10584,.T.);
#8704=EDGE_CURVE('',#10583,#10585,#10586,.T.);
#8705=EDGE_CURVE('',#10581,#10585,#10587,.T.);
#8706=FILL_AREA_STYLE('',(#10588));
#8707=EDGE_CURVE('',#10589,#10580,#10590,.T.);
#8708=EDGE_CURVE('',#10589,#10591,#10592,.T.);
#8709=EDGE_CURVE('',#10591,#10583,#10593,.T.);
#8710=EDGE_CURVE('',#10594,#10595,#10596,.T.);
#8711=EDGE_CURVE('',#10595,#10597,#10598,.T.);
#8712=EDGE_CURVE('',#10597,#10599,#10600,.T.);
#8713=EDGE_CURVE('',#10599,#10594,#10601,.T.);
#8714=FILL_AREA_STYLE('',(#10602));
#8715=EDGE_CURVE('',#10603,#10589,#10604,.T.);
#8716=EDGE_CURVE('',#10603,#10605,#10606,.T.);
#8717=EDGE_CURVE('',#10605,#10591,#10607,.T.);
#8718=FILL_AREA_STYLE('',(#10608));
#8719=EDGE_CURVE('',#10595,#10609,#10610,.T.);
#8720=EDGE_CURVE('',#10609,#10611,#10612,.T.);
#8721=EDGE_CURVE('',#10611,#10613,#10614,.T.);
#8722=EDGE_CURVE('',#10615,#10613,#10616,.T.);
#8723=EDGE_CURVE('',#10615,#10617,#10618,.T.);
#8724=EDGE_CURVE('',#10617,#10619,#10620,.T.);
#8725=EDGE_CURVE('',#10619,#10597,#10621,.T.);
#8726=FILL_AREA_STYLE('',(#10622));
#8727=EDGE_CURVE('',#10594,#10623,#10624,.T.);
#8728=EDGE_CURVE('',#10609,#10623,#10625,.T.);
#8729=FILL_AREA_STYLE('',(#10626));
#8730=EDGE_CURVE('',#10623,#10627,#10628,.T.);
#8731=EDGE_CURVE('',#10611,#10627,#10629,.T.);
#8732=FILL_AREA_STYLE('',(#10630));
#8733=EDGE_CURVE('',#10627,#10631,#10632,.T.);
#8734=EDGE_CURVE('',#10613,#10631,#10633,.T.);
#8735=FILL_AREA_STYLE('',(#10634));
#8736=EDGE_CURVE('',#10631,#10635,#10636,.T.);
#8737=EDGE_CURVE('',#10615,#10635,#10637,.T.);
#8738=FILL_AREA_STYLE('',(#10638));
#8739=EDGE_CURVE('',#10635,#10639,#10640,.T.);
#8740=EDGE_CURVE('',#10617,#10639,#10641,.T.);
#8741=FILL_AREA_STYLE('',(#10642));
#8742=EDGE_CURVE('',#10639,#10643,#10644,.T.);
#8743=EDGE_CURVE('',#10619,#10643,#10645,.T.);
#8744=FILL_AREA_STYLE('',(#10646));
#8745=EDGE_CURVE('',#10643,#10599,#10647,.T.);
#8746=FILL_AREA_STYLE('',(#10648));
#8747=FILL_AREA_STYLE('',(#10649));
#8748=EDGE_CURVE('',#10581,#10650,#10651,.T.);
#8749=EDGE_CURVE('',#10585,#10652,#10653,.T.);
#8750=EDGE_CURVE('',#10650,#10652,#10654,.T.);
#8751=FILL_AREA_STYLE('',(#10655));
#8752=EDGE_CURVE('',#10650,#10656,#10657,.T.);
#8753=EDGE_CURVE('',#10652,#10658,#10659,.T.);
#8754=EDGE_CURVE('',#10656,#10658,#10660,.T.);
#8755=FILL_AREA_STYLE('',(#10661));
#8756=EDGE_CURVE('',#10656,#10603,#10662,.T.);
#8757=EDGE_CURVE('',#10658,#10605,#10663,.T.);
#8758=FILL_AREA_STYLE('',(#10664));
#8759=FILL_AREA_STYLE('',(#10665));
#8760=EDGE_CURVE('',#10666,#10667,#10668,.T.);
#8761=EDGE_CURVE('',#10669,#10666,#10670,.T.);
#8762=EDGE_CURVE('',#10671,#10669,#10672,.T.);
#8763=EDGE_CURVE('',#10671,#10667,#10673,.T.);
#8764=FILL_AREA_STYLE('',(#10674));
#8765=EDGE_CURVE('',#10667,#10675,#10676,.T.);
#8766=EDGE_CURVE('',#10677,#10671,#10678,.T.);
#8767=EDGE_CURVE('',#10679,#10677,#10680,.T.);
#8768=EDGE_CURVE('',#10681,#10679,#10682,.T.);
#8769=EDGE_CURVE('',#10683,#10681,#10684,.T.);
#8770=EDGE_CURVE('',#10685,#10683,#10686,.T.);
#8771=EDGE_CURVE('',#10685,#10687,#10688,.T.);
#8772=EDGE_CURVE('',#10675,#10687,#10689,.T.);
#8773=FILL_AREA_STYLE('',(#10690));
#8774=EDGE_CURVE('',#10691,#10692,#10693,.T.);
#8775=EDGE_CURVE('',#10683,#10691,#10694,.T.);
#8776=EDGE_CURVE('',#10681,#10692,#10695,.T.);
#8777=FILL_AREA_STYLE('',(#10696));
#8778=EDGE_CURVE('',#10692,#10697,#10698,.T.);
#8779=EDGE_CURVE('',#10679,#10697,#10699,.T.);
#8780=FILL_AREA_STYLE('',(#10700));
#8781=EDGE_CURVE('',#10697,#10701,#10702,.T.);
#8782=EDGE_CURVE('',#10677,#10701,#10703,.T.);
#8783=FILL_AREA_STYLE('',(#10704));
#8784=EDGE_CURVE('',#10701,#10669,#10705,.T.);
#8785=FILL_AREA_STYLE('',(#10706));
#8786=EDGE_CURVE('',#10687,#10707,#10708,.T.);
#8787=EDGE_CURVE('',#10685,#10709,#10710,.T.);
#8788=EDGE_CURVE('',#10707,#10709,#10711,.T.);
#8789=FILL_AREA_STYLE('',(#10712));
#8790=EDGE_CURVE('',#10709,#10691,#10713,.T.);
#8791=FILL_AREA_STYLE('',(#10714));
#8792=EDGE_CURVE('',#10715,#10666,#10716,.T.);
#8793=EDGE_CURVE('',#10707,#10715,#10717,.T.);
#8794=FILL_AREA_STYLE('',(#10718));
#8795=EDGE_CURVE('',#10719,#10675,#10720,.T.);
#8796=EDGE_CURVE('',#10721,#10719,#10722,.T.);
#8797=EDGE_CURVE('',#10721,#10723,#10724,.T.);
#8798=EDGE_CURVE('',#10723,#10725,#10726,.T.);
#8799=EDGE_CURVE('',#10725,#10727,#10728,.T.);
#8800=EDGE_CURVE('',#10727,#10729,#10730,.T.);
#8801=EDGE_CURVE('',#10729,#10731,#10732,.T.);
#8802=EDGE_CURVE('',#10731,#10733,#10734,.T.);
#8803=EDGE_CURVE('',#10733,#10735,#10736,.T.);
#8804=EDGE_CURVE('',#10735,#10737,#10738,.T.);
#8805=EDGE_CURVE('',#10737,#10739,#10740,.T.);
#8806=EDGE_CURVE('',#10739,#10741,#10742,.T.);
#8807=EDGE_CURVE('',#10741,#10743,#10744,.T.);
#8808=EDGE_CURVE('',#10743,#10745,#10746,.T.);
#8809=EDGE_CURVE('',#10745,#10747,#10748,.T.);
#8810=EDGE_CURVE('',#10747,#10749,#10750,.T.);
#8811=EDGE_CURVE('',#10749,#10751,#10752,.T.);
#8812=EDGE_CURVE('',#10751,#10753,#10754,.T.);
#8813=EDGE_CURVE('',#10753,#10755,#10756,.T.);
#8814=EDGE_CURVE('',#10755,#10757,#10758,.T.);
#8815=EDGE_CURVE('',#10757,#10759,#10760,.T.);
#8816=EDGE_CURVE('',#10759,#10761,#10762,.T.);
#8817=EDGE_CURVE('',#10761,#10763,#10764,.T.);
#8818=EDGE_CURVE('',#10763,#10765,#10766,.T.);
#8819=EDGE_CURVE('',#10765,#10767,#10768,.T.);
#8820=EDGE_CURVE('',#10767,#10769,#10770,.T.);
#8821=EDGE_CURVE('',#10769,#10771,#10772,.T.);
#8822=EDGE_CURVE('',#10771,#10773,#10774,.T.);
#8823=EDGE_CURVE('',#10775,#10773,#10776,.T.);
#8824=EDGE_CURVE('',#10775,#10777,#10778,.T.);
#8825=EDGE_CURVE('',#10777,#10779,#10780,.T.);
#8826=EDGE_CURVE('',#10779,#10781,#10782,.T.);
#8827=EDGE_CURVE('',#10783,#10781,#10784,.T.);
#8828=EDGE_CURVE('',#10783,#10785,#10786,.T.);
#8829=EDGE_CURVE('',#10785,#10787,#10788,.T.);
#8830=EDGE_CURVE('',#10787,#10789,#10790,.T.);
#8831=EDGE_CURVE('',#10791,#10789,#10792,.T.);
#8832=EDGE_CURVE('',#10791,#10793,#10794,.T.);
#8833=EDGE_CURVE('',#10793,#10795,#10796,.T.);
#8834=EDGE_CURVE('',#10795,#10797,#10798,.T.);
#8835=EDGE_CURVE('',#10799,#10797,#10800,.T.);
#8836=EDGE_CURVE('',#10799,#10801,#10802,.T.);
#8837=EDGE_CURVE('',#10801,#10803,#10804,.T.);
#8838=EDGE_CURVE('',#10803,#10805,#10806,.T.);
#8839=EDGE_CURVE('',#10807,#10805,#10808,.T.);
#8840=EDGE_CURVE('',#10807,#10809,#10810,.T.);
#8841=EDGE_CURVE('',#10809,#10811,#10812,.T.);
#8842=EDGE_CURVE('',#10811,#10813,#10814,.T.);
#8843=EDGE_CURVE('',#10715,#10813,#10815,.T.);
#8844=FILL_AREA_STYLE('',(#10816));
#8845=EDGE_CURVE('',#10817,#10809,#10818,.T.);
#8846=EDGE_CURVE('',#10819,#10817,#10820,.T.);
#8847=EDGE_CURVE('',#10819,#10811,#10821,.T.);
#8848=FILL_AREA_STYLE('',(#10822));
#8849=EDGE_CURVE('',#10823,#10819,#10824,.T.);
#8850=EDGE_CURVE('',#10825,#10823,#10826,.T.);
#8851=EDGE_CURVE('',#10827,#10825,#10828,.T.);
#8852=EDGE_CURVE('',#10829,#10827,#10830,.T.);
#8853=EDGE_CURVE('',#10831,#10829,#10832,.T.);
#8854=EDGE_CURVE('',#10831,#10833,#10834,.T.);
#8855=EDGE_CURVE('',#10813,#10833,#10835,.T.);
#8856=FILL_AREA_STYLE('',(#10836));
#8857=EDGE_CURVE('',#10837,#10838,#10839,.T.);
#8858=EDGE_CURVE('',#10829,#10837,#10840,.T.);
#8859=EDGE_CURVE('',#10827,#10838,#10841,.T.);
#8860=FILL_AREA_STYLE('',(#10842));
#8861=EDGE_CURVE('',#10838,#10843,#10844,.T.);
#8862=EDGE_CURVE('',#10825,#10843,#10845,.T.);
#8863=FILL_AREA_STYLE('',(#10846));
#8864=EDGE_CURVE('',#10843,#10847,#10848,.T.);
#8865=EDGE_CURVE('',#10823,#10847,#10849,.T.);
#8866=FILL_AREA_STYLE('',(#10850));
#8867=EDGE_CURVE('',#10847,#10817,#10851,.T.);
#8868=FILL_AREA_STYLE('',(#10852));
#8869=EDGE_CURVE('',#10833,#10853,#10854,.T.);
#8870=EDGE_CURVE('',#10831,#10855,#10856,.T.);
#8871=EDGE_CURVE('',#10853,#10855,#10857,.T.);
#8872=FILL_AREA_STYLE('',(#10858));
#8873=EDGE_CURVE('',#10855,#10837,#10859,.T.);
#8874=FILL_AREA_STYLE('',(#10860));
#8875=EDGE_CURVE('',#10853,#10807,#10861,.T.);
#8876=FILL_AREA_STYLE('',(#10862));
#8877=EDGE_CURVE('',#10863,#10801,#10864,.T.);
#8878=EDGE_CURVE('',#10865,#10863,#10866,.T.);
#8879=EDGE_CURVE('',#10865,#10803,#10867,.T.);
#8880=FILL_AREA_STYLE('',(#10868));
#8881=EDGE_CURVE('',#10869,#10865,#10870,.T.);
#8882=EDGE_CURVE('',#10871,#10869,#10872,.T.);
#8883=EDGE_CURVE('',#10873,#10871,#10874,.T.);
#8884=EDGE_CURVE('',#10875,#10873,#10876,.T.);
#8885=EDGE_CURVE('',#10877,#10875,#10878,.T.);
#8886=EDGE_CURVE('',#10877,#10879,#10880,.T.);
#8887=EDGE_CURVE('',#10805,#10879,#10881,.T.);
#8888=FILL_AREA_STYLE('',(#10882));
#8889=EDGE_CURVE('',#10883,#10884,#10885,.T.);
#8890=EDGE_CURVE('',#10875,#10883,#10886,.T.);
#8891=EDGE_CURVE('',#10873,#10884,#10887,.T.);
#8892=FILL_AREA_STYLE('',(#10888));
#8893=EDGE_CURVE('',#10884,#10889,#10890,.T.);
#8894=EDGE_CURVE('',#10871,#10889,#10891,.T.);
#8895=FILL_AREA_STYLE('',(#10892));
#8896=EDGE_CURVE('',#10889,#10893,#10894,.T.);
#8897=EDGE_CURVE('',#10869,#10893,#10895,.T.);
#8898=FILL_AREA_STYLE('',(#10896));
#8899=EDGE_CURVE('',#10893,#10863,#10897,.T.);
#8900=FILL_AREA_STYLE('',(#10898));
#8901=EDGE_CURVE('',#10879,#10899,#10900,.T.);
#8902=EDGE_CURVE('',#10877,#10901,#10902,.T.);
#8903=EDGE_CURVE('',#10899,#10901,#10903,.T.);
#8904=FILL_AREA_STYLE('',(#10904));
#8905=EDGE_CURVE('',#10901,#10883,#10905,.T.);
#8906=FILL_AREA_STYLE('',(#10906));
#8907=EDGE_CURVE('',#10899,#10799,#10907,.T.);
#8908=FILL_AREA_STYLE('',(#10908));
#8909=EDGE_CURVE('',#10909,#10793,#10910,.T.);
#8910=EDGE_CURVE('',#10911,#10909,#10912,.T.);
#8911=EDGE_CURVE('',#10911,#10795,#10913,.T.);
#8912=FILL_AREA_STYLE('',(#10914));
#8913=EDGE_CURVE('',#10915,#10911,#10916,.T.);
#8914=EDGE_CURVE('',#10917,#10915,#10918,.T.);
#8915=EDGE_CURVE('',#10919,#10917,#10920,.T.);
#8916=EDGE_CURVE('',#10921,#10919,#10922,.T.);
#8917=EDGE_CURVE('',#10923,#10921,#10924,.T.);
#8918=EDGE_CURVE('',#10923,#10925,#10926,.T.);
#8919=EDGE_CURVE('',#10797,#10925,#10927,.T.);
#8920=FILL_AREA_STYLE('',(#10928));
#8921=EDGE_CURVE('',#10929,#10930,#10931,.T.);
#8922=EDGE_CURVE('',#10921,#10929,#10932,.T.);
#8923=EDGE_CURVE('',#10919,#10930,#10933,.T.);
#8924=FILL_AREA_STYLE('',(#10934));
#8925=EDGE_CURVE('',#10930,#10935,#10936,.T.);
#8926=EDGE_CURVE('',#10917,#10935,#10937,.T.);
#8927=FILL_AREA_STYLE('',(#10938));
#8928=EDGE_CURVE('',#10935,#10939,#10940,.T.);
#8929=EDGE_CURVE('',#10915,#10939,#10941,.T.);
#8930=FILL_AREA_STYLE('',(#10942));
#8931=EDGE_CURVE('',#10939,#10909,#10943,.T.);
#8932=FILL_AREA_STYLE('',(#10944));
#8933=EDGE_CURVE('',#10925,#10945,#10946,.T.);
#8934=EDGE_CURVE('',#10923,#10947,#10948,.T.);
#8935=EDGE_CURVE('',#10945,#10947,#10949,.T.);
#8936=FILL_AREA_STYLE('',(#10950));
#8937=EDGE_CURVE('',#10947,#10929,#10951,.T.);
#8938=FILL_AREA_STYLE('',(#10952));
#8939=EDGE_CURVE('',#10945,#10791,#10953,.T.);
#8940=FILL_AREA_STYLE('',(#10954));
#8941=EDGE_CURVE('',#10955,#10785,#10956,.T.);
#8942=EDGE_CURVE('',#10957,#10955,#10958,.T.);
#8943=EDGE_CURVE('',#10957,#10787,#10959,.T.);
#8944=FILL_AREA_STYLE('',(#10960));
#8945=EDGE_CURVE('',#10961,#10957,#10962,.T.);
#8946=EDGE_CURVE('',#10963,#10961,#10964,.T.);
#8947=EDGE_CURVE('',#10965,#10963,#10966,.T.);
#8948=EDGE_CURVE('',#10967,#10965,#10968,.T.);
#8949=EDGE_CURVE('',#10969,#10967,#10970,.T.);
#8950=EDGE_CURVE('',#10969,#10971,#10972,.T.);
#8951=EDGE_CURVE('',#10789,#10971,#10973,.T.);
#8952=FILL_AREA_STYLE('',(#10974));
#8953=EDGE_CURVE('',#10975,#10976,#10977,.T.);
#8954=EDGE_CURVE('',#10967,#10975,#10978,.T.);
#8955=EDGE_CURVE('',#10965,#10976,#10979,.T.);
#8956=FILL_AREA_STYLE('',(#10980));
#8957=EDGE_CURVE('',#10976,#10981,#10982,.T.);
#8958=EDGE_CURVE('',#10963,#10981,#10983,.T.);
#8959=FILL_AREA_STYLE('',(#10984));
#8960=EDGE_CURVE('',#10981,#10985,#10986,.T.);
#8961=EDGE_CURVE('',#10961,#10985,#10987,.T.);
#8962=FILL_AREA_STYLE('',(#10988));
#8963=EDGE_CURVE('',#10985,#10955,#10989,.T.);
#8964=FILL_AREA_STYLE('',(#10990));
#8965=EDGE_CURVE('',#10971,#10991,#10992,.T.);
#8966=EDGE_CURVE('',#10969,#10993,#10994,.T.);
#8967=EDGE_CURVE('',#10991,#10993,#10995,.T.);
#8968=FILL_AREA_STYLE('',(#10996));
#8969=EDGE_CURVE('',#10993,#10975,#10997,.T.);
#8970=FILL_AREA_STYLE('',(#10998));
#8971=EDGE_CURVE('',#10991,#10783,#10999,.T.);
#8972=FILL_AREA_STYLE('',(#11000));
#8973=EDGE_CURVE('',#11001,#10777,#11002,.T.);
#8974=EDGE_CURVE('',#11003,#11001,#11004,.T.);
#8975=EDGE_CURVE('',#11003,#10779,#11005,.T.);
#8976=FILL_AREA_STYLE('',(#11006));
#8977=EDGE_CURVE('',#11007,#11003,#11008,.T.);
#8978=EDGE_CURVE('',#11009,#11007,#11010,.T.);
#8979=EDGE_CURVE('',#11011,#11009,#11012,.T.);
#8980=EDGE_CURVE('',#11013,#11011,#11014,.T.);
#8981=EDGE_CURVE('',#11015,#11013,#11016,.T.);
#8982=EDGE_CURVE('',#11015,#11017,#11018,.T.);
#8983=EDGE_CURVE('',#10781,#11017,#11019,.T.);
#8984=FILL_AREA_STYLE('',(#11020));
#8985=EDGE_CURVE('',#11021,#11022,#11023,.T.);
#8986=EDGE_CURVE('',#11013,#11021,#11024,.T.);
#8987=EDGE_CURVE('',#11011,#11022,#11025,.T.);
#8988=FILL_AREA_STYLE('',(#11026));
#8989=EDGE_CURVE('',#11022,#11027,#11028,.T.);
#8990=EDGE_CURVE('',#11009,#11027,#11029,.T.);
#8991=FILL_AREA_STYLE('',(#11030));
#8992=EDGE_CURVE('',#11027,#11031,#11032,.T.);
#8993=EDGE_CURVE('',#11007,#11031,#11033,.T.);
#8994=FILL_AREA_STYLE('',(#11034));
#8995=EDGE_CURVE('',#11031,#11001,#11035,.T.);
#8996=FILL_AREA_STYLE('',(#11036));
#8997=EDGE_CURVE('',#11017,#11037,#11038,.T.);
#8998=EDGE_CURVE('',#11015,#11039,#11040,.T.);
#8999=EDGE_CURVE('',#11037,#11039,#11041,.T.);
#9000=FILL_AREA_STYLE('',(#11042));
#9001=EDGE_CURVE('',#11039,#11021,#11043,.T.);
#9002=FILL_AREA_STYLE('',(#11044));
#9003=EDGE_CURVE('',#11037,#10775,#11045,.T.);
#9004=FILL_AREA_STYLE('',(#11046));
#9005=EDGE_CURVE('',#11047,#10725,#11048,.T.);
#9006=EDGE_CURVE('',#11049,#11047,#11050,.T.);
#9007=EDGE_CURVE('',#11049,#10727,#11051,.T.);
#9008=FILL_AREA_STYLE('',(#11052));
#9009=EDGE_CURVE('',#11053,#11049,#11054,.T.);
#9010=EDGE_CURVE('',#11055,#11053,#11056,.T.);
#9011=EDGE_CURVE('',#11057,#11055,#11058,.T.);
#9012=EDGE_CURVE('',#11059,#11057,#11060,.T.);
#9013=EDGE_CURVE('',#11061,#11059,#11062,.T.);
#9014=EDGE_CURVE('',#11061,#11063,#11064,.T.);
#9015=EDGE_CURVE('',#10729,#11063,#11065,.T.);
#9016=FILL_AREA_STYLE('',(#11066));
#9017=EDGE_CURVE('',#11067,#11068,#11069,.T.);
#9018=EDGE_CURVE('',#11059,#11067,#11070,.T.);
#9019=EDGE_CURVE('',#11057,#11068,#11071,.T.);
#9020=FILL_AREA_STYLE('',(#11072));
#9021=EDGE_CURVE('',#11068,#11073,#11074,.T.);
#9022=EDGE_CURVE('',#11055,#11073,#11075,.T.);
#9023=FILL_AREA_STYLE('',(#11076));
#9024=EDGE_CURVE('',#11073,#11077,#11078,.T.);
#9025=EDGE_CURVE('',#11053,#11077,#11079,.T.);
#9026=FILL_AREA_STYLE('',(#11080));
#9027=EDGE_CURVE('',#11077,#11047,#11081,.T.);
#9028=FILL_AREA_STYLE('',(#11082));
#9029=EDGE_CURVE('',#11063,#11083,#11084,.T.);
#9030=EDGE_CURVE('',#11061,#11085,#11086,.T.);
#9031=EDGE_CURVE('',#11083,#11085,#11087,.T.);
#9032=FILL_AREA_STYLE('',(#11088));
#9033=EDGE_CURVE('',#11085,#11067,#11089,.T.);
#9034=FILL_AREA_STYLE('',(#11090));
#9035=EDGE_CURVE('',#11083,#10723,#11091,.T.);
#9036=FILL_AREA_STYLE('',(#11092));
#9037=EDGE_CURVE('',#11093,#10733,#11094,.T.);
#9038=EDGE_CURVE('',#11095,#11093,#11096,.T.);
#9039=EDGE_CURVE('',#11095,#10735,#11097,.T.);
#9040=FILL_AREA_STYLE('',(#11098));
#9041=EDGE_CURVE('',#11099,#11095,#11100,.T.);
#9042=EDGE_CURVE('',#11101,#11099,#11102,.T.);
#9043=EDGE_CURVE('',#11103,#11101,#11104,.T.);
#9044=EDGE_CURVE('',#11105,#11103,#11106,.T.);
#9045=EDGE_CURVE('',#11107,#11105,#11108,.T.);
#9046=EDGE_CURVE('',#11107,#11109,#11110,.T.);
#9047=EDGE_CURVE('',#10737,#11109,#11111,.T.);
#9048=FILL_AREA_STYLE('',(#11112));
#9049=EDGE_CURVE('',#11113,#11114,#11115,.T.);
#9050=EDGE_CURVE('',#11105,#11113,#11116,.T.);
#9051=EDGE_CURVE('',#11103,#11114,#11117,.T.);
#9052=FILL_AREA_STYLE('',(#11118));
#9053=EDGE_CURVE('',#11114,#11119,#11120,.T.);
#9054=EDGE_CURVE('',#11101,#11119,#11121,.T.);
#9055=FILL_AREA_STYLE('',(#11122));
#9056=EDGE_CURVE('',#11119,#11123,#11124,.T.);
#9057=EDGE_CURVE('',#11099,#11123,#11125,.T.);
#9058=FILL_AREA_STYLE('',(#11126));
#9059=EDGE_CURVE('',#11123,#11093,#11127,.T.);
#9060=FILL_AREA_STYLE('',(#11128));
#9061=EDGE_CURVE('',#11109,#11129,#11130,.T.);
#9062=EDGE_CURVE('',#11107,#11131,#11132,.T.);
#9063=EDGE_CURVE('',#11129,#11131,#11133,.T.);
#9064=FILL_AREA_STYLE('',(#11134));
#9065=EDGE_CURVE('',#11131,#11113,#11135,.T.);
#9066=FILL_AREA_STYLE('',(#11136));
#9067=EDGE_CURVE('',#11129,#10731,#11137,.T.);
#9068=FILL_AREA_STYLE('',(#11138));
#9069=EDGE_CURVE('',#11139,#10741,#11140,.T.);
#9070=EDGE_CURVE('',#11141,#11139,#11142,.T.);
#9071=EDGE_CURVE('',#11141,#10743,#11143,.T.);
#9072=FILL_AREA_STYLE('',(#11144));
#9073=EDGE_CURVE('',#11145,#11141,#11146,.T.);
#9074=EDGE_CURVE('',#11147,#11145,#11148,.T.);
#9075=EDGE_CURVE('',#11149,#11147,#11150,.T.);
#9076=EDGE_CURVE('',#11151,#11149,#11152,.T.);
#9077=EDGE_CURVE('',#11153,#11151,#11154,.T.);
#9078=EDGE_CURVE('',#11153,#11155,#11156,.T.);
#9079=EDGE_CURVE('',#10745,#11155,#11157,.T.);
#9080=FILL_AREA_STYLE('',(#11158));
#9081=EDGE_CURVE('',#11159,#11160,#11161,.T.);
#9082=EDGE_CURVE('',#11151,#11159,#11162,.T.);
#9083=EDGE_CURVE('',#11149,#11160,#11163,.T.);
#9084=FILL_AREA_STYLE('',(#11164));
#9085=EDGE_CURVE('',#11160,#11165,#11166,.T.);
#9086=EDGE_CURVE('',#11147,#11165,#11167,.T.);
#9087=FILL_AREA_STYLE('',(#11168));
#9088=EDGE_CURVE('',#11165,#11169,#11170,.T.);
#9089=EDGE_CURVE('',#11145,#11169,#11171,.T.);
#9090=FILL_AREA_STYLE('',(#11172));
#9091=EDGE_CURVE('',#11169,#11139,#11173,.T.);
#9092=FILL_AREA_STYLE('',(#11174));
#9093=EDGE_CURVE('',#11155,#11175,#11176,.T.);
#9094=EDGE_CURVE('',#11153,#11177,#11178,.T.);
#9095=EDGE_CURVE('',#11175,#11177,#11179,.T.);
#9096=FILL_AREA_STYLE('',(#11180));
#9097=EDGE_CURVE('',#11177,#11159,#11181,.T.);
#9098=FILL_AREA_STYLE('',(#11182));
#9099=EDGE_CURVE('',#11175,#10739,#11183,.T.);
#9100=FILL_AREA_STYLE('',(#11184));
#9101=EDGE_CURVE('',#11185,#10749,#11186,.T.);
#9102=EDGE_CURVE('',#11187,#11185,#11188,.T.);
#9103=EDGE_CURVE('',#11187,#10751,#11189,.T.);
#9104=FILL_AREA_STYLE('',(#11190));
#9105=EDGE_CURVE('',#11191,#11187,#11192,.T.);
#9106=EDGE_CURVE('',#11193,#11191,#11194,.T.);
#9107=EDGE_CURVE('',#11195,#11193,#11196,.T.);
#9108=EDGE_CURVE('',#11197,#11195,#11198,.T.);
#9109=EDGE_CURVE('',#11199,#11197,#11200,.T.);
#9110=EDGE_CURVE('',#11199,#11201,#11202,.T.);
#9111=EDGE_CURVE('',#10753,#11201,#11203,.T.);
#9112=FILL_AREA_STYLE('',(#11204));
#9113=EDGE_CURVE('',#11205,#11206,#11207,.T.);
#9114=EDGE_CURVE('',#11197,#11205,#11208,.T.);
#9115=EDGE_CURVE('',#11195,#11206,#11209,.T.);
#9116=FILL_AREA_STYLE('',(#11210));
#9117=EDGE_CURVE('',#11206,#11211,#11212,.T.);
#9118=EDGE_CURVE('',#11193,#11211,#11213,.T.);
#9119=FILL_AREA_STYLE('',(#11214));
#9120=EDGE_CURVE('',#11211,#11215,#11216,.T.);
#9121=EDGE_CURVE('',#11191,#11215,#11217,.T.);
#9122=FILL_AREA_STYLE('',(#11218));
#9123=EDGE_CURVE('',#11215,#11185,#11219,.T.);
#9124=FILL_AREA_STYLE('',(#11220));
#9125=EDGE_CURVE('',#11201,#11221,#11222,.T.);
#9126=EDGE_CURVE('',#11199,#11223,#11224,.T.);
#9127=EDGE_CURVE('',#11221,#11223,#11225,.T.);
#9128=FILL_AREA_STYLE('',(#11226));
#9129=EDGE_CURVE('',#11223,#11205,#11227,.T.);
#9130=FILL_AREA_STYLE('',(#11228));
#9131=EDGE_CURVE('',#11221,#10747,#11229,.T.);
#9132=FILL_AREA_STYLE('',(#11230));
#9133=EDGE_CURVE('',#11231,#10757,#11232,.T.);
#9134=EDGE_CURVE('',#11233,#11231,#11234,.T.);
#9135=EDGE_CURVE('',#11233,#10759,#11235,.T.);
#9136=FILL_AREA_STYLE('',(#11236));
#9137=EDGE_CURVE('',#11237,#11233,#11238,.T.);
#9138=EDGE_CURVE('',#11239,#11237,#11240,.T.);
#9139=EDGE_CURVE('',#11241,#11239,#11242,.T.);
#9140=EDGE_CURVE('',#11243,#11241,#11244,.T.);
#9141=EDGE_CURVE('',#11245,#11243,#11246,.T.);
#9142=EDGE_CURVE('',#11245,#11247,#11248,.T.);
#9143=EDGE_CURVE('',#10761,#11247,#11249,.T.);
#9144=FILL_AREA_STYLE('',(#11250));
#9145=EDGE_CURVE('',#11251,#11252,#11253,.T.);
#9146=EDGE_CURVE('',#11243,#11251,#11254,.T.);
#9147=EDGE_CURVE('',#11241,#11252,#11255,.T.);
#9148=FILL_AREA_STYLE('',(#11256));
#9149=EDGE_CURVE('',#11252,#11257,#11258,.T.);
#9150=EDGE_CURVE('',#11239,#11257,#11259,.T.);
#9151=FILL_AREA_STYLE('',(#11260));
#9152=EDGE_CURVE('',#11257,#11261,#11262,.T.);
#9153=EDGE_CURVE('',#11237,#11261,#11263,.T.);
#9154=FILL_AREA_STYLE('',(#11264));
#9155=EDGE_CURVE('',#11261,#11231,#11265,.T.);
#9156=FILL_AREA_STYLE('',(#11266));
#9157=EDGE_CURVE('',#11247,#11267,#11268,.T.);
#9158=EDGE_CURVE('',#11245,#11269,#11270,.T.);
#9159=EDGE_CURVE('',#11267,#11269,#11271,.T.);
#9160=FILL_AREA_STYLE('',(#11272));
#9161=EDGE_CURVE('',#11269,#11251,#11273,.T.);
#9162=FILL_AREA_STYLE('',(#11274));
#9163=EDGE_CURVE('',#11267,#10755,#11275,.T.);
#9164=FILL_AREA_STYLE('',(#11276));
#9165=EDGE_CURVE('',#11277,#10765,#11278,.T.);
#9166=EDGE_CURVE('',#11279,#11277,#11280,.T.);
#9167=EDGE_CURVE('',#11279,#10767,#11281,.T.);
#9168=FILL_AREA_STYLE('',(#11282));
#9169=EDGE_CURVE('',#11283,#11279,#11284,.T.);
#9170=EDGE_CURVE('',#11285,#11283,#11286,.T.);
#9171=EDGE_CURVE('',#11287,#11285,#11288,.T.);
#9172=EDGE_CURVE('',#11289,#11287,#11290,.T.);
#9173=EDGE_CURVE('',#11291,#11289,#11292,.T.);
#9174=EDGE_CURVE('',#11291,#11293,#11294,.T.);
#9175=EDGE_CURVE('',#10769,#11293,#11295,.T.);
#9176=FILL_AREA_STYLE('',(#11296));
#9177=EDGE_CURVE('',#11297,#11298,#11299,.T.);
#9178=EDGE_CURVE('',#11289,#11297,#11300,.T.);
#9179=EDGE_CURVE('',#11287,#11298,#11301,.T.);
#9180=FILL_AREA_STYLE('',(#11302));
#9181=EDGE_CURVE('',#11298,#11303,#11304,.T.);
#9182=EDGE_CURVE('',#11285,#11303,#11305,.T.);
#9183=FILL_AREA_STYLE('',(#11306));
#9184=EDGE_CURVE('',#11303,#11307,#11308,.T.);
#9185=EDGE_CURVE('',#11283,#11307,#11309,.T.);
#9186=FILL_AREA_STYLE('',(#11310));
#9187=EDGE_CURVE('',#11307,#11277,#11311,.T.);
#9188=FILL_AREA_STYLE('',(#11312));
#9189=EDGE_CURVE('',#11293,#11313,#11314,.T.);
#9190=EDGE_CURVE('',#11291,#11315,#11316,.T.);
#9191=EDGE_CURVE('',#11313,#11315,#11317,.T.);
#9192=FILL_AREA_STYLE('',(#11318));
#9193=EDGE_CURVE('',#11315,#11297,#11319,.T.);
#9194=FILL_AREA_STYLE('',(#11320));
#9195=EDGE_CURVE('',#11313,#10763,#11321,.T.);
#9196=FILL_AREA_STYLE('',(#11322));
#9197=EDGE_CURVE('',#11323,#11324,#11325,.T.);
#9198=EDGE_CURVE('',#11326,#11323,#11327,.T.);
#9199=EDGE_CURVE('',#11328,#11326,#11329,.T.);
#9200=EDGE_CURVE('',#11330,#11328,#11331,.T.);
#9201=EDGE_CURVE('',#11332,#11330,#11333,.T.);
#9202=EDGE_CURVE('',#11334,#11332,#11335,.T.);
#9203=EDGE_CURVE('',#11324,#11334,#11336,.T.);
#9204=FILL_AREA_STYLE('',(#11337));
#9205=EDGE_CURVE('',#11330,#11338,#11339,.T.);
#9206=EDGE_CURVE('',#11340,#11328,#11341,.T.);
#9207=EDGE_CURVE('',#11338,#11340,#11342,.T.);
#9208=FILL_AREA_STYLE('',(#11343));
#9209=EDGE_CURVE('',#11344,#11345,#11346,.T.);
#9210=EDGE_CURVE('',#11347,#11344,#11348,.T.);
#9211=EDGE_CURVE('',#11349,#11347,#11350,.T.);
#9212=EDGE_CURVE('',#11351,#11349,#11352,.T.);
#9213=EDGE_CURVE('',#11351,#11353,#11354,.T.);
#9214=EDGE_CURVE('',#11355,#11353,#11356,.T.);
#9215=EDGE_CURVE('',#11345,#11355,#11357,.T.);
#9216=FILL_AREA_STYLE('',(#11358));
#9217=EDGE_CURVE('',#11359,#11351,#11360,.T.);
#9218=EDGE_CURVE('',#11361,#11359,#11362,.T.);
#9219=EDGE_CURVE('',#11353,#11361,#11363,.T.);
#9220=FILL_AREA_STYLE('',(#11364));
#9221=EDGE_CURVE('',#11332,#11349,#11365,.T.);
#9222=EDGE_CURVE('',#11334,#11347,#11366,.T.);
#9223=FILL_AREA_STYLE('',(#11367));
#9224=EDGE_CURVE('',#11338,#11359,#11368,.T.);
#9225=FILL_AREA_STYLE('',(#11369));
#9226=EDGE_CURVE('',#11340,#11361,#11370,.T.);
#9227=FILL_AREA_STYLE('',(#11371));
#9228=EDGE_CURVE('',#11326,#11355,#11372,.T.);
#9229=FILL_AREA_STYLE('',(#11373));
#9230=EDGE_CURVE('',#11345,#11323,#11374,.T.);
#9231=FILL_AREA_STYLE('',(#11375));
#9232=EDGE_CURVE('',#11344,#11376,#11377,.T.);
#9233=EDGE_CURVE('',#11376,#11378,#11379,.T.);
#9234=EDGE_CURVE('',#11347,#11378,#11380,.T.);
#9235=FILL_AREA_STYLE('',(#11381));
#9236=EDGE_CURVE('',#11382,#11334,#11383,.T.);
#9237=EDGE_CURVE('',#11384,#11382,#11385,.T.);
#9238=EDGE_CURVE('',#11384,#11324,#11386,.T.);
#9239=FILL_AREA_STYLE('',(#11387));
#9240=EDGE_CURVE('',#11388,#11376,#11389,.T.);
#9241=EDGE_CURVE('',#11390,#11388,#11391,.T.);
#9242=EDGE_CURVE('',#11392,#11390,#11393,.T.);
#9243=EDGE_CURVE('',#11394,#11392,#11395,.T.);
#9244=EDGE_CURVE('',#11396,#11394,#11397,.T.);
#9245=EDGE_CURVE('',#11378,#11396,#11398,.T.);
#9246=FILL_AREA_STYLE('',(#11399));
#9247=EDGE_CURVE('',#11394,#11400,#11401,.T.);
#9248=EDGE_CURVE('',#11402,#11392,#11403,.T.);
#9249=EDGE_CURVE('',#11400,#11402,#11404,.T.);
#9250=FILL_AREA_STYLE('',(#11405));
#9251=EDGE_CURVE('',#11406,#11407,#11408,.T.);
#9252=EDGE_CURVE('',#11409,#11406,#11410,.T.);
#9253=EDGE_CURVE('',#11411,#11409,#11412,.T.);
#9254=EDGE_CURVE('',#11413,#11411,#11414,.T.);
#9255=EDGE_CURVE('',#11413,#11415,#11416,.T.);
#9256=EDGE_CURVE('',#11417,#11415,#11418,.T.);
#9257=EDGE_CURVE('',#11407,#11417,#11419,.T.);
#9258=FILL_AREA_STYLE('',(#11420));
#9259=EDGE_CURVE('',#11421,#11413,#11422,.T.);
#9260=EDGE_CURVE('',#11423,#11421,#11424,.T.);
#9261=EDGE_CURVE('',#11415,#11423,#11425,.T.);
#9262=FILL_AREA_STYLE('',(#11426));
#9263=EDGE_CURVE('',#11396,#11411,#11427,.T.);
#9264=EDGE_CURVE('',#11378,#11409,#11428,.T.);
#9265=FILL_AREA_STYLE('',(#11429));
#9266=EDGE_CURVE('',#11400,#11421,#11430,.T.);
#9267=FILL_AREA_STYLE('',(#11431));
#9268=EDGE_CURVE('',#11402,#11423,#11432,.T.);
#9269=FILL_AREA_STYLE('',(#11433));
#9270=EDGE_CURVE('',#11390,#11417,#11434,.T.);
#9271=FILL_AREA_STYLE('',(#11435));
#9272=EDGE_CURVE('',#11407,#11388,#11436,.T.);
#9273=FILL_AREA_STYLE('',(#11437));
#9274=EDGE_CURVE('',#11406,#11438,#11439,.T.);
#9275=EDGE_CURVE('',#11438,#11440,#11441,.T.);
#9276=EDGE_CURVE('',#11409,#11440,#11442,.T.);
#9277=FILL_AREA_STYLE('',(#11443));
#9278=EDGE_CURVE('',#11444,#11438,#11445,.T.);
#9279=EDGE_CURVE('',#11446,#11444,#11447,.T.);
#9280=EDGE_CURVE('',#11448,#11446,#11449,.T.);
#9281=EDGE_CURVE('',#11450,#11448,#11451,.T.);
#9282=EDGE_CURVE('',#11452,#11450,#11453,.T.);
#9283=EDGE_CURVE('',#11440,#11452,#11454,.T.);
#9284=FILL_AREA_STYLE('',(#11455));
#9285=EDGE_CURVE('',#11450,#11456,#11457,.T.);
#9286=EDGE_CURVE('',#11458,#11448,#11459,.T.);
#9287=EDGE_CURVE('',#11456,#11458,#11460,.T.);
#9288=FILL_AREA_STYLE('',(#11461));
#9289=EDGE_CURVE('',#11462,#11463,#11464,.T.);
#9290=EDGE_CURVE('',#11465,#11462,#11466,.T.);
#9291=EDGE_CURVE('',#11467,#11465,#11468,.T.);
#9292=EDGE_CURVE('',#11469,#11467,#11470,.T.);
#9293=EDGE_CURVE('',#11469,#11471,#11472,.T.);
#9294=EDGE_CURVE('',#11473,#11471,#11474,.T.);
#9295=EDGE_CURVE('',#11463,#11473,#11475,.T.);
#9296=FILL_AREA_STYLE('',(#11476));
#9297=EDGE_CURVE('',#11477,#11469,#11478,.T.);
#9298=EDGE_CURVE('',#11479,#11477,#11480,.T.);
#9299=EDGE_CURVE('',#11471,#11479,#11481,.T.);
#9300=FILL_AREA_STYLE('',(#11482));
#9301=EDGE_CURVE('',#11452,#11467,#11483,.T.);
#9302=EDGE_CURVE('',#11440,#11465,#11484,.T.);
#9303=FILL_AREA_STYLE('',(#11485));
#9304=EDGE_CURVE('',#11456,#11477,#11486,.T.);
#9305=FILL_AREA_STYLE('',(#11487));
#9306=EDGE_CURVE('',#11458,#11479,#11488,.T.);
#9307=FILL_AREA_STYLE('',(#11489));
#9308=EDGE_CURVE('',#11446,#11473,#11490,.T.);
#9309=FILL_AREA_STYLE('',(#11491));
#9310=EDGE_CURVE('',#11463,#11444,#11492,.T.);
#9311=FILL_AREA_STYLE('',(#11493));
#9312=EDGE_CURVE('',#11462,#11494,#11495,.T.);
#9313=EDGE_CURVE('',#11494,#11496,#11497,.T.);
#9314=EDGE_CURVE('',#11465,#11496,#11498,.T.);
#9315=FILL_AREA_STYLE('',(#11499));
#9316=EDGE_CURVE('',#11500,#11494,#11501,.T.);
#9317=EDGE_CURVE('',#11502,#11500,#11503,.T.);
#9318=EDGE_CURVE('',#11504,#11502,#11505,.T.);
#9319=EDGE_CURVE('',#11506,#11504,#11507,.T.);
#9320=EDGE_CURVE('',#11508,#11506,#11509,.T.);
#9321=EDGE_CURVE('',#11496,#11508,#11510,.T.);
#9322=FILL_AREA_STYLE('',(#11511));
#9323=EDGE_CURVE('',#11506,#11512,#11513,.T.);
#9324=EDGE_CURVE('',#11514,#11504,#11515,.T.);
#9325=EDGE_CURVE('',#11512,#11514,#11516,.T.);
#9326=FILL_AREA_STYLE('',(#11517));
#9327=EDGE_CURVE('',#11518,#11519,#11520,.T.);
#9328=EDGE_CURVE('',#11521,#11518,#11522,.T.);
#9329=EDGE_CURVE('',#11523,#11521,#11524,.T.);
#9330=EDGE_CURVE('',#11525,#11523,#11526,.T.);
#9331=EDGE_CURVE('',#11525,#11527,#11528,.T.);
#9332=EDGE_CURVE('',#11529,#11527,#11530,.T.);
#9333=EDGE_CURVE('',#11519,#11529,#11531,.T.);
#9334=FILL_AREA_STYLE('',(#11532));
#9335=EDGE_CURVE('',#11533,#11525,#11534,.T.);
#9336=EDGE_CURVE('',#11535,#11533,#11536,.T.);
#9337=EDGE_CURVE('',#11527,#11535,#11537,.T.);
#9338=FILL_AREA_STYLE('',(#11538));
#9339=EDGE_CURVE('',#11508,#11523,#11539,.T.);
#9340=EDGE_CURVE('',#11496,#11521,#11540,.T.);
#9341=FILL_AREA_STYLE('',(#11541));
#9342=EDGE_CURVE('',#11512,#11533,#11542,.T.);
#9343=FILL_AREA_STYLE('',(#11543));
#9344=EDGE_CURVE('',#11514,#11535,#11544,.T.);
#9345=FILL_AREA_STYLE('',(#11545));
#9346=EDGE_CURVE('',#11502,#11529,#11546,.T.);
#9347=FILL_AREA_STYLE('',(#11547));
#9348=EDGE_CURVE('',#11519,#11500,#11548,.T.);
#9349=FILL_AREA_STYLE('',(#11549));
#9350=EDGE_CURVE('',#11518,#11550,#11551,.T.);
#9351=EDGE_CURVE('',#11550,#11552,#11553,.T.);
#9352=EDGE_CURVE('',#11521,#11552,#11554,.T.);
#9353=FILL_AREA_STYLE('',(#11555));
#9354=EDGE_CURVE('',#11556,#11550,#11557,.T.);
#9355=EDGE_CURVE('',#11558,#11556,#11559,.T.);
#9356=EDGE_CURVE('',#11560,#11558,#11561,.T.);
#9357=EDGE_CURVE('',#11562,#11560,#11563,.T.);
#9358=EDGE_CURVE('',#11564,#11562,#11565,.T.);
#9359=EDGE_CURVE('',#11552,#11564,#11566,.T.);
#9360=FILL_AREA_STYLE('',(#11567));
#9361=EDGE_CURVE('',#11562,#11568,#11569,.T.);
#9362=EDGE_CURVE('',#11570,#11560,#11571,.T.);
#9363=EDGE_CURVE('',#11568,#11570,#11572,.T.);
#9364=FILL_AREA_STYLE('',(#11573));
#9365=EDGE_CURVE('',#11574,#11575,#11576,.T.);
#9366=EDGE_CURVE('',#11577,#11574,#11578,.T.);
#9367=EDGE_CURVE('',#11579,#11577,#11580,.T.);
#9368=EDGE_CURVE('',#11581,#11579,#11582,.T.);
#9369=EDGE_CURVE('',#11581,#11583,#11584,.T.);
#9370=EDGE_CURVE('',#11585,#11583,#11586,.T.);
#9371=EDGE_CURVE('',#11575,#11585,#11587,.T.);
#9372=FILL_AREA_STYLE('',(#11588));
#9373=EDGE_CURVE('',#11589,#11581,#11590,.T.);
#9374=EDGE_CURVE('',#11591,#11589,#11592,.T.);
#9375=EDGE_CURVE('',#11583,#11591,#11593,.T.);
#9376=FILL_AREA_STYLE('',(#11594));
#9377=EDGE_CURVE('',#11564,#11579,#11595,.T.);
#9378=EDGE_CURVE('',#11552,#11577,#11596,.T.);
#9379=FILL_AREA_STYLE('',(#11597));
#9380=EDGE_CURVE('',#11568,#11589,#11598,.T.);
#9381=FILL_AREA_STYLE('',(#11599));
#9382=EDGE_CURVE('',#11570,#11591,#11600,.T.);
#9383=FILL_AREA_STYLE('',(#11601));
#9384=EDGE_CURVE('',#11558,#11585,#11602,.T.);
#9385=FILL_AREA_STYLE('',(#11603));
#9386=EDGE_CURVE('',#11575,#11556,#11604,.T.);
#9387=FILL_AREA_STYLE('',(#11605));
#9388=EDGE_CURVE('',#11574,#11606,#11607,.T.);
#9389=EDGE_CURVE('',#11606,#11608,#11609,.T.);
#9390=EDGE_CURVE('',#11577,#11608,#11610,.T.);
#9391=FILL_AREA_STYLE('',(#11611));
#9392=EDGE_CURVE('',#11612,#11613,#11614,.T.);
#9393=EDGE_CURVE('',#11615,#11612,#11616,.T.);
#9394=EDGE_CURVE('',#11617,#11615,#11618,.T.);
#9395=EDGE_CURVE('',#11617,#11619,#11620,.T.);
#9396=EDGE_CURVE('',#11621,#11619,#11622,.T.);
#9397=EDGE_CURVE('',#11623,#11621,#11624,.T.);
#9398=EDGE_CURVE('',#11613,#11623,#11625,.T.);
#9399=FILL_AREA_STYLE('',(#11626));
#9400=EDGE_CURVE('',#11627,#11628,#11629,.T.);
#9401=EDGE_CURVE('',#11627,#11630,#11631,.T.);
#9402=EDGE_CURVE('',#11632,#11630,#11633,.T.);
#9403=EDGE_CURVE('',#11628,#11632,#11634,.T.);
#9404=FILL_AREA_STYLE('',(#11635));
#9405=EDGE_CURVE('',#11636,#11606,#11637,.T.);
#9406=EDGE_CURVE('',#11638,#11636,#11639,.T.);
#9407=EDGE_CURVE('',#11630,#11638,#11640,.T.);
#9408=EDGE_CURVE('',#11641,#11627,#11642,.T.);
#9409=EDGE_CURVE('',#11608,#11641,#11643,.T.);
#9410=FILL_AREA_STYLE('',(#11644));
#9411=EDGE_CURVE('',#11645,#11617,#11646,.T.);
#9412=EDGE_CURVE('',#11647,#11645,#11648,.T.);
#9413=EDGE_CURVE('',#11619,#11647,#11649,.T.);
#9414=FILL_AREA_STYLE('',(#11650));
#9415=EDGE_CURVE('',#11641,#11615,#11651,.T.);
#9416=EDGE_CURVE('',#11608,#11612,#11652,.T.);
#9417=FILL_AREA_STYLE('',(#11653));
#9418=EDGE_CURVE('',#11628,#11645,#11654,.T.);
#9419=FILL_AREA_STYLE('',(#11655));
#9420=EDGE_CURVE('',#11632,#11647,#11656,.T.);
#9421=FILL_AREA_STYLE('',(#11657));
#9422=EDGE_CURVE('',#11638,#11621,#11658,.T.);
#9423=FILL_AREA_STYLE('',(#11659));
#9424=EDGE_CURVE('',#11623,#11636,#11660,.T.);
#9425=FILL_AREA_STYLE('',(#11661));
#9426=EDGE_CURVE('',#11613,#11662,#11663,.T.);
#9427=EDGE_CURVE('',#11662,#11664,#11665,.T.);
#9428=EDGE_CURVE('',#11612,#11664,#11666,.T.);
#9429=FILL_AREA_STYLE('',(#11667));
#9430=EDGE_CURVE('',#11668,#11669,#11670,.T.);
#9431=EDGE_CURVE('',#11668,#11671,#11672,.T.);
#9432=EDGE_CURVE('',#11673,#11671,#11674,.T.);
#9433=EDGE_CURVE('',#11669,#11673,#11675,.T.);
#9434=FILL_AREA_STYLE('',(#11676));
#9435=EDGE_CURVE('',#11677,#11678,#11679,.T.);
#9436=EDGE_CURVE('',#11677,#11680,#11681,.T.);
#9437=EDGE_CURVE('',#11680,#11682,#11683,.T.);
#9438=EDGE_CURVE('',#11682,#11684,#11685,.T.);
#9439=EDGE_CURVE('',#11686,#11684,#11687,.T.);
#9440=EDGE_CURVE('',#11686,#11673,#11688,.T.);
#9441=EDGE_CURVE('',#11671,#11678,#11689,.T.);
#9442=FILL_AREA_STYLE('',(#11690));
#9443=EDGE_CURVE('',#11691,#11677,#11692,.T.);
#9444=EDGE_CURVE('',#11693,#11691,#11694,.T.);
#9445=EDGE_CURVE('',#11693,#11680,#11695,.T.);
#9446=FILL_AREA_STYLE('',(#11696));
#9447=EDGE_CURVE('',#11697,#11693,#11698,.T.);
#9448=EDGE_CURVE('',#11697,#11682,#11699,.T.);
#9449=FILL_AREA_STYLE('',(#11700));
#9450=EDGE_CURVE('',#11701,#11697,#11702,.T.);
#9451=EDGE_CURVE('',#11684,#11701,#11703,.T.);
#9452=FILL_AREA_STYLE('',(#11704));
#9453=EDGE_CURVE('',#11678,#11705,#11706,.T.);
#9454=EDGE_CURVE('',#11705,#11707,#11708,.T.);
#9455=EDGE_CURVE('',#11707,#11709,#11710,.T.);
#9456=EDGE_CURVE('',#11709,#11711,#11712,.T.);
#9457=EDGE_CURVE('',#11713,#11711,#11714,.T.);
#9458=EDGE_CURVE('',#11691,#11713,#11715,.T.);
#9459=FILL_AREA_STYLE('',(#11716));
#9460=EDGE_CURVE('',#11382,#11668,#11717,.T.);
#9461=EDGE_CURVE('',#11669,#11718,#11719,.T.);
#9462=EDGE_CURVE('',#11718,#11720,#11721,.T.);
#9463=EDGE_CURVE('',#11720,#11722,#11723,.T.);
#9464=EDGE_CURVE('',#11724,#11722,#11725,.T.);
#9465=EDGE_CURVE('',#11724,#11726,#11727,.T.);
#9466=EDGE_CURVE('',#11728,#11726,#11729,.T.);
#9467=EDGE_CURVE('',#11728,#11730,#11731,.T.);
#9468=EDGE_CURVE('',#11730,#11732,#11733,.T.);
#9469=EDGE_CURVE('',#11732,#11734,#11735,.T.);
#9470=EDGE_CURVE('',#11734,#11736,#11737,.T.);
#9471=EDGE_CURVE('',#11736,#11738,#11739,.T.);
#9472=EDGE_CURVE('',#11738,#11740,#11741,.T.);
#9473=EDGE_CURVE('',#11384,#11740,#11742,.T.);
#9474=FILL_AREA_STYLE('',(#11743));
#9475=EDGE_CURVE('',#11707,#11744,#11745,.T.);
#9476=EDGE_CURVE('',#11744,#11746,#11747,.T.);
#9477=EDGE_CURVE('',#11709,#11746,#11748,.T.);
#9478=FILL_AREA_STYLE('',(#11749));
#9479=EDGE_CURVE('',#11746,#11750,#11751,.T.);
#9480=EDGE_CURVE('',#11744,#11752,#11753,.T.);
#9481=EDGE_CURVE('',#11752,#11750,#11754,.T.);
#9482=FILL_AREA_STYLE('',(#11755));
#9483=EDGE_CURVE('',#11750,#11756,#11757,.T.);
#9484=EDGE_CURVE('',#11752,#11758,#11759,.T.);
#9485=EDGE_CURVE('',#11756,#11758,#11760,.T.);
#9486=FILL_AREA_STYLE('',(#11761));
#9487=EDGE_CURVE('',#11762,#11763,#11764,.T.);
#9488=EDGE_CURVE('',#11765,#11762,#11766,.T.);
#9489=EDGE_CURVE('',#11767,#11765,#11768,.T.);
#9490=EDGE_CURVE('',#11767,#11763,#11769,.T.);
#9491=FILL_AREA_STYLE('',(#11770));
#9492=EDGE_CURVE('',#11705,#11767,#11771,.T.);
#9493=EDGE_CURVE('',#11765,#11772,#11773,.T.);
#9494=EDGE_CURVE('',#11758,#11772,#11774,.T.);
#9495=FILL_AREA_STYLE('',(#11775));
#9496=EDGE_CURVE('',#11664,#11763,#11776,.T.);
#9497=EDGE_CURVE('',#11777,#11662,#11778,.T.);
#9498=EDGE_CURVE('',#11779,#11777,#11780,.T.);
#9499=EDGE_CURVE('',#11781,#11779,#11782,.T.);
#9500=EDGE_CURVE('',#11783,#11781,#11784,.T.);
#9501=EDGE_CURVE('',#11785,#11783,#11786,.T.);
#9502=EDGE_CURVE('',#11787,#11785,#11788,.T.);
#9503=EDGE_CURVE('',#11789,#11787,#11790,.T.);
#9504=EDGE_CURVE('',#11791,#11789,#11792,.T.);
#9505=EDGE_CURVE('',#11793,#11791,#11794,.T.);
#9506=EDGE_CURVE('',#11795,#11793,#11796,.T.);
#9507=EDGE_CURVE('',#11797,#11795,#11798,.T.);
#9508=EDGE_CURVE('',#11799,#11797,#11800,.T.);
#9509=EDGE_CURVE('',#11799,#11762,#11801,.T.);
#9510=FILL_AREA_STYLE('',(#11802));
#9511=EDGE_CURVE('',#11803,#11756,#11804,.T.);
#9512=EDGE_CURVE('',#10773,#11803,#11805,.T.);
#9513=EDGE_CURVE('',#11711,#10771,#11806,.T.);
#9514=FILL_AREA_STYLE('',(#11807));
#9515=EDGE_CURVE('',#11808,#11701,#11809,.T.);
#9516=EDGE_CURVE('',#11808,#11803,#11810,.T.);
#9517=EDGE_CURVE('',#11686,#11772,#11811,.T.);
#9518=FILL_AREA_STYLE('',(#11812));
#9519=EDGE_CURVE('',#11813,#11814,#11815,.T.);
#9520=EDGE_CURVE('',#11816,#11813,#11817,.T.);
#9521=EDGE_CURVE('',#11818,#11816,#11819,.T.);
#9522=EDGE_CURVE('',#11814,#11818,#11820,.T.);
#9523=FILL_AREA_STYLE('',(#11821));
#9524=EDGE_CURVE('',#11814,#11822,#11823,.T.);
#9525=EDGE_CURVE('',#11824,#11818,#11825,.T.);
#9526=EDGE_CURVE('',#11824,#11822,#11826,.T.);
#9527=FILL_AREA_STYLE('',(#11827));
#9528=EDGE_CURVE('',#11822,#11828,#11829,.T.);
#9529=EDGE_CURVE('',#11830,#11824,#11831,.T.);
#9530=EDGE_CURVE('',#11828,#11830,#11832,.T.);
#9531=FILL_AREA_STYLE('',(#11833));
#9532=EDGE_CURVE('',#11732,#11828,#11834,.T.);
#9533=EDGE_CURVE('',#11730,#11787,#11835,.T.);
#9534=EDGE_CURVE('',#11836,#11785,#11837,.T.);
#9535=EDGE_CURVE('',#11836,#11838,#11839,.T.);
#9536=EDGE_CURVE('',#11838,#11840,#11841,.T.);
#9537=EDGE_CURVE('',#11840,#11842,#11843,.T.);
#9538=EDGE_CURVE('',#11844,#11842,#11845,.T.);
#9539=EDGE_CURVE('',#11844,#11846,#11847,.T.);
#9540=EDGE_CURVE('',#11846,#11848,#11849,.T.);
#9541=EDGE_CURVE('',#11848,#11850,#11851,.T.);
#9542=EDGE_CURVE('',#11852,#11850,#11853,.T.);
#9543=EDGE_CURVE('',#11852,#11854,#11855,.T.);
#9544=EDGE_CURVE('',#11854,#11856,#11857,.T.);
#9545=EDGE_CURVE('',#11856,#11858,#11859,.T.);
#9546=EDGE_CURVE('',#11860,#11858,#11861,.T.);
#9547=EDGE_CURVE('',#11860,#11862,#11863,.T.);
#9548=EDGE_CURVE('',#11862,#11864,#11865,.T.);
#9549=EDGE_CURVE('',#11864,#11866,#11867,.T.);
#9550=EDGE_CURVE('',#11868,#11866,#11869,.T.);
#9551=EDGE_CURVE('',#11868,#11870,#11871,.T.);
#9552=EDGE_CURVE('',#11870,#11872,#11873,.T.);
#9553=EDGE_CURVE('',#11872,#11874,#11875,.T.);
#9554=EDGE_CURVE('',#11876,#11874,#11877,.T.);
#9555=EDGE_CURVE('',#11876,#11878,#11879,.T.);
#9556=EDGE_CURVE('',#11878,#11880,#11881,.T.);
#9557=EDGE_CURVE('',#11880,#11882,#11883,.T.);
#9558=EDGE_CURVE('',#11813,#11882,#11884,.T.);
#9559=FILL_AREA_STYLE('',(#11885));
#9560=EDGE_CURVE('',#11734,#11830,#11886,.T.);
#9561=FILL_AREA_STYLE('',(#11887));
#9562=EDGE_CURVE('',#11736,#11824,#11888,.T.);
#9563=FILL_AREA_STYLE('',(#11889));
#9564=EDGE_CURVE('',#11890,#11876,#11891,.T.);
#9565=EDGE_CURVE('',#11892,#11890,#11893,.T.);
#9566=EDGE_CURVE('',#11878,#11892,#11894,.T.);
#9567=FILL_AREA_STYLE('',(#11895));
#9568=EDGE_CURVE('',#11896,#11892,#11897,.T.);
#9569=EDGE_CURVE('',#11896,#11880,#11898,.T.);
#9570=FILL_AREA_STYLE('',(#11899));
#9571=EDGE_CURVE('',#11900,#11896,#11901,.T.);
#9572=EDGE_CURVE('',#11882,#11900,#11902,.T.);
#9573=FILL_AREA_STYLE('',(#11903));
#9574=EDGE_CURVE('',#11816,#11900,#11904,.T.);
#9575=FILL_AREA_STYLE('',(#11905));
#9576=EDGE_CURVE('',#11818,#11896,#11906,.T.);
#9577=FILL_AREA_STYLE('',(#11907));
#9578=EDGE_CURVE('',#11908,#11868,#11909,.T.);
#9579=EDGE_CURVE('',#11910,#11908,#11911,.T.);
#9580=EDGE_CURVE('',#11870,#11910,#11912,.T.);
#9581=FILL_AREA_STYLE('',(#11913));
#9582=EDGE_CURVE('',#11914,#11910,#11915,.T.);
#9583=EDGE_CURVE('',#11914,#11872,#11916,.T.);
#9584=FILL_AREA_STYLE('',(#11917));
#9585=EDGE_CURVE('',#11918,#11914,#11919,.T.);
#9586=EDGE_CURVE('',#11874,#11918,#11920,.T.);
#9587=FILL_AREA_STYLE('',(#11921));
#9588=EDGE_CURVE('',#11890,#11918,#11922,.T.);
#9589=FILL_AREA_STYLE('',(#11923));
#9590=EDGE_CURVE('',#11892,#11914,#11924,.T.);
#9591=FILL_AREA_STYLE('',(#11925));
#9592=EDGE_CURVE('',#11926,#11860,#11927,.T.);
#9593=EDGE_CURVE('',#11928,#11926,#11929,.T.);
#9594=EDGE_CURVE('',#11862,#11928,#11930,.T.);
#9595=FILL_AREA_STYLE('',(#11931));
#9596=EDGE_CURVE('',#11932,#11928,#11933,.T.);
#9597=EDGE_CURVE('',#11932,#11864,#11934,.T.);
#9598=FILL_AREA_STYLE('',(#11935));
#9599=EDGE_CURVE('',#11936,#11932,#11937,.T.);
#9600=EDGE_CURVE('',#11866,#11936,#11938,.T.);
#9601=FILL_AREA_STYLE('',(#11939));
#9602=EDGE_CURVE('',#11908,#11936,#11940,.T.);
#9603=FILL_AREA_STYLE('',(#11941));
#9604=EDGE_CURVE('',#11910,#11932,#11942,.T.);
#9605=FILL_AREA_STYLE('',(#11943));
#9606=EDGE_CURVE('',#11944,#11852,#11945,.T.);
#9607=EDGE_CURVE('',#11946,#11944,#11947,.T.);
#9608=EDGE_CURVE('',#11854,#11946,#11948,.T.);
#9609=FILL_AREA_STYLE('',(#11949));
#9610=EDGE_CURVE('',#11950,#11946,#11951,.T.);
#9611=EDGE_CURVE('',#11950,#11856,#11952,.T.);
#9612=FILL_AREA_STYLE('',(#11953));
#9613=EDGE_CURVE('',#11954,#11950,#11955,.T.);
#9614=EDGE_CURVE('',#11858,#11954,#11956,.T.);
#9615=FILL_AREA_STYLE('',(#11957));
#9616=EDGE_CURVE('',#11926,#11954,#11958,.T.);
#9617=FILL_AREA_STYLE('',(#11959));
#9618=EDGE_CURVE('',#11928,#11950,#11960,.T.);
#9619=FILL_AREA_STYLE('',(#11961));
#9620=EDGE_CURVE('',#11962,#11844,#11963,.T.);
#9621=EDGE_CURVE('',#11964,#11962,#11965,.T.);
#9622=EDGE_CURVE('',#11846,#11964,#11966,.T.);
#9623=FILL_AREA_STYLE('',(#11967));
#9624=EDGE_CURVE('',#11968,#11964,#11969,.T.);
#9625=EDGE_CURVE('',#11968,#11848,#11970,.T.);
#9626=FILL_AREA_STYLE('',(#11971));
#9627=EDGE_CURVE('',#11972,#11968,#11973,.T.);
#9628=EDGE_CURVE('',#11850,#11972,#11974,.T.);
#9629=FILL_AREA_STYLE('',(#11975));
#9630=EDGE_CURVE('',#11944,#11972,#11976,.T.);
#9631=FILL_AREA_STYLE('',(#11977));
#9632=EDGE_CURVE('',#11946,#11968,#11978,.T.);
#9633=FILL_AREA_STYLE('',(#11979));
#9634=EDGE_CURVE('',#11980,#11836,#11981,.T.);
#9635=EDGE_CURVE('',#11982,#11980,#11983,.T.);
#9636=EDGE_CURVE('',#11838,#11982,#11984,.T.);
#9637=FILL_AREA_STYLE('',(#11985));
#9638=EDGE_CURVE('',#11986,#11982,#11987,.T.);
#9639=EDGE_CURVE('',#11986,#11840,#11988,.T.);
#9640=FILL_AREA_STYLE('',(#11989));
#9641=EDGE_CURVE('',#11990,#11986,#11991,.T.);
#9642=EDGE_CURVE('',#11842,#11990,#11992,.T.);
#9643=FILL_AREA_STYLE('',(#11993));
#9644=EDGE_CURVE('',#11962,#11990,#11994,.T.);
#9645=FILL_AREA_STYLE('',(#11995));
#9646=EDGE_CURVE('',#11964,#11986,#11996,.T.);
#9647=FILL_AREA_STYLE('',(#11997));
#9648=EDGE_CURVE('',#10721,#11713,#11998,.T.);
#9649=FILL_AREA_STYLE('',(#11999));
#9650=EDGE_CURVE('',#11808,#10719,#12000,.T.);
#9651=FILL_AREA_STYLE('',(#12001));
#9652=EDGE_CURVE('',#11718,#11799,#12002,.T.);
#9653=FILL_AREA_STYLE('',(#12003));
#9654=EDGE_CURVE('',#11720,#11797,#12004,.T.);
#9655=FILL_AREA_STYLE('',(#12005));
#9656=EDGE_CURVE('',#11722,#11795,#12006,.T.);
#9657=FILL_AREA_STYLE('',(#12007));
#9658=EDGE_CURVE('',#11724,#11793,#12008,.T.);
#9659=FILL_AREA_STYLE('',(#12009));
#9660=EDGE_CURVE('',#11726,#11791,#12010,.T.);
#9661=FILL_AREA_STYLE('',(#12011));
#9662=EDGE_CURVE('',#11728,#11789,#12012,.T.);
#9663=FILL_AREA_STYLE('',(#12013));
#9664=FILL_AREA_STYLE('',(#12014));
#9665=EDGE_CURVE('',#11980,#11783,#12015,.T.);
#9666=FILL_AREA_STYLE('',(#12016));
#9667=EDGE_CURVE('',#11982,#11781,#12017,.T.);
#9668=FILL_AREA_STYLE('',(#12018));
#9669=EDGE_CURVE('',#11738,#11779,#12019,.T.);
#9670=FILL_AREA_STYLE('',(#12020));
#9671=EDGE_CURVE('',#11740,#11777,#12021,.T.);
#9672=FILL_AREA_STYLE('',(#12022));
#9673=FILL_AREA_STYLE('',(#12023));
#9674=FILL_AREA_STYLE('',(#12024));
#9675=FILL_AREA_STYLE_COLOUR('',#12025);
#9676=VERTEX_POINT('',#12026);
#9677=VERTEX_POINT('',#12027);
#9678=LINE('',#12028,#12029);
#9679=VERTEX_POINT('',#12030);
#9680=CIRCLE('',#12031,0.6);
#9681=VERTEX_POINT('',#12032);
#9682=LINE('',#12033,#12034);
#9683=CIRCLE('',#12035,0.6);
#9684=FILL_AREA_STYLE_COLOUR('',#12036);
#9685=VERTEX_POINT('',#12037);
#9686=LINE('',#12038,#12039);
#9687=VERTEX_POINT('',#12040);
#9688=LINE('',#12041,#12042);
#9689=CIRCLE('',#12043,1.0);
#9690=FILL_AREA_STYLE_COLOUR('',#12044);
#9691=VERTEX_POINT('',#12045);
#9692=VERTEX_POINT('',#12046);
#9693=LINE('',#12047,#12048);
#9694=VERTEX_POINT('',#12049);
#9695=CIRCLE('',#12050,0.6);
#9696=VERTEX_POINT('',#12051);
#9697=LINE('',#12052,#12053);
#9698=CIRCLE('',#12054,0.6);
#9699=FILL_AREA_STYLE_COLOUR('',#12055);
#9700=VERTEX_POINT('',#12056);
#9701=LINE('',#12057,#12058);
#9702=VERTEX_POINT('',#12059);
#9703=LINE('',#12060,#12061);
#9704=CIRCLE('',#12062,1.0);
#9705=FILL_AREA_STYLE_COLOUR('',#12063);
#9706=VERTEX_POINT('',#12064);
#9707=VERTEX_POINT('',#12065);
#9708=LINE('',#12066,#12067);
#9709=VERTEX_POINT('',#12068);
#9710=CIRCLE('',#12069,0.6);
#9711=VERTEX_POINT('',#12070);
#9712=LINE('',#12071,#12072);
#9713=CIRCLE('',#12073,0.6);
#9714=FILL_AREA_STYLE_COLOUR('',#12074);
#9715=VERTEX_POINT('',#12075);
#9716=LINE('',#12076,#12077);
#9717=VERTEX_POINT('',#12078);
#9718=LINE('',#12079,#12080);
#9719=CIRCLE('',#12081,1.0);
#9720=FILL_AREA_STYLE_COLOUR('',#12082);
#9721=VERTEX_POINT('',#12083);
#9722=VERTEX_POINT('',#12084);
#9723=LINE('',#12085,#12086);
#9724=VERTEX_POINT('',#12087);
#9725=CIRCLE('',#12088,0.6);
#9726=VERTEX_POINT('',#12089);
#9727=LINE('',#12090,#12091);
#9728=CIRCLE('',#12092,0.6);
#9729=FILL_AREA_STYLE_COLOUR('',#12093);
#9730=VERTEX_POINT('',#12094);
#9731=LINE('',#12095,#12096);
#9732=VERTEX_POINT('',#12097);
#9733=LINE('',#12098,#12099);
#9734=CIRCLE('',#12100,1.0);
#9735=FILL_AREA_STYLE_COLOUR('',#12101);
#9736=VERTEX_POINT('',#12102);
#9737=VERTEX_POINT('',#12103);
#9738=LINE('',#12104,#12105);
#9739=VERTEX_POINT('',#12106);
#9740=CIRCLE('',#12107,0.6);
#9741=VERTEX_POINT('',#12108);
#9742=LINE('',#12109,#12110);
#9743=CIRCLE('',#12111,0.6);
#9744=FILL_AREA_STYLE_COLOUR('',#12112);
#9745=VERTEX_POINT('',#12113);
#9746=LINE('',#12114,#12115);
#9747=VERTEX_POINT('',#12116);
#9748=LINE('',#12117,#12118);
#9749=CIRCLE('',#12119,1.0);
#9750=FILL_AREA_STYLE_COLOUR('',#12120);
#9751=VERTEX_POINT('',#12121);
#9752=VERTEX_POINT('',#12122);
#9753=LINE('',#12123,#12124);
#9754=VERTEX_POINT('',#12125);
#9755=CIRCLE('',#12126,0.6);
#9756=VERTEX_POINT('',#12127);
#9757=LINE('',#12128,#12129);
#9758=CIRCLE('',#12130,0.6);
#9759=FILL_AREA_STYLE_COLOUR('',#12131);
#9760=VERTEX_POINT('',#12132);
#9761=LINE('',#12133,#12134);
#9762=VERTEX_POINT('',#12135);
#9763=LINE('',#12136,#12137);
#9764=CIRCLE('',#12138,1.0);
#9765=FILL_AREA_STYLE_COLOUR('',#12139);
#9766=VERTEX_POINT('',#12140);
#9767=VERTEX_POINT('',#12141);
#9768=LINE('',#12142,#12143);
#9769=VERTEX_POINT('',#12144);
#9770=CIRCLE('',#12145,1.65099999999998);
#9771=VERTEX_POINT('',#12146);
#9772=LINE('',#12147,#12148);
#9773=CIRCLE('',#12149,1.39699999999999);
#9774=FILL_AREA_STYLE_COLOUR('',#12150);
#9775=VERTEX_POINT('',#12151);
#9776=LINE('',#12152,#12153);
#9777=VERTEX_POINT('',#12154);
#9778=LINE('',#12155,#12156);
#9779=CIRCLE('',#12157,1.39699999999999);
#9780=FILL_AREA_STYLE_COLOUR('',#12158);
#9781=VERTEX_POINT('',#12159);
#9782=VERTEX_POINT('',#12160);
#9783=LINE('',#12161,#12162);
#9784=VERTEX_POINT('',#12163);
#9785=CIRCLE('',#12164,1.65099999999998);
#9786=VERTEX_POINT('',#12165);
#9787=LINE('',#12166,#12167);
#9788=CIRCLE('',#12168,1.39699999999999);
#9789=FILL_AREA_STYLE_COLOUR('',#12169);
#9790=VERTEX_POINT('',#12170);
#9791=LINE('',#12171,#12172);
#9792=VERTEX_POINT('',#12173);
#9793=LINE('',#12174,#12175);
#9794=CIRCLE('',#12176,1.39699999999999);
#9795=FILL_AREA_STYLE_COLOUR('',#12177);
#9796=VERTEX_POINT('',#12178);
#9797=VERTEX_POINT('',#12179);
#9798=LINE('',#12180,#12181);
#9799=VERTEX_POINT('',#12182);
#9800=CIRCLE('',#12183,1.65099999999998);
#9801=VERTEX_POINT('',#12184);
#9802=LINE('',#12185,#12186);
#9803=CIRCLE('',#12187,1.39699999999999);
#9804=FILL_AREA_STYLE_COLOUR('',#12188);
#9805=VERTEX_POINT('',#12189);
#9806=LINE('',#12190,#12191);
#9807=VERTEX_POINT('',#12192);
#9808=LINE('',#12193,#12194);
#9809=CIRCLE('',#12195,1.39699999999999);
#9810=FILL_AREA_STYLE_COLOUR('',#12196);
#9811=VERTEX_POINT('',#12197);
#9812=VERTEX_POINT('',#12198);
#9813=LINE('',#12199,#12200);
#9814=VERTEX_POINT('',#12201);
#9815=CIRCLE('',#12202,1.65099999999998);
#9816=VERTEX_POINT('',#12203);
#9817=LINE('',#12204,#12205);
#9818=CIRCLE('',#12206,1.39699999999999);
#9819=FILL_AREA_STYLE_COLOUR('',#12207);
#9820=VERTEX_POINT('',#12208);
#9821=LINE('',#12209,#12210);
#9822=VERTEX_POINT('',#12211);
#9823=LINE('',#12212,#12213);
#9824=CIRCLE('',#12214,1.39699999999999);
#9825=FILL_AREA_STYLE_COLOUR('',#12215);
#9826=VERTEX_POINT('',#12216);
#9827=VERTEX_POINT('',#12217);
#9828=LINE('',#12218,#12219);
#9829=VERTEX_POINT('',#12220);
#9830=CIRCLE('',#12221,1.65099999999998);
#9831=VERTEX_POINT('',#12222);
#9832=LINE('',#12223,#12224);
#9833=CIRCLE('',#12225,1.39699999999999);
#9834=FILL_AREA_STYLE_COLOUR('',#12226);
#9835=VERTEX_POINT('',#12227);
#9836=LINE('',#12228,#12229);
#9837=VERTEX_POINT('',#12230);
#9838=LINE('',#12231,#12232);
#9839=CIRCLE('',#12233,1.39699999999999);
#9840=FILL_AREA_STYLE_COLOUR('',#12234);
#9841=VERTEX_POINT('',#12235);
#9842=VERTEX_POINT('',#12236);
#9843=LINE('',#12237,#12238);
#9844=VERTEX_POINT('',#12239);
#9845=CIRCLE('',#12240,1.65099999999998);
#9846=VERTEX_POINT('',#12241);
#9847=LINE('',#12242,#12243);
#9848=CIRCLE('',#12244,1.39699999999999);
#9849=FILL_AREA_STYLE_COLOUR('',#12245);
#9850=VERTEX_POINT('',#12246);
#9851=LINE('',#12247,#12248);
#9852=VERTEX_POINT('',#12249);
#9853=LINE('',#12250,#12251);
#9854=CIRCLE('',#12252,1.39699999999999);
#9855=FILL_AREA_STYLE_COLOUR('',#12253);
#9856=VERTEX_POINT('',#12254);
#9857=VERTEX_POINT('',#12255);
#9858=LINE('',#12256,#12257);
#9859=VERTEX_POINT('',#12258);
#9860=CIRCLE('',#12259,1.374);
#9861=VERTEX_POINT('',#12260);
#9862=LINE('',#12261,#12262);
#9863=VERTEX_POINT('',#12263);
#9864=CIRCLE('',#12264,1.374);
#9865=VERTEX_POINT('',#12265);
#9866=LINE('',#12266,#12267);
#9867=VERTEX_POINT('',#12268);
#9868=CIRCLE('',#12269,1.374);
#9869=VERTEX_POINT('',#12270);
#9870=LINE('',#12271,#12272);
#9871=CIRCLE('',#12273,1.374);
#9872=FILL_AREA_STYLE_COLOUR('',#12274);
#9873=VERTEX_POINT('',#12275);
#9874=VERTEX_POINT('',#12276);
#9875=LINE('',#12277,#12278);
#9876=VERTEX_POINT('',#12279);
#9877=CIRCLE('',#12280,1.374);
#9878=VERTEX_POINT('',#12281);
#9879=LINE('',#12282,#12283);
#9880=VERTEX_POINT('',#12284);
#9881=CIRCLE('',#12285,1.374);
#9882=VERTEX_POINT('',#12286);
#9883=LINE('',#12287,#12288);
#9884=VERTEX_POINT('',#12289);
#9885=CIRCLE('',#12290,1.374);
#9886=VERTEX_POINT('',#12291);
#9887=LINE('',#12292,#12293);
#9888=CIRCLE('',#12294,1.374);
#9889=FILL_AREA_STYLE_COLOUR('',#12295);
#9890=VERTEX_POINT('',#12296);
#9891=VERTEX_POINT('',#12297);
#9892=LINE('',#12298,#12299);
#9893=VERTEX_POINT('',#12300);
#9894=CIRCLE('',#12301,1.374);
#9895=VERTEX_POINT('',#12302);
#9896=LINE('',#12303,#12304);
#9897=VERTEX_POINT('',#12305);
#9898=CIRCLE('',#12306,1.374);
#9899=VERTEX_POINT('',#12307);
#9900=LINE('',#12308,#12309);
#9901=VERTEX_POINT('',#12310);
#9902=CIRCLE('',#12311,1.374);
#9903=VERTEX_POINT('',#12312);
#9904=LINE('',#12313,#12314);
#9905=CIRCLE('',#12315,1.374);
#9906=FILL_AREA_STYLE_COLOUR('',#12316);
#9907=VERTEX_POINT('',#12317);
#9908=VERTEX_POINT('',#12318);
#9909=LINE('',#12319,#12320);
#9910=VERTEX_POINT('',#12321);
#9911=CIRCLE('',#12322,1.374);
#9912=VERTEX_POINT('',#12323);
#9913=LINE('',#12324,#12325);
#9914=VERTEX_POINT('',#12326);
#9915=CIRCLE('',#12327,1.374);
#9916=VERTEX_POINT('',#12328);
#9917=LINE('',#12329,#12330);
#9918=VERTEX_POINT('',#12331);
#9919=CIRCLE('',#12332,1.374);
#9920=VERTEX_POINT('',#12333);
#9921=LINE('',#12334,#12335);
#9922=CIRCLE('',#12336,1.374);
#9923=FILL_AREA_STYLE_COLOUR('',#12337);
#9924=VERTEX_POINT('',#12338);
#9925=VERTEX_POINT('',#12339);
#9926=LINE('',#12340,#12341);
#9927=VERTEX_POINT('',#12342);
#9928=CIRCLE('',#12343,1.374);
#9929=VERTEX_POINT('',#12344);
#9930=LINE('',#12345,#12346);
#9931=VERTEX_POINT('',#12347);
#9932=CIRCLE('',#12348,1.374);
#9933=VERTEX_POINT('',#12349);
#9934=LINE('',#12350,#12351);
#9935=VERTEX_POINT('',#12352);
#9936=CIRCLE('',#12353,1.374);
#9937=VERTEX_POINT('',#12354);
#9938=LINE('',#12355,#12356);
#9939=CIRCLE('',#12357,1.374);
#9940=FILL_AREA_STYLE_COLOUR('',#12358);
#9941=VERTEX_POINT('',#12359);
#9942=VERTEX_POINT('',#12360);
#9943=LINE('',#12361,#12362);
#9944=VERTEX_POINT('',#12363);
#9945=CIRCLE('',#12364,1.374);
#9946=VERTEX_POINT('',#12365);
#9947=LINE('',#12366,#12367);
#9948=VERTEX_POINT('',#12368);
#9949=CIRCLE('',#12369,1.374);
#9950=VERTEX_POINT('',#12370);
#9951=LINE('',#12371,#12372);
#9952=VERTEX_POINT('',#12373);
#9953=CIRCLE('',#12374,1.374);
#9954=VERTEX_POINT('',#12375);
#9955=LINE('',#12376,#12377);
#9956=CIRCLE('',#12378,1.374);
#9957=FILL_AREA_STYLE_COLOUR('',#12379);
#9958=VERTEX_POINT('',#12380);
#9959=CIRCLE('',#12381,1.374);
#9960=VERTEX_POINT('',#12382);
#9961=LINE('',#12383,#12384);
#9962=VERTEX_POINT('',#12385);
#9963=CIRCLE('',#12386,1.374);
#9964=VERTEX_POINT('',#12387);
#9965=LINE('',#12388,#12389);
#9966=CIRCLE('',#12390,1.374);
#9967=CIRCLE('',#12391,1.374);
#9968=FILL_AREA_STYLE_COLOUR('',#12392);
#9969=LINE('',#12393,#12394);
#9970=LINE('',#12395,#12396);
#9971=FILL_AREA_STYLE_COLOUR('',#12397);
#9972=LINE('',#12398,#12399);
#9973=FILL_AREA_STYLE_COLOUR('',#12400);
#9974=LINE('',#12401,#12402);
#9975=FILL_AREA_STYLE_COLOUR('',#12403);
#9976=FILL_AREA_STYLE_COLOUR('',#12404);
#9977=FILL_AREA_STYLE_COLOUR('',#12405);
#9978=VERTEX_POINT('',#12406);
#9979=CIRCLE('',#12407,1.374);
#9980=VERTEX_POINT('',#12408);
#9981=LINE('',#12409,#12410);
#9982=VERTEX_POINT('',#12411);
#9983=CIRCLE('',#12412,1.374);
#9984=VERTEX_POINT('',#12413);
#9985=LINE('',#12414,#12415);
#9986=CIRCLE('',#12416,1.374);
#9987=CIRCLE('',#12417,1.374);
#9988=FILL_AREA_STYLE_COLOUR('',#12418);
#9989=LINE('',#12419,#12420);
#9990=LINE('',#12421,#12422);
#9991=FILL_AREA_STYLE_COLOUR('',#12423);
#9992=LINE('',#12424,#12425);
#9993=FILL_AREA_STYLE_COLOUR('',#12426);
#9994=LINE('',#12427,#12428);
#9995=FILL_AREA_STYLE_COLOUR('',#12429);
#9996=FILL_AREA_STYLE_COLOUR('',#12430);
#9997=FILL_AREA_STYLE_COLOUR('',#12431);
#9998=VERTEX_POINT('',#12432);
#9999=CIRCLE('',#12433,1.374);
#10000=VERTEX_POINT('',#12434);
#10001=LINE('',#12435,#12436);
#10002=VERTEX_POINT('',#12437);
#10003=CIRCLE('',#12438,1.374);
#10004=VERTEX_POINT('',#12439);
#10005=LINE('',#12440,#12441);
#10006=CIRCLE('',#12442,1.374);
#10007=CIRCLE('',#12443,1.374);
#10008=FILL_AREA_STYLE_COLOUR('',#12444);
#10009=LINE('',#12445,#12446);
#10010=LINE('',#12447,#12448);
#10011=FILL_AREA_STYLE_COLOUR('',#12449);
#10012=LINE('',#12450,#12451);
#10013=FILL_AREA_STYLE_COLOUR('',#12452);
#10014=LINE('',#12453,#12454);
#10015=FILL_AREA_STYLE_COLOUR('',#12455);
#10016=FILL_AREA_STYLE_COLOUR('',#12456);
#10017=FILL_AREA_STYLE_COLOUR('',#12457);
#10018=VERTEX_POINT('',#12458);
#10019=CIRCLE('',#12459,1.374);
#10020=VERTEX_POINT('',#12460);
#10021=LINE('',#12461,#12462);
#10022=VERTEX_POINT('',#12463);
#10023=CIRCLE('',#12464,1.374);
#10024=VERTEX_POINT('',#12465);
#10025=LINE('',#12466,#12467);
#10026=CIRCLE('',#12468,1.374);
#10027=CIRCLE('',#12469,1.374);
#10028=FILL_AREA_STYLE_COLOUR('',#12470);
#10029=LINE('',#12471,#12472);
#10030=LINE('',#12473,#12474);
#10031=FILL_AREA_STYLE_COLOUR('',#12475);
#10032=LINE('',#12476,#12477);
#10033=FILL_AREA_STYLE_COLOUR('',#12478);
#10034=LINE('',#12479,#12480);
#10035=FILL_AREA_STYLE_COLOUR('',#12481);
#10036=FILL_AREA_STYLE_COLOUR('',#12482);
#10037=FILL_AREA_STYLE_COLOUR('',#12483);
#10038=VERTEX_POINT('',#12484);
#10039=CIRCLE('',#12485,1.374);
#10040=VERTEX_POINT('',#12486);
#10041=LINE('',#12487,#12488);
#10042=VERTEX_POINT('',#12489);
#10043=CIRCLE('',#12490,1.374);
#10044=VERTEX_POINT('',#12491);
#10045=LINE('',#12492,#12493);
#10046=CIRCLE('',#12494,1.374);
#10047=CIRCLE('',#12495,1.374);
#10048=FILL_AREA_STYLE_COLOUR('',#12496);
#10049=LINE('',#12497,#12498);
#10050=LINE('',#12499,#12500);
#10051=FILL_AREA_STYLE_COLOUR('',#12501);
#10052=LINE('',#12502,#12503);
#10053=FILL_AREA_STYLE_COLOUR('',#12504);
#10054=LINE('',#12505,#12506);
#10055=FILL_AREA_STYLE_COLOUR('',#12507);
#10056=FILL_AREA_STYLE_COLOUR('',#12508);
#10057=FILL_AREA_STYLE_COLOUR('',#12509);
#10058=VERTEX_POINT('',#12510);
#10059=CIRCLE('',#12511,1.374);
#10060=VERTEX_POINT('',#12512);
#10061=LINE('',#12513,#12514);
#10062=VERTEX_POINT('',#12515);
#10063=CIRCLE('',#12516,1.374);
#10064=VERTEX_POINT('',#12517);
#10065=LINE('',#12518,#12519);
#10066=CIRCLE('',#12520,1.374);
#10067=CIRCLE('',#12521,1.374);
#10068=FILL_AREA_STYLE_COLOUR('',#12522);
#10069=LINE('',#12523,#12524);
#10070=LINE('',#12525,#12526);
#10071=FILL_AREA_STYLE_COLOUR('',#12527);
#10072=LINE('',#12528,#12529);
#10073=FILL_AREA_STYLE_COLOUR('',#12530);
#10074=LINE('',#12531,#12532);
#10075=FILL_AREA_STYLE_COLOUR('',#12533);
#10076=FILL_AREA_STYLE_COLOUR('',#12534);
#10077=FILL_AREA_STYLE_COLOUR('',#12535);
#10078=CIRCLE('',#12536,1.39699999999999);
#10079=CIRCLE('',#12537,1.39699999999999);
#10080=FILL_AREA_STYLE_COLOUR('',#12538);
#10081=CIRCLE('',#12539,1.65099999999998);
#10082=FILL_AREA_STYLE_COLOUR('',#12540);
#10083=FILL_AREA_STYLE_COLOUR('',#12541);
#10084=CIRCLE('',#12542,1.39699999999999);
#10085=CIRCLE('',#12543,1.39699999999999);
#10086=FILL_AREA_STYLE_COLOUR('',#12544);
#10087=CIRCLE('',#12545,1.65099999999998);
#10088=FILL_AREA_STYLE_COLOUR('',#12546);
#10089=FILL_AREA_STYLE_COLOUR('',#12547);
#10090=CIRCLE('',#12548,1.39699999999999);
#10091=CIRCLE('',#12549,1.39699999999999);
#10092=FILL_AREA_STYLE_COLOUR('',#12550);
#10093=CIRCLE('',#12551,1.65099999999998);
#10094=FILL_AREA_STYLE_COLOUR('',#12552);
#10095=FILL_AREA_STYLE_COLOUR('',#12553);
#10096=CIRCLE('',#12554,1.39699999999999);
#10097=CIRCLE('',#12555,1.39699999999999);
#10098=FILL_AREA_STYLE_COLOUR('',#12556);
#10099=CIRCLE('',#12557,1.65099999999998);
#10100=FILL_AREA_STYLE_COLOUR('',#12558);
#10101=FILL_AREA_STYLE_COLOUR('',#12559);
#10102=CIRCLE('',#12560,1.39699999999999);
#10103=CIRCLE('',#12561,1.39699999999999);
#10104=FILL_AREA_STYLE_COLOUR('',#12562);
#10105=CIRCLE('',#12563,1.65099999999998);
#10106=FILL_AREA_STYLE_COLOUR('',#12564);
#10107=FILL_AREA_STYLE_COLOUR('',#12565);
#10108=CIRCLE('',#12566,1.39699999999999);
#10109=CIRCLE('',#12567,1.39699999999999);
#10110=FILL_AREA_STYLE_COLOUR('',#12568);
#10111=CIRCLE('',#12569,1.65099999999998);
#10112=FILL_AREA_STYLE_COLOUR('',#12570);
#10113=FILL_AREA_STYLE_COLOUR('',#12571);
#10114=CIRCLE('',#12572,1.0);
#10115=CIRCLE('',#12573,0.6);
#10116=FILL_AREA_STYLE_COLOUR('',#12574);
#10117=CIRCLE('',#12575,0.6);
#10118=FILL_AREA_STYLE_COLOUR('',#12576);
#10119=FILL_AREA_STYLE_COLOUR('',#12577);
#10120=CIRCLE('',#12578,1.0);
#10121=CIRCLE('',#12579,0.6);
#10122=FILL_AREA_STYLE_COLOUR('',#12580);
#10123=CIRCLE('',#12581,0.6);
#10124=FILL_AREA_STYLE_COLOUR('',#12582);
#10125=FILL_AREA_STYLE_COLOUR('',#12583);
#10126=CIRCLE('',#12584,1.0);
#10127=CIRCLE('',#12585,0.6);
#10128=FILL_AREA_STYLE_COLOUR('',#12586);
#10129=CIRCLE('',#12587,0.6);
#10130=FILL_AREA_STYLE_COLOUR('',#12588);
#10131=FILL_AREA_STYLE_COLOUR('',#12589);
#10132=CIRCLE('',#12590,1.0);
#10133=CIRCLE('',#12591,0.6);
#10134=FILL_AREA_STYLE_COLOUR('',#12592);
#10135=CIRCLE('',#12593,0.6);
#10136=FILL_AREA_STYLE_COLOUR('',#12594);
#10137=FILL_AREA_STYLE_COLOUR('',#12595);
#10138=CIRCLE('',#12596,1.0);
#10139=CIRCLE('',#12597,0.6);
#10140=FILL_AREA_STYLE_COLOUR('',#12598);
#10141=CIRCLE('',#12599,0.6);
#10142=FILL_AREA_STYLE_COLOUR('',#12600);
#10143=FILL_AREA_STYLE_COLOUR('',#12601);
#10144=CIRCLE('',#12602,1.0);
#10145=CIRCLE('',#12603,0.6);
#10146=FILL_AREA_STYLE_COLOUR('',#12604);
#10147=CIRCLE('',#12605,0.6);
#10148=FILL_AREA_STYLE_COLOUR('',#12606);
#10149=FILL_AREA_STYLE_COLOUR('',#12607);
#10150=VERTEX_POINT('',#12608);
#10151=VERTEX_POINT('',#12609);
#10152=LINE('',#12610,#12611);
#10153=VERTEX_POINT('',#12612);
#10154=LINE('',#12613,#12614);
#10155=VERTEX_POINT('',#12615);
#10156=LINE('',#12616,#12617);
#10157=LINE('',#12618,#12619);
#10158=FILL_AREA_STYLE_COLOUR('',#12620);
#10159=VERTEX_POINT('',#12621);
#10160=LINE('',#12622,#12623);
#10161=VERTEX_POINT('',#12624);
#10162=LINE('',#12625,#12626);
#10163=LINE('',#12627,#12628);
#10164=VERTEX_POINT('',#12629);
#10165=VERTEX_POINT('',#12630);
#10166=LINE('',#12631,#12632);
#10167=VERTEX_POINT('',#12633);
#10168=LINE('',#12634,#12635);
#10169=VERTEX_POINT('',#12636);
#10170=LINE('',#12637,#12638);
#10171=LINE('',#12639,#12640);
#10172=FILL_AREA_STYLE_COLOUR('',#12641);
#10173=VERTEX_POINT('',#12642);
#10174=LINE('',#12643,#12644);
#10175=VERTEX_POINT('',#12645);
#10176=LINE('',#12646,#12647);
#10177=LINE('',#12648,#12649);
#10178=FILL_AREA_STYLE_COLOUR('',#12650);
#10179=VERTEX_POINT('',#12651);
#10180=LINE('',#12652,#12653);
#10181=VERTEX_POINT('',#12654);
#10182=LINE('',#12655,#12656);
#10183=VERTEX_POINT('',#12657);
#10184=LINE('',#12658,#12659);
#10185=VERTEX_POINT('',#12660);
#10186=LINE('',#12661,#12662);
#10187=VERTEX_POINT('',#12663);
#10188=LINE('',#12664,#12665);
#10189=VERTEX_POINT('',#12666);
#10190=LINE('',#12667,#12668);
#10191=LINE('',#12669,#12670);
#10192=FILL_AREA_STYLE_COLOUR('',#12671);
#10193=VERTEX_POINT('',#12672);
#10194=LINE('',#12673,#12674);
#10195=LINE('',#12675,#12676);
#10196=FILL_AREA_STYLE_COLOUR('',#12677);
#10197=VERTEX_POINT('',#12678);
#10198=LINE('',#12679,#12680);
#10199=LINE('',#12681,#12682);
#10200=FILL_AREA_STYLE_COLOUR('',#12683);
#10201=VERTEX_POINT('',#12684);
#10202=LINE('',#12685,#12686);
#10203=LINE('',#12687,#12688);
#10204=FILL_AREA_STYLE_COLOUR('',#12689);
#10205=VERTEX_POINT('',#12690);
#10206=LINE('',#12691,#12692);
#10207=LINE('',#12693,#12694);
#10208=FILL_AREA_STYLE_COLOUR('',#12695);
#10209=VERTEX_POINT('',#12696);
#10210=LINE('',#12697,#12698);
#10211=LINE('',#12699,#12700);
#10212=FILL_AREA_STYLE_COLOUR('',#12701);
#10213=VERTEX_POINT('',#12702);
#10214=LINE('',#12703,#12704);
#10215=LINE('',#12705,#12706);
#10216=FILL_AREA_STYLE_COLOUR('',#12707);
#10217=LINE('',#12708,#12709);
#10218=FILL_AREA_STYLE_COLOUR('',#12710);
#10219=FILL_AREA_STYLE_COLOUR('',#12711);
#10220=VERTEX_POINT('',#12712);
#10221=LINE('',#12713,#12714);
#10222=VERTEX_POINT('',#12715);
#10223=LINE('',#12716,#12717);
#10224=LINE('',#12718,#12719);
#10225=FILL_AREA_STYLE_COLOUR('',#12720);
#10226=VERTEX_POINT('',#12721);
#10227=CIRCLE('',#12722,1.86563);
#10228=VERTEX_POINT('',#12723);
#10229=CIRCLE('',#12724,1.86563);
#10230=LINE('',#12725,#12726);
#10231=FILL_AREA_STYLE_COLOUR('',#12727);
#10232=LINE('',#12728,#12729);
#10233=LINE('',#12730,#12731);
#10234=FILL_AREA_STYLE_COLOUR('',#12732);
#10235=FILL_AREA_STYLE_COLOUR('',#12733);
#10236=VERTEX_POINT('',#12734);
#10237=VERTEX_POINT('',#12735);
#10238=LINE('',#12736,#12737);
#10239=VERTEX_POINT('',#12738);
#10240=LINE('',#12739,#12740);
#10241=VERTEX_POINT('',#12741);
#10242=LINE('',#12742,#12743);
#10243=LINE('',#12744,#12745);
#10244=FILL_AREA_STYLE_COLOUR('',#12746);
#10245=VERTEX_POINT('',#12747);
#10246=LINE('',#12748,#12749);
#10247=VERTEX_POINT('',#12750);
#10248=LINE('',#12751,#12752);
#10249=LINE('',#12753,#12754);
#10250=VERTEX_POINT('',#12755);
#10251=VERTEX_POINT('',#12756);
#10252=LINE('',#12757,#12758);
#10253=VERTEX_POINT('',#12759);
#10254=LINE('',#12760,#12761);
#10255=VERTEX_POINT('',#12762);
#10256=LINE('',#12763,#12764);
#10257=LINE('',#12765,#12766);
#10258=FILL_AREA_STYLE_COLOUR('',#12767);
#10259=VERTEX_POINT('',#12768);
#10260=LINE('',#12769,#12770);
#10261=VERTEX_POINT('',#12771);
#10262=LINE('',#12772,#12773);
#10263=LINE('',#12774,#12775);
#10264=FILL_AREA_STYLE_COLOUR('',#12776);
#10265=VERTEX_POINT('',#12777);
#10266=LINE('',#12778,#12779);
#10267=VERTEX_POINT('',#12780);
#10268=LINE('',#12781,#12782);
#10269=VERTEX_POINT('',#12783);
#10270=LINE('',#12784,#12785);
#10271=VERTEX_POINT('',#12786);
#10272=LINE('',#12787,#12788);
#10273=VERTEX_POINT('',#12789);
#10274=LINE('',#12790,#12791);
#10275=VERTEX_POINT('',#12792);
#10276=LINE('',#12793,#12794);
#10277=LINE('',#12795,#12796);
#10278=FILL_AREA_STYLE_COLOUR('',#12797);
#10279=VERTEX_POINT('',#12798);
#10280=LINE('',#12799,#12800);
#10281=LINE('',#12801,#12802);
#10282=FILL_AREA_STYLE_COLOUR('',#12803);
#10283=VERTEX_POINT('',#12804);
#10284=LINE('',#12805,#12806);
#10285=LINE('',#12807,#12808);
#10286=FILL_AREA_STYLE_COLOUR('',#12809);
#10287=VERTEX_POINT('',#12810);
#10288=LINE('',#12811,#12812);
#10289=LINE('',#12813,#12814);
#10290=FILL_AREA_STYLE_COLOUR('',#12815);
#10291=VERTEX_POINT('',#12816);
#10292=LINE('',#12817,#12818);
#10293=LINE('',#12819,#12820);
#10294=FILL_AREA_STYLE_COLOUR('',#12821);
#10295=VERTEX_POINT('',#12822);
#10296=LINE('',#12823,#12824);
#10297=LINE('',#12825,#12826);
#10298=FILL_AREA_STYLE_COLOUR('',#12827);
#10299=VERTEX_POINT('',#12828);
#10300=LINE('',#12829,#12830);
#10301=LINE('',#12831,#12832);
#10302=FILL_AREA_STYLE_COLOUR('',#12833);
#10303=LINE('',#12834,#12835);
#10304=FILL_AREA_STYLE_COLOUR('',#12836);
#10305=FILL_AREA_STYLE_COLOUR('',#12837);
#10306=VERTEX_POINT('',#12838);
#10307=LINE('',#12839,#12840);
#10308=VERTEX_POINT('',#12841);
#10309=LINE('',#12842,#12843);
#10310=LINE('',#12844,#12845);
#10311=FILL_AREA_STYLE_COLOUR('',#12846);
#10312=VERTEX_POINT('',#12847);
#10313=CIRCLE('',#12848,1.86563);
#10314=VERTEX_POINT('',#12849);
#10315=CIRCLE('',#12850,1.86563);
#10316=LINE('',#12851,#12852);
#10317=FILL_AREA_STYLE_COLOUR('',#12853);
#10318=LINE('',#12854,#12855);
#10319=LINE('',#12856,#12857);
#10320=FILL_AREA_STYLE_COLOUR('',#12858);
#10321=FILL_AREA_STYLE_COLOUR('',#12859);
#10322=VERTEX_POINT('',#12860);
#10323=VERTEX_POINT('',#12861);
#10324=LINE('',#12862,#12863);
#10325=VERTEX_POINT('',#12864);
#10326=LINE('',#12865,#12866);
#10327=VERTEX_POINT('',#12867);
#10328=LINE('',#12868,#12869);
#10329=LINE('',#12870,#12871);
#10330=FILL_AREA_STYLE_COLOUR('',#12872);
#10331=VERTEX_POINT('',#12873);
#10332=LINE('',#12874,#12875);
#10333=VERTEX_POINT('',#12876);
#10334=LINE('',#12877,#12878);
#10335=LINE('',#12879,#12880);
#10336=VERTEX_POINT('',#12881);
#10337=VERTEX_POINT('',#12882);
#10338=LINE('',#12883,#12884);
#10339=VERTEX_POINT('',#12885);
#10340=LINE('',#12886,#12887);
#10341=VERTEX_POINT('',#12888);
#10342=LINE('',#12889,#12890);
#10343=LINE('',#12891,#12892);
#10344=FILL_AREA_STYLE_COLOUR('',#12893);
#10345=VERTEX_POINT('',#12894);
#10346=LINE('',#12895,#12896);
#10347=VERTEX_POINT('',#12897);
#10348=LINE('',#12898,#12899);
#10349=LINE('',#12900,#12901);
#10350=FILL_AREA_STYLE_COLOUR('',#12902);
#10351=VERTEX_POINT('',#12903);
#10352=LINE('',#12904,#12905);
#10353=VERTEX_POINT('',#12906);
#10354=LINE('',#12907,#12908);
#10355=VERTEX_POINT('',#12909);
#10356=LINE('',#12910,#12911);
#10357=VERTEX_POINT('',#12912);
#10358=LINE('',#12913,#12914);
#10359=VERTEX_POINT('',#12915);
#10360=LINE('',#12916,#12917);
#10361=VERTEX_POINT('',#12918);
#10362=LINE('',#12919,#12920);
#10363=LINE('',#12921,#12922);
#10364=FILL_AREA_STYLE_COLOUR('',#12923);
#10365=VERTEX_POINT('',#12924);
#10366=LINE('',#12925,#12926);
#10367=LINE('',#12927,#12928);
#10368=FILL_AREA_STYLE_COLOUR('',#12929);
#10369=VERTEX_POINT('',#12930);
#10370=LINE('',#12931,#12932);
#10371=LINE('',#12933,#12934);
#10372=FILL_AREA_STYLE_COLOUR('',#12935);
#10373=VERTEX_POINT('',#12936);
#10374=LINE('',#12937,#12938);
#10375=LINE('',#12939,#12940);
#10376=FILL_AREA_STYLE_COLOUR('',#12941);
#10377=VERTEX_POINT('',#12942);
#10378=LINE('',#12943,#12944);
#10379=LINE('',#12945,#12946);
#10380=FILL_AREA_STYLE_COLOUR('',#12947);
#10381=VERTEX_POINT('',#12948);
#10382=LINE('',#12949,#12950);
#10383=LINE('',#12951,#12952);
#10384=FILL_AREA_STYLE_COLOUR('',#12953);
#10385=VERTEX_POINT('',#12954);
#10386=LINE('',#12955,#12956);
#10387=LINE('',#12957,#12958);
#10388=FILL_AREA_STYLE_COLOUR('',#12959);
#10389=LINE('',#12960,#12961);
#10390=FILL_AREA_STYLE_COLOUR('',#12962);
#10391=FILL_AREA_STYLE_COLOUR('',#12963);
#10392=VERTEX_POINT('',#12964);
#10393=LINE('',#12965,#12966);
#10394=VERTEX_POINT('',#12967);
#10395=LINE('',#12968,#12969);
#10396=LINE('',#12970,#12971);
#10397=FILL_AREA_STYLE_COLOUR('',#12972);
#10398=VERTEX_POINT('',#12973);
#10399=CIRCLE('',#12974,1.86563);
#10400=VERTEX_POINT('',#12975);
#10401=CIRCLE('',#12976,1.86563);
#10402=LINE('',#12977,#12978);
#10403=FILL_AREA_STYLE_COLOUR('',#12979);
#10404=LINE('',#12980,#12981);
#10405=LINE('',#12982,#12983);
#10406=FILL_AREA_STYLE_COLOUR('',#12984);
#10407=FILL_AREA_STYLE_COLOUR('',#12985);
#10408=VERTEX_POINT('',#12986);
#10409=VERTEX_POINT('',#12987);
#10410=LINE('',#12988,#12989);
#10411=VERTEX_POINT('',#12990);
#10412=LINE('',#12991,#12992);
#10413=VERTEX_POINT('',#12993);
#10414=LINE('',#12994,#12995);
#10415=LINE('',#12996,#12997);
#10416=FILL_AREA_STYLE_COLOUR('',#12998);
#10417=VERTEX_POINT('',#12999);
#10418=LINE('',#13000,#13001);
#10419=VERTEX_POINT('',#13002);
#10420=LINE('',#13003,#13004);
#10421=LINE('',#13005,#13006);
#10422=VERTEX_POINT('',#13007);
#10423=VERTEX_POINT('',#13008);
#10424=LINE('',#13009,#13010);
#10425=VERTEX_POINT('',#13011);
#10426=LINE('',#13012,#13013);
#10427=VERTEX_POINT('',#13014);
#10428=LINE('',#13015,#13016);
#10429=LINE('',#13017,#13018);
#10430=FILL_AREA_STYLE_COLOUR('',#13019);
#10431=VERTEX_POINT('',#13020);
#10432=LINE('',#13021,#13022);
#10433=VERTEX_POINT('',#13023);
#10434=LINE('',#13024,#13025);
#10435=LINE('',#13026,#13027);
#10436=FILL_AREA_STYLE_COLOUR('',#13028);
#10437=VERTEX_POINT('',#13029);
#10438=LINE('',#13030,#13031);
#10439=VERTEX_POINT('',#13032);
#10440=LINE('',#13033,#13034);
#10441=VERTEX_POINT('',#13035);
#10442=LINE('',#13036,#13037);
#10443=VERTEX_POINT('',#13038);
#10444=LINE('',#13039,#13040);
#10445=VERTEX_POINT('',#13041);
#10446=LINE('',#13042,#13043);
#10447=VERTEX_POINT('',#13044);
#10448=LINE('',#13045,#13046);
#10449=LINE('',#13047,#13048);
#10450=FILL_AREA_STYLE_COLOUR('',#13049);
#10451=VERTEX_POINT('',#13050);
#10452=LINE('',#13051,#13052);
#10453=LINE('',#13053,#13054);
#10454=FILL_AREA_STYLE_COLOUR('',#13055);
#10455=VERTEX_POINT('',#13056);
#10456=LINE('',#13057,#13058);
#10457=LINE('',#13059,#13060);
#10458=FILL_AREA_STYLE_COLOUR('',#13061);
#10459=VERTEX_POINT('',#13062);
#10460=LINE('',#13063,#13064);
#10461=LINE('',#13065,#13066);
#10462=FILL_AREA_STYLE_COLOUR('',#13067);
#10463=VERTEX_POINT('',#13068);
#10464=LINE('',#13069,#13070);
#10465=LINE('',#13071,#13072);
#10466=FILL_AREA_STYLE_COLOUR('',#13073);
#10467=VERTEX_POINT('',#13074);
#10468=LINE('',#13075,#13076);
#10469=LINE('',#13077,#13078);
#10470=FILL_AREA_STYLE_COLOUR('',#13079);
#10471=VERTEX_POINT('',#13080);
#10472=LINE('',#13081,#13082);
#10473=LINE('',#13083,#13084);
#10474=FILL_AREA_STYLE_COLOUR('',#13085);
#10475=LINE('',#13086,#13087);
#10476=FILL_AREA_STYLE_COLOUR('',#13088);
#10477=FILL_AREA_STYLE_COLOUR('',#13089);
#10478=VERTEX_POINT('',#13090);
#10479=LINE('',#13091,#13092);
#10480=VERTEX_POINT('',#13093);
#10481=LINE('',#13094,#13095);
#10482=LINE('',#13096,#13097);
#10483=FILL_AREA_STYLE_COLOUR('',#13098);
#10484=VERTEX_POINT('',#13099);
#10485=CIRCLE('',#13100,1.86563);
#10486=VERTEX_POINT('',#13101);
#10487=CIRCLE('',#13102,1.86563);
#10488=LINE('',#13103,#13104);
#10489=FILL_AREA_STYLE_COLOUR('',#13105);
#10490=LINE('',#13106,#13107);
#10491=LINE('',#13108,#13109);
#10492=FILL_AREA_STYLE_COLOUR('',#13110);
#10493=FILL_AREA_STYLE_COLOUR('',#13111);
#10494=VERTEX_POINT('',#13112);
#10495=VERTEX_POINT('',#13113);
#10496=LINE('',#13114,#13115);
#10497=VERTEX_POINT('',#13116);
#10498=LINE('',#13117,#13118);
#10499=VERTEX_POINT('',#13119);
#10500=LINE('',#13120,#13121);
#10501=LINE('',#13122,#13123);
#10502=FILL_AREA_STYLE_COLOUR('',#13124);
#10503=VERTEX_POINT('',#13125);
#10504=LINE('',#13126,#13127);
#10505=VERTEX_POINT('',#13128);
#10506=LINE('',#13129,#13130);
#10507=LINE('',#13131,#13132);
#10508=VERTEX_POINT('',#13133);
#10509=VERTEX_POINT('',#13134);
#10510=LINE('',#13135,#13136);
#10511=VERTEX_POINT('',#13137);
#10512=LINE('',#13138,#13139);
#10513=VERTEX_POINT('',#13140);
#10514=LINE('',#13141,#13142);
#10515=LINE('',#13143,#13144);
#10516=FILL_AREA_STYLE_COLOUR('',#13145);
#10517=VERTEX_POINT('',#13146);
#10518=LINE('',#13147,#13148);
#10519=VERTEX_POINT('',#13149);
#10520=LINE('',#13150,#13151);
#10521=LINE('',#13152,#13153);
#10522=FILL_AREA_STYLE_COLOUR('',#13154);
#10523=VERTEX_POINT('',#13155);
#10524=LINE('',#13156,#13157);
#10525=VERTEX_POINT('',#13158);
#10526=LINE('',#13159,#13160);
#10527=VERTEX_POINT('',#13161);
#10528=LINE('',#13162,#13163);
#10529=VERTEX_POINT('',#13164);
#10530=LINE('',#13165,#13166);
#10531=VERTEX_POINT('',#13167);
#10532=LINE('',#13168,#13169);
#10533=VERTEX_POINT('',#13170);
#10534=LINE('',#13171,#13172);
#10535=LINE('',#13173,#13174);
#10536=FILL_AREA_STYLE_COLOUR('',#13175);
#10537=VERTEX_POINT('',#13176);
#10538=LINE('',#13177,#13178);
#10539=LINE('',#13179,#13180);
#10540=FILL_AREA_STYLE_COLOUR('',#13181);
#10541=VERTEX_POINT('',#13182);
#10542=LINE('',#13183,#13184);
#10543=LINE('',#13185,#13186);
#10544=FILL_AREA_STYLE_COLOUR('',#13187);
#10545=VERTEX_POINT('',#13188);
#10546=LINE('',#13189,#13190);
#10547=LINE('',#13191,#13192);
#10548=FILL_AREA_STYLE_COLOUR('',#13193);
#10549=VERTEX_POINT('',#13194);
#10550=LINE('',#13195,#13196);
#10551=LINE('',#13197,#13198);
#10552=FILL_AREA_STYLE_COLOUR('',#13199);
#10553=VERTEX_POINT('',#13200);
#10554=LINE('',#13201,#13202);
#10555=LINE('',#13203,#13204);
#10556=FILL_AREA_STYLE_COLOUR('',#13205);
#10557=VERTEX_POINT('',#13206);
#10558=LINE('',#13207,#13208);
#10559=LINE('',#13209,#13210);
#10560=FILL_AREA_STYLE_COLOUR('',#13211);
#10561=LINE('',#13212,#13213);
#10562=FILL_AREA_STYLE_COLOUR('',#13214);
#10563=FILL_AREA_STYLE_COLOUR('',#13215);
#10564=VERTEX_POINT('',#13216);
#10565=LINE('',#13217,#13218);
#10566=VERTEX_POINT('',#13219);
#10567=LINE('',#13220,#13221);
#10568=LINE('',#13222,#13223);
#10569=FILL_AREA_STYLE_COLOUR('',#13224);
#10570=VERTEX_POINT('',#13225);
#10571=CIRCLE('',#13226,1.86563);
#10572=VERTEX_POINT('',#13227);
#10573=CIRCLE('',#13228,1.86563);
#10574=LINE('',#13229,#13230);
#10575=FILL_AREA_STYLE_COLOUR('',#13231);
#10576=LINE('',#13232,#13233);
#10577=LINE('',#13234,#13235);
#10578=FILL_AREA_STYLE_COLOUR('',#13236);
#10579=FILL_AREA_STYLE_COLOUR('',#13237);
#10580=VERTEX_POINT('',#13238);
#10581=VERTEX_POINT('',#13239);
#10582=LINE('',#13240,#13241);
#10583=VERTEX_POINT('',#13242);
#10584=LINE('',#13243,#13244);
#10585=VERTEX_POINT('',#13245);
#10586=LINE('',#13246,#13247);
#10587=LINE('',#13248,#13249);
#10588=FILL_AREA_STYLE_COLOUR('',#13250);
#10589=VERTEX_POINT('',#13251);
#10590=LINE('',#13252,#13253);
#10591=VERTEX_POINT('',#13254);
#10592=LINE('',#13255,#13256);
#10593=LINE('',#13257,#13258);
#10594=VERTEX_POINT('',#13259);
#10595=VERTEX_POINT('',#13260);
#10596=LINE('',#13261,#13262);
#10597=VERTEX_POINT('',#13263);
#10598=LINE('',#13264,#13265);
#10599=VERTEX_POINT('',#13266);
#10600=LINE('',#13267,#13268);
#10601=LINE('',#13269,#13270);
#10602=FILL_AREA_STYLE_COLOUR('',#13271);
#10603=VERTEX_POINT('',#13272);
#10604=LINE('',#13273,#13274);
#10605=VERTEX_POINT('',#13275);
#10606=LINE('',#13276,#13277);
#10607=LINE('',#13278,#13279);
#10608=FILL_AREA_STYLE_COLOUR('',#13280);
#10609=VERTEX_POINT('',#13281);
#10610=LINE('',#13282,#13283);
#10611=VERTEX_POINT('',#13284);
#10612=LINE('',#13285,#13286);
#10613=VERTEX_POINT('',#13287);
#10614=LINE('',#13288,#13289);
#10615=VERTEX_POINT('',#13290);
#10616=LINE('',#13291,#13292);
#10617=VERTEX_POINT('',#13293);
#10618=LINE('',#13294,#13295);
#10619=VERTEX_POINT('',#13296);
#10620=LINE('',#13297,#13298);
#10621=LINE('',#13299,#13300);
#10622=FILL_AREA_STYLE_COLOUR('',#13301);
#10623=VERTEX_POINT('',#13302);
#10624=LINE('',#13303,#13304);
#10625=LINE('',#13305,#13306);
#10626=FILL_AREA_STYLE_COLOUR('',#13307);
#10627=VERTEX_POINT('',#13308);
#10628=LINE('',#13309,#13310);
#10629=LINE('',#13311,#13312);
#10630=FILL_AREA_STYLE_COLOUR('',#13313);
#10631=VERTEX_POINT('',#13314);
#10632=LINE('',#13315,#13316);
#10633=LINE('',#13317,#13318);
#10634=FILL_AREA_STYLE_COLOUR('',#13319);
#10635=VERTEX_POINT('',#13320);
#10636=LINE('',#13321,#13322);
#10637=LINE('',#13323,#13324);
#10638=FILL_AREA_STYLE_COLOUR('',#13325);
#10639=VERTEX_POINT('',#13326);
#10640=LINE('',#13327,#13328);
#10641=LINE('',#13329,#13330);
#10642=FILL_AREA_STYLE_COLOUR('',#13331);
#10643=VERTEX_POINT('',#13332);
#10644=LINE('',#13333,#13334);
#10645=LINE('',#13335,#13336);
#10646=FILL_AREA_STYLE_COLOUR('',#13337);
#10647=LINE('',#13338,#13339);
#10648=FILL_AREA_STYLE_COLOUR('',#13340);
#10649=FILL_AREA_STYLE_COLOUR('',#13341);
#10650=VERTEX_POINT('',#13342);
#10651=LINE('',#13343,#13344);
#10652=VERTEX_POINT('',#13345);
#10653=LINE('',#13346,#13347);
#10654=LINE('',#13348,#13349);
#10655=FILL_AREA_STYLE_COLOUR('',#13350);
#10656=VERTEX_POINT('',#13351);
#10657=CIRCLE('',#13352,1.86563);
#10658=VERTEX_POINT('',#13353);
#10659=CIRCLE('',#13354,1.86563);
#10660=LINE('',#13355,#13356);
#10661=FILL_AREA_STYLE_COLOUR('',#13357);
#10662=LINE('',#13358,#13359);
#10663=LINE('',#13360,#13361);
#10664=FILL_AREA_STYLE_COLOUR('',#13362);
#10665=FILL_AREA_STYLE_COLOUR('',#13363);
#10666=VERTEX_POINT('',#13364);
#10667=VERTEX_POINT('',#13365);
#10668=LINE('',#13366,#13367);
#10669=VERTEX_POINT('',#13368);
#10670=LINE('',#13369,#13370);
#10671=VERTEX_POINT('',#13371);
#10672=LINE('',#13372,#13373);
#10673=LINE('',#13374,#13375);
#10674=FILL_AREA_STYLE_COLOUR('',#13376);
#10675=VERTEX_POINT('',#13377);
#10676=LINE('',#13378,#13379);
#10677=VERTEX_POINT('',#13380);
#10678=LINE('',#13381,#13382);
#10679=VERTEX_POINT('',#13383);
#10680=LINE('',#13384,#13385);
#10681=VERTEX_POINT('',#13386);
#10682=LINE('',#13387,#13388);
#10683=VERTEX_POINT('',#13389);
#10684=LINE('',#13390,#13391);
#10685=VERTEX_POINT('',#13392);
#10686=LINE('',#13393,#13394);
#10687=VERTEX_POINT('',#13395);
#10688=LINE('',#13396,#13397);
#10689=LINE('',#13398,#13399);
#10690=FILL_AREA_STYLE_COLOUR('',#13400);
#10691=VERTEX_POINT('',#13401);
#10692=VERTEX_POINT('',#13402);
#10693=LINE('',#13403,#13404);
#10694=LINE('',#13405,#13406);
#10695=LINE('',#13407,#13408);
#10696=FILL_AREA_STYLE_COLOUR('',#13409);
#10697=VERTEX_POINT('',#13410);
#10698=LINE('',#13411,#13412);
#10699=LINE('',#13413,#13414);
#10700=FILL_AREA_STYLE_COLOUR('',#13415);
#10701=VERTEX_POINT('',#13416);
#10702=LINE('',#13417,#13418);
#10703=LINE('',#13419,#13420);
#10704=FILL_AREA_STYLE_COLOUR('',#13421);
#10705=LINE('',#13422,#13423);
#10706=FILL_AREA_STYLE_COLOUR('',#13424);
#10707=VERTEX_POINT('',#13425);
#10708=LINE('',#13426,#13427);
#10709=VERTEX_POINT('',#13428);
#10710=LINE('',#13429,#13430);
#10711=LINE('',#13431,#13432);
#10712=FILL_AREA_STYLE_COLOUR('',#13433);
#10713=LINE('',#13434,#13435);
#10714=FILL_AREA_STYLE_COLOUR('',#13436);
#10715=VERTEX_POINT('',#13437);
#10716=LINE('',#13438,#13439);
#10717=LINE('',#13440,#13441);
#10718=FILL_AREA_STYLE_COLOUR('',#13442);
#10719=VERTEX_POINT('',#13443);
#10720=LINE('',#13444,#13445);
#10721=VERTEX_POINT('',#13446);
#10722=LINE('',#13447,#13448);
#10723=VERTEX_POINT('',#13449);
#10724=LINE('',#13450,#13451);
#10725=VERTEX_POINT('',#13452);
#10726=LINE('',#13453,#13454);
#10727=VERTEX_POINT('',#13455);
#10728=LINE('',#13456,#13457);
#10729=VERTEX_POINT('',#13458);
#10730=LINE('',#13459,#13460);
#10731=VERTEX_POINT('',#13461);
#10732=LINE('',#13462,#13463);
#10733=VERTEX_POINT('',#13464);
#10734=LINE('',#13465,#13466);
#10735=VERTEX_POINT('',#13467);
#10736=LINE('',#13468,#13469);
#10737=VERTEX_POINT('',#13470);
#10738=LINE('',#13471,#13472);
#10739=VERTEX_POINT('',#13473);
#10740=LINE('',#13474,#13475);
#10741=VERTEX_POINT('',#13476);
#10742=LINE('',#13477,#13478);
#10743=VERTEX_POINT('',#13479);
#10744=LINE('',#13480,#13481);
#10745=VERTEX_POINT('',#13482);
#10746=LINE('',#13483,#13484);
#10747=VERTEX_POINT('',#13485);
#10748=LINE('',#13486,#13487);
#10749=VERTEX_POINT('',#13488);
#10750=LINE('',#13489,#13490);
#10751=VERTEX_POINT('',#13491);
#10752=LINE('',#13492,#13493);
#10753=VERTEX_POINT('',#13494);
#10754=LINE('',#13495,#13496);
#10755=VERTEX_POINT('',#13497);
#10756=LINE('',#13498,#13499);
#10757=VERTEX_POINT('',#13500);
#10758=LINE('',#13501,#13502);
#10759=VERTEX_POINT('',#13503);
#10760=LINE('',#13504,#13505);
#10761=VERTEX_POINT('',#13506);
#10762=LINE('',#13507,#13508);
#10763=VERTEX_POINT('',#13509);
#10764=LINE('',#13510,#13511);
#10765=VERTEX_POINT('',#13512);
#10766=LINE('',#13513,#13514);
#10767=VERTEX_POINT('',#13515);
#10768=LINE('',#13516,#13517);
#10769=VERTEX_POINT('',#13518);
#10770=LINE('',#13519,#13520);
#10771=VERTEX_POINT('',#13521);
#10772=LINE('',#13522,#13523);
#10773=VERTEX_POINT('',#13524);
#10774=LINE('',#13525,#13526);
#10775=VERTEX_POINT('',#13527);
#10776=LINE('',#13528,#13529);
#10777=VERTEX_POINT('',#13530);
#10778=LINE('',#13531,#13532);
#10779=VERTEX_POINT('',#13533);
#10780=LINE('',#13534,#13535);
#10781=VERTEX_POINT('',#13536);
#10782=LINE('',#13537,#13538);
#10783=VERTEX_POINT('',#13539);
#10784=LINE('',#13540,#13541);
#10785=VERTEX_POINT('',#13542);
#10786=LINE('',#13543,#13544);
#10787=VERTEX_POINT('',#13545);
#10788=LINE('',#13546,#13547);
#10789=VERTEX_POINT('',#13548);
#10790=LINE('',#13549,#13550);
#10791=VERTEX_POINT('',#13551);
#10792=LINE('',#13552,#13553);
#10793=VERTEX_POINT('',#13554);
#10794=LINE('',#13555,#13556);
#10795=VERTEX_POINT('',#13557);
#10796=LINE('',#13558,#13559);
#10797=VERTEX_POINT('',#13560);
#10798=LINE('',#13561,#13562);
#10799=VERTEX_POINT('',#13563);
#10800=LINE('',#13564,#13565);
#10801=VERTEX_POINT('',#13566);
#10802=LINE('',#13567,#13568);
#10803=VERTEX_POINT('',#13569);
#10804=LINE('',#13570,#13571);
#10805=VERTEX_POINT('',#13572);
#10806=LINE('',#13573,#13574);
#10807=VERTEX_POINT('',#13575);
#10808=LINE('',#13576,#13577);
#10809=VERTEX_POINT('',#13578);
#10810=LINE('',#13579,#13580);
#10811=VERTEX_POINT('',#13581);
#10812=LINE('',#13582,#13583);
#10813=VERTEX_POINT('',#13584);
#10814=LINE('',#13585,#13586);
#10815=LINE('',#13587,#13588);
#10816=FILL_AREA_STYLE_COLOUR('',#13589);
#10817=VERTEX_POINT('',#13590);
#10818=LINE('',#13591,#13592);
#10819=VERTEX_POINT('',#13593);
#10820=LINE('',#13594,#13595);
#10821=LINE('',#13596,#13597);
#10822=FILL_AREA_STYLE_COLOUR('',#13598);
#10823=VERTEX_POINT('',#13599);
#10824=LINE('',#13600,#13601);
#10825=VERTEX_POINT('',#13602);
#10826=LINE('',#13603,#13604);
#10827=VERTEX_POINT('',#13605);
#10828=LINE('',#13606,#13607);
#10829=VERTEX_POINT('',#13608);
#10830=LINE('',#13609,#13610);
#10831=VERTEX_POINT('',#13611);
#10832=LINE('',#13612,#13613);
#10833=VERTEX_POINT('',#13614);
#10834=LINE('',#13615,#13616);
#10835=LINE('',#13617,#13618);
#10836=FILL_AREA_STYLE_COLOUR('',#13619);
#10837=VERTEX_POINT('',#13620);
#10838=VERTEX_POINT('',#13621);
#10839=LINE('',#13622,#13623);
#10840=LINE('',#13624,#13625);
#10841=LINE('',#13626,#13627);
#10842=FILL_AREA_STYLE_COLOUR('',#13628);
#10843=VERTEX_POINT('',#13629);
#10844=LINE('',#13630,#13631);
#10845=LINE('',#13632,#13633);
#10846=FILL_AREA_STYLE_COLOUR('',#13634);
#10847=VERTEX_POINT('',#13635);
#10848=LINE('',#13636,#13637);
#10849=LINE('',#13638,#13639);
#10850=FILL_AREA_STYLE_COLOUR('',#13640);
#10851=LINE('',#13641,#13642);
#10852=FILL_AREA_STYLE_COLOUR('',#13643);
#10853=VERTEX_POINT('',#13644);
#10854=LINE('',#13645,#13646);
#10855=VERTEX_POINT('',#13647);
#10856=LINE('',#13648,#13649);
#10857=LINE('',#13650,#13651);
#10858=FILL_AREA_STYLE_COLOUR('',#13652);
#10859=LINE('',#13653,#13654);
#10860=FILL_AREA_STYLE_COLOUR('',#13655);
#10861=LINE('',#13656,#13657);
#10862=FILL_AREA_STYLE_COLOUR('',#13658);
#10863=VERTEX_POINT('',#13659);
#10864=LINE('',#13660,#13661);
#10865=VERTEX_POINT('',#13662);
#10866=LINE('',#13663,#13664);
#10867=LINE('',#13665,#13666);
#10868=FILL_AREA_STYLE_COLOUR('',#13667);
#10869=VERTEX_POINT('',#13668);
#10870=LINE('',#13669,#13670);
#10871=VERTEX_POINT('',#13671);
#10872=LINE('',#13672,#13673);
#10873=VERTEX_POINT('',#13674);
#10874=LINE('',#13675,#13676);
#10875=VERTEX_POINT('',#13677);
#10876=LINE('',#13678,#13679);
#10877=VERTEX_POINT('',#13680);
#10878=LINE('',#13681,#13682);
#10879=VERTEX_POINT('',#13683);
#10880=LINE('',#13684,#13685);
#10881=LINE('',#13686,#13687);
#10882=FILL_AREA_STYLE_COLOUR('',#13688);
#10883=VERTEX_POINT('',#13689);
#10884=VERTEX_POINT('',#13690);
#10885=LINE('',#13691,#13692);
#10886=LINE('',#13693,#13694);
#10887=LINE('',#13695,#13696);
#10888=FILL_AREA_STYLE_COLOUR('',#13697);
#10889=VERTEX_POINT('',#13698);
#10890=LINE('',#13699,#13700);
#10891=LINE('',#13701,#13702);
#10892=FILL_AREA_STYLE_COLOUR('',#13703);
#10893=VERTEX_POINT('',#13704);
#10894=LINE('',#13705,#13706);
#10895=LINE('',#13707,#13708);
#10896=FILL_AREA_STYLE_COLOUR('',#13709);
#10897=LINE('',#13710,#13711);
#10898=FILL_AREA_STYLE_COLOUR('',#13712);
#10899=VERTEX_POINT('',#13713);
#10900=LINE('',#13714,#13715);
#10901=VERTEX_POINT('',#13716);
#10902=LINE('',#13717,#13718);
#10903=LINE('',#13719,#13720);
#10904=FILL_AREA_STYLE_COLOUR('',#13721);
#10905=LINE('',#13722,#13723);
#10906=FILL_AREA_STYLE_COLOUR('',#13724);
#10907=LINE('',#13725,#13726);
#10908=FILL_AREA_STYLE_COLOUR('',#13727);
#10909=VERTEX_POINT('',#13728);
#10910=LINE('',#13729,#13730);
#10911=VERTEX_POINT('',#13731);
#10912=LINE('',#13732,#13733);
#10913=LINE('',#13734,#13735);
#10914=FILL_AREA_STYLE_COLOUR('',#13736);
#10915=VERTEX_POINT('',#13737);
#10916=LINE('',#13738,#13739);
#10917=VERTEX_POINT('',#13740);
#10918=LINE('',#13741,#13742);
#10919=VERTEX_POINT('',#13743);
#10920=LINE('',#13744,#13745);
#10921=VERTEX_POINT('',#13746);
#10922=LINE('',#13747,#13748);
#10923=VERTEX_POINT('',#13749);
#10924=LINE('',#13750,#13751);
#10925=VERTEX_POINT('',#13752);
#10926=LINE('',#13753,#13754);
#10927=LINE('',#13755,#13756);
#10928=FILL_AREA_STYLE_COLOUR('',#13757);
#10929=VERTEX_POINT('',#13758);
#10930=VERTEX_POINT('',#13759);
#10931=LINE('',#13760,#13761);
#10932=LINE('',#13762,#13763);
#10933=LINE('',#13764,#13765);
#10934=FILL_AREA_STYLE_COLOUR('',#13766);
#10935=VERTEX_POINT('',#13767);
#10936=LINE('',#13768,#13769);
#10937=LINE('',#13770,#13771);
#10938=FILL_AREA_STYLE_COLOUR('',#13772);
#10939=VERTEX_POINT('',#13773);
#10940=LINE('',#13774,#13775);
#10941=LINE('',#13776,#13777);
#10942=FILL_AREA_STYLE_COLOUR('',#13778);
#10943=LINE('',#13779,#13780);
#10944=FILL_AREA_STYLE_COLOUR('',#13781);
#10945=VERTEX_POINT('',#13782);
#10946=LINE('',#13783,#13784);
#10947=VERTEX_POINT('',#13785);
#10948=LINE('',#13786,#13787);
#10949=LINE('',#13788,#13789);
#10950=FILL_AREA_STYLE_COLOUR('',#13790);
#10951=LINE('',#13791,#13792);
#10952=FILL_AREA_STYLE_COLOUR('',#13793);
#10953=LINE('',#13794,#13795);
#10954=FILL_AREA_STYLE_COLOUR('',#13796);
#10955=VERTEX_POINT('',#13797);
#10956=LINE('',#13798,#13799);
#10957=VERTEX_POINT('',#13800);
#10958=LINE('',#13801,#13802);
#10959=LINE('',#13803,#13804);
#10960=FILL_AREA_STYLE_COLOUR('',#13805);
#10961=VERTEX_POINT('',#13806);
#10962=LINE('',#13807,#13808);
#10963=VERTEX_POINT('',#13809);
#10964=LINE('',#13810,#13811);
#10965=VERTEX_POINT('',#13812);
#10966=LINE('',#13813,#13814);
#10967=VERTEX_POINT('',#13815);
#10968=LINE('',#13816,#13817);
#10969=VERTEX_POINT('',#13818);
#10970=LINE('',#13819,#13820);
#10971=VERTEX_POINT('',#13821);
#10972=LINE('',#13822,#13823);
#10973=LINE('',#13824,#13825);
#10974=FILL_AREA_STYLE_COLOUR('',#13826);
#10975=VERTEX_POINT('',#13827);
#10976=VERTEX_POINT('',#13828);
#10977=LINE('',#13829,#13830);
#10978=LINE('',#13831,#13832);
#10979=LINE('',#13833,#13834);
#10980=FILL_AREA_STYLE_COLOUR('',#13835);
#10981=VERTEX_POINT('',#13836);
#10982=LINE('',#13837,#13838);
#10983=LINE('',#13839,#13840);
#10984=FILL_AREA_STYLE_COLOUR('',#13841);
#10985=VERTEX_POINT('',#13842);
#10986=LINE('',#13843,#13844);
#10987=LINE('',#13845,#13846);
#10988=FILL_AREA_STYLE_COLOUR('',#13847);
#10989=LINE('',#13848,#13849);
#10990=FILL_AREA_STYLE_COLOUR('',#13850);
#10991=VERTEX_POINT('',#13851);
#10992=LINE('',#13852,#13853);
#10993=VERTEX_POINT('',#13854);
#10994=LINE('',#13855,#13856);
#10995=LINE('',#13857,#13858);
#10996=FILL_AREA_STYLE_COLOUR('',#13859);
#10997=LINE('',#13860,#13861);
#10998=FILL_AREA_STYLE_COLOUR('',#13862);
#10999=LINE('',#13863,#13864);
#11000=FILL_AREA_STYLE_COLOUR('',#13865);
#11001=VERTEX_POINT('',#13866);
#11002=LINE('',#13867,#13868);
#11003=VERTEX_POINT('',#13869);
#11004=LINE('',#13870,#13871);
#11005=LINE('',#13872,#13873);
#11006=FILL_AREA_STYLE_COLOUR('',#13874);
#11007=VERTEX_POINT('',#13875);
#11008=LINE('',#13876,#13877);
#11009=VERTEX_POINT('',#13878);
#11010=LINE('',#13879,#13880);
#11011=VERTEX_POINT('',#13881);
#11012=LINE('',#13882,#13883);
#11013=VERTEX_POINT('',#13884);
#11014=LINE('',#13885,#13886);
#11015=VERTEX_POINT('',#13887);
#11016=LINE('',#13888,#13889);
#11017=VERTEX_POINT('',#13890);
#11018=LINE('',#13891,#13892);
#11019=LINE('',#13893,#13894);
#11020=FILL_AREA_STYLE_COLOUR('',#13895);
#11021=VERTEX_POINT('',#13896);
#11022=VERTEX_POINT('',#13897);
#11023=LINE('',#13898,#13899);
#11024=LINE('',#13900,#13901);
#11025=LINE('',#13902,#13903);
#11026=FILL_AREA_STYLE_COLOUR('',#13904);
#11027=VERTEX_POINT('',#13905);
#11028=LINE('',#13906,#13907);
#11029=LINE('',#13908,#13909);
#11030=FILL_AREA_STYLE_COLOUR('',#13910);
#11031=VERTEX_POINT('',#13911);
#11032=LINE('',#13912,#13913);
#11033=LINE('',#13914,#13915);
#11034=FILL_AREA_STYLE_COLOUR('',#13916);
#11035=LINE('',#13917,#13918);
#11036=FILL_AREA_STYLE_COLOUR('',#13919);
#11037=VERTEX_POINT('',#13920);
#11038=LINE('',#13921,#13922);
#11039=VERTEX_POINT('',#13923);
#11040=LINE('',#13924,#13925);
#11041=LINE('',#13926,#13927);
#11042=FILL_AREA_STYLE_COLOUR('',#13928);
#11043=LINE('',#13929,#13930);
#11044=FILL_AREA_STYLE_COLOUR('',#13931);
#11045=LINE('',#13932,#13933);
#11046=FILL_AREA_STYLE_COLOUR('',#13934);
#11047=VERTEX_POINT('',#13935);
#11048=LINE('',#13936,#13937);
#11049=VERTEX_POINT('',#13938);
#11050=LINE('',#13939,#13940);
#11051=LINE('',#13941,#13942);
#11052=FILL_AREA_STYLE_COLOUR('',#13943);
#11053=VERTEX_POINT('',#13944);
#11054=LINE('',#13945,#13946);
#11055=VERTEX_POINT('',#13947);
#11056=LINE('',#13948,#13949);
#11057=VERTEX_POINT('',#13950);
#11058=LINE('',#13951,#13952);
#11059=VERTEX_POINT('',#13953);
#11060=LINE('',#13954,#13955);
#11061=VERTEX_POINT('',#13956);
#11062=LINE('',#13957,#13958);
#11063=VERTEX_POINT('',#13959);
#11064=LINE('',#13960,#13961);
#11065=LINE('',#13962,#13963);
#11066=FILL_AREA_STYLE_COLOUR('',#13964);
#11067=VERTEX_POINT('',#13965);
#11068=VERTEX_POINT('',#13966);
#11069=LINE('',#13967,#13968);
#11070=LINE('',#13969,#13970);
#11071=LINE('',#13971,#13972);
#11072=FILL_AREA_STYLE_COLOUR('',#13973);
#11073=VERTEX_POINT('',#13974);
#11074=LINE('',#13975,#13976);
#11075=LINE('',#13977,#13978);
#11076=FILL_AREA_STYLE_COLOUR('',#13979);
#11077=VERTEX_POINT('',#13980);
#11078=LINE('',#13981,#13982);
#11079=LINE('',#13983,#13984);
#11080=FILL_AREA_STYLE_COLOUR('',#13985);
#11081=LINE('',#13986,#13987);
#11082=FILL_AREA_STYLE_COLOUR('',#13988);
#11083=VERTEX_POINT('',#13989);
#11084=LINE('',#13990,#13991);
#11085=VERTEX_POINT('',#13992);
#11086=LINE('',#13993,#13994);
#11087=LINE('',#13995,#13996);
#11088=FILL_AREA_STYLE_COLOUR('',#13997);
#11089=LINE('',#13998,#13999);
#11090=FILL_AREA_STYLE_COLOUR('',#14000);
#11091=LINE('',#14001,#14002);
#11092=FILL_AREA_STYLE_COLOUR('',#14003);
#11093=VERTEX_POINT('',#14004);
#11094=LINE('',#14005,#14006);
#11095=VERTEX_POINT('',#14007);
#11096=LINE('',#14008,#14009);
#11097=LINE('',#14010,#14011);
#11098=FILL_AREA_STYLE_COLOUR('',#14012);
#11099=VERTEX_POINT('',#14013);
#11100=LINE('',#14014,#14015);
#11101=VERTEX_POINT('',#14016);
#11102=LINE('',#14017,#14018);
#11103=VERTEX_POINT('',#14019);
#11104=LINE('',#14020,#14021);
#11105=VERTEX_POINT('',#14022);
#11106=LINE('',#14023,#14024);
#11107=VERTEX_POINT('',#14025);
#11108=LINE('',#14026,#14027);
#11109=VERTEX_POINT('',#14028);
#11110=LINE('',#14029,#14030);
#11111=LINE('',#14031,#14032);
#11112=FILL_AREA_STYLE_COLOUR('',#14033);
#11113=VERTEX_POINT('',#14034);
#11114=VERTEX_POINT('',#14035);
#11115=LINE('',#14036,#14037);
#11116=LINE('',#14038,#14039);
#11117=LINE('',#14040,#14041);
#11118=FILL_AREA_STYLE_COLOUR('',#14042);
#11119=VERTEX_POINT('',#14043);
#11120=LINE('',#14044,#14045);
#11121=LINE('',#14046,#14047);
#11122=FILL_AREA_STYLE_COLOUR('',#14048);
#11123=VERTEX_POINT('',#14049);
#11124=LINE('',#14050,#14051);
#11125=LINE('',#14052,#14053);
#11126=FILL_AREA_STYLE_COLOUR('',#14054);
#11127=LINE('',#14055,#14056);
#11128=FILL_AREA_STYLE_COLOUR('',#14057);
#11129=VERTEX_POINT('',#14058);
#11130=LINE('',#14059,#14060);
#11131=VERTEX_POINT('',#14061);
#11132=LINE('',#14062,#14063);
#11133=LINE('',#14064,#14065);
#11134=FILL_AREA_STYLE_COLOUR('',#14066);
#11135=LINE('',#14067,#14068);
#11136=FILL_AREA_STYLE_COLOUR('',#14069);
#11137=LINE('',#14070,#14071);
#11138=FILL_AREA_STYLE_COLOUR('',#14072);
#11139=VERTEX_POINT('',#14073);
#11140=LINE('',#14074,#14075);
#11141=VERTEX_POINT('',#14076);
#11142=LINE('',#14077,#14078);
#11143=LINE('',#14079,#14080);
#11144=FILL_AREA_STYLE_COLOUR('',#14081);
#11145=VERTEX_POINT('',#14082);
#11146=LINE('',#14083,#14084);
#11147=VERTEX_POINT('',#14085);
#11148=LINE('',#14086,#14087);
#11149=VERTEX_POINT('',#14088);
#11150=LINE('',#14089,#14090);
#11151=VERTEX_POINT('',#14091);
#11152=LINE('',#14092,#14093);
#11153=VERTEX_POINT('',#14094);
#11154=LINE('',#14095,#14096);
#11155=VERTEX_POINT('',#14097);
#11156=LINE('',#14098,#14099);
#11157=LINE('',#14100,#14101);
#11158=FILL_AREA_STYLE_COLOUR('',#14102);
#11159=VERTEX_POINT('',#14103);
#11160=VERTEX_POINT('',#14104);
#11161=LINE('',#14105,#14106);
#11162=LINE('',#14107,#14108);
#11163=LINE('',#14109,#14110);
#11164=FILL_AREA_STYLE_COLOUR('',#14111);
#11165=VERTEX_POINT('',#14112);
#11166=LINE('',#14113,#14114);
#11167=LINE('',#14115,#14116);
#11168=FILL_AREA_STYLE_COLOUR('',#14117);
#11169=VERTEX_POINT('',#14118);
#11170=LINE('',#14119,#14120);
#11171=LINE('',#14121,#14122);
#11172=FILL_AREA_STYLE_COLOUR('',#14123);
#11173=LINE('',#14124,#14125);
#11174=FILL_AREA_STYLE_COLOUR('',#14126);
#11175=VERTEX_POINT('',#14127);
#11176=LINE('',#14128,#14129);
#11177=VERTEX_POINT('',#14130);
#11178=LINE('',#14131,#14132);
#11179=LINE('',#14133,#14134);
#11180=FILL_AREA_STYLE_COLOUR('',#14135);
#11181=LINE('',#14136,#14137);
#11182=FILL_AREA_STYLE_COLOUR('',#14138);
#11183=LINE('',#14139,#14140);
#11184=FILL_AREA_STYLE_COLOUR('',#14141);
#11185=VERTEX_POINT('',#14142);
#11186=LINE('',#14143,#14144);
#11187=VERTEX_POINT('',#14145);
#11188=LINE('',#14146,#14147);
#11189=LINE('',#14148,#14149);
#11190=FILL_AREA_STYLE_COLOUR('',#14150);
#11191=VERTEX_POINT('',#14151);
#11192=LINE('',#14152,#14153);
#11193=VERTEX_POINT('',#14154);
#11194=LINE('',#14155,#14156);
#11195=VERTEX_POINT('',#14157);
#11196=LINE('',#14158,#14159);
#11197=VERTEX_POINT('',#14160);
#11198=LINE('',#14161,#14162);
#11199=VERTEX_POINT('',#14163);
#11200=LINE('',#14164,#14165);
#11201=VERTEX_POINT('',#14166);
#11202=LINE('',#14167,#14168);
#11203=LINE('',#14169,#14170);
#11204=FILL_AREA_STYLE_COLOUR('',#14171);
#11205=VERTEX_POINT('',#14172);
#11206=VERTEX_POINT('',#14173);
#11207=LINE('',#14174,#14175);
#11208=LINE('',#14176,#14177);
#11209=LINE('',#14178,#14179);
#11210=FILL_AREA_STYLE_COLOUR('',#14180);
#11211=VERTEX_POINT('',#14181);
#11212=LINE('',#14182,#14183);
#11213=LINE('',#14184,#14185);
#11214=FILL_AREA_STYLE_COLOUR('',#14186);
#11215=VERTEX_POINT('',#14187);
#11216=LINE('',#14188,#14189);
#11217=LINE('',#14190,#14191);
#11218=FILL_AREA_STYLE_COLOUR('',#14192);
#11219=LINE('',#14193,#14194);
#11220=FILL_AREA_STYLE_COLOUR('',#14195);
#11221=VERTEX_POINT('',#14196);
#11222=LINE('',#14197,#14198);
#11223=VERTEX_POINT('',#14199);
#11224=LINE('',#14200,#14201);
#11225=LINE('',#14202,#14203);
#11226=FILL_AREA_STYLE_COLOUR('',#14204);
#11227=LINE('',#14205,#14206);
#11228=FILL_AREA_STYLE_COLOUR('',#14207);
#11229=LINE('',#14208,#14209);
#11230=FILL_AREA_STYLE_COLOUR('',#14210);
#11231=VERTEX_POINT('',#14211);
#11232=LINE('',#14212,#14213);
#11233=VERTEX_POINT('',#14214);
#11234=LINE('',#14215,#14216);
#11235=LINE('',#14217,#14218);
#11236=FILL_AREA_STYLE_COLOUR('',#14219);
#11237=VERTEX_POINT('',#14220);
#11238=LINE('',#14221,#14222);
#11239=VERTEX_POINT('',#14223);
#11240=LINE('',#14224,#14225);
#11241=VERTEX_POINT('',#14226);
#11242=LINE('',#14227,#14228);
#11243=VERTEX_POINT('',#14229);
#11244=LINE('',#14230,#14231);
#11245=VERTEX_POINT('',#14232);
#11246=LINE('',#14233,#14234);
#11247=VERTEX_POINT('',#14235);
#11248=LINE('',#14236,#14237);
#11249=LINE('',#14238,#14239);
#11250=FILL_AREA_STYLE_COLOUR('',#14240);
#11251=VERTEX_POINT('',#14241);
#11252=VERTEX_POINT('',#14242);
#11253=LINE('',#14243,#14244);
#11254=LINE('',#14245,#14246);
#11255=LINE('',#14247,#14248);
#11256=FILL_AREA_STYLE_COLOUR('',#14249);
#11257=VERTEX_POINT('',#14250);
#11258=LINE('',#14251,#14252);
#11259=LINE('',#14253,#14254);
#11260=FILL_AREA_STYLE_COLOUR('',#14255);
#11261=VERTEX_POINT('',#14256);
#11262=LINE('',#14257,#14258);
#11263=LINE('',#14259,#14260);
#11264=FILL_AREA_STYLE_COLOUR('',#14261);
#11265=LINE('',#14262,#14263);
#11266=FILL_AREA_STYLE_COLOUR('',#14264);
#11267=VERTEX_POINT('',#14265);
#11268=LINE('',#14266,#14267);
#11269=VERTEX_POINT('',#14268);
#11270=LINE('',#14269,#14270);
#11271=LINE('',#14271,#14272);
#11272=FILL_AREA_STYLE_COLOUR('',#14273);
#11273=LINE('',#14274,#14275);
#11274=FILL_AREA_STYLE_COLOUR('',#14276);
#11275=LINE('',#14277,#14278);
#11276=FILL_AREA_STYLE_COLOUR('',#14279);
#11277=VERTEX_POINT('',#14280);
#11278=LINE('',#14281,#14282);
#11279=VERTEX_POINT('',#14283);
#11280=LINE('',#14284,#14285);
#11281=LINE('',#14286,#14287);
#11282=FILL_AREA_STYLE_COLOUR('',#14288);
#11283=VERTEX_POINT('',#14289);
#11284=LINE('',#14290,#14291);
#11285=VERTEX_POINT('',#14292);
#11286=LINE('',#14293,#14294);
#11287=VERTEX_POINT('',#14295);
#11288=LINE('',#14296,#14297);
#11289=VERTEX_POINT('',#14298);
#11290=LINE('',#14299,#14300);
#11291=VERTEX_POINT('',#14301);
#11292=LINE('',#14302,#14303);
#11293=VERTEX_POINT('',#14304);
#11294=LINE('',#14305,#14306);
#11295=LINE('',#14307,#14308);
#11296=FILL_AREA_STYLE_COLOUR('',#14309);
#11297=VERTEX_POINT('',#14310);
#11298=VERTEX_POINT('',#14311);
#11299=LINE('',#14312,#14313);
#11300=LINE('',#14314,#14315);
#11301=LINE('',#14316,#14317);
#11302=FILL_AREA_STYLE_COLOUR('',#14318);
#11303=VERTEX_POINT('',#14319);
#11304=LINE('',#14320,#14321);
#11305=LINE('',#14322,#14323);
#11306=FILL_AREA_STYLE_COLOUR('',#14324);
#11307=VERTEX_POINT('',#14325);
#11308=LINE('',#14326,#14327);
#11309=LINE('',#14328,#14329);
#11310=FILL_AREA_STYLE_COLOUR('',#14330);
#11311=LINE('',#14331,#14332);
#11312=FILL_AREA_STYLE_COLOUR('',#14333);
#11313=VERTEX_POINT('',#14334);
#11314=LINE('',#14335,#14336);
#11315=VERTEX_POINT('',#14337);
#11316=LINE('',#14338,#14339);
#11317=LINE('',#14340,#14341);
#11318=FILL_AREA_STYLE_COLOUR('',#14342);
#11319=LINE('',#14343,#14344);
#11320=FILL_AREA_STYLE_COLOUR('',#14345);
#11321=LINE('',#14346,#14347);
#11322=FILL_AREA_STYLE_COLOUR('',#14348);
#11323=VERTEX_POINT('',#14349);
#11324=VERTEX_POINT('',#14350);
#11325=LINE('',#14351,#14352);
#11326=VERTEX_POINT('',#14353);
#11327=LINE('',#14354,#14355);
#11328=VERTEX_POINT('',#14356);
#11329=LINE('',#14357,#14358);
#11330=VERTEX_POINT('',#14359);
#11331=LINE('',#14360,#14361);
#11332=VERTEX_POINT('',#14362);
#11333=LINE('',#14363,#14364);
#11334=VERTEX_POINT('',#14365);
#11335=LINE('',#14366,#14367);
#11336=LINE('',#14368,#14369);
#11337=FILL_AREA_STYLE_COLOUR('',#14370);
#11338=VERTEX_POINT('',#14371);
#11339=LINE('',#14372,#14373);
#11340=VERTEX_POINT('',#14374);
#11341=LINE('',#14375,#14376);
#11342=LINE('',#14377,#14378);
#11343=FILL_AREA_STYLE_COLOUR('',#14379);
#11344=VERTEX_POINT('',#14380);
#11345=VERTEX_POINT('',#14381);
#11346=LINE('',#14382,#14383);
#11347=VERTEX_POINT('',#14384);
#11348=LINE('',#14385,#14386);
#11349=VERTEX_POINT('',#14387);
#11350=LINE('',#14388,#14389);
#11351=VERTEX_POINT('',#14390);
#11352=LINE('',#14391,#14392);
#11353=VERTEX_POINT('',#14393);
#11354=LINE('',#14394,#14395);
#11355=VERTEX_POINT('',#14396);
#11356=LINE('',#14397,#14398);
#11357=LINE('',#14399,#14400);
#11358=FILL_AREA_STYLE_COLOUR('',#14401);
#11359=VERTEX_POINT('',#14402);
#11360=LINE('',#14403,#14404);
#11361=VERTEX_POINT('',#14405);
#11362=LINE('',#14406,#14407);
#11363=LINE('',#14408,#14409);
#11364=FILL_AREA_STYLE_COLOUR('',#14410);
#11365=LINE('',#14411,#14412);
#11366=LINE('',#14413,#14414);
#11367=FILL_AREA_STYLE_COLOUR('',#14415);
#11368=LINE('',#14416,#14417);
#11369=FILL_AREA_STYLE_COLOUR('',#14418);
#11370=LINE('',#14419,#14420);
#11371=FILL_AREA_STYLE_COLOUR('',#14421);
#11372=LINE('',#14422,#14423);
#11373=FILL_AREA_STYLE_COLOUR('',#14424);
#11374=LINE('',#14425,#14426);
#11375=FILL_AREA_STYLE_COLOUR('',#14427);
#11376=VERTEX_POINT('',#14428);
#11377=LINE('',#14429,#14430);
#11378=VERTEX_POINT('',#14431);
#11379=LINE('',#14432,#14433);
#11380=LINE('',#14434,#14435);
#11381=FILL_AREA_STYLE_COLOUR('',#14436);
#11382=VERTEX_POINT('',#14437);
#11383=LINE('',#14438,#14439);
#11384=VERTEX_POINT('',#14440);
#11385=LINE('',#14441,#14442);
#11386=LINE('',#14443,#14444);
#11387=FILL_AREA_STYLE_COLOUR('',#14445);
#11388=VERTEX_POINT('',#14446);
#11389=LINE('',#14447,#14448);
#11390=VERTEX_POINT('',#14449);
#11391=LINE('',#14450,#14451);
#11392=VERTEX_POINT('',#14452);
#11393=LINE('',#14453,#14454);
#11394=VERTEX_POINT('',#14455);
#11395=LINE('',#14456,#14457);
#11396=VERTEX_POINT('',#14458);
#11397=LINE('',#14459,#14460);
#11398=LINE('',#14461,#14462);
#11399=FILL_AREA_STYLE_COLOUR('',#14463);
#11400=VERTEX_POINT('',#14464);
#11401=LINE('',#14465,#14466);
#11402=VERTEX_POINT('',#14467);
#11403=LINE('',#14468,#14469);
#11404=LINE('',#14470,#14471);
#11405=FILL_AREA_STYLE_COLOUR('',#14472);
#11406=VERTEX_POINT('',#14473);
#11407=VERTEX_POINT('',#14474);
#11408=LINE('',#14475,#14476);
#11409=VERTEX_POINT('',#14477);
#11410=LINE('',#14478,#14479);
#11411=VERTEX_POINT('',#14480);
#11412=LINE('',#14481,#14482);
#11413=VERTEX_POINT('',#14483);
#11414=LINE('',#14484,#14485);
#11415=VERTEX_POINT('',#14486);
#11416=LINE('',#14487,#14488);
#11417=VERTEX_POINT('',#14489);
#11418=LINE('',#14490,#14491);
#11419=LINE('',#14492,#14493);
#11420=FILL_AREA_STYLE_COLOUR('',#14494);
#11421=VERTEX_POINT('',#14495);
#11422=LINE('',#14496,#14497);
#11423=VERTEX_POINT('',#14498);
#11424=LINE('',#14499,#14500);
#11425=LINE('',#14501,#14502);
#11426=FILL_AREA_STYLE_COLOUR('',#14503);
#11427=LINE('',#14504,#14505);
#11428=LINE('',#14506,#14507);
#11429=FILL_AREA_STYLE_COLOUR('',#14508);
#11430=LINE('',#14509,#14510);
#11431=FILL_AREA_STYLE_COLOUR('',#14511);
#11432=LINE('',#14512,#14513);
#11433=FILL_AREA_STYLE_COLOUR('',#14514);
#11434=LINE('',#14515,#14516);
#11435=FILL_AREA_STYLE_COLOUR('',#14517);
#11436=LINE('',#14518,#14519);
#11437=FILL_AREA_STYLE_COLOUR('',#14520);
#11438=VERTEX_POINT('',#14521);
#11439=LINE('',#14522,#14523);
#11440=VERTEX_POINT('',#14524);
#11441=LINE('',#14525,#14526);
#11442=LINE('',#14527,#14528);
#11443=FILL_AREA_STYLE_COLOUR('',#14529);
#11444=VERTEX_POINT('',#14530);
#11445=LINE('',#14531,#14532);
#11446=VERTEX_POINT('',#14533);
#11447=LINE('',#14534,#14535);
#11448=VERTEX_POINT('',#14536);
#11449=LINE('',#14537,#14538);
#11450=VERTEX_POINT('',#14539);
#11451=LINE('',#14540,#14541);
#11452=VERTEX_POINT('',#14542);
#11453=LINE('',#14543,#14544);
#11454=LINE('',#14545,#14546);
#11455=FILL_AREA_STYLE_COLOUR('',#14547);
#11456=VERTEX_POINT('',#14548);
#11457=LINE('',#14549,#14550);
#11458=VERTEX_POINT('',#14551);
#11459=LINE('',#14552,#14553);
#11460=LINE('',#14554,#14555);
#11461=FILL_AREA_STYLE_COLOUR('',#14556);
#11462=VERTEX_POINT('',#14557);
#11463=VERTEX_POINT('',#14558);
#11464=LINE('',#14559,#14560);
#11465=VERTEX_POINT('',#14561);
#11466=LINE('',#14562,#14563);
#11467=VERTEX_POINT('',#14564);
#11468=LINE('',#14565,#14566);
#11469=VERTEX_POINT('',#14567);
#11470=LINE('',#14568,#14569);
#11471=VERTEX_POINT('',#14570);
#11472=LINE('',#14571,#14572);
#11473=VERTEX_POINT('',#14573);
#11474=LINE('',#14574,#14575);
#11475=LINE('',#14576,#14577);
#11476=FILL_AREA_STYLE_COLOUR('',#14578);
#11477=VERTEX_POINT('',#14579);
#11478=LINE('',#14580,#14581);
#11479=VERTEX_POINT('',#14582);
#11480=LINE('',#14583,#14584);
#11481=LINE('',#14585,#14586);
#11482=FILL_AREA_STYLE_COLOUR('',#14587);
#11483=LINE('',#14588,#14589);
#11484=LINE('',#14590,#14591);
#11485=FILL_AREA_STYLE_COLOUR('',#14592);
#11486=LINE('',#14593,#14594);
#11487=FILL_AREA_STYLE_COLOUR('',#14595);
#11488=LINE('',#14596,#14597);
#11489=FILL_AREA_STYLE_COLOUR('',#14598);
#11490=LINE('',#14599,#14600);
#11491=FILL_AREA_STYLE_COLOUR('',#14601);
#11492=LINE('',#14602,#14603);
#11493=FILL_AREA_STYLE_COLOUR('',#14604);
#11494=VERTEX_POINT('',#14605);
#11495=LINE('',#14606,#14607);
#11496=VERTEX_POINT('',#14608);
#11497=LINE('',#14609,#14610);
#11498=LINE('',#14611,#14612);
#11499=FILL_AREA_STYLE_COLOUR('',#14613);
#11500=VERTEX_POINT('',#14614);
#11501=LINE('',#14615,#14616);
#11502=VERTEX_POINT('',#14617);
#11503=LINE('',#14618,#14619);
#11504=VERTEX_POINT('',#14620);
#11505=LINE('',#14621,#14622);
#11506=VERTEX_POINT('',#14623);
#11507=LINE('',#14624,#14625);
#11508=VERTEX_POINT('',#14626);
#11509=LINE('',#14627,#14628);
#11510=LINE('',#14629,#14630);
#11511=FILL_AREA_STYLE_COLOUR('',#14631);
#11512=VERTEX_POINT('',#14632);
#11513=LINE('',#14633,#14634);
#11514=VERTEX_POINT('',#14635);
#11515=LINE('',#14636,#14637);
#11516=LINE('',#14638,#14639);
#11517=FILL_AREA_STYLE_COLOUR('',#14640);
#11518=VERTEX_POINT('',#14641);
#11519=VERTEX_POINT('',#14642);
#11520=LINE('',#14643,#14644);
#11521=VERTEX_POINT('',#14645);
#11522=LINE('',#14646,#14647);
#11523=VERTEX_POINT('',#14648);
#11524=LINE('',#14649,#14650);
#11525=VERTEX_POINT('',#14651);
#11526=LINE('',#14652,#14653);
#11527=VERTEX_POINT('',#14654);
#11528=LINE('',#14655,#14656);
#11529=VERTEX_POINT('',#14657);
#11530=LINE('',#14658,#14659);
#11531=LINE('',#14660,#14661);
#11532=FILL_AREA_STYLE_COLOUR('',#14662);
#11533=VERTEX_POINT('',#14663);
#11534=LINE('',#14664,#14665);
#11535=VERTEX_POINT('',#14666);
#11536=LINE('',#14667,#14668);
#11537=LINE('',#14669,#14670);
#11538=FILL_AREA_STYLE_COLOUR('',#14671);
#11539=LINE('',#14672,#14673);
#11540=LINE('',#14674,#14675);
#11541=FILL_AREA_STYLE_COLOUR('',#14676);
#11542=LINE('',#14677,#14678);
#11543=FILL_AREA_STYLE_COLOUR('',#14679);
#11544=LINE('',#14680,#14681);
#11545=FILL_AREA_STYLE_COLOUR('',#14682);
#11546=LINE('',#14683,#14684);
#11547=FILL_AREA_STYLE_COLOUR('',#14685);
#11548=LINE('',#14686,#14687);
#11549=FILL_AREA_STYLE_COLOUR('',#14688);
#11550=VERTEX_POINT('',#14689);
#11551=LINE('',#14690,#14691);
#11552=VERTEX_POINT('',#14692);
#11553=LINE('',#14693,#14694);
#11554=LINE('',#14695,#14696);
#11555=FILL_AREA_STYLE_COLOUR('',#14697);
#11556=VERTEX_POINT('',#14698);
#11557=LINE('',#14699,#14700);
#11558=VERTEX_POINT('',#14701);
#11559=LINE('',#14702,#14703);
#11560=VERTEX_POINT('',#14704);
#11561=LINE('',#14705,#14706);
#11562=VERTEX_POINT('',#14707);
#11563=LINE('',#14708,#14709);
#11564=VERTEX_POINT('',#14710);
#11565=LINE('',#14711,#14712);
#11566=LINE('',#14713,#14714);
#11567=FILL_AREA_STYLE_COLOUR('',#14715);
#11568=VERTEX_POINT('',#14716);
#11569=LINE('',#14717,#14718);
#11570=VERTEX_POINT('',#14719);
#11571=LINE('',#14720,#14721);
#11572=LINE('',#14722,#14723);
#11573=FILL_AREA_STYLE_COLOUR('',#14724);
#11574=VERTEX_POINT('',#14725);
#11575=VERTEX_POINT('',#14726);
#11576=LINE('',#14727,#14728);
#11577=VERTEX_POINT('',#14729);
#11578=LINE('',#14730,#14731);
#11579=VERTEX_POINT('',#14732);
#11580=LINE('',#14733,#14734);
#11581=VERTEX_POINT('',#14735);
#11582=LINE('',#14736,#14737);
#11583=VERTEX_POINT('',#14738);
#11584=LINE('',#14739,#14740);
#11585=VERTEX_POINT('',#14741);
#11586=LINE('',#14742,#14743);
#11587=LINE('',#14744,#14745);
#11588=FILL_AREA_STYLE_COLOUR('',#14746);
#11589=VERTEX_POINT('',#14747);
#11590=LINE('',#14748,#14749);
#11591=VERTEX_POINT('',#14750);
#11592=LINE('',#14751,#14752);
#11593=LINE('',#14753,#14754);
#11594=FILL_AREA_STYLE_COLOUR('',#14755);
#11595=LINE('',#14756,#14757);
#11596=LINE('',#14758,#14759);
#11597=FILL_AREA_STYLE_COLOUR('',#14760);
#11598=LINE('',#14761,#14762);
#11599=FILL_AREA_STYLE_COLOUR('',#14763);
#11600=LINE('',#14764,#14765);
#11601=FILL_AREA_STYLE_COLOUR('',#14766);
#11602=LINE('',#14767,#14768);
#11603=FILL_AREA_STYLE_COLOUR('',#14769);
#11604=LINE('',#14770,#14771);
#11605=FILL_AREA_STYLE_COLOUR('',#14772);
#11606=VERTEX_POINT('',#14773);
#11607=LINE('',#14774,#14775);
#11608=VERTEX_POINT('',#14776);
#11609=LINE('',#14777,#14778);
#11610=LINE('',#14779,#14780);
#11611=FILL_AREA_STYLE_COLOUR('',#14781);
#11612=VERTEX_POINT('',#14782);
#11613=VERTEX_POINT('',#14783);
#11614=LINE('',#14784,#14785);
#11615=VERTEX_POINT('',#14786);
#11616=LINE('',#14787,#14788);
#11617=VERTEX_POINT('',#14789);
#11618=LINE('',#14790,#14791);
#11619=VERTEX_POINT('',#14792);
#11620=LINE('',#14793,#14794);
#11621=VERTEX_POINT('',#14795);
#11622=LINE('',#14796,#14797);
#11623=VERTEX_POINT('',#14798);
#11624=LINE('',#14799,#14800);
#11625=LINE('',#14801,#14802);
#11626=FILL_AREA_STYLE_COLOUR('',#14803);
#11627=VERTEX_POINT('',#14804);
#11628=VERTEX_POINT('',#14805);
#11629=LINE('',#14806,#14807);
#11630=VERTEX_POINT('',#14808);
#11631=LINE('',#14809,#14810);
#11632=VERTEX_POINT('',#14811);
#11633=LINE('',#14812,#14813);
#11634=LINE('',#14814,#14815);
#11635=FILL_AREA_STYLE_COLOUR('',#14816);
#11636=VERTEX_POINT('',#14817);
#11637=LINE('',#14818,#14819);
#11638=VERTEX_POINT('',#14820);
#11639=LINE('',#14821,#14822);
#11640=LINE('',#14823,#14824);
#11641=VERTEX_POINT('',#14825);
#11642=LINE('',#14826,#14827);
#11643=LINE('',#14828,#14829);
#11644=FILL_AREA_STYLE_COLOUR('',#14830);
#11645=VERTEX_POINT('',#14831);
#11646=LINE('',#14832,#14833);
#11647=VERTEX_POINT('',#14834);
#11648=LINE('',#14835,#14836);
#11649=LINE('',#14837,#14838);
#11650=FILL_AREA_STYLE_COLOUR('',#14839);
#11651=LINE('',#14840,#14841);
#11652=LINE('',#14842,#14843);
#11653=FILL_AREA_STYLE_COLOUR('',#14844);
#11654=LINE('',#14845,#14846);
#11655=FILL_AREA_STYLE_COLOUR('',#14847);
#11656=LINE('',#14848,#14849);
#11657=FILL_AREA_STYLE_COLOUR('',#14850);
#11658=LINE('',#14851,#14852);
#11659=FILL_AREA_STYLE_COLOUR('',#14853);
#11660=LINE('',#14854,#14855);
#11661=FILL_AREA_STYLE_COLOUR('',#14856);
#11662=VERTEX_POINT('',#14857);
#11663=LINE('',#14858,#14859);
#11664=VERTEX_POINT('',#14860);
#11665=LINE('',#14861,#14862);
#11666=LINE('',#14863,#14864);
#11667=FILL_AREA_STYLE_COLOUR('',#14865);
#11668=VERTEX_POINT('',#14866);
#11669=VERTEX_POINT('',#14867);
#11670=LINE('',#14868,#14869);
#11671=VERTEX_POINT('',#14870);
#11672=LINE('',#14871,#14872);
#11673=VERTEX_POINT('',#14873);
#11674=LINE('',#14874,#14875);
#11675=LINE('',#14876,#14877);
#11676=FILL_AREA_STYLE_COLOUR('',#14878);
#11677=VERTEX_POINT('',#14879);
#11678=VERTEX_POINT('',#14880);
#11679=LINE('',#14881,#14882);
#11680=VERTEX_POINT('',#14883);
#11681=LINE('',#14884,#14885);
#11682=VERTEX_POINT('',#14886);
#11683=LINE('',#14887,#14888);
#11684=VERTEX_POINT('',#14889);
#11685=LINE('',#14890,#14891);
#11686=VERTEX_POINT('',#14892);
#11687=LINE('',#14893,#14894);
#11688=LINE('',#14895,#14896);
#11689=LINE('',#14897,#14898);
#11690=FILL_AREA_STYLE_COLOUR('',#14899);
#11691=VERTEX_POINT('',#14900);
#11692=LINE('',#14901,#14902);
#11693=VERTEX_POINT('',#14903);
#11694=LINE('',#14904,#14905);
#11695=LINE('',#14906,#14907);
#11696=FILL_AREA_STYLE_COLOUR('',#14908);
#11697=VERTEX_POINT('',#14909);
#11698=LINE('',#14910,#14911);
#11699=LINE('',#14912,#14913);
#11700=FILL_AREA_STYLE_COLOUR('',#14914);
#11701=VERTEX_POINT('',#14915);
#11702=LINE('',#14916,#14917);
#11703=LINE('',#14918,#14919);
#11704=FILL_AREA_STYLE_COLOUR('',#14920);
#11705=VERTEX_POINT('',#14921);
#11706=LINE('',#14922,#14923);
#11707=VERTEX_POINT('',#14924);
#11708=LINE('',#14925,#14926);
#11709=VERTEX_POINT('',#14927);
#11710=LINE('',#14928,#14929);
#11711=VERTEX_POINT('',#14930);
#11712=LINE('',#14931,#14932);
#11713=VERTEX_POINT('',#14933);
#11714=LINE('',#14934,#14935);
#11715=LINE('',#14936,#14937);
#11716=FILL_AREA_STYLE_COLOUR('',#14938);
#11717=LINE('',#14939,#14940);
#11718=VERTEX_POINT('',#14941);
#11719=LINE('',#14942,#14943);
#11720=VERTEX_POINT('',#14944);
#11721=LINE('',#14945,#14946);
#11722=VERTEX_POINT('',#14947);
#11723=LINE('',#14948,#14949);
#11724=VERTEX_POINT('',#14950);
#11725=LINE('',#14951,#14952);
#11726=VERTEX_POINT('',#14953);
#11727=LINE('',#14954,#14955);
#11728=VERTEX_POINT('',#14956);
#11729=LINE('',#14957,#14958);
#11730=VERTEX_POINT('',#14959);
#11731=LINE('',#14960,#14961);
#11732=VERTEX_POINT('',#14962);
#11733=LINE('',#14963,#14964);
#11734=VERTEX_POINT('',#14965);
#11735=LINE('',#14966,#14967);
#11736=VERTEX_POINT('',#14968);
#11737=LINE('',#14969,#14970);
#11738=VERTEX_POINT('',#14971);
#11739=LINE('',#14972,#14973);
#11740=VERTEX_POINT('',#14974);
#11741=LINE('',#14975,#14976);
#11742=LINE('',#14977,#14978);
#11743=FILL_AREA_STYLE_COLOUR('',#14979);
#11744=VERTEX_POINT('',#14980);
#11745=LINE('',#14981,#14982);
#11746=VERTEX_POINT('',#14983);
#11747=LINE('',#14984,#14985);
#11748=LINE('',#14986,#14987);
#11749=FILL_AREA_STYLE_COLOUR('',#14988);
#11750=VERTEX_POINT('',#14989);
#11751=LINE('',#14990,#14991);
#11752=VERTEX_POINT('',#14992);
#11753=LINE('',#14993,#14994);
#11754=LINE('',#14995,#14996);
#11755=FILL_AREA_STYLE_COLOUR('',#14997);
#11756=VERTEX_POINT('',#14998);
#11757=LINE('',#14999,#15000);
#11758=VERTEX_POINT('',#15001);
#11759=LINE('',#15002,#15003);
#11760=LINE('',#15004,#15005);
#11761=FILL_AREA_STYLE_COLOUR('',#15006);
#11762=VERTEX_POINT('',#15007);
#11763=VERTEX_POINT('',#15008);
#11764=LINE('',#15009,#15010);
#11765=VERTEX_POINT('',#15011);
#11766=LINE('',#15012,#15013);
#11767=VERTEX_POINT('',#15014);
#11768=LINE('',#15015,#15016);
#11769=LINE('',#15017,#15018);
#11770=FILL_AREA_STYLE_COLOUR('',#15019);
#11771=LINE('',#15020,#15021);
#11772=VERTEX_POINT('',#15022);
#11773=LINE('',#15023,#15024);
#11774=LINE('',#15025,#15026);
#11775=FILL_AREA_STYLE_COLOUR('',#15027);
#11776=LINE('',#15028,#15029);
#11777=VERTEX_POINT('',#15030);
#11778=LINE('',#15031,#15032);
#11779=VERTEX_POINT('',#15033);
#11780=LINE('',#15034,#15035);
#11781=VERTEX_POINT('',#15036);
#11782=LINE('',#15037,#15038);
#11783=VERTEX_POINT('',#15039);
#11784=LINE('',#15040,#15041);
#11785=VERTEX_POINT('',#15042);
#11786=LINE('',#15043,#15044);
#11787=VERTEX_POINT('',#15045);
#11788=LINE('',#15046,#15047);
#11789=VERTEX_POINT('',#15048);
#11790=LINE('',#15049,#15050);
#11791=VERTEX_POINT('',#15051);
#11792=LINE('',#15052,#15053);
#11793=VERTEX_POINT('',#15054);
#11794=LINE('',#15055,#15056);
#11795=VERTEX_POINT('',#15057);
#11796=LINE('',#15058,#15059);
#11797=VERTEX_POINT('',#15060);
#11798=LINE('',#15061,#15062);
#11799=VERTEX_POINT('',#15063);
#11800=LINE('',#15064,#15065);
#11801=LINE('',#15066,#15067);
#11802=FILL_AREA_STYLE_COLOUR('',#15068);
#11803=VERTEX_POINT('',#15069);
#11804=LINE('',#15070,#15071);
#11805=LINE('',#15072,#15073);
#11806=LINE('',#15074,#15075);
#11807=FILL_AREA_STYLE_COLOUR('',#15076);
#11808=VERTEX_POINT('',#15077);
#11809=LINE('',#15078,#15079);
#11810=LINE('',#15080,#15081);
#11811=LINE('',#15082,#15083);
#11812=FILL_AREA_STYLE_COLOUR('',#15084);
#11813=VERTEX_POINT('',#15085);
#11814=VERTEX_POINT('',#15086);
#11815=LINE('',#15087,#15088);
#11816=VERTEX_POINT('',#15089);
#11817=LINE('',#15090,#15091);
#11818=VERTEX_POINT('',#15092);
#11819=LINE('',#15093,#15094);
#11820=LINE('',#15095,#15096);
#11821=FILL_AREA_STYLE_COLOUR('',#15097);
#11822=VERTEX_POINT('',#15098);
#11823=LINE('',#15099,#15100);
#11824=VERTEX_POINT('',#15101);
#11825=LINE('',#15102,#15103);
#11826=LINE('',#15104,#15105);
#11827=FILL_AREA_STYLE_COLOUR('',#15106);
#11828=VERTEX_POINT('',#15107);
#11829=LINE('',#15108,#15109);
#11830=VERTEX_POINT('',#15110);
#11831=LINE('',#15111,#15112);
#11832=LINE('',#15113,#15114);
#11833=FILL_AREA_STYLE_COLOUR('',#15115);
#11834=LINE('',#15116,#15117);
#11835=LINE('',#15118,#15119);
#11836=VERTEX_POINT('',#15120);
#11837=LINE('',#15121,#15122);
#11838=VERTEX_POINT('',#15123);
#11839=LINE('',#15124,#15125);
#11840=VERTEX_POINT('',#15126);
#11841=LINE('',#15127,#15128);
#11842=VERTEX_POINT('',#15129);
#11843=LINE('',#15130,#15131);
#11844=VERTEX_POINT('',#15132);
#11845=LINE('',#15133,#15134);
#11846=VERTEX_POINT('',#15135);
#11847=LINE('',#15136,#15137);
#11848=VERTEX_POINT('',#15138);
#11849=LINE('',#15139,#15140);
#11850=VERTEX_POINT('',#15141);
#11851=LINE('',#15142,#15143);
#11852=VERTEX_POINT('',#15144);
#11853=LINE('',#15145,#15146);
#11854=VERTEX_POINT('',#15147);
#11855=LINE('',#15148,#15149);
#11856=VERTEX_POINT('',#15150);
#11857=LINE('',#15151,#15152);
#11858=VERTEX_POINT('',#15153);
#11859=LINE('',#15154,#15155);
#11860=VERTEX_POINT('',#15156);
#11861=LINE('',#15157,#15158);
#11862=VERTEX_POINT('',#15159);
#11863=LINE('',#15160,#15161);
#11864=VERTEX_POINT('',#15162);
#11865=LINE('',#15163,#15164);
#11866=VERTEX_POINT('',#15165);
#11867=LINE('',#15166,#15167);
#11868=VERTEX_POINT('',#15168);
#11869=LINE('',#15169,#15170);
#11870=VERTEX_POINT('',#15171);
#11871=LINE('',#15172,#15173);
#11872=VERTEX_POINT('',#15174);
#11873=LINE('',#15175,#15176);
#11874=VERTEX_POINT('',#15177);
#11875=LINE('',#15178,#15179);
#11876=VERTEX_POINT('',#15180);
#11877=LINE('',#15181,#15182);
#11878=VERTEX_POINT('',#15183);
#11879=LINE('',#15184,#15185);
#11880=VERTEX_POINT('',#15186);
#11881=LINE('',#15187,#15188);
#11882=VERTEX_POINT('',#15189);
#11883=LINE('',#15190,#15191);
#11884=LINE('',#15192,#15193);
#11885=FILL_AREA_STYLE_COLOUR('',#15194);
#11886=LINE('',#15195,#15196);
#11887=FILL_AREA_STYLE_COLOUR('',#15197);
#11888=LINE('',#15198,#15199);
#11889=FILL_AREA_STYLE_COLOUR('',#15200);
#11890=VERTEX_POINT('',#15201);
#11891=LINE('',#15202,#15203);
#11892=VERTEX_POINT('',#15204);
#11893=LINE('',#15205,#15206);
#11894=LINE('',#15207,#15208);
#11895=FILL_AREA_STYLE_COLOUR('',#15209);
#11896=VERTEX_POINT('',#15210);
#11897=LINE('',#15211,#15212);
#11898=LINE('',#15213,#15214);
#11899=FILL_AREA_STYLE_COLOUR('',#15215);
#11900=VERTEX_POINT('',#15216);
#11901=LINE('',#15217,#15218);
#11902=LINE('',#15219,#15220);
#11903=FILL_AREA_STYLE_COLOUR('',#15221);
#11904=LINE('',#15222,#15223);
#11905=FILL_AREA_STYLE_COLOUR('',#15224);
#11906=LINE('',#15225,#15226);
#11907=FILL_AREA_STYLE_COLOUR('',#15227);
#11908=VERTEX_POINT('',#15228);
#11909=LINE('',#15229,#15230);
#11910=VERTEX_POINT('',#15231);
#11911=LINE('',#15232,#15233);
#11912=LINE('',#15234,#15235);
#11913=FILL_AREA_STYLE_COLOUR('',#15236);
#11914=VERTEX_POINT('',#15237);
#11915=LINE('',#15238,#15239);
#11916=LINE('',#15240,#15241);
#11917=FILL_AREA_STYLE_COLOUR('',#15242);
#11918=VERTEX_POINT('',#15243);
#11919=LINE('',#15244,#15245);
#11920=LINE('',#15246,#15247);
#11921=FILL_AREA_STYLE_COLOUR('',#15248);
#11922=LINE('',#15249,#15250);
#11923=FILL_AREA_STYLE_COLOUR('',#15251);
#11924=LINE('',#15252,#15253);
#11925=FILL_AREA_STYLE_COLOUR('',#15254);
#11926=VERTEX_POINT('',#15255);
#11927=LINE('',#15256,#15257);
#11928=VERTEX_POINT('',#15258);
#11929=LINE('',#15259,#15260);
#11930=LINE('',#15261,#15262);
#11931=FILL_AREA_STYLE_COLOUR('',#15263);
#11932=VERTEX_POINT('',#15264);
#11933=LINE('',#15265,#15266);
#11934=LINE('',#15267,#15268);
#11935=FILL_AREA_STYLE_COLOUR('',#15269);
#11936=VERTEX_POINT('',#15270);
#11937=LINE('',#15271,#15272);
#11938=LINE('',#15273,#15274);
#11939=FILL_AREA_STYLE_COLOUR('',#15275);
#11940=LINE('',#15276,#15277);
#11941=FILL_AREA_STYLE_COLOUR('',#15278);
#11942=LINE('',#15279,#15280);
#11943=FILL_AREA_STYLE_COLOUR('',#15281);
#11944=VERTEX_POINT('',#15282);
#11945=LINE('',#15283,#15284);
#11946=VERTEX_POINT('',#15285);
#11947=LINE('',#15286,#15287);
#11948=LINE('',#15288,#15289);
#11949=FILL_AREA_STYLE_COLOUR('',#15290);
#11950=VERTEX_POINT('',#15291);
#11951=LINE('',#15292,#15293);
#11952=LINE('',#15294,#15295);
#11953=FILL_AREA_STYLE_COLOUR('',#15296);
#11954=VERTEX_POINT('',#15297);
#11955=LINE('',#15298,#15299);
#11956=LINE('',#15300,#15301);
#11957=FILL_AREA_STYLE_COLOUR('',#15302);
#11958=LINE('',#15303,#15304);
#11959=FILL_AREA_STYLE_COLOUR('',#15305);
#11960=LINE('',#15306,#15307);
#11961=FILL_AREA_STYLE_COLOUR('',#15308);
#11962=VERTEX_POINT('',#15309);
#11963=LINE('',#15310,#15311);
#11964=VERTEX_POINT('',#15312);
#11965=LINE('',#15313,#15314);
#11966=LINE('',#15315,#15316);
#11967=FILL_AREA_STYLE_COLOUR('',#15317);
#11968=VERTEX_POINT('',#15318);
#11969=LINE('',#15319,#15320);
#11970=LINE('',#15321,#15322);
#11971=FILL_AREA_STYLE_COLOUR('',#15323);
#11972=VERTEX_POINT('',#15324);
#11973=LINE('',#15325,#15326);
#11974=LINE('',#15327,#15328);
#11975=FILL_AREA_STYLE_COLOUR('',#15329);
#11976=LINE('',#15330,#15331);
#11977=FILL_AREA_STYLE_COLOUR('',#15332);
#11978=LINE('',#15333,#15334);
#11979=FILL_AREA_STYLE_COLOUR('',#15335);
#11980=VERTEX_POINT('',#15336);
#11981=LINE('',#15337,#15338);
#11982=VERTEX_POINT('',#15339);
#11983=LINE('',#15340,#15341);
#11984=LINE('',#15342,#15343);
#11985=FILL_AREA_STYLE_COLOUR('',#15344);
#11986=VERTEX_POINT('',#15345);
#11987=LINE('',#15346,#15347);
#11988=LINE('',#15348,#15349);
#11989=FILL_AREA_STYLE_COLOUR('',#15350);
#11990=VERTEX_POINT('',#15351);
#11991=LINE('',#15352,#15353);
#11992=LINE('',#15354,#15355);
#11993=FILL_AREA_STYLE_COLOUR('',#15356);
#11994=LINE('',#15357,#15358);
#11995=FILL_AREA_STYLE_COLOUR('',#15359);
#11996=LINE('',#15360,#15361);
#11997=FILL_AREA_STYLE_COLOUR('',#15362);
#11998=LINE('',#15363,#15364);
#11999=FILL_AREA_STYLE_COLOUR('',#15365);
#12000=LINE('',#15366,#15367);
#12001=FILL_AREA_STYLE_COLOUR('',#15368);
#12002=LINE('',#15369,#15370);
#12003=FILL_AREA_STYLE_COLOUR('',#15371);
#12004=LINE('',#15372,#15373);
#12005=FILL_AREA_STYLE_COLOUR('',#15374);
#12006=LINE('',#15375,#15376);
#12007=FILL_AREA_STYLE_COLOUR('',#15377);
#12008=LINE('',#15378,#15379);
#12009=FILL_AREA_STYLE_COLOUR('',#15380);
#12010=LINE('',#15381,#15382);
#12011=FILL_AREA_STYLE_COLOUR('',#15383);
#12012=LINE('',#15384,#15385);
#12013=FILL_AREA_STYLE_COLOUR('',#15386);
#12014=FILL_AREA_STYLE_COLOUR('',#15387);
#12015=LINE('',#15388,#15389);
#12016=FILL_AREA_STYLE_COLOUR('',#15390);
#12017=LINE('',#15391,#15392);
#12018=FILL_AREA_STYLE_COLOUR('',#15393);
#12019=LINE('',#15394,#15395);
#12020=FILL_AREA_STYLE_COLOUR('',#15396);
#12021=LINE('',#15397,#15398);
#12022=FILL_AREA_STYLE_COLOUR('',#15399);
#12023=FILL_AREA_STYLE_COLOUR('',#15400);
#12024=FILL_AREA_STYLE_COLOUR('',#15401);
#12025=COLOUR_RGB('',0.431372553110123,0.862745106220245,0.549019634723663);
#12026=CARTESIAN_POINT('',(0.6,-12.5,0.0));
#12027=CARTESIAN_POINT('',(0.6,-18.7,0.0));
#12028=CARTESIAN_POINT('',(0.6,-15.6,7.34788079488412E-17));
#12029=VECTOR('',#15402,1.0);
#12030=CARTESIAN_POINT('',(-0.6,-12.5,-7.34788079488412E-17));
#12031=AXIS2_PLACEMENT_3D('',#15403,#15404,#15405);
#12032=CARTESIAN_POINT('',(-0.6,-18.7,-7.34788079488412E-17));
#12033=CARTESIAN_POINT('',(-0.6,-15.6,-7.34788079488412E-17));
#12034=VECTOR('',#15406,1.0);
#12035=AXIS2_PLACEMENT_3D('',#15407,#15408,#15409);
#12036=COLOUR_RGB('',0.431372553110123,0.862745106220245,0.549019634723663);
#12037=CARTESIAN_POINT('',(1.0,-19.1,0.0));
#12038=CARTESIAN_POINT('',(0.8,-18.9,9.79717439317882E-17));
#12039=VECTOR('',#15410,1.0);
#12040=CARTESIAN_POINT('',(-1.0,-19.1,-1.22464679914735E-16));
#12041=CARTESIAN_POINT('',(-0.8,-18.9,-9.79717439317882E-17));
#12042=VECTOR('',#15411,1.0);
#12043=AXIS2_PLACEMENT_3D('',#15412,#15413,#15414);
#12044=COLOUR_RGB('',0.431372553110123,0.862745106220245,0.549019634723663);
#12045=CARTESIAN_POINT('',(4.1,-12.5,0.0));
#12046=CARTESIAN_POINT('',(4.1,-18.7,0.0));
#12047=CARTESIAN_POINT('',(4.1,-15.6,7.34788079488412E-17));
#12048=VECTOR('',#15415,1.0);
#12049=CARTESIAN_POINT('',(2.9,-12.5,-7.34788079488412E-17));
#12050=AXIS2_PLACEMENT_3D('',#15416,#15417,#15418);
#12051=CARTESIAN_POINT('',(2.9,-18.7,-7.34788079488412E-17));
#12052=CARTESIAN_POINT('',(2.9,-15.6,-7.34788079488412E-17));
#12053=VECTOR('',#15419,1.0);
#12054=AXIS2_PLACEMENT_3D('',#15420,#15421,#15422);
#12055=COLOUR_RGB('',0.431372553110123,0.862745106220245,0.549019634723663);
#12056=CARTESIAN_POINT('',(4.5,-19.1,0.0));
#12057=CARTESIAN_POINT('',(4.3,-18.9,9.79717439317883E-17));
#12058=VECTOR('',#15423,1.0);
#12059=CARTESIAN_POINT('',(2.5,-19.1,-1.22464679914735E-16));
#12060=CARTESIAN_POINT('',(2.7,-18.9,-9.79717439317883E-17));
#12061=VECTOR('',#15424,1.0);
#12062=AXIS2_PLACEMENT_3D('',#15425,#15426,#15427);
#12063=COLOUR_RGB('',0.431372553110123,0.862745106220245,0.549019634723663);
#12064=CARTESIAN_POINT('',(7.6,-12.5,0.0));
#12065=CARTESIAN_POINT('',(7.6,-18.7,0.0));
#12066=CARTESIAN_POINT('',(7.6,-15.6,7.34788079488412E-17));
#12067=VECTOR('',#15428,1.0);
#12068=CARTESIAN_POINT('',(6.4,-12.5,-7.34788079488412E-17));
#12069=AXIS2_PLACEMENT_3D('',#15429,#15430,#15431);
#12070=CARTESIAN_POINT('',(6.4,-18.7,-7.34788079488412E-17));
#12071=CARTESIAN_POINT('',(6.4,-15.6,-7.34788079488412E-17));
#12072=VECTOR('',#15432,1.0);
#12073=AXIS2_PLACEMENT_3D('',#15433,#15434,#15435);
#12074=COLOUR_RGB('',0.431372553110123,0.862745106220245,0.549019634723663);
#12075=CARTESIAN_POINT('',(8.0,-19.1,0.0));
#12076=CARTESIAN_POINT('',(7.8,-18.9,9.79717439317883E-17));
#12077=VECTOR('',#15436,1.0);
#12078=CARTESIAN_POINT('',(6.0,-19.1,-1.22464679914735E-16));
#12079=CARTESIAN_POINT('',(6.2,-18.9,-9.79717439317883E-17));
#12080=VECTOR('',#15437,1.0);
#12081=AXIS2_PLACEMENT_3D('',#15438,#15439,#15440);
#12082=COLOUR_RGB('',0.431372553110123,0.862745106220245,0.549019634723663);
#12083=CARTESIAN_POINT('',(11.1,-12.5,0.0));
#12084=CARTESIAN_POINT('',(11.1,-18.7,0.0));
#12085=CARTESIAN_POINT('',(11.1,-15.6,7.34788079488412E-17));
#12086=VECTOR('',#15441,1.0);
#12087=CARTESIAN_POINT('',(9.9,-12.5,-7.34788079488412E-17));
#12088=AXIS2_PLACEMENT_3D('',#15442,#15443,#15444);
#12089=CARTESIAN_POINT('',(9.9,-18.7,-7.34788079488411E-17));
#12090=CARTESIAN_POINT('',(9.9,-15.6,-7.34788079488412E-17));
#12091=VECTOR('',#15445,1.0);
#12092=AXIS2_PLACEMENT_3D('',#15446,#15447,#15448);
#12093=COLOUR_RGB('',0.431372553110123,0.862745106220245,0.549019634723663);
#12094=CARTESIAN_POINT('',(11.5,-19.1,0.0));
#12095=CARTESIAN_POINT('',(11.3,-18.9,9.79717439317882E-17));
#12096=VECTOR('',#15449,1.0);
#12097=CARTESIAN_POINT('',(9.5,-19.1,-1.22464679914735E-16));
#12098=CARTESIAN_POINT('',(9.7,-18.9,-9.79717439317882E-17));
#12099=VECTOR('',#15450,1.0);
#12100=AXIS2_PLACEMENT_3D('',#15451,#15452,#15453);
#12101=COLOUR_RGB('',0.431372553110123,0.862745106220245,0.549019634723663);
#12102=CARTESIAN_POINT('',(14.6,-12.5,0.0));
#12103=CARTESIAN_POINT('',(14.6,-18.7,0.0));
#12104=CARTESIAN_POINT('',(14.6,-15.6,7.34788079488412E-17));
#12105=VECTOR('',#15454,1.0);
#12106=CARTESIAN_POINT('',(13.4,-12.5,-7.34788079488412E-17));
#12107=AXIS2_PLACEMENT_3D('',#15455,#15456,#15457);
#12108=CARTESIAN_POINT('',(13.4,-18.7,-7.34788079488411E-17));
#12109=CARTESIAN_POINT('',(13.4,-15.6,-7.34788079488412E-17));
#12110=VECTOR('',#15458,1.0);
#12111=AXIS2_PLACEMENT_3D('',#15459,#15460,#15461);
#12112=COLOUR_RGB('',0.431372553110123,0.862745106220245,0.549019634723663);
#12113=CARTESIAN_POINT('',(15.0,-19.1,0.0));
#12114=CARTESIAN_POINT('',(14.8,-18.9,9.79717439317882E-17));
#12115=VECTOR('',#15462,1.0);
#12116=CARTESIAN_POINT('',(13.0,-19.1,-1.22464679914735E-16));
#12117=CARTESIAN_POINT('',(13.2,-18.9,-9.79717439317882E-17));
#12118=VECTOR('',#15463,1.0);
#12119=AXIS2_PLACEMENT_3D('',#15464,#15465,#15466);
#12120=COLOUR_RGB('',0.431372553110123,0.862745106220245,0.549019634723663);
#12121=CARTESIAN_POINT('',(18.1,-12.5,0.0));
#12122=CARTESIAN_POINT('',(18.1,-18.7,0.0));
#12123=CARTESIAN_POINT('',(18.1,-15.6,7.3478807948841E-17));
#12124=VECTOR('',#15467,1.0);
#12125=CARTESIAN_POINT('',(16.9,-12.5,-7.3478807948841E-17));
#12126=AXIS2_PLACEMENT_3D('',#15468,#15469,#15470);
#12127=CARTESIAN_POINT('',(16.9,-18.7,-7.34788079488411E-17));
#12128=CARTESIAN_POINT('',(16.9,-15.6,-7.3478807948841E-17));
#12129=VECTOR('',#15471,1.0);
#12130=AXIS2_PLACEMENT_3D('',#15472,#15473,#15474);
#12131=COLOUR_RGB('',0.431372553110123,0.862745106220245,0.549019634723663);
#12132=CARTESIAN_POINT('',(18.5,-19.1,0.0));
#12133=CARTESIAN_POINT('',(18.3,-18.9,9.79717439317882E-17));
#12134=VECTOR('',#15475,1.0);
#12135=CARTESIAN_POINT('',(16.5,-19.1,-1.22464679914735E-16));
#12136=CARTESIAN_POINT('',(16.7,-18.9,-9.79717439317882E-17));
#12137=VECTOR('',#15476,1.0);
#12138=AXIS2_PLACEMENT_3D('',#15477,#15478,#15479);
#12139=COLOUR_RGB('',0.431372553110123,0.862745106220245,0.549019634723663);
#12140=CARTESIAN_POINT('',(1.65099999999999,1.77635683940025E-15,0.0));
#12141=CARTESIAN_POINT('',(1.39699999999999,-0.253999999999992,0.0));
#12142=CARTESIAN_POINT('',(1.52399999999999,-0.126999999999995,1.86636172190055E-16));
#12143=VECTOR('',#15480,1.0);
#12144=CARTESIAN_POINT('',(-1.65099999999998,-1.77635683940025E-15,-2.02189186539226E-16));
#12145=AXIS2_PLACEMENT_3D('',#15481,#15482,#15483);
#12146=CARTESIAN_POINT('',(-1.39699999999999,-0.253999999999992,-1.71083157840884E-16));
#12147=CARTESIAN_POINT('',(-1.52399999999999,-0.126999999999995,-1.86636172190055E-16));
#12148=VECTOR('',#15484,1.0);
#12149=AXIS2_PLACEMENT_3D('',#15485,#15486,#15487);
#12150=COLOUR_RGB('',0.431372553110123,0.862745106220245,0.549019634723663);
#12151=CARTESIAN_POINT('',(1.39699999999999,-1.77800000000001,0.0));
#12152=CARTESIAN_POINT('',(1.39699999999999,-1.016,1.71083157840884E-16));
#12153=VECTOR('',#15488,1.0);
#12154=CARTESIAN_POINT('',(-1.39699999999999,-1.77800000000001,-1.71083157840884E-16));
#12155=CARTESIAN_POINT('',(-1.39699999999999,-1.016,-1.71083157840884E-16));
#12156=VECTOR('',#15489,1.0);
#12157=AXIS2_PLACEMENT_3D('',#15490,#15491,#15492);
#12158=COLOUR_RGB('',0.431372553110123,0.862745106220245,0.549019634723663);
#12159=CARTESIAN_POINT('',(5.15099999999999,1.77635683940025E-15,0.0));
#12160=CARTESIAN_POINT('',(4.89699999999999,-0.253999999999992,0.0));
#12161=CARTESIAN_POINT('',(5.02399999999999,-0.126999999999995,1.86636172190055E-16));
#12162=VECTOR('',#15493,1.0);
#12163=CARTESIAN_POINT('',(1.84900000000002,-1.77635683940025E-15,-2.02189186539226E-16));
#12164=AXIS2_PLACEMENT_3D('',#15494,#15495,#15496);
#12165=CARTESIAN_POINT('',(2.10300000000001,-0.253999999999992,-1.71083157840884E-16));
#12166=CARTESIAN_POINT('',(1.97600000000001,-0.126999999999995,-1.86636172190055E-16));
#12167=VECTOR('',#15497,1.0);
#12168=AXIS2_PLACEMENT_3D('',#15498,#15499,#15500);
#12169=COLOUR_RGB('',0.431372553110123,0.862745106220245,0.549019634723663);
#12170=CARTESIAN_POINT('',(4.89699999999999,-1.77800000000001,0.0));
#12171=CARTESIAN_POINT('',(4.89699999999999,-1.016,1.71083157840884E-16));
#12172=VECTOR('',#15501,1.0);
#12173=CARTESIAN_POINT('',(2.10300000000001,-1.77800000000001,-1.71083157840884E-16));
#12174=CARTESIAN_POINT('',(2.10300000000001,-1.016,-1.71083157840884E-16));
#12175=VECTOR('',#15502,1.0);
#12176=AXIS2_PLACEMENT_3D('',#15503,#15504,#15505);
#12177=COLOUR_RGB('',0.431372553110123,0.862745106220245,0.549019634723663);
#12178=CARTESIAN_POINT('',(8.65099999999999,1.77635683940025E-15,0.0));
#12179=CARTESIAN_POINT('',(8.39699999999999,-0.253999999999992,0.0));
#12180=CARTESIAN_POINT('',(8.52399999999999,-0.126999999999995,1.86636172190055E-16));
#12181=VECTOR('',#15506,1.0);
#12182=CARTESIAN_POINT('',(5.34900000000002,-1.77635683940025E-15,-2.02189186539226E-16));
#12183=AXIS2_PLACEMENT_3D('',#15507,#15508,#15509);
#12184=CARTESIAN_POINT('',(5.60300000000001,-0.253999999999992,-1.71083157840884E-16));
#12185=CARTESIAN_POINT('',(5.47600000000001,-0.126999999999995,-1.86636172190055E-16));
#12186=VECTOR('',#15510,1.0);
#12187=AXIS2_PLACEMENT_3D('',#15511,#15512,#15513);
#12188=COLOUR_RGB('',0.431372553110123,0.862745106220245,0.549019634723663);
#12189=CARTESIAN_POINT('',(8.39699999999999,-1.77800000000001,0.0));
#12190=CARTESIAN_POINT('',(8.39699999999999,-1.016,1.71083157840884E-16));
#12191=VECTOR('',#15514,1.0);
#12192=CARTESIAN_POINT('',(5.60300000000001,-1.77800000000001,-1.71083157840884E-16));
#12193=CARTESIAN_POINT('',(5.60300000000001,-1.016,-1.71083157840884E-16));
#12194=VECTOR('',#15515,1.0);
#12195=AXIS2_PLACEMENT_3D('',#15516,#15517,#15518);
#12196=COLOUR_RGB('',0.431372553110123,0.862745106220245,0.549019634723663);
#12197=CARTESIAN_POINT('',(12.151,1.77635683940025E-15,0.0));
#12198=CARTESIAN_POINT('',(11.897,-0.253999999999992,0.0));
#12199=CARTESIAN_POINT('',(12.024,-0.126999999999995,1.86636172190055E-16));
#12200=VECTOR('',#15519,1.0);
#12201=CARTESIAN_POINT('',(8.84900000000002,-1.77635683940025E-15,-2.02189186539226E-16));
#12202=AXIS2_PLACEMENT_3D('',#15520,#15521,#15522);
#12203=CARTESIAN_POINT('',(9.10300000000001,-0.253999999999992,-1.71083157840884E-16));
#12204=CARTESIAN_POINT('',(8.97600000000001,-0.126999999999995,-1.86636172190055E-16));
#12205=VECTOR('',#15523,1.0);
#12206=AXIS2_PLACEMENT_3D('',#15524,#15525,#15526);
#12207=COLOUR_RGB('',0.431372553110123,0.862745106220245,0.549019634723663);
#12208=CARTESIAN_POINT('',(11.897,-1.77800000000001,0.0));
#12209=CARTESIAN_POINT('',(11.897,-1.016,1.71083157840884E-16));
#12210=VECTOR('',#15527,1.0);
#12211=CARTESIAN_POINT('',(9.10300000000001,-1.77800000000001,-1.71083157840884E-16));
#12212=CARTESIAN_POINT('',(9.10300000000001,-1.016,-1.71083157840884E-16));
#12213=VECTOR('',#15528,1.0);
#12214=AXIS2_PLACEMENT_3D('',#15529,#15530,#15531);
#12215=COLOUR_RGB('',0.431372553110123,0.862745106220245,0.549019634723663);
#12216=CARTESIAN_POINT('',(15.651,1.77635683940025E-15,0.0));
#12217=CARTESIAN_POINT('',(15.397,-0.253999999999992,0.0));
#12218=CARTESIAN_POINT('',(15.524,-0.126999999999995,1.86636172190055E-16));
#12219=VECTOR('',#15532,1.0);
#12220=CARTESIAN_POINT('',(12.349,-1.77635683940025E-15,-2.02189186539226E-16));
#12221=AXIS2_PLACEMENT_3D('',#15533,#15534,#15535);
#12222=CARTESIAN_POINT('',(12.603,-0.253999999999992,-1.71083157840884E-16));
#12223=CARTESIAN_POINT('',(12.476,-0.126999999999995,-1.86636172190055E-16));
#12224=VECTOR('',#15536,1.0);
#12225=AXIS2_PLACEMENT_3D('',#15537,#15538,#15539);
#12226=COLOUR_RGB('',0.431372553110123,0.862745106220245,0.549019634723663);
#12227=CARTESIAN_POINT('',(15.397,-1.77800000000001,0.0));
#12228=CARTESIAN_POINT('',(15.397,-1.016,1.71083157840884E-16));
#12229=VECTOR('',#15540,1.0);
#12230=CARTESIAN_POINT('',(12.603,-1.77800000000001,-1.71083157840884E-16));
#12231=CARTESIAN_POINT('',(12.603,-1.016,-1.71083157840884E-16));
#12232=VECTOR('',#15541,1.0);
#12233=AXIS2_PLACEMENT_3D('',#15542,#15543,#15544);
#12234=COLOUR_RGB('',0.431372553110123,0.862745106220245,0.549019634723663);
#12235=CARTESIAN_POINT('',(19.151,1.77635683940025E-15,0.0));
#12236=CARTESIAN_POINT('',(18.897,-0.253999999999992,0.0));
#12237=CARTESIAN_POINT('',(19.024,-0.126999999999995,1.86636172190055E-16));
#12238=VECTOR('',#15545,1.0);
#12239=CARTESIAN_POINT('',(15.849,-1.77635683940025E-15,-2.02189186539226E-16));
#12240=AXIS2_PLACEMENT_3D('',#15546,#15547,#15548);
#12241=CARTESIAN_POINT('',(16.103,-0.253999999999992,-1.71083157840884E-16));
#12242=CARTESIAN_POINT('',(15.976,-0.126999999999995,-1.86636172190055E-16));
#12243=VECTOR('',#15549,1.0);
#12244=AXIS2_PLACEMENT_3D('',#15550,#15551,#15552);
#12245=COLOUR_RGB('',0.431372553110123,0.862745106220245,0.549019634723663);
#12246=CARTESIAN_POINT('',(18.897,-1.77800000000001,0.0));
#12247=CARTESIAN_POINT('',(18.897,-1.016,1.71083157840885E-16));
#12248=VECTOR('',#15553,1.0);
#12249=CARTESIAN_POINT('',(16.103,-1.77800000000001,-1.71083157840884E-16));
#12250=CARTESIAN_POINT('',(16.103,-1.016,-1.71083157840884E-16));
#12251=VECTOR('',#15554,1.0);
#12252=AXIS2_PLACEMENT_3D('',#15555,#15556,#15557);
#12253=COLOUR_RGB('',0.647058844566345,0.647058844566345,0.647058844566345);
#12254=CARTESIAN_POINT('',(1.374,-1.77800000000001,1.68266470202846E-16));
#12255=CARTESIAN_POINT('',(1.374,-1.684,1.68266470202846E-16));
#12256=CARTESIAN_POINT('',(1.374,-1.55,1.68266470202846E-16));
#12257=VECTOR('',#15558,1.0);
#12258=CARTESIAN_POINT('',(-1.374,-1.77800000000001,0.0));
#12259=AXIS2_PLACEMENT_3D('',#15559,#15560,#15561);
#12260=CARTESIAN_POINT('',(-1.374,-1.684,-1.68266470202846E-16));
#12261=CARTESIAN_POINT('',(-1.374,-1.55,-1.68266470202846E-16));
#12262=VECTOR('',#15562,1.0);
#12263=CARTESIAN_POINT('',(-1.35031848095181,-1.684,-0.254));
#12264=AXIS2_PLACEMENT_3D('',#15563,#15564,#15565);
#12265=CARTESIAN_POINT('',(-1.35031848095181,-1.1,-0.254));
#12266=CARTESIAN_POINT('',(-1.35031848095181,-1.392,-0.254));
#12267=VECTOR('',#15566,1.0);
#12268=CARTESIAN_POINT('',(1.35031848095181,-1.1,-0.254));
#12269=AXIS2_PLACEMENT_3D('',#15567,#15568,#15569);
#12270=CARTESIAN_POINT('',(1.35031848095181,-1.684,-0.254));
#12271=CARTESIAN_POINT('',(1.35031848095181,-1.392,-0.254));
#12272=VECTOR('',#15570,1.0);
#12273=AXIS2_PLACEMENT_3D('',#15571,#15572,#15573);
#12274=COLOUR_RGB('',0.647058844566345,0.647058844566345,0.647058844566345);
#12275=CARTESIAN_POINT('',(4.874,-1.77800000000001,1.68266470202846E-16));
#12276=CARTESIAN_POINT('',(4.874,-1.684,1.68266470202846E-16));
#12277=CARTESIAN_POINT('',(4.874,-1.55,1.68266470202846E-16));
#12278=VECTOR('',#15574,1.0);
#12279=CARTESIAN_POINT('',(2.126,-1.77800000000001,0.0));
#12280=AXIS2_PLACEMENT_3D('',#15575,#15576,#15577);
#12281=CARTESIAN_POINT('',(2.126,-1.684,-1.68266470202846E-16));
#12282=CARTESIAN_POINT('',(2.126,-1.55,-1.68266470202846E-16));
#12283=VECTOR('',#15578,1.0);
#12284=CARTESIAN_POINT('',(2.14968151904819,-1.684,-0.254));
#12285=AXIS2_PLACEMENT_3D('',#15579,#15580,#15581);
#12286=CARTESIAN_POINT('',(2.14968151904819,-1.1,-0.254));
#12287=CARTESIAN_POINT('',(2.14968151904819,-1.392,-0.254));
#12288=VECTOR('',#15582,1.0);
#12289=CARTESIAN_POINT('',(4.85031848095181,-1.1,-0.254));
#12290=AXIS2_PLACEMENT_3D('',#15583,#15584,#15585);
#12291=CARTESIAN_POINT('',(4.85031848095181,-1.684,-0.254));
#12292=CARTESIAN_POINT('',(4.85031848095181,-1.392,-0.254));
#12293=VECTOR('',#15586,1.0);
#12294=AXIS2_PLACEMENT_3D('',#15587,#15588,#15589);
#12295=COLOUR_RGB('',0.647058844566345,0.647058844566345,0.647058844566345);
#12296=CARTESIAN_POINT('',(8.374,-1.77800000000001,1.68266470202846E-16));
#12297=CARTESIAN_POINT('',(8.374,-1.684,1.68266470202846E-16));
#12298=CARTESIAN_POINT('',(8.374,-1.55,1.68266470202846E-16));
#12299=VECTOR('',#15590,1.0);
#12300=CARTESIAN_POINT('',(5.626,-1.77800000000001,0.0));
#12301=AXIS2_PLACEMENT_3D('',#15591,#15592,#15593);
#12302=CARTESIAN_POINT('',(5.626,-1.684,-1.68266470202846E-16));
#12303=CARTESIAN_POINT('',(5.626,-1.55,-1.68266470202846E-16));
#12304=VECTOR('',#15594,1.0);
#12305=CARTESIAN_POINT('',(5.64968151904819,-1.684,-0.254));
#12306=AXIS2_PLACEMENT_3D('',#15595,#15596,#15597);
#12307=CARTESIAN_POINT('',(5.64968151904819,-1.1,-0.254));
#12308=CARTESIAN_POINT('',(5.64968151904819,-1.392,-0.254));
#12309=VECTOR('',#15598,1.0);
#12310=CARTESIAN_POINT('',(8.35031848095181,-1.1,-0.254));
#12311=AXIS2_PLACEMENT_3D('',#15599,#15600,#15601);
#12312=CARTESIAN_POINT('',(8.35031848095181,-1.684,-0.254));
#12313=CARTESIAN_POINT('',(8.35031848095181,-1.392,-0.254));
#12314=VECTOR('',#15602,1.0);
#12315=AXIS2_PLACEMENT_3D('',#15603,#15604,#15605);
#12316=COLOUR_RGB('',0.647058844566345,0.647058844566345,0.647058844566345);
#12317=CARTESIAN_POINT('',(11.874,-1.77800000000001,1.68266470202846E-16));
#12318=CARTESIAN_POINT('',(11.874,-1.684,1.68266470202846E-16));
#12319=CARTESIAN_POINT('',(11.874,-1.55,1.68266470202846E-16));
#12320=VECTOR('',#15606,1.0);
#12321=CARTESIAN_POINT('',(9.126,-1.77800000000001,0.0));
#12322=AXIS2_PLACEMENT_3D('',#15607,#15608,#15609);
#12323=CARTESIAN_POINT('',(9.126,-1.684,-1.68266470202846E-16));
#12324=CARTESIAN_POINT('',(9.126,-1.55,-1.68266470202846E-16));
#12325=VECTOR('',#15610,1.0);
#12326=CARTESIAN_POINT('',(9.14968151904819,-1.684,-0.254));
#12327=AXIS2_PLACEMENT_3D('',#15611,#15612,#15613);
#12328=CARTESIAN_POINT('',(9.14968151904819,-1.1,-0.254));
#12329=CARTESIAN_POINT('',(9.14968151904819,-1.392,-0.254));
#12330=VECTOR('',#15614,1.0);
#12331=CARTESIAN_POINT('',(11.8503184809518,-1.1,-0.254));
#12332=AXIS2_PLACEMENT_3D('',#15615,#15616,#15617);
#12333=CARTESIAN_POINT('',(11.8503184809518,-1.684,-0.254));
#12334=CARTESIAN_POINT('',(11.8503184809518,-1.392,-0.254));
#12335=VECTOR('',#15618,1.0);
#12336=AXIS2_PLACEMENT_3D('',#15619,#15620,#15621);
#12337=COLOUR_RGB('',0.647058844566345,0.647058844566345,0.647058844566345);
#12338=CARTESIAN_POINT('',(15.374,-1.77800000000001,1.68266470202846E-16));
#12339=CARTESIAN_POINT('',(15.374,-1.684,1.68266470202846E-16));
#12340=CARTESIAN_POINT('',(15.374,-1.55,1.68266470202846E-16));
#12341=VECTOR('',#15622,1.0);
#12342=CARTESIAN_POINT('',(12.626,-1.77800000000001,0.0));
#12343=AXIS2_PLACEMENT_3D('',#15623,#15624,#15625);
#12344=CARTESIAN_POINT('',(12.626,-1.684,-1.68266470202846E-16));
#12345=CARTESIAN_POINT('',(12.626,-1.55,-1.68266470202846E-16));
#12346=VECTOR('',#15626,1.0);
#12347=CARTESIAN_POINT('',(12.6496815190482,-1.684,-0.254));
#12348=AXIS2_PLACEMENT_3D('',#15627,#15628,#15629);
#12349=CARTESIAN_POINT('',(12.6496815190482,-1.1,-0.254));
#12350=CARTESIAN_POINT('',(12.6496815190482,-1.392,-0.254));
#12351=VECTOR('',#15630,1.0);
#12352=CARTESIAN_POINT('',(15.3503184809518,-1.1,-0.254));
#12353=AXIS2_PLACEMENT_3D('',#15631,#15632,#15633);
#12354=CARTESIAN_POINT('',(15.3503184809518,-1.684,-0.254));
#12355=CARTESIAN_POINT('',(15.3503184809518,-1.392,-0.254));
#12356=VECTOR('',#15634,1.0);
#12357=AXIS2_PLACEMENT_3D('',#15635,#15636,#15637);
#12358=COLOUR_RGB('',0.647058844566345,0.647058844566345,0.647058844566345);
#12359=CARTESIAN_POINT('',(18.874,-1.77800000000001,1.68266470202847E-16));
#12360=CARTESIAN_POINT('',(18.874,-1.684,1.68266470202847E-16));
#12361=CARTESIAN_POINT('',(18.874,-1.55,1.68266470202847E-16));
#12362=VECTOR('',#15638,1.0);
#12363=CARTESIAN_POINT('',(16.126,-1.77800000000001,0.0));
#12364=AXIS2_PLACEMENT_3D('',#15639,#15640,#15641);
#12365=CARTESIAN_POINT('',(16.126,-1.684,-1.68266470202846E-16));
#12366=CARTESIAN_POINT('',(16.126,-1.55,-1.68266470202846E-16));
#12367=VECTOR('',#15642,1.0);
#12368=CARTESIAN_POINT('',(16.1496815190482,-1.684,-0.254));
#12369=AXIS2_PLACEMENT_3D('',#15643,#15644,#15645);
#12370=CARTESIAN_POINT('',(16.1496815190482,-1.1,-0.254));
#12371=CARTESIAN_POINT('',(16.1496815190482,-1.392,-0.254));
#12372=VECTOR('',#15646,1.0);
#12373=CARTESIAN_POINT('',(18.8503184809518,-1.1,-0.254));
#12374=AXIS2_PLACEMENT_3D('',#15647,#15648,#15649);
#12375=CARTESIAN_POINT('',(18.8503184809518,-1.684,-0.254));
#12376=CARTESIAN_POINT('',(18.8503184809518,-1.392,-0.254));
#12377=VECTOR('',#15650,1.0);
#12378=AXIS2_PLACEMENT_3D('',#15651,#15652,#15653);
#12379=COLOUR_RGB('',0.647058844566345,0.647058844566345,0.647058844566345);
#12380=CARTESIAN_POINT('',(18.8503184809518,-1.684,0.253999999999999));
#12381=AXIS2_PLACEMENT_3D('',#15654,#15655,#15656);
#12382=CARTESIAN_POINT('',(18.8503184809518,-1.1,0.253999999999999));
#12383=CARTESIAN_POINT('',(18.8503184809518,-1.392,0.253999999999999));
#12384=VECTOR('',#15657,1.0);
#12385=CARTESIAN_POINT('',(16.1496815190482,-1.1,0.253999999999999));
#12386=AXIS2_PLACEMENT_3D('',#15658,#15659,#15660);
#12387=CARTESIAN_POINT('',(16.1496815190482,-1.684,0.253999999999999));
#12388=CARTESIAN_POINT('',(16.1496815190482,-1.392,0.253999999999999));
#12389=VECTOR('',#15661,1.0);
#12390=AXIS2_PLACEMENT_3D('',#15662,#15663,#15664);
#12391=AXIS2_PLACEMENT_3D('',#15665,#15666,#15667);
#12392=COLOUR_RGB('',0.647058844566345,0.647058844566345,0.647058844566345);
#12393=CARTESIAN_POINT('',(17.5,-1.684,-0.254));
#12394=VECTOR('',#15668,1.0);
#12395=CARTESIAN_POINT('',(17.5,-1.1,-0.254));
#12396=VECTOR('',#15669,1.0);
#12397=COLOUR_RGB('',0.647058844566345,0.647058844566345,0.647058844566345);
#12398=CARTESIAN_POINT('',(17.5,-1.684,0.253999999999999));
#12399=VECTOR('',#15670,1.0);
#12400=COLOUR_RGB('',0.647058844566345,0.647058844566345,0.647058844566345);
#12401=CARTESIAN_POINT('',(17.5,-1.1,0.253999999999999));
#12402=VECTOR('',#15671,1.0);
#12403=COLOUR_RGB('',0.647058844566345,0.647058844566345,0.647058844566345);
#12404=COLOUR_RGB('',0.647058844566345,0.647058844566345,0.647058844566345);
#12405=COLOUR_RGB('',0.647058844566345,0.647058844566345,0.647058844566345);
#12406=CARTESIAN_POINT('',(15.3503184809518,-1.684,0.253999999999999));
#12407=AXIS2_PLACEMENT_3D('',#15672,#15673,#15674);
#12408=CARTESIAN_POINT('',(15.3503184809518,-1.1,0.253999999999999));
#12409=CARTESIAN_POINT('',(15.3503184809518,-1.392,0.253999999999999));
#12410=VECTOR('',#15675,1.0);
#12411=CARTESIAN_POINT('',(12.6496815190482,-1.1,0.253999999999999));
#12412=AXIS2_PLACEMENT_3D('',#15676,#15677,#15678);
#12413=CARTESIAN_POINT('',(12.6496815190482,-1.684,0.253999999999999));
#12414=CARTESIAN_POINT('',(12.6496815190482,-1.392,0.253999999999999));
#12415=VECTOR('',#15679,1.0);
#12416=AXIS2_PLACEMENT_3D('',#15680,#15681,#15682);
#12417=AXIS2_PLACEMENT_3D('',#15683,#15684,#15685);
#12418=COLOUR_RGB('',0.647058844566345,0.647058844566345,0.647058844566345);
#12419=CARTESIAN_POINT('',(14.0,-1.684,-0.254));
#12420=VECTOR('',#15686,1.0);
#12421=CARTESIAN_POINT('',(14.0,-1.1,-0.254));
#12422=VECTOR('',#15687,1.0);
#12423=COLOUR_RGB('',0.647058844566345,0.647058844566345,0.647058844566345);
#12424=CARTESIAN_POINT('',(14.0,-1.684,0.253999999999999));
#12425=VECTOR('',#15688,1.0);
#12426=COLOUR_RGB('',0.647058844566345,0.647058844566345,0.647058844566345);
#12427=CARTESIAN_POINT('',(14.0,-1.1,0.253999999999999));
#12428=VECTOR('',#15689,1.0);
#12429=COLOUR_RGB('',0.647058844566345,0.647058844566345,0.647058844566345);
#12430=COLOUR_RGB('',0.647058844566345,0.647058844566345,0.647058844566345);
#12431=COLOUR_RGB('',0.647058844566345,0.647058844566345,0.647058844566345);
#12432=CARTESIAN_POINT('',(11.8503184809518,-1.684,0.253999999999999));
#12433=AXIS2_PLACEMENT_3D('',#15690,#15691,#15692);
#12434=CARTESIAN_POINT('',(11.8503184809518,-1.1,0.253999999999999));
#12435=CARTESIAN_POINT('',(11.8503184809518,-1.392,0.253999999999999));
#12436=VECTOR('',#15693,1.0);
#12437=CARTESIAN_POINT('',(9.14968151904819,-1.1,0.253999999999999));
#12438=AXIS2_PLACEMENT_3D('',#15694,#15695,#15696);
#12439=CARTESIAN_POINT('',(9.14968151904819,-1.684,0.253999999999999));
#12440=CARTESIAN_POINT('',(9.14968151904819,-1.392,0.253999999999999));
#12441=VECTOR('',#15697,1.0);
#12442=AXIS2_PLACEMENT_3D('',#15698,#15699,#15700);
#12443=AXIS2_PLACEMENT_3D('',#15701,#15702,#15703);
#12444=COLOUR_RGB('',0.647058844566345,0.647058844566345,0.647058844566345);
#12445=CARTESIAN_POINT('',(10.5,-1.684,-0.254));
#12446=VECTOR('',#15704,1.0);
#12447=CARTESIAN_POINT('',(10.5,-1.1,-0.254));
#12448=VECTOR('',#15705,1.0);
#12449=COLOUR_RGB('',0.647058844566345,0.647058844566345,0.647058844566345);
#12450=CARTESIAN_POINT('',(10.5,-1.684,0.253999999999999));
#12451=VECTOR('',#15706,1.0);
#12452=COLOUR_RGB('',0.647058844566345,0.647058844566345,0.647058844566345);
#12453=CARTESIAN_POINT('',(10.5,-1.1,0.253999999999999));
#12454=VECTOR('',#15707,1.0);
#12455=COLOUR_RGB('',0.647058844566345,0.647058844566345,0.647058844566345);
#12456=COLOUR_RGB('',0.647058844566345,0.647058844566345,0.647058844566345);
#12457=COLOUR_RGB('',0.647058844566345,0.647058844566345,0.647058844566345);
#12458=CARTESIAN_POINT('',(8.35031848095181,-1.684,0.253999999999999));
#12459=AXIS2_PLACEMENT_3D('',#15708,#15709,#15710);
#12460=CARTESIAN_POINT('',(8.35031848095181,-1.1,0.253999999999999));
#12461=CARTESIAN_POINT('',(8.35031848095181,-1.392,0.253999999999999));
#12462=VECTOR('',#15711,1.0);
#12463=CARTESIAN_POINT('',(5.64968151904819,-1.1,0.253999999999999));
#12464=AXIS2_PLACEMENT_3D('',#15712,#15713,#15714);
#12465=CARTESIAN_POINT('',(5.64968151904819,-1.684,0.253999999999999));
#12466=CARTESIAN_POINT('',(5.64968151904819,-1.392,0.253999999999999));
#12467=VECTOR('',#15715,1.0);
#12468=AXIS2_PLACEMENT_3D('',#15716,#15717,#15718);
#12469=AXIS2_PLACEMENT_3D('',#15719,#15720,#15721);
#12470=COLOUR_RGB('',0.647058844566345,0.647058844566345,0.647058844566345);
#12471=CARTESIAN_POINT('',(7.0,-1.684,-0.254));
#12472=VECTOR('',#15722,1.0);
#12473=CARTESIAN_POINT('',(7.0,-1.1,-0.254));
#12474=VECTOR('',#15723,1.0);
#12475=COLOUR_RGB('',0.647058844566345,0.647058844566345,0.647058844566345);
#12476=CARTESIAN_POINT('',(7.0,-1.684,0.253999999999999));
#12477=VECTOR('',#15724,1.0);
#12478=COLOUR_RGB('',0.647058844566345,0.647058844566345,0.647058844566345);
#12479=CARTESIAN_POINT('',(7.0,-1.1,0.253999999999999));
#12480=VECTOR('',#15725,1.0);
#12481=COLOUR_RGB('',0.647058844566345,0.647058844566345,0.647058844566345);
#12482=COLOUR_RGB('',0.647058844566345,0.647058844566345,0.647058844566345);
#12483=COLOUR_RGB('',0.647058844566345,0.647058844566345,0.647058844566345);
#12484=CARTESIAN_POINT('',(4.85031848095181,-1.684,0.253999999999999));
#12485=AXIS2_PLACEMENT_3D('',#15726,#15727,#15728);
#12486=CARTESIAN_POINT('',(4.85031848095181,-1.1,0.253999999999999));
#12487=CARTESIAN_POINT('',(4.85031848095181,-1.392,0.253999999999999));
#12488=VECTOR('',#15729,1.0);
#12489=CARTESIAN_POINT('',(2.14968151904819,-1.1,0.253999999999999));
#12490=AXIS2_PLACEMENT_3D('',#15730,#15731,#15732);
#12491=CARTESIAN_POINT('',(2.14968151904819,-1.684,0.253999999999999));
#12492=CARTESIAN_POINT('',(2.14968151904819,-1.392,0.253999999999999));
#12493=VECTOR('',#15733,1.0);
#12494=AXIS2_PLACEMENT_3D('',#15734,#15735,#15736);
#12495=AXIS2_PLACEMENT_3D('',#15737,#15738,#15739);
#12496=COLOUR_RGB('',0.647058844566345,0.647058844566345,0.647058844566345);
#12497=CARTESIAN_POINT('',(3.5,-1.684,-0.254));
#12498=VECTOR('',#15740,1.0);
#12499=CARTESIAN_POINT('',(3.5,-1.1,-0.254));
#12500=VECTOR('',#15741,1.0);
#12501=COLOUR_RGB('',0.647058844566345,0.647058844566345,0.647058844566345);
#12502=CARTESIAN_POINT('',(3.5,-1.684,0.253999999999999));
#12503=VECTOR('',#15742,1.0);
#12504=COLOUR_RGB('',0.647058844566345,0.647058844566345,0.647058844566345);
#12505=CARTESIAN_POINT('',(3.5,-1.1,0.253999999999999));
#12506=VECTOR('',#15743,1.0);
#12507=COLOUR_RGB('',0.647058844566345,0.647058844566345,0.647058844566345);
#12508=COLOUR_RGB('',0.647058844566345,0.647058844566345,0.647058844566345);
#12509=COLOUR_RGB('',0.647058844566345,0.647058844566345,0.647058844566345);
#12510=CARTESIAN_POINT('',(1.35031848095181,-1.684,0.253999999999999));
#12511=AXIS2_PLACEMENT_3D('',#15744,#15745,#15746);
#12512=CARTESIAN_POINT('',(1.35031848095181,-1.1,0.253999999999999));
#12513=CARTESIAN_POINT('',(1.35031848095181,-1.392,0.253999999999999));
#12514=VECTOR('',#15747,1.0);
#12515=CARTESIAN_POINT('',(-1.35031848095181,-1.1,0.253999999999999));
#12516=AXIS2_PLACEMENT_3D('',#15748,#15749,#15750);
#12517=CARTESIAN_POINT('',(-1.35031848095181,-1.684,0.253999999999999));
#12518=CARTESIAN_POINT('',(-1.35031848095181,-1.392,0.253999999999999));
#12519=VECTOR('',#15751,1.0);
#12520=AXIS2_PLACEMENT_3D('',#15752,#15753,#15754);
#12521=AXIS2_PLACEMENT_3D('',#15755,#15756,#15757);
#12522=COLOUR_RGB('',0.647058844566345,0.647058844566345,0.647058844566345);
#12523=CARTESIAN_POINT('',(0.0,-1.684,-0.254));
#12524=VECTOR('',#15758,1.0);
#12525=CARTESIAN_POINT('',(0.0,-1.1,-0.254));
#12526=VECTOR('',#15759,1.0);
#12527=COLOUR_RGB('',0.647058844566345,0.647058844566345,0.647058844566345);
#12528=CARTESIAN_POINT('',(0.0,-1.684,0.253999999999999));
#12529=VECTOR('',#15760,1.0);
#12530=COLOUR_RGB('',0.647058844566345,0.647058844566345,0.647058844566345);
#12531=CARTESIAN_POINT('',(0.0,-1.1,0.253999999999999));
#12532=VECTOR('',#15761,1.0);
#12533=COLOUR_RGB('',0.647058844566345,0.647058844566345,0.647058844566345);
#12534=COLOUR_RGB('',0.647058844566345,0.647058844566345,0.647058844566345);
#12535=COLOUR_RGB('',0.431372553110123,0.862745106220245,0.549019634723663);
#12536=AXIS2_PLACEMENT_3D('',#15762,#15763,#15764);
#12537=AXIS2_PLACEMENT_3D('',#15765,#15766,#15767);
#12538=COLOUR_RGB('',0.431372553110123,0.862745106220245,0.549019634723663);
#12539=AXIS2_PLACEMENT_3D('',#15768,#15769,#15770);
#12540=COLOUR_RGB('',0.431372553110123,0.862745106220245,0.549019634723663);
#12541=COLOUR_RGB('',0.431372553110123,0.862745106220245,0.549019634723663);
#12542=AXIS2_PLACEMENT_3D('',#15771,#15772,#15773);
#12543=AXIS2_PLACEMENT_3D('',#15774,#15775,#15776);
#12544=COLOUR_RGB('',0.431372553110123,0.862745106220245,0.549019634723663);
#12545=AXIS2_PLACEMENT_3D('',#15777,#15778,#15779);
#12546=COLOUR_RGB('',0.431372553110123,0.862745106220245,0.549019634723663);
#12547=COLOUR_RGB('',0.431372553110123,0.862745106220245,0.549019634723663);
#12548=AXIS2_PLACEMENT_3D('',#15780,#15781,#15782);
#12549=AXIS2_PLACEMENT_3D('',#15783,#15784,#15785);
#12550=COLOUR_RGB('',0.431372553110123,0.862745106220245,0.549019634723663);
#12551=AXIS2_PLACEMENT_3D('',#15786,#15787,#15788);
#12552=COLOUR_RGB('',0.431372553110123,0.862745106220245,0.549019634723663);
#12553=COLOUR_RGB('',0.431372553110123,0.862745106220245,0.549019634723663);
#12554=AXIS2_PLACEMENT_3D('',#15789,#15790,#15791);
#12555=AXIS2_PLACEMENT_3D('',#15792,#15793,#15794);
#12556=COLOUR_RGB('',0.431372553110123,0.862745106220245,0.549019634723663);
#12557=AXIS2_PLACEMENT_3D('',#15795,#15796,#15797);
#12558=COLOUR_RGB('',0.431372553110123,0.862745106220245,0.549019634723663);
#12559=COLOUR_RGB('',0.431372553110123,0.862745106220245,0.549019634723663);
#12560=AXIS2_PLACEMENT_3D('',#15798,#15799,#15800);
#12561=AXIS2_PLACEMENT_3D('',#15801,#15802,#15803);
#12562=COLOUR_RGB('',0.431372553110123,0.862745106220245,0.549019634723663);
#12563=AXIS2_PLACEMENT_3D('',#15804,#15805,#15806);
#12564=COLOUR_RGB('',0.431372553110123,0.862745106220245,0.549019634723663);
#12565=COLOUR_RGB('',0.431372553110123,0.862745106220245,0.549019634723663);
#12566=AXIS2_PLACEMENT_3D('',#15807,#15808,#15809);
#12567=AXIS2_PLACEMENT_3D('',#15810,#15811,#15812);
#12568=COLOUR_RGB('',0.431372553110123,0.862745106220245,0.549019634723663);
#12569=AXIS2_PLACEMENT_3D('',#15813,#15814,#15815);
#12570=COLOUR_RGB('',0.431372553110123,0.862745106220245,0.549019634723663);
#12571=COLOUR_RGB('',0.431372553110123,0.862745106220245,0.549019634723663);
#12572=AXIS2_PLACEMENT_3D('',#15816,#15817,#15818);
#12573=AXIS2_PLACEMENT_3D('',#15819,#15820,#15821);
#12574=COLOUR_RGB('',0.431372553110123,0.862745106220245,0.549019634723663);
#12575=AXIS2_PLACEMENT_3D('',#15822,#15823,#15824);
#12576=COLOUR_RGB('',0.431372553110123,0.862745106220245,0.549019634723663);
#12577=COLOUR_RGB('',0.431372553110123,0.862745106220245,0.549019634723663);
#12578=AXIS2_PLACEMENT_3D('',#15825,#15826,#15827);
#12579=AXIS2_PLACEMENT_3D('',#15828,#15829,#15830);
#12580=COLOUR_RGB('',0.431372553110123,0.862745106220245,0.549019634723663);
#12581=AXIS2_PLACEMENT_3D('',#15831,#15832,#15833);
#12582=COLOUR_RGB('',0.431372553110123,0.862745106220245,0.549019634723663);
#12583=COLOUR_RGB('',0.431372553110123,0.862745106220245,0.549019634723663);
#12584=AXIS2_PLACEMENT_3D('',#15834,#15835,#15836);
#12585=AXIS2_PLACEMENT_3D('',#15837,#15838,#15839);
#12586=COLOUR_RGB('',0.431372553110123,0.862745106220245,0.549019634723663);
#12587=AXIS2_PLACEMENT_3D('',#15840,#15841,#15842);
#12588=COLOUR_RGB('',0.431372553110123,0.862745106220245,0.549019634723663);
#12589=COLOUR_RGB('',0.431372553110123,0.862745106220245,0.549019634723663);
#12590=AXIS2_PLACEMENT_3D('',#15843,#15844,#15845);
#12591=AXIS2_PLACEMENT_3D('',#15846,#15847,#15848);
#12592=COLOUR_RGB('',0.431372553110123,0.862745106220245,0.549019634723663);
#12593=AXIS2_PLACEMENT_3D('',#15849,#15850,#15851);
#12594=COLOUR_RGB('',0.431372553110123,0.862745106220245,0.549019634723663);
#12595=COLOUR_RGB('',0.431372553110123,0.862745106220245,0.549019634723663);
#12596=AXIS2_PLACEMENT_3D('',#15852,#15853,#15854);
#12597=AXIS2_PLACEMENT_3D('',#15855,#15856,#15857);
#12598=COLOUR_RGB('',0.431372553110123,0.862745106220245,0.549019634723663);
#12599=AXIS2_PLACEMENT_3D('',#15858,#15859,#15860);
#12600=COLOUR_RGB('',0.431372553110123,0.862745106220245,0.549019634723663);
#12601=COLOUR_RGB('',0.431372553110123,0.862745106220245,0.549019634723663);
#12602=AXIS2_PLACEMENT_3D('',#15861,#15862,#15863);
#12603=AXIS2_PLACEMENT_3D('',#15864,#15865,#15866);
#12604=COLOUR_RGB('',0.431372553110123,0.862745106220245,0.549019634723663);
#12605=AXIS2_PLACEMENT_3D('',#15867,#15868,#15869);
#12606=COLOUR_RGB('',0.431372553110123,0.862745106220245,0.549019634723663);
#12607=COLOUR_RGB('',0.431372553110123,0.862745106220245,0.549019634723663);
#12608=CARTESIAN_POINT('',(16.05,-12.5,-2.05000000000003));
#12609=CARTESIAN_POINT('',(16.05,-12.5,2.04999999999998));
#12610=CARTESIAN_POINT('',(16.05,-12.5,-1.15463194561016E-14));
#12611=VECTOR('',#15870,1.0);
#12612=CARTESIAN_POINT('',(16.05,-19.1,-2.05000000000003));
#12613=CARTESIAN_POINT('',(16.05,-12.3,-2.05000000000003));
#12614=VECTOR('',#15871,1.0);
#12615=CARTESIAN_POINT('',(16.05,-19.1,2.04999999999998));
#12616=CARTESIAN_POINT('',(16.05,-19.1,-2.05000000000003));
#12617=VECTOR('',#15872,1.0);
#12618=CARTESIAN_POINT('',(16.05,-12.3,2.04999999999998));
#12619=VECTOR('',#15873,1.0);
#12620=COLOUR_RGB('',0.431372553110123,0.862745106220245,0.549019634723663);
#12621=CARTESIAN_POINT('',(18.95,-12.5,-2.04999999999997));
#12622=CARTESIAN_POINT('',(18.65,-12.5,-2.04999999999998));
#12623=VECTOR('',#15874,1.0);
#12624=CARTESIAN_POINT('',(18.95,-19.1,-2.04999999999997));
#12625=CARTESIAN_POINT('',(18.95,-12.3,-2.04999999999997));
#12626=VECTOR('',#15875,1.0);
#12627=CARTESIAN_POINT('',(18.95,-19.1,-2.04999999999997));
#12628=VECTOR('',#15876,1.0);
#12629=CARTESIAN_POINT('',(17.7499430555555,-18.8,-2.05));
#12630=CARTESIAN_POINT('',(17.7499430555555,-16.8,-2.05));
#12631=CARTESIAN_POINT('',(17.7499430555555,-14.55,-2.05));
#12632=VECTOR('',#15877,1.0);
#12633=CARTESIAN_POINT('',(17.2499393518518,-16.8,-2.05000000000001));
#12634=CARTESIAN_POINT('',(17.49999094525,-16.8,-2.05));
#12635=VECTOR('',#15878,1.0);
#12636=CARTESIAN_POINT('',(17.2499393518518,-18.8,-2.05000000000001));
#12637=CARTESIAN_POINT('',(17.2499393518518,-14.55,-2.05000000000001));
#12638=VECTOR('',#15879,1.0);
#12639=CARTESIAN_POINT('',(17.49999094525,-18.8,-2.05));
#12640=VECTOR('',#15880,1.0);
#12641=COLOUR_RGB('',0.431372553110123,0.862745106220245,0.549019634723663);
#12642=CARTESIAN_POINT('',(18.95,-12.5,2.04999999999998));
#12643=CARTESIAN_POINT('',(18.95,-12.5,2.66453525910038E-15));
#12644=VECTOR('',#15881,1.0);
#12645=CARTESIAN_POINT('',(18.95,-19.1,2.04999999999998));
#12646=CARTESIAN_POINT('',(18.95,-12.3,2.04999999999998));
#12647=VECTOR('',#15882,1.0);
#12648=CARTESIAN_POINT('',(18.95,-19.1,-2.04999999999997));
#12649=VECTOR('',#15883,1.0);
#12650=COLOUR_RGB('',0.431372553110123,0.862745106220245,0.549019634723663);
#12651=CARTESIAN_POINT('',(17.7499430555555,-16.8,-2.37126296296297));
#12652=CARTESIAN_POINT('',(17.7499430555555,-16.8,-1.85));
#12653=VECTOR('',#15884,1.0);
#12654=CARTESIAN_POINT('',(17.8999912037037,-16.8,-2.55000370370371));
#12655=CARTESIAN_POINT('',(17.7499430555555,-16.8,-2.37126296296297));
#12656=VECTOR('',#15885,0.999999999999999);
#12657=CARTESIAN_POINT('',(17.8999912037037,-16.8,-3.35));
#12658=CARTESIAN_POINT('',(17.8999912037037,-16.8,-2.55000370370371));
#12659=VECTOR('',#15886,1.0);
#12660=CARTESIAN_POINT('',(17.1000087962963,-16.8,-3.35));
#12661=CARTESIAN_POINT('',(17.1000087962963,-16.8,-3.35));
#12662=VECTOR('',#15887,1.0);
#12663=CARTESIAN_POINT('',(17.1000087962963,-16.8,-2.55000370370371));
#12664=CARTESIAN_POINT('',(17.1000087962963,-16.8,-3.35));
#12665=VECTOR('',#15888,1.0);
#12666=CARTESIAN_POINT('',(17.2499393518518,-16.8,-2.37126296296297));
#12667=CARTESIAN_POINT('',(17.1000087962963,-16.8,-2.55000370370371));
#12668=VECTOR('',#15889,1.0);
#12669=CARTESIAN_POINT('',(17.2499393518518,-16.8,-2.37126296296297));
#12670=VECTOR('',#15890,1.0);
#12671=COLOUR_RGB('',0.431372553110123,0.862745106220245,0.549019634723663);
#12672=CARTESIAN_POINT('',(17.7499430555555,-18.8,-2.37126296296297));
#12673=CARTESIAN_POINT('',(17.7499430555555,-18.8,-1.85));
#12674=VECTOR('',#15891,1.0);
#12675=CARTESIAN_POINT('',(17.7499430555555,-16.8,-2.37126296296297));
#12676=VECTOR('',#15892,1.0);
#12677=COLOUR_RGB('',0.431372553110123,0.862745106220245,0.549019634723663);
#12678=CARTESIAN_POINT('',(17.8999912037037,-18.8,-2.55000370370371));
#12679=CARTESIAN_POINT('',(17.7499430555555,-18.8,-2.37126296296297));
#12680=VECTOR('',#15893,0.999999999999999);
#12681=CARTESIAN_POINT('',(17.8999912037037,-16.8,-2.55000370370371));
#12682=VECTOR('',#15894,1.0);
#12683=COLOUR_RGB('',0.431372553110123,0.862745106220245,0.549019634723663);
#12684=CARTESIAN_POINT('',(17.8999912037037,-18.8,-3.35));
#12685=CARTESIAN_POINT('',(17.8999912037037,-18.8,-2.55000370370371));
#12686=VECTOR('',#15895,1.0);
#12687=CARTESIAN_POINT('',(17.8999912037037,-16.8,-3.35));
#12688=VECTOR('',#15896,1.0);
#12689=COLOUR_RGB('',0.431372553110123,0.862745106220245,0.549019634723663);
#12690=CARTESIAN_POINT('',(17.1000087962963,-18.8,-3.35));
#12691=CARTESIAN_POINT('',(17.1000087962963,-18.8,-3.35));
#12692=VECTOR('',#15897,1.0);
#12693=CARTESIAN_POINT('',(17.1000087962963,-16.8,-3.35));
#12694=VECTOR('',#15898,1.0);
#12695=COLOUR_RGB('',0.431372553110123,0.862745106220245,0.549019634723663);
#12696=CARTESIAN_POINT('',(17.1000087962963,-18.8,-2.55000370370371));
#12697=CARTESIAN_POINT('',(17.1000087962963,-18.8,-3.35));
#12698=VECTOR('',#15899,1.0);
#12699=CARTESIAN_POINT('',(17.1000087962963,-16.8,-2.55000370370371));
#12700=VECTOR('',#15900,1.0);
#12701=COLOUR_RGB('',0.431372553110123,0.862745106220245,0.549019634723663);
#12702=CARTESIAN_POINT('',(17.2499393518518,-18.8,-2.37126296296297));
#12703=CARTESIAN_POINT('',(17.1000087962963,-18.8,-2.55000370370371));
#12704=VECTOR('',#15901,1.0);
#12705=CARTESIAN_POINT('',(17.2499393518518,-16.8,-2.37126296296297));
#12706=VECTOR('',#15902,1.0);
#12707=COLOUR_RGB('',0.431372553110123,0.862745106220245,0.549019634723663);
#12708=CARTESIAN_POINT('',(17.2499393518518,-18.8,-2.37126296296297));
#12709=VECTOR('',#15903,1.0);
#12710=COLOUR_RGB('',0.431372553110123,0.862745106220245,0.549019634723663);
#12711=COLOUR_RGB('',0.431372553110123,0.862745106220245,0.549019634723663);
#12712=CARTESIAN_POINT('',(16.5602000000001,-12.5,2.04999999999998));
#12713=CARTESIAN_POINT('',(18.05255,-12.5,2.04999999999998));
#12714=VECTOR('',#15904,1.0);
#12715=CARTESIAN_POINT('',(16.5602000000001,-19.1,2.04999999999998));
#12716=CARTESIAN_POINT('',(16.5602000000001,-19.1,2.04999999999998));
#12717=VECTOR('',#15905,1.0);
#12718=CARTESIAN_POINT('',(16.5602000000001,-12.3,2.04999999999998));
#12719=VECTOR('',#15906,1.0);
#12720=COLOUR_RGB('',0.431372553110123,0.862745106220245,0.549019634723663);
#12721=CARTESIAN_POINT('',(18.4398,-12.5,2.04999999999998));
#12722=AXIS2_PLACEMENT_3D('',#15907,#15908,#15909);
#12723=CARTESIAN_POINT('',(18.4398,-19.1,2.04999999999998));
#12724=AXIS2_PLACEMENT_3D('',#15910,#15911,#15912);
#12725=CARTESIAN_POINT('',(18.4398,-12.3,2.04999999999998));
#12726=VECTOR('',#15913,1.0);
#12727=COLOUR_RGB('',0.431372553110123,0.862745106220245,0.549019634723663);
#12728=CARTESIAN_POINT('',(19.24745,-12.5,2.04999999999998));
#12729=VECTOR('',#15914,1.0);
#12730=CARTESIAN_POINT('',(18.95,-19.1,2.04999999999998));
#12731=VECTOR('',#15915,1.0);
#12732=COLOUR_RGB('',0.431372553110123,0.862745106220245,0.549019634723663);
#12733=COLOUR_RGB('',0.431372553110123,0.862745106220245,0.549019634723663);
#12734=CARTESIAN_POINT('',(12.55,-12.5,-2.05000000000003));
#12735=CARTESIAN_POINT('',(12.55,-12.5,2.04999999999998));
#12736=CARTESIAN_POINT('',(12.55,-12.5,-1.15463194561016E-14));
#12737=VECTOR('',#15916,1.0);
#12738=CARTESIAN_POINT('',(12.55,-19.1,-2.05000000000003));
#12739=CARTESIAN_POINT('',(12.55,-12.3,-2.05000000000003));
#12740=VECTOR('',#15917,1.0);
#12741=CARTESIAN_POINT('',(12.55,-19.1,2.04999999999998));
#12742=CARTESIAN_POINT('',(12.55,-19.1,-2.05000000000003));
#12743=VECTOR('',#15918,1.0);
#12744=CARTESIAN_POINT('',(12.55,-12.3,2.04999999999998));
#12745=VECTOR('',#15919,1.0);
#12746=COLOUR_RGB('',0.431372553110123,0.862745106220245,0.549019634723663);
#12747=CARTESIAN_POINT('',(15.45,-12.5,-2.04999999999997));
#12748=CARTESIAN_POINT('',(16.9,-12.5,-2.04999999999994));
#12749=VECTOR('',#15920,1.0);
#12750=CARTESIAN_POINT('',(15.45,-19.1,-2.04999999999997));
#12751=CARTESIAN_POINT('',(15.45,-12.3,-2.04999999999997));
#12752=VECTOR('',#15921,1.0);
#12753=CARTESIAN_POINT('',(15.45,-19.1,-2.04999999999997));
#12754=VECTOR('',#15922,1.0);
#12755=CARTESIAN_POINT('',(14.2499430555555,-18.8,-2.05));
#12756=CARTESIAN_POINT('',(14.2499430555555,-16.8,-2.05));
#12757=CARTESIAN_POINT('',(14.2499430555555,-14.55,-2.05));
#12758=VECTOR('',#15923,1.0);
#12759=CARTESIAN_POINT('',(13.7499393518518,-16.8,-2.05000000000001));
#12760=CARTESIAN_POINT('',(13.99999094525,-16.8,-2.05));
#12761=VECTOR('',#15924,1.0);
#12762=CARTESIAN_POINT('',(13.7499393518518,-18.8,-2.05000000000001));
#12763=CARTESIAN_POINT('',(13.7499393518518,-14.55,-2.05000000000001));
#12764=VECTOR('',#15925,1.0);
#12765=CARTESIAN_POINT('',(13.99999094525,-18.8,-2.05));
#12766=VECTOR('',#15926,1.0);
#12767=COLOUR_RGB('',0.431372553110123,0.862745106220245,0.549019634723663);
#12768=CARTESIAN_POINT('',(15.45,-12.5,2.04999999999998));
#12769=CARTESIAN_POINT('',(15.45,-12.5,2.66453525910038E-15));
#12770=VECTOR('',#15927,1.0);
#12771=CARTESIAN_POINT('',(15.45,-19.1,2.04999999999998));
#12772=CARTESIAN_POINT('',(15.45,-12.3,2.04999999999998));
#12773=VECTOR('',#15928,1.0);
#12774=CARTESIAN_POINT('',(15.45,-19.1,-2.04999999999997));
#12775=VECTOR('',#15929,1.0);
#12776=COLOUR_RGB('',0.431372553110123,0.862745106220245,0.549019634723663);
#12777=CARTESIAN_POINT('',(14.2499430555555,-16.8,-2.37126296296297));
#12778=CARTESIAN_POINT('',(14.2499430555555,-16.8,-1.85));
#12779=VECTOR('',#15930,1.0);
#12780=CARTESIAN_POINT('',(14.3999912037037,-16.8,-2.55000370370371));
#12781=CARTESIAN_POINT('',(14.2499430555555,-16.8,-2.37126296296297));
#12782=VECTOR('',#15931,0.999999999999999);
#12783=CARTESIAN_POINT('',(14.3999912037037,-16.8,-3.35));
#12784=CARTESIAN_POINT('',(14.3999912037037,-16.8,-2.55000370370371));
#12785=VECTOR('',#15932,1.0);
#12786=CARTESIAN_POINT('',(13.6000087962963,-16.8,-3.35));
#12787=CARTESIAN_POINT('',(13.6000087962963,-16.8,-3.35));
#12788=VECTOR('',#15933,1.0);
#12789=CARTESIAN_POINT('',(13.6000087962963,-16.8,-2.55000370370371));
#12790=CARTESIAN_POINT('',(13.6000087962963,-16.8,-3.35));
#12791=VECTOR('',#15934,1.0);
#12792=CARTESIAN_POINT('',(13.7499393518518,-16.8,-2.37126296296297));
#12793=CARTESIAN_POINT('',(13.6000087962963,-16.8,-2.55000370370371));
#12794=VECTOR('',#15935,1.0);
#12795=CARTESIAN_POINT('',(13.7499393518518,-16.8,-2.37126296296297));
#12796=VECTOR('',#15936,1.0);
#12797=COLOUR_RGB('',0.431372553110123,0.862745106220245,0.549019634723663);
#12798=CARTESIAN_POINT('',(14.2499430555555,-18.8,-2.37126296296297));
#12799=CARTESIAN_POINT('',(14.2499430555555,-18.8,-1.85));
#12800=VECTOR('',#15937,1.0);
#12801=CARTESIAN_POINT('',(14.2499430555555,-16.8,-2.37126296296297));
#12802=VECTOR('',#15938,1.0);
#12803=COLOUR_RGB('',0.431372553110123,0.862745106220245,0.549019634723663);
#12804=CARTESIAN_POINT('',(14.3999912037037,-18.8,-2.55000370370371));
#12805=CARTESIAN_POINT('',(14.2499430555555,-18.8,-2.37126296296297));
#12806=VECTOR('',#15939,0.999999999999999);
#12807=CARTESIAN_POINT('',(14.3999912037037,-16.8,-2.55000370370371));
#12808=VECTOR('',#15940,1.0);
#12809=COLOUR_RGB('',0.431372553110123,0.862745106220245,0.549019634723663);
#12810=CARTESIAN_POINT('',(14.3999912037037,-18.8,-3.35));
#12811=CARTESIAN_POINT('',(14.3999912037037,-18.8,-2.55000370370371));
#12812=VECTOR('',#15941,1.0);
#12813=CARTESIAN_POINT('',(14.3999912037037,-16.8,-3.35));
#12814=VECTOR('',#15942,1.0);
#12815=COLOUR_RGB('',0.431372553110123,0.862745106220245,0.549019634723663);
#12816=CARTESIAN_POINT('',(13.6000087962963,-18.8,-3.35));
#12817=CARTESIAN_POINT('',(13.6000087962963,-18.8,-3.35));
#12818=VECTOR('',#15943,1.0);
#12819=CARTESIAN_POINT('',(13.6000087962963,-16.8,-3.35));
#12820=VECTOR('',#15944,1.0);
#12821=COLOUR_RGB('',0.431372553110123,0.862745106220245,0.549019634723663);
#12822=CARTESIAN_POINT('',(13.6000087962963,-18.8,-2.55000370370371));
#12823=CARTESIAN_POINT('',(13.6000087962963,-18.8,-3.35));
#12824=VECTOR('',#15945,1.0);
#12825=CARTESIAN_POINT('',(13.6000087962963,-16.8,-2.55000370370371));
#12826=VECTOR('',#15946,1.0);
#12827=COLOUR_RGB('',0.431372553110123,0.862745106220245,0.549019634723663);
#12828=CARTESIAN_POINT('',(13.7499393518518,-18.8,-2.37126296296297));
#12829=CARTESIAN_POINT('',(13.6000087962963,-18.8,-2.55000370370371));
#12830=VECTOR('',#15947,1.0);
#12831=CARTESIAN_POINT('',(13.7499393518518,-16.8,-2.37126296296297));
#12832=VECTOR('',#15948,1.0);
#12833=COLOUR_RGB('',0.431372553110123,0.862745106220245,0.549019634723663);
#12834=CARTESIAN_POINT('',(13.7499393518518,-18.8,-2.37126296296297));
#12835=VECTOR('',#15949,1.0);
#12836=COLOUR_RGB('',0.431372553110123,0.862745106220245,0.549019634723663);
#12837=COLOUR_RGB('',0.431372553110123,0.862745106220245,0.549019634723663);
#12838=CARTESIAN_POINT('',(13.0602000000001,-12.5,2.04999999999998));
#12839=CARTESIAN_POINT('',(16.30255,-12.5,2.04999999999998));
#12840=VECTOR('',#15950,1.0);
#12841=CARTESIAN_POINT('',(13.0602000000001,-19.1,2.04999999999998));
#12842=CARTESIAN_POINT('',(13.0602000000001,-19.1,2.04999999999998));
#12843=VECTOR('',#15951,1.0);
#12844=CARTESIAN_POINT('',(13.0602000000001,-12.3,2.04999999999998));
#12845=VECTOR('',#15952,1.0);
#12846=COLOUR_RGB('',0.431372553110123,0.862745106220245,0.549019634723663);
#12847=CARTESIAN_POINT('',(14.9398,-12.5,2.04999999999998));
#12848=AXIS2_PLACEMENT_3D('',#15953,#15954,#15955);
#12849=CARTESIAN_POINT('',(14.9398,-19.1,2.04999999999998));
#12850=AXIS2_PLACEMENT_3D('',#15956,#15957,#15958);
#12851=CARTESIAN_POINT('',(14.9398,-12.3,2.04999999999998));
#12852=VECTOR('',#15959,1.0);
#12853=COLOUR_RGB('',0.431372553110123,0.862745106220245,0.549019634723663);
#12854=CARTESIAN_POINT('',(17.49745,-12.5,2.04999999999998));
#12855=VECTOR('',#15960,1.0);
#12856=CARTESIAN_POINT('',(15.45,-19.1,2.04999999999998));
#12857=VECTOR('',#15961,1.0);
#12858=COLOUR_RGB('',0.431372553110123,0.862745106220245,0.549019634723663);
#12859=COLOUR_RGB('',0.431372553110123,0.862745106220245,0.549019634723663);
#12860=CARTESIAN_POINT('',(9.05,-12.5,-2.05000000000003));
#12861=CARTESIAN_POINT('',(9.05,-12.5,2.04999999999998));
#12862=CARTESIAN_POINT('',(9.05,-12.5,-1.15463194561016E-14));
#12863=VECTOR('',#15962,1.0);
#12864=CARTESIAN_POINT('',(9.05,-19.1,-2.05000000000003));
#12865=CARTESIAN_POINT('',(9.05,-12.3,-2.05000000000003));
#12866=VECTOR('',#15963,1.0);
#12867=CARTESIAN_POINT('',(9.05,-19.1,2.04999999999998));
#12868=CARTESIAN_POINT('',(9.05,-19.1,-2.05000000000003));
#12869=VECTOR('',#15964,1.0);
#12870=CARTESIAN_POINT('',(9.05,-12.3,2.04999999999998));
#12871=VECTOR('',#15965,1.0);
#12872=COLOUR_RGB('',0.431372553110123,0.862745106220245,0.549019634723663);
#12873=CARTESIAN_POINT('',(11.95,-12.5,-2.04999999999997));
#12874=CARTESIAN_POINT('',(15.15,-12.5,-2.04999999999991));
#12875=VECTOR('',#15966,1.0);
#12876=CARTESIAN_POINT('',(11.95,-19.1,-2.04999999999997));
#12877=CARTESIAN_POINT('',(11.95,-12.3,-2.04999999999997));
#12878=VECTOR('',#15967,1.0);
#12879=CARTESIAN_POINT('',(11.95,-19.1,-2.04999999999997));
#12880=VECTOR('',#15968,1.0);
#12881=CARTESIAN_POINT('',(10.7499430555555,-18.8,-2.05));
#12882=CARTESIAN_POINT('',(10.7499430555555,-16.8,-2.05));
#12883=CARTESIAN_POINT('',(10.7499430555555,-14.55,-2.05));
#12884=VECTOR('',#15969,1.0);
#12885=CARTESIAN_POINT('',(10.2499393518518,-16.8,-2.05000000000001));
#12886=CARTESIAN_POINT('',(10.49999094525,-16.8,-2.05));
#12887=VECTOR('',#15970,1.0);
#12888=CARTESIAN_POINT('',(10.2499393518518,-18.8,-2.05000000000001));
#12889=CARTESIAN_POINT('',(10.2499393518518,-14.55,-2.05000000000001));
#12890=VECTOR('',#15971,1.0);
#12891=CARTESIAN_POINT('',(10.49999094525,-18.8,-2.05));
#12892=VECTOR('',#15972,1.0);
#12893=COLOUR_RGB('',0.431372553110123,0.862745106220245,0.549019634723663);
#12894=CARTESIAN_POINT('',(11.95,-12.5,2.04999999999998));
#12895=CARTESIAN_POINT('',(11.95,-12.5,2.66453525910038E-15));
#12896=VECTOR('',#15973,1.0);
#12897=CARTESIAN_POINT('',(11.95,-19.1,2.04999999999998));
#12898=CARTESIAN_POINT('',(11.95,-12.3,2.04999999999998));
#12899=VECTOR('',#15974,1.0);
#12900=CARTESIAN_POINT('',(11.95,-19.1,-2.04999999999997));
#12901=VECTOR('',#15975,1.0);
#12902=COLOUR_RGB('',0.431372553110123,0.862745106220245,0.549019634723663);
#12903=CARTESIAN_POINT('',(10.7499430555555,-16.8,-2.37126296296297));
#12904=CARTESIAN_POINT('',(10.7499430555555,-16.8,-1.85));
#12905=VECTOR('',#15976,1.0);
#12906=CARTESIAN_POINT('',(10.8999912037037,-16.8,-2.55000370370371));
#12907=CARTESIAN_POINT('',(10.7499430555555,-16.8,-2.37126296296297));
#12908=VECTOR('',#15977,0.999999999999999);
#12909=CARTESIAN_POINT('',(10.8999912037037,-16.8,-3.35));
#12910=CARTESIAN_POINT('',(10.8999912037037,-16.8,-2.55000370370371));
#12911=VECTOR('',#15978,1.0);
#12912=CARTESIAN_POINT('',(10.1000087962963,-16.8,-3.35));
#12913=CARTESIAN_POINT('',(10.1000087962963,-16.8,-3.35));
#12914=VECTOR('',#15979,1.0);
#12915=CARTESIAN_POINT('',(10.1000087962963,-16.8,-2.55000370370371));
#12916=CARTESIAN_POINT('',(10.1000087962963,-16.8,-3.35));
#12917=VECTOR('',#15980,1.0);
#12918=CARTESIAN_POINT('',(10.2499393518518,-16.8,-2.37126296296297));
#12919=CARTESIAN_POINT('',(10.1000087962963,-16.8,-2.55000370370371));
#12920=VECTOR('',#15981,1.0);
#12921=CARTESIAN_POINT('',(10.2499393518518,-16.8,-2.37126296296297));
#12922=VECTOR('',#15982,1.0);
#12923=COLOUR_RGB('',0.431372553110123,0.862745106220245,0.549019634723663);
#12924=CARTESIAN_POINT('',(10.7499430555555,-18.8,-2.37126296296297));
#12925=CARTESIAN_POINT('',(10.7499430555555,-18.8,-1.85));
#12926=VECTOR('',#15983,1.0);
#12927=CARTESIAN_POINT('',(10.7499430555555,-16.8,-2.37126296296297));
#12928=VECTOR('',#15984,1.0);
#12929=COLOUR_RGB('',0.431372553110123,0.862745106220245,0.549019634723663);
#12930=CARTESIAN_POINT('',(10.8999912037037,-18.8,-2.55000370370371));
#12931=CARTESIAN_POINT('',(10.7499430555555,-18.8,-2.37126296296297));
#12932=VECTOR('',#15985,0.999999999999999);
#12933=CARTESIAN_POINT('',(10.8999912037037,-16.8,-2.55000370370371));
#12934=VECTOR('',#15986,1.0);
#12935=COLOUR_RGB('',0.431372553110123,0.862745106220245,0.549019634723663);
#12936=CARTESIAN_POINT('',(10.8999912037037,-18.8,-3.35));
#12937=CARTESIAN_POINT('',(10.8999912037037,-18.8,-2.55000370370371));
#12938=VECTOR('',#15987,1.0);
#12939=CARTESIAN_POINT('',(10.8999912037037,-16.8,-3.35));
#12940=VECTOR('',#15988,1.0);
#12941=COLOUR_RGB('',0.431372553110123,0.862745106220245,0.549019634723663);
#12942=CARTESIAN_POINT('',(10.1000087962963,-18.8,-3.35));
#12943=CARTESIAN_POINT('',(10.1000087962963,-18.8,-3.35));
#12944=VECTOR('',#15989,1.0);
#12945=CARTESIAN_POINT('',(10.1000087962963,-16.8,-3.35));
#12946=VECTOR('',#15990,1.0);
#12947=COLOUR_RGB('',0.431372553110123,0.862745106220245,0.549019634723663);
#12948=CARTESIAN_POINT('',(10.1000087962963,-18.8,-2.55000370370371));
#12949=CARTESIAN_POINT('',(10.1000087962963,-18.8,-3.35));
#12950=VECTOR('',#15991,1.0);
#12951=CARTESIAN_POINT('',(10.1000087962963,-16.8,-2.55000370370371));
#12952=VECTOR('',#15992,1.0);
#12953=COLOUR_RGB('',0.431372553110123,0.862745106220245,0.549019634723663);
#12954=CARTESIAN_POINT('',(10.2499393518518,-18.8,-2.37126296296297));
#12955=CARTESIAN_POINT('',(10.1000087962963,-18.8,-2.55000370370371));
#12956=VECTOR('',#15993,1.0);
#12957=CARTESIAN_POINT('',(10.2499393518518,-16.8,-2.37126296296297));
#12958=VECTOR('',#15994,1.0);
#12959=COLOUR_RGB('',0.431372553110123,0.862745106220245,0.549019634723663);
#12960=CARTESIAN_POINT('',(10.2499393518518,-18.8,-2.37126296296297));
#12961=VECTOR('',#15995,1.0);
#12962=COLOUR_RGB('',0.431372553110123,0.862745106220245,0.549019634723663);
#12963=COLOUR_RGB('',0.431372553110123,0.862745106220245,0.549019634723663);
#12964=CARTESIAN_POINT('',(9.56020000000007,-12.5,2.04999999999998));
#12965=CARTESIAN_POINT('',(14.55255,-12.5,2.04999999999998));
#12966=VECTOR('',#15996,1.0);
#12967=CARTESIAN_POINT('',(9.56020000000007,-19.1,2.04999999999998));
#12968=CARTESIAN_POINT('',(9.56020000000007,-19.1,2.04999999999998));
#12969=VECTOR('',#15997,1.0);
#12970=CARTESIAN_POINT('',(9.56020000000007,-12.3,2.04999999999998));
#12971=VECTOR('',#15998,1.0);
#12972=COLOUR_RGB('',0.431372553110123,0.862745106220245,0.549019634723663);
#12973=CARTESIAN_POINT('',(11.4398,-12.5,2.04999999999998));
#12974=AXIS2_PLACEMENT_3D('',#15999,#16000,#16001);
#12975=CARTESIAN_POINT('',(11.4398,-19.1,2.04999999999998));
#12976=AXIS2_PLACEMENT_3D('',#16002,#16003,#16004);
#12977=CARTESIAN_POINT('',(11.4398,-12.3,2.04999999999998));
#12978=VECTOR('',#16005,1.0);
#12979=COLOUR_RGB('',0.431372553110123,0.862745106220245,0.549019634723663);
#12980=CARTESIAN_POINT('',(15.74745,-12.5,2.04999999999998));
#12981=VECTOR('',#16006,1.0);
#12982=CARTESIAN_POINT('',(11.95,-19.1,2.04999999999998));
#12983=VECTOR('',#16007,1.0);
#12984=COLOUR_RGB('',0.431372553110123,0.862745106220245,0.549019634723663);
#12985=COLOUR_RGB('',0.431372553110123,0.862745106220245,0.549019634723663);
#12986=CARTESIAN_POINT('',(5.55,-12.5,-2.05000000000003));
#12987=CARTESIAN_POINT('',(5.55,-12.5,2.04999999999998));
#12988=CARTESIAN_POINT('',(5.55,-12.5,-1.15463194561016E-14));
#12989=VECTOR('',#16008,1.0);
#12990=CARTESIAN_POINT('',(5.55,-19.1,-2.05000000000003));
#12991=CARTESIAN_POINT('',(5.55,-12.3,-2.05000000000003));
#12992=VECTOR('',#16009,1.0);
#12993=CARTESIAN_POINT('',(5.55,-19.1,2.04999999999998));
#12994=CARTESIAN_POINT('',(5.55,-19.1,-2.05000000000003));
#12995=VECTOR('',#16010,1.0);
#12996=CARTESIAN_POINT('',(5.55,-12.3,2.04999999999998));
#12997=VECTOR('',#16011,1.0);
#12998=COLOUR_RGB('',0.431372553110123,0.862745106220245,0.549019634723663);
#12999=CARTESIAN_POINT('',(8.45,-12.5,-2.04999999999997));
#13000=CARTESIAN_POINT('',(13.4,-12.5,-2.04999999999988));
#13001=VECTOR('',#16012,1.0);
#13002=CARTESIAN_POINT('',(8.45,-19.1,-2.04999999999997));
#13003=CARTESIAN_POINT('',(8.45,-12.3,-2.04999999999997));
#13004=VECTOR('',#16013,1.0);
#13005=CARTESIAN_POINT('',(8.45,-19.1,-2.04999999999997));
#13006=VECTOR('',#16014,1.0);
#13007=CARTESIAN_POINT('',(7.24994305555554,-18.8,-2.05));
#13008=CARTESIAN_POINT('',(7.24994305555554,-16.8,-2.05));
#13009=CARTESIAN_POINT('',(7.24994305555554,-14.55,-2.05));
#13010=VECTOR('',#16015,1.0);
#13011=CARTESIAN_POINT('',(6.74993935185184,-16.8,-2.05000000000001));
#13012=CARTESIAN_POINT('',(6.99999094524997,-16.8,-2.05));
#13013=VECTOR('',#16016,1.0);
#13014=CARTESIAN_POINT('',(6.74993935185184,-18.8,-2.05000000000001));
#13015=CARTESIAN_POINT('',(6.74993935185184,-14.55,-2.05000000000001));
#13016=VECTOR('',#16017,1.0);
#13017=CARTESIAN_POINT('',(6.99999094524997,-18.8,-2.05));
#13018=VECTOR('',#16018,1.0);
#13019=COLOUR_RGB('',0.431372553110123,0.862745106220245,0.549019634723663);
#13020=CARTESIAN_POINT('',(8.45,-12.5,2.04999999999998));
#13021=CARTESIAN_POINT('',(8.45,-12.5,2.66453525910038E-15));
#13022=VECTOR('',#16019,1.0);
#13023=CARTESIAN_POINT('',(8.45,-19.1,2.04999999999998));
#13024=CARTESIAN_POINT('',(8.45,-12.3,2.04999999999998));
#13025=VECTOR('',#16020,1.0);
#13026=CARTESIAN_POINT('',(8.45,-19.1,-2.04999999999997));
#13027=VECTOR('',#16021,1.0);
#13028=COLOUR_RGB('',0.431372553110123,0.862745106220245,0.549019634723663);
#13029=CARTESIAN_POINT('',(7.24994305555554,-16.8,-2.37126296296297));
#13030=CARTESIAN_POINT('',(7.24994305555554,-16.8,-1.85));
#13031=VECTOR('',#16022,1.0);
#13032=CARTESIAN_POINT('',(7.39999120370371,-16.8,-2.55000370370371));
#13033=CARTESIAN_POINT('',(7.24994305555554,-16.8,-2.37126296296297));
#13034=VECTOR('',#16023,0.999999999999999);
#13035=CARTESIAN_POINT('',(7.39999120370371,-16.8,-3.35));
#13036=CARTESIAN_POINT('',(7.39999120370371,-16.8,-2.55000370370371));
#13037=VECTOR('',#16024,1.0);
#13038=CARTESIAN_POINT('',(6.6000087962963,-16.8,-3.35));
#13039=CARTESIAN_POINT('',(6.6000087962963,-16.8,-3.35));
#13040=VECTOR('',#16025,1.0);
#13041=CARTESIAN_POINT('',(6.6000087962963,-16.8,-2.55000370370371));
#13042=CARTESIAN_POINT('',(6.6000087962963,-16.8,-3.35));
#13043=VECTOR('',#16026,1.0);
#13044=CARTESIAN_POINT('',(6.74993935185184,-16.8,-2.37126296296297));
#13045=CARTESIAN_POINT('',(6.6000087962963,-16.8,-2.55000370370371));
#13046=VECTOR('',#16027,1.0);
#13047=CARTESIAN_POINT('',(6.74993935185184,-16.8,-2.37126296296297));
#13048=VECTOR('',#16028,1.0);
#13049=COLOUR_RGB('',0.431372553110123,0.862745106220245,0.549019634723663);
#13050=CARTESIAN_POINT('',(7.24994305555554,-18.8,-2.37126296296297));
#13051=CARTESIAN_POINT('',(7.24994305555554,-18.8,-1.85));
#13052=VECTOR('',#16029,1.0);
#13053=CARTESIAN_POINT('',(7.24994305555554,-16.8,-2.37126296296297));
#13054=VECTOR('',#16030,1.0);
#13055=COLOUR_RGB('',0.431372553110123,0.862745106220245,0.549019634723663);
#13056=CARTESIAN_POINT('',(7.39999120370371,-18.8,-2.55000370370371));
#13057=CARTESIAN_POINT('',(7.24994305555554,-18.8,-2.37126296296297));
#13058=VECTOR('',#16031,0.999999999999999);
#13059=CARTESIAN_POINT('',(7.39999120370371,-16.8,-2.55000370370371));
#13060=VECTOR('',#16032,1.0);
#13061=COLOUR_RGB('',0.431372553110123,0.862745106220245,0.549019634723663);
#13062=CARTESIAN_POINT('',(7.39999120370371,-18.8,-3.35));
#13063=CARTESIAN_POINT('',(7.39999120370371,-18.8,-2.55000370370371));
#13064=VECTOR('',#16033,1.0);
#13065=CARTESIAN_POINT('',(7.39999120370371,-16.8,-3.35));
#13066=VECTOR('',#16034,1.0);
#13067=COLOUR_RGB('',0.431372553110123,0.862745106220245,0.549019634723663);
#13068=CARTESIAN_POINT('',(6.6000087962963,-18.8,-3.35));
#13069=CARTESIAN_POINT('',(6.6000087962963,-18.8,-3.35));
#13070=VECTOR('',#16035,1.0);
#13071=CARTESIAN_POINT('',(6.6000087962963,-16.8,-3.35));
#13072=VECTOR('',#16036,1.0);
#13073=COLOUR_RGB('',0.431372553110123,0.862745106220245,0.549019634723663);
#13074=CARTESIAN_POINT('',(6.6000087962963,-18.8,-2.55000370370371));
#13075=CARTESIAN_POINT('',(6.6000087962963,-18.8,-3.35));
#13076=VECTOR('',#16037,1.0);
#13077=CARTESIAN_POINT('',(6.6000087962963,-16.8,-2.55000370370371));
#13078=VECTOR('',#16038,1.0);
#13079=COLOUR_RGB('',0.431372553110123,0.862745106220245,0.549019634723663);
#13080=CARTESIAN_POINT('',(6.74993935185184,-18.8,-2.37126296296297));
#13081=CARTESIAN_POINT('',(6.6000087962963,-18.8,-2.55000370370371));
#13082=VECTOR('',#16039,1.0);
#13083=CARTESIAN_POINT('',(6.74993935185184,-16.8,-2.37126296296297));
#13084=VECTOR('',#16040,1.0);
#13085=COLOUR_RGB('',0.431372553110123,0.862745106220245,0.549019634723663);
#13086=CARTESIAN_POINT('',(6.74993935185184,-18.8,-2.37126296296297));
#13087=VECTOR('',#16041,1.0);
#13088=COLOUR_RGB('',0.431372553110123,0.862745106220245,0.549019634723663);
#13089=COLOUR_RGB('',0.431372553110123,0.862745106220245,0.549019634723663);
#13090=CARTESIAN_POINT('',(6.06020000000007,-12.5,2.04999999999998));
#13091=CARTESIAN_POINT('',(12.80255,-12.5,2.04999999999998));
#13092=VECTOR('',#16042,1.0);
#13093=CARTESIAN_POINT('',(6.06020000000007,-19.1,2.04999999999998));
#13094=CARTESIAN_POINT('',(6.06020000000007,-19.1,2.04999999999998));
#13095=VECTOR('',#16043,1.0);
#13096=CARTESIAN_POINT('',(6.06020000000007,-12.3,2.04999999999998));
#13097=VECTOR('',#16044,1.0);
#13098=COLOUR_RGB('',0.431372553110123,0.862745106220245,0.549019634723663);
#13099=CARTESIAN_POINT('',(7.93980000000002,-12.5,2.04999999999998));
#13100=AXIS2_PLACEMENT_3D('',#16045,#16046,#16047);
#13101=CARTESIAN_POINT('',(7.93980000000002,-19.1,2.04999999999998));
#13102=AXIS2_PLACEMENT_3D('',#16048,#16049,#16050);
#13103=CARTESIAN_POINT('',(7.93980000000002,-12.3,2.04999999999998));
#13104=VECTOR('',#16051,1.0);
#13105=COLOUR_RGB('',0.431372553110123,0.862745106220245,0.549019634723663);
#13106=CARTESIAN_POINT('',(13.99745,-12.5,2.04999999999998));
#13107=VECTOR('',#16052,1.0);
#13108=CARTESIAN_POINT('',(8.45,-19.1,2.04999999999998));
#13109=VECTOR('',#16053,1.0);
#13110=COLOUR_RGB('',0.431372553110123,0.862745106220245,0.549019634723663);
#13111=COLOUR_RGB('',0.431372553110123,0.862745106220245,0.549019634723663);
#13112=CARTESIAN_POINT('',(2.05,-12.5,-2.05000000000003));
#13113=CARTESIAN_POINT('',(2.05,-12.5,2.04999999999998));
#13114=CARTESIAN_POINT('',(2.05,-12.5,-1.15463194561016E-14));
#13115=VECTOR('',#16054,1.0);
#13116=CARTESIAN_POINT('',(2.05,-19.1,-2.05000000000003));
#13117=CARTESIAN_POINT('',(2.05,-12.3,-2.05000000000003));
#13118=VECTOR('',#16055,1.0);
#13119=CARTESIAN_POINT('',(2.05,-19.1,2.04999999999998));
#13120=CARTESIAN_POINT('',(2.05,-19.1,-2.05000000000003));
#13121=VECTOR('',#16056,1.0);
#13122=CARTESIAN_POINT('',(2.05,-12.3,2.04999999999998));
#13123=VECTOR('',#16057,1.0);
#13124=COLOUR_RGB('',0.431372553110123,0.862745106220245,0.549019634723663);
#13125=CARTESIAN_POINT('',(4.95,-12.5,-2.04999999999997));
#13126=CARTESIAN_POINT('',(11.65,-12.5,-2.04999999999984));
#13127=VECTOR('',#16058,1.0);
#13128=CARTESIAN_POINT('',(4.95,-19.1,-2.04999999999997));
#13129=CARTESIAN_POINT('',(4.95,-12.3,-2.04999999999997));
#13130=VECTOR('',#16059,1.0);
#13131=CARTESIAN_POINT('',(4.95,-19.1,-2.04999999999997));
#13132=VECTOR('',#16060,1.0);
#13133=CARTESIAN_POINT('',(3.74994305555554,-18.8,-2.05));
#13134=CARTESIAN_POINT('',(3.74994305555554,-16.8,-2.05));
#13135=CARTESIAN_POINT('',(3.74994305555554,-14.55,-2.05));
#13136=VECTOR('',#16061,1.0);
#13137=CARTESIAN_POINT('',(3.24993935185184,-16.8,-2.05000000000001));
#13138=CARTESIAN_POINT('',(3.49999094524997,-16.8,-2.05));
#13139=VECTOR('',#16062,1.0);
#13140=CARTESIAN_POINT('',(3.24993935185184,-18.8,-2.05000000000001));
#13141=CARTESIAN_POINT('',(3.24993935185184,-14.55,-2.05000000000001));
#13142=VECTOR('',#16063,1.0);
#13143=CARTESIAN_POINT('',(3.49999094524997,-18.8,-2.05));
#13144=VECTOR('',#16064,1.0);
#13145=COLOUR_RGB('',0.431372553110123,0.862745106220245,0.549019634723663);
#13146=CARTESIAN_POINT('',(4.95,-12.5,2.04999999999998));
#13147=CARTESIAN_POINT('',(4.95,-12.5,1.77635683940025E-15));
#13148=VECTOR('',#16065,1.0);
#13149=CARTESIAN_POINT('',(4.95,-19.1,2.04999999999998));
#13150=CARTESIAN_POINT('',(4.95,-12.3,2.04999999999998));
#13151=VECTOR('',#16066,1.0);
#13152=CARTESIAN_POINT('',(4.95,-19.1,-2.04999999999997));
#13153=VECTOR('',#16067,1.0);
#13154=COLOUR_RGB('',0.431372553110123,0.862745106220245,0.549019634723663);
#13155=CARTESIAN_POINT('',(3.74994305555554,-16.8,-2.37126296296297));
#13156=CARTESIAN_POINT('',(3.74994305555554,-16.8,-1.85));
#13157=VECTOR('',#16068,1.0);
#13158=CARTESIAN_POINT('',(3.89999120370371,-16.8,-2.55000370370371));
#13159=CARTESIAN_POINT('',(3.74994305555554,-16.8,-2.37126296296297));
#13160=VECTOR('',#16069,0.999999999999999);
#13161=CARTESIAN_POINT('',(3.89999120370371,-16.8,-3.35));
#13162=CARTESIAN_POINT('',(3.89999120370371,-16.8,-2.55000370370371));
#13163=VECTOR('',#16070,1.0);
#13164=CARTESIAN_POINT('',(3.1000087962963,-16.8,-3.35));
#13165=CARTESIAN_POINT('',(3.1000087962963,-16.8,-3.35));
#13166=VECTOR('',#16071,1.0);
#13167=CARTESIAN_POINT('',(3.1000087962963,-16.8,-2.55000370370371));
#13168=CARTESIAN_POINT('',(3.1000087962963,-16.8,-3.35));
#13169=VECTOR('',#16072,1.0);
#13170=CARTESIAN_POINT('',(3.24993935185184,-16.8,-2.37126296296297));
#13171=CARTESIAN_POINT('',(3.1000087962963,-16.8,-2.55000370370371));
#13172=VECTOR('',#16073,1.0);
#13173=CARTESIAN_POINT('',(3.24993935185184,-16.8,-2.37126296296297));
#13174=VECTOR('',#16074,1.0);
#13175=COLOUR_RGB('',0.431372553110123,0.862745106220245,0.549019634723663);
#13176=CARTESIAN_POINT('',(3.74994305555554,-18.8,-2.37126296296297));
#13177=CARTESIAN_POINT('',(3.74994305555554,-18.8,-1.85));
#13178=VECTOR('',#16075,1.0);
#13179=CARTESIAN_POINT('',(3.74994305555554,-16.8,-2.37126296296297));
#13180=VECTOR('',#16076,1.0);
#13181=COLOUR_RGB('',0.431372553110123,0.862745106220245,0.549019634723663);
#13182=CARTESIAN_POINT('',(3.89999120370371,-18.8,-2.55000370370371));
#13183=CARTESIAN_POINT('',(3.74994305555554,-18.8,-2.37126296296297));
#13184=VECTOR('',#16077,0.999999999999999);
#13185=CARTESIAN_POINT('',(3.89999120370371,-16.8,-2.55000370370371));
#13186=VECTOR('',#16078,1.0);
#13187=COLOUR_RGB('',0.431372553110123,0.862745106220245,0.549019634723663);
#13188=CARTESIAN_POINT('',(3.89999120370371,-18.8,-3.35));
#13189=CARTESIAN_POINT('',(3.89999120370371,-18.8,-2.55000370370371));
#13190=VECTOR('',#16079,1.0);
#13191=CARTESIAN_POINT('',(3.89999120370371,-16.8,-3.35));
#13192=VECTOR('',#16080,1.0);
#13193=COLOUR_RGB('',0.431372553110123,0.862745106220245,0.549019634723663);
#13194=CARTESIAN_POINT('',(3.1000087962963,-18.8,-3.35));
#13195=CARTESIAN_POINT('',(3.1000087962963,-18.8,-3.35));
#13196=VECTOR('',#16081,1.0);
#13197=CARTESIAN_POINT('',(3.1000087962963,-16.8,-3.35));
#13198=VECTOR('',#16082,1.0);
#13199=COLOUR_RGB('',0.431372553110123,0.862745106220245,0.549019634723663);
#13200=CARTESIAN_POINT('',(3.1000087962963,-18.8,-2.55000370370371));
#13201=CARTESIAN_POINT('',(3.1000087962963,-18.8,-3.35));
#13202=VECTOR('',#16083,1.0);
#13203=CARTESIAN_POINT('',(3.1000087962963,-16.8,-2.55000370370371));
#13204=VECTOR('',#16084,1.0);
#13205=COLOUR_RGB('',0.431372553110123,0.862745106220245,0.549019634723663);
#13206=CARTESIAN_POINT('',(3.24993935185184,-18.8,-2.37126296296297));
#13207=CARTESIAN_POINT('',(3.1000087962963,-18.8,-2.55000370370371));
#13208=VECTOR('',#16085,1.0);
#13209=CARTESIAN_POINT('',(3.24993935185184,-16.8,-2.37126296296297));
#13210=VECTOR('',#16086,1.0);
#13211=COLOUR_RGB('',0.431372553110123,0.862745106220245,0.549019634723663);
#13212=CARTESIAN_POINT('',(3.24993935185184,-18.8,-2.37126296296297));
#13213=VECTOR('',#16087,1.0);
#13214=COLOUR_RGB('',0.431372553110123,0.862745106220245,0.549019634723663);
#13215=COLOUR_RGB('',0.431372553110123,0.862745106220245,0.549019634723663);
#13216=CARTESIAN_POINT('',(2.56020000000007,-12.5,2.04999999999998));
#13217=CARTESIAN_POINT('',(11.05255,-12.5,2.04999999999998));
#13218=VECTOR('',#16088,1.0);
#13219=CARTESIAN_POINT('',(2.56020000000007,-19.1,2.04999999999998));
#13220=CARTESIAN_POINT('',(2.56020000000007,-19.1,2.04999999999998));
#13221=VECTOR('',#16089,1.0);
#13222=CARTESIAN_POINT('',(2.56020000000007,-12.3,2.04999999999998));
#13223=VECTOR('',#16090,1.0);
#13224=COLOUR_RGB('',0.431372553110123,0.862745106220245,0.549019634723663);
#13225=CARTESIAN_POINT('',(4.43980000000002,-12.5,2.04999999999998));
#13226=AXIS2_PLACEMENT_3D('',#16091,#16092,#16093);
#13227=CARTESIAN_POINT('',(4.43980000000002,-19.1,2.04999999999998));
#13228=AXIS2_PLACEMENT_3D('',#16094,#16095,#16096);
#13229=CARTESIAN_POINT('',(4.43980000000002,-12.3,2.04999999999998));
#13230=VECTOR('',#16097,1.0);
#13231=COLOUR_RGB('',0.431372553110123,0.862745106220245,0.549019634723663);
#13232=CARTESIAN_POINT('',(12.24745,-12.5,2.04999999999998));
#13233=VECTOR('',#16098,1.0);
#13234=CARTESIAN_POINT('',(4.95,-19.1,2.04999999999998));
#13235=VECTOR('',#16099,1.0);
#13236=COLOUR_RGB('',0.431372553110123,0.862745106220245,0.549019634723663);
#13237=COLOUR_RGB('',0.431372553110123,0.862745106220245,0.549019634723663);
#13238=CARTESIAN_POINT('',(-1.45,-12.5,-2.05000000000003));
#13239=CARTESIAN_POINT('',(-1.45,-12.5,2.04999999999998));
#13240=CARTESIAN_POINT('',(-1.45,-12.5,-1.15463194561016E-14));
#13241=VECTOR('',#16100,1.0);
#13242=CARTESIAN_POINT('',(-1.45,-19.1,-2.05000000000003));
#13243=CARTESIAN_POINT('',(-1.45,-12.3,-2.05000000000003));
#13244=VECTOR('',#16101,1.0);
#13245=CARTESIAN_POINT('',(-1.45,-19.1,2.04999999999998));
#13246=CARTESIAN_POINT('',(-1.45,-19.1,-2.05000000000003));
#13247=VECTOR('',#16102,1.0);
#13248=CARTESIAN_POINT('',(-1.45,-12.3,2.04999999999998));
#13249=VECTOR('',#16103,1.0);
#13250=COLOUR_RGB('',0.431372553110123,0.862745106220245,0.549019634723663);
#13251=CARTESIAN_POINT('',(1.45,-12.5,-2.04999999999997));
#13252=CARTESIAN_POINT('',(9.90000000000002,-12.5,-2.04999999999981));
#13253=VECTOR('',#16104,1.0);
#13254=CARTESIAN_POINT('',(1.45,-19.1,-2.04999999999997));
#13255=CARTESIAN_POINT('',(1.45,-12.3,-2.04999999999997));
#13256=VECTOR('',#16105,1.0);
#13257=CARTESIAN_POINT('',(1.45,-19.1,-2.04999999999997));
#13258=VECTOR('',#16106,1.0);
#13259=CARTESIAN_POINT('',(0.249943055555544,-18.8,-2.05));
#13260=CARTESIAN_POINT('',(0.249943055555544,-16.8,-2.05));
#13261=CARTESIAN_POINT('',(0.249943055555544,-14.55,-2.05));
#13262=VECTOR('',#16107,1.0);
#13263=CARTESIAN_POINT('',(-0.250060648148164,-16.8,-2.05000000000001));
#13264=CARTESIAN_POINT('',(-9.0547500279925E-06,-16.8,-2.05));
#13265=VECTOR('',#16108,1.0);
#13266=CARTESIAN_POINT('',(-0.250060648148164,-18.8,-2.05000000000001));
#13267=CARTESIAN_POINT('',(-0.250060648148164,-14.55,-2.05000000000001));
#13268=VECTOR('',#16109,1.0);
#13269=CARTESIAN_POINT('',(-9.0547500279925E-06,-18.8,-2.05));
#13270=VECTOR('',#16110,1.0);
#13271=COLOUR_RGB('',0.431372553110123,0.862745106220245,0.549019634723663);
#13272=CARTESIAN_POINT('',(1.45,-12.5,2.04999999999998));
#13273=CARTESIAN_POINT('',(1.45,-12.5,1.77635683940025E-15));
#13274=VECTOR('',#16111,1.0);
#13275=CARTESIAN_POINT('',(1.45,-19.1,2.04999999999998));
#13276=CARTESIAN_POINT('',(1.45,-12.3,2.04999999999998));
#13277=VECTOR('',#16112,1.0);
#13278=CARTESIAN_POINT('',(1.45,-19.1,-2.04999999999997));
#13279=VECTOR('',#16113,1.0);
#13280=COLOUR_RGB('',0.431372553110123,0.862745106220245,0.549019634723663);
#13281=CARTESIAN_POINT('',(0.249943055555544,-16.8,-2.37126296296297));
#13282=CARTESIAN_POINT('',(0.249943055555544,-16.8,-1.85));
#13283=VECTOR('',#16114,1.0);
#13284=CARTESIAN_POINT('',(0.399991203703705,-16.8,-2.55000370370371));
#13285=CARTESIAN_POINT('',(0.249943055555544,-16.8,-2.37126296296297));
#13286=VECTOR('',#16115,0.999999999999999);
#13287=CARTESIAN_POINT('',(0.399991203703705,-16.8,-3.35));
#13288=CARTESIAN_POINT('',(0.399991203703705,-16.8,-2.55000370370371));
#13289=VECTOR('',#16116,1.0);
#13290=CARTESIAN_POINT('',(-0.399991203703704,-16.8,-3.35));
#13291=CARTESIAN_POINT('',(-0.399991203703704,-16.8,-3.35));
#13292=VECTOR('',#16117,1.0);
#13293=CARTESIAN_POINT('',(-0.399991203703704,-16.8,-2.55000370370371));
#13294=CARTESIAN_POINT('',(-0.399991203703704,-16.8,-3.35));
#13295=VECTOR('',#16118,1.0);
#13296=CARTESIAN_POINT('',(-0.250060648148164,-16.8,-2.37126296296297));
#13297=CARTESIAN_POINT('',(-0.399991203703704,-16.8,-2.55000370370371));
#13298=VECTOR('',#16119,1.0);
#13299=CARTESIAN_POINT('',(-0.250060648148164,-16.8,-2.37126296296297));
#13300=VECTOR('',#16120,1.0);
#13301=COLOUR_RGB('',0.431372553110123,0.862745106220245,0.549019634723663);
#13302=CARTESIAN_POINT('',(0.249943055555544,-18.8,-2.37126296296297));
#13303=CARTESIAN_POINT('',(0.249943055555544,-18.8,-1.85));
#13304=VECTOR('',#16121,1.0);
#13305=CARTESIAN_POINT('',(0.249943055555544,-16.8,-2.37126296296297));
#13306=VECTOR('',#16122,1.0);
#13307=COLOUR_RGB('',0.431372553110123,0.862745106220245,0.549019634723663);
#13308=CARTESIAN_POINT('',(0.399991203703705,-18.8,-2.55000370370371));
#13309=CARTESIAN_POINT('',(0.249943055555544,-18.8,-2.37126296296297));
#13310=VECTOR('',#16123,0.999999999999999);
#13311=CARTESIAN_POINT('',(0.399991203703705,-16.8,-2.55000370370371));
#13312=VECTOR('',#16124,1.0);
#13313=COLOUR_RGB('',0.431372553110123,0.862745106220245,0.549019634723663);
#13314=CARTESIAN_POINT('',(0.399991203703705,-18.8,-3.35));
#13315=CARTESIAN_POINT('',(0.399991203703705,-18.8,-2.55000370370371));
#13316=VECTOR('',#16125,1.0);
#13317=CARTESIAN_POINT('',(0.399991203703705,-16.8,-3.35));
#13318=VECTOR('',#16126,1.0);
#13319=COLOUR_RGB('',0.431372553110123,0.862745106220245,0.549019634723663);
#13320=CARTESIAN_POINT('',(-0.399991203703704,-18.8,-3.35));
#13321=CARTESIAN_POINT('',(-0.399991203703704,-18.8,-3.35));
#13322=VECTOR('',#16127,1.0);
#13323=CARTESIAN_POINT('',(-0.399991203703704,-16.8,-3.35));
#13324=VECTOR('',#16128,1.0);
#13325=COLOUR_RGB('',0.431372553110123,0.862745106220245,0.549019634723663);
#13326=CARTESIAN_POINT('',(-0.399991203703704,-18.8,-2.55000370370371));
#13327=CARTESIAN_POINT('',(-0.399991203703704,-18.8,-3.35));
#13328=VECTOR('',#16129,1.0);
#13329=CARTESIAN_POINT('',(-0.399991203703704,-16.8,-2.55000370370371));
#13330=VECTOR('',#16130,1.0);
#13331=COLOUR_RGB('',0.431372553110123,0.862745106220245,0.549019634723663);
#13332=CARTESIAN_POINT('',(-0.250060648148164,-18.8,-2.37126296296297));
#13333=CARTESIAN_POINT('',(-0.399991203703704,-18.8,-2.55000370370371));
#13334=VECTOR('',#16131,1.0);
#13335=CARTESIAN_POINT('',(-0.250060648148164,-16.8,-2.37126296296297));
#13336=VECTOR('',#16132,1.0);
#13337=COLOUR_RGB('',0.431372553110123,0.862745106220245,0.549019634723663);
#13338=CARTESIAN_POINT('',(-0.250060648148164,-18.8,-2.37126296296297));
#13339=VECTOR('',#16133,1.0);
#13340=COLOUR_RGB('',0.431372553110123,0.862745106220245,0.549019634723663);
#13341=COLOUR_RGB('',0.431372553110123,0.862745106220245,0.549019634723663);
#13342=CARTESIAN_POINT('',(-0.939799999999929,-12.5,2.04999999999998));
#13343=CARTESIAN_POINT('',(9.30255000000002,-12.5,2.04999999999998));
#13344=VECTOR('',#16134,1.0);
#13345=CARTESIAN_POINT('',(-0.939799999999929,-19.1,2.04999999999998));
#13346=CARTESIAN_POINT('',(-0.939799999999929,-19.1,2.04999999999998));
#13347=VECTOR('',#16135,1.0);
#13348=CARTESIAN_POINT('',(-0.939799999999929,-12.3,2.04999999999998));
#13349=VECTOR('',#16136,1.0);
#13350=COLOUR_RGB('',0.431372553110123,0.862745106220245,0.549019634723663);
#13351=CARTESIAN_POINT('',(0.939800000000021,-12.5,2.04999999999998));
#13352=AXIS2_PLACEMENT_3D('',#16137,#16138,#16139);
#13353=CARTESIAN_POINT('',(0.939800000000021,-19.1,2.04999999999998));
#13354=AXIS2_PLACEMENT_3D('',#16140,#16141,#16142);
#13355=CARTESIAN_POINT('',(0.939800000000021,-12.3,2.04999999999998));
#13356=VECTOR('',#16143,1.0);
#13357=COLOUR_RGB('',0.431372553110123,0.862745106220245,0.549019634723663);
#13358=CARTESIAN_POINT('',(10.49745,-12.5,2.04999999999998));
#13359=VECTOR('',#16144,1.0);
#13360=CARTESIAN_POINT('',(1.45,-19.1,2.04999999999998));
#13361=VECTOR('',#16145,1.0);
#13362=COLOUR_RGB('',0.431372553110123,0.862745106220245,0.549019634723663);
#13363=COLOUR_RGB('',0.431372553110123,0.862745106220245,0.549019634723663);
#13364=CARTESIAN_POINT('',(16.75,-12.5,-4.49997129629633));
#13365=CARTESIAN_POINT('',(18.25,-12.5,-4.49997129629633));
#13366=CARTESIAN_POINT('',(19.025,-12.5,-4.49997129629633));
#13367=VECTOR('',#16146,1.0);
#13368=CARTESIAN_POINT('',(16.75,-11.9999962962963,-4.49997129629633));
#13369=CARTESIAN_POINT('',(16.75,-11.9999962962963,-4.49997129629633));
#13370=VECTOR('',#16147,1.0);
#13371=CARTESIAN_POINT('',(18.25,-11.9999962962963,-4.49997129629633));
#13372=CARTESIAN_POINT('',(18.25,-11.9999962962963,-4.49997129629633));
#13373=VECTOR('',#16148,1.0);
#13374=CARTESIAN_POINT('',(18.25,-11.9999962962963,-4.49997129629633));
#13375=VECTOR('',#16149,1.0);
#13376=COLOUR_RGB('',0.431372553110123,0.862745106220245,0.549019634723663);
#13377=CARTESIAN_POINT('',(18.25,-12.5,-5.2));
#13378=CARTESIAN_POINT('',(18.25,-12.5,-2.42263794019629));
#13379=VECTOR('',#16150,1.0);
#13380=CARTESIAN_POINT('',(18.25,-11.9999962962963,-3.90001388888888));
#13381=CARTESIAN_POINT('',(18.25,-11.9999962962963,-3.90001388888888));
#13382=VECTOR('',#16151,1.0);
#13383=CARTESIAN_POINT('',(18.25,-11.8499481481482,-3.90001388888888));
#13384=CARTESIAN_POINT('',(18.25,-11.8499481481482,-3.90001388888888));
#13385=VECTOR('',#16152,1.0);
#13386=CARTESIAN_POINT('',(18.25,-11.8499481481482,-4.29994629629628));
#13387=CARTESIAN_POINT('',(18.25,-11.8499481481482,-4.29994629629628));
#13388=VECTOR('',#16153,1.0);
#13389=CARTESIAN_POINT('',(18.25,-11.0499657407408,-4.84992685185188));
#13390=CARTESIAN_POINT('',(18.25,-11.0499657407408,-4.84992685185188));
#13391=VECTOR('',#16154,0.999999999999999);
#13392=CARTESIAN_POINT('',(18.25,-10.7499870370371,-4.84992685185188));
#13393=CARTESIAN_POINT('',(18.25,-10.7499870370371,-4.84992685185188));
#13394=VECTOR('',#16155,1.0);
#13395=CARTESIAN_POINT('',(18.25,-10.7499870370371,-5.2));
#13396=CARTESIAN_POINT('',(18.25,-10.7499870370371,-4.84992685185188));
#13397=VECTOR('',#16156,1.0);
#13398=CARTESIAN_POINT('',(18.25,-11.5292401938981,-5.2));
#13399=VECTOR('',#16157,1.0);
#13400=COLOUR_RGB('',0.431372553110123,0.862745106220245,0.549019634723663);
#13401=CARTESIAN_POINT('',(16.75,-11.0499657407408,-4.84992685185188));
#13402=CARTESIAN_POINT('',(16.75,-11.8499481481482,-4.29994629629628));
#13403=CARTESIAN_POINT('',(16.75,-11.0499657407408,-4.84992685185188));
#13404=VECTOR('',#16158,0.999999999999999);
#13405=CARTESIAN_POINT('',(18.25,-11.0499657407408,-4.84992685185188));
#13406=VECTOR('',#16159,1.0);
#13407=CARTESIAN_POINT('',(18.25,-11.8499481481482,-4.29994629629628));
#13408=VECTOR('',#16160,1.0);
#13409=COLOUR_RGB('',0.431372553110123,0.862745106220245,0.549019634723663);
#13410=CARTESIAN_POINT('',(16.75,-11.8499481481482,-3.90001388888888));
#13411=CARTESIAN_POINT('',(16.75,-11.8499481481482,-4.29994629629628));
#13412=VECTOR('',#16161,1.0);
#13413=CARTESIAN_POINT('',(18.25,-11.8499481481482,-3.90001388888888));
#13414=VECTOR('',#16162,1.0);
#13415=COLOUR_RGB('',0.431372553110123,0.862745106220245,0.549019634723663);
#13416=CARTESIAN_POINT('',(16.75,-11.9999962962963,-3.90001388888888));
#13417=CARTESIAN_POINT('',(16.75,-11.8499481481482,-3.90001388888888));
#13418=VECTOR('',#16163,1.0);
#13419=CARTESIAN_POINT('',(18.25,-11.9999962962963,-3.90001388888888));
#13420=VECTOR('',#16164,1.0);
#13421=COLOUR_RGB('',0.431372553110123,0.862745106220245,0.549019634723663);
#13422=CARTESIAN_POINT('',(16.75,-11.9999962962963,-3.90001388888888));
#13423=VECTOR('',#16165,1.0);
#13424=COLOUR_RGB('',0.431372553110123,0.862745106220245,0.549019634723663);
#13425=CARTESIAN_POINT('',(16.75,-10.7499870370371,-5.2));
#13426=CARTESIAN_POINT('',(19.025,-10.7499870370371,-5.2));
#13427=VECTOR('',#16166,1.0);
#13428=CARTESIAN_POINT('',(16.75,-10.7499870370371,-4.84992685185188));
#13429=CARTESIAN_POINT('',(18.25,-10.7499870370371,-4.84992685185188));
#13430=VECTOR('',#16167,1.0);
#13431=CARTESIAN_POINT('',(16.75,-10.7499870370371,-4.84992685185188));
#13432=VECTOR('',#16168,1.0);
#13433=COLOUR_RGB('',0.431372553110123,0.862745106220245,0.549019634723663);
#13434=CARTESIAN_POINT('',(16.75,-10.7499870370371,-4.84992685185188));
#13435=VECTOR('',#16169,1.0);
#13436=COLOUR_RGB('',0.431372553110123,0.862745106220245,0.549019634723663);
#13437=CARTESIAN_POINT('',(16.75,-12.5,-5.2));
#13438=CARTESIAN_POINT('',(16.75,-12.5,-2.42263794019629));
#13439=VECTOR('',#16170,1.0);
#13440=CARTESIAN_POINT('',(16.75,-11.5292401938981,-5.2));
#13441=VECTOR('',#16171,1.0);
#13442=COLOUR_RGB('',0.431372553110123,0.862745106220245,0.549019634723663);
#13443=CARTESIAN_POINT('',(19.8,-12.5,-5.2));
#13444=CARTESIAN_POINT('',(19.8,-12.5,-5.2));
#13445=VECTOR('',#16172,1.0);
#13446=CARTESIAN_POINT('',(19.8,-12.5,5.2));
#13447=CARTESIAN_POINT('',(19.8,-12.5,5.2));
#13448=VECTOR('',#16173,1.0);
#13449=CARTESIAN_POINT('',(18.25,-12.5,5.2));
#13450=CARTESIAN_POINT('',(19.8,-12.5,5.2));
#13451=VECTOR('',#16174,1.0);
#13452=CARTESIAN_POINT('',(18.25,-12.5,4.49997129629633));
#13453=CARTESIAN_POINT('',(18.25,-12.5,2.42263794019629));
#13454=VECTOR('',#16175,1.0);
#13455=CARTESIAN_POINT('',(16.75,-12.5,4.49997129629633));
#13456=CARTESIAN_POINT('',(18.275,-12.5,4.49997129629633));
#13457=VECTOR('',#16176,1.0);
#13458=CARTESIAN_POINT('',(16.75,-12.5,5.2));
#13459=CARTESIAN_POINT('',(16.75,-12.5,2.42263794019629));
#13460=VECTOR('',#16177,1.0);
#13461=CARTESIAN_POINT('',(14.75,-12.5,5.2));
#13462=CARTESIAN_POINT('',(19.8,-12.5,5.2));
#13463=VECTOR('',#16178,1.0);
#13464=CARTESIAN_POINT('',(14.75,-12.5,4.49997129629633));
#13465=CARTESIAN_POINT('',(14.75,-12.5,2.42263794019629));
#13466=VECTOR('',#16179,1.0);
#13467=CARTESIAN_POINT('',(13.25,-12.5,4.49997129629633));
#13468=CARTESIAN_POINT('',(16.525,-12.5,4.49997129629633));
#13469=VECTOR('',#16180,1.0);
#13470=CARTESIAN_POINT('',(13.25,-12.5,5.2));
#13471=CARTESIAN_POINT('',(13.25,-12.5,2.42263794019629));
#13472=VECTOR('',#16181,1.0);
#13473=CARTESIAN_POINT('',(11.25,-12.5,5.2));
#13474=CARTESIAN_POINT('',(19.8,-12.5,5.2));
#13475=VECTOR('',#16182,1.0);
#13476=CARTESIAN_POINT('',(11.25,-12.5,4.49997129629633));
#13477=CARTESIAN_POINT('',(11.25,-12.5,2.42263794019629));
#13478=VECTOR('',#16183,1.0);
#13479=CARTESIAN_POINT('',(9.75,-12.5,4.49997129629633));
#13480=CARTESIAN_POINT('',(14.775,-12.5,4.49997129629633));
#13481=VECTOR('',#16184,1.0);
#13482=CARTESIAN_POINT('',(9.75,-12.5,5.2));
#13483=CARTESIAN_POINT('',(9.75,-12.5,2.42263794019629));
#13484=VECTOR('',#16185,1.0);
#13485=CARTESIAN_POINT('',(7.75,-12.5,5.2));
#13486=CARTESIAN_POINT('',(19.8,-12.5,5.2));
#13487=VECTOR('',#16186,1.0);
#13488=CARTESIAN_POINT('',(7.75,-12.5,4.49997129629633));
#13489=CARTESIAN_POINT('',(7.75,-12.5,2.42263794019629));
#13490=VECTOR('',#16187,1.0);
#13491=CARTESIAN_POINT('',(6.25,-12.5,4.49997129629633));
#13492=CARTESIAN_POINT('',(13.025,-12.5,4.49997129629633));
#13493=VECTOR('',#16188,1.0);
#13494=CARTESIAN_POINT('',(6.25,-12.5,5.2));
#13495=CARTESIAN_POINT('',(6.25,-12.5,2.42263794019629));
#13496=VECTOR('',#16189,1.0);
#13497=CARTESIAN_POINT('',(4.25,-12.5,5.2));
#13498=CARTESIAN_POINT('',(19.8,-12.5,5.2));
#13499=VECTOR('',#16190,1.0);
#13500=CARTESIAN_POINT('',(4.25,-12.5,4.49997129629633));
#13501=CARTESIAN_POINT('',(4.25,-12.5,2.42263794019629));
#13502=VECTOR('',#16191,1.0);
#13503=CARTESIAN_POINT('',(2.75,-12.5,4.49997129629633));
#13504=CARTESIAN_POINT('',(11.275,-12.5,4.49997129629633));
#13505=VECTOR('',#16192,1.0);
#13506=CARTESIAN_POINT('',(2.75,-12.5,5.2));
#13507=CARTESIAN_POINT('',(2.75,-12.5,2.42263794019629));
#13508=VECTOR('',#16193,1.0);
#13509=CARTESIAN_POINT('',(0.75,-12.5,5.2));
#13510=CARTESIAN_POINT('',(19.8,-12.5,5.2));
#13511=VECTOR('',#16194,1.0);
#13512=CARTESIAN_POINT('',(0.75,-12.5,4.49997129629633));
#13513=CARTESIAN_POINT('',(0.75,-12.5,2.42263794019629));
#13514=VECTOR('',#16195,1.0);
#13515=CARTESIAN_POINT('',(-0.75,-12.5,4.49997129629633));
#13516=CARTESIAN_POINT('',(9.525,-12.5,4.49997129629633));
#13517=VECTOR('',#16196,1.0);
#13518=CARTESIAN_POINT('',(-0.75,-12.5,5.2));
#13519=CARTESIAN_POINT('',(-0.75,-12.5,2.42263794019629));
#13520=VECTOR('',#16197,1.0);
#13521=CARTESIAN_POINT('',(-2.3,-12.5,5.2));
#13522=CARTESIAN_POINT('',(19.8,-12.5,5.2));
#13523=VECTOR('',#16198,1.0);
#13524=CARTESIAN_POINT('',(-2.3,-12.5,-5.2));
#13525=CARTESIAN_POINT('',(-2.3,-12.5,5.2));
#13526=VECTOR('',#16199,1.0);
#13527=CARTESIAN_POINT('',(-0.75,-12.5,-5.2));
#13528=CARTESIAN_POINT('',(19.8,-12.5,-5.2));
#13529=VECTOR('',#16200,1.0);
#13530=CARTESIAN_POINT('',(-0.749999999999999,-12.5,-4.49997129629633));
#13531=CARTESIAN_POINT('',(-0.75,-12.5,-2.42263794019629));
#13532=VECTOR('',#16201,1.0);
#13533=CARTESIAN_POINT('',(0.750000000000001,-12.5,-4.49997129629633));
#13534=CARTESIAN_POINT('',(10.275,-12.5,-4.49997129629633));
#13535=VECTOR('',#16202,1.0);
#13536=CARTESIAN_POINT('',(0.75,-12.5,-5.2));
#13537=CARTESIAN_POINT('',(0.75,-12.5,-2.42263794019629));
#13538=VECTOR('',#16203,1.0);
#13539=CARTESIAN_POINT('',(2.75,-12.5,-5.2));
#13540=CARTESIAN_POINT('',(19.8,-12.5,-5.2));
#13541=VECTOR('',#16204,1.0);
#13542=CARTESIAN_POINT('',(2.75,-12.5,-4.49997129629633));
#13543=CARTESIAN_POINT('',(2.75,-12.5,-2.42263794019629));
#13544=VECTOR('',#16205,1.0);
#13545=CARTESIAN_POINT('',(4.25,-12.5,-4.49997129629633));
#13546=CARTESIAN_POINT('',(12.025,-12.5,-4.49997129629633));
#13547=VECTOR('',#16206,1.0);
#13548=CARTESIAN_POINT('',(4.25,-12.5,-5.2));
#13549=CARTESIAN_POINT('',(4.25,-12.5,-2.42263794019629));
#13550=VECTOR('',#16207,1.0);
#13551=CARTESIAN_POINT('',(6.25,-12.5,-5.2));
#13552=CARTESIAN_POINT('',(19.8,-12.5,-5.2));
#13553=VECTOR('',#16208,1.0);
#13554=CARTESIAN_POINT('',(6.25,-12.5,-4.49997129629633));
#13555=CARTESIAN_POINT('',(6.25,-12.5,-2.42263794019629));
#13556=VECTOR('',#16209,1.0);
#13557=CARTESIAN_POINT('',(7.75,-12.5,-4.49997129629633));
#13558=CARTESIAN_POINT('',(13.775,-12.5,-4.49997129629633));
#13559=VECTOR('',#16210,1.0);
#13560=CARTESIAN_POINT('',(7.75,-12.5,-5.2));
#13561=CARTESIAN_POINT('',(7.75,-12.5,-2.42263794019629));
#13562=VECTOR('',#16211,1.0);
#13563=CARTESIAN_POINT('',(9.75,-12.5,-5.2));
#13564=CARTESIAN_POINT('',(19.8,-12.5,-5.2));
#13565=VECTOR('',#16212,1.0);
#13566=CARTESIAN_POINT('',(9.75,-12.5,-4.49997129629633));
#13567=CARTESIAN_POINT('',(9.75,-12.5,-2.42263794019629));
#13568=VECTOR('',#16213,1.0);
#13569=CARTESIAN_POINT('',(11.25,-12.5,-4.49997129629633));
#13570=CARTESIAN_POINT('',(15.525,-12.5,-4.49997129629633));
#13571=VECTOR('',#16214,1.0);
#13572=CARTESIAN_POINT('',(11.25,-12.5,-5.2));
#13573=CARTESIAN_POINT('',(11.25,-12.5,-2.42263794019629));
#13574=VECTOR('',#16215,1.0);
#13575=CARTESIAN_POINT('',(13.25,-12.5,-5.2));
#13576=CARTESIAN_POINT('',(19.8,-12.5,-5.2));
#13577=VECTOR('',#16216,1.0);
#13578=CARTESIAN_POINT('',(13.25,-12.5,-4.49997129629633));
#13579=CARTESIAN_POINT('',(13.25,-12.5,-2.42263794019629));
#13580=VECTOR('',#16217,1.0);
#13581=CARTESIAN_POINT('',(14.75,-12.5,-4.49997129629633));
#13582=CARTESIAN_POINT('',(17.275,-12.5,-4.49997129629633));
#13583=VECTOR('',#16218,1.0);
#13584=CARTESIAN_POINT('',(14.75,-12.5,-5.2));
#13585=CARTESIAN_POINT('',(14.75,-12.5,-2.42263794019629));
#13586=VECTOR('',#16219,1.0);
#13587=CARTESIAN_POINT('',(19.8,-12.5,-5.2));
#13588=VECTOR('',#16220,1.0);
#13589=COLOUR_RGB('',0.431372553110123,0.862745106220245,0.549019634723663);
#13590=CARTESIAN_POINT('',(13.25,-11.9999962962963,-4.49997129629633));
#13591=CARTESIAN_POINT('',(13.25,-11.9999962962963,-4.49997129629633));
#13592=VECTOR('',#16221,1.0);
#13593=CARTESIAN_POINT('',(14.75,-11.9999962962963,-4.49997129629633));
#13594=CARTESIAN_POINT('',(14.75,-11.9999962962963,-4.49997129629633));
#13595=VECTOR('',#16222,1.0);
#13596=CARTESIAN_POINT('',(14.75,-11.9999962962963,-4.49997129629633));
#13597=VECTOR('',#16223,1.0);
#13598=COLOUR_RGB('',0.431372553110123,0.862745106220245,0.549019634723663);
#13599=CARTESIAN_POINT('',(14.75,-11.9999962962963,-3.90001388888888));
#13600=CARTESIAN_POINT('',(14.75,-11.9999962962963,-3.90001388888888));
#13601=VECTOR('',#16224,1.0);
#13602=CARTESIAN_POINT('',(14.75,-11.8499481481482,-3.90001388888888));
#13603=CARTESIAN_POINT('',(14.75,-11.8499481481482,-3.90001388888888));
#13604=VECTOR('',#16225,1.0);
#13605=CARTESIAN_POINT('',(14.75,-11.8499481481482,-4.29994629629628));
#13606=CARTESIAN_POINT('',(14.75,-11.8499481481482,-4.29994629629628));
#13607=VECTOR('',#16226,1.0);
#13608=CARTESIAN_POINT('',(14.75,-11.0499657407408,-4.84992685185188));
#13609=CARTESIAN_POINT('',(14.75,-11.0499657407408,-4.84992685185188));
#13610=VECTOR('',#16227,0.999999999999999);
#13611=CARTESIAN_POINT('',(14.75,-10.7499870370371,-4.84992685185188));
#13612=CARTESIAN_POINT('',(14.75,-10.7499870370371,-4.84992685185188));
#13613=VECTOR('',#16228,1.0);
#13614=CARTESIAN_POINT('',(14.75,-10.7499870370371,-5.2));
#13615=CARTESIAN_POINT('',(14.75,-10.7499870370371,-4.84992685185188));
#13616=VECTOR('',#16229,1.0);
#13617=CARTESIAN_POINT('',(14.75,-11.5292401938981,-5.2));
#13618=VECTOR('',#16230,1.0);
#13619=COLOUR_RGB('',0.431372553110123,0.862745106220245,0.549019634723663);
#13620=CARTESIAN_POINT('',(13.25,-11.0499657407408,-4.84992685185188));
#13621=CARTESIAN_POINT('',(13.25,-11.8499481481482,-4.29994629629628));
#13622=CARTESIAN_POINT('',(13.25,-11.0499657407408,-4.84992685185188));
#13623=VECTOR('',#16231,0.999999999999999);
#13624=CARTESIAN_POINT('',(14.75,-11.0499657407408,-4.84992685185188));
#13625=VECTOR('',#16232,1.0);
#13626=CARTESIAN_POINT('',(14.75,-11.8499481481482,-4.29994629629628));
#13627=VECTOR('',#16233,1.0);
#13628=COLOUR_RGB('',0.431372553110123,0.862745106220245,0.549019634723663);
#13629=CARTESIAN_POINT('',(13.25,-11.8499481481482,-3.90001388888888));
#13630=CARTESIAN_POINT('',(13.25,-11.8499481481482,-4.29994629629628));
#13631=VECTOR('',#16234,1.0);
#13632=CARTESIAN_POINT('',(14.75,-11.8499481481482,-3.90001388888888));
#13633=VECTOR('',#16235,1.0);
#13634=COLOUR_RGB('',0.431372553110123,0.862745106220245,0.549019634723663);
#13635=CARTESIAN_POINT('',(13.25,-11.9999962962963,-3.90001388888888));
#13636=CARTESIAN_POINT('',(13.25,-11.8499481481482,-3.90001388888888));
#13637=VECTOR('',#16236,1.0);
#13638=CARTESIAN_POINT('',(14.75,-11.9999962962963,-3.90001388888888));
#13639=VECTOR('',#16237,1.0);
#13640=COLOUR_RGB('',0.431372553110123,0.862745106220245,0.549019634723663);
#13641=CARTESIAN_POINT('',(13.25,-11.9999962962963,-3.90001388888888));
#13642=VECTOR('',#16238,1.0);
#13643=COLOUR_RGB('',0.431372553110123,0.862745106220245,0.549019634723663);
#13644=CARTESIAN_POINT('',(13.25,-10.7499870370371,-5.2));
#13645=CARTESIAN_POINT('',(17.275,-10.7499870370371,-5.2));
#13646=VECTOR('',#16239,1.0);
#13647=CARTESIAN_POINT('',(13.25,-10.7499870370371,-4.84992685185188));
#13648=CARTESIAN_POINT('',(14.75,-10.7499870370371,-4.84992685185188));
#13649=VECTOR('',#16240,1.0);
#13650=CARTESIAN_POINT('',(13.25,-10.7499870370371,-4.84992685185188));
#13651=VECTOR('',#16241,1.0);
#13652=COLOUR_RGB('',0.431372553110123,0.862745106220245,0.549019634723663);
#13653=CARTESIAN_POINT('',(13.25,-10.7499870370371,-4.84992685185188));
#13654=VECTOR('',#16242,1.0);
#13655=COLOUR_RGB('',0.431372553110123,0.862745106220245,0.549019634723663);
#13656=CARTESIAN_POINT('',(13.25,-11.5292401938981,-5.2));
#13657=VECTOR('',#16243,1.0);
#13658=COLOUR_RGB('',0.431372553110123,0.862745106220245,0.549019634723663);
#13659=CARTESIAN_POINT('',(9.75,-11.9999962962963,-4.49997129629633));
#13660=CARTESIAN_POINT('',(9.75,-11.9999962962963,-4.49997129629633));
#13661=VECTOR('',#16244,1.0);
#13662=CARTESIAN_POINT('',(11.25,-11.9999962962963,-4.49997129629633));
#13663=CARTESIAN_POINT('',(11.25,-11.9999962962963,-4.49997129629633));
#13664=VECTOR('',#16245,1.0);
#13665=CARTESIAN_POINT('',(11.25,-11.9999962962963,-4.49997129629633));
#13666=VECTOR('',#16246,1.0);
#13667=COLOUR_RGB('',0.431372553110123,0.862745106220245,0.549019634723663);
#13668=CARTESIAN_POINT('',(11.25,-11.9999962962963,-3.90001388888888));
#13669=CARTESIAN_POINT('',(11.25,-11.9999962962963,-3.90001388888888));
#13670=VECTOR('',#16247,1.0);
#13671=CARTESIAN_POINT('',(11.25,-11.8499481481482,-3.90001388888888));
#13672=CARTESIAN_POINT('',(11.25,-11.8499481481482,-3.90001388888888));
#13673=VECTOR('',#16248,1.0);
#13674=CARTESIAN_POINT('',(11.25,-11.8499481481482,-4.29994629629628));
#13675=CARTESIAN_POINT('',(11.25,-11.8499481481482,-4.29994629629628));
#13676=VECTOR('',#16249,1.0);
#13677=CARTESIAN_POINT('',(11.25,-11.0499657407408,-4.84992685185188));
#13678=CARTESIAN_POINT('',(11.25,-11.0499657407408,-4.84992685185188));
#13679=VECTOR('',#16250,0.999999999999999);
#13680=CARTESIAN_POINT('',(11.25,-10.7499870370371,-4.84992685185188));
#13681=CARTESIAN_POINT('',(11.25,-10.7499870370371,-4.84992685185188));
#13682=VECTOR('',#16251,1.0);
#13683=CARTESIAN_POINT('',(11.25,-10.7499870370371,-5.2));
#13684=CARTESIAN_POINT('',(11.25,-10.7499870370371,-4.84992685185188));
#13685=VECTOR('',#16252,1.0);
#13686=CARTESIAN_POINT('',(11.25,-11.5292401938981,-5.2));
#13687=VECTOR('',#16253,1.0);
#13688=COLOUR_RGB('',0.431372553110123,0.862745106220245,0.549019634723663);
#13689=CARTESIAN_POINT('',(9.75,-11.0499657407408,-4.84992685185188));
#13690=CARTESIAN_POINT('',(9.75,-11.8499481481482,-4.29994629629628));
#13691=CARTESIAN_POINT('',(9.75,-11.0499657407408,-4.84992685185188));
#13692=VECTOR('',#16254,0.999999999999999);
#13693=CARTESIAN_POINT('',(11.25,-11.0499657407408,-4.84992685185188));
#13694=VECTOR('',#16255,1.0);
#13695=CARTESIAN_POINT('',(11.25,-11.8499481481482,-4.29994629629628));
#13696=VECTOR('',#16256,1.0);
#13697=COLOUR_RGB('',0.431372553110123,0.862745106220245,0.549019634723663);
#13698=CARTESIAN_POINT('',(9.75,-11.8499481481482,-3.90001388888888));
#13699=CARTESIAN_POINT('',(9.75,-11.8499481481482,-4.29994629629628));
#13700=VECTOR('',#16257,1.0);
#13701=CARTESIAN_POINT('',(11.25,-11.8499481481482,-3.90001388888888));
#13702=VECTOR('',#16258,1.0);
#13703=COLOUR_RGB('',0.431372553110123,0.862745106220245,0.549019634723663);
#13704=CARTESIAN_POINT('',(9.75,-11.9999962962963,-3.90001388888888));
#13705=CARTESIAN_POINT('',(9.75,-11.8499481481482,-3.90001388888888));
#13706=VECTOR('',#16259,1.0);
#13707=CARTESIAN_POINT('',(11.25,-11.9999962962963,-3.90001388888888));
#13708=VECTOR('',#16260,1.0);
#13709=COLOUR_RGB('',0.431372553110123,0.862745106220245,0.549019634723663);
#13710=CARTESIAN_POINT('',(9.75,-11.9999962962963,-3.90001388888888));
#13711=VECTOR('',#16261,1.0);
#13712=COLOUR_RGB('',0.431372553110123,0.862745106220245,0.549019634723663);
#13713=CARTESIAN_POINT('',(9.75,-10.7499870370371,-5.2));
#13714=CARTESIAN_POINT('',(15.525,-10.7499870370371,-5.2));
#13715=VECTOR('',#16262,1.0);
#13716=CARTESIAN_POINT('',(9.75,-10.7499870370371,-4.84992685185188));
#13717=CARTESIAN_POINT('',(11.25,-10.7499870370371,-4.84992685185188));
#13718=VECTOR('',#16263,1.0);
#13719=CARTESIAN_POINT('',(9.75,-10.7499870370371,-4.84992685185188));
#13720=VECTOR('',#16264,1.0);
#13721=COLOUR_RGB('',0.431372553110123,0.862745106220245,0.549019634723663);
#13722=CARTESIAN_POINT('',(9.75,-10.7499870370371,-4.84992685185188));
#13723=VECTOR('',#16265,1.0);
#13724=COLOUR_RGB('',0.431372553110123,0.862745106220245,0.549019634723663);
#13725=CARTESIAN_POINT('',(9.75,-11.5292401938981,-5.2));
#13726=VECTOR('',#16266,1.0);
#13727=COLOUR_RGB('',0.431372553110123,0.862745106220245,0.549019634723663);
#13728=CARTESIAN_POINT('',(6.25,-11.9999962962963,-4.49997129629633));
#13729=CARTESIAN_POINT('',(6.25,-11.9999962962963,-4.49997129629633));
#13730=VECTOR('',#16267,1.0);
#13731=CARTESIAN_POINT('',(7.75,-11.9999962962963,-4.49997129629633));
#13732=CARTESIAN_POINT('',(7.75,-11.9999962962963,-4.49997129629633));
#13733=VECTOR('',#16268,1.0);
#13734=CARTESIAN_POINT('',(7.75,-11.9999962962963,-4.49997129629633));
#13735=VECTOR('',#16269,1.0);
#13736=COLOUR_RGB('',0.431372553110123,0.862745106220245,0.549019634723663);
#13737=CARTESIAN_POINT('',(7.75,-11.9999962962963,-3.90001388888888));
#13738=CARTESIAN_POINT('',(7.75,-11.9999962962963,-3.90001388888888));
#13739=VECTOR('',#16270,1.0);
#13740=CARTESIAN_POINT('',(7.75,-11.8499481481482,-3.90001388888888));
#13741=CARTESIAN_POINT('',(7.75,-11.8499481481482,-3.90001388888888));
#13742=VECTOR('',#16271,1.0);
#13743=CARTESIAN_POINT('',(7.75,-11.8499481481482,-4.29994629629628));
#13744=CARTESIAN_POINT('',(7.75,-11.8499481481482,-4.29994629629628));
#13745=VECTOR('',#16272,1.0);
#13746=CARTESIAN_POINT('',(7.75,-11.0499657407408,-4.84992685185188));
#13747=CARTESIAN_POINT('',(7.75,-11.0499657407408,-4.84992685185188));
#13748=VECTOR('',#16273,0.999999999999999);
#13749=CARTESIAN_POINT('',(7.75,-10.7499870370371,-4.84992685185188));
#13750=CARTESIAN_POINT('',(7.75,-10.7499870370371,-4.84992685185188));
#13751=VECTOR('',#16274,1.0);
#13752=CARTESIAN_POINT('',(7.75,-10.7499870370371,-5.2));
#13753=CARTESIAN_POINT('',(7.75,-10.7499870370371,-4.84992685185188));
#13754=VECTOR('',#16275,1.0);
#13755=CARTESIAN_POINT('',(7.75,-11.5292401938981,-5.2));
#13756=VECTOR('',#16276,1.0);
#13757=COLOUR_RGB('',0.431372553110123,0.862745106220245,0.549019634723663);
#13758=CARTESIAN_POINT('',(6.25,-11.0499657407408,-4.84992685185188));
#13759=CARTESIAN_POINT('',(6.25,-11.8499481481482,-4.29994629629628));
#13760=CARTESIAN_POINT('',(6.25,-11.0499657407408,-4.84992685185188));
#13761=VECTOR('',#16277,0.999999999999999);
#13762=CARTESIAN_POINT('',(7.75,-11.0499657407408,-4.84992685185188));
#13763=VECTOR('',#16278,1.0);
#13764=CARTESIAN_POINT('',(7.75,-11.8499481481482,-4.29994629629628));
#13765=VECTOR('',#16279,1.0);
#13766=COLOUR_RGB('',0.431372553110123,0.862745106220245,0.549019634723663);
#13767=CARTESIAN_POINT('',(6.25,-11.8499481481482,-3.90001388888888));
#13768=CARTESIAN_POINT('',(6.25,-11.8499481481482,-4.29994629629628));
#13769=VECTOR('',#16280,1.0);
#13770=CARTESIAN_POINT('',(7.75,-11.8499481481482,-3.90001388888888));
#13771=VECTOR('',#16281,1.0);
#13772=COLOUR_RGB('',0.431372553110123,0.862745106220245,0.549019634723663);
#13773=CARTESIAN_POINT('',(6.25,-11.9999962962963,-3.90001388888888));
#13774=CARTESIAN_POINT('',(6.25,-11.8499481481482,-3.90001388888888));
#13775=VECTOR('',#16282,1.0);
#13776=CARTESIAN_POINT('',(7.75,-11.9999962962963,-3.90001388888888));
#13777=VECTOR('',#16283,1.0);
#13778=COLOUR_RGB('',0.431372553110123,0.862745106220245,0.549019634723663);
#13779=CARTESIAN_POINT('',(6.25,-11.9999962962963,-3.90001388888888));
#13780=VECTOR('',#16284,1.0);
#13781=COLOUR_RGB('',0.431372553110123,0.862745106220245,0.549019634723663);
#13782=CARTESIAN_POINT('',(6.25,-10.7499870370371,-5.2));
#13783=CARTESIAN_POINT('',(13.775,-10.7499870370371,-5.2));
#13784=VECTOR('',#16285,1.0);
#13785=CARTESIAN_POINT('',(6.25,-10.7499870370371,-4.84992685185188));
#13786=CARTESIAN_POINT('',(7.75,-10.7499870370371,-4.84992685185188));
#13787=VECTOR('',#16286,1.0);
#13788=CARTESIAN_POINT('',(6.25,-10.7499870370371,-4.84992685185188));
#13789=VECTOR('',#16287,1.0);
#13790=COLOUR_RGB('',0.431372553110123,0.862745106220245,0.549019634723663);
#13791=CARTESIAN_POINT('',(6.25,-10.7499870370371,-4.84992685185188));
#13792=VECTOR('',#16288,1.0);
#13793=COLOUR_RGB('',0.431372553110123,0.862745106220245,0.549019634723663);
#13794=CARTESIAN_POINT('',(6.25,-11.5292401938981,-5.2));
#13795=VECTOR('',#16289,1.0);
#13796=COLOUR_RGB('',0.431372553110123,0.862745106220245,0.549019634723663);
#13797=CARTESIAN_POINT('',(2.75,-11.9999962962963,-4.49997129629633));
#13798=CARTESIAN_POINT('',(2.75,-11.9999962962963,-4.49997129629633));
#13799=VECTOR('',#16290,1.0);
#13800=CARTESIAN_POINT('',(4.25,-11.9999962962963,-4.49997129629633));
#13801=CARTESIAN_POINT('',(4.25,-11.9999962962963,-4.49997129629633));
#13802=VECTOR('',#16291,1.0);
#13803=CARTESIAN_POINT('',(4.25,-11.9999962962963,-4.49997129629633));
#13804=VECTOR('',#16292,1.0);
#13805=COLOUR_RGB('',0.431372553110123,0.862745106220245,0.549019634723663);
#13806=CARTESIAN_POINT('',(4.25,-11.9999962962963,-3.90001388888888));
#13807=CARTESIAN_POINT('',(4.25,-11.9999962962963,-3.90001388888888));
#13808=VECTOR('',#16293,1.0);
#13809=CARTESIAN_POINT('',(4.25,-11.8499481481482,-3.90001388888888));
#13810=CARTESIAN_POINT('',(4.25,-11.8499481481482,-3.90001388888888));
#13811=VECTOR('',#16294,1.0);
#13812=CARTESIAN_POINT('',(4.25,-11.8499481481482,-4.29994629629628));
#13813=CARTESIAN_POINT('',(4.25,-11.8499481481482,-4.29994629629628));
#13814=VECTOR('',#16295,1.0);
#13815=CARTESIAN_POINT('',(4.25,-11.0499657407408,-4.84992685185188));
#13816=CARTESIAN_POINT('',(4.25,-11.0499657407408,-4.84992685185188));
#13817=VECTOR('',#16296,0.999999999999999);
#13818=CARTESIAN_POINT('',(4.25,-10.7499870370371,-4.84992685185188));
#13819=CARTESIAN_POINT('',(4.25,-10.7499870370371,-4.84992685185188));
#13820=VECTOR('',#16297,1.0);
#13821=CARTESIAN_POINT('',(4.25,-10.7499870370371,-5.2));
#13822=CARTESIAN_POINT('',(4.25,-10.7499870370371,-4.84992685185188));
#13823=VECTOR('',#16298,1.0);
#13824=CARTESIAN_POINT('',(4.25,-11.5292401938981,-5.2));
#13825=VECTOR('',#16299,1.0);
#13826=COLOUR_RGB('',0.431372553110123,0.862745106220245,0.549019634723663);
#13827=CARTESIAN_POINT('',(2.75,-11.0499657407408,-4.84992685185188));
#13828=CARTESIAN_POINT('',(2.75,-11.8499481481482,-4.29994629629628));
#13829=CARTESIAN_POINT('',(2.75,-11.0499657407408,-4.84992685185188));
#13830=VECTOR('',#16300,0.999999999999999);
#13831=CARTESIAN_POINT('',(4.25,-11.0499657407408,-4.84992685185188));
#13832=VECTOR('',#16301,1.0);
#13833=CARTESIAN_POINT('',(4.25,-11.8499481481482,-4.29994629629628));
#13834=VECTOR('',#16302,1.0);
#13835=COLOUR_RGB('',0.431372553110123,0.862745106220245,0.549019634723663);
#13836=CARTESIAN_POINT('',(2.75,-11.8499481481482,-3.90001388888888));
#13837=CARTESIAN_POINT('',(2.75,-11.8499481481482,-4.29994629629628));
#13838=VECTOR('',#16303,1.0);
#13839=CARTESIAN_POINT('',(4.25,-11.8499481481482,-3.90001388888888));
#13840=VECTOR('',#16304,1.0);
#13841=COLOUR_RGB('',0.431372553110123,0.862745106220245,0.549019634723663);
#13842=CARTESIAN_POINT('',(2.75,-11.9999962962963,-3.90001388888888));
#13843=CARTESIAN_POINT('',(2.75,-11.8499481481482,-3.90001388888888));
#13844=VECTOR('',#16305,1.0);
#13845=CARTESIAN_POINT('',(4.25,-11.9999962962963,-3.90001388888888));
#13846=VECTOR('',#16306,1.0);
#13847=COLOUR_RGB('',0.431372553110123,0.862745106220245,0.549019634723663);
#13848=CARTESIAN_POINT('',(2.75,-11.9999962962963,-3.90001388888888));
#13849=VECTOR('',#16307,1.0);
#13850=COLOUR_RGB('',0.431372553110123,0.862745106220245,0.549019634723663);
#13851=CARTESIAN_POINT('',(2.75,-10.7499870370371,-5.2));
#13852=CARTESIAN_POINT('',(12.025,-10.7499870370371,-5.2));
#13853=VECTOR('',#16308,1.0);
#13854=CARTESIAN_POINT('',(2.75,-10.7499870370371,-4.84992685185188));
#13855=CARTESIAN_POINT('',(4.25,-10.7499870370371,-4.84992685185188));
#13856=VECTOR('',#16309,1.0);
#13857=CARTESIAN_POINT('',(2.75,-10.7499870370371,-4.84992685185188));
#13858=VECTOR('',#16310,1.0);
#13859=COLOUR_RGB('',0.431372553110123,0.862745106220245,0.549019634723663);
#13860=CARTESIAN_POINT('',(2.75,-10.7499870370371,-4.84992685185188));
#13861=VECTOR('',#16311,1.0);
#13862=COLOUR_RGB('',0.431372553110123,0.862745106220245,0.549019634723663);
#13863=CARTESIAN_POINT('',(2.75,-11.5292401938981,-5.2));
#13864=VECTOR('',#16312,1.0);
#13865=COLOUR_RGB('',0.431372553110123,0.862745106220245,0.549019634723663);
#13866=CARTESIAN_POINT('',(-0.749999999999999,-11.9999962962963,-4.49997129629633));
#13867=CARTESIAN_POINT('',(-0.749999999999999,-11.9999962962963,-4.49997129629633));
#13868=VECTOR('',#16313,1.0);
#13869=CARTESIAN_POINT('',(0.750000000000001,-11.9999962962963,-4.49997129629633));
#13870=CARTESIAN_POINT('',(0.750000000000001,-11.9999962962963,-4.49997129629633));
#13871=VECTOR('',#16314,1.0);
#13872=CARTESIAN_POINT('',(0.750000000000001,-11.9999962962963,-4.49997129629633));
#13873=VECTOR('',#16315,1.0);
#13874=COLOUR_RGB('',0.431372553110123,0.862745106220245,0.549019634723663);
#13875=CARTESIAN_POINT('',(0.750000000000001,-11.9999962962963,-3.90001388888888));
#13876=CARTESIAN_POINT('',(0.750000000000001,-11.9999962962963,-3.90001388888888));
#13877=VECTOR('',#16316,1.0);
#13878=CARTESIAN_POINT('',(0.750000000000001,-11.8499481481482,-3.90001388888888));
#13879=CARTESIAN_POINT('',(0.750000000000001,-11.8499481481482,-3.90001388888888));
#13880=VECTOR('',#16317,1.0);
#13881=CARTESIAN_POINT('',(0.750000000000001,-11.8499481481482,-4.29994629629628));
#13882=CARTESIAN_POINT('',(0.750000000000001,-11.8499481481482,-4.29994629629628));
#13883=VECTOR('',#16318,1.0);
#13884=CARTESIAN_POINT('',(0.750000000000001,-11.0499657407408,-4.84992685185188));
#13885=CARTESIAN_POINT('',(0.750000000000001,-11.0499657407408,-4.84992685185188));
#13886=VECTOR('',#16319,0.999999999999999);
#13887=CARTESIAN_POINT('',(0.750000000000001,-10.7499870370371,-4.84992685185188));
#13888=CARTESIAN_POINT('',(0.750000000000001,-10.7499870370371,-4.84992685185188));
#13889=VECTOR('',#16320,1.0);
#13890=CARTESIAN_POINT('',(0.750000000000001,-10.7499870370371,-5.2));
#13891=CARTESIAN_POINT('',(0.750000000000001,-10.7499870370371,-4.84992685185188));
#13892=VECTOR('',#16321,1.0);
#13893=CARTESIAN_POINT('',(0.75,-11.5292401938981,-5.2));
#13894=VECTOR('',#16322,1.0);
#13895=COLOUR_RGB('',0.431372553110123,0.862745106220245,0.549019634723663);
#13896=CARTESIAN_POINT('',(-0.749999999999999,-11.0499657407408,-4.84992685185188));
#13897=CARTESIAN_POINT('',(-0.749999999999999,-11.8499481481482,-4.29994629629628));
#13898=CARTESIAN_POINT('',(-0.749999999999999,-11.0499657407408,-4.84992685185188));
#13899=VECTOR('',#16323,0.999999999999999);
#13900=CARTESIAN_POINT('',(0.750000000000001,-11.0499657407408,-4.84992685185188));
#13901=VECTOR('',#16324,1.0);
#13902=CARTESIAN_POINT('',(0.750000000000001,-11.8499481481482,-4.29994629629628));
#13903=VECTOR('',#16325,1.0);
#13904=COLOUR_RGB('',0.431372553110123,0.862745106220245,0.549019634723663);
#13905=CARTESIAN_POINT('',(-0.749999999999999,-11.8499481481482,-3.90001388888888));
#13906=CARTESIAN_POINT('',(-0.749999999999999,-11.8499481481482,-4.29994629629628));
#13907=VECTOR('',#16326,1.0);
#13908=CARTESIAN_POINT('',(0.750000000000001,-11.8499481481482,-3.90001388888888));
#13909=VECTOR('',#16327,1.0);
#13910=COLOUR_RGB('',0.431372553110123,0.862745106220245,0.549019634723663);
#13911=CARTESIAN_POINT('',(-0.749999999999999,-11.9999962962963,-3.90001388888888));
#13912=CARTESIAN_POINT('',(-0.749999999999999,-11.8499481481482,-3.90001388888888));
#13913=VECTOR('',#16328,1.0);
#13914=CARTESIAN_POINT('',(0.750000000000001,-11.9999962962963,-3.90001388888888));
#13915=VECTOR('',#16329,1.0);
#13916=COLOUR_RGB('',0.431372553110123,0.862745106220245,0.549019634723663);
#13917=CARTESIAN_POINT('',(-0.749999999999999,-11.9999962962963,-3.90001388888888));
#13918=VECTOR('',#16330,1.0);
#13919=COLOUR_RGB('',0.431372553110123,0.862745106220245,0.549019634723663);
#13920=CARTESIAN_POINT('',(-0.749999999999999,-10.7499870370371,-5.2));
#13921=CARTESIAN_POINT('',(10.275,-10.7499870370371,-5.2));
#13922=VECTOR('',#16331,1.0);
#13923=CARTESIAN_POINT('',(-0.749999999999999,-10.7499870370371,-4.84992685185188));
#13924=CARTESIAN_POINT('',(0.750000000000001,-10.7499870370371,-4.84992685185188));
#13925=VECTOR('',#16332,1.0);
#13926=CARTESIAN_POINT('',(-0.749999999999999,-10.7499870370371,-4.84992685185188));
#13927=VECTOR('',#16333,1.0);
#13928=COLOUR_RGB('',0.431372553110123,0.862745106220245,0.549019634723663);
#13929=CARTESIAN_POINT('',(-0.749999999999999,-10.7499870370371,-4.84992685185188));
#13930=VECTOR('',#16334,1.0);
#13931=COLOUR_RGB('',0.431372553110123,0.862745106220245,0.549019634723663);
#13932=CARTESIAN_POINT('',(-0.75,-11.5292401938981,-5.2));
#13933=VECTOR('',#16335,1.0);
#13934=COLOUR_RGB('',0.431372553110123,0.862745106220245,0.549019634723663);
#13935=CARTESIAN_POINT('',(18.25,-11.9999962962963,4.49997129629633));
#13936=CARTESIAN_POINT('',(18.25,-11.9999962962963,4.49997129629633));
#13937=VECTOR('',#16336,1.0);
#13938=CARTESIAN_POINT('',(16.75,-11.9999962962963,4.49997129629633));
#13939=CARTESIAN_POINT('',(16.75,-11.9999962962963,4.49997129629633));
#13940=VECTOR('',#16337,1.0);
#13941=CARTESIAN_POINT('',(16.75,-11.9999962962963,4.49997129629633));
#13942=VECTOR('',#16338,1.0);
#13943=COLOUR_RGB('',0.431372553110123,0.862745106220245,0.549019634723663);
#13944=CARTESIAN_POINT('',(16.75,-11.9999962962963,3.90001388888888));
#13945=CARTESIAN_POINT('',(16.75,-11.9999962962963,3.90001388888888));
#13946=VECTOR('',#16339,1.0);
#13947=CARTESIAN_POINT('',(16.75,-11.8499481481482,3.90001388888888));
#13948=CARTESIAN_POINT('',(16.75,-11.8499481481482,3.90001388888888));
#13949=VECTOR('',#16340,1.0);
#13950=CARTESIAN_POINT('',(16.75,-11.8499481481482,4.29994629629628));
#13951=CARTESIAN_POINT('',(16.75,-11.8499481481482,4.29994629629628));
#13952=VECTOR('',#16341,1.0);
#13953=CARTESIAN_POINT('',(16.75,-11.0499657407408,4.84992685185188));
#13954=CARTESIAN_POINT('',(16.75,-11.0499657407408,4.84992685185188));
#13955=VECTOR('',#16342,0.999999999999999);
#13956=CARTESIAN_POINT('',(16.75,-10.7499870370371,4.84992685185188));
#13957=CARTESIAN_POINT('',(16.75,-10.7499870370371,4.84992685185188));
#13958=VECTOR('',#16343,1.0);
#13959=CARTESIAN_POINT('',(16.75,-10.7499870370371,5.2));
#13960=CARTESIAN_POINT('',(16.75,-10.7499870370371,4.84992685185188));
#13961=VECTOR('',#16344,1.0);
#13962=CARTESIAN_POINT('',(16.75,-11.5292401938981,5.2));
#13963=VECTOR('',#16345,1.0);
#13964=COLOUR_RGB('',0.431372553110123,0.862745106220245,0.549019634723663);
#13965=CARTESIAN_POINT('',(18.25,-11.0499657407408,4.84992685185188));
#13966=CARTESIAN_POINT('',(18.25,-11.8499481481482,4.29994629629628));
#13967=CARTESIAN_POINT('',(18.25,-11.0499657407408,4.84992685185188));
#13968=VECTOR('',#16346,0.999999999999999);
#13969=CARTESIAN_POINT('',(16.75,-11.0499657407408,4.84992685185188));
#13970=VECTOR('',#16347,1.0);
#13971=CARTESIAN_POINT('',(16.75,-11.8499481481482,4.29994629629628));
#13972=VECTOR('',#16348,1.0);
#13973=COLOUR_RGB('',0.431372553110123,0.862745106220245,0.549019634723663);
#13974=CARTESIAN_POINT('',(18.25,-11.8499481481482,3.90001388888888));
#13975=CARTESIAN_POINT('',(18.25,-11.8499481481482,4.29994629629628));
#13976=VECTOR('',#16349,1.0);
#13977=CARTESIAN_POINT('',(16.75,-11.8499481481482,3.90001388888888));
#13978=VECTOR('',#16350,1.0);
#13979=COLOUR_RGB('',0.431372553110123,0.862745106220245,0.549019634723663);
#13980=CARTESIAN_POINT('',(18.25,-11.9999962962963,3.90001388888888));
#13981=CARTESIAN_POINT('',(18.25,-11.8499481481482,3.90001388888888));
#13982=VECTOR('',#16351,1.0);
#13983=CARTESIAN_POINT('',(16.75,-11.9999962962963,3.90001388888888));
#13984=VECTOR('',#16352,1.0);
#13985=COLOUR_RGB('',0.431372553110123,0.862745106220245,0.549019634723663);
#13986=CARTESIAN_POINT('',(18.25,-11.9999962962963,3.90001388888888));
#13987=VECTOR('',#16353,1.0);
#13988=COLOUR_RGB('',0.431372553110123,0.862745106220245,0.549019634723663);
#13989=CARTESIAN_POINT('',(18.25,-10.7499870370371,5.2));
#13990=CARTESIAN_POINT('',(18.275,-10.7499870370371,5.2));
#13991=VECTOR('',#16354,1.0);
#13992=CARTESIAN_POINT('',(18.25,-10.7499870370371,4.84992685185188));
#13993=CARTESIAN_POINT('',(16.75,-10.7499870370371,4.84992685185188));
#13994=VECTOR('',#16355,1.0);
#13995=CARTESIAN_POINT('',(18.25,-10.7499870370371,4.84992685185188));
#13996=VECTOR('',#16356,1.0);
#13997=COLOUR_RGB('',0.431372553110123,0.862745106220245,0.549019634723663);
#13998=CARTESIAN_POINT('',(18.25,-10.7499870370371,4.84992685185188));
#13999=VECTOR('',#16357,1.0);
#14000=COLOUR_RGB('',0.431372553110123,0.862745106220245,0.549019634723663);
#14001=CARTESIAN_POINT('',(18.25,-11.5292401938981,5.2));
#14002=VECTOR('',#16358,1.0);
#14003=COLOUR_RGB('',0.431372553110123,0.862745106220245,0.549019634723663);
#14004=CARTESIAN_POINT('',(14.75,-11.9999962962963,4.49997129629633));
#14005=CARTESIAN_POINT('',(14.75,-11.9999962962963,4.49997129629633));
#14006=VECTOR('',#16359,1.0);
#14007=CARTESIAN_POINT('',(13.25,-11.9999962962963,4.49997129629633));
#14008=CARTESIAN_POINT('',(13.25,-11.9999962962963,4.49997129629633));
#14009=VECTOR('',#16360,1.0);
#14010=CARTESIAN_POINT('',(13.25,-11.9999962962963,4.49997129629633));
#14011=VECTOR('',#16361,1.0);
#14012=COLOUR_RGB('',0.431372553110123,0.862745106220245,0.549019634723663);
#14013=CARTESIAN_POINT('',(13.25,-11.9999962962963,3.90001388888888));
#14014=CARTESIAN_POINT('',(13.25,-11.9999962962963,3.90001388888888));
#14015=VECTOR('',#16362,1.0);
#14016=CARTESIAN_POINT('',(13.25,-11.8499481481482,3.90001388888888));
#14017=CARTESIAN_POINT('',(13.25,-11.8499481481482,3.90001388888888));
#14018=VECTOR('',#16363,1.0);
#14019=CARTESIAN_POINT('',(13.25,-11.8499481481482,4.29994629629628));
#14020=CARTESIAN_POINT('',(13.25,-11.8499481481482,4.29994629629628));
#14021=VECTOR('',#16364,1.0);
#14022=CARTESIAN_POINT('',(13.25,-11.0499657407408,4.84992685185188));
#14023=CARTESIAN_POINT('',(13.25,-11.0499657407408,4.84992685185188));
#14024=VECTOR('',#16365,0.999999999999999);
#14025=CARTESIAN_POINT('',(13.25,-10.7499870370371,4.84992685185188));
#14026=CARTESIAN_POINT('',(13.25,-10.7499870370371,4.84992685185188));
#14027=VECTOR('',#16366,1.0);
#14028=CARTESIAN_POINT('',(13.25,-10.7499870370371,5.2));
#14029=CARTESIAN_POINT('',(13.25,-10.7499870370371,4.84992685185188));
#14030=VECTOR('',#16367,1.0);
#14031=CARTESIAN_POINT('',(13.25,-11.5292401938981,5.2));
#14032=VECTOR('',#16368,1.0);
#14033=COLOUR_RGB('',0.431372553110123,0.862745106220245,0.549019634723663);
#14034=CARTESIAN_POINT('',(14.75,-11.0499657407408,4.84992685185188));
#14035=CARTESIAN_POINT('',(14.75,-11.8499481481482,4.29994629629628));
#14036=CARTESIAN_POINT('',(14.75,-11.0499657407408,4.84992685185188));
#14037=VECTOR('',#16369,0.999999999999999);
#14038=CARTESIAN_POINT('',(13.25,-11.0499657407408,4.84992685185188));
#14039=VECTOR('',#16370,1.0);
#14040=CARTESIAN_POINT('',(13.25,-11.8499481481482,4.29994629629628));
#14041=VECTOR('',#16371,1.0);
#14042=COLOUR_RGB('',0.431372553110123,0.862745106220245,0.549019634723663);
#14043=CARTESIAN_POINT('',(14.75,-11.8499481481482,3.90001388888888));
#14044=CARTESIAN_POINT('',(14.75,-11.8499481481482,4.29994629629628));
#14045=VECTOR('',#16372,1.0);
#14046=CARTESIAN_POINT('',(13.25,-11.8499481481482,3.90001388888888));
#14047=VECTOR('',#16373,1.0);
#14048=COLOUR_RGB('',0.431372553110123,0.862745106220245,0.549019634723663);
#14049=CARTESIAN_POINT('',(14.75,-11.9999962962963,3.90001388888888));
#14050=CARTESIAN_POINT('',(14.75,-11.8499481481482,3.90001388888888));
#14051=VECTOR('',#16374,1.0);
#14052=CARTESIAN_POINT('',(13.25,-11.9999962962963,3.90001388888888));
#14053=VECTOR('',#16375,1.0);
#14054=COLOUR_RGB('',0.431372553110123,0.862745106220245,0.549019634723663);
#14055=CARTESIAN_POINT('',(14.75,-11.9999962962963,3.90001388888888));
#14056=VECTOR('',#16376,1.0);
#14057=COLOUR_RGB('',0.431372553110123,0.862745106220245,0.549019634723663);
#14058=CARTESIAN_POINT('',(14.75,-10.7499870370371,5.2));
#14059=CARTESIAN_POINT('',(16.525,-10.7499870370371,5.2));
#14060=VECTOR('',#16377,1.0);
#14061=CARTESIAN_POINT('',(14.75,-10.7499870370371,4.84992685185188));
#14062=CARTESIAN_POINT('',(13.25,-10.7499870370371,4.84992685185188));
#14063=VECTOR('',#16378,1.0);
#14064=CARTESIAN_POINT('',(14.75,-10.7499870370371,4.84992685185188));
#14065=VECTOR('',#16379,1.0);
#14066=COLOUR_RGB('',0.431372553110123,0.862745106220245,0.549019634723663);
#14067=CARTESIAN_POINT('',(14.75,-10.7499870370371,4.84992685185188));
#14068=VECTOR('',#16380,1.0);
#14069=COLOUR_RGB('',0.431372553110123,0.862745106220245,0.549019634723663);
#14070=CARTESIAN_POINT('',(14.75,-11.5292401938981,5.2));
#14071=VECTOR('',#16381,1.0);
#14072=COLOUR_RGB('',0.431372553110123,0.862745106220245,0.549019634723663);
#14073=CARTESIAN_POINT('',(11.25,-11.9999962962963,4.49997129629633));
#14074=CARTESIAN_POINT('',(11.25,-11.9999962962963,4.49997129629633));
#14075=VECTOR('',#16382,1.0);
#14076=CARTESIAN_POINT('',(9.75,-11.9999962962963,4.49997129629633));
#14077=CARTESIAN_POINT('',(9.75,-11.9999962962963,4.49997129629633));
#14078=VECTOR('',#16383,1.0);
#14079=CARTESIAN_POINT('',(9.75,-11.9999962962963,4.49997129629633));
#14080=VECTOR('',#16384,1.0);
#14081=COLOUR_RGB('',0.431372553110123,0.862745106220245,0.549019634723663);
#14082=CARTESIAN_POINT('',(9.75,-11.9999962962963,3.90001388888888));
#14083=CARTESIAN_POINT('',(9.75,-11.9999962962963,3.90001388888888));
#14084=VECTOR('',#16385,1.0);
#14085=CARTESIAN_POINT('',(9.75,-11.8499481481482,3.90001388888888));
#14086=CARTESIAN_POINT('',(9.75,-11.8499481481482,3.90001388888888));
#14087=VECTOR('',#16386,1.0);
#14088=CARTESIAN_POINT('',(9.75,-11.8499481481482,4.29994629629628));
#14089=CARTESIAN_POINT('',(9.75,-11.8499481481482,4.29994629629628));
#14090=VECTOR('',#16387,1.0);
#14091=CARTESIAN_POINT('',(9.75,-11.0499657407408,4.84992685185188));
#14092=CARTESIAN_POINT('',(9.75,-11.0499657407408,4.84992685185188));
#14093=VECTOR('',#16388,0.999999999999999);
#14094=CARTESIAN_POINT('',(9.75,-10.7499870370371,4.84992685185188));
#14095=CARTESIAN_POINT('',(9.75,-10.7499870370371,4.84992685185188));
#14096=VECTOR('',#16389,1.0);
#14097=CARTESIAN_POINT('',(9.75,-10.7499870370371,5.2));
#14098=CARTESIAN_POINT('',(9.75,-10.7499870370371,4.84992685185188));
#14099=VECTOR('',#16390,1.0);
#14100=CARTESIAN_POINT('',(9.75,-11.5292401938981,5.2));
#14101=VECTOR('',#16391,1.0);
#14102=COLOUR_RGB('',0.431372553110123,0.862745106220245,0.549019634723663);
#14103=CARTESIAN_POINT('',(11.25,-11.0499657407408,4.84992685185188));
#14104=CARTESIAN_POINT('',(11.25,-11.8499481481482,4.29994629629628));
#14105=CARTESIAN_POINT('',(11.25,-11.0499657407408,4.84992685185188));
#14106=VECTOR('',#16392,0.999999999999999);
#14107=CARTESIAN_POINT('',(9.75,-11.0499657407408,4.84992685185188));
#14108=VECTOR('',#16393,1.0);
#14109=CARTESIAN_POINT('',(9.75,-11.8499481481482,4.29994629629628));
#14110=VECTOR('',#16394,1.0);
#14111=COLOUR_RGB('',0.431372553110123,0.862745106220245,0.549019634723663);
#14112=CARTESIAN_POINT('',(11.25,-11.8499481481482,3.90001388888888));
#14113=CARTESIAN_POINT('',(11.25,-11.8499481481482,4.29994629629628));
#14114=VECTOR('',#16395,1.0);
#14115=CARTESIAN_POINT('',(9.75,-11.8499481481482,3.90001388888888));
#14116=VECTOR('',#16396,1.0);
#14117=COLOUR_RGB('',0.431372553110123,0.862745106220245,0.549019634723663);
#14118=CARTESIAN_POINT('',(11.25,-11.9999962962963,3.90001388888888));
#14119=CARTESIAN_POINT('',(11.25,-11.8499481481482,3.90001388888888));
#14120=VECTOR('',#16397,1.0);
#14121=CARTESIAN_POINT('',(9.75,-11.9999962962963,3.90001388888888));
#14122=VECTOR('',#16398,1.0);
#14123=COLOUR_RGB('',0.431372553110123,0.862745106220245,0.549019634723663);
#14124=CARTESIAN_POINT('',(11.25,-11.9999962962963,3.90001388888888));
#14125=VECTOR('',#16399,1.0);
#14126=COLOUR_RGB('',0.431372553110123,0.862745106220245,0.549019634723663);
#14127=CARTESIAN_POINT('',(11.25,-10.7499870370371,5.2));
#14128=CARTESIAN_POINT('',(14.775,-10.7499870370371,5.2));
#14129=VECTOR('',#16400,1.0);
#14130=CARTESIAN_POINT('',(11.25,-10.7499870370371,4.84992685185188));
#14131=CARTESIAN_POINT('',(9.75,-10.7499870370371,4.84992685185188));
#14132=VECTOR('',#16401,1.0);
#14133=CARTESIAN_POINT('',(11.25,-10.7499870370371,4.84992685185188));
#14134=VECTOR('',#16402,1.0);
#14135=COLOUR_RGB('',0.431372553110123,0.862745106220245,0.549019634723663);
#14136=CARTESIAN_POINT('',(11.25,-10.7499870370371,4.84992685185188));
#14137=VECTOR('',#16403,1.0);
#14138=COLOUR_RGB('',0.431372553110123,0.862745106220245,0.549019634723663);
#14139=CARTESIAN_POINT('',(11.25,-11.5292401938981,5.2));
#14140=VECTOR('',#16404,1.0);
#14141=COLOUR_RGB('',0.431372553110123,0.862745106220245,0.549019634723663);
#14142=CARTESIAN_POINT('',(7.75,-11.9999962962963,4.49997129629633));
#14143=CARTESIAN_POINT('',(7.75,-11.9999962962963,4.49997129629633));
#14144=VECTOR('',#16405,1.0);
#14145=CARTESIAN_POINT('',(6.25,-11.9999962962963,4.49997129629633));
#14146=CARTESIAN_POINT('',(6.25,-11.9999962962963,4.49997129629633));
#14147=VECTOR('',#16406,1.0);
#14148=CARTESIAN_POINT('',(6.25,-11.9999962962963,4.49997129629633));
#14149=VECTOR('',#16407,1.0);
#14150=COLOUR_RGB('',0.431372553110123,0.862745106220245,0.549019634723663);
#14151=CARTESIAN_POINT('',(6.25,-11.9999962962963,3.90001388888888));
#14152=CARTESIAN_POINT('',(6.25,-11.9999962962963,3.90001388888888));
#14153=VECTOR('',#16408,1.0);
#14154=CARTESIAN_POINT('',(6.25,-11.8499481481482,3.90001388888888));
#14155=CARTESIAN_POINT('',(6.25,-11.8499481481482,3.90001388888888));
#14156=VECTOR('',#16409,1.0);
#14157=CARTESIAN_POINT('',(6.25,-11.8499481481482,4.29994629629628));
#14158=CARTESIAN_POINT('',(6.25,-11.8499481481482,4.29994629629628));
#14159=VECTOR('',#16410,1.0);
#14160=CARTESIAN_POINT('',(6.25,-11.0499657407408,4.84992685185188));
#14161=CARTESIAN_POINT('',(6.25,-11.0499657407408,4.84992685185188));
#14162=VECTOR('',#16411,0.999999999999999);
#14163=CARTESIAN_POINT('',(6.25,-10.7499870370371,4.84992685185188));
#14164=CARTESIAN_POINT('',(6.25,-10.7499870370371,4.84992685185188));
#14165=VECTOR('',#16412,1.0);
#14166=CARTESIAN_POINT('',(6.25,-10.7499870370371,5.2));
#14167=CARTESIAN_POINT('',(6.25,-10.7499870370371,4.84992685185188));
#14168=VECTOR('',#16413,1.0);
#14169=CARTESIAN_POINT('',(6.25,-11.5292401938981,5.2));
#14170=VECTOR('',#16414,1.0);
#14171=COLOUR_RGB('',0.431372553110123,0.862745106220245,0.549019634723663);
#14172=CARTESIAN_POINT('',(7.75,-11.0499657407408,4.84992685185188));
#14173=CARTESIAN_POINT('',(7.75,-11.8499481481482,4.29994629629628));
#14174=CARTESIAN_POINT('',(7.75,-11.0499657407408,4.84992685185188));
#14175=VECTOR('',#16415,0.999999999999999);
#14176=CARTESIAN_POINT('',(6.25,-11.0499657407408,4.84992685185188));
#14177=VECTOR('',#16416,1.0);
#14178=CARTESIAN_POINT('',(6.25,-11.8499481481482,4.29994629629628));
#14179=VECTOR('',#16417,1.0);
#14180=COLOUR_RGB('',0.431372553110123,0.862745106220245,0.549019634723663);
#14181=CARTESIAN_POINT('',(7.75,-11.8499481481482,3.90001388888888));
#14182=CARTESIAN_POINT('',(7.75,-11.8499481481482,4.29994629629628));
#14183=VECTOR('',#16418,1.0);
#14184=CARTESIAN_POINT('',(6.25,-11.8499481481482,3.90001388888888));
#14185=VECTOR('',#16419,1.0);
#14186=COLOUR_RGB('',0.431372553110123,0.862745106220245,0.549019634723663);
#14187=CARTESIAN_POINT('',(7.75,-11.9999962962963,3.90001388888888));
#14188=CARTESIAN_POINT('',(7.75,-11.8499481481482,3.90001388888888));
#14189=VECTOR('',#16420,1.0);
#14190=CARTESIAN_POINT('',(6.25,-11.9999962962963,3.90001388888888));
#14191=VECTOR('',#16421,1.0);
#14192=COLOUR_RGB('',0.431372553110123,0.862745106220245,0.549019634723663);
#14193=CARTESIAN_POINT('',(7.75,-11.9999962962963,3.90001388888888));
#14194=VECTOR('',#16422,1.0);
#14195=COLOUR_RGB('',0.431372553110123,0.862745106220245,0.549019634723663);
#14196=CARTESIAN_POINT('',(7.75,-10.7499870370371,5.2));
#14197=CARTESIAN_POINT('',(13.025,-10.7499870370371,5.2));
#14198=VECTOR('',#16423,1.0);
#14199=CARTESIAN_POINT('',(7.75,-10.7499870370371,4.84992685185188));
#14200=CARTESIAN_POINT('',(6.25,-10.7499870370371,4.84992685185188));
#14201=VECTOR('',#16424,1.0);
#14202=CARTESIAN_POINT('',(7.75,-10.7499870370371,4.84992685185188));
#14203=VECTOR('',#16425,1.0);
#14204=COLOUR_RGB('',0.431372553110123,0.862745106220245,0.549019634723663);
#14205=CARTESIAN_POINT('',(7.75,-10.7499870370371,4.84992685185188));
#14206=VECTOR('',#16426,1.0);
#14207=COLOUR_RGB('',0.431372553110123,0.862745106220245,0.549019634723663);
#14208=CARTESIAN_POINT('',(7.75,-11.5292401938981,5.2));
#14209=VECTOR('',#16427,1.0);
#14210=COLOUR_RGB('',0.431372553110123,0.862745106220245,0.549019634723663);
#14211=CARTESIAN_POINT('',(4.25,-11.9999962962963,4.49997129629633));
#14212=CARTESIAN_POINT('',(4.25,-11.9999962962963,4.49997129629633));
#14213=VECTOR('',#16428,1.0);
#14214=CARTESIAN_POINT('',(2.75,-11.9999962962963,4.49997129629633));
#14215=CARTESIAN_POINT('',(2.75,-11.9999962962963,4.49997129629633));
#14216=VECTOR('',#16429,1.0);
#14217=CARTESIAN_POINT('',(2.75,-11.9999962962963,4.49997129629633));
#14218=VECTOR('',#16430,1.0);
#14219=COLOUR_RGB('',0.431372553110123,0.862745106220245,0.549019634723663);
#14220=CARTESIAN_POINT('',(2.75,-11.9999962962963,3.90001388888888));
#14221=CARTESIAN_POINT('',(2.75,-11.9999962962963,3.90001388888888));
#14222=VECTOR('',#16431,1.0);
#14223=CARTESIAN_POINT('',(2.75,-11.8499481481482,3.90001388888888));
#14224=CARTESIAN_POINT('',(2.75,-11.8499481481482,3.90001388888888));
#14225=VECTOR('',#16432,1.0);
#14226=CARTESIAN_POINT('',(2.75,-11.8499481481482,4.29994629629628));
#14227=CARTESIAN_POINT('',(2.75,-11.8499481481482,4.29994629629628));
#14228=VECTOR('',#16433,1.0);
#14229=CARTESIAN_POINT('',(2.75,-11.0499657407408,4.84992685185188));
#14230=CARTESIAN_POINT('',(2.75,-11.0499657407408,4.84992685185188));
#14231=VECTOR('',#16434,0.999999999999999);
#14232=CARTESIAN_POINT('',(2.75,-10.7499870370371,4.84992685185188));
#14233=CARTESIAN_POINT('',(2.75,-10.7499870370371,4.84992685185188));
#14234=VECTOR('',#16435,1.0);
#14235=CARTESIAN_POINT('',(2.75,-10.7499870370371,5.2));
#14236=CARTESIAN_POINT('',(2.75,-10.7499870370371,4.84992685185188));
#14237=VECTOR('',#16436,1.0);
#14238=CARTESIAN_POINT('',(2.75,-11.5292401938981,5.2));
#14239=VECTOR('',#16437,1.0);
#14240=COLOUR_RGB('',0.431372553110123,0.862745106220245,0.549019634723663);
#14241=CARTESIAN_POINT('',(4.25,-11.0499657407408,4.84992685185188));
#14242=CARTESIAN_POINT('',(4.25,-11.8499481481482,4.29994629629628));
#14243=CARTESIAN_POINT('',(4.25,-11.0499657407408,4.84992685185188));
#14244=VECTOR('',#16438,0.999999999999999);
#14245=CARTESIAN_POINT('',(2.75,-11.0499657407408,4.84992685185188));
#14246=VECTOR('',#16439,1.0);
#14247=CARTESIAN_POINT('',(2.75,-11.8499481481482,4.29994629629628));
#14248=VECTOR('',#16440,1.0);
#14249=COLOUR_RGB('',0.431372553110123,0.862745106220245,0.549019634723663);
#14250=CARTESIAN_POINT('',(4.25,-11.8499481481482,3.90001388888888));
#14251=CARTESIAN_POINT('',(4.25,-11.8499481481482,4.29994629629628));
#14252=VECTOR('',#16441,1.0);
#14253=CARTESIAN_POINT('',(2.75,-11.8499481481482,3.90001388888888));
#14254=VECTOR('',#16442,1.0);
#14255=COLOUR_RGB('',0.431372553110123,0.862745106220245,0.549019634723663);
#14256=CARTESIAN_POINT('',(4.25,-11.9999962962963,3.90001388888888));
#14257=CARTESIAN_POINT('',(4.25,-11.8499481481482,3.90001388888888));
#14258=VECTOR('',#16443,1.0);
#14259=CARTESIAN_POINT('',(2.75,-11.9999962962963,3.90001388888888));
#14260=VECTOR('',#16444,1.0);
#14261=COLOUR_RGB('',0.431372553110123,0.862745106220245,0.549019634723663);
#14262=CARTESIAN_POINT('',(4.25,-11.9999962962963,3.90001388888888));
#14263=VECTOR('',#16445,1.0);
#14264=COLOUR_RGB('',0.431372553110123,0.862745106220245,0.549019634723663);
#14265=CARTESIAN_POINT('',(4.25,-10.7499870370371,5.2));
#14266=CARTESIAN_POINT('',(11.275,-10.7499870370371,5.2));
#14267=VECTOR('',#16446,1.0);
#14268=CARTESIAN_POINT('',(4.25,-10.7499870370371,4.84992685185188));
#14269=CARTESIAN_POINT('',(2.75,-10.7499870370371,4.84992685185188));
#14270=VECTOR('',#16447,1.0);
#14271=CARTESIAN_POINT('',(4.25,-10.7499870370371,4.84992685185188));
#14272=VECTOR('',#16448,1.0);
#14273=COLOUR_RGB('',0.431372553110123,0.862745106220245,0.549019634723663);
#14274=CARTESIAN_POINT('',(4.25,-10.7499870370371,4.84992685185188));
#14275=VECTOR('',#16449,1.0);
#14276=COLOUR_RGB('',0.431372553110123,0.862745106220245,0.549019634723663);
#14277=CARTESIAN_POINT('',(4.25,-11.5292401938981,5.2));
#14278=VECTOR('',#16450,1.0);
#14279=COLOUR_RGB('',0.431372553110123,0.862745106220245,0.549019634723663);
#14280=CARTESIAN_POINT('',(0.75,-11.9999962962963,4.49997129629633));
#14281=CARTESIAN_POINT('',(0.75,-11.9999962962963,4.49997129629633));
#14282=VECTOR('',#16451,1.0);
#14283=CARTESIAN_POINT('',(-0.75,-11.9999962962963,4.49997129629633));
#14284=CARTESIAN_POINT('',(-0.75,-11.9999962962963,4.49997129629633));
#14285=VECTOR('',#16452,1.0);
#14286=CARTESIAN_POINT('',(-0.75,-11.9999962962963,4.49997129629633));
#14287=VECTOR('',#16453,1.0);
#14288=COLOUR_RGB('',0.431372553110123,0.862745106220245,0.549019634723663);
#14289=CARTESIAN_POINT('',(-0.75,-11.9999962962963,3.90001388888888));
#14290=CARTESIAN_POINT('',(-0.75,-11.9999962962963,3.90001388888888));
#14291=VECTOR('',#16454,1.0);
#14292=CARTESIAN_POINT('',(-0.75,-11.8499481481482,3.90001388888888));
#14293=CARTESIAN_POINT('',(-0.75,-11.8499481481482,3.90001388888888));
#14294=VECTOR('',#16455,1.0);
#14295=CARTESIAN_POINT('',(-0.75,-11.8499481481482,4.29994629629628));
#14296=CARTESIAN_POINT('',(-0.75,-11.8499481481482,4.29994629629628));
#14297=VECTOR('',#16456,1.0);
#14298=CARTESIAN_POINT('',(-0.75,-11.0499657407408,4.84992685185188));
#14299=CARTESIAN_POINT('',(-0.75,-11.0499657407408,4.84992685185188));
#14300=VECTOR('',#16457,1.0);
#14301=CARTESIAN_POINT('',(-0.75,-10.7499870370371,4.84992685185188));
#14302=CARTESIAN_POINT('',(-0.75,-10.7499870370371,4.84992685185188));
#14303=VECTOR('',#16458,1.0);
#14304=CARTESIAN_POINT('',(-0.75,-10.7499870370371,5.2));
#14305=CARTESIAN_POINT('',(-0.75,-10.7499870370371,4.84992685185188));
#14306=VECTOR('',#16459,1.0);
#14307=CARTESIAN_POINT('',(-0.75,-11.5292401938981,5.2));
#14308=VECTOR('',#16460,1.0);
#14309=COLOUR_RGB('',0.431372553110123,0.862745106220245,0.549019634723663);
#14310=CARTESIAN_POINT('',(0.75,-11.0499657407408,4.84992685185188));
#14311=CARTESIAN_POINT('',(0.75,-11.8499481481482,4.29994629629628));
#14312=CARTESIAN_POINT('',(0.75,-11.0499657407408,4.84992685185188));
#14313=VECTOR('',#16461,0.999999999999999);
#14314=CARTESIAN_POINT('',(-0.75,-11.0499657407408,4.84992685185188));
#14315=VECTOR('',#16462,1.0);
#14316=CARTESIAN_POINT('',(-0.75,-11.8499481481482,4.29994629629628));
#14317=VECTOR('',#16463,1.0);
#14318=COLOUR_RGB('',0.431372553110123,0.862745106220245,0.549019634723663);
#14319=CARTESIAN_POINT('',(0.75,-11.8499481481482,3.90001388888888));
#14320=CARTESIAN_POINT('',(0.75,-11.8499481481482,4.29994629629628));
#14321=VECTOR('',#16464,1.0);
#14322=CARTESIAN_POINT('',(-0.75,-11.8499481481482,3.90001388888888));
#14323=VECTOR('',#16465,1.0);
#14324=COLOUR_RGB('',0.431372553110123,0.862745106220245,0.549019634723663);
#14325=CARTESIAN_POINT('',(0.75,-11.9999962962963,3.90001388888888));
#14326=CARTESIAN_POINT('',(0.75,-11.8499481481482,3.90001388888888));
#14327=VECTOR('',#16466,1.0);
#14328=CARTESIAN_POINT('',(-0.75,-11.9999962962963,3.90001388888888));
#14329=VECTOR('',#16467,1.0);
#14330=COLOUR_RGB('',0.431372553110123,0.862745106220245,0.549019634723663);
#14331=CARTESIAN_POINT('',(0.75,-11.9999962962963,3.90001388888888));
#14332=VECTOR('',#16468,1.0);
#14333=COLOUR_RGB('',0.431372553110123,0.862745106220245,0.549019634723663);
#14334=CARTESIAN_POINT('',(0.75,-10.7499870370371,5.2));
#14335=CARTESIAN_POINT('',(9.525,-10.7499870370371,5.2));
#14336=VECTOR('',#16469,1.0);
#14337=CARTESIAN_POINT('',(0.75,-10.7499870370371,4.84992685185188));
#14338=CARTESIAN_POINT('',(-0.75,-10.7499870370371,4.84992685185188));
#14339=VECTOR('',#16470,1.0);
#14340=CARTESIAN_POINT('',(0.75,-10.7499870370371,4.84992685185188));
#14341=VECTOR('',#16471,1.0);
#14342=COLOUR_RGB('',0.431372553110123,0.862745106220245,0.549019634723663);
#14343=CARTESIAN_POINT('',(0.75,-10.7499870370371,4.84992685185188));
#14344=VECTOR('',#16472,1.0);
#14345=COLOUR_RGB('',0.431372553110123,0.862745106220245,0.549019634723663);
#14346=CARTESIAN_POINT('',(0.75,-11.5292401938981,5.2));
#14347=VECTOR('',#16473,1.0);
#14348=COLOUR_RGB('',0.431372553110123,0.862745106220245,0.549019634723663);
#14349=CARTESIAN_POINT('',(18.9478,-5.61659999999998,5.2));
#14350=CARTESIAN_POINT('',(18.9478,-9.8076,5.2));
#14351=CARTESIAN_POINT('',(18.9478,-9.95364999999999,5.2));
#14352=VECTOR('',#16474,1.0);
#14353=CARTESIAN_POINT('',(18.9478,-5.61659999999998,4.12180000000025));
#14354=CARTESIAN_POINT('',(18.9478,-5.61659999999998,4.76090000000007));
#14355=VECTOR('',#16475,1.0);
#14356=CARTESIAN_POINT('',(18.9478,-5.6329829787236,4.10780000000006));
#14357=CARTESIAN_POINT('',(18.9478,-7.79889418227005,2.25693042606061));
#14358=VECTOR('',#16476,1.0);
#14359=CARTESIAN_POINT('',(18.9478,-9.80640851063828,4.10780000000006));
#14360=CARTESIAN_POINT('',(18.9478,-12.5,4.10780000000006));
#14361=VECTOR('',#16477,1.0);
#14362=CARTESIAN_POINT('',(18.9478,-9.8076,4.12180000000025));
#14363=CARTESIAN_POINT('',(18.9478,-9.81858498876404,4.25087361797767));
#14364=VECTOR('',#16478,1.0);
#14365=CARTESIAN_POINT('',(18.9478,-9.80759999999998,4.45200000000002));
#14366=CARTESIAN_POINT('',(18.9478,-9.8076,4.52040000000006));
#14367=VECTOR('',#16479,1.0);
#14368=CARTESIAN_POINT('',(18.9478,-9.8076,4.78995));
#14369=VECTOR('',#16480,1.0);
#14370=COLOUR_RGB('',0.431372553110123,0.862745106220245,0.549019634723663);
#14371=CARTESIAN_POINT('',(18.3955531914893,-9.70600000000001,2.92800000000037));
#14372=CARTESIAN_POINT('',(18.8792862499314,-9.79395146517127,3.96142971576263));
#14373=VECTOR('',#16481,1.0);
#14374=CARTESIAN_POINT('',(18.3955531914893,-7.01360000000002,2.92800000000037));
#14375=CARTESIAN_POINT('',(18.0962496159941,-7.76185893873773,2.28857872507913));
#14376=VECTOR('',#16482,1.0);
#14377=CARTESIAN_POINT('',(18.3955531914893,-10.4299,2.92800000000037));
#14378=VECTOR('',#16483,1.0);
#14379=COLOUR_RGB('',0.431372553110123,0.862745106220245,0.549019634723663);
#14380=CARTESIAN_POINT('',(16.0522,-9.8076,5.2));
#14381=CARTESIAN_POINT('',(16.0522,-5.61659999999998,5.2));
#14382=CARTESIAN_POINT('',(16.0522,-9.95364999999999,5.2));
#14383=VECTOR('',#16484,1.0);
#14384=CARTESIAN_POINT('',(16.0522,-9.80759999999998,4.45200000000002));
#14385=CARTESIAN_POINT('',(16.0522,-9.8076,4.78995000000004));
#14386=VECTOR('',#16485,1.0);
#14387=CARTESIAN_POINT('',(16.0522,-9.8076,4.12180000000025));
#14388=CARTESIAN_POINT('',(16.0522,-9.8076,4.5204000000001));
#14389=VECTOR('',#16486,1.0);
#14390=CARTESIAN_POINT('',(16.0522,-9.80640851063828,4.10780000000006));
#14391=CARTESIAN_POINT('',(16.0522,-9.81858498876404,4.25087361797772));
#14392=VECTOR('',#16487,1.0);
#14393=CARTESIAN_POINT('',(16.0522,-5.6329829787236,4.10780000000006));
#14394=CARTESIAN_POINT('',(16.0522,-12.5,4.10780000000006));
#14395=VECTOR('',#16488,1.0);
#14396=CARTESIAN_POINT('',(16.0522,-5.61659999999998,4.12180000000025));
#14397=CARTESIAN_POINT('',(16.0522,-7.79889418227003,2.25693042606062));
#14398=VECTOR('',#16489,1.0);
#14399=CARTESIAN_POINT('',(16.0522,-5.61659999999998,4.76090000000011));
#14400=VECTOR('',#16490,1.0);
#14401=COLOUR_RGB('',0.431372553110123,0.862745106220245,0.549019634723663);
#14402=CARTESIAN_POINT('',(16.6044468085107,-9.70600000000001,2.92800000000037));
#14403=CARTESIAN_POINT('',(16.6567048907112,-9.69649853050901,2.81635773348107));
#14404=VECTOR('',#16491,1.0);
#14405=CARTESIAN_POINT('',(16.6044468085107,-7.01360000000002,2.92800000000037));
#14406=CARTESIAN_POINT('',(16.6044468085107,-10.4299,2.92800000000037));
#14407=VECTOR('',#16492,1.0);
#14408=CARTESIAN_POINT('',(17.1576853262935,-8.39669629445671,1.74608134837389));
#14409=VECTOR('',#16493,1.0);
#14410=COLOUR_RGB('',0.431372553110123,0.862745106220245,0.549019634723663);
#14411=CARTESIAN_POINT('',(20.5,-9.8076,4.12180000000025));
#14412=VECTOR('',#16494,1.0);
#14413=CARTESIAN_POINT('',(19.8,-9.8076,4.45200000000002));
#14414=VECTOR('',#16495,1.0);
#14415=COLOUR_RGB('',0.431372553110123,0.862745106220245,0.549019634723663);
#14416=CARTESIAN_POINT('',(20.5,-9.70600000000001,2.92800000000037));
#14417=VECTOR('',#16496,1.0);
#14418=COLOUR_RGB('',0.431372553110123,0.862745106220245,0.549019634723663);
#14419=CARTESIAN_POINT('',(20.5,-7.01360000000002,2.92800000000037));
#14420=VECTOR('',#16497,1.0);
#14421=COLOUR_RGB('',0.431372553110123,0.862745106220245,0.549019634723663);
#14422=CARTESIAN_POINT('',(20.5,-5.61659999999998,4.12180000000025));
#14423=VECTOR('',#16498,1.0);
#14424=COLOUR_RGB('',0.431372553110123,0.862745106220245,0.549019634723663);
#14425=CARTESIAN_POINT('',(20.15,-5.61659999999998,5.2));
#14426=VECTOR('',#16499,1.0);
#14427=COLOUR_RGB('',0.431372553110123,0.862745106220245,0.549019634723663);
#14428=CARTESIAN_POINT('',(15.4478,-9.8076,5.2));
#14429=CARTESIAN_POINT('',(19.8,-9.8076,5.2));
#14430=VECTOR('',#16500,1.0);
#14431=CARTESIAN_POINT('',(15.4478,-9.80759999999998,4.45200000000002));
#14432=CARTESIAN_POINT('',(15.4478,-9.8076,4.78995));
#14433=VECTOR('',#16501,1.0);
#14434=CARTESIAN_POINT('',(19.8,-9.8076,4.45200000000002));
#14435=VECTOR('',#16502,1.0);
#14436=COLOUR_RGB('',0.431372553110123,0.862745106220245,0.549019634723663);
#14437=CARTESIAN_POINT('',(19.8,-9.8076,4.45200000000002));
#14438=CARTESIAN_POINT('',(19.8,-9.8076,4.45200000000002));
#14439=VECTOR('',#16503,1.0);
#14440=CARTESIAN_POINT('',(19.8,-9.8076,5.2));
#14441=CARTESIAN_POINT('',(19.8,-9.8076,5.2));
#14442=VECTOR('',#16504,1.0);
#14443=CARTESIAN_POINT('',(19.8,-9.8076,5.2));
#14444=VECTOR('',#16505,1.0);
#14445=COLOUR_RGB('',0.431372553110123,0.862745106220245,0.549019634723663);
#14446=CARTESIAN_POINT('',(15.4478,-5.61659999999998,5.2));
#14447=CARTESIAN_POINT('',(15.4478,-9.95364999999999,5.2));
#14448=VECTOR('',#16506,1.0);
#14449=CARTESIAN_POINT('',(15.4478,-5.61659999999998,4.12180000000025));
#14450=CARTESIAN_POINT('',(15.4478,-5.61659999999998,4.76090000000007));
#14451=VECTOR('',#16507,1.0);
#14452=CARTESIAN_POINT('',(15.4478,-5.6329829787236,4.10780000000006));
#14453=CARTESIAN_POINT('',(15.4478,-7.79889418227005,2.25693042606061));
#14454=VECTOR('',#16508,1.0);
#14455=CARTESIAN_POINT('',(15.4478,-9.80640851063828,4.10780000000006));
#14456=CARTESIAN_POINT('',(15.4478,-12.5,4.10780000000006));
#14457=VECTOR('',#16509,1.0);
#14458=CARTESIAN_POINT('',(15.4478,-9.8076,4.12180000000025));
#14459=CARTESIAN_POINT('',(15.4478,-9.81858498876404,4.25087361797767));
#14460=VECTOR('',#16510,1.0);
#14461=CARTESIAN_POINT('',(15.4478,-9.8076,4.52040000000006));
#14462=VECTOR('',#16511,1.0);
#14463=COLOUR_RGB('',0.431372553110123,0.862745106220245,0.549019634723663);
#14464=CARTESIAN_POINT('',(14.8955531914893,-9.70600000000001,2.92800000000037));
#14465=CARTESIAN_POINT('',(15.3792862499314,-9.79395146517127,3.96142971576263));
#14466=VECTOR('',#16512,1.0);
#14467=CARTESIAN_POINT('',(14.8955531914893,-7.01360000000002,2.92800000000037));
#14468=CARTESIAN_POINT('',(14.5962496159941,-7.76185893873773,2.28857872507913));
#14469=VECTOR('',#16513,1.0);
#14470=CARTESIAN_POINT('',(14.8955531914893,-10.4299,2.92800000000037));
#14471=VECTOR('',#16514,1.0);
#14472=COLOUR_RGB('',0.431372553110123,0.862745106220245,0.549019634723663);
#14473=CARTESIAN_POINT('',(12.5522,-9.8076,5.2));
#14474=CARTESIAN_POINT('',(12.5522,-5.61659999999998,5.2));
#14475=CARTESIAN_POINT('',(12.5522,-9.95364999999999,5.2));
#14476=VECTOR('',#16515,1.0);
#14477=CARTESIAN_POINT('',(12.5522,-9.80759999999998,4.45200000000002));
#14478=CARTESIAN_POINT('',(12.5522,-9.8076,4.78995000000004));
#14479=VECTOR('',#16516,1.0);
#14480=CARTESIAN_POINT('',(12.5522,-9.8076,4.12180000000025));
#14481=CARTESIAN_POINT('',(12.5522,-9.8076,4.5204000000001));
#14482=VECTOR('',#16517,1.0);
#14483=CARTESIAN_POINT('',(12.5522,-9.80640851063828,4.10780000000006));
#14484=CARTESIAN_POINT('',(12.5522,-9.81858498876404,4.25087361797772));
#14485=VECTOR('',#16518,1.0);
#14486=CARTESIAN_POINT('',(12.5522,-5.6329829787236,4.10780000000006));
#14487=CARTESIAN_POINT('',(12.5522,-12.5,4.10780000000006));
#14488=VECTOR('',#16519,1.0);
#14489=CARTESIAN_POINT('',(12.5522,-5.61659999999998,4.12180000000025));
#14490=CARTESIAN_POINT('',(12.5522,-7.79889418227003,2.25693042606062));
#14491=VECTOR('',#16520,1.0);
#14492=CARTESIAN_POINT('',(12.5522,-5.61659999999998,4.76090000000011));
#14493=VECTOR('',#16521,1.0);
#14494=COLOUR_RGB('',0.431372553110123,0.862745106220245,0.549019634723663);
#14495=CARTESIAN_POINT('',(13.1044468085107,-9.70600000000001,2.92800000000037));
#14496=CARTESIAN_POINT('',(13.1567048907112,-9.69649853050901,2.81635773348107));
#14497=VECTOR('',#16522,1.0);
#14498=CARTESIAN_POINT('',(13.1044468085107,-7.01360000000002,2.92800000000037));
#14499=CARTESIAN_POINT('',(13.1044468085107,-10.4299,2.92800000000037));
#14500=VECTOR('',#16523,1.0);
#14501=CARTESIAN_POINT('',(13.6576853262935,-8.39669629445671,1.74608134837389));
#14502=VECTOR('',#16524,1.0);
#14503=COLOUR_RGB('',0.431372553110123,0.862745106220245,0.549019634723663);
#14504=CARTESIAN_POINT('',(17.0,-9.8076,4.12180000000025));
#14505=VECTOR('',#16525,1.0);
#14506=CARTESIAN_POINT('',(19.8,-9.8076,4.45200000000002));
#14507=VECTOR('',#16526,1.0);
#14508=COLOUR_RGB('',0.431372553110123,0.862745106220245,0.549019634723663);
#14509=CARTESIAN_POINT('',(17.0,-9.70600000000001,2.92800000000037));
#14510=VECTOR('',#16527,1.0);
#14511=COLOUR_RGB('',0.431372553110123,0.862745106220245,0.549019634723663);
#14512=CARTESIAN_POINT('',(17.0,-7.01360000000002,2.92800000000037));
#14513=VECTOR('',#16528,1.0);
#14514=COLOUR_RGB('',0.431372553110123,0.862745106220245,0.549019634723663);
#14515=CARTESIAN_POINT('',(17.0,-5.61659999999998,4.12180000000025));
#14516=VECTOR('',#16529,1.0);
#14517=COLOUR_RGB('',0.431372553110123,0.862745106220245,0.549019634723663);
#14518=CARTESIAN_POINT('',(18.4,-5.61659999999998,5.2));
#14519=VECTOR('',#16530,1.0);
#14520=COLOUR_RGB('',0.431372553110123,0.862745106220245,0.549019634723663);
#14521=CARTESIAN_POINT('',(11.9478,-9.8076,5.2));
#14522=CARTESIAN_POINT('',(19.8,-9.8076,5.2));
#14523=VECTOR('',#16531,1.0);
#14524=CARTESIAN_POINT('',(11.9478,-9.80759999999998,4.45200000000002));
#14525=CARTESIAN_POINT('',(11.9478,-9.8076,4.78995));
#14526=VECTOR('',#16532,1.0);
#14527=CARTESIAN_POINT('',(19.8,-9.8076,4.45200000000002));
#14528=VECTOR('',#16533,1.0);
#14529=COLOUR_RGB('',0.431372553110123,0.862745106220245,0.549019634723663);
#14530=CARTESIAN_POINT('',(11.9478,-5.61659999999998,5.2));
#14531=CARTESIAN_POINT('',(11.9478,-9.95364999999999,5.2));
#14532=VECTOR('',#16534,1.0);
#14533=CARTESIAN_POINT('',(11.9478,-5.61659999999998,4.12180000000025));
#14534=CARTESIAN_POINT('',(11.9478,-5.61659999999998,4.76090000000007));
#14535=VECTOR('',#16535,1.0);
#14536=CARTESIAN_POINT('',(11.9478,-5.6329829787236,4.10780000000006));
#14537=CARTESIAN_POINT('',(11.9478,-7.79889418227005,2.25693042606061));
#14538=VECTOR('',#16536,1.0);
#14539=CARTESIAN_POINT('',(11.9478,-9.80640851063828,4.10780000000006));
#14540=CARTESIAN_POINT('',(11.9478,-12.5,4.10780000000006));
#14541=VECTOR('',#16537,1.0);
#14542=CARTESIAN_POINT('',(11.9478,-9.8076,4.12180000000025));
#14543=CARTESIAN_POINT('',(11.9478,-9.81858498876404,4.25087361797767));
#14544=VECTOR('',#16538,1.0);
#14545=CARTESIAN_POINT('',(11.9478,-9.8076,4.52040000000006));
#14546=VECTOR('',#16539,1.0);
#14547=COLOUR_RGB('',0.431372553110123,0.862745106220245,0.549019634723663);
#14548=CARTESIAN_POINT('',(11.3955531914893,-9.70600000000001,2.92800000000037));
#14549=CARTESIAN_POINT('',(11.8792862499314,-9.79395146517127,3.96142971576263));
#14550=VECTOR('',#16540,1.0);
#14551=CARTESIAN_POINT('',(11.3955531914893,-7.01360000000002,2.92800000000037));
#14552=CARTESIAN_POINT('',(11.0962496159941,-7.76185893873773,2.28857872507913));
#14553=VECTOR('',#16541,1.0);
#14554=CARTESIAN_POINT('',(11.3955531914893,-10.4299,2.92800000000037));
#14555=VECTOR('',#16542,1.0);
#14556=COLOUR_RGB('',0.431372553110123,0.862745106220245,0.549019634723663);
#14557=CARTESIAN_POINT('',(9.05219999999999,-9.8076,5.2));
#14558=CARTESIAN_POINT('',(9.05219999999999,-5.61659999999998,5.2));
#14559=CARTESIAN_POINT('',(9.05219999999999,-9.95364999999999,5.2));
#14560=VECTOR('',#16543,1.0);
#14561=CARTESIAN_POINT('',(9.05219999999999,-9.80759999999998,4.45200000000002));
#14562=CARTESIAN_POINT('',(9.05219999999999,-9.8076,4.78995000000004));
#14563=VECTOR('',#16544,1.0);
#14564=CARTESIAN_POINT('',(9.05219999999999,-9.8076,4.12180000000025));
#14565=CARTESIAN_POINT('',(9.05219999999999,-9.8076,4.5204000000001));
#14566=VECTOR('',#16545,1.0);
#14567=CARTESIAN_POINT('',(9.05219999999999,-9.80640851063828,4.10780000000006));
#14568=CARTESIAN_POINT('',(9.05219999999999,-9.81858498876404,4.25087361797772));
#14569=VECTOR('',#16546,1.0);
#14570=CARTESIAN_POINT('',(9.05219999999999,-5.6329829787236,4.10780000000006));
#14571=CARTESIAN_POINT('',(9.05219999999999,-12.5,4.10780000000006));
#14572=VECTOR('',#16547,1.0);
#14573=CARTESIAN_POINT('',(9.05219999999999,-5.61659999999998,4.12180000000025));
#14574=CARTESIAN_POINT('',(9.05219999999999,-7.79889418227003,2.25693042606062));
#14575=VECTOR('',#16548,1.0);
#14576=CARTESIAN_POINT('',(9.05219999999999,-5.61659999999998,4.76090000000011));
#14577=VECTOR('',#16549,1.0);
#14578=COLOUR_RGB('',0.431372553110123,0.862745106220245,0.549019634723663);
#14579=CARTESIAN_POINT('',(9.60444680851069,-9.70600000000001,2.92800000000037));
#14580=CARTESIAN_POINT('',(9.65670489071124,-9.69649853050901,2.81635773348107));
#14581=VECTOR('',#16550,1.0);
#14582=CARTESIAN_POINT('',(9.60444680851069,-7.01360000000002,2.92800000000037));
#14583=CARTESIAN_POINT('',(9.60444680851069,-10.4299,2.92800000000037));
#14584=VECTOR('',#16551,1.0);
#14585=CARTESIAN_POINT('',(10.1576853262935,-8.39669629445671,1.74608134837389));
#14586=VECTOR('',#16552,1.0);
#14587=COLOUR_RGB('',0.431372553110123,0.862745106220245,0.549019634723663);
#14588=CARTESIAN_POINT('',(13.5,-9.8076,4.12180000000025));
#14589=VECTOR('',#16553,1.0);
#14590=CARTESIAN_POINT('',(19.8,-9.8076,4.45200000000002));
#14591=VECTOR('',#16554,1.0);
#14592=COLOUR_RGB('',0.431372553110123,0.862745106220245,0.549019634723663);
#14593=CARTESIAN_POINT('',(13.5,-9.70600000000001,2.92800000000037));
#14594=VECTOR('',#16555,1.0);
#14595=COLOUR_RGB('',0.431372553110123,0.862745106220245,0.549019634723663);
#14596=CARTESIAN_POINT('',(13.5,-7.01360000000002,2.92800000000037));
#14597=VECTOR('',#16556,1.0);
#14598=COLOUR_RGB('',0.431372553110123,0.862745106220245,0.549019634723663);
#14599=CARTESIAN_POINT('',(13.5,-5.61659999999998,4.12180000000025));
#14600=VECTOR('',#16557,1.0);
#14601=COLOUR_RGB('',0.431372553110123,0.862745106220245,0.549019634723663);
#14602=CARTESIAN_POINT('',(16.65,-5.61659999999998,5.2));
#14603=VECTOR('',#16558,1.0);
#14604=COLOUR_RGB('',0.431372553110123,0.862745106220245,0.549019634723663);
#14605=CARTESIAN_POINT('',(8.44780000000001,-9.8076,5.2));
#14606=CARTESIAN_POINT('',(19.8,-9.8076,5.2));
#14607=VECTOR('',#16559,1.0);
#14608=CARTESIAN_POINT('',(8.44780000000001,-9.80759999999998,4.45200000000002));
#14609=CARTESIAN_POINT('',(8.44780000000001,-9.8076,4.78995));
#14610=VECTOR('',#16560,1.0);
#14611=CARTESIAN_POINT('',(19.8,-9.8076,4.45200000000002));
#14612=VECTOR('',#16561,1.0);
#14613=COLOUR_RGB('',0.431372553110123,0.862745106220245,0.549019634723663);
#14614=CARTESIAN_POINT('',(8.44780000000001,-5.61659999999998,5.2));
#14615=CARTESIAN_POINT('',(8.44780000000001,-9.95364999999999,5.2));
#14616=VECTOR('',#16562,1.0);
#14617=CARTESIAN_POINT('',(8.44780000000001,-5.61659999999998,4.12180000000025));
#14618=CARTESIAN_POINT('',(8.44780000000001,-5.61659999999998,4.76090000000007));
#14619=VECTOR('',#16563,1.0);
#14620=CARTESIAN_POINT('',(8.44780000000001,-5.6329829787236,4.10780000000006));
#14621=CARTESIAN_POINT('',(8.44780000000001,-7.79889418227005,2.25693042606061));
#14622=VECTOR('',#16564,1.0);
#14623=CARTESIAN_POINT('',(8.44780000000001,-9.80640851063828,4.10780000000006));
#14624=CARTESIAN_POINT('',(8.44780000000001,-12.5,4.10780000000006));
#14625=VECTOR('',#16565,1.0);
#14626=CARTESIAN_POINT('',(8.44780000000001,-9.8076,4.12180000000025));
#14627=CARTESIAN_POINT('',(8.44780000000001,-9.81858498876404,4.25087361797767));
#14628=VECTOR('',#16566,1.0);
#14629=CARTESIAN_POINT('',(8.44780000000001,-9.8076,4.52040000000006));
#14630=VECTOR('',#16567,1.0);
#14631=COLOUR_RGB('',0.431372553110123,0.862745106220245,0.549019634723663);
#14632=CARTESIAN_POINT('',(7.89555319148931,-9.70600000000001,2.92800000000037));
#14633=CARTESIAN_POINT('',(8.3792862499314,-9.79395146517127,3.96142971576263));
#14634=VECTOR('',#16568,1.0);
#14635=CARTESIAN_POINT('',(7.89555319148931,-7.01360000000002,2.92800000000037));
#14636=CARTESIAN_POINT('',(7.59624961599414,-7.76185893873773,2.28857872507913));
#14637=VECTOR('',#16569,1.0);
#14638=CARTESIAN_POINT('',(7.89555319148931,-10.4299,2.92800000000037));
#14639=VECTOR('',#16570,1.0);
#14640=COLOUR_RGB('',0.431372553110123,0.862745106220245,0.549019634723663);
#14641=CARTESIAN_POINT('',(5.55219999999999,-9.8076,5.2));
#14642=CARTESIAN_POINT('',(5.55219999999999,-5.61659999999998,5.2));
#14643=CARTESIAN_POINT('',(5.55219999999999,-9.95364999999999,5.2));
#14644=VECTOR('',#16571,1.0);
#14645=CARTESIAN_POINT('',(5.55219999999999,-9.80759999999998,4.45200000000002));
#14646=CARTESIAN_POINT('',(5.55219999999999,-9.8076,4.78995000000004));
#14647=VECTOR('',#16572,1.0);
#14648=CARTESIAN_POINT('',(5.55219999999999,-9.8076,4.12180000000025));
#14649=CARTESIAN_POINT('',(5.55219999999999,-9.8076,4.5204000000001));
#14650=VECTOR('',#16573,1.0);
#14651=CARTESIAN_POINT('',(5.55219999999999,-9.80640851063828,4.10780000000006));
#14652=CARTESIAN_POINT('',(5.55219999999999,-9.81858498876404,4.25087361797772));
#14653=VECTOR('',#16574,1.0);
#14654=CARTESIAN_POINT('',(5.55219999999999,-5.6329829787236,4.10780000000006));
#14655=CARTESIAN_POINT('',(5.55219999999999,-12.5,4.10780000000006));
#14656=VECTOR('',#16575,1.0);
#14657=CARTESIAN_POINT('',(5.55219999999999,-5.61659999999998,4.12180000000025));
#14658=CARTESIAN_POINT('',(5.55219999999999,-7.79889418227003,2.25693042606062));
#14659=VECTOR('',#16576,1.0);
#14660=CARTESIAN_POINT('',(5.55219999999999,-5.61659999999998,4.76090000000011));
#14661=VECTOR('',#16577,1.0);
#14662=COLOUR_RGB('',0.431372553110123,0.862745106220245,0.549019634723663);
#14663=CARTESIAN_POINT('',(6.10444680851069,-9.70600000000001,2.92800000000037));
#14664=CARTESIAN_POINT('',(6.15670489071124,-9.69649853050901,2.81635773348107));
#14665=VECTOR('',#16578,1.0);
#14666=CARTESIAN_POINT('',(6.10444680851069,-7.01360000000002,2.92800000000037));
#14667=CARTESIAN_POINT('',(6.10444680851069,-10.4299,2.92800000000037));
#14668=VECTOR('',#16579,1.0);
#14669=CARTESIAN_POINT('',(6.65768532629351,-8.39669629445671,1.74608134837389));
#14670=VECTOR('',#16580,1.0);
#14671=COLOUR_RGB('',0.431372553110123,0.862745106220245,0.549019634723663);
#14672=CARTESIAN_POINT('',(10.0,-9.8076,4.12180000000025));
#14673=VECTOR('',#16581,1.0);
#14674=CARTESIAN_POINT('',(19.8,-9.8076,4.45200000000002));
#14675=VECTOR('',#16582,1.0);
#14676=COLOUR_RGB('',0.431372553110123,0.862745106220245,0.549019634723663);
#14677=CARTESIAN_POINT('',(10.0,-9.70600000000001,2.92800000000037));
#14678=VECTOR('',#16583,1.0);
#14679=COLOUR_RGB('',0.431372553110123,0.862745106220245,0.549019634723663);
#14680=CARTESIAN_POINT('',(10.0,-7.01360000000002,2.92800000000037));
#14681=VECTOR('',#16584,1.0);
#14682=COLOUR_RGB('',0.431372553110123,0.862745106220245,0.549019634723663);
#14683=CARTESIAN_POINT('',(10.0,-5.61659999999998,4.12180000000025));
#14684=VECTOR('',#16585,1.0);
#14685=COLOUR_RGB('',0.431372553110123,0.862745106220245,0.549019634723663);
#14686=CARTESIAN_POINT('',(14.9,-5.61659999999998,5.2));
#14687=VECTOR('',#16586,1.0);
#14688=COLOUR_RGB('',0.431372553110123,0.862745106220245,0.549019634723663);
#14689=CARTESIAN_POINT('',(4.94780000000001,-9.8076,5.2));
#14690=CARTESIAN_POINT('',(19.8,-9.8076,5.2));
#14691=VECTOR('',#16587,1.0);
#14692=CARTESIAN_POINT('',(4.94780000000001,-9.80759999999998,4.45200000000002));
#14693=CARTESIAN_POINT('',(4.94780000000001,-9.8076,4.78995));
#14694=VECTOR('',#16588,1.0);
#14695=CARTESIAN_POINT('',(19.8,-9.8076,4.45200000000002));
#14696=VECTOR('',#16589,1.0);
#14697=COLOUR_RGB('',0.431372553110123,0.862745106220245,0.549019634723663);
#14698=CARTESIAN_POINT('',(4.94780000000001,-5.61659999999998,5.2));
#14699=CARTESIAN_POINT('',(4.94780000000001,-9.95364999999999,5.2));
#14700=VECTOR('',#16590,1.0);
#14701=CARTESIAN_POINT('',(4.94780000000001,-5.61659999999998,4.12180000000025));
#14702=CARTESIAN_POINT('',(4.94780000000001,-5.61659999999998,4.76090000000007));
#14703=VECTOR('',#16591,1.0);
#14704=CARTESIAN_POINT('',(4.94780000000001,-5.6329829787236,4.10780000000006));
#14705=CARTESIAN_POINT('',(4.94780000000001,-7.79889418227005,2.25693042606061));
#14706=VECTOR('',#16592,1.0);
#14707=CARTESIAN_POINT('',(4.94780000000001,-9.80640851063828,4.10780000000006));
#14708=CARTESIAN_POINT('',(4.94780000000001,-12.5,4.10780000000006));
#14709=VECTOR('',#16593,1.0);
#14710=CARTESIAN_POINT('',(4.94780000000001,-9.8076,4.12180000000025));
#14711=CARTESIAN_POINT('',(4.94780000000001,-9.81858498876404,4.25087361797767));
#14712=VECTOR('',#16594,1.0);
#14713=CARTESIAN_POINT('',(4.94780000000001,-9.8076,4.52040000000006));
#14714=VECTOR('',#16595,1.0);
#14715=COLOUR_RGB('',0.431372553110123,0.862745106220245,0.549019634723663);
#14716=CARTESIAN_POINT('',(4.3955531914893,-9.70600000000001,2.92800000000037));
#14717=CARTESIAN_POINT('',(4.8792862499314,-9.79395146517127,3.96142971576263));
#14718=VECTOR('',#16596,1.0);
#14719=CARTESIAN_POINT('',(4.3955531914893,-7.01360000000002,2.92800000000037));
#14720=CARTESIAN_POINT('',(4.09624961599414,-7.76185893873773,2.28857872507913));
#14721=VECTOR('',#16597,1.0);
#14722=CARTESIAN_POINT('',(4.39555319148931,-10.4299,2.92800000000037));
#14723=VECTOR('',#16598,1.0);
#14724=COLOUR_RGB('',0.431372553110123,0.862745106220245,0.549019634723663);
#14725=CARTESIAN_POINT('',(2.05219999999999,-9.8076,5.2));
#14726=CARTESIAN_POINT('',(2.05219999999999,-5.61659999999998,5.2));
#14727=CARTESIAN_POINT('',(2.05219999999999,-9.95364999999999,5.2));
#14728=VECTOR('',#16599,1.0);
#14729=CARTESIAN_POINT('',(2.05219999999999,-9.80759999999998,4.45200000000002));
#14730=CARTESIAN_POINT('',(2.05219999999999,-9.8076,4.78995000000004));
#14731=VECTOR('',#16600,1.0);
#14732=CARTESIAN_POINT('',(2.05219999999999,-9.8076,4.12180000000025));
#14733=CARTESIAN_POINT('',(2.05219999999999,-9.8076,4.5204000000001));
#14734=VECTOR('',#16601,1.0);
#14735=CARTESIAN_POINT('',(2.05219999999999,-9.80640851063828,4.10780000000006));
#14736=CARTESIAN_POINT('',(2.05219999999999,-9.81858498876404,4.25087361797772));
#14737=VECTOR('',#16602,1.0);
#14738=CARTESIAN_POINT('',(2.05219999999999,-5.6329829787236,4.10780000000006));
#14739=CARTESIAN_POINT('',(2.05219999999999,-12.5,4.10780000000006));
#14740=VECTOR('',#16603,1.0);
#14741=CARTESIAN_POINT('',(2.05219999999999,-5.61659999999998,4.12180000000025));
#14742=CARTESIAN_POINT('',(2.05219999999999,-7.79889418227003,2.25693042606062));
#14743=VECTOR('',#16604,1.0);
#14744=CARTESIAN_POINT('',(2.05219999999999,-5.61659999999998,4.76090000000011));
#14745=VECTOR('',#16605,1.0);
#14746=COLOUR_RGB('',0.431372553110123,0.862745106220245,0.549019634723663);
#14747=CARTESIAN_POINT('',(2.6044468085107,-9.70600000000001,2.92800000000037));
#14748=CARTESIAN_POINT('',(2.65670489071124,-9.69649853050901,2.81635773348107));
#14749=VECTOR('',#16606,1.0);
#14750=CARTESIAN_POINT('',(2.6044468085107,-7.01360000000002,2.92800000000037));
#14751=CARTESIAN_POINT('',(2.60444680851069,-10.4299,2.92800000000037));
#14752=VECTOR('',#16607,1.0);
#14753=CARTESIAN_POINT('',(3.15768532629351,-8.39669629445671,1.74608134837389));
#14754=VECTOR('',#16608,1.0);
#14755=COLOUR_RGB('',0.431372553110123,0.862745106220245,0.549019634723663);
#14756=CARTESIAN_POINT('',(6.5,-9.8076,4.12180000000025));
#14757=VECTOR('',#16609,1.0);
#14758=CARTESIAN_POINT('',(19.8,-9.8076,4.45200000000002));
#14759=VECTOR('',#16610,1.0);
#14760=COLOUR_RGB('',0.431372553110123,0.862745106220245,0.549019634723663);
#14761=CARTESIAN_POINT('',(6.5,-9.70600000000001,2.92800000000037));
#14762=VECTOR('',#16611,1.0);
#14763=COLOUR_RGB('',0.431372553110123,0.862745106220245,0.549019634723663);
#14764=CARTESIAN_POINT('',(6.5,-7.01360000000002,2.92800000000037));
#14765=VECTOR('',#16612,1.0);
#14766=COLOUR_RGB('',0.431372553110123,0.862745106220245,0.549019634723663);
#14767=CARTESIAN_POINT('',(6.5,-5.61659999999998,4.12180000000025));
#14768=VECTOR('',#16613,1.0);
#14769=COLOUR_RGB('',0.431372553110123,0.862745106220245,0.549019634723663);
#14770=CARTESIAN_POINT('',(13.15,-5.61659999999998,5.2));
#14771=VECTOR('',#16614,1.0);
#14772=COLOUR_RGB('',0.431372553110123,0.862745106220245,0.549019634723663);
#14773=CARTESIAN_POINT('',(1.44780000000001,-9.8076,5.2));
#14774=CARTESIAN_POINT('',(19.8,-9.8076,5.2));
#14775=VECTOR('',#16615,1.0);
#14776=CARTESIAN_POINT('',(1.44780000000001,-9.80759999999998,4.45200000000002));
#14777=CARTESIAN_POINT('',(1.44780000000001,-9.8076,4.78995));
#14778=VECTOR('',#16616,1.0);
#14779=CARTESIAN_POINT('',(19.8,-9.8076,4.45200000000002));
#14780=VECTOR('',#16617,1.0);
#14781=COLOUR_RGB('',0.431372553110123,0.862745106220245,0.549019634723663);
#14782=CARTESIAN_POINT('',(-1.44780000000001,-9.80759999999998,4.45200000000002));
#14783=CARTESIAN_POINT('',(-1.44780000000001,-9.8076,5.2));
#14784=CARTESIAN_POINT('',(-1.44780000000001,-9.8076,4.78995000000004));
#14785=VECTOR('',#16618,1.0);
#14786=CARTESIAN_POINT('',(-1.44780000000001,-9.8076,4.12180000000025));
#14787=CARTESIAN_POINT('',(-1.44780000000001,-9.8076,4.5204000000001));
#14788=VECTOR('',#16619,1.0);
#14789=CARTESIAN_POINT('',(-1.44780000000001,-9.80640851063828,4.10780000000006));
#14790=CARTESIAN_POINT('',(-1.44780000000001,-9.81858498876404,4.25087361797772));
#14791=VECTOR('',#16620,1.0);
#14792=CARTESIAN_POINT('',(-1.44780000000001,-5.6329829787236,4.10780000000006));
#14793=CARTESIAN_POINT('',(-1.44780000000001,-12.5,4.10780000000006));
#14794=VECTOR('',#16621,1.0);
#14795=CARTESIAN_POINT('',(-1.44780000000001,-5.61659999999998,4.12180000000025));
#14796=CARTESIAN_POINT('',(-1.44780000000001,-7.79889418227003,2.25693042606062));
#14797=VECTOR('',#16622,1.0);
#14798=CARTESIAN_POINT('',(-1.44780000000001,-5.61659999999998,5.2));
#14799=CARTESIAN_POINT('',(-1.44780000000001,-5.61659999999998,4.76090000000011));
#14800=VECTOR('',#16623,1.0);
#14801=CARTESIAN_POINT('',(-1.44780000000001,-9.95364999999999,5.2));
#14802=VECTOR('',#16624,1.0);
#14803=COLOUR_RGB('',0.431372553110123,0.862745106220245,0.549019634723663);
#14804=CARTESIAN_POINT('',(1.44780000000001,-9.80640851063828,4.10780000000006));
#14805=CARTESIAN_POINT('',(0.895553191489305,-9.70600000000001,2.92800000000037));
#14806=CARTESIAN_POINT('',(1.3792862499314,-9.79395146517127,3.96142971576263));
#14807=VECTOR('',#16625,1.0);
#14808=CARTESIAN_POINT('',(1.44780000000001,-5.6329829787236,4.10780000000006));
#14809=CARTESIAN_POINT('',(1.44780000000001,-12.5,4.10780000000006));
#14810=VECTOR('',#16626,1.0);
#14811=CARTESIAN_POINT('',(0.895553191489305,-7.01360000000002,2.92800000000037));
#14812=CARTESIAN_POINT('',(0.596249615994144,-7.76185893873773,2.28857872507913));
#14813=VECTOR('',#16627,1.0);
#14814=CARTESIAN_POINT('',(0.895553191489306,-10.4299,2.92800000000037));
#14815=VECTOR('',#16628,1.0);
#14816=COLOUR_RGB('',0.431372553110123,0.862745106220245,0.549019634723663);
#14817=CARTESIAN_POINT('',(1.44780000000001,-5.61659999999998,5.2));
#14818=CARTESIAN_POINT('',(1.44780000000001,-9.95364999999999,5.2));
#14819=VECTOR('',#16629,1.0);
#14820=CARTESIAN_POINT('',(1.44780000000001,-5.61659999999998,4.12180000000025));
#14821=CARTESIAN_POINT('',(1.44780000000001,-5.61659999999998,4.76090000000007));
#14822=VECTOR('',#16630,1.0);
#14823=CARTESIAN_POINT('',(1.44780000000001,-7.79889418227005,2.25693042606061));
#14824=VECTOR('',#16631,1.0);
#14825=CARTESIAN_POINT('',(1.44780000000001,-9.8076,4.12180000000025));
#14826=CARTESIAN_POINT('',(1.44780000000001,-9.81858498876404,4.25087361797767));
#14827=VECTOR('',#16632,1.0);
#14828=CARTESIAN_POINT('',(1.44780000000001,-9.8076,4.52040000000006));
#14829=VECTOR('',#16633,1.0);
#14830=COLOUR_RGB('',0.431372553110123,0.862745106220245,0.549019634723663);
#14831=CARTESIAN_POINT('',(-0.895553191489305,-9.70600000000001,2.92800000000037));
#14832=CARTESIAN_POINT('',(-0.843295109288764,-9.69649853050901,2.81635773348107));
#14833=VECTOR('',#16634,1.0);
#14834=CARTESIAN_POINT('',(-0.895553191489305,-7.01360000000002,2.92800000000037));
#14835=CARTESIAN_POINT('',(-0.895553191489305,-10.4299,2.92800000000037));
#14836=VECTOR('',#16635,1.0);
#14837=CARTESIAN_POINT('',(-0.342314673706489,-8.39669629445671,1.74608134837389));
#14838=VECTOR('',#16636,1.0);
#14839=COLOUR_RGB('',0.431372553110123,0.862745106220245,0.549019634723663);
#14840=CARTESIAN_POINT('',(3.0,-9.8076,4.12180000000025));
#14841=VECTOR('',#16637,1.0);
#14842=CARTESIAN_POINT('',(19.8,-9.8076,4.45200000000002));
#14843=VECTOR('',#16638,1.0);
#14844=COLOUR_RGB('',0.431372553110123,0.862745106220245,0.549019634723663);
#14845=CARTESIAN_POINT('',(3.0,-9.70600000000001,2.92800000000037));
#14846=VECTOR('',#16639,1.0);
#14847=COLOUR_RGB('',0.431372553110123,0.862745106220245,0.549019634723663);
#14848=CARTESIAN_POINT('',(3.0,-7.01360000000002,2.92800000000037));
#14849=VECTOR('',#16640,1.0);
#14850=COLOUR_RGB('',0.431372553110123,0.862745106220245,0.549019634723663);
#14851=CARTESIAN_POINT('',(3.0,-5.61659999999998,4.12180000000025));
#14852=VECTOR('',#16641,1.0);
#14853=COLOUR_RGB('',0.431372553110123,0.862745106220245,0.549019634723663);
#14854=CARTESIAN_POINT('',(11.4,-5.61659999999998,5.2));
#14855=VECTOR('',#16642,1.0);
#14856=COLOUR_RGB('',0.431372553110123,0.862745106220245,0.549019634723663);
#14857=CARTESIAN_POINT('',(-2.3,-9.8076,5.2));
#14858=CARTESIAN_POINT('',(19.8,-9.8076,5.2));
#14859=VECTOR('',#16643,1.0);
#14860=CARTESIAN_POINT('',(-2.3,-9.8076,4.45200000000002));
#14861=CARTESIAN_POINT('',(-2.3,-9.8076,5.2));
#14862=VECTOR('',#16644,1.0);
#14863=CARTESIAN_POINT('',(19.8,-9.8076,4.45200000000002));
#14864=VECTOR('',#16645,1.0);
#14865=COLOUR_RGB('',0.431372553110123,0.862745106220245,0.549019634723663);
#14866=CARTESIAN_POINT('',(19.8,-11.84,4.45200000000002));
#14867=CARTESIAN_POINT('',(19.8,-11.84,-4.43800000000002));
#14868=CARTESIAN_POINT('',(19.8,-11.84,-0.0133964118029626));
#14869=VECTOR('',#16646,1.0);
#14870=CARTESIAN_POINT('',(19.75,-11.84,4.45200000000002));
#14871=CARTESIAN_POINT('',(20.25,-11.84,4.45200000000002));
#14872=VECTOR('',#16647,1.0);
#14873=CARTESIAN_POINT('',(19.75,-11.84,-4.43800000000002));
#14874=CARTESIAN_POINT('',(19.75,-11.84,4.45200000000002));
#14875=VECTOR('',#16648,1.0);
#14876=CARTESIAN_POINT('',(20.25,-11.84,-4.43800000000002));
#14877=VECTOR('',#16649,1.0);
#14878=COLOUR_RGB('',0.431372553110123,0.862745106220245,0.549019634723663);
#14879=CARTESIAN_POINT('',(19.75,-10.0108,4.48200000000002));
#14880=CARTESIAN_POINT('',(19.75,-10.0108,4.45200000000002));
#14881=CARTESIAN_POINT('',(19.75,-10.0108,2.41650000000001));
#14882=VECTOR('',#16650,1.0);
#14883=CARTESIAN_POINT('',(19.75,-11.87,4.48200000000002));
#14884=CARTESIAN_POINT('',(19.75,-9.99988089297204,4.48200000000002));
#14885=VECTOR('',#16651,1.0);
#14886=CARTESIAN_POINT('',(19.75,-11.87,-4.46800000000002));
#14887=CARTESIAN_POINT('',(19.75,-11.87,4.48200000000002));
#14888=VECTOR('',#16652,1.0);
#14889=CARTESIAN_POINT('',(19.75,-10.0108,-4.46800000000002));
#14890=CARTESIAN_POINT('',(19.75,-11.87,-4.46800000000002));
#14891=VECTOR('',#16653,1.0);
#14892=CARTESIAN_POINT('',(19.75,-10.0108,-4.43800000000002));
#14893=CARTESIAN_POINT('',(19.75,-10.0108,-2.406));
#14894=VECTOR('',#16654,1.0);
#14895=CARTESIAN_POINT('',(19.75,-11.84,-4.43800000000002));
#14896=VECTOR('',#16655,1.0);
#14897=CARTESIAN_POINT('',(19.75,-10.0108,4.45200000000002));
#14898=VECTOR('',#16656,1.0);
#14899=COLOUR_RGB('',0.431372553110123,0.862745106220245,0.549019634723663);
#14900=CARTESIAN_POINT('',(19.8,-10.0108,4.48200000000002));
#14901=CARTESIAN_POINT('',(20.025,-10.0108,4.48200000000002));
#14902=VECTOR('',#16657,1.0);
#14903=CARTESIAN_POINT('',(19.8,-11.87,4.48200000000002));
#14904=CARTESIAN_POINT('',(19.8,-8.67422722559197,4.48200000000002));
#14905=VECTOR('',#16658,1.0);
#14906=CARTESIAN_POINT('',(20.25,-11.87,4.48200000000002));
#14907=VECTOR('',#16659,1.0);
#14908=COLOUR_RGB('',0.431372553110123,0.862745106220245,0.549019634723663);
#14909=CARTESIAN_POINT('',(19.8,-11.87,-4.46800000000002));
#14910=CARTESIAN_POINT('',(19.8,-11.87,-0.0133964118029626));
#14911=VECTOR('',#16660,1.0);
#14912=CARTESIAN_POINT('',(20.25,-11.87,-4.46800000000002));
#14913=VECTOR('',#16661,1.0);
#14914=COLOUR_RGB('',0.431372553110123,0.862745106220245,0.549019634723663);
#14915=CARTESIAN_POINT('',(19.8,-10.0108,-4.46800000000002));
#14916=CARTESIAN_POINT('',(19.8,-8.67422722559197,-4.46800000000002));
#14917=VECTOR('',#16662,1.0);
#14918=CARTESIAN_POINT('',(20.025,-10.0108,-4.46800000000002));
#14919=VECTOR('',#16663,1.0);
#14920=COLOUR_RGB('',0.431372553110123,0.862745106220245,0.549019634723663);
#14921=CARTESIAN_POINT('',(-2.25,-10.0108,4.45200000000002));
#14922=CARTESIAN_POINT('',(19.8,-10.0108,4.45200000000002));
#14923=VECTOR('',#16664,1.0);
#14924=CARTESIAN_POINT('',(-2.25,-10.0108,4.48200000000002));
#14925=CARTESIAN_POINT('',(-2.25,-10.0108,2.41650000000001));
#14926=VECTOR('',#16665,1.0);
#14927=CARTESIAN_POINT('',(-2.3,-10.0108,4.48200000000002));
#14928=CARTESIAN_POINT('',(8.775,-10.0108,4.48200000000002));
#14929=VECTOR('',#16666,1.0);
#14930=CARTESIAN_POINT('',(-2.3,-10.0108,5.2));
#14931=CARTESIAN_POINT('',(-2.3,-10.0108,4.45200000000002));
#14932=VECTOR('',#16667,1.0);
#14933=CARTESIAN_POINT('',(19.8,-10.0108,5.2));
#14934=CARTESIAN_POINT('',(19.8,-10.0108,5.2));
#14935=VECTOR('',#16668,1.0);
#14936=CARTESIAN_POINT('',(19.8,-10.0108,4.45200000000002));
#14937=VECTOR('',#16669,1.0);
#14938=COLOUR_RGB('',0.431372553110123,0.862745106220245,0.549019634723663);
#14939=CARTESIAN_POINT('',(19.8,-9.8076,4.45200000000002));
#14940=VECTOR('',#16670,1.0);
#14941=CARTESIAN_POINT('',(19.8,-0.917600000000013,-4.43800000000002));
#14942=CARTESIAN_POINT('',(19.8,-8.66945700234896,-4.43800000000002));
#14943=VECTOR('',#16671,1.0);
#14944=CARTESIAN_POINT('',(19.8,-0.917600000000013,-5.2));
#14945=CARTESIAN_POINT('',(19.8,-0.917600000000013,-4.43800000000002));
#14946=VECTOR('',#16672,1.0);
#14947=CARTESIAN_POINT('',(19.8,-0.300000000000002,-5.2));
#14948=CARTESIAN_POINT('',(19.8,-0.917600000000013,-5.2));
#14949=VECTOR('',#16673,1.0);
#14950=CARTESIAN_POINT('',(19.8,-0.300000000000002,-1.99959999999992));
#14951=CARTESIAN_POINT('',(19.8,-0.300000000000002,-1.99959999999992));
#14952=VECTOR('',#16674,1.0);
#14953=CARTESIAN_POINT('',(19.8,-1.77635683940025E-15,-1.99959999999992));
#14954=CARTESIAN_POINT('',(19.8,-0.300000000000002,-1.99959999999992));
#14955=VECTOR('',#16675,1.0);
#14956=CARTESIAN_POINT('',(19.8,-1.77635683940025E-15,3.00420000000006));
#14957=CARTESIAN_POINT('',(19.8,-1.77635683940025E-15,3.00420000000006));
#14958=VECTOR('',#16676,1.0);
#14959=CARTESIAN_POINT('',(19.8,-0.612800000000002,3.00420000000006));
#14960=CARTESIAN_POINT('',(19.8,-1.77635683940025E-15,3.00420000000006));
#14961=VECTOR('',#16677,1.0);
#14962=CARTESIAN_POINT('',(19.8,-0.612800000000002,1.98820000000003));
#14963=CARTESIAN_POINT('',(19.8,-0.612800000000002,3.00420000000006));
#14964=VECTOR('',#16678,1.0);
#14965=CARTESIAN_POINT('',(19.8,-1.62879999999998,1.98820000000003));
#14966=CARTESIAN_POINT('',(19.8,-0.612800000000002,1.98820000000003));
#14967=VECTOR('',#16679,1.0);
#14968=CARTESIAN_POINT('',(19.8,-1.62879999999998,2.49620000000002));
#14969=CARTESIAN_POINT('',(19.8,-1.62879999999998,1.98820000000003));
#14970=VECTOR('',#16680,1.0);
#14971=CARTESIAN_POINT('',(19.8,-5.00699999999996,3.23280000000002));
#14972=CARTESIAN_POINT('',(19.8,-1.62879999999998,2.49620000000002));
#14973=VECTOR('',#16681,1.0);
#14974=CARTESIAN_POINT('',(19.8,-5.00699999999996,5.2));
#14975=CARTESIAN_POINT('',(19.8,-5.00699999999996,3.23280000000002));
#14976=VECTOR('',#16682,1.0);
#14977=CARTESIAN_POINT('',(19.8,-9.8076,5.2));
#14978=VECTOR('',#16683,1.0);
#14979=COLOUR_RGB('',0.431372553110123,0.862745106220245,0.549019634723663);
#14980=CARTESIAN_POINT('',(-2.25,-11.87,4.48200000000002));
#14981=CARTESIAN_POINT('',(-2.25,-9.99988089297204,4.48200000000002));
#14982=VECTOR('',#16684,1.0);
#14983=CARTESIAN_POINT('',(-2.3,-11.87,4.48200000000002));
#14984=CARTESIAN_POINT('',(-2.25,-11.87,4.48200000000002));
#14985=VECTOR('',#16685,1.0);
#14986=CARTESIAN_POINT('',(-2.3,-8.67422722559197,4.48200000000002));
#14987=VECTOR('',#16686,1.0);
#14988=COLOUR_RGB('',0.431372553110123,0.862745106220245,0.549019634723663);
#14989=CARTESIAN_POINT('',(-2.3,-11.87,-4.46800000000002));
#14990=CARTESIAN_POINT('',(-2.3,-11.87,-0.0133964118029626));
#14991=VECTOR('',#16687,1.0);
#14992=CARTESIAN_POINT('',(-2.25,-11.87,-4.46800000000002));
#14993=CARTESIAN_POINT('',(-2.25,-11.87,4.48200000000002));
#14994=VECTOR('',#16688,1.0);
#14995=CARTESIAN_POINT('',(-2.25,-11.87,-4.46800000000002));
#14996=VECTOR('',#16689,1.0);
#14997=COLOUR_RGB('',0.431372553110123,0.862745106220245,0.549019634723663);
#14998=CARTESIAN_POINT('',(-2.3,-10.0108,-4.46800000000002));
#14999=CARTESIAN_POINT('',(-2.3,-8.67422722559197,-4.46800000000002));
#15000=VECTOR('',#16690,1.0);
#15001=CARTESIAN_POINT('',(-2.25,-10.0108,-4.46800000000002));
#15002=CARTESIAN_POINT('',(-2.25,-11.87,-4.46800000000002));
#15003=VECTOR('',#16691,1.0);
#15004=CARTESIAN_POINT('',(8.775,-10.0108,-4.46800000000002));
#15005=VECTOR('',#16692,1.0);
#15006=COLOUR_RGB('',0.431372553110123,0.862745106220245,0.549019634723663);
#15007=CARTESIAN_POINT('',(-2.3,-11.84,-4.43800000000002));
#15008=CARTESIAN_POINT('',(-2.3,-11.84,4.45200000000002));
#15009=CARTESIAN_POINT('',(-2.3,-11.84,-0.0133964118029626));
#15010=VECTOR('',#16693,1.0);
#15011=CARTESIAN_POINT('',(-2.25,-11.84,-4.43800000000002));
#15012=CARTESIAN_POINT('',(-2.25,-11.84,-4.43800000000002));
#15013=VECTOR('',#16694,1.0);
#15014=CARTESIAN_POINT('',(-2.25,-11.84,4.45200000000002));
#15015=CARTESIAN_POINT('',(-2.25,-11.84,4.45200000000002));
#15016=VECTOR('',#16695,1.0);
#15017=CARTESIAN_POINT('',(-2.25,-11.84,4.45200000000002));
#15018=VECTOR('',#16696,1.0);
#15019=COLOUR_RGB('',0.431372553110123,0.862745106220245,0.549019634723663);
#15020=CARTESIAN_POINT('',(-2.25,-10.0108,4.45200000000002));
#15021=VECTOR('',#16697,1.0);
#15022=CARTESIAN_POINT('',(-2.25,-10.0108,-4.43800000000002));
#15023=CARTESIAN_POINT('',(-2.25,-11.84,-4.43800000000002));
#15024=VECTOR('',#16698,1.0);
#15025=CARTESIAN_POINT('',(-2.25,-10.0108,-2.406));
#15026=VECTOR('',#16699,1.0);
#15027=COLOUR_RGB('',0.431372553110123,0.862745106220245,0.549019634723663);
#15028=CARTESIAN_POINT('',(-2.3,-9.8076,4.45200000000002));
#15029=VECTOR('',#16700,1.0);
#15030=CARTESIAN_POINT('',(-2.3,-5.00699999999996,5.2));
#15031=CARTESIAN_POINT('',(-2.3,-9.8076,5.2));
#15032=VECTOR('',#16701,1.0);
#15033=CARTESIAN_POINT('',(-2.3,-5.00699999999996,3.23280000000002));
#15034=CARTESIAN_POINT('',(-2.3,-5.00699999999996,3.23280000000002));
#15035=VECTOR('',#16702,1.0);
#15036=CARTESIAN_POINT('',(-2.3,-1.62879999999998,2.49620000000002));
#15037=CARTESIAN_POINT('',(-2.3,-1.62879999999998,2.49620000000002));
#15038=VECTOR('',#16703,0.999999999999999);
#15039=CARTESIAN_POINT('',(-2.3,-1.62879999999998,1.98820000000003));
#15040=CARTESIAN_POINT('',(-2.3,-1.62879999999998,1.98820000000003));
#15041=VECTOR('',#16704,1.0);
#15042=CARTESIAN_POINT('',(-2.3,-0.612800000000002,1.98820000000003));
#15043=CARTESIAN_POINT('',(-2.3,-0.612800000000002,1.98820000000003));
#15044=VECTOR('',#16705,1.0);
#15045=CARTESIAN_POINT('',(-2.3,-0.612800000000002,3.00420000000006));
#15046=CARTESIAN_POINT('',(-2.3,-0.612800000000002,3.00420000000006));
#15047=VECTOR('',#16706,1.0);
#15048=CARTESIAN_POINT('',(-2.3,-1.77635683940025E-15,3.00420000000006));
#15049=CARTESIAN_POINT('',(-2.3,-1.77635683940025E-15,3.00420000000006));
#15050=VECTOR('',#16707,1.0);
#15051=CARTESIAN_POINT('',(-2.3,-1.77635683940025E-15,-1.99959999999992));
#15052=CARTESIAN_POINT('',(-2.3,-1.77635683940025E-15,3.00420000000006));
#15053=VECTOR('',#16708,1.0);
#15054=CARTESIAN_POINT('',(-2.3,-0.300000000000002,-1.99959999999992));
#15055=CARTESIAN_POINT('',(-2.3,-0.300000000000002,-1.99959999999992));
#15056=VECTOR('',#16709,1.0);
#15057=CARTESIAN_POINT('',(-2.3,-0.300000000000002,-5.2));
#15058=CARTESIAN_POINT('',(-2.3,-0.300000000000002,-1.99959999999992));
#15059=VECTOR('',#16710,1.0);
#15060=CARTESIAN_POINT('',(-2.3,-0.917600000000013,-5.2));
#15061=CARTESIAN_POINT('',(-2.3,-0.917600000000013,-5.2));
#15062=VECTOR('',#16711,1.0);
#15063=CARTESIAN_POINT('',(-2.3,-0.917600000000013,-4.43800000000001));
#15064=CARTESIAN_POINT('',(-2.3,-0.917600000000013,-4.43800000000001));
#15065=VECTOR('',#16712,1.0);
#15066=CARTESIAN_POINT('',(-2.3,-8.66945700234896,-4.43800000000001));
#15067=VECTOR('',#16713,1.0);
#15068=COLOUR_RGB('',0.431372553110123,0.862745106220245,0.549019634723663);
#15069=CARTESIAN_POINT('',(-2.3,-10.0108,-5.2));
#15070=CARTESIAN_POINT('',(-2.3,-10.0108,-5.2));
#15071=VECTOR('',#16714,1.0);
#15072=CARTESIAN_POINT('',(-2.3,-10.0108,-5.2));
#15073=VECTOR('',#16715,1.0);
#15074=CARTESIAN_POINT('',(-2.3,-12.5,5.2));
#15075=VECTOR('',#16716,1.0);
#15076=COLOUR_RGB('',0.431372553110123,0.862745106220245,0.549019634723663);
#15077=CARTESIAN_POINT('',(19.8,-10.0108,-5.2));
#15078=CARTESIAN_POINT('',(19.8,-10.0108,-5.2));
#15079=VECTOR('',#16717,1.0);
#15080=CARTESIAN_POINT('',(19.8,-10.0108,-5.2));
#15081=VECTOR('',#16718,1.0);
#15082=CARTESIAN_POINT('',(19.8,-10.0108,-4.43800000000002));
#15083=VECTOR('',#16719,1.0);
#15084=COLOUR_RGB('',0.431372553110123,0.862745106220245,0.549019634723663);
#15085=CARTESIAN_POINT('',(19.015,-0.612800000000002,1.98820000000003));
#15086=CARTESIAN_POINT('',(19.015,-0.612800000000002,2.49620000000004));
#15087=CARTESIAN_POINT('',(19.015,-0.612800000000002,2.31920000000004));
#15088=VECTOR('',#16720,1.0);
#15089=CARTESIAN_POINT('',(19.015,-1.62879999999998,1.98820000000003));
#15090=CARTESIAN_POINT('',(19.015,-1.12079999999999,1.98820000000003));
#15091=VECTOR('',#16721,1.0);
#15092=CARTESIAN_POINT('',(19.015,-1.62879999999998,2.49620000000002));
#15093=CARTESIAN_POINT('',(19.015,-1.62879999999998,2.19220000000003));
#15094=VECTOR('',#16722,1.0);
#15095=CARTESIAN_POINT('',(19.015,-1.82879999999998,2.49620000000002));
#15096=VECTOR('',#16723,1.0);
#15097=COLOUR_RGB('',0.431372553110123,0.862745106220245,0.549019634723663);
#15098=CARTESIAN_POINT('',(19.485,-0.612800000000002,2.49620000000004));
#15099=CARTESIAN_POINT('',(19.6425,-0.612800000000002,2.49620000000004));
#15100=VECTOR('',#16724,1.0);
#15101=CARTESIAN_POINT('',(19.485,-1.62879999999998,2.49620000000002));
#15102=CARTESIAN_POINT('',(19.8,-1.62879999999998,2.49620000000002));
#15103=VECTOR('',#16725,1.0);
#15104=CARTESIAN_POINT('',(19.485,-1.82879999999998,2.49620000000002));
#15105=VECTOR('',#16726,1.0);
#15106=COLOUR_RGB('',0.431372553110123,0.862745106220245,0.549019634723663);
#15107=CARTESIAN_POINT('',(19.485,-0.612800000000002,1.98820000000003));
#15108=CARTESIAN_POINT('',(19.485,-0.612800000000002,2.31920000000004));
#15109=VECTOR('',#16727,1.0);
#15110=CARTESIAN_POINT('',(19.485,-1.62879999999998,1.98820000000003));
#15111=CARTESIAN_POINT('',(19.485,-1.62879999999998,2.19220000000003));
#15112=VECTOR('',#16728,1.0);
#15113=CARTESIAN_POINT('',(19.485,-1.12079999999999,1.98820000000003));
#15114=VECTOR('',#16729,1.0);
#15115=COLOUR_RGB('',0.431372553110123,0.862745106220245,0.549019634723663);
#15116=CARTESIAN_POINT('',(19.8,-0.612800000000002,1.98820000000003));
#15117=VECTOR('',#16730,1.0);
#15118=CARTESIAN_POINT('',(19.8,-0.612800000000002,3.00420000000006));
#15119=VECTOR('',#16731,1.0);
#15120=CARTESIAN_POINT('',(-1.985,-0.612800000000002,1.98820000000003));
#15121=CARTESIAN_POINT('',(19.8,-0.612800000000002,1.98820000000003));
#15122=VECTOR('',#16732,1.0);
#15123=CARTESIAN_POINT('',(-1.985,-0.612800000000002,2.49620000000004));
#15124=CARTESIAN_POINT('',(-1.985,-0.612800000000002,2.31920000000004));
#15125=VECTOR('',#16733,1.0);
#15126=CARTESIAN_POINT('',(-1.515,-0.612800000000002,2.49620000000004));
#15127=CARTESIAN_POINT('',(9.1425,-0.612800000000002,2.49620000000004));
#15128=VECTOR('',#16734,1.0);
#15129=CARTESIAN_POINT('',(-1.515,-0.612800000000002,1.98820000000003));
#15130=CARTESIAN_POINT('',(-1.515,-0.612800000000002,2.31920000000004));
#15131=VECTOR('',#16735,1.0);
#15132=CARTESIAN_POINT('',(1.515,-0.612800000000002,1.98820000000003));
#15133=CARTESIAN_POINT('',(19.8,-0.612800000000002,1.98820000000003));
#15134=VECTOR('',#16736,1.0);
#15135=CARTESIAN_POINT('',(1.515,-0.612800000000002,2.49620000000004));
#15136=CARTESIAN_POINT('',(1.515,-0.612800000000002,2.31920000000004));
#15137=VECTOR('',#16737,1.0);
#15138=CARTESIAN_POINT('',(1.985,-0.612800000000002,2.49620000000004));
#15139=CARTESIAN_POINT('',(10.8925,-0.612800000000002,2.49620000000004));
#15140=VECTOR('',#16738,1.0);
#15141=CARTESIAN_POINT('',(1.985,-0.612800000000002,1.98820000000003));
#15142=CARTESIAN_POINT('',(1.985,-0.612800000000002,2.31920000000004));
#15143=VECTOR('',#16739,1.0);
#15144=CARTESIAN_POINT('',(5.015,-0.612800000000002,1.98820000000003));
#15145=CARTESIAN_POINT('',(19.8,-0.612800000000002,1.98820000000003));
#15146=VECTOR('',#16740,1.0);
#15147=CARTESIAN_POINT('',(5.015,-0.612800000000002,2.49620000000004));
#15148=CARTESIAN_POINT('',(5.015,-0.612800000000002,2.31920000000004));
#15149=VECTOR('',#16741,1.0);
#15150=CARTESIAN_POINT('',(5.485,-0.612800000000002,2.49620000000004));
#15151=CARTESIAN_POINT('',(12.6425,-0.612800000000002,2.49620000000004));
#15152=VECTOR('',#16742,1.0);
#15153=CARTESIAN_POINT('',(5.485,-0.612800000000002,1.98820000000003));
#15154=CARTESIAN_POINT('',(5.485,-0.612800000000002,2.31920000000004));
#15155=VECTOR('',#16743,1.0);
#15156=CARTESIAN_POINT('',(8.515,-0.612800000000002,1.98820000000003));
#15157=CARTESIAN_POINT('',(19.8,-0.612800000000002,1.98820000000003));
#15158=VECTOR('',#16744,1.0);
#15159=CARTESIAN_POINT('',(8.515,-0.612800000000002,2.49620000000004));
#15160=CARTESIAN_POINT('',(8.515,-0.612800000000002,2.31920000000004));
#15161=VECTOR('',#16745,1.0);
#15162=CARTESIAN_POINT('',(8.985,-0.612800000000002,2.49620000000004));
#15163=CARTESIAN_POINT('',(14.3925,-0.612800000000002,2.49620000000004));
#15164=VECTOR('',#16746,1.0);
#15165=CARTESIAN_POINT('',(8.985,-0.612800000000002,1.98820000000003));
#15166=CARTESIAN_POINT('',(8.985,-0.612800000000002,2.31920000000004));
#15167=VECTOR('',#16747,1.0);
#15168=CARTESIAN_POINT('',(12.015,-0.612800000000002,1.98820000000003));
#15169=CARTESIAN_POINT('',(19.8,-0.612800000000002,1.98820000000003));
#15170=VECTOR('',#16748,1.0);
#15171=CARTESIAN_POINT('',(12.015,-0.612800000000002,2.49620000000004));
#15172=CARTESIAN_POINT('',(12.015,-0.612800000000002,2.31920000000004));
#15173=VECTOR('',#16749,1.0);
#15174=CARTESIAN_POINT('',(12.485,-0.612800000000002,2.49620000000004));
#15175=CARTESIAN_POINT('',(16.1425,-0.612800000000002,2.49620000000004));
#15176=VECTOR('',#16750,1.0);
#15177=CARTESIAN_POINT('',(12.485,-0.612800000000002,1.98820000000003));
#15178=CARTESIAN_POINT('',(12.485,-0.612800000000002,2.31920000000004));
#15179=VECTOR('',#16751,1.0);
#15180=CARTESIAN_POINT('',(15.515,-0.612800000000002,1.98820000000003));
#15181=CARTESIAN_POINT('',(19.8,-0.612800000000002,1.98820000000003));
#15182=VECTOR('',#16752,1.0);
#15183=CARTESIAN_POINT('',(15.515,-0.612800000000002,2.49620000000004));
#15184=CARTESIAN_POINT('',(15.515,-0.612800000000002,2.31920000000004));
#15185=VECTOR('',#16753,1.0);
#15186=CARTESIAN_POINT('',(15.985,-0.612800000000002,2.49620000000004));
#15187=CARTESIAN_POINT('',(17.8925,-0.612800000000002,2.49620000000004));
#15188=VECTOR('',#16754,1.0);
#15189=CARTESIAN_POINT('',(15.985,-0.612800000000002,1.98820000000003));
#15190=CARTESIAN_POINT('',(15.985,-0.612800000000002,2.31920000000004));
#15191=VECTOR('',#16755,1.0);
#15192=CARTESIAN_POINT('',(19.8,-0.612800000000002,1.98820000000003));
#15193=VECTOR('',#16756,1.0);
#15194=COLOUR_RGB('',0.431372553110123,0.862745106220245,0.549019634723663);
#15195=CARTESIAN_POINT('',(19.8,-1.62879999999998,1.98820000000003));
#15196=VECTOR('',#16757,1.0);
#15197=COLOUR_RGB('',0.431372553110123,0.862745106220245,0.549019634723663);
#15198=CARTESIAN_POINT('',(19.8,-1.62879999999998,2.49620000000002));
#15199=VECTOR('',#16758,1.0);
#15200=COLOUR_RGB('',0.431372553110123,0.862745106220245,0.549019634723663);
#15201=CARTESIAN_POINT('',(15.515,-1.62879999999998,1.98820000000003));
#15202=CARTESIAN_POINT('',(15.515,-1.12079999999999,1.98820000000003));
#15203=VECTOR('',#16759,1.0);
#15204=CARTESIAN_POINT('',(15.515,-1.62879999999998,2.49620000000002));
#15205=CARTESIAN_POINT('',(15.515,-1.62879999999998,2.19220000000003));
#15206=VECTOR('',#16760,1.0);
#15207=CARTESIAN_POINT('',(15.515,-1.82879999999998,2.49620000000002));
#15208=VECTOR('',#16761,1.0);
#15209=COLOUR_RGB('',0.431372553110123,0.862745106220245,0.549019634723663);
#15210=CARTESIAN_POINT('',(15.985,-1.62879999999998,2.49620000000002));
#15211=CARTESIAN_POINT('',(19.8,-1.62879999999998,2.49620000000002));
#15212=VECTOR('',#16762,1.0);
#15213=CARTESIAN_POINT('',(15.985,-1.82879999999998,2.49620000000002));
#15214=VECTOR('',#16763,1.0);
#15215=COLOUR_RGB('',0.431372553110123,0.862745106220245,0.549019634723663);
#15216=CARTESIAN_POINT('',(15.985,-1.62879999999998,1.98820000000003));
#15217=CARTESIAN_POINT('',(15.985,-1.62879999999998,2.19220000000003));
#15218=VECTOR('',#16764,1.0);
#15219=CARTESIAN_POINT('',(15.985,-1.12079999999999,1.98820000000003));
#15220=VECTOR('',#16765,1.0);
#15221=COLOUR_RGB('',0.431372553110123,0.862745106220245,0.549019634723663);
#15222=CARTESIAN_POINT('',(19.8,-1.62879999999998,1.98820000000003));
#15223=VECTOR('',#16766,1.0);
#15224=COLOUR_RGB('',0.431372553110123,0.862745106220245,0.549019634723663);
#15225=CARTESIAN_POINT('',(19.8,-1.62879999999998,2.49620000000002));
#15226=VECTOR('',#16767,1.0);
#15227=COLOUR_RGB('',0.431372553110123,0.862745106220245,0.549019634723663);
#15228=CARTESIAN_POINT('',(12.015,-1.62879999999998,1.98820000000003));
#15229=CARTESIAN_POINT('',(12.015,-1.12079999999999,1.98820000000003));
#15230=VECTOR('',#16768,1.0);
#15231=CARTESIAN_POINT('',(12.015,-1.62879999999998,2.49620000000002));
#15232=CARTESIAN_POINT('',(12.015,-1.62879999999998,2.19220000000003));
#15233=VECTOR('',#16769,1.0);
#15234=CARTESIAN_POINT('',(12.015,-1.82879999999998,2.49620000000002));
#15235=VECTOR('',#16770,1.0);
#15236=COLOUR_RGB('',0.431372553110123,0.862745106220245,0.549019634723663);
#15237=CARTESIAN_POINT('',(12.485,-1.62879999999998,2.49620000000002));
#15238=CARTESIAN_POINT('',(19.8,-1.62879999999998,2.49620000000002));
#15239=VECTOR('',#16771,1.0);
#15240=CARTESIAN_POINT('',(12.485,-1.82879999999998,2.49620000000002));
#15241=VECTOR('',#16772,1.0);
#15242=COLOUR_RGB('',0.431372553110123,0.862745106220245,0.549019634723663);
#15243=CARTESIAN_POINT('',(12.485,-1.62879999999998,1.98820000000003));
#15244=CARTESIAN_POINT('',(12.485,-1.62879999999998,2.19220000000003));
#15245=VECTOR('',#16773,1.0);
#15246=CARTESIAN_POINT('',(12.485,-1.12079999999999,1.98820000000003));
#15247=VECTOR('',#16774,1.0);
#15248=COLOUR_RGB('',0.431372553110123,0.862745106220245,0.549019634723663);
#15249=CARTESIAN_POINT('',(19.8,-1.62879999999998,1.98820000000003));
#15250=VECTOR('',#16775,1.0);
#15251=COLOUR_RGB('',0.431372553110123,0.862745106220245,0.549019634723663);
#15252=CARTESIAN_POINT('',(19.8,-1.62879999999998,2.49620000000002));
#15253=VECTOR('',#16776,1.0);
#15254=COLOUR_RGB('',0.431372553110123,0.862745106220245,0.549019634723663);
#15255=CARTESIAN_POINT('',(8.515,-1.62879999999998,1.98820000000003));
#15256=CARTESIAN_POINT('',(8.515,-1.12079999999999,1.98820000000003));
#15257=VECTOR('',#16777,1.0);
#15258=CARTESIAN_POINT('',(8.515,-1.62879999999998,2.49620000000002));
#15259=CARTESIAN_POINT('',(8.515,-1.62879999999998,2.19220000000003));
#15260=VECTOR('',#16778,1.0);
#15261=CARTESIAN_POINT('',(8.515,-1.82879999999998,2.49620000000002));
#15262=VECTOR('',#16779,1.0);
#15263=COLOUR_RGB('',0.431372553110123,0.862745106220245,0.549019634723663);
#15264=CARTESIAN_POINT('',(8.985,-1.62879999999998,2.49620000000002));
#15265=CARTESIAN_POINT('',(19.8,-1.62879999999998,2.49620000000002));
#15266=VECTOR('',#16780,1.0);
#15267=CARTESIAN_POINT('',(8.985,-1.82879999999998,2.49620000000002));
#15268=VECTOR('',#16781,1.0);
#15269=COLOUR_RGB('',0.431372553110123,0.862745106220245,0.549019634723663);
#15270=CARTESIAN_POINT('',(8.985,-1.62879999999998,1.98820000000003));
#15271=CARTESIAN_POINT('',(8.985,-1.62879999999998,2.19220000000003));
#15272=VECTOR('',#16782,1.0);
#15273=CARTESIAN_POINT('',(8.985,-1.12079999999999,1.98820000000003));
#15274=VECTOR('',#16783,1.0);
#15275=COLOUR_RGB('',0.431372553110123,0.862745106220245,0.549019634723663);
#15276=CARTESIAN_POINT('',(19.8,-1.62879999999998,1.98820000000003));
#15277=VECTOR('',#16784,1.0);
#15278=COLOUR_RGB('',0.431372553110123,0.862745106220245,0.549019634723663);
#15279=CARTESIAN_POINT('',(19.8,-1.62879999999998,2.49620000000002));
#15280=VECTOR('',#16785,1.0);
#15281=COLOUR_RGB('',0.431372553110123,0.862745106220245,0.549019634723663);
#15282=CARTESIAN_POINT('',(5.015,-1.62879999999998,1.98820000000003));
#15283=CARTESIAN_POINT('',(5.015,-1.12079999999999,1.98820000000003));
#15284=VECTOR('',#16786,1.0);
#15285=CARTESIAN_POINT('',(5.015,-1.62879999999998,2.49620000000002));
#15286=CARTESIAN_POINT('',(5.015,-1.62879999999998,2.19220000000003));
#15287=VECTOR('',#16787,1.0);
#15288=CARTESIAN_POINT('',(5.015,-1.82879999999998,2.49620000000002));
#15289=VECTOR('',#16788,1.0);
#15290=COLOUR_RGB('',0.431372553110123,0.862745106220245,0.549019634723663);
#15291=CARTESIAN_POINT('',(5.485,-1.62879999999998,2.49620000000002));
#15292=CARTESIAN_POINT('',(19.8,-1.62879999999998,2.49620000000002));
#15293=VECTOR('',#16789,1.0);
#15294=CARTESIAN_POINT('',(5.485,-1.82879999999998,2.49620000000002));
#15295=VECTOR('',#16790,1.0);
#15296=COLOUR_RGB('',0.431372553110123,0.862745106220245,0.549019634723663);
#15297=CARTESIAN_POINT('',(5.485,-1.62879999999998,1.98820000000003));
#15298=CARTESIAN_POINT('',(5.485,-1.62879999999998,2.19220000000003));
#15299=VECTOR('',#16791,1.0);
#15300=CARTESIAN_POINT('',(5.485,-1.12079999999999,1.98820000000003));
#15301=VECTOR('',#16792,1.0);
#15302=COLOUR_RGB('',0.431372553110123,0.862745106220245,0.549019634723663);
#15303=CARTESIAN_POINT('',(19.8,-1.62879999999998,1.98820000000003));
#15304=VECTOR('',#16793,1.0);
#15305=COLOUR_RGB('',0.431372553110123,0.862745106220245,0.549019634723663);
#15306=CARTESIAN_POINT('',(19.8,-1.62879999999998,2.49620000000002));
#15307=VECTOR('',#16794,1.0);
#15308=COLOUR_RGB('',0.431372553110123,0.862745106220245,0.549019634723663);
#15309=CARTESIAN_POINT('',(1.515,-1.62879999999998,1.98820000000003));
#15310=CARTESIAN_POINT('',(1.515,-1.12079999999999,1.98820000000003));
#15311=VECTOR('',#16795,1.0);
#15312=CARTESIAN_POINT('',(1.515,-1.62879999999998,2.49620000000002));
#15313=CARTESIAN_POINT('',(1.515,-1.62879999999998,2.19220000000003));
#15314=VECTOR('',#16796,1.0);
#15315=CARTESIAN_POINT('',(1.515,-1.82879999999998,2.49620000000002));
#15316=VECTOR('',#16797,1.0);
#15317=COLOUR_RGB('',0.431372553110123,0.862745106220245,0.549019634723663);
#15318=CARTESIAN_POINT('',(1.985,-1.62879999999998,2.49620000000002));
#15319=CARTESIAN_POINT('',(19.8,-1.62879999999998,2.49620000000002));
#15320=VECTOR('',#16798,1.0);
#15321=CARTESIAN_POINT('',(1.985,-1.82879999999998,2.49620000000002));
#15322=VECTOR('',#16799,1.0);
#15323=COLOUR_RGB('',0.431372553110123,0.862745106220245,0.549019634723663);
#15324=CARTESIAN_POINT('',(1.985,-1.62879999999998,1.98820000000003));
#15325=CARTESIAN_POINT('',(1.985,-1.62879999999998,2.19220000000003));
#15326=VECTOR('',#16800,1.0);
#15327=CARTESIAN_POINT('',(1.985,-1.12079999999999,1.98820000000003));
#15328=VECTOR('',#16801,1.0);
#15329=COLOUR_RGB('',0.431372553110123,0.862745106220245,0.549019634723663);
#15330=CARTESIAN_POINT('',(19.8,-1.62879999999998,1.98820000000003));
#15331=VECTOR('',#16802,1.0);
#15332=COLOUR_RGB('',0.431372553110123,0.862745106220245,0.549019634723663);
#15333=CARTESIAN_POINT('',(19.8,-1.62879999999998,2.49620000000002));
#15334=VECTOR('',#16803,1.0);
#15335=COLOUR_RGB('',0.431372553110123,0.862745106220245,0.549019634723663);
#15336=CARTESIAN_POINT('',(-1.985,-1.62879999999998,1.98820000000003));
#15337=CARTESIAN_POINT('',(-1.985,-1.12079999999999,1.98820000000003));
#15338=VECTOR('',#16804,1.0);
#15339=CARTESIAN_POINT('',(-1.985,-1.62879999999998,2.49620000000002));
#15340=CARTESIAN_POINT('',(-1.985,-1.62879999999998,2.19220000000003));
#15341=VECTOR('',#16805,1.0);
#15342=CARTESIAN_POINT('',(-1.985,-1.82879999999998,2.49620000000002));
#15343=VECTOR('',#16806,1.0);
#15344=COLOUR_RGB('',0.431372553110123,0.862745106220245,0.549019634723663);
#15345=CARTESIAN_POINT('',(-1.515,-1.62879999999998,2.49620000000002));
#15346=CARTESIAN_POINT('',(19.8,-1.62879999999998,2.49620000000002));
#15347=VECTOR('',#16807,1.0);
#15348=CARTESIAN_POINT('',(-1.515,-1.82879999999998,2.49620000000002));
#15349=VECTOR('',#16808,1.0);
#15350=COLOUR_RGB('',0.431372553110123,0.862745106220245,0.549019634723663);
#15351=CARTESIAN_POINT('',(-1.515,-1.62879999999998,1.98820000000003));
#15352=CARTESIAN_POINT('',(-1.515,-1.62879999999998,2.19220000000003));
#15353=VECTOR('',#16809,1.0);
#15354=CARTESIAN_POINT('',(-1.515,-1.12079999999999,1.98820000000003));
#15355=VECTOR('',#16810,1.0);
#15356=COLOUR_RGB('',0.431372553110123,0.862745106220245,0.549019634723663);
#15357=CARTESIAN_POINT('',(19.8,-1.62879999999998,1.98820000000003));
#15358=VECTOR('',#16811,1.0);
#15359=COLOUR_RGB('',0.431372553110123,0.862745106220245,0.549019634723663);
#15360=CARTESIAN_POINT('',(19.8,-1.62879999999998,2.49620000000002));
#15361=VECTOR('',#16812,1.0);
#15362=COLOUR_RGB('',0.431372553110123,0.862745106220245,0.549019634723663);
#15363=CARTESIAN_POINT('',(19.8,-12.5,5.2));
#15364=VECTOR('',#16813,1.0);
#15365=COLOUR_RGB('',0.431372553110123,0.862745106220245,0.549019634723663);
#15366=CARTESIAN_POINT('',(19.8,-10.0108,-5.2));
#15367=VECTOR('',#16814,1.0);
#15368=COLOUR_RGB('',0.431372553110123,0.862745106220245,0.549019634723663);
#15369=CARTESIAN_POINT('',(19.8,-0.917600000000013,-4.43800000000002));
#15370=VECTOR('',#16815,1.0);
#15371=COLOUR_RGB('',0.431372553110123,0.862745106220245,0.549019634723663);
#15372=CARTESIAN_POINT('',(19.8,-0.917600000000013,-5.2));
#15373=VECTOR('',#16816,1.0);
#15374=COLOUR_RGB('',0.431372553110123,0.862745106220245,0.549019634723663);
#15375=CARTESIAN_POINT('',(19.8,-0.300000000000002,-5.2));
#15376=VECTOR('',#16817,1.0);
#15377=COLOUR_RGB('',0.431372553110123,0.862745106220245,0.549019634723663);
#15378=CARTESIAN_POINT('',(19.8,-0.300000000000002,-1.99959999999992));
#15379=VECTOR('',#16818,1.0);
#15380=COLOUR_RGB('',0.431372553110123,0.862745106220245,0.549019634723663);
#15381=CARTESIAN_POINT('',(19.8,-1.77635683940025E-15,-1.99959999999992));
#15382=VECTOR('',#16819,1.0);
#15383=COLOUR_RGB('',0.431372553110123,0.862745106220245,0.549019634723663);
#15384=CARTESIAN_POINT('',(19.8,-1.77635683940025E-15,3.00420000000006));
#15385=VECTOR('',#16820,1.0);
#15386=COLOUR_RGB('',0.431372553110123,0.862745106220245,0.549019634723663);
#15387=COLOUR_RGB('',0.431372553110123,0.862745106220245,0.549019634723663);
#15388=CARTESIAN_POINT('',(19.8,-1.62879999999998,1.98820000000003));
#15389=VECTOR('',#16821,1.0);
#15390=COLOUR_RGB('',0.431372553110123,0.862745106220245,0.549019634723663);
#15391=CARTESIAN_POINT('',(19.8,-1.62879999999998,2.49620000000002));
#15392=VECTOR('',#16822,1.0);
#15393=COLOUR_RGB('',0.431372553110123,0.862745106220245,0.549019634723663);
#15394=CARTESIAN_POINT('',(19.8,-5.00699999999996,3.23280000000002));
#15395=VECTOR('',#16823,1.0);
#15396=COLOUR_RGB('',0.431372553110123,0.862745106220245,0.549019634723663);
#15397=CARTESIAN_POINT('',(19.8,-5.00699999999996,5.2));
#15398=VECTOR('',#16824,1.0);
#15399=COLOUR_RGB('',0.431372553110123,0.862745106220245,0.549019634723663);
#15400=COLOUR_RGB('',0.431372553110123,0.862745106220245,0.549019634723663);
#15401=COLOUR_RGB('',0.431372553110123,0.862745106220245,0.549019634723663);
#15402=DIRECTION('',(-0.0,-1.0,-0.0));
#15403=CARTESIAN_POINT('',(0.0,-12.5,0.0));
#15404=DIRECTION('',(-0.0,1.0,0.0));
#15405=DIRECTION('',(1.0,0.0,0.0));
#15406=DIRECTION('',(-0.0,1.0,-0.0));
#15407=CARTESIAN_POINT('',(0.0,-18.7,0.0));
#15408=DIRECTION('',(-0.0,1.0,0.0));
#15409=DIRECTION('',(1.0,0.0,0.0));
#15410=DIRECTION('',(0.707106781186547,-0.707106781186548,8.65956056235493E-17));
#15411=DIRECTION('',(0.707106781186547,0.707106781186548,8.65956056235493E-17));
#15412=CARTESIAN_POINT('',(0.0,-19.1,0.0));
#15413=DIRECTION('',(-7.49879891330929E-33,1.0,6.12323399573676E-17));
#15414=DIRECTION('',(1.0,7.49879891330929E-33,4.59169004331693E-49));
#15415=DIRECTION('',(-0.0,-1.0,-0.0));
#15416=CARTESIAN_POINT('',(3.5,-12.5,0.0));
#15417=DIRECTION('',(-0.0,1.0,0.0));
#15418=DIRECTION('',(1.0,0.0,0.0));
#15419=DIRECTION('',(-0.0,1.0,-0.0));
#15420=CARTESIAN_POINT('',(3.5,-18.7,0.0));
#15421=DIRECTION('',(-0.0,1.0,0.0));
#15422=DIRECTION('',(1.0,0.0,0.0));
#15423=DIRECTION('',(0.707106781186547,-0.707106781186548,8.65956056235493E-17));
#15424=DIRECTION('',(0.707106781186547,0.707106781186548,8.65956056235493E-17));
#15425=CARTESIAN_POINT('',(3.5,-19.1,0.0));
#15426=DIRECTION('',(-7.49879891330929E-33,1.0,6.12323399573676E-17));
#15427=DIRECTION('',(1.0,7.49879891330929E-33,4.59169004331693E-49));
#15428=DIRECTION('',(-0.0,-1.0,-0.0));
#15429=CARTESIAN_POINT('',(7.0,-12.5,0.0));
#15430=DIRECTION('',(-0.0,1.0,0.0));
#15431=DIRECTION('',(1.0,0.0,0.0));
#15432=DIRECTION('',(-0.0,1.0,-0.0));
#15433=CARTESIAN_POINT('',(7.0,-18.7,0.0));
#15434=DIRECTION('',(-0.0,1.0,0.0));
#15435=DIRECTION('',(1.0,0.0,0.0));
#15436=DIRECTION('',(0.707106781186547,-0.707106781186548,8.65956056235493E-17));
#15437=DIRECTION('',(0.707106781186547,0.707106781186548,8.65956056235493E-17));
#15438=CARTESIAN_POINT('',(7.0,-19.1,0.0));
#15439=DIRECTION('',(-7.49879891330929E-33,1.0,6.12323399573676E-17));
#15440=DIRECTION('',(1.0,7.49879891330929E-33,4.59169004331693E-49));
#15441=DIRECTION('',(-0.0,-1.0,-0.0));
#15442=CARTESIAN_POINT('',(10.5,-12.5,0.0));
#15443=DIRECTION('',(-0.0,1.0,0.0));
#15444=DIRECTION('',(1.0,0.0,0.0));
#15445=DIRECTION('',(-0.0,1.0,-0.0));
#15446=CARTESIAN_POINT('',(10.5,-18.7,0.0));
#15447=DIRECTION('',(-0.0,1.0,0.0));
#15448=DIRECTION('',(1.0,0.0,0.0));
#15449=DIRECTION('',(0.707106781186548,-0.707106781186547,8.65956056235492E-17));
#15450=DIRECTION('',(0.707106781186548,0.707106781186547,8.65956056235493E-17));
#15451=CARTESIAN_POINT('',(10.5,-19.1,0.0));
#15452=DIRECTION('',(-7.49879891330929E-33,1.0,6.12323399573676E-17));
#15453=DIRECTION('',(1.0,7.49879891330929E-33,4.59169004331693E-49));
#15454=DIRECTION('',(-0.0,-1.0,-0.0));
#15455=CARTESIAN_POINT('',(14.0,-12.5,0.0));
#15456=DIRECTION('',(-0.0,1.0,0.0));
#15457=DIRECTION('',(1.0,0.0,0.0));
#15458=DIRECTION('',(-0.0,1.0,-0.0));
#15459=CARTESIAN_POINT('',(14.0,-18.7,0.0));
#15460=DIRECTION('',(-0.0,1.0,0.0));
#15461=DIRECTION('',(1.0,0.0,0.0));
#15462=DIRECTION('',(0.707106781186548,-0.707106781186547,8.65956056235492E-17));
#15463=DIRECTION('',(0.707106781186548,0.707106781186547,8.65956056235493E-17));
#15464=CARTESIAN_POINT('',(14.0,-19.1,0.0));
#15465=DIRECTION('',(-7.49879891330929E-33,1.0,6.12323399573676E-17));
#15466=DIRECTION('',(1.0,7.49879891330929E-33,4.59169004331693E-49));
#15467=DIRECTION('',(-0.0,-1.0,-0.0));
#15468=CARTESIAN_POINT('',(17.5,-12.5,0.0));
#15469=DIRECTION('',(-0.0,1.0,0.0));
#15470=DIRECTION('',(1.0,0.0,0.0));
#15471=DIRECTION('',(-0.0,1.0,-0.0));
#15472=CARTESIAN_POINT('',(17.5,-18.7,0.0));
#15473=DIRECTION('',(-0.0,1.0,0.0));
#15474=DIRECTION('',(1.0,0.0,0.0));
#15475=DIRECTION('',(0.707106781186548,-0.707106781186547,8.65956056235492E-17));
#15476=DIRECTION('',(0.707106781186548,0.707106781186547,8.65956056235493E-17));
#15477=CARTESIAN_POINT('',(17.5,-19.1,0.0));
#15478=DIRECTION('',(-7.49879891330929E-33,1.0,6.12323399573676E-17));
#15479=DIRECTION('',(1.0,7.49879891330929E-33,4.59169004331693E-49));
#15480=DIRECTION('',(-0.707106781186548,-0.707106781186547,-8.65956056235493E-17));
#15481=CARTESIAN_POINT('',(0.0,-1.77635683940025E-15,0.0));
#15482=DIRECTION('',(0.0,-1.0,0.0));
#15483=DIRECTION('',(1.0,0.0,0.0));
#15484=DIRECTION('',(-0.707106781186548,0.707106781186547,-8.65956056235493E-17));
#15485=CARTESIAN_POINT('',(0.0,-0.253999999999992,0.0));
#15486=DIRECTION('',(-0.0,1.0,0.0));
#15487=DIRECTION('',(1.0,0.0,0.0));
#15488=DIRECTION('',(-0.0,-1.0,-0.0));
#15489=DIRECTION('',(-0.0,1.0,-0.0));
#15490=CARTESIAN_POINT('',(0.0,-1.77800000000001,0.0));
#15491=DIRECTION('',(-0.0,1.0,0.0));
#15492=DIRECTION('',(1.0,0.0,0.0));
#15493=DIRECTION('',(-0.707106781186548,-0.707106781186547,-8.65956056235493E-17));
#15494=CARTESIAN_POINT('',(3.5,-1.77635683940025E-15,0.0));
#15495=DIRECTION('',(0.0,-1.0,0.0));
#15496=DIRECTION('',(1.0,0.0,0.0));
#15497=DIRECTION('',(-0.707106781186548,0.707106781186547,-8.65956056235493E-17));
#15498=CARTESIAN_POINT('',(3.5,-0.253999999999992,0.0));
#15499=DIRECTION('',(-0.0,1.0,0.0));
#15500=DIRECTION('',(1.0,0.0,0.0));
#15501=DIRECTION('',(-0.0,-1.0,-0.0));
#15502=DIRECTION('',(-0.0,1.0,-0.0));
#15503=CARTESIAN_POINT('',(3.5,-1.77800000000001,0.0));
#15504=DIRECTION('',(-0.0,1.0,0.0));
#15505=DIRECTION('',(1.0,0.0,0.0));
#15506=DIRECTION('',(-0.707106781186548,-0.707106781186547,-8.65956056235493E-17));
#15507=CARTESIAN_POINT('',(7.0,-1.77635683940025E-15,0.0));
#15508=DIRECTION('',(0.0,-1.0,0.0));
#15509=DIRECTION('',(1.0,0.0,0.0));
#15510=DIRECTION('',(-0.707106781186548,0.707106781186547,-8.65956056235493E-17));
#15511=CARTESIAN_POINT('',(7.0,-0.253999999999992,0.0));
#15512=DIRECTION('',(-0.0,1.0,0.0));
#15513=DIRECTION('',(1.0,0.0,0.0));
#15514=DIRECTION('',(-0.0,-1.0,-0.0));
#15515=DIRECTION('',(-0.0,1.0,-0.0));
#15516=CARTESIAN_POINT('',(7.0,-1.77800000000001,0.0));
#15517=DIRECTION('',(-0.0,1.0,0.0));
#15518=DIRECTION('',(1.0,0.0,0.0));
#15519=DIRECTION('',(-0.707106781186548,-0.707106781186547,-8.65956056235493E-17));
#15520=CARTESIAN_POINT('',(10.5,-1.77635683940025E-15,0.0));
#15521=DIRECTION('',(0.0,-1.0,0.0));
#15522=DIRECTION('',(1.0,0.0,0.0));
#15523=DIRECTION('',(-0.707106781186548,0.707106781186547,-8.65956056235493E-17));
#15524=CARTESIAN_POINT('',(10.5,-0.253999999999992,0.0));
#15525=DIRECTION('',(-0.0,1.0,0.0));
#15526=DIRECTION('',(1.0,0.0,0.0));
#15527=DIRECTION('',(-0.0,-1.0,-0.0));
#15528=DIRECTION('',(-0.0,1.0,-0.0));
#15529=CARTESIAN_POINT('',(10.5,-1.77800000000001,0.0));
#15530=DIRECTION('',(-0.0,1.0,0.0));
#15531=DIRECTION('',(1.0,0.0,0.0));
#15532=DIRECTION('',(-0.707106781186548,-0.707106781186547,-8.65956056235493E-17));
#15533=CARTESIAN_POINT('',(14.0,-1.77635683940025E-15,0.0));
#15534=DIRECTION('',(0.0,-1.0,0.0));
#15535=DIRECTION('',(1.0,0.0,0.0));
#15536=DIRECTION('',(-0.707106781186548,0.707106781186547,-8.65956056235493E-17));
#15537=CARTESIAN_POINT('',(14.0,-0.253999999999992,0.0));
#15538=DIRECTION('',(-0.0,1.0,0.0));
#15539=DIRECTION('',(1.0,0.0,0.0));
#15540=DIRECTION('',(-0.0,-1.0,-0.0));
#15541=DIRECTION('',(-0.0,1.0,-0.0));
#15542=CARTESIAN_POINT('',(14.0,-1.77800000000001,0.0));
#15543=DIRECTION('',(-0.0,1.0,0.0));
#15544=DIRECTION('',(1.0,0.0,0.0));
#15545=DIRECTION('',(-0.707106781186548,-0.707106781186547,-8.65956056235493E-17));
#15546=CARTESIAN_POINT('',(17.5,-1.77635683940025E-15,0.0));
#15547=DIRECTION('',(0.0,-1.0,0.0));
#15548=DIRECTION('',(1.0,0.0,0.0));
#15549=DIRECTION('',(-0.707106781186548,0.707106781186547,-8.65956056235493E-17));
#15550=CARTESIAN_POINT('',(17.5,-0.253999999999992,0.0));
#15551=DIRECTION('',(-0.0,1.0,0.0));
#15552=DIRECTION('',(1.0,0.0,0.0));
#15553=DIRECTION('',(-0.0,-1.0,-0.0));
#15554=DIRECTION('',(-0.0,1.0,-0.0));
#15555=CARTESIAN_POINT('',(17.5,-1.77800000000001,0.0));
#15556=DIRECTION('',(-0.0,1.0,0.0));
#15557=DIRECTION('',(1.0,0.0,0.0));
#15558=DIRECTION('',(0.0,1.0,0.0));
#15559=CARTESIAN_POINT('',(0.0,-1.77800000000001,0.0));
#15560=DIRECTION('',(0.0,-1.0,0.0));
#15561=DIRECTION('',(1.0,0.0,0.0));
#15562=DIRECTION('',(-0.0,-1.0,-0.0));
#15563=CARTESIAN_POINT('',(0.0,-1.684,0.0));
#15564=DIRECTION('',(0.0,-1.0,0.0));
#15565=DIRECTION('',(1.0,0.0,0.0));
#15566=DIRECTION('',(0.0,1.0,0.0));
#15567=CARTESIAN_POINT('',(0.0,-1.1,0.0));
#15568=DIRECTION('',(-0.0,1.0,0.0));
#15569=DIRECTION('',(1.0,0.0,0.0));
#15570=DIRECTION('',(0.0,-1.0,0.0));
#15571=CARTESIAN_POINT('',(0.0,-1.684,0.0));
#15572=DIRECTION('',(0.0,-1.0,0.0));
#15573=DIRECTION('',(1.0,0.0,0.0));
#15574=DIRECTION('',(0.0,1.0,0.0));
#15575=CARTESIAN_POINT('',(3.5,-1.77800000000001,0.0));
#15576=DIRECTION('',(0.0,-1.0,0.0));
#15577=DIRECTION('',(1.0,0.0,0.0));
#15578=DIRECTION('',(-0.0,-1.0,-0.0));
#15579=CARTESIAN_POINT('',(3.5,-1.684,0.0));
#15580=DIRECTION('',(0.0,-1.0,0.0));
#15581=DIRECTION('',(1.0,0.0,0.0));
#15582=DIRECTION('',(0.0,1.0,0.0));
#15583=CARTESIAN_POINT('',(3.5,-1.1,0.0));
#15584=DIRECTION('',(-0.0,1.0,0.0));
#15585=DIRECTION('',(1.0,0.0,0.0));
#15586=DIRECTION('',(0.0,-1.0,0.0));
#15587=CARTESIAN_POINT('',(3.5,-1.684,0.0));
#15588=DIRECTION('',(0.0,-1.0,0.0));
#15589=DIRECTION('',(1.0,0.0,0.0));
#15590=DIRECTION('',(0.0,1.0,0.0));
#15591=CARTESIAN_POINT('',(7.0,-1.77800000000001,0.0));
#15592=DIRECTION('',(0.0,-1.0,0.0));
#15593=DIRECTION('',(1.0,0.0,0.0));
#15594=DIRECTION('',(-0.0,-1.0,-0.0));
#15595=CARTESIAN_POINT('',(7.0,-1.684,0.0));
#15596=DIRECTION('',(0.0,-1.0,0.0));
#15597=DIRECTION('',(1.0,0.0,0.0));
#15598=DIRECTION('',(0.0,1.0,0.0));
#15599=CARTESIAN_POINT('',(7.0,-1.1,0.0));
#15600=DIRECTION('',(-0.0,1.0,0.0));
#15601=DIRECTION('',(1.0,0.0,0.0));
#15602=DIRECTION('',(0.0,-1.0,0.0));
#15603=CARTESIAN_POINT('',(7.0,-1.684,0.0));
#15604=DIRECTION('',(0.0,-1.0,0.0));
#15605=DIRECTION('',(1.0,0.0,0.0));
#15606=DIRECTION('',(0.0,1.0,0.0));
#15607=CARTESIAN_POINT('',(10.5,-1.77800000000001,0.0));
#15608=DIRECTION('',(0.0,-1.0,0.0));
#15609=DIRECTION('',(1.0,0.0,0.0));
#15610=DIRECTION('',(-0.0,-1.0,-0.0));
#15611=CARTESIAN_POINT('',(10.5,-1.684,0.0));
#15612=DIRECTION('',(0.0,-1.0,0.0));
#15613=DIRECTION('',(1.0,0.0,0.0));
#15614=DIRECTION('',(0.0,1.0,0.0));
#15615=CARTESIAN_POINT('',(10.5,-1.1,0.0));
#15616=DIRECTION('',(-0.0,1.0,0.0));
#15617=DIRECTION('',(1.0,0.0,0.0));
#15618=DIRECTION('',(0.0,-1.0,0.0));
#15619=CARTESIAN_POINT('',(10.5,-1.684,0.0));
#15620=DIRECTION('',(0.0,-1.0,0.0));
#15621=DIRECTION('',(1.0,0.0,0.0));
#15622=DIRECTION('',(0.0,1.0,0.0));
#15623=CARTESIAN_POINT('',(14.0,-1.77800000000001,0.0));
#15624=DIRECTION('',(0.0,-1.0,0.0));
#15625=DIRECTION('',(1.0,0.0,0.0));
#15626=DIRECTION('',(-0.0,-1.0,-0.0));
#15627=CARTESIAN_POINT('',(14.0,-1.684,0.0));
#15628=DIRECTION('',(0.0,-1.0,0.0));
#15629=DIRECTION('',(1.0,0.0,0.0));
#15630=DIRECTION('',(0.0,1.0,0.0));
#15631=CARTESIAN_POINT('',(14.0,-1.1,0.0));
#15632=DIRECTION('',(-0.0,1.0,0.0));
#15633=DIRECTION('',(1.0,0.0,0.0));
#15634=DIRECTION('',(0.0,-1.0,0.0));
#15635=CARTESIAN_POINT('',(14.0,-1.684,0.0));
#15636=DIRECTION('',(0.0,-1.0,0.0));
#15637=DIRECTION('',(1.0,0.0,0.0));
#15638=DIRECTION('',(0.0,1.0,0.0));
#15639=CARTESIAN_POINT('',(17.5,-1.77800000000001,0.0));
#15640=DIRECTION('',(0.0,-1.0,0.0));
#15641=DIRECTION('',(1.0,0.0,0.0));
#15642=DIRECTION('',(-0.0,-1.0,-0.0));
#15643=CARTESIAN_POINT('',(17.5,-1.684,0.0));
#15644=DIRECTION('',(0.0,-1.0,0.0));
#15645=DIRECTION('',(1.0,0.0,0.0));
#15646=DIRECTION('',(0.0,1.0,0.0));
#15647=CARTESIAN_POINT('',(17.5,-1.1,0.0));
#15648=DIRECTION('',(-0.0,1.0,0.0));
#15649=DIRECTION('',(1.0,0.0,0.0));
#15650=DIRECTION('',(0.0,-1.0,0.0));
#15651=CARTESIAN_POINT('',(17.5,-1.684,0.0));
#15652=DIRECTION('',(0.0,-1.0,0.0));
#15653=DIRECTION('',(1.0,0.0,0.0));
#15654=CARTESIAN_POINT('',(17.5,-1.684,0.0));
#15655=DIRECTION('',(0.0,-1.0,0.0));
#15656=DIRECTION('',(1.0,0.0,0.0));
#15657=DIRECTION('',(0.0,1.0,0.0));
#15658=CARTESIAN_POINT('',(17.5,-1.1,0.0));
#15659=DIRECTION('',(-0.0,1.0,0.0));
#15660=DIRECTION('',(1.0,0.0,0.0));
#15661=DIRECTION('',(0.0,-1.0,0.0));
#15662=CARTESIAN_POINT('',(17.5,-1.684,0.0));
#15663=DIRECTION('',(0.0,-1.0,0.0));
#15664=DIRECTION('',(1.0,0.0,0.0));
#15665=CARTESIAN_POINT('',(17.5,-1.77800000000001,0.0));
#15666=DIRECTION('',(0.0,-1.0,0.0));
#15667=DIRECTION('',(1.0,0.0,0.0));
#15668=DIRECTION('',(-1.0,0.0,0.0));
#15669=DIRECTION('',(1.0,0.0,0.0));
#15670=DIRECTION('',(1.0,0.0,0.0));
#15671=DIRECTION('',(-1.0,0.0,0.0));
#15672=CARTESIAN_POINT('',(14.0,-1.684,0.0));
#15673=DIRECTION('',(0.0,-1.0,0.0));
#15674=DIRECTION('',(1.0,0.0,0.0));
#15675=DIRECTION('',(0.0,1.0,0.0));
#15676=CARTESIAN_POINT('',(14.0,-1.1,0.0));
#15677=DIRECTION('',(-0.0,1.0,0.0));
#15678=DIRECTION('',(1.0,0.0,0.0));
#15679=DIRECTION('',(0.0,-1.0,0.0));
#15680=CARTESIAN_POINT('',(14.0,-1.684,0.0));
#15681=DIRECTION('',(0.0,-1.0,0.0));
#15682=DIRECTION('',(1.0,0.0,0.0));
#15683=CARTESIAN_POINT('',(14.0,-1.77800000000001,0.0));
#15684=DIRECTION('',(0.0,-1.0,0.0));
#15685=DIRECTION('',(1.0,0.0,0.0));
#15686=DIRECTION('',(-1.0,0.0,0.0));
#15687=DIRECTION('',(1.0,0.0,0.0));
#15688=DIRECTION('',(1.0,0.0,0.0));
#15689=DIRECTION('',(-1.0,0.0,0.0));
#15690=CARTESIAN_POINT('',(10.5,-1.684,0.0));
#15691=DIRECTION('',(0.0,-1.0,0.0));
#15692=DIRECTION('',(1.0,0.0,0.0));
#15693=DIRECTION('',(0.0,1.0,0.0));
#15694=CARTESIAN_POINT('',(10.5,-1.1,0.0));
#15695=DIRECTION('',(-0.0,1.0,0.0));
#15696=DIRECTION('',(1.0,0.0,0.0));
#15697=DIRECTION('',(0.0,-1.0,0.0));
#15698=CARTESIAN_POINT('',(10.5,-1.684,0.0));
#15699=DIRECTION('',(0.0,-1.0,0.0));
#15700=DIRECTION('',(1.0,0.0,0.0));
#15701=CARTESIAN_POINT('',(10.5,-1.77800000000001,0.0));
#15702=DIRECTION('',(0.0,-1.0,0.0));
#15703=DIRECTION('',(1.0,0.0,0.0));
#15704=DIRECTION('',(-1.0,0.0,0.0));
#15705=DIRECTION('',(1.0,0.0,0.0));
#15706=DIRECTION('',(1.0,0.0,0.0));
#15707=DIRECTION('',(-1.0,0.0,0.0));
#15708=CARTESIAN_POINT('',(7.0,-1.684,0.0));
#15709=DIRECTION('',(0.0,-1.0,0.0));
#15710=DIRECTION('',(1.0,0.0,0.0));
#15711=DIRECTION('',(0.0,1.0,0.0));
#15712=CARTESIAN_POINT('',(7.0,-1.1,0.0));
#15713=DIRECTION('',(-0.0,1.0,0.0));
#15714=DIRECTION('',(1.0,0.0,0.0));
#15715=DIRECTION('',(0.0,-1.0,0.0));
#15716=CARTESIAN_POINT('',(7.0,-1.684,0.0));
#15717=DIRECTION('',(0.0,-1.0,0.0));
#15718=DIRECTION('',(1.0,0.0,0.0));
#15719=CARTESIAN_POINT('',(7.0,-1.77800000000001,0.0));
#15720=DIRECTION('',(0.0,-1.0,0.0));
#15721=DIRECTION('',(1.0,0.0,0.0));
#15722=DIRECTION('',(-1.0,0.0,0.0));
#15723=DIRECTION('',(1.0,0.0,0.0));
#15724=DIRECTION('',(1.0,0.0,0.0));
#15725=DIRECTION('',(-1.0,0.0,0.0));
#15726=CARTESIAN_POINT('',(3.5,-1.684,0.0));
#15727=DIRECTION('',(0.0,-1.0,0.0));
#15728=DIRECTION('',(1.0,0.0,0.0));
#15729=DIRECTION('',(0.0,1.0,0.0));
#15730=CARTESIAN_POINT('',(3.5,-1.1,0.0));
#15731=DIRECTION('',(-0.0,1.0,0.0));
#15732=DIRECTION('',(1.0,0.0,0.0));
#15733=DIRECTION('',(0.0,-1.0,0.0));
#15734=CARTESIAN_POINT('',(3.5,-1.684,0.0));
#15735=DIRECTION('',(0.0,-1.0,0.0));
#15736=DIRECTION('',(1.0,0.0,0.0));
#15737=CARTESIAN_POINT('',(3.5,-1.77800000000001,0.0));
#15738=DIRECTION('',(0.0,-1.0,0.0));
#15739=DIRECTION('',(1.0,0.0,0.0));
#15740=DIRECTION('',(-1.0,0.0,0.0));
#15741=DIRECTION('',(1.0,0.0,0.0));
#15742=DIRECTION('',(1.0,0.0,0.0));
#15743=DIRECTION('',(-1.0,0.0,0.0));
#15744=CARTESIAN_POINT('',(0.0,-1.684,0.0));
#15745=DIRECTION('',(0.0,-1.0,0.0));
#15746=DIRECTION('',(1.0,0.0,0.0));
#15747=DIRECTION('',(0.0,1.0,0.0));
#15748=CARTESIAN_POINT('',(0.0,-1.1,0.0));
#15749=DIRECTION('',(-0.0,1.0,0.0));
#15750=DIRECTION('',(1.0,0.0,0.0));
#15751=DIRECTION('',(0.0,-1.0,0.0));
#15752=CARTESIAN_POINT('',(0.0,-1.684,0.0));
#15753=DIRECTION('',(0.0,-1.0,0.0));
#15754=DIRECTION('',(1.0,0.0,0.0));
#15755=CARTESIAN_POINT('',(0.0,-1.77800000000001,0.0));
#15756=DIRECTION('',(0.0,-1.0,0.0));
#15757=DIRECTION('',(1.0,0.0,0.0));
#15758=DIRECTION('',(-1.0,0.0,0.0));
#15759=DIRECTION('',(1.0,0.0,0.0));
#15760=DIRECTION('',(1.0,0.0,0.0));
#15761=DIRECTION('',(-1.0,0.0,0.0));
#15762=CARTESIAN_POINT('',(17.5,-1.77800000000001,0.0));
#15763=DIRECTION('',(-0.0,1.0,0.0));
#15764=DIRECTION('',(1.0,0.0,0.0));
#15765=CARTESIAN_POINT('',(17.5,-0.253999999999992,0.0));
#15766=DIRECTION('',(-0.0,1.0,0.0));
#15767=DIRECTION('',(1.0,0.0,0.0));
#15768=CARTESIAN_POINT('',(17.5,-1.77635683940025E-15,0.0));
#15769=DIRECTION('',(0.0,-1.0,0.0));
#15770=DIRECTION('',(1.0,0.0,0.0));
#15771=CARTESIAN_POINT('',(14.0,-1.77800000000001,0.0));
#15772=DIRECTION('',(-0.0,1.0,0.0));
#15773=DIRECTION('',(1.0,0.0,0.0));
#15774=CARTESIAN_POINT('',(14.0,-0.253999999999992,0.0));
#15775=DIRECTION('',(-0.0,1.0,0.0));
#15776=DIRECTION('',(1.0,0.0,0.0));
#15777=CARTESIAN_POINT('',(14.0,-1.77635683940025E-15,0.0));
#15778=DIRECTION('',(0.0,-1.0,0.0));
#15779=DIRECTION('',(1.0,0.0,0.0));
#15780=CARTESIAN_POINT('',(10.5,-1.77800000000001,0.0));
#15781=DIRECTION('',(-0.0,1.0,0.0));
#15782=DIRECTION('',(1.0,0.0,0.0));
#15783=CARTESIAN_POINT('',(10.5,-0.253999999999992,0.0));
#15784=DIRECTION('',(-0.0,1.0,0.0));
#15785=DIRECTION('',(1.0,0.0,0.0));
#15786=CARTESIAN_POINT('',(10.5,-1.77635683940025E-15,0.0));
#15787=DIRECTION('',(0.0,-1.0,0.0));
#15788=DIRECTION('',(1.0,0.0,0.0));
#15789=CARTESIAN_POINT('',(7.0,-1.77800000000001,0.0));
#15790=DIRECTION('',(-0.0,1.0,0.0));
#15791=DIRECTION('',(1.0,0.0,0.0));
#15792=CARTESIAN_POINT('',(7.0,-0.253999999999992,0.0));
#15793=DIRECTION('',(-0.0,1.0,0.0));
#15794=DIRECTION('',(1.0,0.0,0.0));
#15795=CARTESIAN_POINT('',(7.0,-1.77635683940025E-15,0.0));
#15796=DIRECTION('',(0.0,-1.0,0.0));
#15797=DIRECTION('',(1.0,0.0,0.0));
#15798=CARTESIAN_POINT('',(3.5,-1.77800000000001,0.0));
#15799=DIRECTION('',(-0.0,1.0,0.0));
#15800=DIRECTION('',(1.0,0.0,0.0));
#15801=CARTESIAN_POINT('',(3.5,-0.253999999999992,0.0));
#15802=DIRECTION('',(-0.0,1.0,0.0));
#15803=DIRECTION('',(1.0,0.0,0.0));
#15804=CARTESIAN_POINT('',(3.5,-1.77635683940025E-15,0.0));
#15805=DIRECTION('',(0.0,-1.0,0.0));
#15806=DIRECTION('',(1.0,0.0,0.0));
#15807=CARTESIAN_POINT('',(0.0,-1.77800000000001,0.0));
#15808=DIRECTION('',(-0.0,1.0,0.0));
#15809=DIRECTION('',(1.0,0.0,0.0));
#15810=CARTESIAN_POINT('',(0.0,-0.253999999999992,0.0));
#15811=DIRECTION('',(-0.0,1.0,0.0));
#15812=DIRECTION('',(1.0,0.0,0.0));
#15813=CARTESIAN_POINT('',(0.0,-1.77635683940025E-15,0.0));
#15814=DIRECTION('',(0.0,-1.0,0.0));
#15815=DIRECTION('',(1.0,0.0,0.0));
#15816=CARTESIAN_POINT('',(17.5,-19.1,0.0));
#15817=DIRECTION('',(-7.49879891330929E-33,1.0,6.12323399573676E-17));
#15818=DIRECTION('',(1.0,7.49879891330929E-33,4.59169004331693E-49));
#15819=CARTESIAN_POINT('',(17.5,-18.7,0.0));
#15820=DIRECTION('',(-0.0,1.0,0.0));
#15821=DIRECTION('',(1.0,0.0,0.0));
#15822=CARTESIAN_POINT('',(17.5,-12.5,0.0));
#15823=DIRECTION('',(-0.0,1.0,0.0));
#15824=DIRECTION('',(1.0,0.0,0.0));
#15825=CARTESIAN_POINT('',(14.0,-19.1,0.0));
#15826=DIRECTION('',(-7.49879891330929E-33,1.0,6.12323399573676E-17));
#15827=DIRECTION('',(1.0,7.49879891330929E-33,4.59169004331693E-49));
#15828=CARTESIAN_POINT('',(14.0,-18.7,0.0));
#15829=DIRECTION('',(-0.0,1.0,0.0));
#15830=DIRECTION('',(1.0,0.0,0.0));
#15831=CARTESIAN_POINT('',(14.0,-12.5,0.0));
#15832=DIRECTION('',(-0.0,1.0,0.0));
#15833=DIRECTION('',(1.0,0.0,0.0));
#15834=CARTESIAN_POINT('',(10.5,-19.1,0.0));
#15835=DIRECTION('',(-7.49879891330929E-33,1.0,6.12323399573676E-17));
#15836=DIRECTION('',(1.0,7.49879891330929E-33,4.59169004331693E-49));
#15837=CARTESIAN_POINT('',(10.5,-18.7,0.0));
#15838=DIRECTION('',(-0.0,1.0,0.0));
#15839=DIRECTION('',(1.0,0.0,0.0));
#15840=CARTESIAN_POINT('',(10.5,-12.5,0.0));
#15841=DIRECTION('',(-0.0,1.0,0.0));
#15842=DIRECTION('',(1.0,0.0,0.0));
#15843=CARTESIAN_POINT('',(7.0,-19.1,0.0));
#15844=DIRECTION('',(-7.49879891330929E-33,1.0,6.12323399573676E-17));
#15845=DIRECTION('',(1.0,7.49879891330929E-33,4.59169004331693E-49));
#15846=CARTESIAN_POINT('',(7.0,-18.7,0.0));
#15847=DIRECTION('',(-0.0,1.0,0.0));
#15848=DIRECTION('',(1.0,0.0,0.0));
#15849=CARTESIAN_POINT('',(7.0,-12.5,0.0));
#15850=DIRECTION('',(-0.0,1.0,0.0));
#15851=DIRECTION('',(1.0,0.0,0.0));
#15852=CARTESIAN_POINT('',(3.5,-19.1,0.0));
#15853=DIRECTION('',(-7.49879891330929E-33,1.0,6.12323399573676E-17));
#15854=DIRECTION('',(1.0,7.49879891330929E-33,4.59169004331693E-49));
#15855=CARTESIAN_POINT('',(3.5,-18.7,0.0));
#15856=DIRECTION('',(-0.0,1.0,0.0));
#15857=DIRECTION('',(1.0,0.0,0.0));
#15858=CARTESIAN_POINT('',(3.5,-12.5,0.0));
#15859=DIRECTION('',(-0.0,1.0,0.0));
#15860=DIRECTION('',(1.0,0.0,0.0));
#15861=CARTESIAN_POINT('',(0.0,-19.1,0.0));
#15862=DIRECTION('',(-7.49879891330929E-33,1.0,6.12323399573676E-17));
#15863=DIRECTION('',(1.0,7.49879891330929E-33,4.59169004331693E-49));
#15864=CARTESIAN_POINT('',(0.0,-18.7,0.0));
#15865=DIRECTION('',(-0.0,1.0,0.0));
#15866=DIRECTION('',(1.0,0.0,0.0));
#15867=CARTESIAN_POINT('',(0.0,-12.5,0.0));
#15868=DIRECTION('',(-0.0,1.0,0.0));
#15869=DIRECTION('',(1.0,0.0,0.0));
#15870=DIRECTION('',(-1.4150238487891E-17,-6.12303176911189E-17,1.0));
#15871=DIRECTION('',(7.49879891330929E-33,-1.0,-6.12323399573676E-17));
#15872=DIRECTION('',(-1.4150238487891E-17,-6.12323399573676E-17,1.0));
#15873=DIRECTION('',(7.49879891330929E-33,-1.0,-6.12323399573676E-17));
#15874=DIRECTION('',(-1.0,1.19268132643464E-30,-1.94173751768485E-14));
#15875=DIRECTION('',(7.49879891330929E-33,-1.0,-6.12323399573676E-17));
#15876=DIRECTION('',(-1.0,1.18147251899523E-30,-1.94173751768485E-14));
#15877=DIRECTION('',(-7.49879891330929E-33,1.0,6.12323399573676E-17));
#15878=DIRECTION('',(-1.0,1.18147251899523E-30,-1.94173751768485E-14));
#15879=DIRECTION('',(7.49879891330929E-33,-1.0,-6.12323399573676E-17));
#15880=DIRECTION('',(1.0,-1.18147251899523E-30,1.94173751768485E-14));
#15881=DIRECTION('',(6.83074592013124E-17,6.12303176911189E-17,-1.0));
#15882=DIRECTION('',(7.49879891330929E-33,-1.0,-6.12323399573676E-17));
#15883=DIRECTION('',(6.83074592013124E-17,6.12323399573676E-17,-1.0));
#15884=DIRECTION('',(1.22464679914735E-16,6.12323399573676E-17,-1.0));
#15885=DIRECTION('',(0.64295571254453,4.68980547080271E-17,-0.765903356636042));
#15886=DIRECTION('',(1.22464679914735E-16,6.12323399573676E-17,-1.0));
#15887=DIRECTION('',(1.0,0.0,1.22464679914735E-16));
#15888=DIRECTION('',(-1.22464679914735E-16,-6.12323399573676E-17,1.0));
#15889=DIRECTION('',(0.642659986626214,-4.69132499315358E-17,0.766151513468188));
#15890=DIRECTION('',(-1.22464679914735E-16,-6.12323399573676E-17,1.0));
#15891=DIRECTION('',(1.22464679914735E-16,6.12323399573676E-17,-1.0));
#15892=DIRECTION('',(7.49879891330929E-33,-1.0,-6.12323399573676E-17));
#15893=DIRECTION('',(0.64295571254453,4.68980547080271E-17,-0.765903356636042));
#15894=DIRECTION('',(7.49879891330929E-33,-1.0,-6.12323399573676E-17));
#15895=DIRECTION('',(1.22464679914735E-16,6.12323399573676E-17,-1.0));
#15896=DIRECTION('',(7.49879891330929E-33,-1.0,-6.12323399573676E-17));
#15897=DIRECTION('',(-1.0,0.0,-1.22464679914735E-16));
#15898=DIRECTION('',(7.49879891330929E-33,-1.0,-6.12323399573676E-17));
#15899=DIRECTION('',(-1.22464679914735E-16,-6.12323399573676E-17,1.0));
#15900=DIRECTION('',(7.49879891330929E-33,-1.0,-6.12323399573676E-17));
#15901=DIRECTION('',(0.642659986626214,-4.69132499315358E-17,0.766151513468188));
#15902=DIRECTION('',(7.49879891330929E-33,-1.0,-6.12323399573676E-17));
#15903=DIRECTION('',(-1.22464679914735E-16,-6.12323399573676E-17,1.0));
#15904=DIRECTION('',(1.0,-1.12478268856806E-32,1.22464679914735E-16));
#15905=DIRECTION('',(1.0,0.0,1.22464679914735E-16));
#15906=DIRECTION('',(7.49879891330929E-33,-1.0,-6.12323399573676E-17));
#15907=CARTESIAN_POINT('',(17.5,-12.5,3.66163000000002));
#15908=DIRECTION('',(-3.74927562856021E-33,-1.0,-6.12303176911189E-17));
#15909=DIRECTION('',(-1.0,1.12478268856806E-32,-1.22464679914735E-16));
#15910=CARTESIAN_POINT('',(17.5,-19.1,3.66163000000002));
#15911=DIRECTION('',(7.49879891330929E-33,-1.0,-6.12323399573676E-17));
#15912=DIRECTION('',(-1.0,-1.46701707366113E-48,-1.22464679914735E-16));
#15913=DIRECTION('',(7.49879891330929E-33,-1.0,-6.12323399573676E-17));
#15914=DIRECTION('',(1.0,-1.12478268856806E-32,1.22464679914735E-16));
#15915=DIRECTION('',(1.0,0.0,1.22464679914735E-16));
#15916=DIRECTION('',(-1.4150238487891E-17,-6.12303176911189E-17,1.0));
#15917=DIRECTION('',(7.49879891330929E-33,-1.0,-6.12323399573676E-17));
#15918=DIRECTION('',(-1.4150238487891E-17,-6.12323399573676E-17,1.0));
#15919=DIRECTION('',(7.49879891330929E-33,-1.0,-6.12323399573676E-17));
#15920=DIRECTION('',(-1.0,1.19268132643464E-30,-1.94173751768485E-14));
#15921=DIRECTION('',(7.49879891330929E-33,-1.0,-6.12323399573676E-17));
#15922=DIRECTION('',(-1.0,1.18147251899523E-30,-1.94173751768485E-14));
#15923=DIRECTION('',(-7.49879891330929E-33,1.0,6.12323399573676E-17));
#15924=DIRECTION('',(-1.0,1.18147251899523E-30,-1.94173751768485E-14));
#15925=DIRECTION('',(7.49879891330929E-33,-1.0,-6.12323399573676E-17));
#15926=DIRECTION('',(1.0,-1.18147251899523E-30,1.94173751768485E-14));
#15927=DIRECTION('',(6.83074592013124E-17,6.12303176911189E-17,-1.0));
#15928=DIRECTION('',(7.49879891330929E-33,-1.0,-6.12323399573676E-17));
#15929=DIRECTION('',(6.83074592013124E-17,6.12323399573676E-17,-1.0));
#15930=DIRECTION('',(1.22464679914735E-16,6.12323399573676E-17,-1.0));
#15931=DIRECTION('',(0.64295571254453,4.68980547080271E-17,-0.765903356636042));
#15932=DIRECTION('',(1.22464679914735E-16,6.12323399573676E-17,-1.0));
#15933=DIRECTION('',(1.0,0.0,1.22464679914735E-16));
#15934=DIRECTION('',(-1.22464679914735E-16,-6.12323399573676E-17,1.0));
#15935=DIRECTION('',(0.642659986626214,-4.69132499315358E-17,0.766151513468188));
#15936=DIRECTION('',(-1.22464679914735E-16,-6.12323399573676E-17,1.0));
#15937=DIRECTION('',(1.22464679914735E-16,6.12323399573676E-17,-1.0));
#15938=DIRECTION('',(7.49879891330929E-33,-1.0,-6.12323399573676E-17));
#15939=DIRECTION('',(0.64295571254453,4.68980547080271E-17,-0.765903356636042));
#15940=DIRECTION('',(7.49879891330929E-33,-1.0,-6.12323399573676E-17));
#15941=DIRECTION('',(1.22464679914735E-16,6.12323399573676E-17,-1.0));
#15942=DIRECTION('',(7.49879891330929E-33,-1.0,-6.12323399573676E-17));
#15943=DIRECTION('',(-1.0,0.0,-1.22464679914735E-16));
#15944=DIRECTION('',(7.49879891330929E-33,-1.0,-6.12323399573676E-17));
#15945=DIRECTION('',(-1.22464679914735E-16,-6.12323399573676E-17,1.0));
#15946=DIRECTION('',(7.49879891330929E-33,-1.0,-6.12323399573676E-17));
#15947=DIRECTION('',(0.642659986626214,-4.69132499315358E-17,0.766151513468188));
#15948=DIRECTION('',(7.49879891330929E-33,-1.0,-6.12323399573676E-17));
#15949=DIRECTION('',(-1.22464679914735E-16,-6.12323399573676E-17,1.0));
#15950=DIRECTION('',(1.0,-1.12478268856806E-32,1.22464679914735E-16));
#15951=DIRECTION('',(1.0,0.0,1.22464679914735E-16));
#15952=DIRECTION('',(7.49879891330929E-33,-1.0,-6.12323399573676E-17));
#15953=CARTESIAN_POINT('',(14.0,-12.5,3.66163000000002));
#15954=DIRECTION('',(-3.74927562856021E-33,-1.0,-6.12303176911189E-17));
#15955=DIRECTION('',(-1.0,1.12478268856806E-32,-1.22464679914735E-16));
#15956=CARTESIAN_POINT('',(14.0,-19.1,3.66163000000002));
#15957=DIRECTION('',(7.49879891330929E-33,-1.0,-6.12323399573676E-17));
#15958=DIRECTION('',(-1.0,-1.46701707366113E-48,-1.22464679914735E-16));
#15959=DIRECTION('',(7.49879891330929E-33,-1.0,-6.12323399573676E-17));
#15960=DIRECTION('',(1.0,-1.12478268856806E-32,1.22464679914735E-16));
#15961=DIRECTION('',(1.0,0.0,1.22464679914735E-16));
#15962=DIRECTION('',(-1.4150238487891E-17,-6.12303176911189E-17,1.0));
#15963=DIRECTION('',(7.49879891330929E-33,-1.0,-6.12323399573676E-17));
#15964=DIRECTION('',(-1.4150238487891E-17,-6.12323399573676E-17,1.0));
#15965=DIRECTION('',(7.49879891330929E-33,-1.0,-6.12323399573676E-17));
#15966=DIRECTION('',(-1.0,1.19268132643464E-30,-1.94173751768485E-14));
#15967=DIRECTION('',(7.49879891330929E-33,-1.0,-6.12323399573676E-17));
#15968=DIRECTION('',(-1.0,1.18147251899523E-30,-1.94173751768485E-14));
#15969=DIRECTION('',(-7.49879891330929E-33,1.0,6.12323399573676E-17));
#15970=DIRECTION('',(-1.0,1.18147251899523E-30,-1.94173751768485E-14));
#15971=DIRECTION('',(7.49879891330929E-33,-1.0,-6.12323399573676E-17));
#15972=DIRECTION('',(1.0,-1.18147251899523E-30,1.94173751768485E-14));
#15973=DIRECTION('',(6.83074592013124E-17,6.12303176911189E-17,-1.0));
#15974=DIRECTION('',(7.49879891330929E-33,-1.0,-6.12323399573676E-17));
#15975=DIRECTION('',(6.83074592013124E-17,6.12323399573676E-17,-1.0));
#15976=DIRECTION('',(1.22464679914735E-16,6.12323399573676E-17,-1.0));
#15977=DIRECTION('',(0.64295571254453,4.68980547080271E-17,-0.765903356636042));
#15978=DIRECTION('',(1.22464679914735E-16,6.12323399573676E-17,-1.0));
#15979=DIRECTION('',(1.0,0.0,1.22464679914735E-16));
#15980=DIRECTION('',(-1.22464679914735E-16,-6.12323399573676E-17,1.0));
#15981=DIRECTION('',(0.642659986626214,-4.69132499315358E-17,0.766151513468188));
#15982=DIRECTION('',(-1.22464679914735E-16,-6.12323399573676E-17,1.0));
#15983=DIRECTION('',(1.22464679914735E-16,6.12323399573676E-17,-1.0));
#15984=DIRECTION('',(7.49879891330929E-33,-1.0,-6.12323399573676E-17));
#15985=DIRECTION('',(0.64295571254453,4.68980547080271E-17,-0.765903356636042));
#15986=DIRECTION('',(7.49879891330929E-33,-1.0,-6.12323399573676E-17));
#15987=DIRECTION('',(1.22464679914735E-16,6.12323399573676E-17,-1.0));
#15988=DIRECTION('',(7.49879891330929E-33,-1.0,-6.12323399573676E-17));
#15989=DIRECTION('',(-1.0,0.0,-1.22464679914735E-16));
#15990=DIRECTION('',(7.49879891330929E-33,-1.0,-6.12323399573676E-17));
#15991=DIRECTION('',(-1.22464679914735E-16,-6.12323399573676E-17,1.0));
#15992=DIRECTION('',(7.49879891330929E-33,-1.0,-6.12323399573676E-17));
#15993=DIRECTION('',(0.642659986626214,-4.69132499315358E-17,0.766151513468188));
#15994=DIRECTION('',(7.49879891330929E-33,-1.0,-6.12323399573676E-17));
#15995=DIRECTION('',(-1.22464679914735E-16,-6.12323399573676E-17,1.0));
#15996=DIRECTION('',(1.0,-1.12478268856806E-32,1.22464679914735E-16));
#15997=DIRECTION('',(1.0,0.0,1.22464679914735E-16));
#15998=DIRECTION('',(7.49879891330929E-33,-1.0,-6.12323399573676E-17));
#15999=CARTESIAN_POINT('',(10.5,-12.5,3.66163000000002));
#16000=DIRECTION('',(-3.74927562856021E-33,-1.0,-6.12303176911189E-17));
#16001=DIRECTION('',(-1.0,1.12478268856806E-32,-1.22464679914735E-16));
#16002=CARTESIAN_POINT('',(10.5,-19.1,3.66163000000002));
#16003=DIRECTION('',(7.49879891330929E-33,-1.0,-6.12323399573676E-17));
#16004=DIRECTION('',(-1.0,-1.46701707366113E-48,-1.22464679914735E-16));
#16005=DIRECTION('',(7.49879891330929E-33,-1.0,-6.12323399573676E-17));
#16006=DIRECTION('',(1.0,-1.12478268856806E-32,1.22464679914735E-16));
#16007=DIRECTION('',(1.0,0.0,1.22464679914735E-16));
#16008=DIRECTION('',(-1.4150238487891E-17,-6.12303176911189E-17,1.0));
#16009=DIRECTION('',(7.49879891330929E-33,-1.0,-6.12323399573676E-17));
#16010=DIRECTION('',(-1.4150238487891E-17,-6.12323399573676E-17,1.0));
#16011=DIRECTION('',(7.49879891330929E-33,-1.0,-6.12323399573676E-17));
#16012=DIRECTION('',(-1.0,1.19268132643464E-30,-1.94173751768485E-14));
#16013=DIRECTION('',(7.49879891330929E-33,-1.0,-6.12323399573676E-17));
#16014=DIRECTION('',(-1.0,1.18147251899523E-30,-1.94173751768485E-14));
#16015=DIRECTION('',(-7.49879891330929E-33,1.0,6.12323399573676E-17));
#16016=DIRECTION('',(-1.0,1.18147251899523E-30,-1.94173751768485E-14));
#16017=DIRECTION('',(7.49879891330929E-33,-1.0,-6.12323399573676E-17));
#16018=DIRECTION('',(1.0,-1.18147251899523E-30,1.94173751768485E-14));
#16019=DIRECTION('',(6.83074592013124E-17,6.12303176911189E-17,-1.0));
#16020=DIRECTION('',(7.49879891330929E-33,-1.0,-6.12323399573676E-17));
#16021=DIRECTION('',(6.83074592013124E-17,6.12323399573676E-17,-1.0));
#16022=DIRECTION('',(1.22464679914735E-16,6.12323399573676E-17,-1.0));
#16023=DIRECTION('',(0.64295571254453,4.68980547080271E-17,-0.765903356636042));
#16024=DIRECTION('',(1.22464679914735E-16,6.12323399573676E-17,-1.0));
#16025=DIRECTION('',(1.0,0.0,1.22464679914735E-16));
#16026=DIRECTION('',(-1.22464679914735E-16,-6.12323399573676E-17,1.0));
#16027=DIRECTION('',(0.642659986626214,-4.69132499315358E-17,0.766151513468188));
#16028=DIRECTION('',(-1.22464679914735E-16,-6.12323399573676E-17,1.0));
#16029=DIRECTION('',(1.22464679914735E-16,6.12323399573676E-17,-1.0));
#16030=DIRECTION('',(7.49879891330929E-33,-1.0,-6.12323399573676E-17));
#16031=DIRECTION('',(0.64295571254453,4.68980547080271E-17,-0.765903356636042));
#16032=DIRECTION('',(7.49879891330929E-33,-1.0,-6.12323399573676E-17));
#16033=DIRECTION('',(1.22464679914735E-16,6.12323399573676E-17,-1.0));
#16034=DIRECTION('',(7.49879891330929E-33,-1.0,-6.12323399573676E-17));
#16035=DIRECTION('',(-1.0,0.0,-1.22464679914735E-16));
#16036=DIRECTION('',(7.49879891330929E-33,-1.0,-6.12323399573676E-17));
#16037=DIRECTION('',(-1.22464679914735E-16,-6.12323399573676E-17,1.0));
#16038=DIRECTION('',(7.49879891330929E-33,-1.0,-6.12323399573676E-17));
#16039=DIRECTION('',(0.642659986626214,-4.69132499315358E-17,0.766151513468188));
#16040=DIRECTION('',(7.49879891330929E-33,-1.0,-6.12323399573676E-17));
#16041=DIRECTION('',(-1.22464679914735E-16,-6.12323399573676E-17,1.0));
#16042=DIRECTION('',(1.0,-1.12478268856806E-32,1.22464679914735E-16));
#16043=DIRECTION('',(1.0,0.0,1.22464679914735E-16));
#16044=DIRECTION('',(7.49879891330929E-33,-1.0,-6.12323399573676E-17));
#16045=CARTESIAN_POINT('',(7.0,-12.5,3.66163000000002));
#16046=DIRECTION('',(-3.74927562856021E-33,-1.0,-6.12303176911189E-17));
#16047=DIRECTION('',(-1.0,1.12478268856806E-32,-1.22464679914735E-16));
#16048=CARTESIAN_POINT('',(7.0,-19.1,3.66163000000002));
#16049=DIRECTION('',(7.49879891330929E-33,-1.0,-6.12323399573676E-17));
#16050=DIRECTION('',(-1.0,-1.46701707366113E-48,-1.22464679914735E-16));
#16051=DIRECTION('',(7.49879891330929E-33,-1.0,-6.12323399573676E-17));
#16052=DIRECTION('',(1.0,-1.12478268856806E-32,1.22464679914735E-16));
#16053=DIRECTION('',(1.0,0.0,1.22464679914735E-16));
#16054=DIRECTION('',(-1.4150238487891E-17,-6.12303176911189E-17,1.0));
#16055=DIRECTION('',(7.49879891330929E-33,-1.0,-6.12323399573676E-17));
#16056=DIRECTION('',(-1.4150238487891E-17,-6.12323399573676E-17,1.0));
#16057=DIRECTION('',(7.49879891330929E-33,-1.0,-6.12323399573676E-17));
#16058=DIRECTION('',(-1.0,1.19268132643464E-30,-1.94173751768485E-14));
#16059=DIRECTION('',(7.49879891330929E-33,-1.0,-6.12323399573676E-17));
#16060=DIRECTION('',(-1.0,1.18147251899523E-30,-1.94173751768485E-14));
#16061=DIRECTION('',(-7.49879891330929E-33,1.0,6.12323399573676E-17));
#16062=DIRECTION('',(-1.0,1.18147251899523E-30,-1.94173751768485E-14));
#16063=DIRECTION('',(7.49879891330929E-33,-1.0,-6.12323399573676E-17));
#16064=DIRECTION('',(1.0,-1.18147251899523E-30,1.94173751768485E-14));
#16065=DIRECTION('',(6.83074592013124E-17,6.12303176911189E-17,-1.0));
#16066=DIRECTION('',(7.49879891330929E-33,-1.0,-6.12323399573676E-17));
#16067=DIRECTION('',(6.83074592013124E-17,6.12323399573676E-17,-1.0));
#16068=DIRECTION('',(1.22464679914735E-16,6.12323399573676E-17,-1.0));
#16069=DIRECTION('',(0.64295571254453,4.68980547080271E-17,-0.765903356636042));
#16070=DIRECTION('',(1.22464679914735E-16,6.12323399573676E-17,-1.0));
#16071=DIRECTION('',(1.0,0.0,1.22464679914735E-16));
#16072=DIRECTION('',(-1.22464679914735E-16,-6.12323399573676E-17,1.0));
#16073=DIRECTION('',(0.642659986626214,-4.69132499315358E-17,0.766151513468188));
#16074=DIRECTION('',(-1.22464679914735E-16,-6.12323399573676E-17,1.0));
#16075=DIRECTION('',(1.22464679914735E-16,6.12323399573676E-17,-1.0));
#16076=DIRECTION('',(7.49879891330929E-33,-1.0,-6.12323399573676E-17));
#16077=DIRECTION('',(0.64295571254453,4.68980547080271E-17,-0.765903356636042));
#16078=DIRECTION('',(7.49879891330929E-33,-1.0,-6.12323399573676E-17));
#16079=DIRECTION('',(1.22464679914735E-16,6.12323399573676E-17,-1.0));
#16080=DIRECTION('',(7.49879891330929E-33,-1.0,-6.12323399573676E-17));
#16081=DIRECTION('',(-1.0,0.0,-1.22464679914735E-16));
#16082=DIRECTION('',(7.49879891330929E-33,-1.0,-6.12323399573676E-17));
#16083=DIRECTION('',(-1.22464679914735E-16,-6.12323399573676E-17,1.0));
#16084=DIRECTION('',(7.49879891330929E-33,-1.0,-6.12323399573676E-17));
#16085=DIRECTION('',(0.642659986626214,-4.69132499315358E-17,0.766151513468188));
#16086=DIRECTION('',(7.49879891330929E-33,-1.0,-6.12323399573676E-17));
#16087=DIRECTION('',(-1.22464679914735E-16,-6.12323399573676E-17,1.0));
#16088=DIRECTION('',(1.0,-1.12478268856806E-32,1.22464679914735E-16));
#16089=DIRECTION('',(1.0,0.0,1.22464679914735E-16));
#16090=DIRECTION('',(7.49879891330929E-33,-1.0,-6.12323399573676E-17));
#16091=CARTESIAN_POINT('',(3.5,-12.5,3.66163000000002));
#16092=DIRECTION('',(-3.74927562856021E-33,-1.0,-6.12303176911189E-17));
#16093=DIRECTION('',(-1.0,1.12478268856806E-32,-1.22464679914735E-16));
#16094=CARTESIAN_POINT('',(3.5,-19.1,3.66163000000002));
#16095=DIRECTION('',(7.49879891330929E-33,-1.0,-6.12323399573676E-17));
#16096=DIRECTION('',(-1.0,-1.46701707366113E-48,-1.22464679914735E-16));
#16097=DIRECTION('',(7.49879891330929E-33,-1.0,-6.12323399573676E-17));
#16098=DIRECTION('',(1.0,-1.12478268856806E-32,1.22464679914735E-16));
#16099=DIRECTION('',(1.0,0.0,1.22464679914735E-16));
#16100=DIRECTION('',(-1.4150238487891E-17,-6.12303176911189E-17,1.0));
#16101=DIRECTION('',(7.49879891330929E-33,-1.0,-6.12323399573676E-17));
#16102=DIRECTION('',(-1.4150238487891E-17,-6.12323399573676E-17,1.0));
#16103=DIRECTION('',(7.49879891330929E-33,-1.0,-6.12323399573676E-17));
#16104=DIRECTION('',(-1.0,1.19268132643464E-30,-1.94173751768485E-14));
#16105=DIRECTION('',(7.49879891330929E-33,-1.0,-6.12323399573676E-17));
#16106=DIRECTION('',(-1.0,1.18147251899523E-30,-1.94173751768485E-14));
#16107=DIRECTION('',(-7.49879891330929E-33,1.0,6.12323399573676E-17));
#16108=DIRECTION('',(-1.0,1.18147251899523E-30,-1.94173751768485E-14));
#16109=DIRECTION('',(7.49879891330929E-33,-1.0,-6.12323399573676E-17));
#16110=DIRECTION('',(1.0,-1.18147251899523E-30,1.94173751768485E-14));
#16111=DIRECTION('',(6.83074592013124E-17,6.12303176911189E-17,-1.0));
#16112=DIRECTION('',(7.49879891330929E-33,-1.0,-6.12323399573676E-17));
#16113=DIRECTION('',(6.83074592013124E-17,6.12323399573676E-17,-1.0));
#16114=DIRECTION('',(1.22464679914735E-16,6.12323399573676E-17,-1.0));
#16115=DIRECTION('',(0.64295571254453,4.68980547080271E-17,-0.765903356636042));
#16116=DIRECTION('',(1.22464679914735E-16,6.12323399573676E-17,-1.0));
#16117=DIRECTION('',(1.0,0.0,1.22464679914735E-16));
#16118=DIRECTION('',(-1.22464679914735E-16,-6.12323399573676E-17,1.0));
#16119=DIRECTION('',(0.642659986626214,-4.69132499315358E-17,0.766151513468188));
#16120=DIRECTION('',(-1.22464679914735E-16,-6.12323399573676E-17,1.0));
#16121=DIRECTION('',(1.22464679914735E-16,6.12323399573676E-17,-1.0));
#16122=DIRECTION('',(7.49879891330929E-33,-1.0,-6.12323399573676E-17));
#16123=DIRECTION('',(0.64295571254453,4.68980547080271E-17,-0.765903356636042));
#16124=DIRECTION('',(7.49879891330929E-33,-1.0,-6.12323399573676E-17));
#16125=DIRECTION('',(1.22464679914735E-16,6.12323399573676E-17,-1.0));
#16126=DIRECTION('',(7.49879891330929E-33,-1.0,-6.12323399573676E-17));
#16127=DIRECTION('',(-1.0,0.0,-1.22464679914735E-16));
#16128=DIRECTION('',(7.49879891330929E-33,-1.0,-6.12323399573676E-17));
#16129=DIRECTION('',(-1.22464679914735E-16,-6.12323399573676E-17,1.0));
#16130=DIRECTION('',(7.49879891330929E-33,-1.0,-6.12323399573676E-17));
#16131=DIRECTION('',(0.642659986626214,-4.69132499315358E-17,0.766151513468188));
#16132=DIRECTION('',(7.49879891330929E-33,-1.0,-6.12323399573676E-17));
#16133=DIRECTION('',(-1.22464679914735E-16,-6.12323399573676E-17,1.0));
#16134=DIRECTION('',(1.0,-1.12478268856806E-32,1.22464679914735E-16));
#16135=DIRECTION('',(1.0,0.0,1.22464679914735E-16));
#16136=DIRECTION('',(7.49879891330929E-33,-1.0,-6.12323399573676E-17));
#16137=CARTESIAN_POINT('',(0.0,-12.5,3.66163000000002));
#16138=DIRECTION('',(-3.74927562856021E-33,-1.0,-6.12303176911189E-17));
#16139=DIRECTION('',(-1.0,1.12478268856806E-32,-1.22464679914735E-16));
#16140=CARTESIAN_POINT('',(0.0,-19.1,3.66163000000002));
#16141=DIRECTION('',(7.49879891330929E-33,-1.0,-6.12323399573676E-17));
#16142=DIRECTION('',(-1.0,-1.46701707366113E-48,-1.22464679914735E-16));
#16143=DIRECTION('',(7.49879891330929E-33,-1.0,-6.12323399573676E-17));
#16144=DIRECTION('',(1.0,-1.12478268856806E-32,1.22464679914735E-16));
#16145=DIRECTION('',(1.0,0.0,1.22464679914735E-16));
#16146=DIRECTION('',(1.0,-1.49971025142409E-32,1.83697019872103E-16));
#16147=DIRECTION('',(0.0,-1.0,0.0));
#16148=DIRECTION('',(-1.0,0.0,-1.83697019872103E-16));
#16149=DIRECTION('',(0.0,-1.0,0.0));
#16150=DIRECTION('',(1.83697019872103E-16,6.12303176911189E-17,-1.0));
#16151=DIRECTION('',(1.83697019872103E-16,0.0,-1.0));
#16152=DIRECTION('',(0.0,-1.0,0.0));
#16153=DIRECTION('',(-1.83697019872103E-16,0.0,1.0));
#16154=DIRECTION('',(-1.04068712087338E-16,-0.824045458472109,0.566523682092365));
#16155=DIRECTION('',(0.0,-1.0,0.0));
#16156=DIRECTION('',(1.83697019872103E-16,0.0,-1.0));
#16157=DIRECTION('',(0.0,1.0,0.0));
#16158=DIRECTION('',(-1.04068712087338E-16,-0.824045458472109,0.566523682092365));
#16159=DIRECTION('',(-1.0,0.0,-1.83697019872103E-16));
#16160=DIRECTION('',(-1.0,0.0,-1.83697019872103E-16));
#16161=DIRECTION('',(-1.83697019872103E-16,0.0,1.0));
#16162=DIRECTION('',(-1.0,0.0,-1.83697019872103E-16));
#16163=DIRECTION('',(0.0,-1.0,0.0));
#16164=DIRECTION('',(-1.0,0.0,-1.83697019872103E-16));
#16165=DIRECTION('',(1.83697019872103E-16,0.0,-1.0));
#16166=DIRECTION('',(-1.0,0.0,6.12323399573676E-17));
#16167=DIRECTION('',(-1.0,0.0,-1.83697019872103E-16));
#16168=DIRECTION('',(-1.83697019872103E-16,0.0,1.0));
#16169=DIRECTION('',(0.0,-1.0,0.0));
#16170=DIRECTION('',(-1.83697019872103E-16,-6.12303176911189E-17,1.0));
#16171=DIRECTION('',(0.0,-1.0,0.0));
#16172=DIRECTION('',(-1.0,0.0,6.12323399573676E-17));
#16173=DIRECTION('',(-6.12323399573676E-17,6.12303176911189E-17,-1.0));
#16174=DIRECTION('',(-1.0,0.0,6.12323399573676E-17));
#16175=DIRECTION('',(6.12323399573676E-17,6.12303176911189E-17,-1.0));
#16176=DIRECTION('',(-1.0,7.49855125712043E-33,-6.12323399573676E-17));
#16177=DIRECTION('',(-6.12323399573676E-17,-6.12303176911189E-17,1.0));
#16178=DIRECTION('',(-1.0,0.0,6.12323399573676E-17));
#16179=DIRECTION('',(6.12323399573676E-17,6.12303176911189E-17,-1.0));
#16180=DIRECTION('',(-1.0,7.49855125712043E-33,-6.12323399573676E-17));
#16181=DIRECTION('',(-6.12323399573676E-17,-6.12303176911189E-17,1.0));
#16182=DIRECTION('',(-1.0,0.0,6.12323399573676E-17));
#16183=DIRECTION('',(6.12323399573676E-17,6.12303176911189E-17,-1.0));
#16184=DIRECTION('',(-1.0,7.49855125712043E-33,-6.12323399573676E-17));
#16185=DIRECTION('',(-6.12323399573676E-17,-6.12303176911189E-17,1.0));
#16186=DIRECTION('',(-1.0,0.0,6.12323399573676E-17));
#16187=DIRECTION('',(6.12323399573676E-17,6.12303176911189E-17,-1.0));
#16188=DIRECTION('',(-1.0,7.49855125712043E-33,-6.12323399573676E-17));
#16189=DIRECTION('',(-6.12323399573676E-17,-6.12303176911189E-17,1.0));
#16190=DIRECTION('',(-1.0,0.0,6.12323399573676E-17));
#16191=DIRECTION('',(6.12323399573676E-17,6.12303176911189E-17,-1.0));
#16192=DIRECTION('',(-1.0,7.49855125712043E-33,-6.12323399573676E-17));
#16193=DIRECTION('',(-6.12323399573676E-17,-6.12303176911189E-17,1.0));
#16194=DIRECTION('',(-1.0,0.0,6.12323399573676E-17));
#16195=DIRECTION('',(6.12323399573676E-17,6.12303176911189E-17,-1.0));
#16196=DIRECTION('',(-1.0,7.49855125712043E-33,-6.12323399573676E-17));
#16197=DIRECTION('',(-6.12323399573676E-17,-6.12303176911189E-17,1.0));
#16198=DIRECTION('',(-1.0,0.0,6.12323399573676E-17));
#16199=DIRECTION('',(-6.12323399573676E-17,6.12303176911189E-17,-1.0));
#16200=DIRECTION('',(-1.0,0.0,6.12323399573676E-17));
#16201=DIRECTION('',(-1.83697019872103E-16,-6.12303176911189E-17,1.0));
#16202=DIRECTION('',(1.0,-1.49971025142409E-32,1.83697019872103E-16));
#16203=DIRECTION('',(1.83697019872103E-16,6.12303176911189E-17,-1.0));
#16204=DIRECTION('',(-1.0,0.0,6.12323399573676E-17));
#16205=DIRECTION('',(-1.83697019872103E-16,-6.12303176911189E-17,1.0));
#16206=DIRECTION('',(1.0,-1.49971025142409E-32,1.83697019872103E-16));
#16207=DIRECTION('',(1.83697019872103E-16,6.12303176911189E-17,-1.0));
#16208=DIRECTION('',(-1.0,0.0,6.12323399573676E-17));
#16209=DIRECTION('',(-1.83697019872103E-16,-6.12303176911189E-17,1.0));
#16210=DIRECTION('',(1.0,-1.49971025142409E-32,1.83697019872103E-16));
#16211=DIRECTION('',(1.83697019872103E-16,6.12303176911189E-17,-1.0));
#16212=DIRECTION('',(-1.0,0.0,6.12323399573676E-17));
#16213=DIRECTION('',(-1.83697019872103E-16,-6.12303176911189E-17,1.0));
#16214=DIRECTION('',(1.0,-1.49971025142409E-32,1.83697019872103E-16));
#16215=DIRECTION('',(1.83697019872103E-16,6.12303176911189E-17,-1.0));
#16216=DIRECTION('',(-1.0,0.0,6.12323399573676E-17));
#16217=DIRECTION('',(-1.83697019872103E-16,-6.12303176911189E-17,1.0));
#16218=DIRECTION('',(1.0,-1.49971025142409E-32,1.83697019872103E-16));
#16219=DIRECTION('',(1.83697019872103E-16,6.12303176911189E-17,-1.0));
#16220=DIRECTION('',(-1.0,0.0,6.12323399573676E-17));
#16221=DIRECTION('',(0.0,-1.0,0.0));
#16222=DIRECTION('',(-1.0,0.0,-1.83697019872103E-16));
#16223=DIRECTION('',(0.0,-1.0,0.0));
#16224=DIRECTION('',(1.83697019872103E-16,0.0,-1.0));
#16225=DIRECTION('',(0.0,-1.0,0.0));
#16226=DIRECTION('',(-1.83697019872103E-16,0.0,1.0));
#16227=DIRECTION('',(-1.04068712087338E-16,-0.824045458472109,0.566523682092365));
#16228=DIRECTION('',(0.0,-1.0,0.0));
#16229=DIRECTION('',(1.83697019872103E-16,0.0,-1.0));
#16230=DIRECTION('',(0.0,1.0,0.0));
#16231=DIRECTION('',(-1.04068712087338E-16,-0.824045458472109,0.566523682092365));
#16232=DIRECTION('',(-1.0,0.0,-1.83697019872103E-16));
#16233=DIRECTION('',(-1.0,0.0,-1.83697019872103E-16));
#16234=DIRECTION('',(-1.83697019872103E-16,0.0,1.0));
#16235=DIRECTION('',(-1.0,0.0,-1.83697019872103E-16));
#16236=DIRECTION('',(0.0,-1.0,0.0));
#16237=DIRECTION('',(-1.0,0.0,-1.83697019872103E-16));
#16238=DIRECTION('',(1.83697019872103E-16,0.0,-1.0));
#16239=DIRECTION('',(-1.0,0.0,6.12323399573676E-17));
#16240=DIRECTION('',(-1.0,0.0,-1.83697019872103E-16));
#16241=DIRECTION('',(-1.83697019872103E-16,0.0,1.0));
#16242=DIRECTION('',(0.0,-1.0,0.0));
#16243=DIRECTION('',(0.0,-1.0,0.0));
#16244=DIRECTION('',(0.0,-1.0,0.0));
#16245=DIRECTION('',(-1.0,0.0,-1.83697019872103E-16));
#16246=DIRECTION('',(0.0,-1.0,0.0));
#16247=DIRECTION('',(1.83697019872103E-16,0.0,-1.0));
#16248=DIRECTION('',(0.0,-1.0,0.0));
#16249=DIRECTION('',(-1.83697019872103E-16,0.0,1.0));
#16250=DIRECTION('',(-1.04068712087338E-16,-0.824045458472109,0.566523682092365));
#16251=DIRECTION('',(0.0,-1.0,0.0));
#16252=DIRECTION('',(1.83697019872103E-16,0.0,-1.0));
#16253=DIRECTION('',(0.0,1.0,0.0));
#16254=DIRECTION('',(-1.04068712087338E-16,-0.824045458472109,0.566523682092365));
#16255=DIRECTION('',(-1.0,0.0,-1.83697019872103E-16));
#16256=DIRECTION('',(-1.0,0.0,-1.83697019872103E-16));
#16257=DIRECTION('',(-1.83697019872103E-16,0.0,1.0));
#16258=DIRECTION('',(-1.0,0.0,-1.83697019872103E-16));
#16259=DIRECTION('',(0.0,-1.0,0.0));
#16260=DIRECTION('',(-1.0,0.0,-1.83697019872103E-16));
#16261=DIRECTION('',(1.83697019872103E-16,0.0,-1.0));
#16262=DIRECTION('',(-1.0,0.0,6.12323399573676E-17));
#16263=DIRECTION('',(-1.0,0.0,-1.83697019872103E-16));
#16264=DIRECTION('',(-1.83697019872103E-16,0.0,1.0));
#16265=DIRECTION('',(0.0,-1.0,0.0));
#16266=DIRECTION('',(0.0,-1.0,0.0));
#16267=DIRECTION('',(0.0,-1.0,0.0));
#16268=DIRECTION('',(-1.0,0.0,-1.83697019872103E-16));
#16269=DIRECTION('',(0.0,-1.0,0.0));
#16270=DIRECTION('',(1.83697019872103E-16,0.0,-1.0));
#16271=DIRECTION('',(0.0,-1.0,0.0));
#16272=DIRECTION('',(-1.83697019872103E-16,0.0,1.0));
#16273=DIRECTION('',(-1.04068712087338E-16,-0.824045458472109,0.566523682092365));
#16274=DIRECTION('',(0.0,-1.0,0.0));
#16275=DIRECTION('',(1.83697019872103E-16,0.0,-1.0));
#16276=DIRECTION('',(0.0,1.0,0.0));
#16277=DIRECTION('',(-1.04068712087338E-16,-0.824045458472109,0.566523682092365));
#16278=DIRECTION('',(-1.0,0.0,-1.83697019872103E-16));
#16279=DIRECTION('',(-1.0,0.0,-1.83697019872103E-16));
#16280=DIRECTION('',(-1.83697019872103E-16,0.0,1.0));
#16281=DIRECTION('',(-1.0,0.0,-1.83697019872103E-16));
#16282=DIRECTION('',(0.0,-1.0,0.0));
#16283=DIRECTION('',(-1.0,0.0,-1.83697019872103E-16));
#16284=DIRECTION('',(1.83697019872103E-16,0.0,-1.0));
#16285=DIRECTION('',(-1.0,0.0,6.12323399573676E-17));
#16286=DIRECTION('',(-1.0,0.0,-1.83697019872103E-16));
#16287=DIRECTION('',(-1.83697019872103E-16,0.0,1.0));
#16288=DIRECTION('',(0.0,-1.0,0.0));
#16289=DIRECTION('',(0.0,-1.0,0.0));
#16290=DIRECTION('',(0.0,-1.0,0.0));
#16291=DIRECTION('',(-1.0,0.0,-1.83697019872103E-16));
#16292=DIRECTION('',(0.0,-1.0,0.0));
#16293=DIRECTION('',(1.83697019872103E-16,0.0,-1.0));
#16294=DIRECTION('',(0.0,-1.0,0.0));
#16295=DIRECTION('',(-1.83697019872103E-16,0.0,1.0));
#16296=DIRECTION('',(-1.04068712087338E-16,-0.824045458472109,0.566523682092365));
#16297=DIRECTION('',(0.0,-1.0,0.0));
#16298=DIRECTION('',(1.83697019872103E-16,0.0,-1.0));
#16299=DIRECTION('',(0.0,1.0,0.0));
#16300=DIRECTION('',(-1.04068712087338E-16,-0.824045458472109,0.566523682092365));
#16301=DIRECTION('',(-1.0,0.0,-1.83697019872103E-16));
#16302=DIRECTION('',(-1.0,0.0,-1.83697019872103E-16));
#16303=DIRECTION('',(-1.83697019872103E-16,0.0,1.0));
#16304=DIRECTION('',(-1.0,0.0,-1.83697019872103E-16));
#16305=DIRECTION('',(0.0,-1.0,0.0));
#16306=DIRECTION('',(-1.0,0.0,-1.83697019872103E-16));
#16307=DIRECTION('',(1.83697019872103E-16,0.0,-1.0));
#16308=DIRECTION('',(-1.0,0.0,6.12323399573676E-17));
#16309=DIRECTION('',(-1.0,0.0,-1.83697019872103E-16));
#16310=DIRECTION('',(-1.83697019872103E-16,0.0,1.0));
#16311=DIRECTION('',(0.0,-1.0,0.0));
#16312=DIRECTION('',(0.0,-1.0,0.0));
#16313=DIRECTION('',(0.0,-1.0,0.0));
#16314=DIRECTION('',(-1.0,0.0,-1.83697019872103E-16));
#16315=DIRECTION('',(0.0,-1.0,0.0));
#16316=DIRECTION('',(1.83697019872103E-16,0.0,-1.0));
#16317=DIRECTION('',(0.0,-1.0,0.0));
#16318=DIRECTION('',(-1.83697019872103E-16,0.0,1.0));
#16319=DIRECTION('',(-1.04068712087338E-16,-0.824045458472109,0.566523682092365));
#16320=DIRECTION('',(0.0,-1.0,0.0));
#16321=DIRECTION('',(1.83697019872103E-16,0.0,-1.0));
#16322=DIRECTION('',(0.0,1.0,0.0));
#16323=DIRECTION('',(-1.04068712087338E-16,-0.824045458472109,0.566523682092365));
#16324=DIRECTION('',(-1.0,0.0,-1.83697019872103E-16));
#16325=DIRECTION('',(-1.0,0.0,-1.83697019872103E-16));
#16326=DIRECTION('',(-1.83697019872103E-16,0.0,1.0));
#16327=DIRECTION('',(-1.0,0.0,-1.83697019872103E-16));
#16328=DIRECTION('',(0.0,-1.0,0.0));
#16329=DIRECTION('',(-1.0,0.0,-1.83697019872103E-16));
#16330=DIRECTION('',(1.83697019872103E-16,0.0,-1.0));
#16331=DIRECTION('',(-1.0,0.0,6.12323399573676E-17));
#16332=DIRECTION('',(-1.0,0.0,-1.83697019872103E-16));
#16333=DIRECTION('',(-1.83697019872103E-16,0.0,1.0));
#16334=DIRECTION('',(0.0,-1.0,0.0));
#16335=DIRECTION('',(0.0,-1.0,0.0));
#16336=DIRECTION('',(0.0,-1.0,0.0));
#16337=DIRECTION('',(1.0,0.0,6.12323399573676E-17));
#16338=DIRECTION('',(0.0,-1.0,0.0));
#16339=DIRECTION('',(-6.12323399573676E-17,0.0,1.0));
#16340=DIRECTION('',(0.0,-1.0,0.0));
#16341=DIRECTION('',(6.12323399573676E-17,0.0,-1.0));
#16342=DIRECTION('',(3.46895706957794E-17,-0.824045458472109,-0.566523682092365));
#16343=DIRECTION('',(0.0,-1.0,0.0));
#16344=DIRECTION('',(-6.12323399573676E-17,0.0,1.0));
#16345=DIRECTION('',(0.0,1.0,0.0));
#16346=DIRECTION('',(3.46895706957794E-17,-0.824045458472109,-0.566523682092365));
#16347=DIRECTION('',(1.0,0.0,6.12323399573676E-17));
#16348=DIRECTION('',(1.0,0.0,6.12323399573676E-17));
#16349=DIRECTION('',(6.12323399573676E-17,0.0,-1.0));
#16350=DIRECTION('',(1.0,0.0,6.12323399573676E-17));
#16351=DIRECTION('',(0.0,-1.0,0.0));
#16352=DIRECTION('',(1.0,0.0,6.12323399573676E-17));
#16353=DIRECTION('',(-6.12323399573676E-17,0.0,1.0));
#16354=DIRECTION('',(1.0,0.0,-6.12323399573676E-17));
#16355=DIRECTION('',(1.0,0.0,6.12323399573676E-17));
#16356=DIRECTION('',(6.12323399573676E-17,0.0,-1.0));
#16357=DIRECTION('',(0.0,-1.0,0.0));
#16358=DIRECTION('',(0.0,-1.0,0.0));
#16359=DIRECTION('',(0.0,-1.0,0.0));
#16360=DIRECTION('',(1.0,0.0,6.12323399573676E-17));
#16361=DIRECTION('',(0.0,-1.0,0.0));
#16362=DIRECTION('',(-6.12323399573676E-17,0.0,1.0));
#16363=DIRECTION('',(0.0,-1.0,0.0));
#16364=DIRECTION('',(6.12323399573676E-17,0.0,-1.0));
#16365=DIRECTION('',(3.46895706957794E-17,-0.824045458472109,-0.566523682092365));
#16366=DIRECTION('',(0.0,-1.0,0.0));
#16367=DIRECTION('',(-6.12323399573676E-17,0.0,1.0));
#16368=DIRECTION('',(0.0,1.0,0.0));
#16369=DIRECTION('',(3.46895706957794E-17,-0.824045458472109,-0.566523682092365));
#16370=DIRECTION('',(1.0,0.0,6.12323399573676E-17));
#16371=DIRECTION('',(1.0,0.0,6.12323399573676E-17));
#16372=DIRECTION('',(6.12323399573676E-17,0.0,-1.0));
#16373=DIRECTION('',(1.0,0.0,6.12323399573676E-17));
#16374=DIRECTION('',(0.0,-1.0,0.0));
#16375=DIRECTION('',(1.0,0.0,6.12323399573676E-17));
#16376=DIRECTION('',(-6.12323399573676E-17,0.0,1.0));
#16377=DIRECTION('',(1.0,0.0,-6.12323399573676E-17));
#16378=DIRECTION('',(1.0,0.0,6.12323399573676E-17));
#16379=DIRECTION('',(6.12323399573676E-17,0.0,-1.0));
#16380=DIRECTION('',(0.0,-1.0,0.0));
#16381=DIRECTION('',(0.0,-1.0,0.0));
#16382=DIRECTION('',(0.0,-1.0,0.0));
#16383=DIRECTION('',(1.0,0.0,6.12323399573676E-17));
#16384=DIRECTION('',(0.0,-1.0,0.0));
#16385=DIRECTION('',(-6.12323399573676E-17,0.0,1.0));
#16386=DIRECTION('',(0.0,-1.0,0.0));
#16387=DIRECTION('',(6.12323399573676E-17,0.0,-1.0));
#16388=DIRECTION('',(3.46895706957794E-17,-0.824045458472109,-0.566523682092365));
#16389=DIRECTION('',(0.0,-1.0,0.0));
#16390=DIRECTION('',(-6.12323399573676E-17,0.0,1.0));
#16391=DIRECTION('',(0.0,1.0,0.0));
#16392=DIRECTION('',(3.46895706957794E-17,-0.824045458472109,-0.566523682092365));
#16393=DIRECTION('',(1.0,0.0,6.12323399573676E-17));
#16394=DIRECTION('',(1.0,0.0,6.12323399573676E-17));
#16395=DIRECTION('',(6.12323399573676E-17,0.0,-1.0));
#16396=DIRECTION('',(1.0,0.0,6.12323399573676E-17));
#16397=DIRECTION('',(0.0,-1.0,0.0));
#16398=DIRECTION('',(1.0,0.0,6.12323399573676E-17));
#16399=DIRECTION('',(-6.12323399573676E-17,0.0,1.0));
#16400=DIRECTION('',(1.0,0.0,-6.12323399573676E-17));
#16401=DIRECTION('',(1.0,0.0,6.12323399573676E-17));
#16402=DIRECTION('',(6.12323399573676E-17,0.0,-1.0));
#16403=DIRECTION('',(0.0,-1.0,0.0));
#16404=DIRECTION('',(0.0,-1.0,0.0));
#16405=DIRECTION('',(0.0,-1.0,0.0));
#16406=DIRECTION('',(1.0,0.0,6.12323399573676E-17));
#16407=DIRECTION('',(0.0,-1.0,0.0));
#16408=DIRECTION('',(-6.12323399573676E-17,0.0,1.0));
#16409=DIRECTION('',(0.0,-1.0,0.0));
#16410=DIRECTION('',(6.12323399573676E-17,0.0,-1.0));
#16411=DIRECTION('',(3.46895706957794E-17,-0.824045458472109,-0.566523682092365));
#16412=DIRECTION('',(0.0,-1.0,0.0));
#16413=DIRECTION('',(-6.12323399573676E-17,0.0,1.0));
#16414=DIRECTION('',(0.0,1.0,0.0));
#16415=DIRECTION('',(3.46895706957794E-17,-0.824045458472109,-0.566523682092365));
#16416=DIRECTION('',(1.0,0.0,6.12323399573676E-17));
#16417=DIRECTION('',(1.0,0.0,6.12323399573676E-17));
#16418=DIRECTION('',(6.12323399573676E-17,0.0,-1.0));
#16419=DIRECTION('',(1.0,0.0,6.12323399573676E-17));
#16420=DIRECTION('',(0.0,-1.0,0.0));
#16421=DIRECTION('',(1.0,0.0,6.12323399573676E-17));
#16422=DIRECTION('',(-6.12323399573676E-17,0.0,1.0));
#16423=DIRECTION('',(1.0,0.0,-6.12323399573676E-17));
#16424=DIRECTION('',(1.0,0.0,6.12323399573676E-17));
#16425=DIRECTION('',(6.12323399573676E-17,0.0,-1.0));
#16426=DIRECTION('',(0.0,-1.0,0.0));
#16427=DIRECTION('',(0.0,-1.0,0.0));
#16428=DIRECTION('',(0.0,-1.0,0.0));
#16429=DIRECTION('',(1.0,0.0,6.12323399573676E-17));
#16430=DIRECTION('',(0.0,-1.0,0.0));
#16431=DIRECTION('',(-6.12323399573676E-17,0.0,1.0));
#16432=DIRECTION('',(0.0,-1.0,0.0));
#16433=DIRECTION('',(6.12323399573676E-17,0.0,-1.0));
#16434=DIRECTION('',(3.46895706957794E-17,-0.824045458472109,-0.566523682092365));
#16435=DIRECTION('',(0.0,-1.0,0.0));
#16436=DIRECTION('',(-6.12323399573676E-17,0.0,1.0));
#16437=DIRECTION('',(0.0,1.0,0.0));
#16438=DIRECTION('',(3.46895706957794E-17,-0.824045458472109,-0.566523682092365));
#16439=DIRECTION('',(1.0,0.0,6.12323399573676E-17));
#16440=DIRECTION('',(1.0,0.0,6.12323399573676E-17));
#16441=DIRECTION('',(6.12323399573676E-17,0.0,-1.0));
#16442=DIRECTION('',(1.0,0.0,6.12323399573676E-17));
#16443=DIRECTION('',(0.0,-1.0,0.0));
#16444=DIRECTION('',(1.0,0.0,6.12323399573676E-17));
#16445=DIRECTION('',(-6.12323399573676E-17,0.0,1.0));
#16446=DIRECTION('',(1.0,0.0,-6.12323399573676E-17));
#16447=DIRECTION('',(1.0,0.0,6.12323399573676E-17));
#16448=DIRECTION('',(6.12323399573676E-17,0.0,-1.0));
#16449=DIRECTION('',(0.0,-1.0,0.0));
#16450=DIRECTION('',(0.0,-1.0,0.0));
#16451=DIRECTION('',(0.0,-1.0,0.0));
#16452=DIRECTION('',(1.0,0.0,6.12323399573676E-17));
#16453=DIRECTION('',(0.0,-1.0,0.0));
#16454=DIRECTION('',(-6.12323399573676E-17,0.0,1.0));
#16455=DIRECTION('',(0.0,-1.0,0.0));
#16456=DIRECTION('',(6.12323399573676E-17,0.0,-1.0));
#16457=DIRECTION('',(3.46895706957794E-17,-0.824045458472109,-0.566523682092365));
#16458=DIRECTION('',(0.0,-1.0,0.0));
#16459=DIRECTION('',(-6.12323399573676E-17,0.0,1.0));
#16460=DIRECTION('',(0.0,1.0,0.0));
#16461=DIRECTION('',(3.46895706957794E-17,-0.824045458472109,-0.566523682092365));
#16462=DIRECTION('',(1.0,0.0,6.12323399573676E-17));
#16463=DIRECTION('',(1.0,0.0,6.12323399573676E-17));
#16464=DIRECTION('',(6.12323399573676E-17,0.0,-1.0));
#16465=DIRECTION('',(1.0,0.0,6.12323399573676E-17));
#16466=DIRECTION('',(0.0,-1.0,0.0));
#16467=DIRECTION('',(1.0,0.0,6.12323399573676E-17));
#16468=DIRECTION('',(-6.12323399573676E-17,0.0,1.0));
#16469=DIRECTION('',(1.0,0.0,-6.12323399573676E-17));
#16470=DIRECTION('',(1.0,0.0,6.12323399573676E-17));
#16471=DIRECTION('',(6.12323399573676E-17,0.0,-1.0));
#16472=DIRECTION('',(0.0,-1.0,0.0));
#16473=DIRECTION('',(0.0,-1.0,0.0));
#16474=DIRECTION('',(0.0,-1.0,0.0));
#16475=DIRECTION('',(0.0,0.0,1.0));
#16476=DIRECTION('',(0.0,0.760231447170637,0.649652327582099));
#16477=DIRECTION('',(0.0,1.0,6.12323399573676E-17));
#16478=DIRECTION('',(0.0,0.084799830400508,-0.996398007205978));
#16479=DIRECTION('',(0.0,0.0,-1.0));
#16480=DIRECTION('',(0.0,-5.93702152205981E-16,-1.0));
#16481=DIRECTION('',(-0.42268630631657,0.0768520556938921,-0.903011654403241));
#16482=DIRECTION('',(0.290938104693337,0.727345261733162,0.621549587299169));
#16483=DIRECTION('',(-2.86619463630339E-17,1.0,1.75503804354113E-33));
#16484=DIRECTION('',(0.0,1.0,0.0));
#16485=DIRECTION('',(0.0,5.93702152205981E-16,1.0));
#16486=DIRECTION('',(0.0,0.0,1.0));
#16487=DIRECTION('',(0.0,-0.084799830400508,0.996398007205978));
#16488=DIRECTION('',(0.0,1.0,6.12323399573676E-17));
#16489=DIRECTION('',(-0.0,-0.760231447170637,-0.649652327582099));
#16490=DIRECTION('',(0.0,0.0,-1.0));
#16491=DIRECTION('',(-0.42268630631657,-0.0768520556938921,0.903011654403241));
#16492=DIRECTION('',(-2.8661946363034E-17,-1.0,1.75503804354113E-33));
#16493=DIRECTION('',(0.290938104693337,-0.727345261733162,-0.621549587299169));
#16494=DIRECTION('',(-1.0,0.0,6.12323399573676E-17));
#16495=DIRECTION('',(-1.0,0.0,6.12323399573676E-17));
#16496=DIRECTION('',(-1.0,0.0,6.12323399573676E-17));
#16497=DIRECTION('',(-1.0,0.0,6.12323399573676E-17));
#16498=DIRECTION('',(-1.0,0.0,6.12323399573676E-17));
#16499=DIRECTION('',(1.0,0.0,-6.12323399573676E-17));
#16500=DIRECTION('',(-1.0,0.0,6.12323399573676E-17));
#16501=DIRECTION('',(0.0,-5.93702152205981E-16,-1.0));
#16502=DIRECTION('',(-1.0,0.0,6.12323399573676E-17));
#16503=DIRECTION('',(-1.0,0.0,6.12323399573676E-17));
#16504=DIRECTION('',(-6.12323399573676E-17,-5.93702152205981E-16,-1.0));
#16505=DIRECTION('',(-1.0,0.0,6.12323399573676E-17));
#16506=DIRECTION('',(0.0,-1.0,0.0));
#16507=DIRECTION('',(0.0,0.0,1.0));
#16508=DIRECTION('',(0.0,0.760231447170637,0.649652327582099));
#16509=DIRECTION('',(0.0,1.0,6.12323399573676E-17));
#16510=DIRECTION('',(0.0,0.084799830400508,-0.996398007205978));
#16511=DIRECTION('',(0.0,0.0,-1.0));
#16512=DIRECTION('',(-0.42268630631657,0.0768520556938921,-0.903011654403241));
#16513=DIRECTION('',(0.290938104693337,0.727345261733162,0.621549587299169));
#16514=DIRECTION('',(-2.86619463630339E-17,1.0,1.75503804354113E-33));
#16515=DIRECTION('',(0.0,1.0,0.0));
#16516=DIRECTION('',(0.0,5.93702152205981E-16,1.0));
#16517=DIRECTION('',(0.0,0.0,1.0));
#16518=DIRECTION('',(0.0,-0.084799830400508,0.996398007205978));
#16519=DIRECTION('',(0.0,1.0,6.12323399573676E-17));
#16520=DIRECTION('',(-0.0,-0.760231447170637,-0.649652327582099));
#16521=DIRECTION('',(0.0,0.0,-1.0));
#16522=DIRECTION('',(-0.42268630631657,-0.0768520556938921,0.903011654403241));
#16523=DIRECTION('',(-2.8661946363034E-17,-1.0,1.75503804354113E-33));
#16524=DIRECTION('',(0.290938104693337,-0.727345261733162,-0.621549587299169));
#16525=DIRECTION('',(-1.0,0.0,6.12323399573676E-17));
#16526=DIRECTION('',(-1.0,0.0,6.12323399573676E-17));
#16527=DIRECTION('',(-1.0,0.0,6.12323399573676E-17));
#16528=DIRECTION('',(-1.0,0.0,6.12323399573676E-17));
#16529=DIRECTION('',(-1.0,0.0,6.12323399573676E-17));
#16530=DIRECTION('',(1.0,0.0,-6.12323399573676E-17));
#16531=DIRECTION('',(-1.0,0.0,6.12323399573676E-17));
#16532=DIRECTION('',(0.0,-5.93702152205981E-16,-1.0));
#16533=DIRECTION('',(-1.0,0.0,6.12323399573676E-17));
#16534=DIRECTION('',(0.0,-1.0,0.0));
#16535=DIRECTION('',(0.0,0.0,1.0));
#16536=DIRECTION('',(0.0,0.760231447170637,0.649652327582099));
#16537=DIRECTION('',(0.0,1.0,6.12323399573676E-17));
#16538=DIRECTION('',(0.0,0.084799830400508,-0.996398007205978));
#16539=DIRECTION('',(0.0,0.0,-1.0));
#16540=DIRECTION('',(-0.42268630631657,0.0768520556938921,-0.903011654403241));
#16541=DIRECTION('',(0.290938104693337,0.727345261733162,0.621549587299169));
#16542=DIRECTION('',(-2.86619463630339E-17,1.0,1.75503804354113E-33));
#16543=DIRECTION('',(0.0,1.0,0.0));
#16544=DIRECTION('',(0.0,5.93702152205981E-16,1.0));
#16545=DIRECTION('',(0.0,0.0,1.0));
#16546=DIRECTION('',(0.0,-0.084799830400508,0.996398007205978));
#16547=DIRECTION('',(0.0,1.0,6.12323399573676E-17));
#16548=DIRECTION('',(-0.0,-0.760231447170637,-0.649652327582099));
#16549=DIRECTION('',(0.0,0.0,-1.0));
#16550=DIRECTION('',(-0.42268630631657,-0.0768520556938921,0.903011654403241));
#16551=DIRECTION('',(-2.8661946363034E-17,-1.0,1.75503804354113E-33));
#16552=DIRECTION('',(0.290938104693337,-0.727345261733162,-0.621549587299169));
#16553=DIRECTION('',(-1.0,0.0,6.12323399573676E-17));
#16554=DIRECTION('',(-1.0,0.0,6.12323399573676E-17));
#16555=DIRECTION('',(-1.0,0.0,6.12323399573676E-17));
#16556=DIRECTION('',(-1.0,0.0,6.12323399573676E-17));
#16557=DIRECTION('',(-1.0,0.0,6.12323399573676E-17));
#16558=DIRECTION('',(1.0,0.0,-6.12323399573676E-17));
#16559=DIRECTION('',(-1.0,0.0,6.12323399573676E-17));
#16560=DIRECTION('',(0.0,-5.93702152205981E-16,-1.0));
#16561=DIRECTION('',(-1.0,0.0,6.12323399573676E-17));
#16562=DIRECTION('',(0.0,-1.0,0.0));
#16563=DIRECTION('',(0.0,0.0,1.0));
#16564=DIRECTION('',(0.0,0.760231447170637,0.649652327582099));
#16565=DIRECTION('',(0.0,1.0,6.12323399573676E-17));
#16566=DIRECTION('',(0.0,0.084799830400508,-0.996398007205978));
#16567=DIRECTION('',(0.0,0.0,-1.0));
#16568=DIRECTION('',(-0.42268630631657,0.0768520556938921,-0.903011654403241));
#16569=DIRECTION('',(0.290938104693337,0.727345261733162,0.621549587299169));
#16570=DIRECTION('',(-2.86619463630339E-17,1.0,1.75503804354113E-33));
#16571=DIRECTION('',(0.0,1.0,0.0));
#16572=DIRECTION('',(0.0,5.93702152205981E-16,1.0));
#16573=DIRECTION('',(0.0,0.0,1.0));
#16574=DIRECTION('',(0.0,-0.084799830400508,0.996398007205978));
#16575=DIRECTION('',(0.0,1.0,6.12323399573676E-17));
#16576=DIRECTION('',(-0.0,-0.760231447170637,-0.649652327582099));
#16577=DIRECTION('',(0.0,0.0,-1.0));
#16578=DIRECTION('',(-0.42268630631657,-0.0768520556938921,0.903011654403241));
#16579=DIRECTION('',(-2.8661946363034E-17,-1.0,1.75503804354113E-33));
#16580=DIRECTION('',(0.290938104693337,-0.727345261733162,-0.621549587299169));
#16581=DIRECTION('',(-1.0,0.0,6.12323399573676E-17));
#16582=DIRECTION('',(-1.0,0.0,6.12323399573676E-17));
#16583=DIRECTION('',(-1.0,0.0,6.12323399573676E-17));
#16584=DIRECTION('',(-1.0,0.0,6.12323399573676E-17));
#16585=DIRECTION('',(-1.0,0.0,6.12323399573676E-17));
#16586=DIRECTION('',(1.0,0.0,-6.12323399573676E-17));
#16587=DIRECTION('',(-1.0,0.0,6.12323399573676E-17));
#16588=DIRECTION('',(0.0,-5.93702152205981E-16,-1.0));
#16589=DIRECTION('',(-1.0,0.0,6.12323399573676E-17));
#16590=DIRECTION('',(0.0,-1.0,0.0));
#16591=DIRECTION('',(0.0,0.0,1.0));
#16592=DIRECTION('',(0.0,0.760231447170637,0.649652327582099));
#16593=DIRECTION('',(0.0,1.0,6.12323399573676E-17));
#16594=DIRECTION('',(0.0,0.084799830400508,-0.996398007205978));
#16595=DIRECTION('',(0.0,0.0,-1.0));
#16596=DIRECTION('',(-0.42268630631657,0.0768520556938921,-0.903011654403241));
#16597=DIRECTION('',(0.290938104693337,0.727345261733162,0.621549587299169));
#16598=DIRECTION('',(-2.86619463630339E-17,1.0,1.75503804354113E-33));
#16599=DIRECTION('',(0.0,1.0,0.0));
#16600=DIRECTION('',(0.0,5.93702152205981E-16,1.0));
#16601=DIRECTION('',(0.0,0.0,1.0));
#16602=DIRECTION('',(0.0,-0.084799830400508,0.996398007205978));
#16603=DIRECTION('',(0.0,1.0,6.12323399573676E-17));
#16604=DIRECTION('',(-0.0,-0.760231447170637,-0.649652327582099));
#16605=DIRECTION('',(0.0,0.0,-1.0));
#16606=DIRECTION('',(-0.42268630631657,-0.0768520556938921,0.903011654403241));
#16607=DIRECTION('',(-2.8661946363034E-17,-1.0,1.75503804354113E-33));
#16608=DIRECTION('',(0.290938104693337,-0.727345261733162,-0.621549587299169));
#16609=DIRECTION('',(-1.0,0.0,6.12323399573676E-17));
#16610=DIRECTION('',(-1.0,0.0,6.12323399573676E-17));
#16611=DIRECTION('',(-1.0,0.0,6.12323399573676E-17));
#16612=DIRECTION('',(-1.0,0.0,6.12323399573676E-17));
#16613=DIRECTION('',(-1.0,0.0,6.12323399573676E-17));
#16614=DIRECTION('',(1.0,0.0,-6.12323399573676E-17));
#16615=DIRECTION('',(-1.0,0.0,6.12323399573676E-17));
#16616=DIRECTION('',(0.0,-5.93702152205981E-16,-1.0));
#16617=DIRECTION('',(-1.0,0.0,6.12323399573676E-17));
#16618=DIRECTION('',(0.0,5.93702152205981E-16,1.0));
#16619=DIRECTION('',(0.0,0.0,1.0));
#16620=DIRECTION('',(0.0,-0.084799830400508,0.996398007205978));
#16621=DIRECTION('',(0.0,1.0,6.12323399573676E-17));
#16622=DIRECTION('',(-0.0,-0.760231447170638,-0.649652327582099));
#16623=DIRECTION('',(0.0,0.0,-1.0));
#16624=DIRECTION('',(0.0,1.0,0.0));
#16625=DIRECTION('',(-0.42268630631657,0.0768520556938921,-0.903011654403241));
#16626=DIRECTION('',(0.0,1.0,6.12323399573676E-17));
#16627=DIRECTION('',(0.290938104693337,0.727345261733162,0.621549587299169));
#16628=DIRECTION('',(-2.86619463630339E-17,1.0,1.75503804354113E-33));
#16629=DIRECTION('',(0.0,-1.0,0.0));
#16630=DIRECTION('',(0.0,0.0,1.0));
#16631=DIRECTION('',(0.0,0.760231447170638,0.649652327582099));
#16632=DIRECTION('',(0.0,0.084799830400508,-0.996398007205978));
#16633=DIRECTION('',(0.0,0.0,-1.0));
#16634=DIRECTION('',(-0.42268630631657,-0.0768520556938921,0.903011654403241));
#16635=DIRECTION('',(-2.8661946363034E-17,-1.0,1.75503804354113E-33));
#16636=DIRECTION('',(0.290938104693337,-0.727345261733162,-0.621549587299169));
#16637=DIRECTION('',(-1.0,0.0,6.12323399573676E-17));
#16638=DIRECTION('',(-1.0,0.0,6.12323399573676E-17));
#16639=DIRECTION('',(-1.0,0.0,6.12323399573676E-17));
#16640=DIRECTION('',(-1.0,0.0,6.12323399573676E-17));
#16641=DIRECTION('',(-1.0,0.0,6.12323399573676E-17));
#16642=DIRECTION('',(1.0,0.0,-6.12323399573676E-17));
#16643=DIRECTION('',(-1.0,0.0,6.12323399573676E-17));
#16644=DIRECTION('',(-6.12323399573676E-17,-5.93702152205981E-16,-1.0));
#16645=DIRECTION('',(-1.0,0.0,6.12323399573676E-17));
#16646=DIRECTION('',(-6.12323399573676E-17,7.49306878262195E-17,-1.0));
#16647=DIRECTION('',(-1.0,0.0,6.12323399573676E-17));
#16648=DIRECTION('',(6.12323399573676E-17,-7.49306878262195E-17,1.0));
#16649=DIRECTION('',(-1.0,0.0,6.12323399573676E-17));
#16650=DIRECTION('',(-6.12323399573676E-17,0.0,-1.0));
#16651=DIRECTION('',(0.0,-1.0,0.0));
#16652=DIRECTION('',(-6.12323399573676E-17,7.44283591927476E-17,-1.0));
#16653=DIRECTION('',(-7.27029133244701E-33,1.0,-1.18732867917654E-16));
#16654=DIRECTION('',(-6.12323399573676E-17,0.0,-1.0));
#16655=DIRECTION('',(3.71646368206569E-33,-1.0,6.06944579392725E-17));
#16656=DIRECTION('',(0.0,1.0,0.0));
#16657=DIRECTION('',(-1.0,0.0,6.12323399573676E-17));
#16658=DIRECTION('',(0.0,1.0,0.0));
#16659=DIRECTION('',(-1.0,0.0,6.12323399573676E-17));
#16660=DIRECTION('',(6.12323399573676E-17,-7.44283591927476E-17,1.0));
#16661=DIRECTION('',(-1.0,0.0,6.12323399573676E-17));
#16662=DIRECTION('',(7.27029133244701E-33,-1.0,1.18732867917654E-16));
#16663=DIRECTION('',(1.0,0.0,-6.12323399573676E-17));
#16664=DIRECTION('',(-1.0,0.0,6.12323399573676E-17));
#16665=DIRECTION('',(6.12323399573676E-17,0.0,1.0));
#16666=DIRECTION('',(-1.0,0.0,6.12323399573676E-17));
#16667=DIRECTION('',(6.12323399573676E-17,0.0,1.0));
#16668=DIRECTION('',(-1.0,0.0,6.12323399573676E-17));
#16669=DIRECTION('',(6.12323399573676E-17,0.0,1.0));
#16670=DIRECTION('',(0.0,-1.0,0.0));
#16671=DIRECTION('',(-3.71646368206569E-33,1.0,-6.06944579392725E-17));
#16672=DIRECTION('',(-6.12323399573676E-17,0.0,-1.0));
#16673=DIRECTION('',(0.0,1.0,0.0));
#16674=DIRECTION('',(-6.12323399573676E-17,0.0,-1.0));
#16675=DIRECTION('',(9.06420715631258E-32,1.0,1.48029736616687E-15));
#16676=DIRECTION('',(-6.12323399573676E-17,0.0,-1.0));
#16677=DIRECTION('',(0.0,-1.0,0.0));
#16678=DIRECTION('',(-6.12323399573676E-17,0.0,-1.0));
#16679=DIRECTION('',(0.0,-1.0,0.0));
#16680=DIRECTION('',(6.12323399573676E-17,0.0,1.0));
#16681=DIRECTION('',(1.30449117167217E-17,-0.977043570795937,0.213039575587085));
#16682=DIRECTION('',(6.12323399573676E-17,0.0,1.0));
#16683=DIRECTION('',(0.0,1.0,0.0));
#16684=DIRECTION('',(0.0,-1.0,0.0));
#16685=DIRECTION('',(-1.0,0.0,6.12323399573676E-17));
#16686=DIRECTION('',(0.0,-1.0,0.0));
#16687=DIRECTION('',(-6.12323399573676E-17,7.44283591927476E-17,-1.0));
#16688=DIRECTION('',(-6.12323399573676E-17,7.44283591927476E-17,-1.0));
#16689=DIRECTION('',(-1.0,0.0,6.12323399573676E-17));
#16690=DIRECTION('',(-7.27029133244701E-33,1.0,-1.18732867917654E-16));
#16691=DIRECTION('',(-7.27029133244701E-33,1.0,-1.18732867917654E-16));
#16692=DIRECTION('',(1.0,0.0,-6.12323399573676E-17));
#16693=DIRECTION('',(6.12323399573676E-17,-7.49306878262195E-17,1.0));
#16694=DIRECTION('',(-1.0,0.0,6.12323399573676E-17));
#16695=DIRECTION('',(-6.12323399573676E-17,7.49306878262195E-17,-1.0));
#16696=DIRECTION('',(-1.0,0.0,6.12323399573676E-17));
#16697=DIRECTION('',(0.0,-1.0,0.0));
#16698=DIRECTION('',(-3.71646368206569E-33,1.0,-6.06944579392725E-17));
#16699=DIRECTION('',(6.12323399573676E-17,0.0,1.0));
#16700=DIRECTION('',(0.0,-1.0,0.0));
#16701=DIRECTION('',(0.0,-1.0,0.0));
#16702=DIRECTION('',(6.12323399573676E-17,0.0,1.0));
#16703=DIRECTION('',(1.30449117167217E-17,-0.977043570795937,0.213039575587085));
#16704=DIRECTION('',(6.12323399573676E-17,0.0,1.0));
#16705=DIRECTION('',(0.0,-1.0,0.0));
#16706=DIRECTION('',(-6.12323399573676E-17,0.0,-1.0));
#16707=DIRECTION('',(0.0,-1.0,0.0));
#16708=DIRECTION('',(6.12323399573676E-17,0.0,1.0));
#16709=DIRECTION('',(9.06420715631258E-32,1.0,1.48029736616687E-15));
#16710=DIRECTION('',(6.12323399573676E-17,0.0,1.0));
#16711=DIRECTION('',(0.0,1.0,0.0));
#16712=DIRECTION('',(-6.12323399573676E-17,0.0,-1.0));
#16713=DIRECTION('',(3.71646368206569E-33,-1.0,6.06944579392725E-17));
#16714=DIRECTION('',(6.12323399573676E-17,0.0,1.0));
#16715=DIRECTION('',(0.0,1.0,0.0));
#16716=DIRECTION('',(0.0,-1.0,0.0));
#16717=DIRECTION('',(6.12323399573676E-17,0.0,1.0));
#16718=DIRECTION('',(-1.0,0.0,6.12323399573676E-17));
#16719=DIRECTION('',(-1.0,0.0,6.12323399573676E-17));
#16720=DIRECTION('',(6.12323399573676E-17,0.0,1.0));
#16721=DIRECTION('',(0.0,1.0,0.0));
#16722=DIRECTION('',(-6.12323399573676E-17,0.0,-1.0));
#16723=DIRECTION('',(-1.30586035302811E-30,-1.0,-2.13263179871503E-14));
#16724=DIRECTION('',(1.0,0.0,-6.12323399573676E-17));
#16725=DIRECTION('',(-1.0,0.0,6.12323399573676E-17));
#16726=DIRECTION('',(1.30586035302811E-30,1.0,2.13263179871503E-14));
#16727=DIRECTION('',(-6.12323399573676E-17,-0.0,-1.0));
#16728=DIRECTION('',(6.12323399573676E-17,0.0,1.0));
#16729=DIRECTION('',(0.0,-1.0,0.0));
#16730=DIRECTION('',(-1.0,0.0,6.12323399573676E-17));
#16731=DIRECTION('',(-1.0,0.0,6.12323399573676E-17));
#16732=DIRECTION('',(-1.0,0.0,6.12323399573676E-17));
#16733=DIRECTION('',(6.12323399573676E-17,0.0,1.0));
#16734=DIRECTION('',(1.0,0.0,-6.12323399573676E-17));
#16735=DIRECTION('',(-6.12323399573676E-17,-0.0,-1.0));
#16736=DIRECTION('',(-1.0,0.0,6.12323399573676E-17));
#16737=DIRECTION('',(6.12323399573676E-17,0.0,1.0));
#16738=DIRECTION('',(1.0,0.0,-6.12323399573676E-17));
#16739=DIRECTION('',(-6.12323399573676E-17,-0.0,-1.0));
#16740=DIRECTION('',(-1.0,0.0,6.12323399573676E-17));
#16741=DIRECTION('',(6.12323399573676E-17,0.0,1.0));
#16742=DIRECTION('',(1.0,0.0,-6.12323399573676E-17));
#16743=DIRECTION('',(-6.12323399573676E-17,-0.0,-1.0));
#16744=DIRECTION('',(-1.0,0.0,6.12323399573676E-17));
#16745=DIRECTION('',(6.12323399573676E-17,0.0,1.0));
#16746=DIRECTION('',(1.0,0.0,-6.12323399573676E-17));
#16747=DIRECTION('',(-6.12323399573676E-17,-0.0,-1.0));
#16748=DIRECTION('',(-1.0,0.0,6.12323399573676E-17));
#16749=DIRECTION('',(6.12323399573676E-17,0.0,1.0));
#16750=DIRECTION('',(1.0,0.0,-6.12323399573676E-17));
#16751=DIRECTION('',(-6.12323399573676E-17,-0.0,-1.0));
#16752=DIRECTION('',(-1.0,0.0,6.12323399573676E-17));
#16753=DIRECTION('',(6.12323399573676E-17,0.0,1.0));
#16754=DIRECTION('',(1.0,0.0,-6.12323399573676E-17));
#16755=DIRECTION('',(-6.12323399573676E-17,-0.0,-1.0));
#16756=DIRECTION('',(-1.0,0.0,6.12323399573676E-17));
#16757=DIRECTION('',(-1.0,0.0,6.12323399573676E-17));
#16758=DIRECTION('',(-1.0,0.0,6.12323399573676E-17));
#16759=DIRECTION('',(0.0,1.0,0.0));
#16760=DIRECTION('',(-6.12323399573676E-17,0.0,-1.0));
#16761=DIRECTION('',(-1.30586035302811E-30,-1.0,-2.13263179871503E-14));
#16762=DIRECTION('',(-1.0,0.0,6.12323399573676E-17));
#16763=DIRECTION('',(1.30586035302811E-30,1.0,2.13263179871503E-14));
#16764=DIRECTION('',(6.12323399573676E-17,0.0,1.0));
#16765=DIRECTION('',(0.0,-1.0,0.0));
#16766=DIRECTION('',(-1.0,0.0,6.12323399573676E-17));
#16767=DIRECTION('',(-1.0,0.0,6.12323399573676E-17));
#16768=DIRECTION('',(0.0,1.0,0.0));
#16769=DIRECTION('',(-6.12323399573676E-17,0.0,-1.0));
#16770=DIRECTION('',(-1.30586035302811E-30,-1.0,-2.13263179871503E-14));
#16771=DIRECTION('',(-1.0,0.0,6.12323399573676E-17));
#16772=DIRECTION('',(1.30586035302811E-30,1.0,2.13263179871503E-14));
#16773=DIRECTION('',(6.12323399573676E-17,0.0,1.0));
#16774=DIRECTION('',(0.0,-1.0,0.0));
#16775=DIRECTION('',(-1.0,0.0,6.12323399573676E-17));
#16776=DIRECTION('',(-1.0,0.0,6.12323399573676E-17));
#16777=DIRECTION('',(0.0,1.0,0.0));
#16778=DIRECTION('',(-6.12323399573676E-17,0.0,-1.0));
#16779=DIRECTION('',(-1.30586035302811E-30,-1.0,-2.13263179871503E-14));
#16780=DIRECTION('',(-1.0,0.0,6.12323399573676E-17));
#16781=DIRECTION('',(1.30586035302811E-30,1.0,2.13263179871503E-14));
#16782=DIRECTION('',(6.12323399573676E-17,0.0,1.0));
#16783=DIRECTION('',(0.0,-1.0,0.0));
#16784=DIRECTION('',(-1.0,0.0,6.12323399573676E-17));
#16785=DIRECTION('',(-1.0,0.0,6.12323399573676E-17));
#16786=DIRECTION('',(0.0,1.0,0.0));
#16787=DIRECTION('',(-6.12323399573676E-17,0.0,-1.0));
#16788=DIRECTION('',(-1.30586035302811E-30,-1.0,-2.13263179871503E-14));
#16789=DIRECTION('',(-1.0,0.0,6.12323399573676E-17));
#16790=DIRECTION('',(1.30586035302811E-30,1.0,2.13263179871503E-14));
#16791=DIRECTION('',(6.12323399573676E-17,0.0,1.0));
#16792=DIRECTION('',(0.0,-1.0,0.0));
#16793=DIRECTION('',(-1.0,0.0,6.12323399573676E-17));
#16794=DIRECTION('',(-1.0,0.0,6.12323399573676E-17));
#16795=DIRECTION('',(0.0,1.0,0.0));
#16796=DIRECTION('',(-6.12323399573676E-17,0.0,-1.0));
#16797=DIRECTION('',(-1.30586035302811E-30,-1.0,-2.13263179871503E-14));
#16798=DIRECTION('',(-1.0,0.0,6.12323399573676E-17));
#16799=DIRECTION('',(1.30586035302811E-30,1.0,2.13263179871503E-14));
#16800=DIRECTION('',(6.12323399573676E-17,0.0,1.0));
#16801=DIRECTION('',(0.0,-1.0,0.0));
#16802=DIRECTION('',(-1.0,0.0,6.12323399573676E-17));
#16803=DIRECTION('',(-1.0,0.0,6.12323399573676E-17));
#16804=DIRECTION('',(0.0,1.0,0.0));
#16805=DIRECTION('',(-6.12323399573676E-17,0.0,-1.0));
#16806=DIRECTION('',(-1.30586035302811E-30,-1.0,-2.13263179871503E-14));
#16807=DIRECTION('',(-1.0,0.0,6.12323399573676E-17));
#16808=DIRECTION('',(1.30586035302811E-30,1.0,2.13263179871503E-14));
#16809=DIRECTION('',(6.12323399573676E-17,0.0,1.0));
#16810=DIRECTION('',(0.0,-1.0,0.0));
#16811=DIRECTION('',(-1.0,0.0,6.12323399573676E-17));
#16812=DIRECTION('',(-1.0,0.0,6.12323399573676E-17));
#16813=DIRECTION('',(0.0,1.0,0.0));
#16814=DIRECTION('',(0.0,-1.0,0.0));
#16815=DIRECTION('',(-1.0,0.0,6.12323399573676E-17));
#16816=DIRECTION('',(-1.0,0.0,6.12323399573676E-17));
#16817=DIRECTION('',(-1.0,0.0,6.12323399573676E-17));
#16818=DIRECTION('',(-1.0,0.0,6.12323399573676E-17));
#16819=DIRECTION('',(-1.0,0.0,6.12323399573676E-17));
#16820=DIRECTION('',(-1.0,0.0,6.12323399573676E-17));
#16821=DIRECTION('',(-1.0,0.0,6.12323399573676E-17));
#16822=DIRECTION('',(-1.0,0.0,6.12323399573676E-17));
#16823=DIRECTION('',(-1.0,0.0,6.12323399573676E-17));
#16824=DIRECTION('',(-1.0,0.0,6.12323399573676E-17));
ENDSEC;
END-ISO-10303-21;
