ISO-10303-21;
HEADER;
FILE_DESCRIPTION((''),'2;1');
FILE_NAME('C-284391-4','2021-01-30T07:02:58',('workeradm'),(
'TE Connectivity Ltd.'),'CREO PARAMETRIC BY PTC INC, 2019292',
'CREO PARAMETRIC BY PTC INC, 2019292','');
FILE_SCHEMA(('AUTOMOTIVE_DESIGN { 1 0 10303 214 1 1 1 1 }'));
ENDSEC;
DATA;
#134=CARTESIAN_POINT('',(7.E0,6.15E0,-2.013033107515E0));
#135=DIRECTION('',(1.E0,0.E0,0.E0));
#136=DIRECTION('',(0.E0,1.E0,0.E0));
#137=AXIS2_PLACEMENT_3D('',#134,#135,#136);
#139=DIRECTION('',(0.E0,0.E0,-1.E0));
#140=VECTOR('',#139,1.890394867009E-1);
#141=CARTESIAN_POINT('',(7.E0,6.3E0,-2.013033107515E0));
#142=LINE('',#141,#140);
#143=DIRECTION('',(0.E0,1.E0,0.E0));
#144=VECTOR('',#143,2.2E0);
#145=CARTESIAN_POINT('',(7.E0,4.1E0,-2.202072594216E0));
#146=LINE('',#145,#144);
#147=DIRECTION('',(0.E0,0.E0,1.E0));
#148=VECTOR('',#147,5.958548115673E-1);
#149=CARTESIAN_POINT('',(7.E0,4.1E0,-2.797927405784E0));
#150=LINE('',#149,#148);
#151=DIRECTION('',(0.E0,1.E0,0.E0));
#152=VECTOR('',#151,2.2E0);
#153=CARTESIAN_POINT('',(7.E0,4.1E0,-2.797927405784E0));
#154=LINE('',#153,#152);
#155=DIRECTION('',(0.E0,0.E0,-1.E0));
#156=VECTOR('',#155,2.604145188433E0);
#157=CARTESIAN_POINT('',(7.E0,6.3E0,-2.797927405784E0));
#158=LINE('',#157,#156);
#159=DIRECTION('',(0.E0,1.E0,0.E0));
#160=VECTOR('',#159,2.2E0);
#161=CARTESIAN_POINT('',(7.E0,4.1E0,-5.402072594216E0));
#162=LINE('',#161,#160);
#163=DIRECTION('',(0.E0,0.E0,1.E0));
#164=VECTOR('',#163,5.958548115673E-1);
#165=CARTESIAN_POINT('',(7.E0,4.1E0,-5.997927405784E0));
#166=LINE('',#165,#164);
#167=DIRECTION('',(0.E0,1.E0,0.E0));
#168=VECTOR('',#167,2.2E0);
#169=CARTESIAN_POINT('',(7.E0,4.1E0,-5.997927405784E0));
#170=LINE('',#169,#168);
#171=DIRECTION('',(0.E0,0.E0,-1.E0));
#172=VECTOR('',#171,2.762076495398E-1);
#173=CARTESIAN_POINT('',(7.E0,6.3E0,-5.997927405784E0));
#174=LINE('',#173,#172);
#175=CARTESIAN_POINT('',(7.E0,6.15E0,-6.274135055323E0));
#176=DIRECTION('',(1.E0,0.E0,0.E0));
#177=DIRECTION('',(0.E0,1.736481776669E-1,-9.848077530122E-1));
#178=AXIS2_PLACEMENT_3D('',#175,#176,#177);
#180=DIRECTION('',(0.E0,-9.848077530122E-1,-1.736481776669E-1));
#181=VECTOR('',#180,3.529670858112E0);
#182=CARTESIAN_POINT('',(7.E0,6.176047226650E0,-6.421856218275E0));
#183=LINE('',#182,#181);
#184=DIRECTION('',(0.E0,0.E0,-1.E0));
#185=VECTOR('',#184,3.652228694495E-1);
#186=CARTESIAN_POINT('',(7.E0,2.7E0,-7.034777130550E0));
#187=LINE('',#186,#185);
#188=DIRECTION('',(0.E0,1.E0,0.E0));
#189=VECTOR('',#188,2.3E0);
#190=CARTESIAN_POINT('',(7.E0,4.E-1,-7.4E0));
#191=LINE('',#190,#189);
#192=DIRECTION('',(0.E0,0.E0,1.E0));
#193=VECTOR('',#192,8.E-1);
#194=CARTESIAN_POINT('',(7.E0,4.E-1,-8.2E0));
#195=LINE('',#194,#193);
#196=DIRECTION('',(0.E0,-1.E0,0.E0));
#197=VECTOR('',#196,6.7E0);
#198=CARTESIAN_POINT('',(7.E0,4.E-1,-8.2E0));
#199=LINE('',#198,#197);
#200=DIRECTION('',(0.E0,0.E0,1.E0));
#201=VECTOR('',#200,8.2E0);
#202=CARTESIAN_POINT('',(7.E0,-6.3E0,-8.2E0));
#203=LINE('',#202,#201);
#204=DIRECTION('',(0.E0,1.E0,0.E0));
#205=VECTOR('',#204,7.15E0);
#206=CARTESIAN_POINT('',(7.E0,-6.3E0,0.E0));
#207=LINE('',#206,#205);
#208=DIRECTION('',(0.E0,0.E0,-1.E0));
#209=VECTOR('',#208,3.372376476145E-1);
#210=CARTESIAN_POINT('',(7.E0,8.5E-1,0.E0));
#211=LINE('',#210,#209);
#212=DIRECTION('',(0.E0,9.612616959383E-1,-2.756373558170E-1));
#213=VECTOR('',#212,5.556598817930E0);
#214=CARTESIAN_POINT('',(7.E0,8.5E-1,-3.372376476145E-1));
#215=LINE('',#214,#213);
#216=DIRECTION('',(1.E0,0.E0,0.E0));
#217=VECTOR('',#216,1.4E1);
#218=CARTESIAN_POINT('',(-7.E0,6.191345603373E0,-1.868843853125E0));
#219=LINE('',#218,#217);
#220=DIRECTION('',(-1.E0,0.E0,0.E0));
#221=VECTOR('',#220,1.4E1);
#222=CARTESIAN_POINT('',(7.E0,8.5E-1,-3.372376476145E-1));
#223=LINE('',#222,#221);
#224=DIRECTION('',(-1.E0,0.E0,0.E0));
#225=VECTOR('',#224,1.4E1);
#226=CARTESIAN_POINT('',(7.E0,8.5E-1,0.E0));
#227=LINE('',#226,#225);
#228=DIRECTION('',(-1.E0,0.E0,0.E0));
#229=VECTOR('',#228,1.4E1);
#230=CARTESIAN_POINT('',(7.E0,-6.3E0,0.E0));
#231=LINE('',#230,#229);
#232=CARTESIAN_POINT('',(2.315428571429E1,-2.25E0,0.E0));
#233=DIRECTION('',(0.E0,0.E0,1.E0));
#234=DIRECTION('',(-9.909802116889E-1,1.340082834791E-1,0.E0));
#235=AXIS2_PLACEMENT_3D('',#232,#233,#234);
#237=DIRECTION('',(1.E0,0.E0,0.E0));
#238=VECTOR('',#237,2.645E0);
#239=CARTESIAN_POINT('',(3.9275E0,-4.85E0,0.E0));
#240=LINE('',#239,#238);
#241=CARTESIAN_POINT('',(-1.265428571429E1,-2.25E0,0.E0));
#242=DIRECTION('',(0.E0,0.E0,1.E0));
#243=DIRECTION('',(9.909802116889E-1,-1.340082834791E-1,0.E0));
#244=AXIS2_PLACEMENT_3D('',#241,#242,#243);
#246=DIRECTION('',(1.E0,0.E0,0.E0));
#247=VECTOR('',#246,2.645E0);
#248=CARTESIAN_POINT('',(3.9275E0,3.5E-1,0.E0));
#249=LINE('',#248,#247);
#250=CARTESIAN_POINT('',(1.965428571429E1,-2.25E0,0.E0));
#251=DIRECTION('',(0.E0,0.E0,1.E0));
#252=DIRECTION('',(-9.909802116889E-1,1.340082834791E-1,0.E0));
#253=AXIS2_PLACEMENT_3D('',#250,#251,#252);
#255=DIRECTION('',(1.E0,0.E0,0.E0));
#256=VECTOR('',#255,2.645E0);
#257=CARTESIAN_POINT('',(4.275E-1,-4.85E0,0.E0));
#258=LINE('',#257,#256);
#259=CARTESIAN_POINT('',(-1.615428571429E1,-2.25E0,0.E0));
#260=DIRECTION('',(0.E0,0.E0,1.E0));
#261=DIRECTION('',(9.909802116889E-1,-1.340082834791E-1,0.E0));
#262=AXIS2_PLACEMENT_3D('',#259,#260,#261);
#264=DIRECTION('',(1.E0,0.E0,0.E0));
#265=VECTOR('',#264,2.645E0);
#266=CARTESIAN_POINT('',(4.275E-1,3.5E-1,0.E0));
#267=LINE('',#266,#265);
#268=CARTESIAN_POINT('',(1.615428571429E1,-2.25E0,0.E0));
#269=DIRECTION('',(0.E0,0.E0,1.E0));
#270=DIRECTION('',(-9.909802116889E-1,1.340082834791E-1,0.E0));
#271=AXIS2_PLACEMENT_3D('',#268,#269,#270);
#273=DIRECTION('',(1.E0,0.E0,0.E0));
#274=VECTOR('',#273,2.645E0);
#275=CARTESIAN_POINT('',(-3.0725E0,-4.85E0,0.E0));
#276=LINE('',#275,#274);
#277=CARTESIAN_POINT('',(-1.965428571429E1,-2.25E0,0.E0));
#278=DIRECTION('',(0.E0,0.E0,1.E0));
#279=DIRECTION('',(9.909802116889E-1,-1.340082834791E-1,0.E0));
#280=AXIS2_PLACEMENT_3D('',#277,#278,#279);
#282=DIRECTION('',(1.E0,0.E0,0.E0));
#283=VECTOR('',#282,2.645E0);
#284=CARTESIAN_POINT('',(-3.0725E0,3.5E-1,0.E0));
#285=LINE('',#284,#283);
#286=CARTESIAN_POINT('',(1.265428571429E1,-2.25E0,0.E0));
#287=DIRECTION('',(0.E0,0.E0,1.E0));
#288=DIRECTION('',(-9.909802116889E-1,1.340082834791E-1,0.E0));
#289=AXIS2_PLACEMENT_3D('',#286,#287,#288);
#291=DIRECTION('',(1.E0,0.E0,0.E0));
#292=VECTOR('',#291,2.645E0);
#293=CARTESIAN_POINT('',(-6.5725E0,-4.85E0,0.E0));
#294=LINE('',#293,#292);
#295=CARTESIAN_POINT('',(-2.315428571429E1,-2.25E0,0.E0));
#296=DIRECTION('',(0.E0,0.E0,1.E0));
#297=DIRECTION('',(9.909802116889E-1,-1.340082834791E-1,0.E0));
#298=AXIS2_PLACEMENT_3D('',#295,#296,#297);
#300=DIRECTION('',(1.E0,0.E0,0.E0));
#301=VECTOR('',#300,2.645E0);
#302=CARTESIAN_POINT('',(-6.5725E0,3.5E-1,0.E0));
#303=LINE('',#302,#301);
#304=DIRECTION('',(-1.E0,0.E0,0.E0));
#305=VECTOR('',#304,1.4E1);
#306=CARTESIAN_POINT('',(7.E0,-6.3E0,-8.2E0));
#307=LINE('',#306,#305);
#308=DIRECTION('',(0.E0,0.E0,1.E0));
#309=VECTOR('',#308,5.E-1);
#310=CARTESIAN_POINT('',(5.7E0,-6.3E0,-4.35E0));
#311=LINE('',#310,#309);
#312=DIRECTION('',(-1.E0,0.E0,0.E0));
#313=VECTOR('',#312,9.E-1);
#314=CARTESIAN_POINT('',(5.7E0,-6.3E0,-3.85E0));
#315=LINE('',#314,#313);
#316=DIRECTION('',(0.E0,0.E0,-1.E0));
#317=VECTOR('',#316,5.E-1);
#318=CARTESIAN_POINT('',(4.8E0,-6.3E0,-3.85E0));
#319=LINE('',#318,#317);
#320=DIRECTION('',(1.E0,0.E0,0.E0));
#321=VECTOR('',#320,9.E-1);
#322=CARTESIAN_POINT('',(4.8E0,-6.3E0,-4.35E0));
#323=LINE('',#322,#321);
#324=DIRECTION('',(0.E0,0.E0,1.E0));
#325=VECTOR('',#324,5.E-1);
#326=CARTESIAN_POINT('',(2.2E0,-6.3E0,-4.35E0));
#327=LINE('',#326,#325);
#328=DIRECTION('',(-1.E0,0.E0,0.E0));
#329=VECTOR('',#328,9.E-1);
#330=CARTESIAN_POINT('',(2.2E0,-6.3E0,-3.85E0));
#331=LINE('',#330,#329);
#332=DIRECTION('',(0.E0,0.E0,-1.E0));
#333=VECTOR('',#332,5.E-1);
#334=CARTESIAN_POINT('',(1.3E0,-6.3E0,-3.85E0));
#335=LINE('',#334,#333);
#336=DIRECTION('',(1.E0,0.E0,0.E0));
#337=VECTOR('',#336,9.E-1);
#338=CARTESIAN_POINT('',(1.3E0,-6.3E0,-4.35E0));
#339=LINE('',#338,#337);
#340=DIRECTION('',(0.E0,0.E0,1.E0));
#341=VECTOR('',#340,5.E-1);
#342=CARTESIAN_POINT('',(-1.3E0,-6.3E0,-4.35E0));
#343=LINE('',#342,#341);
#344=DIRECTION('',(-1.E0,0.E0,0.E0));
#345=VECTOR('',#344,9.E-1);
#346=CARTESIAN_POINT('',(-1.3E0,-6.3E0,-3.85E0));
#347=LINE('',#346,#345);
#348=DIRECTION('',(0.E0,0.E0,-1.E0));
#349=VECTOR('',#348,5.E-1);
#350=CARTESIAN_POINT('',(-2.2E0,-6.3E0,-3.85E0));
#351=LINE('',#350,#349);
#352=DIRECTION('',(1.E0,0.E0,0.E0));
#353=VECTOR('',#352,9.E-1);
#354=CARTESIAN_POINT('',(-2.2E0,-6.3E0,-4.35E0));
#355=LINE('',#354,#353);
#356=DIRECTION('',(0.E0,0.E0,1.E0));
#357=VECTOR('',#356,5.E-1);
#358=CARTESIAN_POINT('',(-4.8E0,-6.3E0,-4.35E0));
#359=LINE('',#358,#357);
#360=DIRECTION('',(-1.E0,0.E0,0.E0));
#361=VECTOR('',#360,9.E-1);
#362=CARTESIAN_POINT('',(-4.8E0,-6.3E0,-3.85E0));
#363=LINE('',#362,#361);
#364=DIRECTION('',(0.E0,0.E0,-1.E0));
#365=VECTOR('',#364,5.E-1);
#366=CARTESIAN_POINT('',(-5.7E0,-6.3E0,-3.85E0));
#367=LINE('',#366,#365);
#368=DIRECTION('',(1.E0,0.E0,0.E0));
#369=VECTOR('',#368,9.E-1);
#370=CARTESIAN_POINT('',(-5.7E0,-6.3E0,-4.35E0));
#371=LINE('',#370,#369);
#372=DIRECTION('',(-1.E0,0.E0,0.E0));
#373=VECTOR('',#372,7.E-1);
#374=CARTESIAN_POINT('',(-3.15E0,-3.9083073E0,-8.2E0));
#375=LINE('',#374,#373);
#376=DIRECTION('',(0.E0,1.E0,0.E0));
#377=VECTOR('',#376,4.3083073E0);
#378=CARTESIAN_POINT('',(-3.85E0,-3.9083073E0,-8.2E0));
#379=LINE('',#378,#377);
#380=DIRECTION('',(-1.E0,0.E0,0.E0));
#381=VECTOR('',#380,1.598076211353E-1);
#382=CARTESIAN_POINT('',(-3.85E0,4.E-1,-8.2E0));
#383=LINE('',#382,#381);
#384=DIRECTION('',(0.E0,1.E0,0.E0));
#385=VECTOR('',#384,2.3E0);
#386=CARTESIAN_POINT('',(-4.009807621135E0,4.E-1,-8.2E0));
#387=LINE('',#386,#385);
#388=DIRECTION('',(-1.E0,0.E0,0.E0));
#389=VECTOR('',#388,7.151923788647E-1);
#390=CARTESIAN_POINT('',(-4.009807621135E0,2.7E0,-8.2E0));
#391=LINE('',#390,#389);
#392=DIRECTION('',(0.E0,-1.E0,0.E0));
#393=VECTOR('',#392,6.6083073E0);
#394=CARTESIAN_POINT('',(-4.725E0,2.7E0,-8.2E0));
#395=LINE('',#394,#393);
#396=DIRECTION('',(-1.E0,0.E0,0.E0));
#397=VECTOR('',#396,1.05E0);
#398=CARTESIAN_POINT('',(-4.725E0,-3.9083073E0,-8.2E0));
#399=LINE('',#398,#397);
#400=DIRECTION('',(0.E0,-1.E0,0.E0));
#401=VECTOR('',#400,6.6083073E0);
#402=CARTESIAN_POINT('',(-5.775E0,2.7E0,-8.2E0));
#403=LINE('',#402,#401);
#404=DIRECTION('',(-1.E0,0.E0,0.E0));
#405=VECTOR('',#404,7.151923788647E-1);
#406=CARTESIAN_POINT('',(-5.775E0,2.7E0,-8.2E0));
#407=LINE('',#406,#405);
#408=DIRECTION('',(0.E0,1.E0,0.E0));
#409=VECTOR('',#408,2.3E0);
#410=CARTESIAN_POINT('',(-6.490192378865E0,4.E-1,-8.2E0));
#411=LINE('',#410,#409);
#412=DIRECTION('',(-1.E0,0.E0,0.E0));
#413=VECTOR('',#412,5.098076211353E-1);
#414=CARTESIAN_POINT('',(-6.490192378865E0,4.E-1,-8.2E0));
#415=LINE('',#414,#413);
#416=DIRECTION('',(-1.E0,0.E0,0.E0));
#417=VECTOR('',#416,5.098076211353E-1);
#418=CARTESIAN_POINT('',(7.E0,4.E-1,-8.2E0));
#419=LINE('',#418,#417);
#420=DIRECTION('',(0.E0,1.E0,0.E0));
#421=VECTOR('',#420,2.3E0);
#422=CARTESIAN_POINT('',(6.490192378865E0,4.E-1,-8.2E0));
#423=LINE('',#422,#421);
#424=DIRECTION('',(-1.E0,0.E0,0.E0));
#425=VECTOR('',#424,7.151923788647E-1);
#426=CARTESIAN_POINT('',(6.490192378865E0,2.7E0,-8.2E0));
#427=LINE('',#426,#425);
#428=DIRECTION('',(0.E0,-1.E0,0.E0));
#429=VECTOR('',#428,6.6083073E0);
#430=CARTESIAN_POINT('',(5.775E0,2.7E0,-8.2E0));
#431=LINE('',#430,#429);
#432=DIRECTION('',(-1.E0,0.E0,0.E0));
#433=VECTOR('',#432,1.05E0);
#434=CARTESIAN_POINT('',(5.775E0,-3.9083073E0,-8.2E0));
#435=LINE('',#434,#433);
#436=DIRECTION('',(0.E0,-1.E0,0.E0));
#437=VECTOR('',#436,6.6083073E0);
#438=CARTESIAN_POINT('',(4.725E0,2.7E0,-8.2E0));
#439=LINE('',#438,#437);
#440=DIRECTION('',(-1.E0,0.E0,0.E0));
#441=VECTOR('',#440,7.151923788647E-1);
#442=CARTESIAN_POINT('',(4.725E0,2.7E0,-8.2E0));
#443=LINE('',#442,#441);
#444=DIRECTION('',(0.E0,1.E0,0.E0));
#445=VECTOR('',#444,2.3E0);
#446=CARTESIAN_POINT('',(4.009807621135E0,4.E-1,-8.2E0));
#447=LINE('',#446,#445);
#448=DIRECTION('',(-1.E0,0.E0,0.E0));
#449=VECTOR('',#448,1.598076211353E-1);
#450=CARTESIAN_POINT('',(4.009807621135E0,4.E-1,-8.2E0));
#451=LINE('',#450,#449);
#452=DIRECTION('',(0.E0,1.E0,0.E0));
#453=VECTOR('',#452,4.3083073E0);
#454=CARTESIAN_POINT('',(3.85E0,-3.9083073E0,-8.2E0));
#455=LINE('',#454,#453);
#456=DIRECTION('',(-1.E0,0.E0,0.E0));
#457=VECTOR('',#456,7.E-1);
#458=CARTESIAN_POINT('',(3.85E0,-3.9083073E0,-8.2E0));
#459=LINE('',#458,#457);
#460=DIRECTION('',(0.E0,1.E0,0.E0));
#461=VECTOR('',#460,4.3083073E0);
#462=CARTESIAN_POINT('',(3.15E0,-3.9083073E0,-8.2E0));
#463=LINE('',#462,#461);
#464=DIRECTION('',(-1.E0,0.E0,0.E0));
#465=VECTOR('',#464,1.598076211353E-1);
#466=CARTESIAN_POINT('',(3.15E0,4.E-1,-8.2E0));
#467=LINE('',#466,#465);
#468=DIRECTION('',(0.E0,1.E0,0.E0));
#469=VECTOR('',#468,2.3E0);
#470=CARTESIAN_POINT('',(2.990192378865E0,4.E-1,-8.2E0));
#471=LINE('',#470,#469);
#472=DIRECTION('',(-1.E0,0.E0,0.E0));
#473=VECTOR('',#472,7.151923788647E-1);
#474=CARTESIAN_POINT('',(2.990192378865E0,2.7E0,-8.2E0));
#475=LINE('',#474,#473);
#476=DIRECTION('',(0.E0,-1.E0,0.E0));
#477=VECTOR('',#476,6.6083073E0);
#478=CARTESIAN_POINT('',(2.275E0,2.7E0,-8.2E0));
#479=LINE('',#478,#477);
#480=DIRECTION('',(-1.E0,0.E0,0.E0));
#481=VECTOR('',#480,1.05E0);
#482=CARTESIAN_POINT('',(2.275E0,-3.9083073E0,-8.2E0));
#483=LINE('',#482,#481);
#484=DIRECTION('',(0.E0,-1.E0,0.E0));
#485=VECTOR('',#484,6.6083073E0);
#486=CARTESIAN_POINT('',(1.225E0,2.7E0,-8.2E0));
#487=LINE('',#486,#485);
#488=DIRECTION('',(-1.E0,0.E0,0.E0));
#489=VECTOR('',#488,7.151923788647E-1);
#490=CARTESIAN_POINT('',(1.225E0,2.7E0,-8.2E0));
#491=LINE('',#490,#489);
#492=DIRECTION('',(0.E0,1.E0,0.E0));
#493=VECTOR('',#492,2.3E0);
#494=CARTESIAN_POINT('',(5.098076211353E-1,4.E-1,-8.2E0));
#495=LINE('',#494,#493);
#496=DIRECTION('',(-1.E0,0.E0,0.E0));
#497=VECTOR('',#496,1.598076211353E-1);
#498=CARTESIAN_POINT('',(5.098076211353E-1,4.E-1,-8.2E0));
#499=LINE('',#498,#497);
#500=DIRECTION('',(0.E0,1.E0,0.E0));
#501=VECTOR('',#500,4.3083073E0);
#502=CARTESIAN_POINT('',(3.5E-1,-3.9083073E0,-8.2E0));
#503=LINE('',#502,#501);
#504=DIRECTION('',(-1.E0,0.E0,0.E0));
#505=VECTOR('',#504,7.E-1);
#506=CARTESIAN_POINT('',(3.5E-1,-3.9083073E0,-8.2E0));
#507=LINE('',#506,#505);
#508=DIRECTION('',(0.E0,1.E0,0.E0));
#509=VECTOR('',#508,4.3083073E0);
#510=CARTESIAN_POINT('',(-3.5E-1,-3.9083073E0,-8.2E0));
#511=LINE('',#510,#509);
#512=DIRECTION('',(-1.E0,0.E0,0.E0));
#513=VECTOR('',#512,1.598076211353E-1);
#514=CARTESIAN_POINT('',(-3.5E-1,4.E-1,-8.2E0));
#515=LINE('',#514,#513);
#516=DIRECTION('',(0.E0,1.E0,0.E0));
#517=VECTOR('',#516,2.3E0);
#518=CARTESIAN_POINT('',(-5.098076211353E-1,4.E-1,-8.2E0));
#519=LINE('',#518,#517);
#520=DIRECTION('',(-1.E0,0.E0,0.E0));
#521=VECTOR('',#520,7.151923788647E-1);
#522=CARTESIAN_POINT('',(-5.098076211353E-1,2.7E0,-8.2E0));
#523=LINE('',#522,#521);
#524=DIRECTION('',(0.E0,-1.E0,0.E0));
#525=VECTOR('',#524,6.6083073E0);
#526=CARTESIAN_POINT('',(-1.225E0,2.7E0,-8.2E0));
#527=LINE('',#526,#525);
#528=DIRECTION('',(-1.E0,0.E0,0.E0));
#529=VECTOR('',#528,1.05E0);
#530=CARTESIAN_POINT('',(-1.225E0,-3.9083073E0,-8.2E0));
#531=LINE('',#530,#529);
#532=DIRECTION('',(0.E0,-1.E0,0.E0));
#533=VECTOR('',#532,6.6083073E0);
#534=CARTESIAN_POINT('',(-2.275E0,2.7E0,-8.2E0));
#535=LINE('',#534,#533);
#536=DIRECTION('',(-1.E0,0.E0,0.E0));
#537=VECTOR('',#536,7.151923788647E-1);
#538=CARTESIAN_POINT('',(-2.275E0,2.7E0,-8.2E0));
#539=LINE('',#538,#537);
#540=DIRECTION('',(0.E0,1.E0,0.E0));
#541=VECTOR('',#540,2.3E0);
#542=CARTESIAN_POINT('',(-2.990192378865E0,4.E-1,-8.2E0));
#543=LINE('',#542,#541);
#544=DIRECTION('',(-1.E0,0.E0,0.E0));
#545=VECTOR('',#544,1.598076211353E-1);
#546=CARTESIAN_POINT('',(-2.990192378865E0,4.E-1,-8.2E0));
#547=LINE('',#546,#545);
#548=DIRECTION('',(0.E0,1.E0,0.E0));
#549=VECTOR('',#548,4.3083073E0);
#550=CARTESIAN_POINT('',(-3.15E0,-3.9083073E0,-8.2E0));
#551=LINE('',#550,#549);
#552=DIRECTION('',(0.E0,-9.847948827351E-1,-1.737211528246E-1));
#553=VECTOR('',#552,4.374827058437E0);
#554=CARTESIAN_POINT('',(-3.15E0,4.E-1,-7.44E0));
#555=LINE('',#554,#553);
#556=DIRECTION('',(1.E0,0.E0,0.E0));
#557=VECTOR('',#556,7.E-1);
#558=CARTESIAN_POINT('',(-3.85E0,4.E-1,-7.44E0));
#559=LINE('',#558,#557);
#560=DIRECTION('',(0.E0,0.E0,1.E0));
#561=VECTOR('',#560,7.6E-1);
#562=CARTESIAN_POINT('',(-3.15E0,4.E-1,-8.2E0));
#563=LINE('',#562,#561);
#564=CARTESIAN_POINT('',(-2.990192378865E0,4.E-1,-8.05E0));
#565=DIRECTION('',(0.E0,-1.E0,0.E0));
#566=DIRECTION('',(-8.660254037844E-1,0.E0,5.E-1));
#567=AXIS2_PLACEMENT_3D('',#564,#565,#566);
#569=DIRECTION('',(-5.E-1,0.E0,-8.660254037844E-1));
#570=VECTOR('',#569,5.773502691896E-1);
#571=CARTESIAN_POINT('',(-2.831421054838E0,4.E-1,-7.475E0));
#572=LINE('',#571,#570);
#573=CARTESIAN_POINT('',(-2.874722325027E0,4.E-1,-7.45E0));
#574=DIRECTION('',(0.E0,1.E0,0.E0));
#575=DIRECTION('',(0.E0,0.E0,1.E0));
#576=AXIS2_PLACEMENT_3D('',#573,#574,#575);
#578=DIRECTION('',(1.E0,0.E0,0.E0));
#579=VECTOR('',#578,1.250555349947E0);
#580=CARTESIAN_POINT('',(-4.125277674973E0,4.E-1,-7.4E0));
#581=LINE('',#580,#579);
#582=CARTESIAN_POINT('',(-4.125277674973E0,4.E-1,-7.45E0));
#583=DIRECTION('',(0.E0,1.E0,0.E0));
#584=DIRECTION('',(-8.660254037844E-1,0.E0,-5.E-1));
#585=AXIS2_PLACEMENT_3D('',#582,#583,#584);
#587=DIRECTION('',(-5.E-1,0.E0,8.660254037844E-1));
#588=VECTOR('',#587,5.773502691896E-1);
#589=CARTESIAN_POINT('',(-3.879903810568E0,4.E-1,-7.975E0));
#590=LINE('',#589,#588);
#591=CARTESIAN_POINT('',(-4.009807621135E0,4.E-1,-8.05E0));
#592=DIRECTION('',(0.E0,-1.E0,0.E0));
#593=DIRECTION('',(0.E0,0.E0,-1.E0));
#594=AXIS2_PLACEMENT_3D('',#591,#592,#593);
#596=DIRECTION('',(0.E0,0.E0,1.E0));
#597=VECTOR('',#596,7.6E-1);
#598=CARTESIAN_POINT('',(-3.85E0,4.E-1,-8.2E0));
#599=LINE('',#598,#597);
#600=DIRECTION('',(0.E0,-1.E0,0.E0));
#601=VECTOR('',#600,2.3E0);
#602=CARTESIAN_POINT('',(-3.120096189432E0,2.7E0,-7.975E0));
#603=LINE('',#602,#601);
#604=CARTESIAN_POINT('',(-2.874722325027E0,2.7E0,-7.45E0));
#605=DIRECTION('',(0.E0,1.E0,0.E0));
#606=DIRECTION('',(1.776356839400E-14,0.E0,1.E0));
#607=AXIS2_PLACEMENT_3D('',#604,#605,#606);
#609=DIRECTION('',(-5.E-1,0.E0,-8.660254037844E-1));
#610=VECTOR('',#609,5.773502691896E-1);
#611=CARTESIAN_POINT('',(-2.831421054838E0,2.7E0,-7.475E0));
#612=LINE('',#611,#610);
#613=CARTESIAN_POINT('',(-2.990192378865E0,2.7E0,-8.05E0));
#614=DIRECTION('',(0.E0,1.E0,0.E0));
#615=DIRECTION('',(0.E0,0.E0,-1.E0));
#616=AXIS2_PLACEMENT_3D('',#613,#614,#615);
#618=DIRECTION('',(0.E0,0.E0,1.E0));
#619=VECTOR('',#618,1.04722334E0);
#620=CARTESIAN_POINT('',(-2.275E0,2.7E0,-8.2E0));
#621=LINE('',#620,#619);
#622=DIRECTION('',(-1.E0,0.E0,0.E0));
#623=VECTOR('',#622,1.05E0);
#624=CARTESIAN_POINT('',(-1.225E0,2.7E0,-7.15277666E0));
#625=LINE('',#624,#623);
#626=DIRECTION('',(0.E0,0.E0,1.E0));
#627=VECTOR('',#626,1.04722334E0);
#628=CARTESIAN_POINT('',(-1.225E0,2.7E0,-8.2E0));
#629=LINE('',#628,#627);
#630=CARTESIAN_POINT('',(-5.098076211353E-1,2.7E0,-8.05E0));
#631=DIRECTION('',(0.E0,1.E0,0.E0));
#632=DIRECTION('',(8.660254037844E-1,0.E0,5.E-1));
#633=AXIS2_PLACEMENT_3D('',#630,#631,#632);
#635=DIRECTION('',(-5.E-1,0.E0,8.660254037844E-1));
#636=VECTOR('',#635,5.773502691896E-1);
#637=CARTESIAN_POINT('',(-3.799038105677E-1,2.7E0,-7.975E0));
#638=LINE('',#637,#636);
#639=CARTESIAN_POINT('',(-6.252776749733E-1,2.7E0,-7.45E0));
#640=DIRECTION('',(0.E0,1.E0,0.E0));
#641=DIRECTION('',(-8.660254037844E-1,0.E0,-5.E-1));
#642=AXIS2_PLACEMENT_3D('',#639,#640,#641);
#644=DIRECTION('',(1.E0,0.E0,0.E0));
#645=VECTOR('',#644,1.250555349947E0);
#646=CARTESIAN_POINT('',(-6.252776749733E-1,2.7E0,-7.4E0));
#647=LINE('',#646,#645);
#648=CARTESIAN_POINT('',(6.252776749733E-1,2.7E0,-7.45E0));
#649=DIRECTION('',(0.E0,1.E0,0.E0));
#650=DIRECTION('',(0.E0,0.E0,1.E0));
#651=AXIS2_PLACEMENT_3D('',#648,#649,#650);
#653=DIRECTION('',(-5.E-1,0.E0,-8.660254037844E-1));
#654=VECTOR('',#653,5.773502691896E-1);
#655=CARTESIAN_POINT('',(6.685789451625E-1,2.7E0,-7.475E0));
#656=LINE('',#655,#654);
#657=CARTESIAN_POINT('',(5.098076211353E-1,2.7E0,-8.05E0));
#658=DIRECTION('',(0.E0,1.E0,0.E0));
#659=DIRECTION('',(0.E0,0.E0,-1.E0));
#660=AXIS2_PLACEMENT_3D('',#657,#658,#659);
#662=DIRECTION('',(0.E0,0.E0,1.E0));
#663=VECTOR('',#662,1.04722334E0);
#664=CARTESIAN_POINT('',(1.225E0,2.7E0,-8.2E0));
#665=LINE('',#664,#663);
#666=DIRECTION('',(-1.E0,0.E0,0.E0));
#667=VECTOR('',#666,1.05E0);
#668=CARTESIAN_POINT('',(2.275E0,2.7E0,-7.15277666E0));
#669=LINE('',#668,#667);
#670=DIRECTION('',(0.E0,0.E0,1.E0));
#671=VECTOR('',#670,1.04722334E0);
#672=CARTESIAN_POINT('',(2.275E0,2.7E0,-8.2E0));
#673=LINE('',#672,#671);
#674=CARTESIAN_POINT('',(2.990192378865E0,2.7E0,-8.05E0));
#675=DIRECTION('',(0.E0,1.E0,0.E0));
#676=DIRECTION('',(8.660254037844E-1,0.E0,5.E-1));
#677=AXIS2_PLACEMENT_3D('',#674,#675,#676);
#679=DIRECTION('',(-5.E-1,0.E0,8.660254037844E-1));
#680=VECTOR('',#679,5.773502691896E-1);
#681=CARTESIAN_POINT('',(3.120096189432E0,2.7E0,-7.975E0));
#682=LINE('',#681,#680);
#683=CARTESIAN_POINT('',(2.874722325027E0,2.7E0,-7.45E0));
#684=DIRECTION('',(0.E0,1.E0,0.E0));
#685=DIRECTION('',(-8.660254037844E-1,0.E0,-5.E-1));
#686=AXIS2_PLACEMENT_3D('',#683,#684,#685);
#688=DIRECTION('',(1.E0,0.E0,0.E0));
#689=VECTOR('',#688,1.250555349947E0);
#690=CARTESIAN_POINT('',(2.874722325027E0,2.7E0,-7.4E0));
#691=LINE('',#690,#689);
#692=CARTESIAN_POINT('',(4.125277674973E0,2.7E0,-7.45E0));
#693=DIRECTION('',(0.E0,1.E0,0.E0));
#694=DIRECTION('',(0.E0,0.E0,1.E0));
#695=AXIS2_PLACEMENT_3D('',#692,#693,#694);
#697=DIRECTION('',(-5.E-1,0.E0,-8.660254037844E-1));
#698=VECTOR('',#697,5.773502691896E-1);
#699=CARTESIAN_POINT('',(4.168578945162E0,2.7E0,-7.475E0));
#700=LINE('',#699,#698);
#701=CARTESIAN_POINT('',(4.009807621135E0,2.7E0,-8.05E0));
#702=DIRECTION('',(0.E0,1.E0,0.E0));
#703=DIRECTION('',(0.E0,0.E0,-1.E0));
#704=AXIS2_PLACEMENT_3D('',#701,#702,#703);
#706=DIRECTION('',(0.E0,0.E0,1.E0));
#707=VECTOR('',#706,1.04722334E0);
#708=CARTESIAN_POINT('',(4.725E0,2.7E0,-8.2E0));
#709=LINE('',#708,#707);
#710=DIRECTION('',(-1.E0,0.E0,0.E0));
#711=VECTOR('',#710,1.05E0);
#712=CARTESIAN_POINT('',(5.775E0,2.7E0,-7.15277666E0));
#713=LINE('',#712,#711);
#714=DIRECTION('',(0.E0,0.E0,1.E0));
#715=VECTOR('',#714,1.04722334E0);
#716=CARTESIAN_POINT('',(5.775E0,2.7E0,-8.2E0));
#717=LINE('',#716,#715);
#718=CARTESIAN_POINT('',(6.490192378865E0,2.7E0,-8.05E0));
#719=DIRECTION('',(0.E0,1.E0,0.E0));
#720=DIRECTION('',(8.660254037844E-1,0.E0,5.E-1));
#721=AXIS2_PLACEMENT_3D('',#718,#719,#720);
#723=DIRECTION('',(-5.E-1,0.E0,8.660254037844E-1));
#724=VECTOR('',#723,5.773502691896E-1);
#725=CARTESIAN_POINT('',(6.620096189432E0,2.7E0,-7.975E0));
#726=LINE('',#725,#724);
#727=CARTESIAN_POINT('',(6.374722325027E0,2.7E0,-7.45E0));
#728=DIRECTION('',(0.E0,1.E0,0.E0));
#729=DIRECTION('',(-8.660254037844E-1,0.E0,-5.000000000001E-1));
#730=AXIS2_PLACEMENT_3D('',#727,#728,#729);
#732=DIRECTION('',(-1.E0,0.E0,0.E0));
#733=VECTOR('',#732,6.252776749733E-1);
#734=CARTESIAN_POINT('',(7.E0,2.7E0,-7.4E0));
#735=LINE('',#734,#733);
#736=DIRECTION('',(-1.E0,0.E0,0.E0));
#737=VECTOR('',#736,1.4E1);
#738=CARTESIAN_POINT('',(7.E0,2.7E0,-7.034777130550E0));
#739=LINE('',#738,#737);
#740=DIRECTION('',(1.E0,0.E0,0.E0));
#741=VECTOR('',#740,6.252776749733E-1);
#742=CARTESIAN_POINT('',(-7.E0,2.7E0,-7.4E0));
#743=LINE('',#742,#741);
#744=CARTESIAN_POINT('',(-6.374722325027E0,2.7E0,-7.45E0));
#745=DIRECTION('',(0.E0,1.E0,0.E0));
#746=DIRECTION('',(0.E0,0.E0,1.E0));
#747=AXIS2_PLACEMENT_3D('',#744,#745,#746);
#749=DIRECTION('',(-5.E-1,0.E0,-8.660254037844E-1));
#750=VECTOR('',#749,5.773502691896E-1);
#751=CARTESIAN_POINT('',(-6.331421054838E0,2.7E0,-7.475E0));
#752=LINE('',#751,#750);
#753=CARTESIAN_POINT('',(-6.490192378865E0,2.7E0,-8.05E0));
#754=DIRECTION('',(0.E0,1.E0,0.E0));
#755=DIRECTION('',(0.E0,0.E0,-1.E0));
#756=AXIS2_PLACEMENT_3D('',#753,#754,#755);
#758=DIRECTION('',(0.E0,0.E0,1.E0));
#759=VECTOR('',#758,1.04722334E0);
#760=CARTESIAN_POINT('',(-5.775E0,2.7E0,-8.2E0));
#761=LINE('',#760,#759);
#762=DIRECTION('',(-1.E0,0.E0,0.E0));
#763=VECTOR('',#762,1.05E0);
#764=CARTESIAN_POINT('',(-4.725E0,2.7E0,-7.15277666E0));
#765=LINE('',#764,#763);
#766=DIRECTION('',(0.E0,0.E0,1.E0));
#767=VECTOR('',#766,1.04722334E0);
#768=CARTESIAN_POINT('',(-4.725E0,2.7E0,-8.2E0));
#769=LINE('',#768,#767);
#770=CARTESIAN_POINT('',(-4.009807621135E0,2.7E0,-8.05E0));
#771=DIRECTION('',(0.E0,1.E0,0.E0));
#772=DIRECTION('',(8.660254037844E-1,0.E0,5.000000000001E-1));
#773=AXIS2_PLACEMENT_3D('',#770,#771,#772);
#775=DIRECTION('',(-5.E-1,0.E0,8.660254037844E-1));
#776=VECTOR('',#775,5.773502691896E-1);
#777=CARTESIAN_POINT('',(-3.879903810568E0,2.7E0,-7.975E0));
#778=LINE('',#777,#776);
#779=CARTESIAN_POINT('',(-4.125277674973E0,2.7E0,-7.45E0));
#780=DIRECTION('',(0.E0,1.E0,0.E0));
#781=DIRECTION('',(-8.660254037846E-1,0.E0,-4.999999999997E-1));
#782=AXIS2_PLACEMENT_3D('',#779,#780,#781);
#784=DIRECTION('',(1.E0,0.E0,0.E0));
#785=VECTOR('',#784,1.250555349947E0);
#786=CARTESIAN_POINT('',(-4.125277674973E0,2.7E0,-7.4E0));
#787=LINE('',#786,#785);
#788=DIRECTION('',(0.E0,-1.E0,0.E0));
#789=VECTOR('',#788,2.3E0);
#790=CARTESIAN_POINT('',(-2.874722325027E0,2.7E0,-7.4E0));
#791=LINE('',#790,#789);
#792=DIRECTION('',(0.E0,-1.E0,0.E0));
#793=VECTOR('',#792,2.3E0);
#794=CARTESIAN_POINT('',(-4.125277674973E0,2.7E0,-7.4E0));
#795=LINE('',#794,#793);
#796=DIRECTION('',(0.E0,-1.E0,0.E0));
#797=VECTOR('',#796,2.3E0);
#798=CARTESIAN_POINT('',(-4.168578945162E0,2.7E0,-7.475E0));
#799=LINE('',#798,#797);
#800=DIRECTION('',(0.E0,-1.E0,0.E0));
#801=VECTOR('',#800,2.3E0);
#802=CARTESIAN_POINT('',(-3.879903810568E0,2.7E0,-7.975E0));
#803=LINE('',#802,#801);
#804=DIRECTION('',(0.E0,-1.E0,0.E0));
#805=VECTOR('',#804,2.3E0);
#806=CARTESIAN_POINT('',(-2.831421054838E0,2.7E0,-7.475E0));
#807=LINE('',#806,#805);
#808=DIRECTION('',(0.E0,-9.848077530122E-1,-1.736481776669E-1));
#809=VECTOR('',#808,1.226947387756E0);
#810=CARTESIAN_POINT('',(-2.275E0,-2.7E0,-7.986942822023E0));
#811=LINE('',#810,#809);
#812=DIRECTION('',(0.E0,0.E0,1.E0));
#813=VECTOR('',#812,6.36943E-1);
#814=CARTESIAN_POINT('',(-2.275E0,-2.7E0,-7.986942822023E0));
#815=LINE('',#814,#813);
#816=DIRECTION('',(0.E0,1.E0,0.E0));
#817=VECTOR('',#816,1.636757887453E0);
#818=CARTESIAN_POINT('',(-2.275E0,-2.7E0,-7.349999822023E0));
#819=LINE('',#818,#817);
#820=DIRECTION('',(0.E0,9.986295347546E-1,5.233595624294E-2));
#821=VECTOR('',#820,3.768406582799E0);
#822=CARTESIAN_POINT('',(-2.275E0,-1.063242112547E0,-7.349999822023E0));
#823=LINE('',#822,#821);
#824=DIRECTION('',(0.E0,9.848077530122E-1,1.736481776669E-1));
#825=VECTOR('',#824,1.226947387756E0);
#826=CARTESIAN_POINT('',(-1.225E0,-3.9083073E0,-8.2E0));
#827=LINE('',#826,#825);
#828=DIRECTION('',(0.E0,9.986295347546E-1,5.233595624294E-2));
#829=VECTOR('',#828,3.768406582799E0);
#830=CARTESIAN_POINT('',(-1.225E0,-1.063242112547E0,-7.349999822023E0));
#831=LINE('',#830,#829);
#832=DIRECTION('',(0.E0,1.E0,0.E0));
#833=VECTOR('',#832,1.636757887453E0);
#834=CARTESIAN_POINT('',(-1.225E0,-2.7E0,-7.349999822023E0));
#835=LINE('',#834,#833);
#836=DIRECTION('',(0.E0,0.E0,1.E0));
#837=VECTOR('',#836,6.36943E-1);
#838=CARTESIAN_POINT('',(-1.225E0,-2.7E0,-7.986942822023E0));
#839=LINE('',#838,#837);
#840=DIRECTION('',(-1.E0,0.E0,0.E0));
#841=VECTOR('',#840,1.05E0);
#842=CARTESIAN_POINT('',(-1.225E0,-1.063242112547E0,-7.349999822023E0));
#843=LINE('',#842,#841);
#844=DIRECTION('',(1.E0,0.E0,0.E0));
#845=VECTOR('',#844,1.2720596E-1);
#846=CARTESIAN_POINT('',(-1.81360298E0,-1.96234237E0,-7.349999822023E0));
#847=LINE('',#846,#845);
#848=DIRECTION('',(3.420201433257E-1,-9.396926207859E-1,0.E0));
#849=VECTOR('',#848,5.847609225289E-1);
#850=CARTESIAN_POINT('',(-1.68639702E0,-1.96234237E0,-7.349999822023E0));
#851=LINE('',#850,#849);
#852=DIRECTION('',(1.899126825887E-1,-9.818009844118E-1,0.E0));
#853=VECTOR('',#852,1.916499465402E-1);
#854=CARTESIAN_POINT('',(-1.486397005465E0,-2.511837893824E0,
-7.349999822023E0));
#855=LINE('',#854,#853);
#856=DIRECTION('',(-1.E0,0.E0,0.E0));
#857=VECTOR('',#856,2.2500025E-1);
#858=CARTESIAN_POINT('',(-1.225E0,-2.7E0,-7.349999822023E0));
#859=LINE('',#858,#857);
#860=DIRECTION('',(-1.E0,0.E0,0.E0));
#861=VECTOR('',#860,2.2500025E-1);
#862=CARTESIAN_POINT('',(-2.04999975E0,-2.7E0,-7.349999822023E0));
#863=LINE('',#862,#861);
#864=DIRECTION('',(1.899126825887E-1,9.818009844118E-1,0.E0));
#865=VECTOR('',#864,1.916499465402E-1);
#866=CARTESIAN_POINT('',(-2.04999975E0,-2.7E0,-7.349999822023E0));
#867=LINE('',#866,#865);
#868=DIRECTION('',(3.420201433257E-1,9.396926207859E-1,0.E0));
#869=VECTOR('',#868,5.847609225289E-1);
#870=CARTESIAN_POINT('',(-2.013602994535E0,-2.511837893824E0,
-7.349999822023E0));
#871=LINE('',#870,#869);
#872=CARTESIAN_POINT('',(-1.911749350903E0,-2.511837853891E0,
-7.549999822023E0));
#873=CARTESIAN_POINT('',(-1.918963778701E0,-2.511837853891E0,
-7.549999822023E0));
#874=CARTESIAN_POINT('',(-1.929760936995E0,-2.508175820004E0,
-7.548666950691E0));
#875=CARTESIAN_POINT('',(-1.941616845718E0,-2.498306688653E0,
-7.545074880641E0));
#876=CARTESIAN_POINT('',(-1.950645331978E0,-2.485586516588E0,
-7.540445116635E0));
#877=CARTESIAN_POINT('',(-1.960045464824E0,-2.465966403646E0,
-7.533303979531E0));
#878=CARTESIAN_POINT('',(-1.967933027428E0,-2.437546393609E0,
-7.522959941820E0));
#879=CARTESIAN_POINT('',(-1.971251280823E0,-2.411793597576E0,
-7.513586690615E0));
#880=CARTESIAN_POINT('',(-1.972267135268E0,-2.398268553874E0,
-7.508663977291E0));
#882=CARTESIAN_POINT('',(-1.527732864732E0,-2.398268553874E0,
-7.508663977291E0));
#883=CARTESIAN_POINT('',(-1.528748719177E0,-2.411793597576E0,
-7.513586690615E0));
#884=CARTESIAN_POINT('',(-1.532066972572E0,-2.437546393609E0,
-7.522959941820E0));
#885=CARTESIAN_POINT('',(-1.539954535176E0,-2.465966403646E0,
-7.533303979531E0));
#886=CARTESIAN_POINT('',(-1.549354668022E0,-2.485586516588E0,
-7.540445116635E0));
#887=CARTESIAN_POINT('',(-1.558383154282E0,-2.498306688653E0,
-7.545074880641E0));
#888=CARTESIAN_POINT('',(-1.570239063005E0,-2.508175820004E0,
-7.548666950691E0));
#889=CARTESIAN_POINT('',(-1.581036221299E0,-2.511837853891E0,
-7.549999822023E0));
#890=CARTESIAN_POINT('',(-1.588250649097E0,-2.511837853891E0,
-7.549999822023E0));
#892=CARTESIAN_POINT('',(-2.04999975E0,-2.7E0,-7.449999822023E0));
#893=CARTESIAN_POINT('',(-2.04999975E0,-2.7E0,-7.458410390186E0));
#894=CARTESIAN_POINT('',(-2.047960478724E0,-2.7E0,-7.473192255235E0));
#895=CARTESIAN_POINT('',(-2.039119667362E0,-2.7E0,-7.497993716525E0));
#896=CARTESIAN_POINT('',(-2.021394465549E0,-2.7E0,-7.522321355525E0));
#897=CARTESIAN_POINT('',(-1.996564634205E0,-2.7E0,-7.539544364996E0));
#898=CARTESIAN_POINT('',(-1.971439805917E0,-2.7E0,-7.548061809359E0));
#899=CARTESIAN_POINT('',(-1.956556682255E0,-2.7E0,-7.549999822023E0));
#900=CARTESIAN_POINT('',(-1.948146114092E0,-2.7E0,-7.549999822023E0));
#902=CARTESIAN_POINT('',(-1.972267135268E0,-2.398268553874E0,
-7.508663977291E0));
#903=CARTESIAN_POINT('',(-1.976614590555E0,-2.410213089107E0,
-7.505903132423E0));
#904=CARTESIAN_POINT('',(-1.985112959648E0,-2.433562166295E0,
-7.499918208719E0));
#905=CARTESIAN_POINT('',(-1.995061559283E0,-2.460895719145E0,
-7.490847632547E0));
#906=CARTESIAN_POINT('',(-2.002361798960E0,-2.480952962815E0,
-7.482038804976E0));
#907=CARTESIAN_POINT('',(-2.007357555765E0,-2.494678691832E0,
-7.474302219279E0));
#908=CARTESIAN_POINT('',(-2.010923944375E0,-2.504477264007E0,
-7.466448586908E0));
#909=CARTESIAN_POINT('',(-2.013001502325E0,-2.510185307560E0,
-7.458337759160E0));
#910=CARTESIAN_POINT('',(-2.013602994535E0,-2.511837893824E0,
-7.453251692194E0));
#911=CARTESIAN_POINT('',(-2.013602994535E0,-2.511837893824E0,
-7.449999822023E0));
#913=DIRECTION('',(-3.236155771182E-1,-8.891264907160E-1,-3.236155771182E-1));
#914=VECTOR('',#913,4.902859024293E-1);
#915=CARTESIAN_POINT('',(-1.81360298E0,-1.96234237E0,-7.349999822023E0));
#916=LINE('',#915,#914);
#917=DIRECTION('',(0.E0,0.E0,-1.E0));
#918=VECTOR('',#917,1.E-1);
#919=CARTESIAN_POINT('',(-2.013602994535E0,-2.511837893824E0,
-7.349999822023E0));
#920=LINE('',#919,#918);
#921=DIRECTION('',(1.899126825887E-1,9.818009844118E-1,0.E0));
#922=VECTOR('',#921,1.916499465402E-1);
#923=CARTESIAN_POINT('',(-2.04999975E0,-2.7E0,-7.449999822023E0));
#924=LINE('',#923,#922);
#925=DIRECTION('',(0.E0,0.E0,-1.E0));
#926=VECTOR('',#925,1.E-1);
#927=CARTESIAN_POINT('',(-1.45000025E0,-2.7E0,-7.349999822023E0));
#928=LINE('',#927,#926);
#929=DIRECTION('',(1.E0,0.E0,0.E0));
#930=VECTOR('',#929,3.962922281848E-1);
#931=CARTESIAN_POINT('',(-1.948146114092E0,-2.7E0,-7.549999822023E0));
#932=LINE('',#931,#930);
#933=DIRECTION('',(0.E0,0.E0,-1.E0));
#934=VECTOR('',#933,1.E-1);
#935=CARTESIAN_POINT('',(-2.04999975E0,-2.7E0,-7.349999822023E0));
#936=LINE('',#935,#934);
#937=DIRECTION('',(-1.E0,0.E0,0.E0));
#938=VECTOR('',#937,1.05E0);
#939=CARTESIAN_POINT('',(-1.225E0,-2.7E0,-7.986942822023E0));
#940=LINE('',#939,#938);
#941=DIRECTION('',(1.899126825887E-1,-9.818009844118E-1,-2.780627187434E-14));
#942=VECTOR('',#941,1.916499465402E-1);
#943=CARTESIAN_POINT('',(-1.486397005465E0,-2.511837893824E0,
-7.449999822023E0));
#944=LINE('',#943,#942);
#945=DIRECTION('',(0.E0,0.E0,-1.E0));
#946=VECTOR('',#945,1.E-1);
#947=CARTESIAN_POINT('',(-1.486397005465E0,-2.511837893824E0,
-7.349999822023E0));
#948=LINE('',#947,#946);
#949=CARTESIAN_POINT('',(-1.551853885908E0,-2.7E0,-7.549999822023E0));
#950=CARTESIAN_POINT('',(-1.543443317745E0,-2.7E0,-7.549999822023E0));
#951=CARTESIAN_POINT('',(-1.528560194083E0,-2.7E0,-7.548061809359E0));
#952=CARTESIAN_POINT('',(-1.503435365795E0,-2.7E0,-7.539544364996E0));
#953=CARTESIAN_POINT('',(-1.478605534451E0,-2.7E0,-7.522321355525E0));
#954=CARTESIAN_POINT('',(-1.460880332638E0,-2.7E0,-7.497993716525E0));
#955=CARTESIAN_POINT('',(-1.452039521276E0,-2.7E0,-7.473192255235E0));
#956=CARTESIAN_POINT('',(-1.45000025E0,-2.7E0,-7.458410390186E0));
#957=CARTESIAN_POINT('',(-1.45000025E0,-2.7E0,-7.449999822023E0));
#959=CARTESIAN_POINT('',(-1.486397005465E0,-2.511837893824E0,
-7.449999822023E0));
#960=CARTESIAN_POINT('',(-1.486397005465E0,-2.511837893824E0,
-7.453251692194E0));
#961=CARTESIAN_POINT('',(-1.486998497675E0,-2.510185307560E0,
-7.458337759160E0));
#962=CARTESIAN_POINT('',(-1.489076055624E0,-2.504477264007E0,
-7.466448586908E0));
#963=CARTESIAN_POINT('',(-1.492642444235E0,-2.494678691832E0,
-7.474302219279E0));
#964=CARTESIAN_POINT('',(-1.497638201040E0,-2.480952962815E0,
-7.482038804976E0));
#965=CARTESIAN_POINT('',(-1.504938440717E0,-2.460895719145E0,
-7.490847632547E0));
#966=CARTESIAN_POINT('',(-1.514887040352E0,-2.433562166295E0,
-7.499918208719E0));
#967=CARTESIAN_POINT('',(-1.523385409445E0,-2.410213089107E0,
-7.505903132423E0));
#968=CARTESIAN_POINT('',(-1.527732864732E0,-2.398268553874E0,
-7.508663977291E0));
#970=DIRECTION('',(-3.236155771182E-1,8.891264907160E-1,3.236155771182E-1));
#971=VECTOR('',#970,4.902859024293E-1);
#972=CARTESIAN_POINT('',(-1.527732864732E0,-2.398268553874E0,
-7.508663977291E0));
#973=LINE('',#972,#971);
#974=DIRECTION('',(1.899126825887E-1,9.818009844118E-1,0.E0));
#975=VECTOR('',#974,1.916499872139E-1);
#976=CARTESIAN_POINT('',(-1.948146114092E0,-2.7E0,-7.549999822023E0));
#977=LINE('',#976,#975);
#978=DIRECTION('',(1.899126825887E-1,-9.818009844118E-1,0.E0));
#979=VECTOR('',#978,1.916499872139E-1);
#980=CARTESIAN_POINT('',(-1.588250649097E0,-2.511837853891E0,
-7.549999822023E0));
#981=LINE('',#980,#979);
#982=DIRECTION('',(1.E0,0.E0,0.E0));
#983=VECTOR('',#982,3.234987018051E-1);
#984=CARTESIAN_POINT('',(-1.911749350903E0,-2.511837853891E0,
-7.549999822023E0));
#985=LINE('',#984,#983);
#986=DIRECTION('',(1.E0,0.E0,0.E0));
#987=VECTOR('',#986,7.E-1);
#988=CARTESIAN_POINT('',(-3.5E-1,4.E-1,-7.44E0));
#989=LINE('',#988,#987);
#990=DIRECTION('',(0.E0,0.E0,1.E0));
#991=VECTOR('',#990,7.6E-1);
#992=CARTESIAN_POINT('',(3.5E-1,4.E-1,-8.2E0));
#993=LINE('',#992,#991);
#994=CARTESIAN_POINT('',(5.098076211353E-1,4.E-1,-8.05E0));
#995=DIRECTION('',(0.E0,-1.E0,0.E0));
#996=DIRECTION('',(-8.660254037844E-1,0.E0,5.E-1));
#997=AXIS2_PLACEMENT_3D('',#994,#995,#996);
#999=DIRECTION('',(-5.E-1,0.E0,-8.660254037844E-1));
#1000=VECTOR('',#999,5.773502691896E-1);
#1001=CARTESIAN_POINT('',(6.685789451625E-1,4.E-1,-7.475E0));
#1002=LINE('',#1001,#1000);
#1003=CARTESIAN_POINT('',(6.252776749733E-1,4.E-1,-7.45E0));
#1004=DIRECTION('',(0.E0,1.E0,0.E0));
#1005=DIRECTION('',(0.E0,0.E0,1.E0));
#1006=AXIS2_PLACEMENT_3D('',#1003,#1004,#1005);
#1008=DIRECTION('',(1.E0,0.E0,0.E0));
#1009=VECTOR('',#1008,1.250555349947E0);
#1010=CARTESIAN_POINT('',(-6.252776749733E-1,4.E-1,-7.4E0));
#1011=LINE('',#1010,#1009);
#1012=CARTESIAN_POINT('',(-6.252776749733E-1,4.E-1,-7.45E0));
#1013=DIRECTION('',(0.E0,1.E0,0.E0));
#1014=DIRECTION('',(-8.660254037844E-1,0.E0,-5.E-1));
#1015=AXIS2_PLACEMENT_3D('',#1012,#1013,#1014);
#1017=DIRECTION('',(-5.E-1,0.E0,8.660254037844E-1));
#1018=VECTOR('',#1017,5.773502691896E-1);
#1019=CARTESIAN_POINT('',(-3.799038105677E-1,4.E-1,-7.975E0));
#1020=LINE('',#1019,#1018);
#1021=CARTESIAN_POINT('',(-5.098076211353E-1,4.E-1,-8.05E0));
#1022=DIRECTION('',(0.E0,-1.E0,0.E0));
#1023=DIRECTION('',(0.E0,0.E0,-1.E0));
#1024=AXIS2_PLACEMENT_3D('',#1021,#1022,#1023);
#1026=DIRECTION('',(0.E0,0.E0,1.E0));
#1027=VECTOR('',#1026,7.6E-1);
#1028=CARTESIAN_POINT('',(-3.5E-1,4.E-1,-8.2E0));
#1029=LINE('',#1028,#1027);
#1030=DIRECTION('',(0.E0,-9.847948827351E-1,-1.737211528246E-1));
#1031=VECTOR('',#1030,4.374827058437E0);
#1032=CARTESIAN_POINT('',(3.5E-1,4.E-1,-7.44E0));
#1033=LINE('',#1032,#1031);
#1034=DIRECTION('',(0.E0,-9.847948827351E-1,-1.737211528246E-1));
#1035=VECTOR('',#1034,4.374827058437E0);
#1036=CARTESIAN_POINT('',(-3.5E-1,4.E-1,-7.44E0));
#1037=LINE('',#1036,#1035);
#1038=DIRECTION('',(0.E0,-1.E0,0.E0));
#1039=VECTOR('',#1038,2.3E0);
#1040=CARTESIAN_POINT('',(3.799038105677E-1,2.7E0,-7.975E0));
#1041=LINE('',#1040,#1039);
#1042=DIRECTION('',(0.E0,-1.E0,0.E0));
#1043=VECTOR('',#1042,2.3E0);
#1044=CARTESIAN_POINT('',(6.685789451625E-1,2.7E0,-7.475E0));
#1045=LINE('',#1044,#1043);
#1046=DIRECTION('',(0.E0,-1.E0,0.E0));
#1047=VECTOR('',#1046,2.3E0);
#1048=CARTESIAN_POINT('',(6.252776749733E-1,2.7E0,-7.4E0));
#1049=LINE('',#1048,#1047);
#1050=DIRECTION('',(0.E0,-1.E0,0.E0));
#1051=VECTOR('',#1050,2.3E0);
#1052=CARTESIAN_POINT('',(-6.252776749733E-1,2.7E0,-7.4E0));
#1053=LINE('',#1052,#1051);
#1054=DIRECTION('',(0.E0,-1.E0,0.E0));
#1055=VECTOR('',#1054,2.3E0);
#1056=CARTESIAN_POINT('',(-6.685789451625E-1,2.7E0,-7.475E0));
#1057=LINE('',#1056,#1055);
#1058=DIRECTION('',(0.E0,-1.E0,0.E0));
#1059=VECTOR('',#1058,2.3E0);
#1060=CARTESIAN_POINT('',(-3.799038105677E-1,2.7E0,-7.975E0));
#1061=LINE('',#1060,#1059);
#1062=DIRECTION('',(0.E0,-9.848077530122E-1,-1.736481776669E-1));
#1063=VECTOR('',#1062,1.226947387756E0);
#1064=CARTESIAN_POINT('',(1.225E0,-2.7E0,-7.986942822023E0));
#1065=LINE('',#1064,#1063);
#1066=DIRECTION('',(0.E0,0.E0,1.E0));
#1067=VECTOR('',#1066,6.36943E-1);
#1068=CARTESIAN_POINT('',(1.225E0,-2.7E0,-7.986942822023E0));
#1069=LINE('',#1068,#1067);
#1070=DIRECTION('',(0.E0,1.E0,0.E0));
#1071=VECTOR('',#1070,1.636757887453E0);
#1072=CARTESIAN_POINT('',(1.225E0,-2.7E0,-7.349999822023E0));
#1073=LINE('',#1072,#1071);
#1074=DIRECTION('',(0.E0,9.986295347546E-1,5.233595624294E-2));
#1075=VECTOR('',#1074,3.768406582799E0);
#1076=CARTESIAN_POINT('',(1.225E0,-1.063242112547E0,-7.349999822023E0));
#1077=LINE('',#1076,#1075);
#1078=DIRECTION('',(0.E0,9.848077530122E-1,1.736481776669E-1));
#1079=VECTOR('',#1078,1.226947387756E0);
#1080=CARTESIAN_POINT('',(2.275E0,-3.9083073E0,-8.2E0));
#1081=LINE('',#1080,#1079);
#1082=DIRECTION('',(0.E0,9.986295347546E-1,5.233595624294E-2));
#1083=VECTOR('',#1082,3.768406582799E0);
#1084=CARTESIAN_POINT('',(2.275E0,-1.063242112547E0,-7.349999822023E0));
#1085=LINE('',#1084,#1083);
#1086=DIRECTION('',(0.E0,1.E0,0.E0));
#1087=VECTOR('',#1086,1.636757887453E0);
#1088=CARTESIAN_POINT('',(2.275E0,-2.7E0,-7.349999822023E0));
#1089=LINE('',#1088,#1087);
#1090=DIRECTION('',(0.E0,0.E0,1.E0));
#1091=VECTOR('',#1090,6.36943E-1);
#1092=CARTESIAN_POINT('',(2.275E0,-2.7E0,-7.986942822023E0));
#1093=LINE('',#1092,#1091);
#1094=DIRECTION('',(-1.E0,0.E0,0.E0));
#1095=VECTOR('',#1094,1.05E0);
#1096=CARTESIAN_POINT('',(2.275E0,-1.063242112547E0,-7.349999822023E0));
#1097=LINE('',#1096,#1095);
#1098=DIRECTION('',(1.E0,0.E0,0.E0));
#1099=VECTOR('',#1098,1.2720596E-1);
#1100=CARTESIAN_POINT('',(1.68639702E0,-1.96234237E0,-7.349999822023E0));
#1101=LINE('',#1100,#1099);
#1102=DIRECTION('',(3.420201433257E-1,-9.396926207859E-1,0.E0));
#1103=VECTOR('',#1102,5.847609225289E-1);
#1104=CARTESIAN_POINT('',(1.81360298E0,-1.96234237E0,-7.349999822023E0));
#1105=LINE('',#1104,#1103);
#1106=DIRECTION('',(1.899126825887E-1,-9.818009844118E-1,0.E0));
#1107=VECTOR('',#1106,1.916499465402E-1);
#1108=CARTESIAN_POINT('',(2.013602994535E0,-2.511837893824E0,
-7.349999822023E0));
#1109=LINE('',#1108,#1107);
#1110=DIRECTION('',(-1.E0,0.E0,0.E0));
#1111=VECTOR('',#1110,2.2500025E-1);
#1112=CARTESIAN_POINT('',(2.275E0,-2.7E0,-7.349999822023E0));
#1113=LINE('',#1112,#1111);
#1114=DIRECTION('',(-1.E0,0.E0,0.E0));
#1115=VECTOR('',#1114,2.2500025E-1);
#1116=CARTESIAN_POINT('',(1.45000025E0,-2.7E0,-7.349999822023E0));
#1117=LINE('',#1116,#1115);
#1118=DIRECTION('',(1.899126825887E-1,9.818009844118E-1,0.E0));
#1119=VECTOR('',#1118,1.916499465402E-1);
#1120=CARTESIAN_POINT('',(1.45000025E0,-2.7E0,-7.349999822023E0));
#1121=LINE('',#1120,#1119);
#1122=DIRECTION('',(3.420201433257E-1,9.396926207859E-1,0.E0));
#1123=VECTOR('',#1122,5.847609225289E-1);
#1124=CARTESIAN_POINT('',(1.486397005465E0,-2.511837893824E0,
-7.349999822023E0));
#1125=LINE('',#1124,#1123);
#1126=CARTESIAN_POINT('',(1.588250649097E0,-2.511837853891E0,
-7.549999822023E0));
#1127=CARTESIAN_POINT('',(1.581036221299E0,-2.511837853891E0,
-7.549999822023E0));
#1128=CARTESIAN_POINT('',(1.570239063005E0,-2.508175820004E0,
-7.548666950691E0));
#1129=CARTESIAN_POINT('',(1.558383154282E0,-2.498306688653E0,
-7.545074880641E0));
#1130=CARTESIAN_POINT('',(1.549354668022E0,-2.485586516588E0,
-7.540445116635E0));
#1131=CARTESIAN_POINT('',(1.539954535176E0,-2.465966403646E0,
-7.533303979531E0));
#1132=CARTESIAN_POINT('',(1.532066972572E0,-2.437546393609E0,
-7.522959941820E0));
#1133=CARTESIAN_POINT('',(1.528748719177E0,-2.411793597576E0,
-7.513586690615E0));
#1134=CARTESIAN_POINT('',(1.527732864732E0,-2.398268553874E0,
-7.508663977291E0));
#1136=CARTESIAN_POINT('',(1.972267135268E0,-2.398268553874E0,
-7.508663977291E0));
#1137=CARTESIAN_POINT('',(1.971251280823E0,-2.411793597576E0,
-7.513586690615E0));
#1138=CARTESIAN_POINT('',(1.967933027428E0,-2.437546393609E0,
-7.522959941820E0));
#1139=CARTESIAN_POINT('',(1.960045464824E0,-2.465966403646E0,
-7.533303979531E0));
#1140=CARTESIAN_POINT('',(1.950645331978E0,-2.485586516588E0,
-7.540445116635E0));
#1141=CARTESIAN_POINT('',(1.941616845718E0,-2.498306688653E0,
-7.545074880641E0));
#1142=CARTESIAN_POINT('',(1.929760936995E0,-2.508175820004E0,
-7.548666950691E0));
#1143=CARTESIAN_POINT('',(1.918963778701E0,-2.511837853891E0,
-7.549999822023E0));
#1144=CARTESIAN_POINT('',(1.911749350903E0,-2.511837853891E0,
-7.549999822023E0));
#1146=CARTESIAN_POINT('',(1.45000025E0,-2.7E0,-7.449999822023E0));
#1147=CARTESIAN_POINT('',(1.45000025E0,-2.7E0,-7.458410390186E0));
#1148=CARTESIAN_POINT('',(1.452039521276E0,-2.7E0,-7.473192255235E0));
#1149=CARTESIAN_POINT('',(1.460880332638E0,-2.7E0,-7.497993716525E0));
#1150=CARTESIAN_POINT('',(1.478605534451E0,-2.7E0,-7.522321355525E0));
#1151=CARTESIAN_POINT('',(1.503435365795E0,-2.7E0,-7.539544364996E0));
#1152=CARTESIAN_POINT('',(1.528560194083E0,-2.7E0,-7.548061809359E0));
#1153=CARTESIAN_POINT('',(1.543443317745E0,-2.7E0,-7.549999822023E0));
#1154=CARTESIAN_POINT('',(1.551853885908E0,-2.7E0,-7.549999822023E0));
#1156=CARTESIAN_POINT('',(1.527732864732E0,-2.398268553874E0,
-7.508663977291E0));
#1157=CARTESIAN_POINT('',(1.523385409445E0,-2.410213089107E0,
-7.505903132423E0));
#1158=CARTESIAN_POINT('',(1.514887040352E0,-2.433562166295E0,
-7.499918208719E0));
#1159=CARTESIAN_POINT('',(1.504938440717E0,-2.460895719145E0,
-7.490847632547E0));
#1160=CARTESIAN_POINT('',(1.497638201040E0,-2.480952962815E0,
-7.482038804976E0));
#1161=CARTESIAN_POINT('',(1.492642444235E0,-2.494678691832E0,
-7.474302219279E0));
#1162=CARTESIAN_POINT('',(1.489076055625E0,-2.504477264007E0,
-7.466448586908E0));
#1163=CARTESIAN_POINT('',(1.486998497675E0,-2.510185307560E0,
-7.458337759160E0));
#1164=CARTESIAN_POINT('',(1.486397005465E0,-2.511837893824E0,
-7.453251692194E0));
#1165=CARTESIAN_POINT('',(1.486397005465E0,-2.511837893824E0,
-7.449999822023E0));
#1167=DIRECTION('',(-3.236155771182E-1,-8.891264907160E-1,-3.236155771182E-1));
#1168=VECTOR('',#1167,4.902859024293E-1);
#1169=CARTESIAN_POINT('',(1.68639702E0,-1.96234237E0,-7.349999822023E0));
#1170=LINE('',#1169,#1168);
#1171=DIRECTION('',(0.E0,0.E0,-1.E0));
#1172=VECTOR('',#1171,1.E-1);
#1173=CARTESIAN_POINT('',(1.486397005465E0,-2.511837893824E0,
-7.349999822023E0));
#1174=LINE('',#1173,#1172);
#1175=DIRECTION('',(1.899126825887E-1,9.818009844118E-1,0.E0));
#1176=VECTOR('',#1175,1.916499465402E-1);
#1177=CARTESIAN_POINT('',(1.45000025E0,-2.7E0,-7.449999822023E0));
#1178=LINE('',#1177,#1176);
#1179=DIRECTION('',(0.E0,0.E0,-1.E0));
#1180=VECTOR('',#1179,1.E-1);
#1181=CARTESIAN_POINT('',(2.04999975E0,-2.7E0,-7.349999822023E0));
#1182=LINE('',#1181,#1180);
#1183=DIRECTION('',(1.E0,0.E0,0.E0));
#1184=VECTOR('',#1183,3.962922281848E-1);
#1185=CARTESIAN_POINT('',(1.551853885908E0,-2.7E0,-7.549999822023E0));
#1186=LINE('',#1185,#1184);
#1187=DIRECTION('',(0.E0,0.E0,-1.E0));
#1188=VECTOR('',#1187,1.E-1);
#1189=CARTESIAN_POINT('',(1.45000025E0,-2.7E0,-7.349999822023E0));
#1190=LINE('',#1189,#1188);
#1191=DIRECTION('',(-1.E0,0.E0,0.E0));
#1192=VECTOR('',#1191,1.05E0);
#1193=CARTESIAN_POINT('',(2.275E0,-2.7E0,-7.986942822023E0));
#1194=LINE('',#1193,#1192);
#1195=DIRECTION('',(1.899126825887E-1,-9.818009844118E-1,0.E0));
#1196=VECTOR('',#1195,1.916499465402E-1);
#1197=CARTESIAN_POINT('',(2.013602994535E0,-2.511837893824E0,
-7.449999822023E0));
#1198=LINE('',#1197,#1196);
#1199=DIRECTION('',(0.E0,0.E0,-1.E0));
#1200=VECTOR('',#1199,1.E-1);
#1201=CARTESIAN_POINT('',(2.013602994535E0,-2.511837893824E0,
-7.349999822023E0));
#1202=LINE('',#1201,#1200);
#1203=CARTESIAN_POINT('',(1.948146114092E0,-2.7E0,-7.549999822023E0));
#1204=CARTESIAN_POINT('',(1.956556682255E0,-2.7E0,-7.549999822023E0));
#1205=CARTESIAN_POINT('',(1.971439805917E0,-2.7E0,-7.548061809359E0));
#1206=CARTESIAN_POINT('',(1.996564634205E0,-2.7E0,-7.539544364996E0));
#1207=CARTESIAN_POINT('',(2.021394465549E0,-2.7E0,-7.522321355525E0));
#1208=CARTESIAN_POINT('',(2.039119667362E0,-2.7E0,-7.497993716525E0));
#1209=CARTESIAN_POINT('',(2.047960478724E0,-2.7E0,-7.473192255235E0));
#1210=CARTESIAN_POINT('',(2.04999975E0,-2.7E0,-7.458410390186E0));
#1211=CARTESIAN_POINT('',(2.04999975E0,-2.7E0,-7.449999822023E0));
#1213=CARTESIAN_POINT('',(2.013602994535E0,-2.511837893824E0,
-7.449999822023E0));
#1214=CARTESIAN_POINT('',(2.013602994535E0,-2.511837893824E0,
-7.453251692194E0));
#1215=CARTESIAN_POINT('',(2.013001502325E0,-2.510185307560E0,
-7.458337759160E0));
#1216=CARTESIAN_POINT('',(2.010923944376E0,-2.504477264007E0,
-7.466448586908E0));
#1217=CARTESIAN_POINT('',(2.007357555765E0,-2.494678691832E0,
-7.474302219279E0));
#1218=CARTESIAN_POINT('',(2.002361798960E0,-2.480952962815E0,
-7.482038804976E0));
#1219=CARTESIAN_POINT('',(1.995061559283E0,-2.460895719145E0,
-7.490847632547E0));
#1220=CARTESIAN_POINT('',(1.985112959648E0,-2.433562166295E0,
-7.499918208719E0));
#1221=CARTESIAN_POINT('',(1.976614590555E0,-2.410213089107E0,
-7.505903132423E0));
#1222=CARTESIAN_POINT('',(1.972267135268E0,-2.398268553874E0,
-7.508663977291E0));
#1224=DIRECTION('',(-3.236155771182E-1,8.891264907160E-1,3.236155771182E-1));
#1225=VECTOR('',#1224,4.902859024293E-1);
#1226=CARTESIAN_POINT('',(1.972267135268E0,-2.398268553874E0,
-7.508663977291E0));
#1227=LINE('',#1226,#1225);
#1228=DIRECTION('',(1.899126825887E-1,9.818009844118E-1,0.E0));
#1229=VECTOR('',#1228,1.916499872139E-1);
#1230=CARTESIAN_POINT('',(1.551853885908E0,-2.7E0,-7.549999822023E0));
#1231=LINE('',#1230,#1229);
#1232=DIRECTION('',(1.899126825887E-1,-9.818009844118E-1,0.E0));
#1233=VECTOR('',#1232,1.916499872139E-1);
#1234=CARTESIAN_POINT('',(1.911749350903E0,-2.511837853891E0,
-7.549999822023E0));
#1235=LINE('',#1234,#1233);
#1236=DIRECTION('',(1.E0,0.E0,0.E0));
#1237=VECTOR('',#1236,3.234987018051E-1);
#1238=CARTESIAN_POINT('',(1.588250649097E0,-2.511837853891E0,
-7.549999822023E0));
#1239=LINE('',#1238,#1237);
#1240=DIRECTION('',(1.E0,0.E0,0.E0));
#1241=VECTOR('',#1240,7.E-1);
#1242=CARTESIAN_POINT('',(3.15E0,4.E-1,-7.44E0));
#1243=LINE('',#1242,#1241);
#1244=DIRECTION('',(0.E0,0.E0,1.E0));
#1245=VECTOR('',#1244,7.6E-1);
#1246=CARTESIAN_POINT('',(3.85E0,4.E-1,-8.2E0));
#1247=LINE('',#1246,#1245);
#1248=CARTESIAN_POINT('',(4.009807621135E0,4.E-1,-8.05E0));
#1249=DIRECTION('',(0.E0,-1.E0,0.E0));
#1250=DIRECTION('',(-8.660254037844E-1,0.E0,5.E-1));
#1251=AXIS2_PLACEMENT_3D('',#1248,#1249,#1250);
#1253=DIRECTION('',(-5.E-1,0.E0,-8.660254037844E-1));
#1254=VECTOR('',#1253,5.773502691896E-1);
#1255=CARTESIAN_POINT('',(4.168578945162E0,4.E-1,-7.475E0));
#1256=LINE('',#1255,#1254);
#1257=CARTESIAN_POINT('',(4.125277674973E0,4.E-1,-7.45E0));
#1258=DIRECTION('',(0.E0,1.E0,0.E0));
#1259=DIRECTION('',(0.E0,0.E0,1.E0));
#1260=AXIS2_PLACEMENT_3D('',#1257,#1258,#1259);
#1262=DIRECTION('',(1.E0,0.E0,0.E0));
#1263=VECTOR('',#1262,1.250555349947E0);
#1264=CARTESIAN_POINT('',(2.874722325027E0,4.E-1,-7.4E0));
#1265=LINE('',#1264,#1263);
#1266=CARTESIAN_POINT('',(2.874722325027E0,4.E-1,-7.45E0));
#1267=DIRECTION('',(0.E0,1.E0,0.E0));
#1268=DIRECTION('',(-8.660254037844E-1,0.E0,-5.E-1));
#1269=AXIS2_PLACEMENT_3D('',#1266,#1267,#1268);
#1271=DIRECTION('',(-5.E-1,0.E0,8.660254037844E-1));
#1272=VECTOR('',#1271,5.773502691896E-1);
#1273=CARTESIAN_POINT('',(3.120096189432E0,4.E-1,-7.975E0));
#1274=LINE('',#1273,#1272);
#1275=CARTESIAN_POINT('',(2.990192378865E0,4.E-1,-8.05E0));
#1276=DIRECTION('',(0.E0,-1.E0,0.E0));
#1277=DIRECTION('',(0.E0,0.E0,-1.E0));
#1278=AXIS2_PLACEMENT_3D('',#1275,#1276,#1277);
#1280=DIRECTION('',(0.E0,0.E0,1.E0));
#1281=VECTOR('',#1280,7.6E-1);
#1282=CARTESIAN_POINT('',(3.15E0,4.E-1,-8.2E0));
#1283=LINE('',#1282,#1281);
#1284=DIRECTION('',(0.E0,-9.847948827351E-1,-1.737211528246E-1));
#1285=VECTOR('',#1284,4.374827058437E0);
#1286=CARTESIAN_POINT('',(3.85E0,4.E-1,-7.44E0));
#1287=LINE('',#1286,#1285);
#1288=DIRECTION('',(0.E0,-9.847948827351E-1,-1.737211528246E-1));
#1289=VECTOR('',#1288,4.374827058437E0);
#1290=CARTESIAN_POINT('',(3.15E0,4.E-1,-7.44E0));
#1291=LINE('',#1290,#1289);
#1292=DIRECTION('',(0.E0,-1.E0,0.E0));
#1293=VECTOR('',#1292,2.3E0);
#1294=CARTESIAN_POINT('',(3.879903810568E0,2.7E0,-7.975E0));
#1295=LINE('',#1294,#1293);
#1296=DIRECTION('',(0.E0,-1.E0,0.E0));
#1297=VECTOR('',#1296,2.3E0);
#1298=CARTESIAN_POINT('',(4.168578945162E0,2.7E0,-7.475E0));
#1299=LINE('',#1298,#1297);
#1300=DIRECTION('',(0.E0,-1.E0,0.E0));
#1301=VECTOR('',#1300,2.3E0);
#1302=CARTESIAN_POINT('',(4.125277674973E0,2.7E0,-7.4E0));
#1303=LINE('',#1302,#1301);
#1304=DIRECTION('',(0.E0,-1.E0,0.E0));
#1305=VECTOR('',#1304,2.3E0);
#1306=CARTESIAN_POINT('',(2.874722325027E0,2.7E0,-7.4E0));
#1307=LINE('',#1306,#1305);
#1308=DIRECTION('',(0.E0,-1.E0,0.E0));
#1309=VECTOR('',#1308,2.3E0);
#1310=CARTESIAN_POINT('',(2.831421054838E0,2.7E0,-7.475E0));
#1311=LINE('',#1310,#1309);
#1312=DIRECTION('',(0.E0,-1.E0,0.E0));
#1313=VECTOR('',#1312,2.3E0);
#1314=CARTESIAN_POINT('',(3.120096189432E0,2.7E0,-7.975E0));
#1315=LINE('',#1314,#1313);
#1316=DIRECTION('',(0.E0,-9.848077530122E-1,-1.736481776669E-1));
#1317=VECTOR('',#1316,1.226947387756E0);
#1318=CARTESIAN_POINT('',(4.725E0,-2.7E0,-7.986942822023E0));
#1319=LINE('',#1318,#1317);
#1320=DIRECTION('',(0.E0,0.E0,1.E0));
#1321=VECTOR('',#1320,6.36943E-1);
#1322=CARTESIAN_POINT('',(4.725E0,-2.7E0,-7.986942822023E0));
#1323=LINE('',#1322,#1321);
#1324=DIRECTION('',(0.E0,1.E0,0.E0));
#1325=VECTOR('',#1324,1.636757887453E0);
#1326=CARTESIAN_POINT('',(4.725E0,-2.7E0,-7.349999822023E0));
#1327=LINE('',#1326,#1325);
#1328=DIRECTION('',(0.E0,9.986295347546E-1,5.233595624294E-2));
#1329=VECTOR('',#1328,3.768406582799E0);
#1330=CARTESIAN_POINT('',(4.725E0,-1.063242112547E0,-7.349999822023E0));
#1331=LINE('',#1330,#1329);
#1332=DIRECTION('',(0.E0,9.986295347546E-1,5.233595624294E-2));
#1333=VECTOR('',#1332,3.768406582799E0);
#1334=CARTESIAN_POINT('',(5.775E0,-1.063242112547E0,-7.349999822023E0));
#1335=LINE('',#1334,#1333);
#1336=DIRECTION('',(0.E0,1.E0,0.E0));
#1337=VECTOR('',#1336,1.636757887453E0);
#1338=CARTESIAN_POINT('',(5.775E0,-2.7E0,-7.349999822023E0));
#1339=LINE('',#1338,#1337);
#1340=DIRECTION('',(0.E0,0.E0,1.E0));
#1341=VECTOR('',#1340,6.36943E-1);
#1342=CARTESIAN_POINT('',(5.775E0,-2.7E0,-7.986942822023E0));
#1343=LINE('',#1342,#1341);
#1344=DIRECTION('',(0.E0,9.848077530122E-1,1.736481776669E-1));
#1345=VECTOR('',#1344,1.226947387756E0);
#1346=CARTESIAN_POINT('',(5.775E0,-3.9083073E0,-8.2E0));
#1347=LINE('',#1346,#1345);
#1348=DIRECTION('',(-1.E0,0.E0,0.E0));
#1349=VECTOR('',#1348,1.05E0);
#1350=CARTESIAN_POINT('',(5.775E0,-1.063242112547E0,-7.349999822023E0));
#1351=LINE('',#1350,#1349);
#1352=DIRECTION('',(1.E0,0.E0,0.E0));
#1353=VECTOR('',#1352,1.2720596E-1);
#1354=CARTESIAN_POINT('',(5.18639702E0,-1.96234237E0,-7.349999822023E0));
#1355=LINE('',#1354,#1353);
#1356=DIRECTION('',(3.420201433257E-1,-9.396926207859E-1,0.E0));
#1357=VECTOR('',#1356,5.847609225289E-1);
#1358=CARTESIAN_POINT('',(5.31360298E0,-1.96234237E0,-7.349999822023E0));
#1359=LINE('',#1358,#1357);
#1360=DIRECTION('',(1.899126825887E-1,-9.818009844118E-1,0.E0));
#1361=VECTOR('',#1360,1.916499465402E-1);
#1362=CARTESIAN_POINT('',(5.513602994535E0,-2.511837893824E0,
-7.349999822023E0));
#1363=LINE('',#1362,#1361);
#1364=DIRECTION('',(-1.E0,0.E0,0.E0));
#1365=VECTOR('',#1364,2.2500025E-1);
#1366=CARTESIAN_POINT('',(5.775E0,-2.7E0,-7.349999822023E0));
#1367=LINE('',#1366,#1365);
#1368=DIRECTION('',(-1.E0,0.E0,0.E0));
#1369=VECTOR('',#1368,2.2500025E-1);
#1370=CARTESIAN_POINT('',(4.95000025E0,-2.7E0,-7.349999822023E0));
#1371=LINE('',#1370,#1369);
#1372=DIRECTION('',(1.899126825887E-1,9.818009844118E-1,0.E0));
#1373=VECTOR('',#1372,1.916499465402E-1);
#1374=CARTESIAN_POINT('',(4.95000025E0,-2.7E0,-7.349999822023E0));
#1375=LINE('',#1374,#1373);
#1376=DIRECTION('',(3.420201433257E-1,9.396926207859E-1,0.E0));
#1377=VECTOR('',#1376,5.847609225289E-1);
#1378=CARTESIAN_POINT('',(4.986397005465E0,-2.511837893824E0,
-7.349999822023E0));
#1379=LINE('',#1378,#1377);
#1380=CARTESIAN_POINT('',(5.088250649097E0,-2.511837853891E0,
-7.549999822023E0));
#1381=CARTESIAN_POINT('',(5.081036221299E0,-2.511837853891E0,
-7.549999822023E0));
#1382=CARTESIAN_POINT('',(5.070239063005E0,-2.508175820004E0,
-7.548666950691E0));
#1383=CARTESIAN_POINT('',(5.058383154282E0,-2.498306688653E0,
-7.545074880641E0));
#1384=CARTESIAN_POINT('',(5.049354668022E0,-2.485586516588E0,
-7.540445116635E0));
#1385=CARTESIAN_POINT('',(5.039954535176E0,-2.465966403646E0,
-7.533303979531E0));
#1386=CARTESIAN_POINT('',(5.032066972572E0,-2.437546393609E0,
-7.522959941820E0));
#1387=CARTESIAN_POINT('',(5.028748719177E0,-2.411793597576E0,
-7.513586690615E0));
#1388=CARTESIAN_POINT('',(5.027732864732E0,-2.398268553874E0,
-7.508663977291E0));
#1390=CARTESIAN_POINT('',(5.472267135268E0,-2.398268553874E0,
-7.508663977291E0));
#1391=CARTESIAN_POINT('',(5.471251280823E0,-2.411793597576E0,
-7.513586690615E0));
#1392=CARTESIAN_POINT('',(5.467933027428E0,-2.437546393609E0,
-7.522959941820E0));
#1393=CARTESIAN_POINT('',(5.460045464824E0,-2.465966403646E0,
-7.533303979531E0));
#1394=CARTESIAN_POINT('',(5.450645331978E0,-2.485586516588E0,
-7.540445116635E0));
#1395=CARTESIAN_POINT('',(5.441616845718E0,-2.498306688653E0,
-7.545074880641E0));
#1396=CARTESIAN_POINT('',(5.429760936995E0,-2.508175820004E0,
-7.548666950691E0));
#1397=CARTESIAN_POINT('',(5.418963778701E0,-2.511837853891E0,
-7.549999822023E0));
#1398=CARTESIAN_POINT('',(5.411749350903E0,-2.511837853891E0,
-7.549999822023E0));
#1400=CARTESIAN_POINT('',(4.95000025E0,-2.7E0,-7.449999822023E0));
#1401=CARTESIAN_POINT('',(4.95000025E0,-2.7E0,-7.458410390186E0));
#1402=CARTESIAN_POINT('',(4.952039521276E0,-2.7E0,-7.473192255235E0));
#1403=CARTESIAN_POINT('',(4.960880332638E0,-2.7E0,-7.497993716525E0));
#1404=CARTESIAN_POINT('',(4.978605534451E0,-2.7E0,-7.522321355525E0));
#1405=CARTESIAN_POINT('',(5.003435365795E0,-2.7E0,-7.539544364996E0));
#1406=CARTESIAN_POINT('',(5.028560194083E0,-2.7E0,-7.548061809359E0));
#1407=CARTESIAN_POINT('',(5.043443317745E0,-2.7E0,-7.549999822023E0));
#1408=CARTESIAN_POINT('',(5.051853885908E0,-2.7E0,-7.549999822023E0));
#1410=CARTESIAN_POINT('',(5.027732864732E0,-2.398268553874E0,
-7.508663977291E0));
#1411=CARTESIAN_POINT('',(5.023385409445E0,-2.410213089107E0,
-7.505903132423E0));
#1412=CARTESIAN_POINT('',(5.014887040352E0,-2.433562166295E0,
-7.499918208719E0));
#1413=CARTESIAN_POINT('',(5.004938440717E0,-2.460895719145E0,
-7.490847632547E0));
#1414=CARTESIAN_POINT('',(4.997638201040E0,-2.480952962815E0,
-7.482038804976E0));
#1415=CARTESIAN_POINT('',(4.992642444235E0,-2.494678691832E0,
-7.474302219279E0));
#1416=CARTESIAN_POINT('',(4.989076055625E0,-2.504477264007E0,
-7.466448586908E0));
#1417=CARTESIAN_POINT('',(4.986998497675E0,-2.510185307560E0,
-7.458337759160E0));
#1418=CARTESIAN_POINT('',(4.986397005465E0,-2.511837893824E0,
-7.453251692194E0));
#1419=CARTESIAN_POINT('',(4.986397005465E0,-2.511837893824E0,
-7.449999822023E0));
#1421=DIRECTION('',(-3.236155771182E-1,-8.891264907160E-1,-3.236155771182E-1));
#1422=VECTOR('',#1421,4.902859024293E-1);
#1423=CARTESIAN_POINT('',(5.18639702E0,-1.96234237E0,-7.349999822023E0));
#1424=LINE('',#1423,#1422);
#1425=DIRECTION('',(0.E0,0.E0,-1.E0));
#1426=VECTOR('',#1425,1.E-1);
#1427=CARTESIAN_POINT('',(4.986397005465E0,-2.511837893824E0,
-7.349999822023E0));
#1428=LINE('',#1427,#1426);
#1429=DIRECTION('',(1.899126825887E-1,9.818009844118E-1,-3.707502916579E-14));
#1430=VECTOR('',#1429,1.916499465402E-1);
#1431=CARTESIAN_POINT('',(4.95000025E0,-2.7E0,-7.449999822023E0));
#1432=LINE('',#1431,#1430);
#1433=DIRECTION('',(0.E0,0.E0,-1.E0));
#1434=VECTOR('',#1433,1.E-1);
#1435=CARTESIAN_POINT('',(5.54999975E0,-2.7E0,-7.349999822023E0));
#1436=LINE('',#1435,#1434);
#1437=DIRECTION('',(1.E0,0.E0,0.E0));
#1438=VECTOR('',#1437,3.962922281848E-1);
#1439=CARTESIAN_POINT('',(5.051853885908E0,-2.7E0,-7.549999822023E0));
#1440=LINE('',#1439,#1438);
#1441=DIRECTION('',(0.E0,0.E0,-1.E0));
#1442=VECTOR('',#1441,1.E-1);
#1443=CARTESIAN_POINT('',(4.95000025E0,-2.7E0,-7.349999822023E0));
#1444=LINE('',#1443,#1442);
#1445=DIRECTION('',(-1.E0,0.E0,0.E0));
#1446=VECTOR('',#1445,1.05E0);
#1447=CARTESIAN_POINT('',(5.775E0,-2.7E0,-7.986942822023E0));
#1448=LINE('',#1447,#1446);
#1449=DIRECTION('',(1.899126825887E-1,-9.818009844118E-1,-3.707502916579E-14));
#1450=VECTOR('',#1449,1.916499465402E-1);
#1451=CARTESIAN_POINT('',(5.513602994535E0,-2.511837893824E0,
-7.449999822023E0));
#1452=LINE('',#1451,#1450);
#1453=DIRECTION('',(0.E0,0.E0,-1.E0));
#1454=VECTOR('',#1453,9.999999999999E-2);
#1455=CARTESIAN_POINT('',(5.513602994535E0,-2.511837893824E0,
-7.349999822023E0));
#1456=LINE('',#1455,#1454);
#1457=CARTESIAN_POINT('',(5.448146114092E0,-2.7E0,-7.549999822023E0));
#1458=CARTESIAN_POINT('',(5.456556682255E0,-2.7E0,-7.549999822023E0));
#1459=CARTESIAN_POINT('',(5.471439805917E0,-2.7E0,-7.548061809359E0));
#1460=CARTESIAN_POINT('',(5.496564634205E0,-2.7E0,-7.539544364996E0));
#1461=CARTESIAN_POINT('',(5.521394465549E0,-2.7E0,-7.522321355525E0));
#1462=CARTESIAN_POINT('',(5.539119667362E0,-2.7E0,-7.497993716525E0));
#1463=CARTESIAN_POINT('',(5.547960478724E0,-2.7E0,-7.473192255235E0));
#1464=CARTESIAN_POINT('',(5.54999975E0,-2.7E0,-7.458410390186E0));
#1465=CARTESIAN_POINT('',(5.54999975E0,-2.7E0,-7.449999822023E0));
#1467=CARTESIAN_POINT('',(5.513602994535E0,-2.511837893824E0,
-7.449999822023E0));
#1468=CARTESIAN_POINT('',(5.513602994535E0,-2.511837893824E0,
-7.453251692194E0));
#1469=CARTESIAN_POINT('',(5.513001502325E0,-2.510185307560E0,
-7.458337759160E0));
#1470=CARTESIAN_POINT('',(5.510923944376E0,-2.504477264007E0,
-7.466448586908E0));
#1471=CARTESIAN_POINT('',(5.507357555765E0,-2.494678691832E0,
-7.474302219279E0));
#1472=CARTESIAN_POINT('',(5.502361798960E0,-2.480952962815E0,
-7.482038804976E0));
#1473=CARTESIAN_POINT('',(5.495061559283E0,-2.460895719145E0,
-7.490847632547E0));
#1474=CARTESIAN_POINT('',(5.485112959648E0,-2.433562166295E0,
-7.499918208719E0));
#1475=CARTESIAN_POINT('',(5.476614590555E0,-2.410213089107E0,
-7.505903132423E0));
#1476=CARTESIAN_POINT('',(5.472267135268E0,-2.398268553874E0,
-7.508663977291E0));
#1478=DIRECTION('',(-3.236155771182E-1,8.891264907160E-1,3.236155771182E-1));
#1479=VECTOR('',#1478,4.902859024293E-1);
#1480=CARTESIAN_POINT('',(5.472267135268E0,-2.398268553874E0,
-7.508663977291E0));
#1481=LINE('',#1480,#1479);
#1482=DIRECTION('',(1.899126825887E-1,9.818009844118E-1,0.E0));
#1483=VECTOR('',#1482,1.916499872139E-1);
#1484=CARTESIAN_POINT('',(5.051853885908E0,-2.7E0,-7.549999822023E0));
#1485=LINE('',#1484,#1483);
#1486=DIRECTION('',(1.899126825887E-1,-9.818009844118E-1,0.E0));
#1487=VECTOR('',#1486,1.916499872139E-1);
#1488=CARTESIAN_POINT('',(5.411749350903E0,-2.511837853891E0,
-7.549999822023E0));
#1489=LINE('',#1488,#1487);
#1490=DIRECTION('',(1.E0,0.E0,0.E0));
#1491=VECTOR('',#1490,3.234987018051E-1);
#1492=CARTESIAN_POINT('',(5.088250649097E0,-2.511837853891E0,
-7.549999822023E0));
#1493=LINE('',#1492,#1491);
#1494=CARTESIAN_POINT('',(6.490192378865E0,4.E-1,-8.05E0));
#1495=DIRECTION('',(0.E0,-1.E0,0.E0));
#1496=DIRECTION('',(0.E0,0.E0,-1.E0));
#1497=AXIS2_PLACEMENT_3D('',#1494,#1495,#1496);
#1499=DIRECTION('',(1.E0,0.E0,0.E0));
#1500=VECTOR('',#1499,6.252776749733E-1);
#1501=CARTESIAN_POINT('',(6.374722325027E0,4.E-1,-7.4E0));
#1502=LINE('',#1501,#1500);
#1503=CARTESIAN_POINT('',(6.374722325027E0,4.E-1,-7.45E0));
#1504=DIRECTION('',(0.E0,1.E0,0.E0));
#1505=DIRECTION('',(-8.660254037844E-1,0.E0,-5.E-1));
#1506=AXIS2_PLACEMENT_3D('',#1503,#1504,#1505);
#1508=DIRECTION('',(-5.E-1,0.E0,8.660254037844E-1));
#1509=VECTOR('',#1508,5.773502691896E-1);
#1510=CARTESIAN_POINT('',(6.620096189432E0,4.E-1,-7.975E0));
#1511=LINE('',#1510,#1509);
#1512=DIRECTION('',(1.E0,0.E0,0.E0));
#1513=VECTOR('',#1512,6.252776749733E-1);
#1514=CARTESIAN_POINT('',(-7.E0,4.E-1,-7.4E0));
#1515=LINE('',#1514,#1513);
#1516=CARTESIAN_POINT('',(-6.490192378865E0,4.E-1,-8.05E0));
#1517=DIRECTION('',(0.E0,-1.E0,0.E0));
#1518=DIRECTION('',(-8.660254037843E-1,0.E0,5.000000000002E-1));
#1519=AXIS2_PLACEMENT_3D('',#1516,#1517,#1518);
#1521=DIRECTION('',(-5.E-1,0.E0,-8.660254037844E-1));
#1522=VECTOR('',#1521,5.773502691896E-1);
#1523=CARTESIAN_POINT('',(-6.331421054838E0,4.E-1,-7.475E0));
#1524=LINE('',#1523,#1522);
#1525=CARTESIAN_POINT('',(-6.374722325027E0,4.E-1,-7.45E0));
#1526=DIRECTION('',(0.E0,1.E0,0.E0));
#1527=DIRECTION('',(0.E0,0.E0,1.E0));
#1528=AXIS2_PLACEMENT_3D('',#1525,#1526,#1527);
#1530=DIRECTION('',(0.E0,-1.E0,0.E0));
#1531=VECTOR('',#1530,2.3E0);
#1532=CARTESIAN_POINT('',(6.374722325027E0,2.7E0,-7.4E0));
#1533=LINE('',#1532,#1531);
#1534=DIRECTION('',(0.E0,-1.E0,0.E0));
#1535=VECTOR('',#1534,2.3E0);
#1536=CARTESIAN_POINT('',(6.331421054838E0,2.7E0,-7.475E0));
#1537=LINE('',#1536,#1535);
#1538=DIRECTION('',(0.E0,-1.E0,0.E0));
#1539=VECTOR('',#1538,2.3E0);
#1540=CARTESIAN_POINT('',(6.620096189432E0,2.7E0,-7.975E0));
#1541=LINE('',#1540,#1539);
#1542=DIRECTION('',(0.E0,-1.E0,0.E0));
#1543=VECTOR('',#1542,2.3E0);
#1544=CARTESIAN_POINT('',(-6.374722325027E0,2.7E0,-7.4E0));
#1545=LINE('',#1544,#1543);
#1546=DIRECTION('',(0.E0,-1.E0,0.E0));
#1547=VECTOR('',#1546,2.3E0);
#1548=CARTESIAN_POINT('',(-6.331421054838E0,2.7E0,-7.475E0));
#1549=LINE('',#1548,#1547);
#1550=DIRECTION('',(0.E0,-1.E0,0.E0));
#1551=VECTOR('',#1550,2.3E0);
#1552=CARTESIAN_POINT('',(-6.620096189432E0,2.7E0,-7.975E0));
#1553=LINE('',#1552,#1551);
#1554=CARTESIAN_POINT('',(-7.E0,6.15E0,-2.013033107515E0));
#1555=DIRECTION('',(-1.E0,0.E0,0.E0));
#1556=DIRECTION('',(0.E0,2.756373558170E-1,9.612616959383E-1));
#1557=AXIS2_PLACEMENT_3D('',#1554,#1555,#1556);
#1559=DIRECTION('',(0.E0,9.612616959383E-1,-2.756373558170E-1));
#1560=VECTOR('',#1559,5.556598817930E0);
#1561=CARTESIAN_POINT('',(-7.E0,8.5E-1,-3.372376476145E-1));
#1562=LINE('',#1561,#1560);
#1563=DIRECTION('',(0.E0,0.E0,-1.E0));
#1564=VECTOR('',#1563,3.372376476145E-1);
#1565=CARTESIAN_POINT('',(-7.E0,8.5E-1,0.E0));
#1566=LINE('',#1565,#1564);
#1567=DIRECTION('',(0.E0,1.E0,0.E0));
#1568=VECTOR('',#1567,7.15E0);
#1569=CARTESIAN_POINT('',(-7.E0,-6.3E0,0.E0));
#1570=LINE('',#1569,#1568);
#1571=DIRECTION('',(0.E0,0.E0,1.E0));
#1572=VECTOR('',#1571,8.2E0);
#1573=CARTESIAN_POINT('',(-7.E0,-6.3E0,-8.2E0));
#1574=LINE('',#1573,#1572);
#1575=DIRECTION('',(0.E0,-1.E0,0.E0));
#1576=VECTOR('',#1575,6.7E0);
#1577=CARTESIAN_POINT('',(-7.E0,4.E-1,-8.2E0));
#1578=LINE('',#1577,#1576);
#1579=DIRECTION('',(0.E0,0.E0,1.E0));
#1580=VECTOR('',#1579,8.E-1);
#1581=CARTESIAN_POINT('',(-7.E0,4.E-1,-8.2E0));
#1582=LINE('',#1581,#1580);
#1583=DIRECTION('',(0.E0,1.E0,0.E0));
#1584=VECTOR('',#1583,2.3E0);
#1585=CARTESIAN_POINT('',(-7.E0,4.E-1,-7.4E0));
#1586=LINE('',#1585,#1584);
#1587=DIRECTION('',(0.E0,0.E0,-1.E0));
#1588=VECTOR('',#1587,3.652228694495E-1);
#1589=CARTESIAN_POINT('',(-7.E0,2.7E0,-7.034777130550E0));
#1590=LINE('',#1589,#1588);
#1591=DIRECTION('',(0.E0,-9.848077530122E-1,-1.736481776669E-1));
#1592=VECTOR('',#1591,3.529670858112E0);
#1593=CARTESIAN_POINT('',(-7.E0,6.176047226650E0,-6.421856218275E0));
#1594=LINE('',#1593,#1592);
#1595=CARTESIAN_POINT('',(-7.E0,6.15E0,-6.274135055323E0));
#1596=DIRECTION('',(-1.E0,0.E0,0.E0));
#1597=DIRECTION('',(0.E0,1.E0,0.E0));
#1598=AXIS2_PLACEMENT_3D('',#1595,#1596,#1597);
#1600=DIRECTION('',(0.E0,0.E0,-1.E0));
#1601=VECTOR('',#1600,1.030025687829E-1);
#1602=CARTESIAN_POINT('',(-7.E0,6.3E0,-6.171132486541E0));
#1603=LINE('',#1602,#1601);
#1604=DIRECTION('',(0.E0,1.E0,0.E0));
#1605=VECTOR('',#1604,2.2E0);
#1606=CARTESIAN_POINT('',(-7.E0,4.1E0,-6.171132486541E0));
#1607=LINE('',#1606,#1605);
#1608=DIRECTION('',(0.E0,0.E0,1.E0));
#1609=VECTOR('',#1608,9.422649730810E-1);
#1610=CARTESIAN_POINT('',(-7.E0,4.1E0,-6.171132486541E0));
#1611=LINE('',#1610,#1609);
#1612=DIRECTION('',(0.E0,1.E0,0.E0));
#1613=VECTOR('',#1612,2.2E0);
#1614=CARTESIAN_POINT('',(-7.E0,4.1E0,-5.228867513459E0));
#1615=LINE('',#1614,#1613);
#1616=DIRECTION('',(0.E0,0.E0,-1.E0));
#1617=VECTOR('',#1616,2.257735026919E0);
#1618=CARTESIAN_POINT('',(-7.E0,6.3E0,-2.971132486541E0));
#1619=LINE('',#1618,#1617);
#1620=DIRECTION('',(0.E0,1.E0,0.E0));
#1621=VECTOR('',#1620,2.2E0);
#1622=CARTESIAN_POINT('',(-7.E0,4.1E0,-2.971132486541E0));
#1623=LINE('',#1622,#1621);
#1624=DIRECTION('',(0.E0,0.E0,1.E0));
#1625=VECTOR('',#1624,9.422649730810E-1);
#1626=CARTESIAN_POINT('',(-7.E0,4.1E0,-2.971132486541E0));
#1627=LINE('',#1626,#1625);
#1628=DIRECTION('',(0.E0,1.E0,0.E0));
#1629=VECTOR('',#1628,2.2E0);
#1630=CARTESIAN_POINT('',(-7.E0,4.1E0,-2.028867513459E0));
#1631=LINE('',#1630,#1629);
#1632=DIRECTION('',(0.E0,0.E0,-1.E0));
#1633=VECTOR('',#1632,1.583440594405E-2);
#1634=CARTESIAN_POINT('',(-7.E0,6.3E0,-2.013033107515E0));
#1635=LINE('',#1634,#1633);
#1636=DIRECTION('',(1.E0,0.E0,0.E0));
#1637=VECTOR('',#1636,1.4E1);
#1638=CARTESIAN_POINT('',(-7.E0,6.176047226650E0,-6.421856218275E0));
#1639=LINE('',#1638,#1637);
#1640=CARTESIAN_POINT('',(5.25E0,6.3E0,-4.1E0));
#1641=DIRECTION('',(0.E0,1.E0,0.E0));
#1642=DIRECTION('',(-1.E0,0.E0,0.E0));
#1643=AXIS2_PLACEMENT_3D('',#1640,#1641,#1642);
#1645=CARTESIAN_POINT('',(5.25E0,6.3E0,-4.1E0));
#1646=DIRECTION('',(0.E0,1.E0,0.E0));
#1647=DIRECTION('',(1.E0,0.E0,0.E0));
#1648=AXIS2_PLACEMENT_3D('',#1645,#1646,#1647);
#1650=CARTESIAN_POINT('',(1.75E0,6.3E0,-4.1E0));
#1651=DIRECTION('',(0.E0,1.E0,0.E0));
#1652=DIRECTION('',(-1.E0,0.E0,0.E0));
#1653=AXIS2_PLACEMENT_3D('',#1650,#1651,#1652);
#1655=CARTESIAN_POINT('',(1.75E0,6.3E0,-4.1E0));
#1656=DIRECTION('',(0.E0,1.E0,0.E0));
#1657=DIRECTION('',(1.E0,0.E0,0.E0));
#1658=AXIS2_PLACEMENT_3D('',#1655,#1656,#1657);
#1660=CARTESIAN_POINT('',(-1.75E0,6.3E0,-4.1E0));
#1661=DIRECTION('',(0.E0,1.E0,0.E0));
#1662=DIRECTION('',(-1.E0,0.E0,0.E0));
#1663=AXIS2_PLACEMENT_3D('',#1660,#1661,#1662);
#1665=CARTESIAN_POINT('',(-1.75E0,6.3E0,-4.1E0));
#1666=DIRECTION('',(0.E0,1.E0,0.E0));
#1667=DIRECTION('',(1.E0,0.E0,0.E0));
#1668=AXIS2_PLACEMENT_3D('',#1665,#1666,#1667);
#1670=CARTESIAN_POINT('',(-5.25E0,6.3E0,-4.1E0));
#1671=DIRECTION('',(0.E0,1.E0,0.E0));
#1672=DIRECTION('',(-1.E0,0.E0,0.E0));
#1673=AXIS2_PLACEMENT_3D('',#1670,#1671,#1672);
#1675=CARTESIAN_POINT('',(-5.25E0,6.3E0,-4.1E0));
#1676=DIRECTION('',(0.E0,1.E0,0.E0));
#1677=DIRECTION('',(1.E0,0.E0,0.E0));
#1678=AXIS2_PLACEMENT_3D('',#1675,#1676,#1677);
#1680=DIRECTION('',(1.E0,0.E0,0.E0));
#1681=VECTOR('',#1680,1.4E1);
#1682=CARTESIAN_POINT('',(-7.E0,6.3E0,-2.013033107515E0));
#1683=LINE('',#1682,#1681);
#1684=CARTESIAN_POINT('',(-6.85E0,6.3E0,-2.028867513459E0));
#1685=DIRECTION('',(0.E0,1.E0,0.E0));
#1686=DIRECTION('',(5.E-1,0.E0,-8.660254037844E-1));
#1687=AXIS2_PLACEMENT_3D('',#1684,#1685,#1686);
#1689=DIRECTION('',(8.660254037844E-1,0.E0,5.E-1));
#1690=VECTOR('',#1689,2.309401076758E-1);
#1691=CARTESIAN_POINT('',(-6.775E0,6.3E0,-2.158771324027E0));
#1692=LINE('',#1691,#1690);
#1693=CARTESIAN_POINT('',(-6.55E0,6.3E0,-2.086602540378E0));
#1694=DIRECTION('',(0.E0,1.E0,0.E0));
#1695=DIRECTION('',(-5.000000000001E-1,0.E0,8.660254037844E-1));
#1696=AXIS2_PLACEMENT_3D('',#1693,#1694,#1695);
#1698=DIRECTION('',(0.E0,0.E0,-1.E0));
#1699=VECTOR('',#1698,8.267949192431E-1);
#1700=CARTESIAN_POINT('',(-6.5E0,6.3E0,-2.086602540378E0));
#1701=LINE('',#1700,#1699);
#1702=CARTESIAN_POINT('',(-6.55E0,6.3E0,-2.913397459622E0));
#1703=DIRECTION('',(0.E0,1.E0,0.E0));
#1704=DIRECTION('',(1.E0,0.E0,5.417888360171E-13));
#1705=AXIS2_PLACEMENT_3D('',#1702,#1703,#1704);
#1707=DIRECTION('',(-8.660254037844E-1,0.E0,5.E-1));
#1708=VECTOR('',#1707,2.309401076758E-1);
#1709=CARTESIAN_POINT('',(-6.575E0,6.3E0,-2.956698729811E0));
#1710=LINE('',#1709,#1708);
#1711=CARTESIAN_POINT('',(-6.85E0,6.3E0,-2.971132486541E0));
#1712=DIRECTION('',(0.E0,1.E0,0.E0));
#1713=DIRECTION('',(-1.E0,0.E0,0.E0));
#1714=AXIS2_PLACEMENT_3D('',#1711,#1712,#1713);
#1716=CARTESIAN_POINT('',(-6.85E0,6.3E0,-5.228867513459E0));
#1717=DIRECTION('',(0.E0,1.E0,0.E0));
#1718=DIRECTION('',(5.E-1,0.E0,-8.660254037845E-1));
#1719=AXIS2_PLACEMENT_3D('',#1716,#1717,#1718);
#1721=DIRECTION('',(8.660254037845E-1,0.E0,5.E-1));
#1722=VECTOR('',#1721,2.309401076759E-1);
#1723=CARTESIAN_POINT('',(-6.775E0,6.3E0,-5.358771324027E0));
#1724=LINE('',#1723,#1722);
#1725=CARTESIAN_POINT('',(-6.55E0,6.3E0,-5.286602540378E0));
#1726=DIRECTION('',(0.E0,1.E0,0.E0));
#1727=DIRECTION('',(-5.000000000002E-1,0.E0,8.660254037843E-1));
#1728=AXIS2_PLACEMENT_3D('',#1725,#1726,#1727);
#1730=DIRECTION('',(0.E0,0.E0,-1.E0));
#1731=VECTOR('',#1730,8.267949192431E-1);
#1732=CARTESIAN_POINT('',(-6.5E0,6.3E0,-5.286602540378E0));
#1733=LINE('',#1732,#1731);
#1734=CARTESIAN_POINT('',(-6.55E0,6.3E0,-6.113397459622E0));
#1735=DIRECTION('',(0.E0,1.E0,0.E0));
#1736=DIRECTION('',(1.E0,0.E0,-1.776356839400E-14));
#1737=AXIS2_PLACEMENT_3D('',#1734,#1735,#1736);
#1739=DIRECTION('',(-8.660254037844E-1,0.E0,5.E-1));
#1740=VECTOR('',#1739,2.309401076759E-1);
#1741=CARTESIAN_POINT('',(-6.575E0,6.3E0,-6.156698729811E0));
#1742=LINE('',#1741,#1740);
#1743=CARTESIAN_POINT('',(-6.85E0,6.3E0,-6.171132486541E0));
#1744=DIRECTION('',(0.E0,1.E0,0.E0));
#1745=DIRECTION('',(-1.E0,0.E0,0.E0));
#1746=AXIS2_PLACEMENT_3D('',#1743,#1744,#1745);
#1748=DIRECTION('',(1.E0,0.E0,0.E0));
#1749=VECTOR('',#1748,1.4E1);
#1750=CARTESIAN_POINT('',(-7.E0,6.3E0,-6.274135055323E0));
#1751=LINE('',#1750,#1749);
#1752=CARTESIAN_POINT('',(7.05E0,6.3E0,-5.997927405784E0));
#1753=DIRECTION('',(0.E0,-1.E0,0.E0));
#1754=DIRECTION('',(4.999999999999E-1,0.E0,8.660254037845E-1));
#1755=AXIS2_PLACEMENT_3D('',#1752,#1753,#1754);
#1757=DIRECTION('',(-8.660254037844E-1,0.E0,5.E-1));
#1758=VECTOR('',#1757,2.309401076759E-1);
#1759=CARTESIAN_POINT('',(7.275E0,6.3E0,-6.070096189432E0));
#1760=LINE('',#1759,#1758);
#1761=CARTESIAN_POINT('',(7.35E0,6.3E0,-5.940192378865E0));
#1762=DIRECTION('',(0.E0,1.E0,0.E0));
#1763=DIRECTION('',(1.E0,0.E0,-1.184237892934E-14));
#1764=AXIS2_PLACEMENT_3D('',#1761,#1762,#1763);
#1766=DIRECTION('',(0.E0,0.E0,-1.E0));
#1767=VECTOR('',#1766,4.803847577293E-1);
#1768=CARTESIAN_POINT('',(7.5E0,6.3E0,-5.459807621135E0));
#1769=LINE('',#1768,#1767);
#1770=CARTESIAN_POINT('',(7.35E0,6.3E0,-5.459807621135E0));
#1771=DIRECTION('',(0.E0,1.E0,0.E0));
#1772=DIRECTION('',(-4.999999999999E-1,0.E0,8.660254037845E-1));
#1773=AXIS2_PLACEMENT_3D('',#1770,#1771,#1772);
#1775=DIRECTION('',(8.660254037844E-1,0.E0,5.E-1));
#1776=VECTOR('',#1775,2.309401076759E-1);
#1777=CARTESIAN_POINT('',(7.075E0,6.3E0,-5.445373864406E0));
#1778=LINE('',#1777,#1776);
#1779=CARTESIAN_POINT('',(7.05E0,6.3E0,-5.402072594216E0));
#1780=DIRECTION('',(0.E0,-1.E0,0.E0));
#1781=DIRECTION('',(-1.E0,0.E0,0.E0));
#1782=AXIS2_PLACEMENT_3D('',#1779,#1780,#1781);
#1784=CARTESIAN_POINT('',(7.05E0,6.3E0,-2.797927405784E0));
#1785=DIRECTION('',(0.E0,-1.E0,0.E0));
#1786=DIRECTION('',(5.E-1,0.E0,8.660254037844E-1));
#1787=AXIS2_PLACEMENT_3D('',#1784,#1785,#1786);
#1789=DIRECTION('',(-8.660254037844E-1,0.E0,5.E-1));
#1790=VECTOR('',#1789,2.309401076759E-1);
#1791=CARTESIAN_POINT('',(7.275E0,6.3E0,-2.870096189432E0));
#1792=LINE('',#1791,#1790);
#1793=CARTESIAN_POINT('',(7.35E0,6.3E0,-2.740192378865E0));
#1794=DIRECTION('',(0.E0,1.E0,0.E0));
#1795=DIRECTION('',(1.E0,0.E0,1.480297366167E-14));
#1796=AXIS2_PLACEMENT_3D('',#1793,#1794,#1795);
#1798=DIRECTION('',(0.E0,0.E0,-1.E0));
#1799=VECTOR('',#1798,4.803847577293E-1);
#1800=CARTESIAN_POINT('',(7.5E0,6.3E0,-2.259807621135E0));
#1801=LINE('',#1800,#1799);
#1802=CARTESIAN_POINT('',(7.35E0,6.3E0,-2.259807621135E0));
#1803=DIRECTION('',(0.E0,1.E0,0.E0));
#1804=DIRECTION('',(-5.E-1,0.E0,8.660254037844E-1));
#1805=AXIS2_PLACEMENT_3D('',#1802,#1803,#1804);
#1807=DIRECTION('',(8.660254037844E-1,0.E0,5.E-1));
#1808=VECTOR('',#1807,2.309401076759E-1);
#1809=CARTESIAN_POINT('',(7.075E0,6.3E0,-2.245373864406E0));
#1810=LINE('',#1809,#1808);
#1811=CARTESIAN_POINT('',(7.05E0,6.3E0,-2.202072594216E0));
#1812=DIRECTION('',(0.E0,-1.E0,0.E0));
#1813=DIRECTION('',(-1.E0,0.E0,0.E0));
#1814=AXIS2_PLACEMENT_3D('',#1811,#1812,#1813);
#1816=DIRECTION('',(0.E0,-1.E0,0.E0));
#1817=VECTOR('',#1816,1.25359E0);
#1818=CARTESIAN_POINT('',(3.8E0,6.3E0,-4.1E0));
#1819=LINE('',#1818,#1817);
#1820=DIRECTION('',(0.E0,-1.E0,0.E0));
#1821=VECTOR('',#1820,6.E-1);
#1822=CARTESIAN_POINT('',(3.831373904089E0,5.04641E0,-4.4E0));
#1823=LINE('',#1822,#1821);
#1824=DIRECTION('',(0.E0,-1.E0,0.E0));
#1825=VECTOR('',#1824,6.E-1);
#1826=CARTESIAN_POINT('',(6.668626095911E0,5.04641E0,-3.8E0));
#1827=LINE('',#1826,#1825);
#1828=CARTESIAN_POINT('',(6.577548950591E0,6.069749005049E0,-3.516807249887E0));
#1829=CARTESIAN_POINT('',(6.558616375025E0,5.955417856658E0,-3.473710142080E0));
#1830=CARTESIAN_POINT('',(6.517285231092E0,5.759553292802E0,-3.390981919267E0));
#1831=CARTESIAN_POINT('',(6.445841401583E0,5.555151874754E0,-3.276336698656E0));
#1832=CARTESIAN_POINT('',(6.365540573851E0,5.434561785478E0,-3.170548476269E0));
#1833=CARTESIAN_POINT('',(6.276709224685E0,5.394693665246E0,-3.073290775315E0));
#1834=CARTESIAN_POINT('',(6.179451523731E0,5.434561785478E0,-2.984459426149E0));
#1835=CARTESIAN_POINT('',(6.073663301344E0,5.555151874754E0,-2.904158598417E0));
#1836=CARTESIAN_POINT('',(5.959018080733E0,5.759553292802E0,-2.832714768908E0));
#1837=CARTESIAN_POINT('',(5.876289857920E0,5.955417856658E0,-2.791383624975E0));
#1838=CARTESIAN_POINT('',(5.833192750113E0,6.069749005049E0,-2.772451049409E0));
#1840=CARTESIAN_POINT('',(5.833192750113E0,6.069749005049E0,-2.772451049409E0));
#1841=CARTESIAN_POINT('',(5.832510431837E0,6.071559108697E0,-2.772151306735E0));
#1842=CARTESIAN_POINT('',(5.831405906276E0,6.075178503503E0,-2.771667293498E0));
#1843=CARTESIAN_POINT('',(5.830504810565E0,6.080554752417E0,-2.771273450955E0));
#1844=CARTESIAN_POINT('',(5.830331382112E0,6.085981667233E0,-2.771197731491E0));
#1845=CARTESIAN_POINT('',(5.830898632314E0,6.091400321024E0,-2.771445490614E0));
#1846=CARTESIAN_POINT('',(5.832209774658E0,6.096838618958E0,-2.772019241029E0));
#1847=CARTESIAN_POINT('',(5.834359229060E0,6.102443609300E0,-2.772963100094E0));
#1848=CARTESIAN_POINT('',(5.837427344316E0,6.108162688802E0,-2.774317527415E0));
#1849=CARTESIAN_POINT('',(5.841454367672E0,6.113928373945E0,-2.776108024634E0));
#1850=CARTESIAN_POINT('',(5.846604047938E0,6.119818884236E0,-2.778418822878E0));
#1851=CARTESIAN_POINT('',(5.852976852144E0,6.125770076197E0,-2.781311853103E0));
#1852=CARTESIAN_POINT('',(5.860564144901E0,6.131655224032E0,-2.784804722150E0));
#1853=CARTESIAN_POINT('',(5.869439103148E0,6.137443144473E0,-2.788957537758E0));
#1854=CARTESIAN_POINT('',(5.879669141766E0,6.143084477264E0,-2.793835736104E0));
#1855=CARTESIAN_POINT('',(5.891153849154E0,6.148463057592E0,-2.799429875962E0));
#1856=CARTESIAN_POINT('',(5.904013398510E0,6.153588336137E0,-2.805842438456E0));
#1857=CARTESIAN_POINT('',(5.918438250152E0,6.158463530799E0,-2.813225493238E0));
#1858=CARTESIAN_POINT('',(5.934573149772E0,6.163052613873E0,-2.821726370796E0));
#1859=CARTESIAN_POINT('',(5.952568072026E0,6.167313137122E0,-2.831514416774E0));
#1860=CARTESIAN_POINT('',(5.965985087050E0,6.169912178263E0,-2.839075232338E0));
#1861=CARTESIAN_POINT('',(5.973022537360E0,6.171132486541E0,-2.843123550038E0));
#1863=CARTESIAN_POINT('',(5.973022537360E0,6.171132486541E0,-2.843123550038E0));
#1864=CARTESIAN_POINT('',(6.085989312394E0,6.190721156388E0,-2.908108079205E0));
#1865=CARTESIAN_POINT('',(6.286669048847E0,6.209278843612E0,-3.063330951153E0));
#1866=CARTESIAN_POINT('',(6.441891920795E0,6.190721156388E0,-3.264010687606E0));
#1867=CARTESIAN_POINT('',(6.506876449962E0,6.171132486541E0,-3.376977462640E0));
#1869=CARTESIAN_POINT('',(6.506876449962E0,6.171132486541E0,-3.376977462640E0));
#1870=CARTESIAN_POINT('',(6.510903955114E0,6.169918451912E0,-3.383978733162E0));
#1871=CARTESIAN_POINT('',(6.518428378800E0,6.167333683524E0,-3.397329677689E0));
#1872=CARTESIAN_POINT('',(6.528176850588E0,6.163097985052E0,-3.415246882525E0));
#1873=CARTESIAN_POINT('',(6.536649015457E0,6.158536876167E0,-3.431320726295E0));
#1874=CARTESIAN_POINT('',(6.544012170367E0,6.153692283227E0,-3.445699311283E0));
#1875=CARTESIAN_POINT('',(6.550411208121E0,6.148600430862E0,-3.458524121734E0));
#1876=CARTESIAN_POINT('',(6.555995920982E0,6.143259592355E0,-3.469981915206E0));
#1877=CARTESIAN_POINT('',(6.560870926260E0,6.137658304350E0,-3.480197988170E0));
#1878=CARTESIAN_POINT('',(6.565028255625E0,6.131907953635E0,-3.489076164774E0));
#1879=CARTESIAN_POINT('',(6.568527903699E0,6.126064268810E0,-3.496672741450E0));
#1880=CARTESIAN_POINT('',(6.571435231418E0,6.120148584999E0,-3.503072619150E0));
#1881=CARTESIAN_POINT('',(6.573765210981E0,6.114285471470E0,-3.508261844134E0));
#1882=CARTESIAN_POINT('',(6.575575225961E0,6.108550416290E0,-3.512330561461E0));
#1883=CARTESIAN_POINT('',(6.576958080202E0,6.102831315269E0,-3.515461678210E0));
#1884=CARTESIAN_POINT('',(6.577934667195E0,6.097183342931E0,-3.517685021424E0));
#1885=CARTESIAN_POINT('',(6.578534697223E0,6.091665861584E0,-3.519056030635E0));
#1886=CARTESIAN_POINT('',(6.578796404801E0,6.086271830142E0,-3.519655188943E0));
#1887=CARTESIAN_POINT('',(6.578740041908E0,6.080832764288E0,-3.519526085594E0));
#1888=CARTESIAN_POINT('',(6.578349278511E0,6.075310113572E0,-3.518631951441E0));
#1889=CARTESIAN_POINT('',(6.577856471665E0,6.071606081355E0,-3.517507274499E0));
#1890=CARTESIAN_POINT('',(6.577548950591E0,6.069749005049E0,-3.516807249887E0));
#1892=CARTESIAN_POINT('',(4.666807249887E0,6.069749005049E0,-2.772451049409E0));
#1893=CARTESIAN_POINT('',(4.623710142080E0,5.955417856658E0,-2.791383624975E0));
#1894=CARTESIAN_POINT('',(4.540981919267E0,5.759553292802E0,-2.832714768908E0));
#1895=CARTESIAN_POINT('',(4.426336698656E0,5.555151874754E0,-2.904158598417E0));
#1896=CARTESIAN_POINT('',(4.320548476269E0,5.434561785478E0,-2.984459426149E0));
#1897=CARTESIAN_POINT('',(4.223290775315E0,5.394693665246E0,-3.073290775315E0));
#1898=CARTESIAN_POINT('',(4.134459426149E0,5.434561785478E0,-3.170548476269E0));
#1899=CARTESIAN_POINT('',(4.054158598417E0,5.555151874754E0,-3.276336698656E0));
#1900=CARTESIAN_POINT('',(3.982714768908E0,5.759553292802E0,-3.390981919267E0));
#1901=CARTESIAN_POINT('',(3.941383624975E0,5.955417856658E0,-3.473710142080E0));
#1902=CARTESIAN_POINT('',(3.922451049409E0,6.069749005049E0,-3.516807249887E0));
#1904=CARTESIAN_POINT('',(3.922451049409E0,6.069749005049E0,-3.516807249887E0));
#1905=CARTESIAN_POINT('',(3.922143492583E0,6.071606297258E0,-3.517507355883E0));
#1906=CARTESIAN_POINT('',(3.921650637230E0,6.075310788502E0,-3.518632143908E0));
#1907=CARTESIAN_POINT('',(3.921259880792E0,6.080834252171E0,-3.519526262600E0));
#1908=CARTESIAN_POINT('',(3.921203622777E0,6.086274181757E0,-3.519655125763E0));
#1909=CARTESIAN_POINT('',(3.921465539236E0,6.091669117918E0,-3.519055489505E0));
#1910=CARTESIAN_POINT('',(3.922065906329E0,6.097187571108E0,-3.517683712429E0));
#1911=CARTESIAN_POINT('',(3.923042961181E0,6.102836437976E0,-3.515459312107E0));
#1912=CARTESIAN_POINT('',(3.924426369100E0,6.108556213499E0,-3.512326960300E0));
#1913=CARTESIAN_POINT('',(3.926237073376E0,6.114291957345E0,-3.508256728673E0));
#1914=CARTESIAN_POINT('',(3.928567951044E0,6.120155835664E0,-3.503065565328E0));
#1915=CARTESIAN_POINT('',(3.931476496318E0,6.126072440373E0,-3.496663112343E0));
#1916=CARTESIAN_POINT('',(3.934977751049E0,6.131917171009E0,-3.489063213466E0));
#1917=CARTESIAN_POINT('',(3.939137314435E0,6.137668777706E0,-3.480180530231E0));
#1918=CARTESIAN_POINT('',(3.944014423837E0,6.143270457187E0,-3.469960448214E0));
#1919=CARTESIAN_POINT('',(3.949600377359E0,6.148610502028E0,-3.458500627577E0));
#1920=CARTESIAN_POINT('',(3.955999612038E0,6.153700731796E0,-3.445676019918E0));
#1921=CARTESIAN_POINT('',(3.963361804708E0,6.158543209050E0,-3.431299940334E0));
#1922=CARTESIAN_POINT('',(3.971831770778E0,6.163102027393E0,-3.415230850131E0));
#1923=CARTESIAN_POINT('',(3.981576747972E0,6.167335524423E0,-3.397320514147E0));
#1924=CARTESIAN_POINT('',(3.989097925612E0,6.169919018830E0,-3.383975463775E0));
#1925=CARTESIAN_POINT('',(3.993123550038E0,6.171132486541E0,-3.376977462640E0));
#1927=CARTESIAN_POINT('',(3.993123550038E0,6.171132486541E0,-3.376977462640E0));
#1928=CARTESIAN_POINT('',(4.058108079205E0,6.190721156388E0,-3.264010687606E0));
#1929=CARTESIAN_POINT('',(4.213330951153E0,6.209278843612E0,-3.063330951153E0));
#1930=CARTESIAN_POINT('',(4.414010687606E0,6.190721156388E0,-2.908108079205E0));
#1931=CARTESIAN_POINT('',(4.526977462640E0,6.171132486541E0,-2.843123550038E0));
#1933=CARTESIAN_POINT('',(4.526977462640E0,6.171132486541E0,-2.843123550038E0));
#1934=CARTESIAN_POINT('',(4.534023941587E0,6.169910612679E0,-2.839070038583E0));
#1935=CARTESIAN_POINT('',(4.547456979412E0,6.167308083216E0,-2.831500411338E0));
#1936=CARTESIAN_POINT('',(4.565468828336E0,6.163041990551E0,-2.821703812046E0));
#1937=CARTESIAN_POINT('',(4.581615817773E0,6.158447016385E0,-2.813197360007E0));
#1938=CARTESIAN_POINT('',(4.596048853130E0,6.153565726531E0,-2.805810953207E0));
#1939=CARTESIAN_POINT('',(4.608914423268E0,6.148433847167E0,-2.799396199732E0));
#1940=CARTESIAN_POINT('',(4.620404584276E0,6.143047343412E0,-2.793800184722E0));
#1941=CARTESIAN_POINT('',(4.630635625248E0,6.137398579736E0,-2.788922242149E0));
#1942=CARTESIAN_POINT('',(4.639502126575E0,6.131607839141E0,-2.784774000239E0));
#1943=CARTESIAN_POINT('',(4.647067879062E0,6.125731320585E0,-2.781291449271E0));
#1944=CARTESIAN_POINT('',(4.653420868777E0,6.119792165949E0,-2.778407604315E0));
#1945=CARTESIAN_POINT('',(4.658563304700E0,6.113907348806E0,-2.776100110557E0));
#1946=CARTESIAN_POINT('',(4.662617511287E0,6.108094946279E0,-2.774297627906E0));
#1947=CARTESIAN_POINT('',(4.665688541906E0,6.102338796691E0,-2.772942078009E0));
#1948=CARTESIAN_POINT('',(4.667817996190E0,6.096751636840E0,-2.772007073130E0));
#1949=CARTESIAN_POINT('',(4.669122546810E0,6.091275807199E0,-2.771436234314E0));
#1950=CARTESIAN_POINT('',(4.669662687749E0,6.085946711500E0,-2.771200322398E0));
#1951=CARTESIAN_POINT('',(4.669502914341E0,6.080675601403E0,-2.771270079265E0));
#1952=CARTESIAN_POINT('',(4.668625115853E0,6.075298352634E0,-2.771653721428E0));
#1953=CARTESIAN_POINT('',(4.667508665608E0,6.071609771791E0,-2.772142917221E0));
#1954=CARTESIAN_POINT('',(4.666807249887E0,6.069749005049E0,-2.772451049409E0));
#1956=CARTESIAN_POINT('',(5.25E0,5.04641E0,-4.1E0));
#1957=DIRECTION('',(0.E0,1.E0,0.E0));
#1958=DIRECTION('',(1.E0,0.E0,0.E0));
#1959=AXIS2_PLACEMENT_3D('',#1956,#1957,#1958);
#1961=CARTESIAN_POINT('',(5.25E0,5.04641E0,-4.1E0));
#1962=DIRECTION('',(0.E0,1.E0,0.E0));
#1963=DIRECTION('',(-9.783628247663E-1,0.E0,-2.068965517241E-1));
#1964=AXIS2_PLACEMENT_3D('',#1961,#1962,#1963);
#1966=DIRECTION('',(0.E0,-1.E0,0.E0));
#1967=VECTOR('',#1966,1.25359E0);
#1968=CARTESIAN_POINT('',(6.7E0,6.3E0,-4.1E0));
#1969=LINE('',#1968,#1967);
#1970=CARTESIAN_POINT('',(5.833192750113E0,6.069749005049E0,-5.427548950591E0));
#1971=CARTESIAN_POINT('',(5.876289857920E0,5.955417856658E0,-5.408616375025E0));
#1972=CARTESIAN_POINT('',(5.959018080733E0,5.759553292802E0,-5.367285231092E0));
#1973=CARTESIAN_POINT('',(6.073663301344E0,5.555151874754E0,-5.295841401583E0));
#1974=CARTESIAN_POINT('',(6.179451523731E0,5.434561785478E0,-5.215540573851E0));
#1975=CARTESIAN_POINT('',(6.276709224685E0,5.394693665246E0,-5.126709224685E0));
#1976=CARTESIAN_POINT('',(6.365540573851E0,5.434561785478E0,-5.029451523731E0));
#1977=CARTESIAN_POINT('',(6.445841401583E0,5.555151874754E0,-4.923663301344E0));
#1978=CARTESIAN_POINT('',(6.517285231092E0,5.759553292802E0,-4.809018080733E0));
#1979=CARTESIAN_POINT('',(6.558616375025E0,5.955417856658E0,-4.726289857920E0));
#1980=CARTESIAN_POINT('',(6.577548950591E0,6.069749005049E0,-4.683192750113E0));
#1982=CARTESIAN_POINT('',(6.577548950591E0,6.069749005049E0,-4.683192750113E0));
#1983=CARTESIAN_POINT('',(6.577859686786E0,6.071625497018E0,-4.682485406770E0));
#1984=CARTESIAN_POINT('',(6.578356989294E0,6.075371588710E0,-4.681350435544E0));
#1985=CARTESIAN_POINT('',(6.578747253138E0,6.080972301481E0,-4.680457401519E0));
#1986=CARTESIAN_POINT('',(6.578793573397E0,6.086495581915E0,-4.680351297814E0));
#1987=CARTESIAN_POINT('',(6.578511519845E0,6.091978237034E0,-4.680997008050E0));
#1988=CARTESIAN_POINT('',(6.577878702806E0,6.097589095512E0,-4.682442695863E0));
#1989=CARTESIAN_POINT('',(6.576857086621E0,6.103320727377E0,-4.684767733837E0));
#1990=CARTESIAN_POINT('',(6.575422379635E0,6.109098501229E0,-4.688014393954E0));
#1991=CARTESIAN_POINT('',(6.573548159040E0,6.114894273601E0,-4.692223976083E0));
#1992=CARTESIAN_POINT('',(6.571133314190E0,6.120828261272E0,-4.697596131558E0));
#1993=CARTESIAN_POINT('',(6.568108473021E0,6.126834270920E0,-4.704244414426E0));
#1994=CARTESIAN_POINT('',(6.564443271358E0,6.132793973691E0,-4.712183755116E0));
#1995=CARTESIAN_POINT('',(6.560063608923E0,6.138667547045E0,-4.721509484290E0));
#1996=CARTESIAN_POINT('',(6.554999597626E0,6.144286219927E0,-4.732081013789E0));
#1997=CARTESIAN_POINT('',(6.549348305358E0,6.149506411619E0,-4.743625868445E0));
#1998=CARTESIAN_POINT('',(6.543007763558E0,6.154399107983E0,-4.756280997603E0));
#1999=CARTESIAN_POINT('',(6.535811278977E0,6.159019204782E0,-4.770284717907E0));
#2000=CARTESIAN_POINT('',(6.527567129215E0,6.163380400999E0,-4.785884851229E0));
#2001=CARTESIAN_POINT('',(6.518092577802E0,6.167453232908E0,-4.803269734147E0));
#2002=CARTESIAN_POINT('',(6.510785599187E0,6.169954128637E0,-4.816227012537E0));
#2003=CARTESIAN_POINT('',(6.506876449962E0,6.171132486541E0,-4.823022537360E0));
#2005=CARTESIAN_POINT('',(6.506876449962E0,6.171132486541E0,-4.823022537360E0));
#2006=CARTESIAN_POINT('',(6.441891920795E0,6.190721156388E0,-4.935989312394E0));
#2007=CARTESIAN_POINT('',(6.286669048847E0,6.209278843612E0,-5.136669048847E0));
#2008=CARTESIAN_POINT('',(6.085989312394E0,6.190721156388E0,-5.291891920795E0));
#2009=CARTESIAN_POINT('',(5.973022537360E0,6.171132486541E0,-5.356876449962E0));
#2011=CARTESIAN_POINT('',(5.973022537360E0,6.171132486541E0,-5.356876449962E0));
#2012=CARTESIAN_POINT('',(5.966239973961E0,6.169956376174E0,-5.360778143083E0));
#2013=CARTESIAN_POINT('',(5.953308438504E0,6.167460903870E0,-5.368070869738E0));
#2014=CARTESIAN_POINT('',(5.935962251468E0,6.163399545320E0,-5.377525363990E0));
#2015=CARTESIAN_POINT('',(5.920398205110E0,6.159052974637E0,-5.385751961076E0));
#2016=CARTESIAN_POINT('',(5.906420380958E0,6.154448258929E0,-5.392936928728E0));
#2017=CARTESIAN_POINT('',(5.893777713695E0,6.149569422026E0,-5.399273063476E0));
#2018=CARTESIAN_POINT('',(5.882228711194E0,6.144358471485E0,-5.404928102209E0));
#2019=CARTESIAN_POINT('',(5.871634177695E0,6.138740025859E0,-5.410004540403E0));
#2020=CARTESIAN_POINT('',(5.862277026083E0,6.132858642100E0,-5.414399908145E0));
#2021=CARTESIAN_POINT('',(5.854312004043E0,6.126890321661E0,-5.418077534673E0));
#2022=CARTESIAN_POINT('',(5.847645327378E0,6.120877664598E0,-5.421111088575E0));
#2023=CARTESIAN_POINT('',(5.842259485766E0,6.114938258429E0,-5.423532286612E0));
#2024=CARTESIAN_POINT('',(5.838039444867E0,6.109137796616E0,-5.425411275859E0));
#2025=CARTESIAN_POINT('',(5.834784454342E0,6.103355865167E0,-5.426849724E0));
#2026=CARTESIAN_POINT('',(5.832452030389E0,6.097618237020E0,-5.427874612024E0));
#2027=CARTESIAN_POINT('',(5.831000924087E0,6.092000733550E0,-5.428509808493E0));
#2028=CARTESIAN_POINT('',(5.830351816928E0,6.086511759412E0,-5.428793346812E0));
#2029=CARTESIAN_POINT('',(5.830456220078E0,6.080982471678E0,-5.428747769060E0));
#2030=CARTESIAN_POINT('',(5.831349139882E0,6.075376131904E0,-5.428357556499E0));
#2031=CARTESIAN_POINT('',(5.832484862222E0,6.071626941635E0,-5.427859926006E0));
#2032=CARTESIAN_POINT('',(5.833192750113E0,6.069749005049E0,-5.427548950591E0));
#2034=CARTESIAN_POINT('',(3.922451049409E0,6.069749005049E0,-4.683192750113E0));
#2035=CARTESIAN_POINT('',(3.941383624975E0,5.955417856658E0,-4.726289857920E0));
#2036=CARTESIAN_POINT('',(3.982714768908E0,5.759553292802E0,-4.809018080733E0));
#2037=CARTESIAN_POINT('',(4.054158598417E0,5.555151874754E0,-4.923663301344E0));
#2038=CARTESIAN_POINT('',(4.134459426149E0,5.434561785478E0,-5.029451523731E0));
#2039=CARTESIAN_POINT('',(4.223290775315E0,5.394693665246E0,-5.126709224685E0));
#2040=CARTESIAN_POINT('',(4.320548476269E0,5.434561785478E0,-5.215540573851E0));
#2041=CARTESIAN_POINT('',(4.426336698656E0,5.555151874754E0,-5.295841401583E0));
#2042=CARTESIAN_POINT('',(4.540981919267E0,5.759553292802E0,-5.367285231092E0));
#2043=CARTESIAN_POINT('',(4.623710142080E0,5.955417856658E0,-5.408616375025E0));
#2044=CARTESIAN_POINT('',(4.666807249887E0,6.069749005049E0,-5.427548950591E0));
#2046=CARTESIAN_POINT('',(4.666807249887E0,6.069749005049E0,-5.427548950591E0));
#2047=CARTESIAN_POINT('',(4.667515094138E0,6.071626825865E0,-5.427859906835E0));
#2048=CARTESIAN_POINT('',(4.668650756448E0,6.075375768181E0,-5.428357511115E0));
#2049=CARTESIAN_POINT('',(4.669543685687E0,6.080981659224E0,-5.428747727909E0));
#2050=CARTESIAN_POINT('',(4.669648224771E0,6.086510468581E0,-5.428793365012E0));
#2051=CARTESIAN_POINT('',(4.668999388686E0,6.091998939593E0,-5.428509945178E0));
#2052=CARTESIAN_POINT('',(4.667548714588E0,6.097615913733E0,-5.427874938507E0));
#2053=CARTESIAN_POINT('',(4.665216880070E0,6.103353063449E0,-5.426850311597E0));
#2054=CARTESIAN_POINT('',(4.661962554506E0,6.109134662696E0,-5.425412162096E0));
#2055=CARTESIAN_POINT('',(4.657743350884E0,6.114934747180E0,-5.423533554599E0));
#2056=CARTESIAN_POINT('',(4.652358604883E0,6.120873718686E0,-5.421112865163E0));
#2057=CARTESIAN_POINT('',(4.645693398266E0,6.126885845198E0,-5.418080007665E0));
#2058=CARTESIAN_POINT('',(4.637730426182E0,6.132853479944E0,-5.414403373130E0));
#2059=CARTESIAN_POINT('',(4.628375771559E0,6.138734248872E0,-5.410009254034E0));
#2060=CARTESIAN_POINT('',(4.617783060575E0,6.144352718667E0,-5.404933801303E0));
#2061=CARTESIAN_POINT('',(4.606234396649E0,6.149564400703E0,-5.399279065087E0));
#2062=CARTESIAN_POINT('',(4.593590763739E0,6.154444331231E0,-5.392942593029E0));
#2063=CARTESIAN_POINT('',(4.579610904843E0,6.159050264465E0,-5.385756722898E0));
#2064=CARTESIAN_POINT('',(4.564044003975E0,6.163397998146E0,-5.377528739473E0));
#2065=CARTESIAN_POINT('',(4.546694689027E0,6.167460284186E0,-5.368072623946E0));
#2066=CARTESIAN_POINT('',(4.533761075403E0,6.169956194213E0,-5.360778746733E0));
#2067=CARTESIAN_POINT('',(4.526977462640E0,6.171132486541E0,-5.356876449962E0));
#2069=CARTESIAN_POINT('',(4.526977462640E0,6.171132486541E0,-5.356876449962E0));
#2070=CARTESIAN_POINT('',(4.414010687606E0,6.190721156388E0,-5.291891920795E0));
#2071=CARTESIAN_POINT('',(4.213330951153E0,6.209278843612E0,-5.136669048847E0));
#2072=CARTESIAN_POINT('',(4.058108079205E0,6.190721156388E0,-4.935989312394E0));
#2073=CARTESIAN_POINT('',(3.993123550038E0,6.171132486541E0,-4.823022537360E0));
#2075=CARTESIAN_POINT('',(3.993123550038E0,6.171132486541E0,-4.823022537360E0));
#2076=CARTESIAN_POINT('',(3.989214981366E0,6.169954303636E0,-4.816228021750E0));
#2077=CARTESIAN_POINT('',(3.981909115742E0,6.167453831559E0,-4.803272753783E0));
#2078=CARTESIAN_POINT('',(3.972436128324E0,6.163381894241E0,-4.785890888236E0));
#2079=CARTESIAN_POINT('',(3.964193380359E0,6.159021858051E0,-4.770293632518E0));
#2080=CARTESIAN_POINT('',(3.956997822770E0,6.154402986830E0,-4.756291991012E0));
#2081=CARTESIAN_POINT('',(3.950657643834E0,6.149511398308E0,-4.743637875941E0));
#2082=CARTESIAN_POINT('',(3.945006059065E0,6.144291942956E0,-4.732092701135E0));
#2083=CARTESIAN_POINT('',(3.939941059449E0,6.138673282006E0,-4.721519340398E0));
#2084=CARTESIAN_POINT('',(3.935560151132E0,6.132799082913E0,-4.712191117278E0));
#2085=CARTESIAN_POINT('',(3.931893967984E0,6.126838697062E0,-4.704249747500E0));
#2086=CARTESIAN_POINT('',(3.928868439357E0,6.120832162148E0,-4.697600013159E0));
#2087=CARTESIAN_POINT('',(3.926453094025E0,6.114897748530E0,-4.692226779513E0));
#2088=CARTESIAN_POINT('',(3.924578497766E0,6.109101608665E0,-4.688016373476E0));
#2089=CARTESIAN_POINT('',(3.923143495208E0,6.103323506673E0,-4.684769055191E0));
#2090=CARTESIAN_POINT('',(3.922121620462E0,6.097591400839E0,-4.682443433516E0));
#2091=CARTESIAN_POINT('',(3.921488615289E0,6.091980016249E0,-4.680997317273E0));
#2092=CARTESIAN_POINT('',(3.921206444392E0,6.086496860584E0,-4.680351338568E0));
#2093=CARTESIAN_POINT('',(3.921252706069E0,6.080973104368E0,-4.680457308105E0));
#2094=CARTESIAN_POINT('',(3.921642966E0,6.075371946579E0,-4.681350333425E0));
#2095=CARTESIAN_POINT('',(3.922140294390E0,6.071625610695E0,-4.682485363920E0));
#2096=CARTESIAN_POINT('',(3.922451049409E0,6.069749005049E0,-4.683192750113E0));
#2098=DIRECTION('',(-1.E0,0.E0,0.E0));
#2099=VECTOR('',#2098,2.837252191822E0);
#2100=CARTESIAN_POINT('',(6.668626095911E0,5.04641E0,-4.4E0));
#2101=LINE('',#2100,#2099);
#2102=CARTESIAN_POINT('',(5.25E0,5.04641E0,-4.1E0));
#2103=DIRECTION('',(0.E0,1.E0,0.E0));
#2104=DIRECTION('',(9.783628247663E-1,0.E0,-2.068965517241E-1));
#2105=AXIS2_PLACEMENT_3D('',#2102,#2103,#2104);
#2107=DIRECTION('',(1.E0,0.E0,0.E0));
#2108=VECTOR('',#2107,2.837252191822E0);
#2109=CARTESIAN_POINT('',(3.831373904089E0,5.04641E0,-3.8E0));
#2110=LINE('',#2109,#2108);
#2111=CARTESIAN_POINT('',(5.25E0,5.04641E0,-4.1E0));
#2112=DIRECTION('',(0.E0,1.E0,0.E0));
#2113=DIRECTION('',(-9.783628247663E-1,0.E0,2.068965517241E-1));
#2114=AXIS2_PLACEMENT_3D('',#2111,#2112,#2113);
#2116=DIRECTION('',(0.E0,-1.E0,0.E0));
#2117=VECTOR('',#2116,6.E-1);
#2118=CARTESIAN_POINT('',(6.668626095911E0,5.04641E0,-4.4E0));
#2119=LINE('',#2118,#2117);
#2120=CARTESIAN_POINT('',(5.25E0,4.44641E0,-4.1E0));
#2121=DIRECTION('',(0.E0,-1.E0,0.E0));
#2122=DIRECTION('',(9.783628247663E-1,0.E0,-2.068965517241E-1));
#2123=AXIS2_PLACEMENT_3D('',#2120,#2121,#2122);
#2125=DIRECTION('',(-1.E0,0.E0,0.E0));
#2126=VECTOR('',#2125,2.837252191822E0);
#2127=CARTESIAN_POINT('',(6.668626095911E0,4.44641E0,-3.8E0));
#2128=LINE('',#2127,#2126);
#2129=CARTESIAN_POINT('',(5.25E0,4.44641E0,-4.1E0));
#2130=DIRECTION('',(0.E0,-1.E0,0.E0));
#2131=DIRECTION('',(-9.783628247663E-1,0.E0,2.068965517241E-1));
#2132=AXIS2_PLACEMENT_3D('',#2129,#2130,#2131);
#2134=DIRECTION('',(1.E0,0.E0,0.E0));
#2135=VECTOR('',#2134,2.837252191822E0);
#2136=CARTESIAN_POINT('',(3.831373904089E0,4.44641E0,-4.4E0));
#2137=LINE('',#2136,#2135);
#2138=DIRECTION('',(0.E0,-1.E0,0.E0));
#2139=VECTOR('',#2138,6.E-1);
#2140=CARTESIAN_POINT('',(3.831373904089E0,5.04641E0,-3.8E0));
#2141=LINE('',#2140,#2139);
#2142=DIRECTION('',(-7.071067811865E-1,0.E0,-7.071067811865E-1));
#2143=VECTOR('',#2142,1.052678633953E0);
#2144=CARTESIAN_POINT('',(6.577548950591E0,6.069749005049E0,-4.683192750113E0));
#2145=LINE('',#2144,#2143);
#2146=DIRECTION('',(-7.071067811865E-1,0.E0,-7.071067811865E-1));
#2147=VECTOR('',#2146,7.549834435271E-1);
#2148=CARTESIAN_POINT('',(6.506876449962E0,6.171132486541E0,-4.823022537360E0));
#2149=LINE('',#2148,#2147);
#2150=DIRECTION('',(-7.071067811865E-1,0.E0,7.071067811865E-1));
#2151=VECTOR('',#2150,1.052678633953E0);
#2152=CARTESIAN_POINT('',(4.666807249887E0,6.069749005049E0,-5.427548950591E0));
#2153=LINE('',#2152,#2151);
#2154=DIRECTION('',(-7.071067811866E-1,0.E0,7.071067811865E-1));
#2155=VECTOR('',#2154,7.549834435271E-1);
#2156=CARTESIAN_POINT('',(4.526977462640E0,6.171132486541E0,-5.356876449962E0));
#2157=LINE('',#2156,#2155);
#2158=DIRECTION('',(7.071067811865E-1,0.E0,-7.071067811865E-1));
#2159=VECTOR('',#2158,1.052678633953E0);
#2160=CARTESIAN_POINT('',(5.833192750113E0,6.069749005049E0,-2.772451049409E0));
#2161=LINE('',#2160,#2159);
#2162=DIRECTION('',(7.071067811865E-1,0.E0,-7.071067811865E-1));
#2163=VECTOR('',#2162,7.549834435271E-1);
#2164=CARTESIAN_POINT('',(5.973022537360E0,6.171132486541E0,-2.843123550038E0));
#2165=LINE('',#2164,#2163);
#2166=DIRECTION('',(7.071067811865E-1,0.E0,7.071067811865E-1));
#2167=VECTOR('',#2166,1.052678633953E0);
#2168=CARTESIAN_POINT('',(3.922451049409E0,6.069749005049E0,-3.516807249887E0));
#2169=LINE('',#2168,#2167);
#2170=DIRECTION('',(7.071067811865E-1,0.E0,7.071067811865E-1));
#2171=VECTOR('',#2170,7.549834435271E-1);
#2172=CARTESIAN_POINT('',(3.993123550038E0,6.171132486541E0,-3.376977462640E0));
#2173=LINE('',#2172,#2171);
#2174=DIRECTION('',(0.E0,-1.E0,0.E0));
#2175=VECTOR('',#2174,1.25359E0);
#2176=CARTESIAN_POINT('',(3.E-1,6.3E0,-4.1E0));
#2177=LINE('',#2176,#2175);
#2178=DIRECTION('',(0.E0,-1.E0,0.E0));
#2179=VECTOR('',#2178,6.E-1);
#2180=CARTESIAN_POINT('',(3.313739040889E-1,5.04641E0,-4.4E0));
#2181=LINE('',#2180,#2179);
#2182=DIRECTION('',(0.E0,-1.E0,0.E0));
#2183=VECTOR('',#2182,6.E-1);
#2184=CARTESIAN_POINT('',(3.168626095911E0,5.04641E0,-3.8E0));
#2185=LINE('',#2184,#2183);
#2186=CARTESIAN_POINT('',(3.077548950591E0,6.069749005049E0,-3.516807249887E0));
#2187=CARTESIAN_POINT('',(3.058616375025E0,5.955417856658E0,-3.473710142080E0));
#2188=CARTESIAN_POINT('',(3.017285231092E0,5.759553292802E0,-3.390981919267E0));
#2189=CARTESIAN_POINT('',(2.945841401583E0,5.555151874754E0,-3.276336698656E0));
#2190=CARTESIAN_POINT('',(2.865540573851E0,5.434561785478E0,-3.170548476269E0));
#2191=CARTESIAN_POINT('',(2.776709224685E0,5.394693665246E0,-3.073290775315E0));
#2192=CARTESIAN_POINT('',(2.679451523731E0,5.434561785478E0,-2.984459426149E0));
#2193=CARTESIAN_POINT('',(2.573663301344E0,5.555151874754E0,-2.904158598417E0));
#2194=CARTESIAN_POINT('',(2.459018080733E0,5.759553292802E0,-2.832714768908E0));
#2195=CARTESIAN_POINT('',(2.376289857920E0,5.955417856658E0,-2.791383624975E0));
#2196=CARTESIAN_POINT('',(2.333192750113E0,6.069749005049E0,-2.772451049409E0));
#2198=CARTESIAN_POINT('',(2.333192750113E0,6.069749005049E0,-2.772451049409E0));
#2199=CARTESIAN_POINT('',(2.332466985972E0,6.071674365054E0,-2.772132220950E0));
#2200=CARTESIAN_POINT('',(2.331308887976E0,6.075525758193E0,-2.771624824804E0));
#2201=CARTESIAN_POINT('',(2.330424089439E0,6.081258574735E0,-2.771238201531E0));
#2202=CARTESIAN_POINT('',(2.330368137829E0,6.087035530493E0,-2.771213774793E0));
#2203=CARTESIAN_POINT('',(2.331145203727E0,6.092785521284E0,-2.771553250684E0));
#2204=CARTESIAN_POINT('',(2.332786269726E0,6.098622374409E0,-2.772271909596E0));
#2205=CARTESIAN_POINT('',(2.335409354848E0,6.104634577741E0,-2.773425565767E0));
#2206=CARTESIAN_POINT('',(2.339079856488E0,6.110728868225E0,-2.775050212657E0));
#2207=CARTESIAN_POINT('',(2.343904501626E0,6.116913294615E0,-2.777203985954E0));
#2208=CARTESIAN_POINT('',(2.350049550407E0,6.123201169523E0,-2.779977602711E0));
#2209=CARTESIAN_POINT('',(2.357547200944E0,6.129458788973E0,-2.783408476043E0));
#2210=CARTESIAN_POINT('',(2.366415451776E0,6.135596834217E0,-2.787533131771E0));
#2211=CARTESIAN_POINT('',(2.376744239723E0,6.141580622294E0,-2.792429154138E0));
#2212=CARTESIAN_POINT('',(2.388487496857E0,6.147304267205E0,-2.798117719726E0));
#2213=CARTESIAN_POINT('',(2.401658810288E0,6.152723410342E0,-2.804653744339E0));
#2214=CARTESIAN_POINT('',(2.416482853653E0,6.157861881933E0,-2.812209350792E0));
#2215=CARTESIAN_POINT('',(2.433136551658E0,6.162687939624E0,-2.820954810267E0));
#2216=CARTESIAN_POINT('',(2.451763324859E0,6.167151073213E0,-2.831064409228E0));
#2217=CARTESIAN_POINT('',(2.465702298408E0,6.169863142134E0,-2.838912557190E0));
#2218=CARTESIAN_POINT('',(2.473022537360E0,6.171132486541E0,-2.843123550038E0));
#2220=CARTESIAN_POINT('',(2.473022537360E0,6.171132486541E0,-2.843123550038E0));
#2221=CARTESIAN_POINT('',(2.585989312394E0,6.190721156388E0,-2.908108079205E0));
#2222=CARTESIAN_POINT('',(2.786669048847E0,6.209278843612E0,-3.063330951153E0));
#2223=CARTESIAN_POINT('',(2.941891920795E0,6.190721156388E0,-3.264010687606E0));
#2224=CARTESIAN_POINT('',(3.006876449962E0,6.171132486541E0,-3.376977462640E0));
#2226=CARTESIAN_POINT('',(3.006876449962E0,6.171132486541E0,-3.376977462640E0));
#2227=CARTESIAN_POINT('',(3.011070024741E0,6.169868392565E0,-3.384267422646E0));
#2228=CARTESIAN_POINT('',(3.018887729413E0,6.167168383961E0,-3.398151024971E0));
#2229=CARTESIAN_POINT('',(3.028964434220E0,6.162726434168E0,-3.416712889354E0));
#2230=CARTESIAN_POINT('',(3.037685568950E0,6.157924825064E0,-3.433314591085E0));
#2231=CARTESIAN_POINT('',(3.045223411834E0,6.152814043828E0,-3.448097386014E0));
#2232=CARTESIAN_POINT('',(3.051744947107E0,6.147427641412E0,-3.461232819652E0));
#2233=CARTESIAN_POINT('',(3.057421924754E0,6.141743214505E0,-3.472945330417E0));
#2234=CARTESIAN_POINT('',(3.062312799669E0,6.135801572833E0,-3.483256673202E0));
#2235=CARTESIAN_POINT('',(3.066437971374E0,6.129707918207E0,-3.492120132311E0));
#2236=CARTESIAN_POINT('',(3.069876252384E0,6.123493857483E0,-3.499628950897E0));
#2237=CARTESIAN_POINT('',(3.072665242443E0,6.117241438012E0,-3.505804184614E0));
#2238=CARTESIAN_POINT('',(3.074837415042E0,6.111090342432E0,-3.510667332217E0));
#2239=CARTESIAN_POINT('',(3.076486757966E0,6.105014138936E0,-3.514391862020E0));
#2240=CARTESIAN_POINT('',(3.077673289330E0,6.098976233850E0,-3.517088782167E0));
#2241=CARTESIAN_POINT('',(3.078422762408E0,6.093059490370E0,-3.518799925286E0));
#2242=CARTESIAN_POINT('',(3.078777980653E0,6.087297082116E0,-3.519612979505E0));
#2243=CARTESIAN_POINT('',(3.078772586356E0,6.081535467991E0,-3.519600618794E0));
#2244=CARTESIAN_POINT('',(3.078392256192E0,6.075665431572E0,-3.518730146285E0));
#2245=CARTESIAN_POINT('',(3.077876231522E0,6.071725408340E0,-3.517552254786E0));
#2246=CARTESIAN_POINT('',(3.077548950591E0,6.069749005049E0,-3.516807249887E0));
#2248=CARTESIAN_POINT('',(1.166807249887E0,6.069749005049E0,-2.772451049409E0));
#2249=CARTESIAN_POINT('',(1.123710142080E0,5.955417856658E0,-2.791383624975E0));
#2250=CARTESIAN_POINT('',(1.040981919267E0,5.759553292802E0,-2.832714768908E0));
#2251=CARTESIAN_POINT('',(9.263366986560E-1,5.555151874754E0,
-2.904158598417E0));
#2252=CARTESIAN_POINT('',(8.205484762689E-1,5.434561785478E0,
-2.984459426149E0));
#2253=CARTESIAN_POINT('',(7.232907753147E-1,5.394693665246E0,
-3.073290775315E0));
#2254=CARTESIAN_POINT('',(6.344594261494E-1,5.434561785478E0,
-3.170548476269E0));
#2255=CARTESIAN_POINT('',(5.541585984169E-1,5.555151874754E0,
-3.276336698656E0));
#2256=CARTESIAN_POINT('',(4.827147689079E-1,5.759553292802E0,
-3.390981919267E0));
#2257=CARTESIAN_POINT('',(4.413836249745E-1,5.955417856658E0,
-3.473710142080E0));
#2258=CARTESIAN_POINT('',(4.224510494088E-1,6.069749005049E0,
-3.516807249887E0));
#2260=CARTESIAN_POINT('',(4.224510494089E-1,6.069749005049E0,
-3.516807249887E0));
#2261=CARTESIAN_POINT('',(4.221236535819E-1,6.071726102182E0,
-3.517552516330E0));
#2262=CARTESIAN_POINT('',(4.216074794896E-1,6.075667595186E0,
-3.518730750213E0));
#2263=CARTESIAN_POINT('',(4.212272009281E-1,6.081540218996E0,
-3.519601105995E0));
#2264=CARTESIAN_POINT('',(4.212221876813E-1,6.087304565754E0,
-3.519612593858E0));
#2265=CARTESIAN_POINT('',(4.215781483794E-1,6.093069890320E0,
-3.518797841763E0));
#2266=CARTESIAN_POINT('',(4.223288120247E-1,6.098989677952E0,
-3.517083991378E0));
#2267=CARTESIAN_POINT('',(4.235169035369E-1,6.105030070101E0,
-3.514383559997E0));
#2268=CARTESIAN_POINT('',(4.251681381902E-1,6.111108369589E0,
-3.510654835172E0));
#2269=CARTESIAN_POINT('',(4.273427490001E-1,6.117261706106E0,
-3.505786373814E0));
#2270=CARTESIAN_POINT('',(4.301350015726E-1,6.123516685627E0,
-3.499604174093E0));
#2271=CARTESIAN_POINT('',(4.335777374749E-1,6.129733834355E0,
-3.492086054570E0));
#2272=CARTESIAN_POINT('',(4.377090766915E-1,6.135831160192E0,
-3.483210037918E0));
#2273=CARTESIAN_POINT('',(4.426068742641E-1,6.141775112265E0,
-3.472885200189E0));
#2274=CARTESIAN_POINT('',(4.482886415758E-1,6.147458102517E0,
-3.461164332688E0));
#2275=CARTESIAN_POINT('',(4.548114478360E-1,6.152839895343E0,
-3.448028151852E0));
#2276=CARTESIAN_POINT('',(4.623469164046E-1,6.157944336308E0,
-3.433251946630E0));
#2277=CARTESIAN_POINT('',(4.710617090509E-1,6.162738905738E0,
-3.416664142871E0));
#2278=CARTESIAN_POINT('',(4.811279171062E-1,6.167174042529E0,
-3.398123024836E0));
#2279=CARTESIAN_POINT('',(4.889357375736E-1,6.169870129533E0,
-3.384257405645E0));
#2280=CARTESIAN_POINT('',(4.931235500381E-1,6.171132486541E0,
-3.376977462640E0));
#2282=CARTESIAN_POINT('',(4.931235500380E-1,6.171132486541E0,
-3.376977462640E0));
#2283=CARTESIAN_POINT('',(5.581080792052E-1,6.190721156388E0,
-3.264010687606E0));
#2284=CARTESIAN_POINT('',(7.133309511533E-1,6.209278843612E0,
-3.063330951153E0));
#2285=CARTESIAN_POINT('',(9.140106876062E-1,6.190721156388E0,
-2.908108079205E0));
#2286=CARTESIAN_POINT('',(1.026977462640E0,6.171132486541E0,-2.843123550038E0));
#2288=CARTESIAN_POINT('',(1.026977462640E0,6.171132486541E0,-2.843123550038E0));
#2289=CARTESIAN_POINT('',(1.034316789018E0,6.169859832335E0,-2.838901577082E0));
#2290=CARTESIAN_POINT('',(1.048288867543E0,6.167140459817E0,-2.831035275552E0));
#2291=CARTESIAN_POINT('',(1.066948102424E0,6.162666154359E0,-2.820909456444E0));
#2292=CARTESIAN_POINT('',(1.083621316031E0,6.157829269060E0,-2.812155378606E0));
#2293=CARTESIAN_POINT('',(1.098453850419E0,6.152681161803E0,-2.804597057440E0));
#2294=CARTESIAN_POINT('',(1.111626765795E0,6.147253363600E0,-2.798061692875E0));
#2295=CARTESIAN_POINT('',(1.123366611857E0,6.141521906400E0,-2.792376053311E0));
#2296=CARTESIAN_POINT('',(1.133682443840E0,6.135534602649E0,-2.787487220761E0));
#2297=CARTESIAN_POINT('',(1.142523419407E0,6.129404212847E0,-2.783375971989E0));
#2298=CARTESIAN_POINT('',(1.149987611818E0,6.123165235259E0,-2.779960778547E0));
#2299=CARTESIAN_POINT('',(1.156108470968E0,6.116897935851E0,-2.777198170946E0));
#2300=CARTESIAN_POINT('',(1.160945726336E0,6.110695816342E0,-2.775038806126E0));
#2301=CARTESIAN_POINT('',(1.164636102755E0,6.104549605618E0,-2.773405505319E0));
#2302=CARTESIAN_POINT('',(1.167245123706E0,6.098535157618E0,-2.772258140587E0));
#2303=CARTESIAN_POINT('',(1.168877880067E0,6.092677842004E0,-2.771543157491E0));
#2304=CARTESIAN_POINT('',(1.169630320260E0,6.086964386573E0,-2.771214449842E0));
#2305=CARTESIAN_POINT('',(1.169577445727E0,6.081354239267E0,-2.771237533357E0));
#2306=CARTESIAN_POINT('',(1.168722073149E0,6.075652686546E0,-2.771611285029E0));
#2307=CARTESIAN_POINT('',(1.167553466558E0,6.071728623015E0,-2.772123236147E0));
#2308=CARTESIAN_POINT('',(1.166807249887E0,6.069749005049E0,-2.772451049409E0));
#2310=CARTESIAN_POINT('',(1.75E0,5.04641E0,-4.1E0));
#2311=DIRECTION('',(0.E0,1.E0,0.E0));
#2312=DIRECTION('',(1.E0,0.E0,0.E0));
#2313=AXIS2_PLACEMENT_3D('',#2310,#2311,#2312);
#2315=CARTESIAN_POINT('',(1.75E0,5.04641E0,-4.1E0));
#2316=DIRECTION('',(0.E0,1.E0,0.E0));
#2317=DIRECTION('',(-9.783628247663E-1,0.E0,-2.068965517241E-1));
#2318=AXIS2_PLACEMENT_3D('',#2315,#2316,#2317);
#2320=DIRECTION('',(0.E0,-1.E0,0.E0));
#2321=VECTOR('',#2320,1.25359E0);
#2322=CARTESIAN_POINT('',(3.2E0,6.3E0,-4.1E0));
#2323=LINE('',#2322,#2321);
#2324=CARTESIAN_POINT('',(2.333192750113E0,6.069749005049E0,-5.427548950591E0));
#2325=CARTESIAN_POINT('',(2.376289857920E0,5.955417856658E0,-5.408616375025E0));
#2326=CARTESIAN_POINT('',(2.459018080733E0,5.759553292802E0,-5.367285231092E0));
#2327=CARTESIAN_POINT('',(2.573663301344E0,5.555151874754E0,-5.295841401583E0));
#2328=CARTESIAN_POINT('',(2.679451523731E0,5.434561785478E0,-5.215540573851E0));
#2329=CARTESIAN_POINT('',(2.776709224685E0,5.394693665246E0,-5.126709224685E0));
#2330=CARTESIAN_POINT('',(2.865540573851E0,5.434561785478E0,-5.029451523731E0));
#2331=CARTESIAN_POINT('',(2.945841401583E0,5.555151874754E0,-4.923663301344E0));
#2332=CARTESIAN_POINT('',(3.017285231092E0,5.759553292802E0,-4.809018080733E0));
#2333=CARTESIAN_POINT('',(3.058616375025E0,5.955417856658E0,-4.726289857920E0));
#2334=CARTESIAN_POINT('',(3.077548950591E0,6.069749005049E0,-4.683192750113E0));
#2336=CARTESIAN_POINT('',(3.077548950591E0,6.069749005049E0,-4.683192750113E0));
#2337=CARTESIAN_POINT('',(3.077876346418E0,6.071726102182E0,-4.682447483670E0));
#2338=CARTESIAN_POINT('',(3.078392520510E0,6.075667595186E0,-4.681269249787E0));
#2339=CARTESIAN_POINT('',(3.078772799072E0,6.081540218996E0,-4.680398894005E0));
#2340=CARTESIAN_POINT('',(3.078777812319E0,6.087304565754E0,-4.680387406142E0));
#2341=CARTESIAN_POINT('',(3.078421851621E0,6.093069890320E0,-4.681202158237E0));
#2342=CARTESIAN_POINT('',(3.077671187975E0,6.098989677952E0,-4.682916008622E0));
#2343=CARTESIAN_POINT('',(3.076483096463E0,6.105030070101E0,-4.685616440003E0));
#2344=CARTESIAN_POINT('',(3.074831861810E0,6.111108369589E0,-4.689345164828E0));
#2345=CARTESIAN_POINT('',(3.072657251E0,6.117261706106E0,-4.694213626186E0));
#2346=CARTESIAN_POINT('',(3.069864998427E0,6.123516685627E0,-4.700395825907E0));
#2347=CARTESIAN_POINT('',(3.066422262525E0,6.129733834355E0,-4.707913945430E0));
#2348=CARTESIAN_POINT('',(3.062290923308E0,6.135831160192E0,-4.716789962082E0));
#2349=CARTESIAN_POINT('',(3.057393125736E0,6.141775112265E0,-4.727114799811E0));
#2350=CARTESIAN_POINT('',(3.051711358424E0,6.147458102517E0,-4.738835667312E0));
#2351=CARTESIAN_POINT('',(3.045188552164E0,6.152839895343E0,-4.751971848148E0));
#2352=CARTESIAN_POINT('',(3.037653083595E0,6.157944336308E0,-4.766748053370E0));
#2353=CARTESIAN_POINT('',(3.028938290949E0,6.162738905738E0,-4.783335857129E0));
#2354=CARTESIAN_POINT('',(3.018872082894E0,6.167174042529E0,-4.801876975164E0));
#2355=CARTESIAN_POINT('',(3.011064262426E0,6.169870129533E0,-4.815742594355E0));
#2356=CARTESIAN_POINT('',(3.006876449962E0,6.171132486541E0,-4.823022537360E0));
#2358=CARTESIAN_POINT('',(3.006876449962E0,6.171132486541E0,-4.823022537360E0));
#2359=CARTESIAN_POINT('',(2.941891920795E0,6.190721156388E0,-4.935989312394E0));
#2360=CARTESIAN_POINT('',(2.786669048847E0,6.209278843612E0,-5.136669048847E0));
#2361=CARTESIAN_POINT('',(2.585989312394E0,6.190721156388E0,-5.291891920795E0));
#2362=CARTESIAN_POINT('',(2.473022537360E0,6.171132486541E0,-5.356876449962E0));
#2364=CARTESIAN_POINT('',(2.473022537360E0,6.171132486541E0,-5.356876449962E0));
#2365=CARTESIAN_POINT('',(2.465752166872E0,6.169871789427E0,-5.361058755803E0));
#2366=CARTESIAN_POINT('',(2.451898440988E0,6.167178650354E0,-5.368860212470E0));
#2367=CARTESIAN_POINT('',(2.433343735895E0,6.162741278594E0,-5.378934196937E0));
#2368=CARTESIAN_POINT('',(2.416738755130E0,6.157941712296E0,-5.387657975068E0));
#2369=CARTESIAN_POINT('',(2.401955577586E0,6.152833630078E0,-5.395196698243E0));
#2370=CARTESIAN_POINT('',(2.388850476894E0,6.147463404954E0,-5.401703885627E0));
#2371=CARTESIAN_POINT('',(2.377188847954E0,6.141812243924E0,-5.407357414939E0));
#2372=CARTESIAN_POINT('',(2.366901902672E0,6.135900253827E0,-5.412238257558E0));
#2373=CARTESIAN_POINT('',(2.358025788204E0,6.129817375055E0,-5.416370636152E0));
#2374=CARTESIAN_POINT('',(2.350481093456E0,6.123596980494E0,-5.419826339109E0));
#2375=CARTESIAN_POINT('',(2.344202913869E0,6.117259073440E0,-5.422662255143E0));
#2376=CARTESIAN_POINT('',(2.339238578583E0,6.110966518173E0,-5.424879345046E0));
#2377=CARTESIAN_POINT('',(2.335493944642E0,6.104801836570E0,-5.426537146747E0));
#2378=CARTESIAN_POINT('',(2.332831889186E0,6.098754573159E0,-5.427708084356E0));
#2379=CARTESIAN_POINT('',(2.331168314878E0,6.092892398774E0,-5.428436642351E0));
#2380=CARTESIAN_POINT('',(2.330385650027E0,6.087215808708E0,-5.428778578473E0));
#2381=CARTESIAN_POINT('',(2.330402867239E0,6.081534824822E0,-5.428771063098E0));
#2382=CARTESIAN_POINT('',(2.331260244818E0,6.075710153749E0,-5.428396456032E0));
#2383=CARTESIAN_POINT('',(2.332440024428E0,6.071745890602E0,-5.427879623266E0));
#2384=CARTESIAN_POINT('',(2.333192750113E0,6.069749005049E0,-5.427548950591E0));
#2386=CARTESIAN_POINT('',(4.224510494088E-1,6.069749005049E0,
-4.683192750113E0));
#2387=CARTESIAN_POINT('',(4.413836249745E-1,5.955417856658E0,
-4.726289857920E0));
#2388=CARTESIAN_POINT('',(4.827147689079E-1,5.759553292802E0,
-4.809018080733E0));
#2389=CARTESIAN_POINT('',(5.541585984169E-1,5.555151874754E0,
-4.923663301344E0));
#2390=CARTESIAN_POINT('',(6.344594261494E-1,5.434561785478E0,
-5.029451523731E0));
#2391=CARTESIAN_POINT('',(7.232907753147E-1,5.394693665246E0,
-5.126709224685E0));
#2392=CARTESIAN_POINT('',(8.205484762689E-1,5.434561785478E0,
-5.215540573851E0));
#2393=CARTESIAN_POINT('',(9.263366986560E-1,5.555151874754E0,
-5.295841401583E0));
#2394=CARTESIAN_POINT('',(1.040981919267E0,5.759553292802E0,-5.367285231092E0));
#2395=CARTESIAN_POINT('',(1.123710142080E0,5.955417856658E0,-5.408616375025E0));
#2396=CARTESIAN_POINT('',(1.166807249887E0,6.069749005049E0,-5.427548950591E0));
#2398=CARTESIAN_POINT('',(1.166807249887E0,6.069749005049E0,-5.427548950591E0));
#2399=CARTESIAN_POINT('',(1.167560595939E0,6.071747536358E0,-5.427879895793E0));
#2400=CARTESIAN_POINT('',(1.168740875150E0,6.075714569604E0,-5.428396945982E0));
#2401=CARTESIAN_POINT('',(1.169597615853E0,6.081540801120E0,-5.428771273979E0));
#2402=CARTESIAN_POINT('',(1.169613930169E0,6.087222223093E0,-5.428778395213E0));
#2403=CARTESIAN_POINT('',(1.168830275933E0,6.092899338367E0,-5.428436026247E0));
#2404=CARTESIAN_POINT('',(1.167165048319E0,6.098763434157E0,-5.427706741391E0));
#2405=CARTESIAN_POINT('',(1.164499757266E0,6.104814390381E0,-5.426534370934E0));
#2406=CARTESIAN_POINT('',(1.160748805677E0,6.110985299842E0,-5.424873745412E0));
#2407=CARTESIAN_POINT('',(1.155773926569E0,6.117285681280E0,-5.422651869646E0));
#2408=CARTESIAN_POINT('',(1.149484944426E0,6.123628125657E0,-5.419810908830E0));
#2409=CARTESIAN_POINT('',(1.141929308660E0,6.129851309710E0,-5.416349926301E0));
#2410=CARTESIAN_POINT('',(1.133039972364E0,6.135936843401E0,-5.412210968153E0));
#2411=CARTESIAN_POINT('',(1.122743077420E0,6.141848103741E0,-5.407324781852E0));
#2412=CARTESIAN_POINT('',(1.111076902632E0,6.147495584153E0,-5.401668249516E0));
#2413=CARTESIAN_POINT('',(1.097973535134E0,6.152860052752E0,-5.395160996190E0));
#2414=CARTESIAN_POINT('',(1.083197562144E0,6.157961535887E0,-5.387624947836E0));
#2415=CARTESIAN_POINT('',(1.066606490010E0,6.162754014083E0,-5.378907502945E0));
#2416=CARTESIAN_POINT('',(1.048072453188E0,6.167184538523E0,-5.368843950689E0));
#2417=CARTESIAN_POINT('',(1.034237373090E0,6.169873603219E0,-5.361052738630E0));
#2418=CARTESIAN_POINT('',(1.026977462640E0,6.171132486541E0,-5.356876449962E0));
#2420=CARTESIAN_POINT('',(1.026977462640E0,6.171132486541E0,-5.356876449962E0));
#2421=CARTESIAN_POINT('',(9.140106876062E-1,6.190721156388E0,
-5.291891920795E0));
#2422=CARTESIAN_POINT('',(7.133309511533E-1,6.209278843612E0,
-5.136669048847E0));
#2423=CARTESIAN_POINT('',(5.581080792052E-1,6.190721156388E0,
-4.935989312394E0));
#2424=CARTESIAN_POINT('',(4.931235500381E-1,6.171132486541E0,
-4.823022537360E0));
#2426=CARTESIAN_POINT('',(4.931235500380E-1,6.171132486541E0,
-4.823022537360E0));
#2427=CARTESIAN_POINT('',(4.889299752590E-1,6.169868392565E0,
-4.815732577354E0));
#2428=CARTESIAN_POINT('',(4.811122705873E-1,6.167168383961E0,
-4.801848975029E0));
#2429=CARTESIAN_POINT('',(4.710355657797E-1,6.162726434168E0,
-4.783287110646E0));
#2430=CARTESIAN_POINT('',(4.623144310505E-1,6.157924825064E0,
-4.766685408915E0));
#2431=CARTESIAN_POINT('',(4.547765881656E-1,6.152814043828E0,
-4.751902613986E0));
#2432=CARTESIAN_POINT('',(4.482550528932E-1,6.147427641412E0,
-4.738767180348E0));
#2433=CARTESIAN_POINT('',(4.425780752459E-1,6.141743214505E0,
-4.727054669583E0));
#2434=CARTESIAN_POINT('',(4.376872003314E-1,6.135801572833E0,
-4.716743326798E0));
#2435=CARTESIAN_POINT('',(4.335620286256E-1,6.129707918207E0,
-4.707879867689E0));
#2436=CARTESIAN_POINT('',(4.301237476160E-1,6.123493857483E0,
-4.700371049103E0));
#2437=CARTESIAN_POINT('',(4.273347575568E-1,6.117241438012E0,
-4.694195815386E0));
#2438=CARTESIAN_POINT('',(4.251625849583E-1,6.111090342432E0,
-4.689332667783E0));
#2439=CARTESIAN_POINT('',(4.235132420344E-1,6.105014138936E0,
-4.685608137980E0));
#2440=CARTESIAN_POINT('',(4.223267106703E-1,6.098976233850E0,
-4.682911217833E0));
#2441=CARTESIAN_POINT('',(4.215772375923E-1,6.093059490370E0,
-4.681200074714E0));
#2442=CARTESIAN_POINT('',(4.212220193472E-1,6.087297082116E0,
-4.680387020495E0));
#2443=CARTESIAN_POINT('',(4.212274136439E-1,6.081535467991E0,
-4.680399381206E0));
#2444=CARTESIAN_POINT('',(4.216077438082E-1,6.075665431572E0,
-4.681269853715E0));
#2445=CARTESIAN_POINT('',(4.221237684782E-1,6.071725408340E0,
-4.682447745214E0));
#2446=CARTESIAN_POINT('',(4.224510494089E-1,6.069749005049E0,
-4.683192750113E0));
#2448=DIRECTION('',(-1.E0,0.E0,0.E0));
#2449=VECTOR('',#2448,2.837252191822E0);
#2450=CARTESIAN_POINT('',(3.168626095911E0,5.04641E0,-4.4E0));
#2451=LINE('',#2450,#2449);
#2452=CARTESIAN_POINT('',(1.75E0,5.04641E0,-4.1E0));
#2453=DIRECTION('',(0.E0,1.E0,0.E0));
#2454=DIRECTION('',(9.783628247663E-1,0.E0,-2.068965517241E-1));
#2455=AXIS2_PLACEMENT_3D('',#2452,#2453,#2454);
#2457=DIRECTION('',(1.E0,0.E0,0.E0));
#2458=VECTOR('',#2457,2.837252191822E0);
#2459=CARTESIAN_POINT('',(3.313739040889E-1,5.04641E0,-3.8E0));
#2460=LINE('',#2459,#2458);
#2461=CARTESIAN_POINT('',(1.75E0,5.04641E0,-4.1E0));
#2462=DIRECTION('',(0.E0,1.E0,0.E0));
#2463=DIRECTION('',(-9.783628247663E-1,0.E0,2.068965517241E-1));
#2464=AXIS2_PLACEMENT_3D('',#2461,#2462,#2463);
#2466=DIRECTION('',(0.E0,-1.E0,0.E0));
#2467=VECTOR('',#2466,6.E-1);
#2468=CARTESIAN_POINT('',(3.168626095911E0,5.04641E0,-4.4E0));
#2469=LINE('',#2468,#2467);
#2470=CARTESIAN_POINT('',(1.75E0,4.44641E0,-4.1E0));
#2471=DIRECTION('',(0.E0,-1.E0,0.E0));
#2472=DIRECTION('',(9.783628247663E-1,0.E0,-2.068965517241E-1));
#2473=AXIS2_PLACEMENT_3D('',#2470,#2471,#2472);
#2475=DIRECTION('',(-1.E0,0.E0,0.E0));
#2476=VECTOR('',#2475,2.837252191822E0);
#2477=CARTESIAN_POINT('',(3.168626095911E0,4.44641E0,-3.8E0));
#2478=LINE('',#2477,#2476);
#2479=CARTESIAN_POINT('',(1.75E0,4.44641E0,-4.1E0));
#2480=DIRECTION('',(0.E0,-1.E0,0.E0));
#2481=DIRECTION('',(-9.783628247663E-1,0.E0,2.068965517241E-1));
#2482=AXIS2_PLACEMENT_3D('',#2479,#2480,#2481);
#2484=DIRECTION('',(1.E0,0.E0,0.E0));
#2485=VECTOR('',#2484,2.837252191822E0);
#2486=CARTESIAN_POINT('',(3.313739040889E-1,4.44641E0,-4.4E0));
#2487=LINE('',#2486,#2485);
#2488=DIRECTION('',(0.E0,-1.E0,0.E0));
#2489=VECTOR('',#2488,6.E-1);
#2490=CARTESIAN_POINT('',(3.313739040889E-1,5.04641E0,-3.8E0));
#2491=LINE('',#2490,#2489);
#2492=DIRECTION('',(-7.071067811865E-1,0.E0,-7.071067811865E-1));
#2493=VECTOR('',#2492,1.052678633953E0);
#2494=CARTESIAN_POINT('',(3.077548950591E0,6.069749005049E0,-4.683192750113E0));
#2495=LINE('',#2494,#2493);
#2496=DIRECTION('',(-7.071067811865E-1,0.E0,-7.071067811865E-1));
#2497=VECTOR('',#2496,7.549834435271E-1);
#2498=CARTESIAN_POINT('',(3.006876449962E0,6.171132486541E0,-4.823022537360E0));
#2499=LINE('',#2498,#2497);
#2500=DIRECTION('',(-7.071067811865E-1,0.E0,7.071067811865E-1));
#2501=VECTOR('',#2500,1.052678633953E0);
#2502=CARTESIAN_POINT('',(1.166807249887E0,6.069749005049E0,-5.427548950591E0));
#2503=LINE('',#2502,#2501);
#2504=DIRECTION('',(-7.071067811865E-1,0.E0,7.071067811865E-1));
#2505=VECTOR('',#2504,7.549834435271E-1);
#2506=CARTESIAN_POINT('',(1.026977462640E0,6.171132486541E0,-5.356876449962E0));
#2507=LINE('',#2506,#2505);
#2508=DIRECTION('',(7.071067811865E-1,0.E0,-7.071067811865E-1));
#2509=VECTOR('',#2508,1.052678633953E0);
#2510=CARTESIAN_POINT('',(2.333192750113E0,6.069749005049E0,-2.772451049409E0));
#2511=LINE('',#2510,#2509);
#2512=DIRECTION('',(7.071067811865E-1,0.E0,-7.071067811865E-1));
#2513=VECTOR('',#2512,7.549834435271E-1);
#2514=CARTESIAN_POINT('',(2.473022537360E0,6.171132486541E0,-2.843123550038E0));
#2515=LINE('',#2514,#2513);
#2516=DIRECTION('',(7.071067811865E-1,0.E0,7.071067811865E-1));
#2517=VECTOR('',#2516,1.052678633953E0);
#2518=CARTESIAN_POINT('',(4.224510494089E-1,6.069749005049E0,
-3.516807249887E0));
#2519=LINE('',#2518,#2517);
#2520=DIRECTION('',(7.071067811866E-1,0.E0,7.071067811865E-1));
#2521=VECTOR('',#2520,7.549834435271E-1);
#2522=CARTESIAN_POINT('',(4.931235500381E-1,6.171132486541E0,
-3.376977462640E0));
#2523=LINE('',#2522,#2521);
#2524=DIRECTION('',(0.E0,-1.E0,0.E0));
#2525=VECTOR('',#2524,1.25359E0);
#2526=CARTESIAN_POINT('',(-3.2E0,6.3E0,-4.1E0));
#2527=LINE('',#2526,#2525);
#2528=DIRECTION('',(0.E0,-1.E0,0.E0));
#2529=VECTOR('',#2528,6.E-1);
#2530=CARTESIAN_POINT('',(-3.168626095911E0,5.04641E0,-4.4E0));
#2531=LINE('',#2530,#2529);
#2532=DIRECTION('',(0.E0,-1.E0,0.E0));
#2533=VECTOR('',#2532,6.E-1);
#2534=CARTESIAN_POINT('',(-3.313739040889E-1,5.04641E0,-3.8E0));
#2535=LINE('',#2534,#2533);
#2536=CARTESIAN_POINT('',(-4.224510494088E-1,6.069749005049E0,
-3.516807249887E0));
#2537=CARTESIAN_POINT('',(-4.413836249745E-1,5.955417856658E0,
-3.473710142080E0));
#2538=CARTESIAN_POINT('',(-4.827147689079E-1,5.759553292802E0,
-3.390981919267E0));
#2539=CARTESIAN_POINT('',(-5.541585984169E-1,5.555151874754E0,
-3.276336698656E0));
#2540=CARTESIAN_POINT('',(-6.344594261494E-1,5.434561785478E0,
-3.170548476269E0));
#2541=CARTESIAN_POINT('',(-7.232907753147E-1,5.394693665246E0,
-3.073290775315E0));
#2542=CARTESIAN_POINT('',(-8.205484762689E-1,5.434561785478E0,
-2.984459426149E0));
#2543=CARTESIAN_POINT('',(-9.263366986560E-1,5.555151874754E0,
-2.904158598417E0));
#2544=CARTESIAN_POINT('',(-1.040981919267E0,5.759553292802E0,
-2.832714768908E0));
#2545=CARTESIAN_POINT('',(-1.123710142080E0,5.955417856658E0,
-2.791383624975E0));
#2546=CARTESIAN_POINT('',(-1.166807249887E0,6.069749005049E0,
-2.772451049409E0));
#2548=CARTESIAN_POINT('',(-1.166807249887E0,6.069749005049E0,
-2.772451049409E0));
#2549=CARTESIAN_POINT('',(-1.167533014028E0,6.071674365054E0,
-2.772132220950E0));
#2550=CARTESIAN_POINT('',(-1.168691112024E0,6.075525758193E0,
-2.771624824804E0));
#2551=CARTESIAN_POINT('',(-1.169575910561E0,6.081258574735E0,
-2.771238201531E0));
#2552=CARTESIAN_POINT('',(-1.169631862171E0,6.087035530493E0,
-2.771213774793E0));
#2553=CARTESIAN_POINT('',(-1.168854796273E0,6.092785521284E0,
-2.771553250684E0));
#2554=CARTESIAN_POINT('',(-1.167213730274E0,6.098622374409E0,
-2.772271909596E0));
#2555=CARTESIAN_POINT('',(-1.164590645152E0,6.104634577741E0,
-2.773425565767E0));
#2556=CARTESIAN_POINT('',(-1.160920143512E0,6.110728868225E0,
-2.775050212657E0));
#2557=CARTESIAN_POINT('',(-1.156095498374E0,6.116913294615E0,
-2.777203985954E0));
#2558=CARTESIAN_POINT('',(-1.149950449593E0,6.123201169523E0,
-2.779977602711E0));
#2559=CARTESIAN_POINT('',(-1.142452799056E0,6.129458788973E0,
-2.783408476043E0));
#2560=CARTESIAN_POINT('',(-1.133584548224E0,6.135596834217E0,
-2.787533131771E0));
#2561=CARTESIAN_POINT('',(-1.123255760277E0,6.141580622294E0,
-2.792429154138E0));
#2562=CARTESIAN_POINT('',(-1.111512503143E0,6.147304267205E0,
-2.798117719726E0));
#2563=CARTESIAN_POINT('',(-1.098341189712E0,6.152723410342E0,
-2.804653744339E0));
#2564=CARTESIAN_POINT('',(-1.083517146347E0,6.157861881933E0,
-2.812209350792E0));
#2565=CARTESIAN_POINT('',(-1.066863448342E0,6.162687939624E0,
-2.820954810267E0));
#2566=CARTESIAN_POINT('',(-1.048236675141E0,6.167151073213E0,
-2.831064409228E0));
#2567=CARTESIAN_POINT('',(-1.034297701592E0,6.169863142134E0,
-2.838912557190E0));
#2568=CARTESIAN_POINT('',(-1.026977462640E0,6.171132486541E0,
-2.843123550038E0));
#2570=CARTESIAN_POINT('',(-1.026977462640E0,6.171132486541E0,
-2.843123550038E0));
#2571=CARTESIAN_POINT('',(-9.140106876062E-1,6.190721156388E0,
-2.908108079205E0));
#2572=CARTESIAN_POINT('',(-7.133309511533E-1,6.209278843612E0,
-3.063330951153E0));
#2573=CARTESIAN_POINT('',(-5.581080792052E-1,6.190721156388E0,
-3.264010687606E0));
#2574=CARTESIAN_POINT('',(-4.931235500380E-1,6.171132486541E0,
-3.376977462640E0));
#2576=CARTESIAN_POINT('',(-4.931235500380E-1,6.171132486541E0,
-3.376977462640E0));
#2577=CARTESIAN_POINT('',(-4.889299752590E-1,6.169868392565E0,
-3.384267422646E0));
#2578=CARTESIAN_POINT('',(-4.811122705873E-1,6.167168383961E0,
-3.398151024971E0));
#2579=CARTESIAN_POINT('',(-4.710355657797E-1,6.162726434168E0,
-3.416712889354E0));
#2580=CARTESIAN_POINT('',(-4.623144310505E-1,6.157924825064E0,
-3.433314591085E0));
#2581=CARTESIAN_POINT('',(-4.547765881656E-1,6.152814043828E0,
-3.448097386014E0));
#2582=CARTESIAN_POINT('',(-4.482550528932E-1,6.147427641412E0,
-3.461232819652E0));
#2583=CARTESIAN_POINT('',(-4.425780752459E-1,6.141743214505E0,
-3.472945330417E0));
#2584=CARTESIAN_POINT('',(-4.376872003314E-1,6.135801572833E0,
-3.483256673202E0));
#2585=CARTESIAN_POINT('',(-4.335620286256E-1,6.129707918207E0,
-3.492120132311E0));
#2586=CARTESIAN_POINT('',(-4.301237476160E-1,6.123493857483E0,
-3.499628950897E0));
#2587=CARTESIAN_POINT('',(-4.273347575568E-1,6.117241438012E0,
-3.505804184614E0));
#2588=CARTESIAN_POINT('',(-4.251625849583E-1,6.111090342432E0,
-3.510667332217E0));
#2589=CARTESIAN_POINT('',(-4.235132420344E-1,6.105014138936E0,
-3.514391862020E0));
#2590=CARTESIAN_POINT('',(-4.223267106703E-1,6.098976233850E0,
-3.517088782167E0));
#2591=CARTESIAN_POINT('',(-4.215772375923E-1,6.093059490370E0,
-3.518799925286E0));
#2592=CARTESIAN_POINT('',(-4.212220193472E-1,6.087297082116E0,
-3.519612979505E0));
#2593=CARTESIAN_POINT('',(-4.212274136439E-1,6.081535467991E0,
-3.519600618794E0));
#2594=CARTESIAN_POINT('',(-4.216077438082E-1,6.075665431572E0,
-3.518730146285E0));
#2595=CARTESIAN_POINT('',(-4.221237684782E-1,6.071725408340E0,
-3.517552254786E0));
#2596=CARTESIAN_POINT('',(-4.224510494089E-1,6.069749005049E0,
-3.516807249887E0));
#2598=CARTESIAN_POINT('',(-2.333192750113E0,6.069749005049E0,
-2.772451049409E0));
#2599=CARTESIAN_POINT('',(-2.376289857920E0,5.955417856658E0,
-2.791383624975E0));
#2600=CARTESIAN_POINT('',(-2.459018080733E0,5.759553292802E0,
-2.832714768908E0));
#2601=CARTESIAN_POINT('',(-2.573663301344E0,5.555151874754E0,
-2.904158598417E0));
#2602=CARTESIAN_POINT('',(-2.679451523731E0,5.434561785478E0,
-2.984459426149E0));
#2603=CARTESIAN_POINT('',(-2.776709224685E0,5.394693665246E0,
-3.073290775315E0));
#2604=CARTESIAN_POINT('',(-2.865540573851E0,5.434561785478E0,
-3.170548476269E0));
#2605=CARTESIAN_POINT('',(-2.945841401583E0,5.555151874754E0,
-3.276336698656E0));
#2606=CARTESIAN_POINT('',(-3.017285231092E0,5.759553292802E0,
-3.390981919267E0));
#2607=CARTESIAN_POINT('',(-3.058616375025E0,5.955417856658E0,
-3.473710142080E0));
#2608=CARTESIAN_POINT('',(-3.077548950591E0,6.069749005049E0,
-3.516807249887E0));
#2610=CARTESIAN_POINT('',(-3.077548950591E0,6.069749005049E0,
-3.516807249887E0));
#2611=CARTESIAN_POINT('',(-3.077876346418E0,6.071726102182E0,
-3.517552516330E0));
#2612=CARTESIAN_POINT('',(-3.078392520510E0,6.075667595186E0,
-3.518730750213E0));
#2613=CARTESIAN_POINT('',(-3.078772799072E0,6.081540218996E0,
-3.519601105995E0));
#2614=CARTESIAN_POINT('',(-3.078777812319E0,6.087304565754E0,
-3.519612593858E0));
#2615=CARTESIAN_POINT('',(-3.078421851621E0,6.093069890320E0,
-3.518797841763E0));
#2616=CARTESIAN_POINT('',(-3.077671187975E0,6.098989677952E0,
-3.517083991378E0));
#2617=CARTESIAN_POINT('',(-3.076483096463E0,6.105030070101E0,
-3.514383559997E0));
#2618=CARTESIAN_POINT('',(-3.074831861810E0,6.111108369589E0,
-3.510654835172E0));
#2619=CARTESIAN_POINT('',(-3.072657251E0,6.117261706106E0,-3.505786373814E0));
#2620=CARTESIAN_POINT('',(-3.069864998427E0,6.123516685627E0,
-3.499604174093E0));
#2621=CARTESIAN_POINT('',(-3.066422262525E0,6.129733834355E0,
-3.492086054570E0));
#2622=CARTESIAN_POINT('',(-3.062290923308E0,6.135831160192E0,
-3.483210037918E0));
#2623=CARTESIAN_POINT('',(-3.057393125736E0,6.141775112265E0,
-3.472885200189E0));
#2624=CARTESIAN_POINT('',(-3.051711358424E0,6.147458102517E0,
-3.461164332688E0));
#2625=CARTESIAN_POINT('',(-3.045188552164E0,6.152839895343E0,
-3.448028151852E0));
#2626=CARTESIAN_POINT('',(-3.037653083595E0,6.157944336308E0,
-3.433251946630E0));
#2627=CARTESIAN_POINT('',(-3.028938290949E0,6.162738905738E0,
-3.416664142871E0));
#2628=CARTESIAN_POINT('',(-3.018872082894E0,6.167174042529E0,
-3.398123024836E0));
#2629=CARTESIAN_POINT('',(-3.011064262426E0,6.169870129533E0,
-3.384257405645E0));
#2630=CARTESIAN_POINT('',(-3.006876449962E0,6.171132486541E0,
-3.376977462640E0));
#2632=CARTESIAN_POINT('',(-3.006876449962E0,6.171132486541E0,
-3.376977462640E0));
#2633=CARTESIAN_POINT('',(-2.941891920795E0,6.190721156388E0,
-3.264010687606E0));
#2634=CARTESIAN_POINT('',(-2.786669048847E0,6.209278843612E0,
-3.063330951153E0));
#2635=CARTESIAN_POINT('',(-2.585989312394E0,6.190721156388E0,
-2.908108079205E0));
#2636=CARTESIAN_POINT('',(-2.473022537360E0,6.171132486541E0,
-2.843123550038E0));
#2638=CARTESIAN_POINT('',(-2.473022537360E0,6.171132486541E0,
-2.843123550038E0));
#2639=CARTESIAN_POINT('',(-2.465683210982E0,6.169859832335E0,
-2.838901577082E0));
#2640=CARTESIAN_POINT('',(-2.451711132457E0,6.167140459817E0,
-2.831035275552E0));
#2641=CARTESIAN_POINT('',(-2.433051897576E0,6.162666154359E0,
-2.820909456444E0));
#2642=CARTESIAN_POINT('',(-2.416378683969E0,6.157829269060E0,
-2.812155378606E0));
#2643=CARTESIAN_POINT('',(-2.401546149581E0,6.152681161803E0,
-2.804597057440E0));
#2644=CARTESIAN_POINT('',(-2.388373234205E0,6.147253363600E0,
-2.798061692875E0));
#2645=CARTESIAN_POINT('',(-2.376633388143E0,6.141521906400E0,
-2.792376053311E0));
#2646=CARTESIAN_POINT('',(-2.366317556160E0,6.135534602649E0,
-2.787487220761E0));
#2647=CARTESIAN_POINT('',(-2.357476580593E0,6.129404212847E0,
-2.783375971989E0));
#2648=CARTESIAN_POINT('',(-2.350012388182E0,6.123165235259E0,
-2.779960778547E0));
#2649=CARTESIAN_POINT('',(-2.343891529032E0,6.116897935851E0,
-2.777198170946E0));
#2650=CARTESIAN_POINT('',(-2.339054273664E0,6.110695816342E0,
-2.775038806126E0));
#2651=CARTESIAN_POINT('',(-2.335363897245E0,6.104549605618E0,
-2.773405505319E0));
#2652=CARTESIAN_POINT('',(-2.332754876294E0,6.098535157618E0,
-2.772258140587E0));
#2653=CARTESIAN_POINT('',(-2.331122119933E0,6.092677842004E0,
-2.771543157491E0));
#2654=CARTESIAN_POINT('',(-2.330369679740E0,6.086964386573E0,
-2.771214449842E0));
#2655=CARTESIAN_POINT('',(-2.330422554273E0,6.081354239267E0,
-2.771237533357E0));
#2656=CARTESIAN_POINT('',(-2.331277926851E0,6.075652686546E0,
-2.771611285029E0));
#2657=CARTESIAN_POINT('',(-2.332446533442E0,6.071728623015E0,
-2.772123236147E0));
#2658=CARTESIAN_POINT('',(-2.333192750113E0,6.069749005049E0,
-2.772451049409E0));
#2660=CARTESIAN_POINT('',(-1.75E0,5.04641E0,-4.1E0));
#2661=DIRECTION('',(0.E0,1.E0,0.E0));
#2662=DIRECTION('',(1.E0,0.E0,0.E0));
#2663=AXIS2_PLACEMENT_3D('',#2660,#2661,#2662);
#2665=CARTESIAN_POINT('',(-1.75E0,5.04641E0,-4.1E0));
#2666=DIRECTION('',(0.E0,1.E0,0.E0));
#2667=DIRECTION('',(-9.783628247663E-1,0.E0,-2.068965517241E-1));
#2668=AXIS2_PLACEMENT_3D('',#2665,#2666,#2667);
#2670=DIRECTION('',(0.E0,-1.E0,0.E0));
#2671=VECTOR('',#2670,1.25359E0);
#2672=CARTESIAN_POINT('',(-3.E-1,6.3E0,-4.1E0));
#2673=LINE('',#2672,#2671);
#2674=CARTESIAN_POINT('',(-1.166807249887E0,6.069749005049E0,
-5.427548950591E0));
#2675=CARTESIAN_POINT('',(-1.123710142080E0,5.955417856658E0,
-5.408616375025E0));
#2676=CARTESIAN_POINT('',(-1.040981919267E0,5.759553292802E0,
-5.367285231092E0));
#2677=CARTESIAN_POINT('',(-9.263366986560E-1,5.555151874754E0,
-5.295841401583E0));
#2678=CARTESIAN_POINT('',(-8.205484762689E-1,5.434561785478E0,
-5.215540573851E0));
#2679=CARTESIAN_POINT('',(-7.232907753147E-1,5.394693665246E0,
-5.126709224685E0));
#2680=CARTESIAN_POINT('',(-6.344594261494E-1,5.434561785478E0,
-5.029451523731E0));
#2681=CARTESIAN_POINT('',(-5.541585984169E-1,5.555151874754E0,
-4.923663301344E0));
#2682=CARTESIAN_POINT('',(-4.827147689079E-1,5.759553292802E0,
-4.809018080733E0));
#2683=CARTESIAN_POINT('',(-4.413836249745E-1,5.955417856658E0,
-4.726289857920E0));
#2684=CARTESIAN_POINT('',(-4.224510494088E-1,6.069749005049E0,
-4.683192750113E0));
#2686=CARTESIAN_POINT('',(-4.224510494089E-1,6.069749005049E0,
-4.683192750113E0));
#2687=CARTESIAN_POINT('',(-4.221236535819E-1,6.071726102182E0,
-4.682447483670E0));
#2688=CARTESIAN_POINT('',(-4.216074794896E-1,6.075667595186E0,
-4.681269249787E0));
#2689=CARTESIAN_POINT('',(-4.212272009281E-1,6.081540218996E0,
-4.680398894005E0));
#2690=CARTESIAN_POINT('',(-4.212221876813E-1,6.087304565754E0,
-4.680387406142E0));
#2691=CARTESIAN_POINT('',(-4.215781483794E-1,6.093069890320E0,
-4.681202158237E0));
#2692=CARTESIAN_POINT('',(-4.223288120247E-1,6.098989677952E0,
-4.682916008622E0));
#2693=CARTESIAN_POINT('',(-4.235169035369E-1,6.105030070101E0,
-4.685616440003E0));
#2694=CARTESIAN_POINT('',(-4.251681381902E-1,6.111108369589E0,
-4.689345164828E0));
#2695=CARTESIAN_POINT('',(-4.273427490001E-1,6.117261706106E0,
-4.694213626186E0));
#2696=CARTESIAN_POINT('',(-4.301350015726E-1,6.123516685627E0,
-4.700395825907E0));
#2697=CARTESIAN_POINT('',(-4.335777374749E-1,6.129733834355E0,
-4.707913945430E0));
#2698=CARTESIAN_POINT('',(-4.377090766915E-1,6.135831160192E0,
-4.716789962082E0));
#2699=CARTESIAN_POINT('',(-4.426068742641E-1,6.141775112265E0,
-4.727114799811E0));
#2700=CARTESIAN_POINT('',(-4.482886415758E-1,6.147458102517E0,
-4.738835667312E0));
#2701=CARTESIAN_POINT('',(-4.548114478360E-1,6.152839895343E0,
-4.751971848148E0));
#2702=CARTESIAN_POINT('',(-4.623469164046E-1,6.157944336308E0,
-4.766748053370E0));
#2703=CARTESIAN_POINT('',(-4.710617090509E-1,6.162738905738E0,
-4.783335857129E0));
#2704=CARTESIAN_POINT('',(-4.811279171062E-1,6.167174042529E0,
-4.801876975164E0));
#2705=CARTESIAN_POINT('',(-4.889357375736E-1,6.169870129533E0,
-4.815742594355E0));
#2706=CARTESIAN_POINT('',(-4.931235500380E-1,6.171132486541E0,
-4.823022537360E0));
#2708=CARTESIAN_POINT('',(-4.931235500380E-1,6.171132486541E0,
-4.823022537360E0));
#2709=CARTESIAN_POINT('',(-5.581080792052E-1,6.190721156388E0,
-4.935989312394E0));
#2710=CARTESIAN_POINT('',(-7.133309511533E-1,6.209278843612E0,
-5.136669048847E0));
#2711=CARTESIAN_POINT('',(-9.140106876062E-1,6.190721156388E0,
-5.291891920795E0));
#2712=CARTESIAN_POINT('',(-1.026977462640E0,6.171132486541E0,
-5.356876449962E0));
#2714=CARTESIAN_POINT('',(-1.026977462640E0,6.171132486541E0,
-5.356876449962E0));
#2715=CARTESIAN_POINT('',(-1.034247833128E0,6.169871789427E0,
-5.361058755803E0));
#2716=CARTESIAN_POINT('',(-1.048101559012E0,6.167178650354E0,
-5.368860212470E0));
#2717=CARTESIAN_POINT('',(-1.066656264105E0,6.162741278594E0,
-5.378934196937E0));
#2718=CARTESIAN_POINT('',(-1.083261244870E0,6.157941712296E0,
-5.387657975068E0));
#2719=CARTESIAN_POINT('',(-1.098044422414E0,6.152833630078E0,
-5.395196698243E0));
#2720=CARTESIAN_POINT('',(-1.111149523106E0,6.147463404954E0,
-5.401703885627E0));
#2721=CARTESIAN_POINT('',(-1.122811152046E0,6.141812243924E0,
-5.407357414939E0));
#2722=CARTESIAN_POINT('',(-1.133098097328E0,6.135900253827E0,
-5.412238257558E0));
#2723=CARTESIAN_POINT('',(-1.141974211796E0,6.129817375055E0,
-5.416370636152E0));
#2724=CARTESIAN_POINT('',(-1.149518906544E0,6.123596980494E0,
-5.419826339109E0));
#2725=CARTESIAN_POINT('',(-1.155797086131E0,6.117259073440E0,
-5.422662255143E0));
#2726=CARTESIAN_POINT('',(-1.160761421417E0,6.110966518173E0,
-5.424879345046E0));
#2727=CARTESIAN_POINT('',(-1.164506055358E0,6.104801836570E0,
-5.426537146747E0));
#2728=CARTESIAN_POINT('',(-1.167168110814E0,6.098754573159E0,
-5.427708084356E0));
#2729=CARTESIAN_POINT('',(-1.168831685122E0,6.092892398774E0,
-5.428436642351E0));
#2730=CARTESIAN_POINT('',(-1.169614349973E0,6.087215808708E0,
-5.428778578473E0));
#2731=CARTESIAN_POINT('',(-1.169597132761E0,6.081534824822E0,
-5.428771063098E0));
#2732=CARTESIAN_POINT('',(-1.168739755182E0,6.075710153749E0,
-5.428396456032E0));
#2733=CARTESIAN_POINT('',(-1.167559975572E0,6.071745890602E0,
-5.427879623266E0));
#2734=CARTESIAN_POINT('',(-1.166807249887E0,6.069749005049E0,
-5.427548950591E0));
#2736=CARTESIAN_POINT('',(-3.077548950591E0,6.069749005049E0,
-4.683192750113E0));
#2737=CARTESIAN_POINT('',(-3.058616375025E0,5.955417856658E0,
-4.726289857920E0));
#2738=CARTESIAN_POINT('',(-3.017285231092E0,5.759553292802E0,
-4.809018080733E0));
#2739=CARTESIAN_POINT('',(-2.945841401583E0,5.555151874754E0,
-4.923663301344E0));
#2740=CARTESIAN_POINT('',(-2.865540573851E0,5.434561785478E0,
-5.029451523731E0));
#2741=CARTESIAN_POINT('',(-2.776709224685E0,5.394693665246E0,
-5.126709224685E0));
#2742=CARTESIAN_POINT('',(-2.679451523731E0,5.434561785478E0,
-5.215540573851E0));
#2743=CARTESIAN_POINT('',(-2.573663301344E0,5.555151874754E0,
-5.295841401583E0));
#2744=CARTESIAN_POINT('',(-2.459018080733E0,5.759553292802E0,
-5.367285231092E0));
#2745=CARTESIAN_POINT('',(-2.376289857920E0,5.955417856658E0,
-5.408616375025E0));
#2746=CARTESIAN_POINT('',(-2.333192750113E0,6.069749005049E0,
-5.427548950591E0));
#2748=CARTESIAN_POINT('',(-2.333192750113E0,6.069749005049E0,
-5.427548950591E0));
#2749=CARTESIAN_POINT('',(-2.332439404061E0,6.071747536358E0,
-5.427879895793E0));
#2750=CARTESIAN_POINT('',(-2.331259124850E0,6.075714569604E0,
-5.428396945982E0));
#2751=CARTESIAN_POINT('',(-2.330402384147E0,6.081540801120E0,
-5.428771273979E0));
#2752=CARTESIAN_POINT('',(-2.330386069831E0,6.087222223093E0,
-5.428778395213E0));
#2753=CARTESIAN_POINT('',(-2.331169724067E0,6.092899338367E0,
-5.428436026247E0));
#2754=CARTESIAN_POINT('',(-2.332834951681E0,6.098763434157E0,
-5.427706741391E0));
#2755=CARTESIAN_POINT('',(-2.335500242734E0,6.104814390381E0,
-5.426534370934E0));
#2756=CARTESIAN_POINT('',(-2.339251194323E0,6.110985299842E0,
-5.424873745412E0));
#2757=CARTESIAN_POINT('',(-2.344226073431E0,6.117285681280E0,
-5.422651869646E0));
#2758=CARTESIAN_POINT('',(-2.350515055574E0,6.123628125657E0,
-5.419810908830E0));
#2759=CARTESIAN_POINT('',(-2.358070691340E0,6.129851309710E0,
-5.416349926301E0));
#2760=CARTESIAN_POINT('',(-2.366960027636E0,6.135936843401E0,
-5.412210968153E0));
#2761=CARTESIAN_POINT('',(-2.377256922580E0,6.141848103741E0,
-5.407324781852E0));
#2762=CARTESIAN_POINT('',(-2.388923097368E0,6.147495584153E0,
-5.401668249516E0));
#2763=CARTESIAN_POINT('',(-2.402026464866E0,6.152860052752E0,
-5.395160996190E0));
#2764=CARTESIAN_POINT('',(-2.416802437856E0,6.157961535887E0,
-5.387624947836E0));
#2765=CARTESIAN_POINT('',(-2.433393509990E0,6.162754014083E0,
-5.378907502945E0));
#2766=CARTESIAN_POINT('',(-2.451927546812E0,6.167184538523E0,
-5.368843950689E0));
#2767=CARTESIAN_POINT('',(-2.465762626910E0,6.169873603219E0,
-5.361052738630E0));
#2768=CARTESIAN_POINT('',(-2.473022537360E0,6.171132486541E0,
-5.356876449962E0));
#2770=CARTESIAN_POINT('',(-2.473022537360E0,6.171132486541E0,
-5.356876449962E0));
#2771=CARTESIAN_POINT('',(-2.585989312394E0,6.190721156388E0,
-5.291891920795E0));
#2772=CARTESIAN_POINT('',(-2.786669048847E0,6.209278843612E0,
-5.136669048847E0));
#2773=CARTESIAN_POINT('',(-2.941891920795E0,6.190721156388E0,
-4.935989312394E0));
#2774=CARTESIAN_POINT('',(-3.006876449962E0,6.171132486541E0,
-4.823022537360E0));
#2776=CARTESIAN_POINT('',(-3.006876449962E0,6.171132486541E0,
-4.823022537360E0));
#2777=CARTESIAN_POINT('',(-3.011070024741E0,6.169868392565E0,
-4.815732577354E0));
#2778=CARTESIAN_POINT('',(-3.018887729413E0,6.167168383961E0,
-4.801848975029E0));
#2779=CARTESIAN_POINT('',(-3.028964434220E0,6.162726434168E0,
-4.783287110646E0));
#2780=CARTESIAN_POINT('',(-3.037685568950E0,6.157924825064E0,
-4.766685408915E0));
#2781=CARTESIAN_POINT('',(-3.045223411834E0,6.152814043828E0,
-4.751902613986E0));
#2782=CARTESIAN_POINT('',(-3.051744947107E0,6.147427641412E0,
-4.738767180348E0));
#2783=CARTESIAN_POINT('',(-3.057421924754E0,6.141743214505E0,
-4.727054669583E0));
#2784=CARTESIAN_POINT('',(-3.062312799669E0,6.135801572833E0,
-4.716743326798E0));
#2785=CARTESIAN_POINT('',(-3.066437971374E0,6.129707918207E0,
-4.707879867689E0));
#2786=CARTESIAN_POINT('',(-3.069876252384E0,6.123493857483E0,
-4.700371049103E0));
#2787=CARTESIAN_POINT('',(-3.072665242443E0,6.117241438012E0,
-4.694195815386E0));
#2788=CARTESIAN_POINT('',(-3.074837415042E0,6.111090342432E0,
-4.689332667783E0));
#2789=CARTESIAN_POINT('',(-3.076486757966E0,6.105014138936E0,
-4.685608137980E0));
#2790=CARTESIAN_POINT('',(-3.077673289330E0,6.098976233850E0,
-4.682911217833E0));
#2791=CARTESIAN_POINT('',(-3.078422762408E0,6.093059490370E0,
-4.681200074714E0));
#2792=CARTESIAN_POINT('',(-3.078777980653E0,6.087297082116E0,
-4.680387020495E0));
#2793=CARTESIAN_POINT('',(-3.078772586356E0,6.081535467991E0,
-4.680399381206E0));
#2794=CARTESIAN_POINT('',(-3.078392256192E0,6.075665431572E0,
-4.681269853715E0));
#2795=CARTESIAN_POINT('',(-3.077876231522E0,6.071725408340E0,
-4.682447745214E0));
#2796=CARTESIAN_POINT('',(-3.077548950591E0,6.069749005049E0,
-4.683192750113E0));
#2798=DIRECTION('',(-1.E0,0.E0,0.E0));
#2799=VECTOR('',#2798,2.837252191822E0);
#2800=CARTESIAN_POINT('',(-3.313739040889E-1,5.04641E0,-4.4E0));
#2801=LINE('',#2800,#2799);
#2802=CARTESIAN_POINT('',(-1.75E0,5.04641E0,-4.1E0));
#2803=DIRECTION('',(0.E0,1.E0,0.E0));
#2804=DIRECTION('',(9.783628247663E-1,0.E0,-2.068965517241E-1));
#2805=AXIS2_PLACEMENT_3D('',#2802,#2803,#2804);
#2807=DIRECTION('',(1.E0,0.E0,0.E0));
#2808=VECTOR('',#2807,2.837252191822E0);
#2809=CARTESIAN_POINT('',(-3.168626095911E0,5.04641E0,-3.8E0));
#2810=LINE('',#2809,#2808);
#2811=CARTESIAN_POINT('',(-1.75E0,5.04641E0,-4.1E0));
#2812=DIRECTION('',(0.E0,1.E0,0.E0));
#2813=DIRECTION('',(-9.783628247663E-1,0.E0,2.068965517241E-1));
#2814=AXIS2_PLACEMENT_3D('',#2811,#2812,#2813);
#2816=DIRECTION('',(0.E0,-1.E0,0.E0));
#2817=VECTOR('',#2816,6.E-1);
#2818=CARTESIAN_POINT('',(-3.313739040889E-1,5.04641E0,-4.4E0));
#2819=LINE('',#2818,#2817);
#2820=CARTESIAN_POINT('',(-1.75E0,4.44641E0,-4.1E0));
#2821=DIRECTION('',(0.E0,-1.E0,0.E0));
#2822=DIRECTION('',(9.783628247663E-1,0.E0,-2.068965517241E-1));
#2823=AXIS2_PLACEMENT_3D('',#2820,#2821,#2822);
#2825=DIRECTION('',(-1.E0,0.E0,0.E0));
#2826=VECTOR('',#2825,2.837252191822E0);
#2827=CARTESIAN_POINT('',(-3.313739040889E-1,4.44641E0,-3.8E0));
#2828=LINE('',#2827,#2826);
#2829=CARTESIAN_POINT('',(-1.75E0,4.44641E0,-4.1E0));
#2830=DIRECTION('',(0.E0,-1.E0,0.E0));
#2831=DIRECTION('',(-9.783628247663E-1,0.E0,2.068965517241E-1));
#2832=AXIS2_PLACEMENT_3D('',#2829,#2830,#2831);
#2834=DIRECTION('',(1.E0,0.E0,0.E0));
#2835=VECTOR('',#2834,2.837252191822E0);
#2836=CARTESIAN_POINT('',(-3.168626095911E0,4.44641E0,-4.4E0));
#2837=LINE('',#2836,#2835);
#2838=DIRECTION('',(0.E0,-1.E0,0.E0));
#2839=VECTOR('',#2838,6.E-1);
#2840=CARTESIAN_POINT('',(-3.168626095911E0,5.04641E0,-3.8E0));
#2841=LINE('',#2840,#2839);
#2842=DIRECTION('',(-7.071067811865E-1,0.E0,-7.071067811865E-1));
#2843=VECTOR('',#2842,1.052678633953E0);
#2844=CARTESIAN_POINT('',(-4.224510494089E-1,6.069749005049E0,
-4.683192750113E0));
#2845=LINE('',#2844,#2843);
#2846=DIRECTION('',(-7.071067811865E-1,0.E0,-7.071067811865E-1));
#2847=VECTOR('',#2846,7.549834435271E-1);
#2848=CARTESIAN_POINT('',(-4.931235500380E-1,6.171132486541E0,
-4.823022537360E0));
#2849=LINE('',#2848,#2847);
#2850=DIRECTION('',(-7.071067811865E-1,0.E0,7.071067811865E-1));
#2851=VECTOR('',#2850,1.052678633953E0);
#2852=CARTESIAN_POINT('',(-2.333192750113E0,6.069749005049E0,
-5.427548950591E0));
#2853=LINE('',#2852,#2851);
#2854=DIRECTION('',(-7.071067811865E-1,0.E0,7.071067811865E-1));
#2855=VECTOR('',#2854,7.549834435271E-1);
#2856=CARTESIAN_POINT('',(-2.473022537360E0,6.171132486541E0,
-5.356876449962E0));
#2857=LINE('',#2856,#2855);
#2858=DIRECTION('',(7.071067811865E-1,0.E0,-7.071067811865E-1));
#2859=VECTOR('',#2858,1.052678633953E0);
#2860=CARTESIAN_POINT('',(-1.166807249887E0,6.069749005049E0,
-2.772451049409E0));
#2861=LINE('',#2860,#2859);
#2862=DIRECTION('',(7.071067811865E-1,0.E0,-7.071067811865E-1));
#2863=VECTOR('',#2862,7.549834435271E-1);
#2864=CARTESIAN_POINT('',(-1.026977462640E0,6.171132486541E0,
-2.843123550038E0));
#2865=LINE('',#2864,#2863);
#2866=DIRECTION('',(7.071067811865E-1,0.E0,7.071067811865E-1));
#2867=VECTOR('',#2866,1.052678633953E0);
#2868=CARTESIAN_POINT('',(-3.077548950591E0,6.069749005049E0,
-3.516807249887E0));
#2869=LINE('',#2868,#2867);
#2870=DIRECTION('',(7.071067811865E-1,0.E0,7.071067811866E-1));
#2871=VECTOR('',#2870,7.549834435271E-1);
#2872=CARTESIAN_POINT('',(-3.006876449962E0,6.171132486541E0,
-3.376977462640E0));
#2873=LINE('',#2872,#2871);
#2874=DIRECTION('',(0.E0,-1.E0,0.E0));
#2875=VECTOR('',#2874,1.25359E0);
#2876=CARTESIAN_POINT('',(-6.7E0,6.3E0,-4.1E0));
#2877=LINE('',#2876,#2875);
#2878=DIRECTION('',(0.E0,-1.E0,0.E0));
#2879=VECTOR('',#2878,6.E-1);
#2880=CARTESIAN_POINT('',(-6.668626095911E0,5.04641E0,-4.4E0));
#2881=LINE('',#2880,#2879);
#2882=DIRECTION('',(0.E0,-1.E0,0.E0));
#2883=VECTOR('',#2882,6.E-1);
#2884=CARTESIAN_POINT('',(-3.831373904089E0,5.04641E0,-3.8E0));
#2885=LINE('',#2884,#2883);
#2886=CARTESIAN_POINT('',(-3.922451049409E0,6.069749005049E0,
-3.516807249887E0));
#2887=CARTESIAN_POINT('',(-3.941383624975E0,5.955417856658E0,
-3.473710142080E0));
#2888=CARTESIAN_POINT('',(-3.982714768908E0,5.759553292802E0,
-3.390981919267E0));
#2889=CARTESIAN_POINT('',(-4.054158598417E0,5.555151874754E0,
-3.276336698656E0));
#2890=CARTESIAN_POINT('',(-4.134459426149E0,5.434561785478E0,
-3.170548476269E0));
#2891=CARTESIAN_POINT('',(-4.223290775315E0,5.394693665246E0,
-3.073290775315E0));
#2892=CARTESIAN_POINT('',(-4.320548476269E0,5.434561785478E0,
-2.984459426149E0));
#2893=CARTESIAN_POINT('',(-4.426336698656E0,5.555151874754E0,
-2.904158598417E0));
#2894=CARTESIAN_POINT('',(-4.540981919267E0,5.759553292802E0,
-2.832714768908E0));
#2895=CARTESIAN_POINT('',(-4.623710142080E0,5.955417856658E0,
-2.791383624975E0));
#2896=CARTESIAN_POINT('',(-4.666807249887E0,6.069749005049E0,
-2.772451049409E0));
#2898=CARTESIAN_POINT('',(-4.666807249887E0,6.069749005049E0,
-2.772451049409E0));
#2899=CARTESIAN_POINT('',(-4.667533014028E0,6.071674365054E0,
-2.772132220950E0));
#2900=CARTESIAN_POINT('',(-4.668691112024E0,6.075525758193E0,
-2.771624824804E0));
#2901=CARTESIAN_POINT('',(-4.669575910561E0,6.081258574735E0,
-2.771238201531E0));
#2902=CARTESIAN_POINT('',(-4.669631862171E0,6.087035530493E0,
-2.771213774793E0));
#2903=CARTESIAN_POINT('',(-4.668854796273E0,6.092785521284E0,
-2.771553250684E0));
#2904=CARTESIAN_POINT('',(-4.667213730274E0,6.098622374409E0,
-2.772271909596E0));
#2905=CARTESIAN_POINT('',(-4.664590645152E0,6.104634577741E0,
-2.773425565767E0));
#2906=CARTESIAN_POINT('',(-4.660920143512E0,6.110728868225E0,
-2.775050212657E0));
#2907=CARTESIAN_POINT('',(-4.656095498374E0,6.116913294615E0,
-2.777203985954E0));
#2908=CARTESIAN_POINT('',(-4.649950449593E0,6.123201169523E0,
-2.779977602711E0));
#2909=CARTESIAN_POINT('',(-4.642452799056E0,6.129458788973E0,
-2.783408476043E0));
#2910=CARTESIAN_POINT('',(-4.633584548224E0,6.135596834217E0,
-2.787533131771E0));
#2911=CARTESIAN_POINT('',(-4.623255760277E0,6.141580622294E0,
-2.792429154138E0));
#2912=CARTESIAN_POINT('',(-4.611512503143E0,6.147304267205E0,
-2.798117719726E0));
#2913=CARTESIAN_POINT('',(-4.598341189712E0,6.152723410342E0,
-2.804653744339E0));
#2914=CARTESIAN_POINT('',(-4.583517146347E0,6.157861881933E0,
-2.812209350792E0));
#2915=CARTESIAN_POINT('',(-4.566863448342E0,6.162687939624E0,
-2.820954810267E0));
#2916=CARTESIAN_POINT('',(-4.548236675141E0,6.167151073213E0,
-2.831064409228E0));
#2917=CARTESIAN_POINT('',(-4.534297701592E0,6.169863142134E0,
-2.838912557190E0));
#2918=CARTESIAN_POINT('',(-4.526977462640E0,6.171132486541E0,
-2.843123550038E0));
#2920=CARTESIAN_POINT('',(-4.526977462640E0,6.171132486541E0,
-2.843123550038E0));
#2921=CARTESIAN_POINT('',(-4.414010687606E0,6.190721156388E0,
-2.908108079205E0));
#2922=CARTESIAN_POINT('',(-4.213330951153E0,6.209278843612E0,
-3.063330951153E0));
#2923=CARTESIAN_POINT('',(-4.058108079205E0,6.190721156388E0,
-3.264010687606E0));
#2924=CARTESIAN_POINT('',(-3.993123550038E0,6.171132486541E0,
-3.376977462640E0));
#2926=CARTESIAN_POINT('',(-3.993123550038E0,6.171132486541E0,
-3.376977462640E0));
#2927=CARTESIAN_POINT('',(-3.988929975259E0,6.169868392565E0,
-3.384267422646E0));
#2928=CARTESIAN_POINT('',(-3.981112270587E0,6.167168383961E0,
-3.398151024971E0));
#2929=CARTESIAN_POINT('',(-3.971035565780E0,6.162726434168E0,
-3.416712889354E0));
#2930=CARTESIAN_POINT('',(-3.962314431050E0,6.157924825064E0,
-3.433314591085E0));
#2931=CARTESIAN_POINT('',(-3.954776588166E0,6.152814043828E0,
-3.448097386014E0));
#2932=CARTESIAN_POINT('',(-3.948255052893E0,6.147427641412E0,
-3.461232819652E0));
#2933=CARTESIAN_POINT('',(-3.942578075246E0,6.141743214505E0,
-3.472945330417E0));
#2934=CARTESIAN_POINT('',(-3.937687200331E0,6.135801572833E0,
-3.483256673202E0));
#2935=CARTESIAN_POINT('',(-3.933562028626E0,6.129707918207E0,
-3.492120132311E0));
#2936=CARTESIAN_POINT('',(-3.930123747616E0,6.123493857483E0,
-3.499628950897E0));
#2937=CARTESIAN_POINT('',(-3.927334757557E0,6.117241438012E0,
-3.505804184614E0));
#2938=CARTESIAN_POINT('',(-3.925162584958E0,6.111090342432E0,
-3.510667332217E0));
#2939=CARTESIAN_POINT('',(-3.923513242034E0,6.105014138936E0,
-3.514391862020E0));
#2940=CARTESIAN_POINT('',(-3.922326710670E0,6.098976233850E0,
-3.517088782167E0));
#2941=CARTESIAN_POINT('',(-3.921577237592E0,6.093059490370E0,
-3.518799925286E0));
#2942=CARTESIAN_POINT('',(-3.921222019347E0,6.087297082116E0,
-3.519612979505E0));
#2943=CARTESIAN_POINT('',(-3.921227413644E0,6.081535467991E0,
-3.519600618794E0));
#2944=CARTESIAN_POINT('',(-3.921607743808E0,6.075665431572E0,
-3.518730146285E0));
#2945=CARTESIAN_POINT('',(-3.922123768478E0,6.071725408340E0,
-3.517552254786E0));
#2946=CARTESIAN_POINT('',(-3.922451049409E0,6.069749005049E0,
-3.516807249887E0));
#2948=CARTESIAN_POINT('',(-5.833192750113E0,6.069749005049E0,
-2.772451049409E0));
#2949=CARTESIAN_POINT('',(-5.876289857920E0,5.955417856658E0,
-2.791383624975E0));
#2950=CARTESIAN_POINT('',(-5.959018080733E0,5.759553292802E0,
-2.832714768908E0));
#2951=CARTESIAN_POINT('',(-6.073663301344E0,5.555151874754E0,
-2.904158598417E0));
#2952=CARTESIAN_POINT('',(-6.179451523731E0,5.434561785478E0,
-2.984459426149E0));
#2953=CARTESIAN_POINT('',(-6.276709224685E0,5.394693665246E0,
-3.073290775315E0));
#2954=CARTESIAN_POINT('',(-6.365540573851E0,5.434561785478E0,
-3.170548476269E0));
#2955=CARTESIAN_POINT('',(-6.445841401583E0,5.555151874754E0,
-3.276336698656E0));
#2956=CARTESIAN_POINT('',(-6.517285231092E0,5.759553292802E0,
-3.390981919267E0));
#2957=CARTESIAN_POINT('',(-6.558616375025E0,5.955417856658E0,
-3.473710142080E0));
#2958=CARTESIAN_POINT('',(-6.577548950591E0,6.069749005049E0,
-3.516807249887E0));
#2960=CARTESIAN_POINT('',(-6.577548950591E0,6.069749005049E0,
-3.516807249887E0));
#2961=CARTESIAN_POINT('',(-6.577876346418E0,6.071726102182E0,
-3.517552516330E0));
#2962=CARTESIAN_POINT('',(-6.578392520510E0,6.075667595186E0,
-3.518730750213E0));
#2963=CARTESIAN_POINT('',(-6.578772799072E0,6.081540218996E0,
-3.519601105995E0));
#2964=CARTESIAN_POINT('',(-6.578777812319E0,6.087304565754E0,
-3.519612593858E0));
#2965=CARTESIAN_POINT('',(-6.578421851621E0,6.093069890320E0,
-3.518797841763E0));
#2966=CARTESIAN_POINT('',(-6.577671187975E0,6.098989677952E0,
-3.517083991378E0));
#2967=CARTESIAN_POINT('',(-6.576483096463E0,6.105030070101E0,
-3.514383559997E0));
#2968=CARTESIAN_POINT('',(-6.574831861810E0,6.111108369589E0,
-3.510654835172E0));
#2969=CARTESIAN_POINT('',(-6.572657251E0,6.117261706106E0,-3.505786373814E0));
#2970=CARTESIAN_POINT('',(-6.569864998427E0,6.123516685627E0,
-3.499604174093E0));
#2971=CARTESIAN_POINT('',(-6.566422262525E0,6.129733834355E0,
-3.492086054570E0));
#2972=CARTESIAN_POINT('',(-6.562290923308E0,6.135831160192E0,
-3.483210037918E0));
#2973=CARTESIAN_POINT('',(-6.557393125736E0,6.141775112265E0,
-3.472885200189E0));
#2974=CARTESIAN_POINT('',(-6.551711358424E0,6.147458102517E0,
-3.461164332688E0));
#2975=CARTESIAN_POINT('',(-6.545188552164E0,6.152839895343E0,
-3.448028151852E0));
#2976=CARTESIAN_POINT('',(-6.537653083595E0,6.157944336308E0,
-3.433251946630E0));
#2977=CARTESIAN_POINT('',(-6.528938290949E0,6.162738905738E0,
-3.416664142871E0));
#2978=CARTESIAN_POINT('',(-6.518872082894E0,6.167174042529E0,
-3.398123024836E0));
#2979=CARTESIAN_POINT('',(-6.511064262426E0,6.169870129533E0,
-3.384257405645E0));
#2980=CARTESIAN_POINT('',(-6.506876449962E0,6.171132486541E0,
-3.376977462640E0));
#2982=CARTESIAN_POINT('',(-6.506876449962E0,6.171132486541E0,
-3.376977462640E0));
#2983=CARTESIAN_POINT('',(-6.441891920795E0,6.190721156388E0,
-3.264010687606E0));
#2984=CARTESIAN_POINT('',(-6.286669048847E0,6.209278843612E0,
-3.063330951153E0));
#2985=CARTESIAN_POINT('',(-6.085989312394E0,6.190721156388E0,
-2.908108079205E0));
#2986=CARTESIAN_POINT('',(-5.973022537360E0,6.171132486541E0,
-2.843123550038E0));
#2988=CARTESIAN_POINT('',(-5.973022537360E0,6.171132486541E0,
-2.843123550038E0));
#2989=CARTESIAN_POINT('',(-5.965683210982E0,6.169859832335E0,
-2.838901577082E0));
#2990=CARTESIAN_POINT('',(-5.951711132457E0,6.167140459817E0,
-2.831035275552E0));
#2991=CARTESIAN_POINT('',(-5.933051897576E0,6.162666154359E0,
-2.820909456444E0));
#2992=CARTESIAN_POINT('',(-5.916378683969E0,6.157829269060E0,
-2.812155378606E0));
#2993=CARTESIAN_POINT('',(-5.901546149581E0,6.152681161803E0,
-2.804597057440E0));
#2994=CARTESIAN_POINT('',(-5.888373234205E0,6.147253363600E0,
-2.798061692875E0));
#2995=CARTESIAN_POINT('',(-5.876633388143E0,6.141521906400E0,
-2.792376053311E0));
#2996=CARTESIAN_POINT('',(-5.866317556160E0,6.135534602649E0,
-2.787487220761E0));
#2997=CARTESIAN_POINT('',(-5.857476580593E0,6.129404212847E0,
-2.783375971989E0));
#2998=CARTESIAN_POINT('',(-5.850012388182E0,6.123165235259E0,
-2.779960778547E0));
#2999=CARTESIAN_POINT('',(-5.843891529032E0,6.116897935851E0,
-2.777198170946E0));
#3000=CARTESIAN_POINT('',(-5.839054273664E0,6.110695816342E0,
-2.775038806126E0));
#3001=CARTESIAN_POINT('',(-5.835363897245E0,6.104549605618E0,
-2.773405505319E0));
#3002=CARTESIAN_POINT('',(-5.832754876294E0,6.098535157618E0,
-2.772258140587E0));
#3003=CARTESIAN_POINT('',(-5.831122119933E0,6.092677842004E0,
-2.771543157491E0));
#3004=CARTESIAN_POINT('',(-5.830369679740E0,6.086964386573E0,
-2.771214449842E0));
#3005=CARTESIAN_POINT('',(-5.830422554273E0,6.081354239267E0,
-2.771237533357E0));
#3006=CARTESIAN_POINT('',(-5.831277926851E0,6.075652686546E0,
-2.771611285029E0));
#3007=CARTESIAN_POINT('',(-5.832446533442E0,6.071728623015E0,
-2.772123236147E0));
#3008=CARTESIAN_POINT('',(-5.833192750113E0,6.069749005049E0,
-2.772451049409E0));
#3010=CARTESIAN_POINT('',(-5.25E0,5.04641E0,-4.1E0));
#3011=DIRECTION('',(0.E0,1.E0,0.E0));
#3012=DIRECTION('',(1.E0,0.E0,0.E0));
#3013=AXIS2_PLACEMENT_3D('',#3010,#3011,#3012);
#3015=CARTESIAN_POINT('',(-5.25E0,5.04641E0,-4.1E0));
#3016=DIRECTION('',(0.E0,1.E0,0.E0));
#3017=DIRECTION('',(-9.783628247663E-1,0.E0,-2.068965517241E-1));
#3018=AXIS2_PLACEMENT_3D('',#3015,#3016,#3017);
#3020=DIRECTION('',(0.E0,-1.E0,0.E0));
#3021=VECTOR('',#3020,1.25359E0);
#3022=CARTESIAN_POINT('',(-3.8E0,6.3E0,-4.1E0));
#3023=LINE('',#3022,#3021);
#3024=CARTESIAN_POINT('',(-4.666807249887E0,6.069749005049E0,
-5.427548950591E0));
#3025=CARTESIAN_POINT('',(-4.623710142080E0,5.955417856658E0,
-5.408616375025E0));
#3026=CARTESIAN_POINT('',(-4.540981919267E0,5.759553292802E0,
-5.367285231092E0));
#3027=CARTESIAN_POINT('',(-4.426336698656E0,5.555151874754E0,
-5.295841401583E0));
#3028=CARTESIAN_POINT('',(-4.320548476269E0,5.434561785478E0,
-5.215540573851E0));
#3029=CARTESIAN_POINT('',(-4.223290775315E0,5.394693665246E0,
-5.126709224685E0));
#3030=CARTESIAN_POINT('',(-4.134459426149E0,5.434561785478E0,
-5.029451523731E0));
#3031=CARTESIAN_POINT('',(-4.054158598417E0,5.555151874754E0,
-4.923663301344E0));
#3032=CARTESIAN_POINT('',(-3.982714768908E0,5.759553292802E0,
-4.809018080733E0));
#3033=CARTESIAN_POINT('',(-3.941383624975E0,5.955417856658E0,
-4.726289857920E0));
#3034=CARTESIAN_POINT('',(-3.922451049409E0,6.069749005049E0,
-4.683192750113E0));
#3036=CARTESIAN_POINT('',(-3.922451049409E0,6.069749005049E0,
-4.683192750113E0));
#3037=CARTESIAN_POINT('',(-3.922123653582E0,6.071726102182E0,
-4.682447483670E0));
#3038=CARTESIAN_POINT('',(-3.921607479490E0,6.075667595186E0,
-4.681269249787E0));
#3039=CARTESIAN_POINT('',(-3.921227200928E0,6.081540218996E0,
-4.680398894005E0));
#3040=CARTESIAN_POINT('',(-3.921222187681E0,6.087304565754E0,
-4.680387406142E0));
#3041=CARTESIAN_POINT('',(-3.921578148379E0,6.093069890320E0,
-4.681202158237E0));
#3042=CARTESIAN_POINT('',(-3.922328812025E0,6.098989677952E0,
-4.682916008622E0));
#3043=CARTESIAN_POINT('',(-3.923516903537E0,6.105030070101E0,
-4.685616440003E0));
#3044=CARTESIAN_POINT('',(-3.925168138190E0,6.111108369589E0,
-4.689345164828E0));
#3045=CARTESIAN_POINT('',(-3.927342749E0,6.117261706106E0,-4.694213626186E0));
#3046=CARTESIAN_POINT('',(-3.930135001573E0,6.123516685627E0,
-4.700395825907E0));
#3047=CARTESIAN_POINT('',(-3.933577737475E0,6.129733834355E0,
-4.707913945430E0));
#3048=CARTESIAN_POINT('',(-3.937709076692E0,6.135831160192E0,
-4.716789962082E0));
#3049=CARTESIAN_POINT('',(-3.942606874264E0,6.141775112265E0,
-4.727114799811E0));
#3050=CARTESIAN_POINT('',(-3.948288641576E0,6.147458102517E0,
-4.738835667312E0));
#3051=CARTESIAN_POINT('',(-3.954811447836E0,6.152839895343E0,
-4.751971848148E0));
#3052=CARTESIAN_POINT('',(-3.962346916405E0,6.157944336308E0,
-4.766748053370E0));
#3053=CARTESIAN_POINT('',(-3.971061709051E0,6.162738905738E0,
-4.783335857129E0));
#3054=CARTESIAN_POINT('',(-3.981127917106E0,6.167174042529E0,
-4.801876975164E0));
#3055=CARTESIAN_POINT('',(-3.988935737574E0,6.169870129533E0,
-4.815742594355E0));
#3056=CARTESIAN_POINT('',(-3.993123550038E0,6.171132486541E0,
-4.823022537360E0));
#3058=CARTESIAN_POINT('',(-3.993123550038E0,6.171132486541E0,
-4.823022537360E0));
#3059=CARTESIAN_POINT('',(-4.058108079205E0,6.190721156388E0,
-4.935989312394E0));
#3060=CARTESIAN_POINT('',(-4.213330951153E0,6.209278843612E0,
-5.136669048847E0));
#3061=CARTESIAN_POINT('',(-4.414010687606E0,6.190721156388E0,
-5.291891920795E0));
#3062=CARTESIAN_POINT('',(-4.526977462640E0,6.171132486541E0,
-5.356876449962E0));
#3064=CARTESIAN_POINT('',(-4.526977462640E0,6.171132486541E0,
-5.356876449962E0));
#3065=CARTESIAN_POINT('',(-4.534247833128E0,6.169871789427E0,
-5.361058755803E0));
#3066=CARTESIAN_POINT('',(-4.548101559012E0,6.167178650354E0,
-5.368860212470E0));
#3067=CARTESIAN_POINT('',(-4.566656264105E0,6.162741278594E0,
-5.378934196937E0));
#3068=CARTESIAN_POINT('',(-4.583261244870E0,6.157941712296E0,
-5.387657975068E0));
#3069=CARTESIAN_POINT('',(-4.598044422414E0,6.152833630078E0,
-5.395196698243E0));
#3070=CARTESIAN_POINT('',(-4.611149523106E0,6.147463404954E0,
-5.401703885627E0));
#3071=CARTESIAN_POINT('',(-4.622811152046E0,6.141812243924E0,
-5.407357414939E0));
#3072=CARTESIAN_POINT('',(-4.633098097328E0,6.135900253827E0,
-5.412238257558E0));
#3073=CARTESIAN_POINT('',(-4.641974211796E0,6.129817375055E0,
-5.416370636152E0));
#3074=CARTESIAN_POINT('',(-4.649518906544E0,6.123596980494E0,
-5.419826339109E0));
#3075=CARTESIAN_POINT('',(-4.655797086131E0,6.117259073440E0,
-5.422662255143E0));
#3076=CARTESIAN_POINT('',(-4.660761421417E0,6.110966518173E0,
-5.424879345046E0));
#3077=CARTESIAN_POINT('',(-4.664506055358E0,6.104801836570E0,
-5.426537146747E0));
#3078=CARTESIAN_POINT('',(-4.667168110814E0,6.098754573159E0,
-5.427708084356E0));
#3079=CARTESIAN_POINT('',(-4.668831685122E0,6.092892398774E0,
-5.428436642351E0));
#3080=CARTESIAN_POINT('',(-4.669614349973E0,6.087215808708E0,
-5.428778578473E0));
#3081=CARTESIAN_POINT('',(-4.669597132761E0,6.081534824822E0,
-5.428771063098E0));
#3082=CARTESIAN_POINT('',(-4.668739755182E0,6.075710153749E0,
-5.428396456032E0));
#3083=CARTESIAN_POINT('',(-4.667559975572E0,6.071745890602E0,
-5.427879623266E0));
#3084=CARTESIAN_POINT('',(-4.666807249887E0,6.069749005049E0,
-5.427548950591E0));
#3086=CARTESIAN_POINT('',(-6.577548950591E0,6.069749005049E0,
-4.683192750113E0));
#3087=CARTESIAN_POINT('',(-6.558616375025E0,5.955417856658E0,
-4.726289857920E0));
#3088=CARTESIAN_POINT('',(-6.517285231092E0,5.759553292802E0,
-4.809018080733E0));
#3089=CARTESIAN_POINT('',(-6.445841401583E0,5.555151874754E0,
-4.923663301344E0));
#3090=CARTESIAN_POINT('',(-6.365540573851E0,5.434561785478E0,
-5.029451523731E0));
#3091=CARTESIAN_POINT('',(-6.276709224685E0,5.394693665246E0,
-5.126709224685E0));
#3092=CARTESIAN_POINT('',(-6.179451523731E0,5.434561785478E0,
-5.215540573851E0));
#3093=CARTESIAN_POINT('',(-6.073663301344E0,5.555151874754E0,
-5.295841401583E0));
#3094=CARTESIAN_POINT('',(-5.959018080733E0,5.759553292802E0,
-5.367285231092E0));
#3095=CARTESIAN_POINT('',(-5.876289857920E0,5.955417856658E0,
-5.408616375025E0));
#3096=CARTESIAN_POINT('',(-5.833192750113E0,6.069749005049E0,
-5.427548950591E0));
#3098=CARTESIAN_POINT('',(-5.833192750113E0,6.069749005049E0,
-5.427548950591E0));
#3099=CARTESIAN_POINT('',(-5.832439404061E0,6.071747536358E0,
-5.427879895793E0));
#3100=CARTESIAN_POINT('',(-5.831259124850E0,6.075714569604E0,
-5.428396945982E0));
#3101=CARTESIAN_POINT('',(-5.830402384147E0,6.081540801120E0,
-5.428771273979E0));
#3102=CARTESIAN_POINT('',(-5.830386069831E0,6.087222223093E0,
-5.428778395213E0));
#3103=CARTESIAN_POINT('',(-5.831169724067E0,6.092899338367E0,
-5.428436026247E0));
#3104=CARTESIAN_POINT('',(-5.832834951681E0,6.098763434157E0,
-5.427706741391E0));
#3105=CARTESIAN_POINT('',(-5.835500242734E0,6.104814390381E0,
-5.426534370934E0));
#3106=CARTESIAN_POINT('',(-5.839251194323E0,6.110985299842E0,
-5.424873745412E0));
#3107=CARTESIAN_POINT('',(-5.844226073431E0,6.117285681280E0,
-5.422651869646E0));
#3108=CARTESIAN_POINT('',(-5.850515055574E0,6.123628125657E0,
-5.419810908830E0));
#3109=CARTESIAN_POINT('',(-5.858070691340E0,6.129851309710E0,
-5.416349926301E0));
#3110=CARTESIAN_POINT('',(-5.866960027636E0,6.135936843401E0,
-5.412210968153E0));
#3111=CARTESIAN_POINT('',(-5.877256922580E0,6.141848103741E0,
-5.407324781852E0));
#3112=CARTESIAN_POINT('',(-5.888923097368E0,6.147495584153E0,
-5.401668249516E0));
#3113=CARTESIAN_POINT('',(-5.902026464866E0,6.152860052752E0,
-5.395160996190E0));
#3114=CARTESIAN_POINT('',(-5.916802437856E0,6.157961535887E0,
-5.387624947836E0));
#3115=CARTESIAN_POINT('',(-5.933393509990E0,6.162754014083E0,
-5.378907502945E0));
#3116=CARTESIAN_POINT('',(-5.951927546812E0,6.167184538523E0,
-5.368843950689E0));
#3117=CARTESIAN_POINT('',(-5.965762626910E0,6.169873603219E0,
-5.361052738630E0));
#3118=CARTESIAN_POINT('',(-5.973022537360E0,6.171132486541E0,
-5.356876449962E0));
#3120=CARTESIAN_POINT('',(-5.973022537360E0,6.171132486541E0,
-5.356876449962E0));
#3121=CARTESIAN_POINT('',(-6.085989312394E0,6.190721156388E0,
-5.291891920795E0));
#3122=CARTESIAN_POINT('',(-6.286669048847E0,6.209278843612E0,
-5.136669048847E0));
#3123=CARTESIAN_POINT('',(-6.441891920795E0,6.190721156388E0,
-4.935989312394E0));
#3124=CARTESIAN_POINT('',(-6.506876449962E0,6.171132486541E0,
-4.823022537360E0));
#3126=CARTESIAN_POINT('',(-6.506876449962E0,6.171132486541E0,
-4.823022537360E0));
#3127=CARTESIAN_POINT('',(-6.511070024741E0,6.169868392565E0,
-4.815732577354E0));
#3128=CARTESIAN_POINT('',(-6.518887729413E0,6.167168383961E0,
-4.801848975029E0));
#3129=CARTESIAN_POINT('',(-6.528964434220E0,6.162726434168E0,
-4.783287110646E0));
#3130=CARTESIAN_POINT('',(-6.537685568950E0,6.157924825064E0,
-4.766685408915E0));
#3131=CARTESIAN_POINT('',(-6.545223411834E0,6.152814043828E0,
-4.751902613986E0));
#3132=CARTESIAN_POINT('',(-6.551744947107E0,6.147427641412E0,
-4.738767180348E0));
#3133=CARTESIAN_POINT('',(-6.557421924754E0,6.141743214505E0,
-4.727054669583E0));
#3134=CARTESIAN_POINT('',(-6.562312799669E0,6.135801572833E0,
-4.716743326798E0));
#3135=CARTESIAN_POINT('',(-6.566437971374E0,6.129707918207E0,
-4.707879867689E0));
#3136=CARTESIAN_POINT('',(-6.569876252384E0,6.123493857483E0,
-4.700371049103E0));
#3137=CARTESIAN_POINT('',(-6.572665242443E0,6.117241438012E0,
-4.694195815386E0));
#3138=CARTESIAN_POINT('',(-6.574837415042E0,6.111090342432E0,
-4.689332667783E0));
#3139=CARTESIAN_POINT('',(-6.576486757966E0,6.105014138936E0,
-4.685608137980E0));
#3140=CARTESIAN_POINT('',(-6.577673289330E0,6.098976233850E0,
-4.682911217833E0));
#3141=CARTESIAN_POINT('',(-6.578422762408E0,6.093059490370E0,
-4.681200074714E0));
#3142=CARTESIAN_POINT('',(-6.578777980653E0,6.087297082116E0,
-4.680387020495E0));
#3143=CARTESIAN_POINT('',(-6.578772586356E0,6.081535467991E0,
-4.680399381206E0));
#3144=CARTESIAN_POINT('',(-6.578392256192E0,6.075665431572E0,
-4.681269853715E0));
#3145=CARTESIAN_POINT('',(-6.577876231522E0,6.071725408340E0,
-4.682447745214E0));
#3146=CARTESIAN_POINT('',(-6.577548950591E0,6.069749005049E0,
-4.683192750113E0));
#3148=DIRECTION('',(-1.E0,0.E0,0.E0));
#3149=VECTOR('',#3148,2.837252191822E0);
#3150=CARTESIAN_POINT('',(-3.831373904089E0,5.04641E0,-4.4E0));
#3151=LINE('',#3150,#3149);
#3152=CARTESIAN_POINT('',(-5.25E0,5.04641E0,-4.1E0));
#3153=DIRECTION('',(0.E0,1.E0,0.E0));
#3154=DIRECTION('',(9.783628247663E-1,0.E0,-2.068965517241E-1));
#3155=AXIS2_PLACEMENT_3D('',#3152,#3153,#3154);
#3157=DIRECTION('',(1.E0,0.E0,0.E0));
#3158=VECTOR('',#3157,2.837252191822E0);
#3159=CARTESIAN_POINT('',(-6.668626095911E0,5.04641E0,-3.8E0));
#3160=LINE('',#3159,#3158);
#3161=CARTESIAN_POINT('',(-5.25E0,5.04641E0,-4.1E0));
#3162=DIRECTION('',(0.E0,1.E0,0.E0));
#3163=DIRECTION('',(-9.783628247663E-1,0.E0,2.068965517241E-1));
#3164=AXIS2_PLACEMENT_3D('',#3161,#3162,#3163);
#3166=DIRECTION('',(0.E0,-1.E0,0.E0));
#3167=VECTOR('',#3166,6.E-1);
#3168=CARTESIAN_POINT('',(-3.831373904089E0,5.04641E0,-4.4E0));
#3169=LINE('',#3168,#3167);
#3170=CARTESIAN_POINT('',(-5.25E0,4.44641E0,-4.1E0));
#3171=DIRECTION('',(0.E0,-1.E0,0.E0));
#3172=DIRECTION('',(9.783628247663E-1,0.E0,-2.068965517241E-1));
#3173=AXIS2_PLACEMENT_3D('',#3170,#3171,#3172);
#3175=DIRECTION('',(-1.E0,0.E0,0.E0));
#3176=VECTOR('',#3175,2.837252191822E0);
#3177=CARTESIAN_POINT('',(-3.831373904089E0,4.44641E0,-3.8E0));
#3178=LINE('',#3177,#3176);
#3179=CARTESIAN_POINT('',(-5.25E0,4.44641E0,-4.1E0));
#3180=DIRECTION('',(0.E0,-1.E0,0.E0));
#3181=DIRECTION('',(-9.783628247663E-1,0.E0,2.068965517241E-1));
#3182=AXIS2_PLACEMENT_3D('',#3179,#3180,#3181);
#3184=DIRECTION('',(1.E0,0.E0,0.E0));
#3185=VECTOR('',#3184,2.837252191822E0);
#3186=CARTESIAN_POINT('',(-6.668626095911E0,4.44641E0,-4.4E0));
#3187=LINE('',#3186,#3185);
#3188=DIRECTION('',(0.E0,-1.E0,0.E0));
#3189=VECTOR('',#3188,6.E-1);
#3190=CARTESIAN_POINT('',(-6.668626095911E0,5.04641E0,-3.8E0));
#3191=LINE('',#3190,#3189);
#3192=DIRECTION('',(-7.071067811865E-1,0.E0,-7.071067811865E-1));
#3193=VECTOR('',#3192,1.052678633953E0);
#3194=CARTESIAN_POINT('',(-3.922451049409E0,6.069749005049E0,
-4.683192750113E0));
#3195=LINE('',#3194,#3193);
#3196=DIRECTION('',(-7.071067811865E-1,0.E0,-7.071067811865E-1));
#3197=VECTOR('',#3196,7.549834435271E-1);
#3198=CARTESIAN_POINT('',(-3.993123550038E0,6.171132486541E0,
-4.823022537360E0));
#3199=LINE('',#3198,#3197);
#3200=DIRECTION('',(-7.071067811865E-1,0.E0,7.071067811865E-1));
#3201=VECTOR('',#3200,1.052678633953E0);
#3202=CARTESIAN_POINT('',(-5.833192750113E0,6.069749005049E0,
-5.427548950591E0));
#3203=LINE('',#3202,#3201);
#3204=DIRECTION('',(-7.071067811865E-1,0.E0,7.071067811865E-1));
#3205=VECTOR('',#3204,7.549834435271E-1);
#3206=CARTESIAN_POINT('',(-5.973022537360E0,6.171132486541E0,
-5.356876449962E0));
#3207=LINE('',#3206,#3205);
#3208=DIRECTION('',(7.071067811865E-1,0.E0,-7.071067811865E-1));
#3209=VECTOR('',#3208,1.052678633953E0);
#3210=CARTESIAN_POINT('',(-4.666807249887E0,6.069749005049E0,
-2.772451049409E0));
#3211=LINE('',#3210,#3209);
#3212=DIRECTION('',(7.071067811866E-1,0.E0,-7.071067811865E-1));
#3213=VECTOR('',#3212,7.549834435271E-1);
#3214=CARTESIAN_POINT('',(-4.526977462640E0,6.171132486541E0,
-2.843123550038E0));
#3215=LINE('',#3214,#3213);
#3216=DIRECTION('',(7.071067811865E-1,1.096851316602E-14,7.071067811865E-1));
#3217=VECTOR('',#3216,1.052678633953E0);
#3218=CARTESIAN_POINT('',(-6.577548950591E0,6.069749005049E0,
-3.516807249887E0));
#3219=LINE('',#3218,#3217);
#3220=DIRECTION('',(7.071067811865E-1,0.E0,7.071067811865E-1));
#3221=VECTOR('',#3220,7.549834435271E-1);
#3222=CARTESIAN_POINT('',(-6.506876449962E0,6.171132486541E0,
-3.376977462640E0));
#3223=LINE('',#3222,#3221);
#3224=CARTESIAN_POINT('',(-6.85E0,4.1E0,-2.971132486541E0));
#3225=DIRECTION('',(0.E0,-1.E0,0.E0));
#3226=DIRECTION('',(5.E-1,0.E0,8.660254037844E-1));
#3227=AXIS2_PLACEMENT_3D('',#3224,#3225,#3226);
#3229=DIRECTION('',(-8.660254037844E-1,0.E0,5.E-1));
#3230=VECTOR('',#3229,2.309401076759E-1);
#3231=CARTESIAN_POINT('',(-6.575E0,4.1E0,-2.956698729811E0));
#3232=LINE('',#3231,#3230);
#3233=CARTESIAN_POINT('',(-6.55E0,4.1E0,-2.913397459622E0));
#3234=DIRECTION('',(0.E0,1.E0,0.E0));
#3235=DIRECTION('',(1.E0,0.E0,5.062616992291E-13));
#3236=AXIS2_PLACEMENT_3D('',#3233,#3234,#3235);
#3238=DIRECTION('',(0.E0,0.E0,-1.E0));
#3239=VECTOR('',#3238,8.267949192431E-1);
#3240=CARTESIAN_POINT('',(-6.5E0,4.1E0,-2.086602540378E0));
#3241=LINE('',#3240,#3239);
#3242=CARTESIAN_POINT('',(-6.55E0,4.1E0,-2.086602540378E0));
#3243=DIRECTION('',(0.E0,1.E0,0.E0));
#3244=DIRECTION('',(-5.000000000001E-1,0.E0,8.660254037844E-1));
#3245=AXIS2_PLACEMENT_3D('',#3242,#3243,#3244);
#3247=DIRECTION('',(8.660254037844E-1,0.E0,5.E-1));
#3248=VECTOR('',#3247,2.309401076758E-1);
#3249=CARTESIAN_POINT('',(-6.775E0,4.1E0,-2.158771324027E0));
#3250=LINE('',#3249,#3248);
#3251=CARTESIAN_POINT('',(-6.85E0,4.1E0,-2.028867513459E0));
#3252=DIRECTION('',(0.E0,-1.E0,0.E0));
#3253=DIRECTION('',(-1.E0,0.E0,0.E0));
#3254=AXIS2_PLACEMENT_3D('',#3251,#3252,#3253);
#3256=CARTESIAN_POINT('',(-6.85E0,4.1E0,-6.171132486541E0));
#3257=DIRECTION('',(0.E0,-1.E0,0.E0));
#3258=DIRECTION('',(5.000000000002E-1,0.E0,8.660254037843E-1));
#3259=AXIS2_PLACEMENT_3D('',#3256,#3257,#3258);
#3261=DIRECTION('',(-8.660254037844E-1,0.E0,5.E-1));
#3262=VECTOR('',#3261,2.309401076758E-1);
#3263=CARTESIAN_POINT('',(-6.575E0,4.1E0,-6.156698729811E0));
#3264=LINE('',#3263,#3262);
#3265=CARTESIAN_POINT('',(-6.55E0,4.1E0,-6.113397459622E0));
#3266=DIRECTION('',(0.E0,1.E0,0.E0));
#3267=DIRECTION('',(1.E0,0.E0,0.E0));
#3268=AXIS2_PLACEMENT_3D('',#3265,#3266,#3267);
#3270=DIRECTION('',(0.E0,0.E0,-1.E0));
#3271=VECTOR('',#3270,8.267949192431E-1);
#3272=CARTESIAN_POINT('',(-6.5E0,4.1E0,-5.286602540378E0));
#3273=LINE('',#3272,#3271);
#3274=CARTESIAN_POINT('',(-6.55E0,4.1E0,-5.286602540378E0));
#3275=DIRECTION('',(0.E0,1.E0,0.E0));
#3276=DIRECTION('',(-5.000000000002E-1,0.E0,8.660254037843E-1));
#3277=AXIS2_PLACEMENT_3D('',#3274,#3275,#3276);
#3279=DIRECTION('',(8.660254037844E-1,0.E0,5.E-1));
#3280=VECTOR('',#3279,2.309401076759E-1);
#3281=CARTESIAN_POINT('',(-6.775E0,4.1E0,-5.358771324027E0));
#3282=LINE('',#3281,#3280);
#3283=CARTESIAN_POINT('',(-6.85E0,4.1E0,-5.228867513459E0));
#3284=DIRECTION('',(0.E0,-1.E0,0.E0));
#3285=DIRECTION('',(-1.E0,0.E0,0.E0));
#3286=AXIS2_PLACEMENT_3D('',#3283,#3284,#3285);
#3288=DIRECTION('',(0.E0,-1.E0,0.E0));
#3289=VECTOR('',#3288,2.2E0);
#3290=CARTESIAN_POINT('',(-6.775E0,6.3E0,-2.841228675973E0));
#3291=LINE('',#3290,#3289);
#3292=DIRECTION('',(0.E0,-1.E0,0.E0));
#3293=VECTOR('',#3292,2.2E0);
#3294=CARTESIAN_POINT('',(-6.575E0,6.3E0,-2.956698729811E0));
#3295=LINE('',#3294,#3293);
#3296=DIRECTION('',(0.E0,-1.E0,0.E0));
#3297=VECTOR('',#3296,2.2E0);
#3298=CARTESIAN_POINT('',(-6.5E0,6.3E0,-2.913397459622E0));
#3299=LINE('',#3298,#3297);
#3300=DIRECTION('',(0.E0,-1.E0,0.E0));
#3301=VECTOR('',#3300,2.2E0);
#3302=CARTESIAN_POINT('',(-6.5E0,6.3E0,-2.086602540378E0));
#3303=LINE('',#3302,#3301);
#3304=DIRECTION('',(0.E0,-1.E0,0.E0));
#3305=VECTOR('',#3304,2.2E0);
#3306=CARTESIAN_POINT('',(-6.575E0,6.3E0,-2.043301270189E0));
#3307=LINE('',#3306,#3305);
#3308=DIRECTION('',(0.E0,-1.E0,0.E0));
#3309=VECTOR('',#3308,2.2E0);
#3310=CARTESIAN_POINT('',(-6.775E0,6.3E0,-2.158771324027E0));
#3311=LINE('',#3310,#3309);
#3312=DIRECTION('',(0.E0,-1.E0,0.E0));
#3313=VECTOR('',#3312,2.2E0);
#3314=CARTESIAN_POINT('',(-6.775E0,6.3E0,-6.041228675973E0));
#3315=LINE('',#3314,#3313);
#3316=DIRECTION('',(0.E0,-1.E0,0.E0));
#3317=VECTOR('',#3316,2.2E0);
#3318=CARTESIAN_POINT('',(-6.575E0,6.3E0,-6.156698729811E0));
#3319=LINE('',#3318,#3317);
#3320=DIRECTION('',(0.E0,-1.E0,0.E0));
#3321=VECTOR('',#3320,2.2E0);
#3322=CARTESIAN_POINT('',(-6.5E0,6.3E0,-6.113397459622E0));
#3323=LINE('',#3322,#3321);
#3324=DIRECTION('',(0.E0,-1.E0,0.E0));
#3325=VECTOR('',#3324,2.2E0);
#3326=CARTESIAN_POINT('',(-6.5E0,6.3E0,-5.286602540378E0));
#3327=LINE('',#3326,#3325);
#3328=DIRECTION('',(0.E0,-1.E0,0.E0));
#3329=VECTOR('',#3328,2.2E0);
#3330=CARTESIAN_POINT('',(-6.575E0,6.3E0,-5.243301270189E0));
#3331=LINE('',#3330,#3329);
#3332=DIRECTION('',(0.E0,-1.E0,0.E0));
#3333=VECTOR('',#3332,2.2E0);
#3334=CARTESIAN_POINT('',(-6.775E0,6.3E0,-5.358771324027E0));
#3335=LINE('',#3334,#3333);
#3336=DIRECTION('',(0.E0,-1.E0,0.E0));
#3337=VECTOR('',#3336,2.2E0);
#3338=CARTESIAN_POINT('',(7.075E0,6.3E0,-5.954626135594E0));
#3339=LINE('',#3338,#3337);
#3340=CARTESIAN_POINT('',(7.05E0,4.1E0,-2.797927405784E0));
#3341=DIRECTION('',(0.E0,-1.E0,0.E0));
#3342=DIRECTION('',(5.E-1,0.E0,8.660254037844E-1));
#3343=AXIS2_PLACEMENT_3D('',#3340,#3341,#3342);
#3345=CARTESIAN_POINT('',(7.05E0,4.1E0,-2.202072594216E0));
#3346=DIRECTION('',(0.E0,-1.E0,0.E0));
#3347=DIRECTION('',(-1.E0,0.E0,0.E0));
#3348=AXIS2_PLACEMENT_3D('',#3345,#3346,#3347);
#3350=DIRECTION('',(8.660254037844E-1,0.E0,5.E-1));
#3351=VECTOR('',#3350,2.309401076759E-1);
#3352=CARTESIAN_POINT('',(7.075E0,4.1E0,-2.245373864406E0));
#3353=LINE('',#3352,#3351);
#3354=CARTESIAN_POINT('',(7.35E0,4.1E0,-2.259807621135E0));
#3355=DIRECTION('',(0.E0,1.E0,0.E0));
#3356=DIRECTION('',(-5.E-1,0.E0,8.660254037844E-1));
#3357=AXIS2_PLACEMENT_3D('',#3354,#3355,#3356);
#3359=DIRECTION('',(0.E0,0.E0,-1.E0));
#3360=VECTOR('',#3359,4.803847577293E-1);
#3361=CARTESIAN_POINT('',(7.5E0,4.1E0,-2.259807621135E0));
#3362=LINE('',#3361,#3360);
#3363=CARTESIAN_POINT('',(7.35E0,4.1E0,-2.740192378865E0));
#3364=DIRECTION('',(0.E0,1.E0,0.E0));
#3365=DIRECTION('',(1.E0,0.E0,1.776356839400E-14));
#3366=AXIS2_PLACEMENT_3D('',#3363,#3364,#3365);
#3368=DIRECTION('',(-8.660254037844E-1,0.E0,5.E-1));
#3369=VECTOR('',#3368,2.309401076759E-1);
#3370=CARTESIAN_POINT('',(7.275E0,4.1E0,-2.870096189432E0));
#3371=LINE('',#3370,#3369);
#3372=CARTESIAN_POINT('',(7.05E0,4.1E0,-5.997927405784E0));
#3373=DIRECTION('',(0.E0,-1.E0,0.E0));
#3374=DIRECTION('',(5.E-1,0.E0,8.660254037845E-1));
#3375=AXIS2_PLACEMENT_3D('',#3372,#3373,#3374);
#3377=CARTESIAN_POINT('',(7.05E0,4.1E0,-5.402072594216E0));
#3378=DIRECTION('',(0.E0,-1.E0,0.E0));
#3379=DIRECTION('',(-1.E0,0.E0,0.E0));
#3380=AXIS2_PLACEMENT_3D('',#3377,#3378,#3379);
#3382=DIRECTION('',(8.660254037844E-1,0.E0,5.E-1));
#3383=VECTOR('',#3382,2.309401076759E-1);
#3384=CARTESIAN_POINT('',(7.075E0,4.1E0,-5.445373864406E0));
#3385=LINE('',#3384,#3383);
#3386=CARTESIAN_POINT('',(7.35E0,4.1E0,-5.459807621135E0));
#3387=DIRECTION('',(0.E0,1.E0,0.E0));
#3388=DIRECTION('',(-4.999999999999E-1,0.E0,8.660254037845E-1));
#3389=AXIS2_PLACEMENT_3D('',#3386,#3387,#3388);
#3391=DIRECTION('',(0.E0,0.E0,-1.E0));
#3392=VECTOR('',#3391,4.803847577293E-1);
#3393=CARTESIAN_POINT('',(7.5E0,4.1E0,-5.459807621135E0));
#3394=LINE('',#3393,#3392);
#3395=CARTESIAN_POINT('',(7.35E0,4.1E0,-5.940192378865E0));
#3396=DIRECTION('',(0.E0,1.E0,0.E0));
#3397=DIRECTION('',(1.E0,0.E0,0.E0));
#3398=AXIS2_PLACEMENT_3D('',#3395,#3396,#3397);
#3400=DIRECTION('',(-8.660254037844E-1,0.E0,5.E-1));
#3401=VECTOR('',#3400,2.309401076759E-1);
#3402=CARTESIAN_POINT('',(7.275E0,4.1E0,-6.070096189432E0));
#3403=LINE('',#3402,#3401);
#3404=DIRECTION('',(0.E0,-1.E0,0.E0));
#3405=VECTOR('',#3404,2.2E0);
#3406=CARTESIAN_POINT('',(7.075E0,6.3E0,-2.754626135594E0));
#3407=LINE('',#3406,#3405);
#3408=DIRECTION('',(0.E0,-1.E0,0.E0));
#3409=VECTOR('',#3408,2.2E0);
#3410=CARTESIAN_POINT('',(7.275E0,6.3E0,-2.870096189432E0));
#3411=LINE('',#3410,#3409);
#3412=DIRECTION('',(0.E0,-1.E0,0.E0));
#3413=VECTOR('',#3412,2.2E0);
#3414=CARTESIAN_POINT('',(7.5E0,6.3E0,-2.740192378865E0));
#3415=LINE('',#3414,#3413);
#3416=DIRECTION('',(0.E0,-1.E0,0.E0));
#3417=VECTOR('',#3416,2.2E0);
#3418=CARTESIAN_POINT('',(7.5E0,6.3E0,-2.259807621135E0));
#3419=LINE('',#3418,#3417);
#3420=DIRECTION('',(0.E0,-1.E0,0.E0));
#3421=VECTOR('',#3420,2.2E0);
#3422=CARTESIAN_POINT('',(7.275E0,6.3E0,-2.129903810568E0));
#3423=LINE('',#3422,#3421);
#3424=DIRECTION('',(0.E0,-1.E0,0.E0));
#3425=VECTOR('',#3424,2.2E0);
#3426=CARTESIAN_POINT('',(7.075E0,6.3E0,-2.245373864406E0));
#3427=LINE('',#3426,#3425);
#3428=DIRECTION('',(0.E0,-1.E0,0.E0));
#3429=VECTOR('',#3428,2.2E0);
#3430=CARTESIAN_POINT('',(7.075E0,6.3E0,-5.445373864406E0));
#3431=LINE('',#3430,#3429);
#3432=DIRECTION('',(0.E0,-1.E0,0.E0));
#3433=VECTOR('',#3432,2.2E0);
#3434=CARTESIAN_POINT('',(7.275E0,6.3E0,-5.329903810568E0));
#3435=LINE('',#3434,#3433);
#3436=DIRECTION('',(0.E0,-1.E0,0.E0));
#3437=VECTOR('',#3436,2.2E0);
#3438=CARTESIAN_POINT('',(7.5E0,6.3E0,-5.459807621135E0));
#3439=LINE('',#3438,#3437);
#3440=DIRECTION('',(0.E0,-1.E0,0.E0));
#3441=VECTOR('',#3440,2.2E0);
#3442=CARTESIAN_POINT('',(7.5E0,6.3E0,-5.940192378865E0));
#3443=LINE('',#3442,#3441);
#3444=DIRECTION('',(0.E0,-1.E0,0.E0));
#3445=VECTOR('',#3444,2.2E0);
#3446=CARTESIAN_POINT('',(7.275E0,6.3E0,-6.070096189432E0));
#3447=LINE('',#3446,#3445);
#3448=DIRECTION('',(0.E0,-9.848077530122E-1,-1.736481776669E-1));
#3449=VECTOR('',#3448,1.226947387756E0);
#3450=CARTESIAN_POINT('',(-5.775E0,-2.7E0,-7.986942822023E0));
#3451=LINE('',#3450,#3449);
#3452=DIRECTION('',(0.E0,0.E0,1.E0));
#3453=VECTOR('',#3452,6.36943E-1);
#3454=CARTESIAN_POINT('',(-5.775E0,-2.7E0,-7.986942822023E0));
#3455=LINE('',#3454,#3453);
#3456=DIRECTION('',(0.E0,1.E0,0.E0));
#3457=VECTOR('',#3456,1.636757887453E0);
#3458=CARTESIAN_POINT('',(-5.775E0,-2.7E0,-7.349999822023E0));
#3459=LINE('',#3458,#3457);
#3460=DIRECTION('',(0.E0,9.986295347546E-1,5.233595624294E-2));
#3461=VECTOR('',#3460,3.768406582799E0);
#3462=CARTESIAN_POINT('',(-5.775E0,-1.063242112547E0,-7.349999822023E0));
#3463=LINE('',#3462,#3461);
#3464=DIRECTION('',(0.E0,9.848077530122E-1,1.736481776669E-1));
#3465=VECTOR('',#3464,1.226947387756E0);
#3466=CARTESIAN_POINT('',(-4.725E0,-3.9083073E0,-8.2E0));
#3467=LINE('',#3466,#3465);
#3468=DIRECTION('',(0.E0,9.986295347546E-1,5.233595624294E-2));
#3469=VECTOR('',#3468,3.768406582799E0);
#3470=CARTESIAN_POINT('',(-4.725E0,-1.063242112547E0,-7.349999822023E0));
#3471=LINE('',#3470,#3469);
#3472=DIRECTION('',(0.E0,1.E0,0.E0));
#3473=VECTOR('',#3472,1.636757887453E0);
#3474=CARTESIAN_POINT('',(-4.725E0,-2.7E0,-7.349999822023E0));
#3475=LINE('',#3474,#3473);
#3476=DIRECTION('',(0.E0,0.E0,1.E0));
#3477=VECTOR('',#3476,6.36943E-1);
#3478=CARTESIAN_POINT('',(-4.725E0,-2.7E0,-7.986942822023E0));
#3479=LINE('',#3478,#3477);
#3480=DIRECTION('',(-1.E0,0.E0,0.E0));
#3481=VECTOR('',#3480,1.05E0);
#3482=CARTESIAN_POINT('',(-4.725E0,-1.063242112547E0,-7.349999822023E0));
#3483=LINE('',#3482,#3481);
#3484=DIRECTION('',(1.E0,0.E0,0.E0));
#3485=VECTOR('',#3484,1.2720596E-1);
#3486=CARTESIAN_POINT('',(-5.31360298E0,-1.96234237E0,-7.349999822023E0));
#3487=LINE('',#3486,#3485);
#3488=DIRECTION('',(3.420201433257E-1,-9.396926207859E-1,0.E0));
#3489=VECTOR('',#3488,5.847609225289E-1);
#3490=CARTESIAN_POINT('',(-5.18639702E0,-1.96234237E0,-7.349999822023E0));
#3491=LINE('',#3490,#3489);
#3492=DIRECTION('',(1.899126825887E-1,-9.818009844118E-1,0.E0));
#3493=VECTOR('',#3492,1.916499465402E-1);
#3494=CARTESIAN_POINT('',(-4.986397005465E0,-2.511837893824E0,
-7.349999822023E0));
#3495=LINE('',#3494,#3493);
#3496=DIRECTION('',(-1.E0,0.E0,0.E0));
#3497=VECTOR('',#3496,2.2500025E-1);
#3498=CARTESIAN_POINT('',(-4.725E0,-2.7E0,-7.349999822023E0));
#3499=LINE('',#3498,#3497);
#3500=DIRECTION('',(-1.E0,0.E0,0.E0));
#3501=VECTOR('',#3500,2.2500025E-1);
#3502=CARTESIAN_POINT('',(-5.54999975E0,-2.7E0,-7.349999822023E0));
#3503=LINE('',#3502,#3501);
#3504=DIRECTION('',(1.899126825887E-1,9.818009844118E-1,0.E0));
#3505=VECTOR('',#3504,1.916499465402E-1);
#3506=CARTESIAN_POINT('',(-5.54999975E0,-2.7E0,-7.349999822023E0));
#3507=LINE('',#3506,#3505);
#3508=DIRECTION('',(3.420201433257E-1,9.396926207859E-1,0.E0));
#3509=VECTOR('',#3508,5.847609225289E-1);
#3510=CARTESIAN_POINT('',(-5.513602994535E0,-2.511837893824E0,
-7.349999822023E0));
#3511=LINE('',#3510,#3509);
#3512=CARTESIAN_POINT('',(-5.411749350903E0,-2.511837853891E0,
-7.549999822023E0));
#3513=CARTESIAN_POINT('',(-5.418963778701E0,-2.511837853891E0,
-7.549999822023E0));
#3514=CARTESIAN_POINT('',(-5.429760936995E0,-2.508175820004E0,
-7.548666950691E0));
#3515=CARTESIAN_POINT('',(-5.441616845718E0,-2.498306688653E0,
-7.545074880641E0));
#3516=CARTESIAN_POINT('',(-5.450645331978E0,-2.485586516588E0,
-7.540445116635E0));
#3517=CARTESIAN_POINT('',(-5.460045464824E0,-2.465966403646E0,
-7.533303979531E0));
#3518=CARTESIAN_POINT('',(-5.467933027428E0,-2.437546393609E0,
-7.522959941820E0));
#3519=CARTESIAN_POINT('',(-5.471251280823E0,-2.411793597576E0,
-7.513586690615E0));
#3520=CARTESIAN_POINT('',(-5.472267135268E0,-2.398268553874E0,
-7.508663977291E0));
#3522=CARTESIAN_POINT('',(-5.027732864732E0,-2.398268553874E0,
-7.508663977291E0));
#3523=CARTESIAN_POINT('',(-5.028748719177E0,-2.411793597576E0,
-7.513586690615E0));
#3524=CARTESIAN_POINT('',(-5.032066972572E0,-2.437546393609E0,
-7.522959941820E0));
#3525=CARTESIAN_POINT('',(-5.039954535176E0,-2.465966403646E0,
-7.533303979531E0));
#3526=CARTESIAN_POINT('',(-5.049354668022E0,-2.485586516588E0,
-7.540445116635E0));
#3527=CARTESIAN_POINT('',(-5.058383154282E0,-2.498306688653E0,
-7.545074880641E0));
#3528=CARTESIAN_POINT('',(-5.070239063005E0,-2.508175820004E0,
-7.548666950691E0));
#3529=CARTESIAN_POINT('',(-5.081036221299E0,-2.511837853891E0,
-7.549999822023E0));
#3530=CARTESIAN_POINT('',(-5.088250649097E0,-2.511837853891E0,
-7.549999822023E0));
#3532=CARTESIAN_POINT('',(-5.54999975E0,-2.7E0,-7.449999822023E0));
#3533=CARTESIAN_POINT('',(-5.54999975E0,-2.7E0,-7.458410390186E0));
#3534=CARTESIAN_POINT('',(-5.547960478724E0,-2.7E0,-7.473192255235E0));
#3535=CARTESIAN_POINT('',(-5.539119667362E0,-2.7E0,-7.497993716525E0));
#3536=CARTESIAN_POINT('',(-5.521394465549E0,-2.7E0,-7.522321355525E0));
#3537=CARTESIAN_POINT('',(-5.496564634205E0,-2.7E0,-7.539544364996E0));
#3538=CARTESIAN_POINT('',(-5.471439805917E0,-2.7E0,-7.548061809359E0));
#3539=CARTESIAN_POINT('',(-5.456556682255E0,-2.7E0,-7.549999822023E0));
#3540=CARTESIAN_POINT('',(-5.448146114092E0,-2.7E0,-7.549999822023E0));
#3542=CARTESIAN_POINT('',(-5.472267135268E0,-2.398268553874E0,
-7.508663977291E0));
#3543=CARTESIAN_POINT('',(-5.476614590555E0,-2.410213089107E0,
-7.505903132423E0));
#3544=CARTESIAN_POINT('',(-5.485112959648E0,-2.433562166295E0,
-7.499918208719E0));
#3545=CARTESIAN_POINT('',(-5.495061559283E0,-2.460895719145E0,
-7.490847632547E0));
#3546=CARTESIAN_POINT('',(-5.502361798960E0,-2.480952962815E0,
-7.482038804976E0));
#3547=CARTESIAN_POINT('',(-5.507357555765E0,-2.494678691832E0,
-7.474302219279E0));
#3548=CARTESIAN_POINT('',(-5.510923944375E0,-2.504477264007E0,
-7.466448586908E0));
#3549=CARTESIAN_POINT('',(-5.513001502325E0,-2.510185307560E0,
-7.458337759160E0));
#3550=CARTESIAN_POINT('',(-5.513602994535E0,-2.511837893824E0,
-7.453251692194E0));
#3551=CARTESIAN_POINT('',(-5.513602994535E0,-2.511837893824E0,
-7.449999822023E0));
#3553=DIRECTION('',(-3.236155771182E-1,-8.891264907160E-1,-3.236155771182E-1));
#3554=VECTOR('',#3553,4.902859024293E-1);
#3555=CARTESIAN_POINT('',(-5.31360298E0,-1.96234237E0,-7.349999822023E0));
#3556=LINE('',#3555,#3554);
#3557=DIRECTION('',(0.E0,0.E0,-1.E0));
#3558=VECTOR('',#3557,1.E-1);
#3559=CARTESIAN_POINT('',(-5.513602994535E0,-2.511837893824E0,
-7.349999822023E0));
#3560=LINE('',#3559,#3558);
#3561=DIRECTION('',(1.899126825887E-1,9.818009844118E-1,-2.317189322862E-14));
#3562=VECTOR('',#3561,1.916499465402E-1);
#3563=CARTESIAN_POINT('',(-5.54999975E0,-2.7E0,-7.449999822023E0));
#3564=LINE('',#3563,#3562);
#3565=DIRECTION('',(0.E0,0.E0,-1.E0));
#3566=VECTOR('',#3565,1.E-1);
#3567=CARTESIAN_POINT('',(-4.95000025E0,-2.7E0,-7.349999822023E0));
#3568=LINE('',#3567,#3566);
#3569=DIRECTION('',(1.E0,0.E0,0.E0));
#3570=VECTOR('',#3569,3.962922281848E-1);
#3571=CARTESIAN_POINT('',(-5.448146114092E0,-2.7E0,-7.549999822023E0));
#3572=LINE('',#3571,#3570);
#3573=DIRECTION('',(0.E0,0.E0,-1.E0));
#3574=VECTOR('',#3573,1.E-1);
#3575=CARTESIAN_POINT('',(-5.54999975E0,-2.7E0,-7.349999822023E0));
#3576=LINE('',#3575,#3574);
#3577=DIRECTION('',(-1.E0,0.E0,0.E0));
#3578=VECTOR('',#3577,1.05E0);
#3579=CARTESIAN_POINT('',(-4.725E0,-2.7E0,-7.986942822023E0));
#3580=LINE('',#3579,#3578);
#3581=DIRECTION('',(1.899126825887E-1,-9.818009844118E-1,-1.112250874974E-13));
#3582=VECTOR('',#3581,1.916499465402E-1);
#3583=CARTESIAN_POINT('',(-4.986397005465E0,-2.511837893824E0,
-7.449999822023E0));
#3584=LINE('',#3583,#3582);
#3585=DIRECTION('',(1.776356839401E-14,0.E0,-1.E0));
#3586=VECTOR('',#3585,9.999999999998E-2);
#3587=CARTESIAN_POINT('',(-4.986397005465E0,-2.511837893824E0,
-7.349999822023E0));
#3588=LINE('',#3587,#3586);
#3589=CARTESIAN_POINT('',(-5.051853885908E0,-2.7E0,-7.549999822023E0));
#3590=CARTESIAN_POINT('',(-5.043443317745E0,-2.7E0,-7.549999822023E0));
#3591=CARTESIAN_POINT('',(-5.028560194083E0,-2.7E0,-7.548061809359E0));
#3592=CARTESIAN_POINT('',(-5.003435365795E0,-2.7E0,-7.539544364996E0));
#3593=CARTESIAN_POINT('',(-4.978605534451E0,-2.7E0,-7.522321355525E0));
#3594=CARTESIAN_POINT('',(-4.960880332638E0,-2.7E0,-7.497993716525E0));
#3595=CARTESIAN_POINT('',(-4.952039521276E0,-2.7E0,-7.473192255235E0));
#3596=CARTESIAN_POINT('',(-4.95000025E0,-2.7E0,-7.458410390186E0));
#3597=CARTESIAN_POINT('',(-4.95000025E0,-2.7E0,-7.449999822023E0));
#3599=CARTESIAN_POINT('',(-4.986397005465E0,-2.511837893824E0,
-7.449999822023E0));
#3600=CARTESIAN_POINT('',(-4.986397005465E0,-2.511837893824E0,
-7.453251692194E0));
#3601=CARTESIAN_POINT('',(-4.986998497675E0,-2.510185307560E0,
-7.458337759160E0));
#3602=CARTESIAN_POINT('',(-4.989076055624E0,-2.504477264007E0,
-7.466448586908E0));
#3603=CARTESIAN_POINT('',(-4.992642444235E0,-2.494678691832E0,
-7.474302219279E0));
#3604=CARTESIAN_POINT('',(-4.997638201040E0,-2.480952962815E0,
-7.482038804976E0));
#3605=CARTESIAN_POINT('',(-5.004938440717E0,-2.460895719145E0,
-7.490847632547E0));
#3606=CARTESIAN_POINT('',(-5.014887040352E0,-2.433562166295E0,
-7.499918208719E0));
#3607=CARTESIAN_POINT('',(-5.023385409445E0,-2.410213089107E0,
-7.505903132423E0));
#3608=CARTESIAN_POINT('',(-5.027732864732E0,-2.398268553874E0,
-7.508663977291E0));
#3610=DIRECTION('',(-3.236155771182E-1,8.891264907160E-1,3.236155771182E-1));
#3611=VECTOR('',#3610,4.902859024293E-1);
#3612=CARTESIAN_POINT('',(-5.027732864732E0,-2.398268553874E0,
-7.508663977291E0));
#3613=LINE('',#3612,#3611);
#3614=DIRECTION('',(1.899126825887E-1,9.818009844118E-1,0.E0));
#3615=VECTOR('',#3614,1.916499872139E-1);
#3616=CARTESIAN_POINT('',(-5.448146114092E0,-2.7E0,-7.549999822023E0));
#3617=LINE('',#3616,#3615);
#3618=DIRECTION('',(1.899126825887E-1,-9.818009844118E-1,0.E0));
#3619=VECTOR('',#3618,1.916499872139E-1);
#3620=CARTESIAN_POINT('',(-5.088250649097E0,-2.511837853891E0,
-7.549999822023E0));
#3621=LINE('',#3620,#3619);
#3622=DIRECTION('',(1.E0,0.E0,0.E0));
#3623=VECTOR('',#3622,3.234987018051E-1);
#3624=CARTESIAN_POINT('',(-5.411749350903E0,-2.511837853891E0,
-7.549999822023E0));
#3625=LINE('',#3624,#3623);
#3626=DIRECTION('',(0.E0,-9.847948827351E-1,-1.737211528246E-1));
#3627=VECTOR('',#3626,4.374827058437E0);
#3628=CARTESIAN_POINT('',(-3.85E0,4.E-1,-7.44E0));
#3629=LINE('',#3628,#3627);
#3630=DIRECTION('',(0.E0,-1.E0,0.E0));
#3631=VECTOR('',#3630,3.5E0);
#3632=CARTESIAN_POINT('',(5.7E0,-6.3E0,-4.35E0));
#3633=LINE('',#3632,#3631);
#3634=DIRECTION('',(0.E0,-1.E0,0.E0));
#3635=VECTOR('',#3634,3.5E0);
#3636=CARTESIAN_POINT('',(4.8E0,-6.3E0,-4.35E0));
#3637=LINE('',#3636,#3635);
#3638=DIRECTION('',(0.E0,-1.E0,0.E0));
#3639=VECTOR('',#3638,3.5E0);
#3640=CARTESIAN_POINT('',(4.8E0,-6.3E0,-3.85E0));
#3641=LINE('',#3640,#3639);
#3642=DIRECTION('',(0.E0,-1.E0,0.E0));
#3643=VECTOR('',#3642,3.5E0);
#3644=CARTESIAN_POINT('',(5.7E0,-6.3E0,-3.85E0));
#3645=LINE('',#3644,#3643);
#3646=DIRECTION('',(0.E0,0.E0,1.E0));
#3647=VECTOR('',#3646,5.E-1);
#3648=CARTESIAN_POINT('',(5.7E0,-9.8E0,-4.35E0));
#3649=LINE('',#3648,#3647);
#3650=DIRECTION('',(1.E0,0.E0,0.E0));
#3651=VECTOR('',#3650,9.E-1);
#3652=CARTESIAN_POINT('',(4.8E0,-9.8E0,-4.35E0));
#3653=LINE('',#3652,#3651);
#3654=DIRECTION('',(0.E0,0.E0,-1.E0));
#3655=VECTOR('',#3654,5.E-1);
#3656=CARTESIAN_POINT('',(4.8E0,-9.8E0,-3.85E0));
#3657=LINE('',#3656,#3655);
#3658=DIRECTION('',(-1.E0,0.E0,0.E0));
#3659=VECTOR('',#3658,9.E-1);
#3660=CARTESIAN_POINT('',(5.7E0,-9.8E0,-3.85E0));
#3661=LINE('',#3660,#3659);
#3662=DIRECTION('',(0.E0,-1.E0,0.E0));
#3663=VECTOR('',#3662,3.5E0);
#3664=CARTESIAN_POINT('',(2.2E0,-6.3E0,-4.35E0));
#3665=LINE('',#3664,#3663);
#3666=DIRECTION('',(0.E0,-1.E0,0.E0));
#3667=VECTOR('',#3666,3.5E0);
#3668=CARTESIAN_POINT('',(1.3E0,-6.3E0,-4.35E0));
#3669=LINE('',#3668,#3667);
#3670=DIRECTION('',(0.E0,-1.E0,0.E0));
#3671=VECTOR('',#3670,3.5E0);
#3672=CARTESIAN_POINT('',(1.3E0,-6.3E0,-3.85E0));
#3673=LINE('',#3672,#3671);
#3674=DIRECTION('',(0.E0,-1.E0,0.E0));
#3675=VECTOR('',#3674,3.5E0);
#3676=CARTESIAN_POINT('',(2.2E0,-6.3E0,-3.85E0));
#3677=LINE('',#3676,#3675);
#3678=DIRECTION('',(0.E0,0.E0,1.E0));
#3679=VECTOR('',#3678,5.E-1);
#3680=CARTESIAN_POINT('',(2.2E0,-9.8E0,-4.35E0));
#3681=LINE('',#3680,#3679);
#3682=DIRECTION('',(1.E0,0.E0,0.E0));
#3683=VECTOR('',#3682,9.E-1);
#3684=CARTESIAN_POINT('',(1.3E0,-9.8E0,-4.35E0));
#3685=LINE('',#3684,#3683);
#3686=DIRECTION('',(0.E0,0.E0,-1.E0));
#3687=VECTOR('',#3686,5.E-1);
#3688=CARTESIAN_POINT('',(1.3E0,-9.8E0,-3.85E0));
#3689=LINE('',#3688,#3687);
#3690=DIRECTION('',(-1.E0,0.E0,0.E0));
#3691=VECTOR('',#3690,9.E-1);
#3692=CARTESIAN_POINT('',(2.2E0,-9.8E0,-3.85E0));
#3693=LINE('',#3692,#3691);
#3694=DIRECTION('',(0.E0,-1.E0,0.E0));
#3695=VECTOR('',#3694,3.5E0);
#3696=CARTESIAN_POINT('',(-1.3E0,-6.3E0,-4.35E0));
#3697=LINE('',#3696,#3695);
#3698=DIRECTION('',(0.E0,-1.E0,0.E0));
#3699=VECTOR('',#3698,3.5E0);
#3700=CARTESIAN_POINT('',(-2.2E0,-6.3E0,-4.35E0));
#3701=LINE('',#3700,#3699);
#3702=DIRECTION('',(0.E0,-1.E0,0.E0));
#3703=VECTOR('',#3702,3.5E0);
#3704=CARTESIAN_POINT('',(-2.2E0,-6.3E0,-3.85E0));
#3705=LINE('',#3704,#3703);
#3706=DIRECTION('',(0.E0,-1.E0,0.E0));
#3707=VECTOR('',#3706,3.5E0);
#3708=CARTESIAN_POINT('',(-1.3E0,-6.3E0,-3.85E0));
#3709=LINE('',#3708,#3707);
#3710=DIRECTION('',(0.E0,0.E0,1.E0));
#3711=VECTOR('',#3710,5.E-1);
#3712=CARTESIAN_POINT('',(-1.3E0,-9.8E0,-4.35E0));
#3713=LINE('',#3712,#3711);
#3714=DIRECTION('',(1.E0,0.E0,0.E0));
#3715=VECTOR('',#3714,9.E-1);
#3716=CARTESIAN_POINT('',(-2.2E0,-9.8E0,-4.35E0));
#3717=LINE('',#3716,#3715);
#3718=DIRECTION('',(0.E0,0.E0,-1.E0));
#3719=VECTOR('',#3718,5.E-1);
#3720=CARTESIAN_POINT('',(-2.2E0,-9.8E0,-3.85E0));
#3721=LINE('',#3720,#3719);
#3722=DIRECTION('',(-1.E0,0.E0,0.E0));
#3723=VECTOR('',#3722,9.E-1);
#3724=CARTESIAN_POINT('',(-1.3E0,-9.8E0,-3.85E0));
#3725=LINE('',#3724,#3723);
#3726=DIRECTION('',(0.E0,-1.E0,0.E0));
#3727=VECTOR('',#3726,3.5E0);
#3728=CARTESIAN_POINT('',(-4.8E0,-6.3E0,-4.35E0));
#3729=LINE('',#3728,#3727);
#3730=DIRECTION('',(0.E0,-1.E0,0.E0));
#3731=VECTOR('',#3730,3.5E0);
#3732=CARTESIAN_POINT('',(-5.7E0,-6.3E0,-4.35E0));
#3733=LINE('',#3732,#3731);
#3734=DIRECTION('',(0.E0,-1.E0,0.E0));
#3735=VECTOR('',#3734,3.5E0);
#3736=CARTESIAN_POINT('',(-5.7E0,-6.3E0,-3.85E0));
#3737=LINE('',#3736,#3735);
#3738=DIRECTION('',(0.E0,-1.E0,0.E0));
#3739=VECTOR('',#3738,3.5E0);
#3740=CARTESIAN_POINT('',(-4.8E0,-6.3E0,-3.85E0));
#3741=LINE('',#3740,#3739);
#3742=DIRECTION('',(0.E0,0.E0,1.E0));
#3743=VECTOR('',#3742,5.E-1);
#3744=CARTESIAN_POINT('',(-4.8E0,-9.8E0,-4.35E0));
#3745=LINE('',#3744,#3743);
#3746=DIRECTION('',(1.E0,0.E0,0.E0));
#3747=VECTOR('',#3746,9.E-1);
#3748=CARTESIAN_POINT('',(-5.7E0,-9.8E0,-4.35E0));
#3749=LINE('',#3748,#3747);
#3750=DIRECTION('',(0.E0,0.E0,-1.E0));
#3751=VECTOR('',#3750,5.E-1);
#3752=CARTESIAN_POINT('',(-5.7E0,-9.8E0,-3.85E0));
#3753=LINE('',#3752,#3751);
#3754=DIRECTION('',(-1.E0,0.E0,0.E0));
#3755=VECTOR('',#3754,9.E-1);
#3756=CARTESIAN_POINT('',(-4.8E0,-9.8E0,-3.85E0));
#3757=LINE('',#3756,#3755);
#3758=CARTESIAN_POINT('',(3.867796167368E0,-1.379844082774E-1,
-9.977999295314E-1));
#3759=CARTESIAN_POINT('',(3.852768014147E0,-2.752183951583E-1,
-9.692782871160E-1));
#3760=CARTESIAN_POINT('',(3.825485067613E0,-5.514128704666E-1,
-9.108143879090E-1));
#3761=CARTESIAN_POINT('',(3.793150096733E0,-9.711892748624E-1,
-8.193736267817E-1));
#3762=CARTESIAN_POINT('',(3.769766384265E0,-1.395362629350E0,
-7.250217587321E-1));
#3763=CARTESIAN_POINT('',(3.755630328285E0,-1.822887172588E0,
-6.286133624065E-1));
#3764=CARTESIAN_POINT('',(3.7525E0,-2.107552274634E0,-5.639859851594E-1));
#3765=CARTESIAN_POINT('',(3.7525E0,-2.25E0,-5.316463834486E-1));
#3767=CARTESIAN_POINT('',(3.7525E0,-2.25E0,-5.316463834486E-1));
#3768=CARTESIAN_POINT('',(3.7525E0,-2.392448057392E0,-5.639860605385E-1));
#3769=CARTESIAN_POINT('',(3.755630344739E0,-2.677113609486E0,
-6.286135396391E-1));
#3770=CARTESIAN_POINT('',(3.769766408712E0,-3.104637860195E0,
-7.250218681596E-1));
#3771=CARTESIAN_POINT('',(3.793150112329E0,-3.528810931545E0,
-8.193736718200E-1));
#3772=CARTESIAN_POINT('',(3.825485064340E0,-3.948587080030E0,
-9.108143769625E-1));
#3773=CARTESIAN_POINT('',(3.852768010016E0,-4.224781567124E0,
-9.692782792771E-1));
#3774=CARTESIAN_POINT('',(3.867796167368E0,-4.362015591723E0,
-9.977999295314E-1));
#3776=CARTESIAN_POINT('',(3.867796167368E0,-4.362015591723E0,
-9.977999295314E-1));
#3777=CARTESIAN_POINT('',(3.875144075576E0,-4.429115169686E0,
-9.517131293562E-1));
#3778=CARTESIAN_POINT('',(3.882843341145E0,-4.496187342458E0,
-9.056451522141E-1));
#3779=CARTESIAN_POINT('',(3.890894365589E0,-4.563232078721E0,
-8.595960196153E-1));
#3781=CARTESIAN_POINT('',(3.890894365589E0,-4.563232078721E0,
-8.595960196153E-1));
#3782=CARTESIAN_POINT('',(3.891477823325E0,-4.568090810710E0,
-8.562588390087E-1));
#3783=CARTESIAN_POINT('',(3.892608958250E0,-4.577479399197E0,
-8.491818375245E-1));
#3784=CARTESIAN_POINT('',(3.894205517924E0,-4.590652413367E0,
-8.372918996112E-1));
#3785=CARTESIAN_POINT('',(3.895671444728E0,-4.602681271175E0,
-8.243197069894E-1));
#3786=CARTESIAN_POINT('',(3.896990086550E0,-4.613448516537E0,
-8.104421318940E-1));
#3787=CARTESIAN_POINT('',(3.898165764881E0,-4.623006572215E0,
-7.955979206376E-1));
#3788=CARTESIAN_POINT('',(3.899180931290E0,-4.631228191823E0,
-7.799447819090E-1));
#3789=CARTESIAN_POINT('',(3.900021783767E0,-4.638016259325E0,
-7.636758117315E-1));
#3790=CARTESIAN_POINT('',(3.900680891435E0,-4.643323465269E0,
-7.469746777448E-1));
#3791=CARTESIAN_POINT('',(3.901159987248E0,-4.647173701724E0,
-7.297615771217E-1));
#3792=CARTESIAN_POINT('',(3.901448527997E0,-4.649489496708E0,
-7.122566596026E-1));
#3793=CARTESIAN_POINT('',(3.901512176349E0,-4.65E0,-7.005875966973E-1));
#3794=CARTESIAN_POINT('',(3.901512176349E0,-4.65E0,-6.94737E-1));
#3796=DIRECTION('',(0.E0,0.E0,1.E0));
#3797=VECTOR('',#3796,4.94737E-1);
#3798=CARTESIAN_POINT('',(3.901512176349E0,-4.65E0,-6.94737E-1));
#3799=LINE('',#3798,#3797);
#3800=CARTESIAN_POINT('',(3.901512176349E0,-4.65E0,-2.E-1));
#3801=CARTESIAN_POINT('',(3.901512176349E0,-4.65E0,-1.938627728214E-1));
#3802=CARTESIAN_POINT('',(3.901582179768E0,-4.650561668913E0,
-1.816448055540E-1));
#3803=CARTESIAN_POINT('',(3.901897677065E0,-4.653091222787E0,
-1.633973077593E-1));
#3804=CARTESIAN_POINT('',(3.902420355437E0,-4.657275947062E0,
-1.454992860556E-1));
#3805=CARTESIAN_POINT('',(3.903149830568E0,-4.663103965412E0,
-1.280086309947E-1));
#3806=CARTESIAN_POINT('',(3.904077411512E0,-4.670494113202E0,
-1.111699686495E-1));
#3807=CARTESIAN_POINT('',(3.905203861400E0,-4.679437834984E0,
-9.501551254088E-2));
#3808=CARTESIAN_POINT('',(3.906513838330E0,-4.689796759510E0,
-7.979876026534E-2));
#3809=CARTESIAN_POINT('',(3.908009298492E0,-4.701567862911E0,
-6.553253678415E-2));
#3810=CARTESIAN_POINT('',(3.909668715706E0,-4.714562496041E0,
-5.245191394216E-2));
#3811=CARTESIAN_POINT('',(3.911493760636E0,-4.728773924730E0,
-4.056892568309E-2));
#3812=CARTESIAN_POINT('',(3.913458506394E0,-4.743980940298E0,
-3.007612381973E-2));
#3813=CARTESIAN_POINT('',(3.915562211221E0,-4.760159331703E0,
-2.099427332339E-2));
#3814=CARTESIAN_POINT('',(3.917775163242E0,-4.777063871065E0,
-1.346653615012E-2));
#3815=CARTESIAN_POINT('',(3.920097892915E0,-4.794684038511E0,
-7.500378649278E-3));
#3816=CARTESIAN_POINT('',(3.922513857609E0,-4.812880297056E0,
-3.177159485861E-3));
#3817=CARTESIAN_POINT('',(3.924995169407E0,-4.831431993956E0,
-5.731094002352E-4));
#3818=CARTESIAN_POINT('',(3.926661280125E0,-4.843797735647E0,0.E0));
#3819=CARTESIAN_POINT('',(3.9275E0,-4.85E0,0.E0));
#3821=CARTESIAN_POINT('',(3.9275E0,3.5E-1,0.E0));
#3822=CARTESIAN_POINT('',(3.926660654019E0,3.437931056494E-1,0.E0));
#3823=CARTESIAN_POINT('',(3.924996388941E0,3.314409047107E-1,
-5.744844779412E-4));
#3824=CARTESIAN_POINT('',(3.922530673226E0,3.130061140753E-1,
-3.158363853454E-3));
#3825=CARTESIAN_POINT('',(3.920131633963E0,2.949389005485E-1,
-7.429805029059E-3));
#3826=CARTESIAN_POINT('',(3.917808408426E0,2.773170123177E-1,
-1.336682897152E-2));
#3827=CARTESIAN_POINT('',(3.915590682008E0,2.603776035827E-1,
-2.088403249716E-2));
#3828=CARTESIAN_POINT('',(3.913483039681E0,2.441702620504E-1,
-2.995747991218E-2));
#3829=CARTESIAN_POINT('',(3.911514715813E0,2.289366511478E-1,
-4.044452725536E-2));
#3830=CARTESIAN_POINT('',(3.909685865837E0,2.146964618696E-1,
-5.232812823862E-2));
#3831=CARTESIAN_POINT('',(3.908023087279E0,2.016761520791E-1,
-6.541221183789E-2));
#3832=CARTESIAN_POINT('',(3.906524565481E0,1.898814214932E-1,
-7.968488789135E-2));
#3833=CARTESIAN_POINT('',(3.905211719785E0,1.795001251335E-1,
-9.491323497453E-2));
#3834=CARTESIAN_POINT('',(3.904082995400E0,1.705385412886E-1,
-1.110787780298E-1));
#3835=CARTESIAN_POINT('',(3.903153277177E0,1.631314748525E-1,
-1.279355156601E-1));
#3836=CARTESIAN_POINT('',(3.902422342047E0,1.572918417777E-1,
-1.454408754015E-1));
#3837=CARTESIAN_POINT('',(3.901898450159E0,1.530974200257E-1,
-1.633603028375E-1));
#3838=CARTESIAN_POINT('',(3.901582323886E0,1.505628252707E-1,
-1.816262287337E-1));
#3839=CARTESIAN_POINT('',(3.901512176349E0,1.5E-1,-1.938566698911E-1));
#3840=CARTESIAN_POINT('',(3.901512176349E0,1.5E-1,-2.E-1));
#3842=DIRECTION('',(0.E0,0.E0,1.E0));
#3843=VECTOR('',#3842,4.94737E-1);
#3844=CARTESIAN_POINT('',(3.901512176349E0,1.5E-1,-6.94737E-1));
#3845=LINE('',#3844,#3843);
#3846=CARTESIAN_POINT('',(3.901512176349E0,1.5E-1,-6.94737E-1));
#3847=CARTESIAN_POINT('',(3.901512176349E0,1.5E-1,-7.005889630206E-1));
#3848=CARTESIAN_POINT('',(3.901448509460E0,1.494893482672E-1,
-7.122596424407E-1));
#3849=CARTESIAN_POINT('',(3.901159857675E0,1.471726608672E-1,
-7.297668306368E-1));
#3850=CARTESIAN_POINT('',(3.900680946551E0,1.433239077890E-1,
-7.469724644965E-1));
#3851=CARTESIAN_POINT('',(3.900021853668E0,1.380168237549E-1,
-7.636746217538E-1));
#3852=CARTESIAN_POINT('',(3.899180820730E0,1.312272991455E-1,
-7.799468266060E-1));
#3853=CARTESIAN_POINT('',(3.898165630855E0,1.230054835198E-1,
-7.955996403353E-1));
#3854=CARTESIAN_POINT('',(3.896990215079E0,1.134495591191E-1,
-8.104404213209E-1));
#3855=CARTESIAN_POINT('',(3.895671733625E0,1.026836409004E-1,
-8.243171275384E-1));
#3856=CARTESIAN_POINT('',(3.894205186246E0,9.064968907878E-2,
-8.372947427802E-1));
#3857=CARTESIAN_POINT('',(3.892608764407E0,7.747779109304E-2,
-8.491830435422E-1));
#3858=CARTESIAN_POINT('',(3.891477725953E0,6.808999984835E-2,
-8.562593959426E-1));
#3859=CARTESIAN_POINT('',(3.890894365589E0,6.323207872101E-2,
-8.595960196153E-1));
#3861=CARTESIAN_POINT('',(3.890894365589E0,6.323207872101E-2,
-8.595960196153E-1));
#3862=CARTESIAN_POINT('',(3.882843341145E0,-3.812657542080E-3,
-9.056451522141E-1));
#3863=CARTESIAN_POINT('',(3.875144075576E0,-7.088483031405E-2,
-9.517131293562E-1));
#3864=CARTESIAN_POINT('',(3.867796167368E0,-1.379844082774E-1,
-9.977999295314E-1));
#3866=DIRECTION('',(2.098491471847E-14,1.E0,-1.546256873993E-14));
#3867=VECTOR('',#3866,3.21667068E0);
#3868=CARTESIAN_POINT('',(4.16917068E0,-3.85833534E0,-1.343882127816E0));
#3869=LINE('',#3868,#3867);
#3870=CARTESIAN_POINT('',(3.867796167368E0,-1.379844082774E-1,
-9.977999295314E-1));
#3871=CARTESIAN_POINT('',(3.900175443636E0,-2.274547891973E-1,
-1.059251934033E0));
#3872=CARTESIAN_POINT('',(3.959173502777E0,-3.572554920736E-1,
-1.148404492628E0));
#3873=CARTESIAN_POINT('',(4.063682988676E0,-5.194069927859E-1,
-1.259776933979E0));
#3874=CARTESIAN_POINT('',(4.126271019100E0,-5.961183610498E-1,
-1.312465514260E0));
#3875=CARTESIAN_POINT('',(4.160865166082E0,-6.330801968025E-1,
-1.337852450962E0));
#3877=DIRECTION('',(1.E0,0.E0,0.E0));
#3878=VECTOR('',#3877,2.718211268822E0);
#3879=CARTESIAN_POINT('',(3.890894365589E0,6.323207872101E-2,
-8.595960196153E-1));
#3880=LINE('',#3879,#3878);
#3881=CARTESIAN_POINT('',(6.339134833918E0,-6.330801968025E-1,
-1.337852450962E0));
#3882=CARTESIAN_POINT('',(6.373728980900E0,-5.961183610498E-1,
-1.312465514260E0));
#3883=CARTESIAN_POINT('',(6.436317011324E0,-5.194069927859E-1,
-1.259776933979E0));
#3884=CARTESIAN_POINT('',(6.540826497223E0,-3.572554920736E-1,
-1.148404492628E0));
#3885=CARTESIAN_POINT('',(6.599824556364E0,-2.274547891973E-1,
-1.059251934033E0));
#3886=CARTESIAN_POINT('',(6.632203832632E0,-1.379844082774E-1,
-9.977999295314E-1));
#3888=CARTESIAN_POINT('',(4.37750602E0,-8.5E-1,-1.75E0));
#3889=CARTESIAN_POINT('',(4.37750602E0,-8.5E-1,-1.739766881523E0));
#3890=CARTESIAN_POINT('',(4.376875704177E0,-8.493696841773E-1,
-1.719363835897E0));
#3891=CARTESIAN_POINT('',(4.374101120890E0,-8.465951008900E-1,
-1.689179023182E0));
#3892=CARTESIAN_POINT('',(4.369499649988E0,-8.419936299883E-1,
-1.659170360553E0));
#3893=CARTESIAN_POINT('',(4.363053533170E0,-8.355475131698E-1,
-1.629337831595E0));
#3894=CARTESIAN_POINT('',(4.354608920117E0,-8.271029001171E-1,
-1.599316429993E0));
#3895=CARTESIAN_POINT('',(4.344010502775E0,-8.165044827751E-1,
-1.569102241002E0));
#3896=CARTESIAN_POINT('',(4.331176602218E0,-8.036705822179E-1,
-1.538936967413E0));
#3897=CARTESIAN_POINT('',(4.316099538379E0,-7.885935183786E-1,
-1.509134503813E0));
#3898=CARTESIAN_POINT('',(4.298591202943E0,-7.710851829433E-1,
-1.479645682791E0));
#3899=CARTESIAN_POINT('',(4.278451230518E0,-7.509452105177E-1,
-1.450545280712E0));
#3900=CARTESIAN_POINT('',(4.255565846529E0,-7.280598265290E-1,
-1.422080949516E0));
#3901=CARTESIAN_POINT('',(4.229716513284E0,-7.022104932841E-1,
-1.394411457487E0));
#3902=CARTESIAN_POINT('',(4.200903529406E0,-6.733975094064E-1,
-1.367988805610E0));
#3903=CARTESIAN_POINT('',(4.180035552658E0,-6.525295326584E-1,
-1.351685033344E0));
#3904=CARTESIAN_POINT('',(4.16917068E0,-6.416646600001E-1,-1.343882127816E0));
#3906=CARTESIAN_POINT('',(4.16917068E0,-6.416646600001E-1,-1.343882127816E0));
#3907=CARTESIAN_POINT('',(4.167753585803E0,-6.402475658027E-1,
-1.342864402851E0));
#3908=CARTESIAN_POINT('',(4.164952486831E0,-6.373995028537E-1,
-1.340841475550E0));
#3909=CARTESIAN_POINT('',(4.162216826603E0,-6.345243675229E-1,
-1.338844367892E0));
#3910=CARTESIAN_POINT('',(4.160865166082E0,-6.330801968025E-1,
-1.337852450962E0));
#3912=DIRECTION('',(1.E0,0.E0,0.E0));
#3913=VECTOR('',#3912,2.178269667836E0);
#3914=CARTESIAN_POINT('',(4.160865166082E0,-6.330801968025E-1,
-1.337852450962E0));
#3915=LINE('',#3914,#3913);
#3916=CARTESIAN_POINT('',(6.339134833918E0,-6.330801968025E-1,
-1.337852450962E0));
#3917=CARTESIAN_POINT('',(6.337783129368E0,-6.345244145653E-1,
-1.338844400203E0));
#3918=CARTESIAN_POINT('',(6.335047423676E0,-6.373995953593E-1,
-1.340841540535E0));
#3919=CARTESIAN_POINT('',(6.332246368753E0,-6.402476112468E-1,
-1.342864435488E0));
#3920=CARTESIAN_POINT('',(6.33082932E0,-6.4166466E-1,-1.343882127816E0));
#3922=CARTESIAN_POINT('',(6.33082932E0,-6.4166466E-1,-1.343882127816E0));
#3923=CARTESIAN_POINT('',(6.319959048228E0,-6.525349317724E-1,
-1.351688910866E0));
#3924=CARTESIAN_POINT('',(6.299084005480E0,-6.734099745205E-1,
-1.367999310134E0));
#3925=CARTESIAN_POINT('',(6.270277188593E0,-7.022167914067E-1,
-1.394417977464E0));
#3926=CARTESIAN_POINT('',(6.244428825949E0,-7.280651540511E-1,
-1.422086907866E0));
#3927=CARTESIAN_POINT('',(6.221539173040E0,-7.509548069597E-1,
-1.450557782886E0));
#3928=CARTESIAN_POINT('',(6.201395651851E0,-7.710983281494E-1,
-1.479665787153E0));
#3929=CARTESIAN_POINT('',(6.183885502208E0,-7.886084777916E-1,
-1.509161636831E0));
#3930=CARTESIAN_POINT('',(6.168811514641E0,-8.036824653592E-1,
-1.538962765509E0));
#3931=CARTESIAN_POINT('',(6.155980748512E0,-8.165132314877E-1,
-1.569124973202E0));
#3932=CARTESIAN_POINT('',(6.145383777803E0,-8.271102021966E-1,
-1.599339329298E0));
#3933=CARTESIAN_POINT('',(6.136939525487E0,-8.355544545130E-1,
-1.629365536987E0));
#3934=CARTESIAN_POINT('',(6.130495189077E0,-8.419987909229E-1,
-1.659198385632E0));
#3935=CARTESIAN_POINT('',(6.125895454344E0,-8.465985256564E-1,
-1.689207163477E0));
#3936=CARTESIAN_POINT('',(6.123123158551E0,-8.493708214493E-1,
-1.719386540470E0));
#3937=CARTESIAN_POINT('',(6.12249398E0,-8.5E-1,-1.739775775695E0));
#3938=CARTESIAN_POINT('',(6.12249398E0,-8.5E-1,-1.75E0));
#3940=DIRECTION('',(1.E0,0.E0,0.E0));
#3941=VECTOR('',#3940,1.74498796E0);
#3942=CARTESIAN_POINT('',(4.37750602E0,-8.5E-1,-1.75E0));
#3943=LINE('',#3942,#3941);
#3944=DIRECTION('',(0.E0,-1.E0,0.E0));
#3945=VECTOR('',#3944,2.8E0);
#3946=CARTESIAN_POINT('',(6.12249398E0,-8.5E-1,-1.75E0));
#3947=LINE('',#3946,#3945);
#3948=DIRECTION('',(1.E0,0.E0,0.E0));
#3949=VECTOR('',#3948,1.74498796E0);
#3950=CARTESIAN_POINT('',(4.37750602E0,-3.65E0,-1.75E0));
#3951=LINE('',#3950,#3949);
#3952=DIRECTION('',(0.E0,-1.E0,0.E0));
#3953=VECTOR('',#3952,2.8E0);
#3954=CARTESIAN_POINT('',(4.37750602E0,-8.5E-1,-1.75E0));
#3955=LINE('',#3954,#3953);
#3956=DIRECTION('',(0.E0,1.E0,0.E0));
#3957=VECTOR('',#3956,3.21667068E0);
#3958=CARTESIAN_POINT('',(6.33082932E0,-3.85833534E0,-1.343882127816E0));
#3959=LINE('',#3958,#3957);
#3960=CARTESIAN_POINT('',(6.632203832632E0,-1.379844082774E-1,
-9.977999295314E-1));
#3961=CARTESIAN_POINT('',(6.624855924424E0,-7.088483031405E-2,
-9.517131293562E-1));
#3962=CARTESIAN_POINT('',(6.617156658855E0,-3.812657542078E-3,
-9.056451522141E-1));
#3963=CARTESIAN_POINT('',(6.609105634411E0,6.323207872101E-2,
-8.595960196153E-1));
#3965=CARTESIAN_POINT('',(6.609105634411E0,6.323207872101E-2,
-8.595960196153E-1));
#3966=CARTESIAN_POINT('',(6.608522274047E0,6.808999984836E-2,
-8.562593959426E-1));
#3967=CARTESIAN_POINT('',(6.607391235593E0,7.747779109307E-2,
-8.491830435421E-1));
#3968=CARTESIAN_POINT('',(6.605794813754E0,9.064968907875E-2,
-8.372947427802E-1));
#3969=CARTESIAN_POINT('',(6.604328266375E0,1.026836409004E-1,
-8.243171275384E-1));
#3970=CARTESIAN_POINT('',(6.603009784921E0,1.134495591191E-1,
-8.104404213209E-1));
#3971=CARTESIAN_POINT('',(6.601834369145E0,1.230054835198E-1,
-7.955996403352E-1));
#3972=CARTESIAN_POINT('',(6.600819179270E0,1.312272991455E-1,
-7.799468266060E-1));
#3973=CARTESIAN_POINT('',(6.599978146332E0,1.380168237549E-1,
-7.636746217538E-1));
#3974=CARTESIAN_POINT('',(6.599319053449E0,1.433239077890E-1,
-7.469724644965E-1));
#3975=CARTESIAN_POINT('',(6.598840142325E0,1.471726608672E-1,
-7.297668306368E-1));
#3976=CARTESIAN_POINT('',(6.598551490540E0,1.494893482672E-1,
-7.122596424407E-1));
#3977=CARTESIAN_POINT('',(6.598487823651E0,1.5E-1,-7.005889630206E-1));
#3978=CARTESIAN_POINT('',(6.598487823651E0,1.5E-1,-6.94737E-1));
#3980=DIRECTION('',(0.E0,0.E0,1.E0));
#3981=VECTOR('',#3980,4.947369999999E-1);
#3982=CARTESIAN_POINT('',(6.598487823651E0,1.5E-1,-6.94737E-1));
#3983=LINE('',#3982,#3981);
#3984=CARTESIAN_POINT('',(6.598487823651E0,1.5E-1,-2.000000000001E-1));
#3985=CARTESIAN_POINT('',(6.598487823651E0,1.5E-1,-1.938566684631E-1));
#3986=CARTESIAN_POINT('',(6.598417676095E0,1.505628254212E-1,
-1.816262252508E-1));
#3987=CARTESIAN_POINT('',(6.598101549652E0,1.530974215349E-1,
-1.633602950849E-1));
#3988=CARTESIAN_POINT('',(6.597577657867E0,1.572918424617E-1,
-1.454408729618E-1));
#3989=CARTESIAN_POINT('',(6.596846722465E0,1.631314777038E-1,
-1.279355081108E-1));
#3990=CARTESIAN_POINT('',(6.595917004397E0,1.705385428968E-1,
-1.110787751446E-1));
#3991=CARTESIAN_POINT('',(6.594788280018E0,1.795001267030E-1,
-9.491323216294E-2));
#3992=CARTESIAN_POINT('',(6.593475434140E0,1.898814244701E-1,
-7.968488439599E-2));
#3993=CARTESIAN_POINT('',(6.591976913179E0,2.016761484981E-1,
-6.541221546323E-2));
#3994=CARTESIAN_POINT('',(6.590314133530E0,2.146964667900E-1,
-5.232812431597E-2));
#3995=CARTESIAN_POINT('',(6.588485286035E0,2.289366368293E-1,
-4.044453768813E-2));
#3996=CARTESIAN_POINT('',(6.586516958902E0,2.441702729575E-1,
-2.995747355457E-2));
#3997=CARTESIAN_POINT('',(6.584409320698E0,2.603775828965E-1,
-2.088404212856E-2));
#3998=CARTESIAN_POINT('',(6.582191587479E0,2.773170434595E-1,
-1.336681716780E-2));
#3999=CARTESIAN_POINT('',(6.579868370831E0,2.949388642647E-1,
-7.429816291357E-3));
#4000=CARTESIAN_POINT('',(6.577469327650E0,3.130061074982E-1,
-3.158365085716E-3));
#4001=CARTESIAN_POINT('',(6.575003618338E0,3.314408504385E-1,
-5.744902447994E-4));
#4002=CARTESIAN_POINT('',(6.573339348997E0,3.437930833436E-1,0.E0));
#4003=CARTESIAN_POINT('',(6.5725E0,3.5E-1,0.E0));
#4005=CARTESIAN_POINT('',(6.5725E0,-4.85E0,0.E0));
#4006=CARTESIAN_POINT('',(6.573338743538E0,-4.843797560664E0,0.E0));
#4007=CARTESIAN_POINT('',(6.575004905596E0,-4.831431438128E0,
-5.731237220225E-4));
#4008=CARTESIAN_POINT('',(6.577486389900E0,-4.812878441345E0,
-3.177488276892E-3));
#4009=CARTESIAN_POINT('',(6.579902368773E0,-4.794682061724E0,
-7.500926488231E-3));
#4010=CARTESIAN_POINT('',(6.582225190267E0,-4.777061179622E0,
-1.346759377374E-2));
#4011=CARTESIAN_POINT('',(6.584438005028E0,-4.760157672893E0,
-2.099512479773E-2));
#4012=CARTESIAN_POINT('',(6.586541727214E0,-4.743979138032E0,
-3.007724640554E-2));
#4013=CARTESIAN_POINT('',(6.588506404995E0,-4.728772638042E0,
-4.056991867019E-2));
#4014=CARTESIAN_POINT('',(6.590331436543E0,-4.714561306997E0,
-5.245300789848E-2));
#4015=CARTESIAN_POINT('',(6.591990814651E0,-4.701566974177E0,
-6.553352976135E-2));
#4016=CARTESIAN_POINT('',(6.593486254438E0,-4.689796027460E0,
-7.979973974618E-2));
#4017=CARTESIAN_POINT('',(6.594796208827E0,-4.679437278287E0,
-9.501642993314E-2));
#4018=CARTESIAN_POINT('',(6.595922636098E0,-4.670493734406E0,
-1.111707426635E-1));
#4019=CARTESIAN_POINT('',(6.596850203614E0,-4.663103692602E0,
-1.280093549280E-1));
#4020=CARTESIAN_POINT('',(6.597579661406E0,-4.657275812285E0,
-1.454997830615E-1));
#4021=CARTESIAN_POINT('',(6.598102332085E0,-4.653091149459E0,
-1.633977256574E-1));
#4022=CARTESIAN_POINT('',(6.598417821474E0,-4.650561658942E0,
-1.816449940043E-1));
#4023=CARTESIAN_POINT('',(6.598487823651E0,-4.65E0,-1.938628379163E-1));
#4024=CARTESIAN_POINT('',(6.598487823651E0,-4.65E0,-2.E-1));
#4026=DIRECTION('',(0.E0,0.E0,1.E0));
#4027=VECTOR('',#4026,4.94737E-1);
#4028=CARTESIAN_POINT('',(6.598487823651E0,-4.65E0,-6.94737E-1));
#4029=LINE('',#4028,#4027);
#4030=CARTESIAN_POINT('',(6.598487823651E0,-4.65E0,-6.94737E-1));
#4031=CARTESIAN_POINT('',(6.598487823651E0,-4.65E0,-7.005875966973E-1));
#4032=CARTESIAN_POINT('',(6.598551472003E0,-4.649489496708E0,
-7.122566596026E-1));
#4033=CARTESIAN_POINT('',(6.598840012752E0,-4.647173701724E0,
-7.297615771217E-1));
#4034=CARTESIAN_POINT('',(6.599319108565E0,-4.643323465269E0,
-7.469746777448E-1));
#4035=CARTESIAN_POINT('',(6.599978216233E0,-4.638016259325E0,
-7.636758117315E-1));
#4036=CARTESIAN_POINT('',(6.600819068710E0,-4.631228191823E0,
-7.799447819090E-1));
#4037=CARTESIAN_POINT('',(6.601834235119E0,-4.623006572215E0,
-7.955979206376E-1));
#4038=CARTESIAN_POINT('',(6.603009913450E0,-4.613448516537E0,
-8.104421318940E-1));
#4039=CARTESIAN_POINT('',(6.604328555272E0,-4.602681271175E0,
-8.243197069894E-1));
#4040=CARTESIAN_POINT('',(6.605794482076E0,-4.590652413367E0,
-8.372918996112E-1));
#4041=CARTESIAN_POINT('',(6.607391041750E0,-4.577479399197E0,
-8.491818375245E-1));
#4042=CARTESIAN_POINT('',(6.608522176675E0,-4.568090810710E0,
-8.562588390087E-1));
#4043=CARTESIAN_POINT('',(6.609105634411E0,-4.563232078721E0,
-8.595960196153E-1));
#4045=CARTESIAN_POINT('',(6.609105634411E0,-4.563232078721E0,
-8.595960196153E-1));
#4046=CARTESIAN_POINT('',(6.617156658855E0,-4.496187342458E0,
-9.056451522141E-1));
#4047=CARTESIAN_POINT('',(6.624855924424E0,-4.429115169686E0,
-9.517131293562E-1));
#4048=CARTESIAN_POINT('',(6.632203832632E0,-4.362015591723E0,
-9.977999295314E-1));
#4050=CARTESIAN_POINT('',(6.632203832632E0,-4.362015591723E0,
-9.977999295314E-1));
#4051=CARTESIAN_POINT('',(6.647232046137E0,-4.224781054343E0,
-9.692781727046E-1));
#4052=CARTESIAN_POINT('',(6.674515026594E0,-3.948586193348E0,
-9.108141887413E-1));
#4053=CARTESIAN_POINT('',(6.706849941089E0,-3.528809613659E0,
-8.193733756834E-1));
#4054=CARTESIAN_POINT('',(6.730233437910E0,-3.104641727715E0,
-7.250227366345E-1));
#4055=CARTESIAN_POINT('',(6.744369794468E0,-2.677109009159E0,
-6.286125012620E-1));
#4056=CARTESIAN_POINT('',(6.7475E0,-2.392446107629E0,-5.639856178882E-1));
#4057=CARTESIAN_POINT('',(6.7475E0,-2.25E0,-5.316463834486E-1));
#4059=CARTESIAN_POINT('',(6.7475E0,-2.25E0,-5.316463834486E-1));
#4060=CARTESIAN_POINT('',(6.7475E0,-2.107553558843E0,-5.639856936082E-1));
#4061=CARTESIAN_POINT('',(6.744369777927E0,-1.822890205550E0,
-6.286126792222E-1));
#4062=CARTESIAN_POINT('',(6.730233413514E0,-1.395357784689E0,
-7.250228456202E-1));
#4063=CARTESIAN_POINT('',(6.706849925718E0,-9.711901831686E-1,
-8.193734200104E-1));
#4064=CARTESIAN_POINT('',(6.674515029967E0,-5.514138571181E-1,
-9.108141775918E-1));
#4065=CARTESIAN_POINT('',(6.647232050306E0,-2.752189837269E-1,
-9.692781647925E-1));
#4066=CARTESIAN_POINT('',(6.632203832632E0,-1.379844082774E-1,
-9.977999295314E-1));
#4068=DIRECTION('',(1.E0,0.E0,0.E0));
#4069=VECTOR('',#4068,2.696975647301E0);
#4070=CARTESIAN_POINT('',(3.901512176349E0,1.5E-1,-6.94737E-1));
#4071=LINE('',#4070,#4069);
#4072=DIRECTION('',(1.E0,0.E0,-4.594067791163E-14));
#4073=VECTOR('',#4072,2.696975647301E0);
#4074=CARTESIAN_POINT('',(3.901512176349E0,1.5E-1,-2.E-1));
#4075=LINE('',#4074,#4073);
#4076=DIRECTION('',(1.E0,0.E0,0.E0));
#4077=VECTOR('',#4076,2.696975647301E0);
#4078=CARTESIAN_POINT('',(3.901512176349E0,-4.65E0,-2.E-1));
#4079=LINE('',#4078,#4077);
#4080=DIRECTION('',(1.E0,0.E0,0.E0));
#4081=VECTOR('',#4080,2.696975647301E0);
#4082=CARTESIAN_POINT('',(3.901512176349E0,-4.65E0,-6.94737E-1));
#4083=LINE('',#4082,#4081);
#4084=DIRECTION('',(1.E0,0.E0,0.E0));
#4085=VECTOR('',#4084,2.718211268822E0);
#4086=CARTESIAN_POINT('',(3.890894365589E0,-4.563232078721E0,
-8.595960196153E-1));
#4087=LINE('',#4086,#4085);
#4088=DIRECTION('',(1.E0,0.E0,0.E0));
#4089=VECTOR('',#4088,2.178269667836E0);
#4090=CARTESIAN_POINT('',(4.160865166082E0,-3.866919803197E0,
-1.337852450962E0));
#4091=LINE('',#4090,#4089);
#4092=CARTESIAN_POINT('',(6.339134833918E0,-3.866919803197E0,
-1.337852450962E0));
#4093=CARTESIAN_POINT('',(6.373728980900E0,-3.903881638950E0,
-1.312465514260E0));
#4094=CARTESIAN_POINT('',(6.436317011324E0,-3.980593007214E0,
-1.259776933979E0));
#4095=CARTESIAN_POINT('',(6.540826497223E0,-4.142744507926E0,
-1.148404492628E0));
#4096=CARTESIAN_POINT('',(6.599824556364E0,-4.272545210803E0,
-1.059251934033E0));
#4097=CARTESIAN_POINT('',(6.632203832632E0,-4.362015591723E0,
-9.977999295314E-1));
#4099=CARTESIAN_POINT('',(3.867796167368E0,-4.362015591723E0,
-9.977999295314E-1));
#4100=CARTESIAN_POINT('',(3.900175443636E0,-4.272545210803E0,
-1.059251934033E0));
#4101=CARTESIAN_POINT('',(3.959173502777E0,-4.142744507926E0,
-1.148404492628E0));
#4102=CARTESIAN_POINT('',(4.063682988676E0,-3.980593007214E0,
-1.259776933979E0));
#4103=CARTESIAN_POINT('',(4.126271019100E0,-3.903881638950E0,
-1.312465514260E0));
#4104=CARTESIAN_POINT('',(4.160865166082E0,-3.866919803197E0,
-1.337852450962E0));
#4106=CARTESIAN_POINT('',(6.12249398E0,-3.65E0,-1.75E0));
#4107=CARTESIAN_POINT('',(6.12249398E0,-3.65E0,-1.739774188991E0));
#4108=CARTESIAN_POINT('',(6.123123366819E0,-3.650629386819E0,
-1.719382791645E0));
#4109=CARTESIAN_POINT('',(6.125895855030E0,-3.653401875030E0,
-1.689204209374E0));
#4110=CARTESIAN_POINT('',(6.130495424435E0,-3.658001444435E0,
-1.659197237487E0));
#4111=CARTESIAN_POINT('',(6.136939769957E0,-3.664445789957E0,
-1.629364489578E0));
#4112=CARTESIAN_POINT('',(6.145384457457E0,-3.672890477457E0,
-1.599337055478E0));
#4113=CARTESIAN_POINT('',(6.155982217131E0,-3.683488237131E0,
-1.569121095227E0));
#4114=CARTESIAN_POINT('',(6.168813633135E0,-3.696319653135E0,
-1.538958199830E0));
#4115=CARTESIAN_POINT('',(6.183887784461E0,-3.711393804461E0,
-1.509157511357E0));
#4116=CARTESIAN_POINT('',(6.201397850118E0,-3.728903870118E0,
-1.479662385410E0));
#4117=CARTESIAN_POINT('',(6.221541357040E0,-3.749047377040E0,
-1.450554878128E0));
#4118=CARTESIAN_POINT('',(6.244431020831E0,-3.771937040831E0,
-1.422084362612E0));
#4119=CARTESIAN_POINT('',(6.270280301574E0,-3.797786321574E0,
-1.394414848505E0));
#4120=CARTESIAN_POINT('',(6.299087528130E0,-3.826593548130E0,
-1.367996388540E0));
#4121=CARTESIAN_POINT('',(6.319960540386E0,-3.847466560386E0,
-1.351687839231E0));
#4122=CARTESIAN_POINT('',(6.33082932E0,-3.85833534E0,-1.343882127816E0));
#4124=CARTESIAN_POINT('',(6.33082932E0,-3.85833534E0,-1.343882127816E0));
#4125=CARTESIAN_POINT('',(6.331773982693E0,-3.859280002693E0,
-1.343203692460E0));
#4126=CARTESIAN_POINT('',(6.333648649561E0,-3.861175538344E0,
-1.341852353594E0));
#4127=CARTESIAN_POINT('',(6.336417179535E0,-3.864037371551E0,
-1.339842155304E0));
#4128=CARTESIAN_POINT('',(6.338233744786E0,-3.865957041823E0,
-1.338513715792E0));
#4129=CARTESIAN_POINT('',(6.339134833918E0,-3.866919803197E0,
-1.337852450962E0));
#4131=CARTESIAN_POINT('',(4.160865166082E0,-3.866919803197E0,
-1.337852450962E0));
#4132=CARTESIAN_POINT('',(4.162216818552E0,-3.865475641080E0,
-1.338844361984E0));
#4133=CARTESIAN_POINT('',(4.164952470466E0,-3.862600514063E0,
-1.340841463666E0));
#4134=CARTESIAN_POINT('',(4.167753577492E0,-3.859752442508E0,
-1.342864396883E0));
#4135=CARTESIAN_POINT('',(4.16917068E0,-3.85833534E0,-1.343882127816E0));
#4137=CARTESIAN_POINT('',(4.16917068E0,-3.85833534E0,-1.343882127816E0));
#4138=CARTESIAN_POINT('',(4.180034096408E0,-3.847471923592E0,
-1.351683987498E0));
#4139=CARTESIAN_POINT('',(4.200900135989E0,-3.826605884011E0,
-1.367985988564E0));
#4140=CARTESIAN_POINT('',(4.229713670332E0,-3.797792349668E0,
-1.394408581516E0));
#4141=CARTESIAN_POINT('',(4.255564221849E0,-3.771941798151E0,
-1.422079049655E0));
#4142=CARTESIAN_POINT('',(4.278449601614E0,-3.749056418386E0,
-1.450543119578E0));
#4143=CARTESIAN_POINT('',(4.298589600667E0,-3.728916419333E0,
-1.479643193033E0));
#4144=CARTESIAN_POINT('',(4.316097950030E0,-3.711408069970E0,
-1.509131642760E0));
#4145=CARTESIAN_POINT('',(4.331175011316E0,-3.696331008684E0,
-1.538933530401E0));
#4146=CARTESIAN_POINT('',(4.344009610073E0,-3.683496409927E0,
-1.569099849302E0));
#4147=CARTESIAN_POINT('',(4.354608714469E0,-3.672897305531E0,
-1.599315602832E0));
#4148=CARTESIAN_POINT('',(4.363053946248E0,-3.664452073752E0,
-1.629339412782E0));
#4149=CARTESIAN_POINT('',(4.369499719267E0,-3.658006300733E0,
-1.659170957416E0));
#4150=CARTESIAN_POINT('',(4.374100915630E0,-3.653405104370E0,
-1.689177680481E0));
#4151=CARTESIAN_POINT('',(4.376875545966E0,-3.650630474034E0,
-1.719361181065E0));
#4152=CARTESIAN_POINT('',(4.37750602E0,-3.65E0,-1.739765709919E0));
#4153=CARTESIAN_POINT('',(4.37750602E0,-3.65E0,-1.75E0));
#4155=CARTESIAN_POINT('',(3.677961673676E-1,-1.379844082774E-1,
-9.977999295314E-1));
#4156=CARTESIAN_POINT('',(3.527668991454E-1,-2.752285771188E-1,
-9.692761709767E-1));
#4157=CARTESIAN_POINT('',(3.254825477547E-1,-5.514425937527E-1,
-9.108079952053E-1));
#4158=CARTESIAN_POINT('',(2.931475676458E-1,-9.712182117722E-1,
-8.193673371162E-1));
#4159=CARTESIAN_POINT('',(2.697640812675E-1,-1.395443452890E0,
-7.250034919685E-1));
#4160=CARTESIAN_POINT('',(2.556362182093E-1,-1.822667732781E0,
-6.286629770999E-1));
#4161=CARTESIAN_POINT('',(2.525E-1,-2.107456211024E0,-5.640077942749E-1));
#4162=CARTESIAN_POINT('',(2.525E-1,-2.25E0,-5.316463834486E-1));
#4164=CARTESIAN_POINT('',(2.525E-1,-2.25E0,-5.316463834486E-1));
#4165=CARTESIAN_POINT('',(2.525E-1,-2.392544076590E0,-5.640078595713E-1));
#4166=CARTESIAN_POINT('',(2.556362300913E-1,-2.677332950765E0,
-6.286631322452E-1));
#4167=CARTESIAN_POINT('',(2.697641202718E-1,-3.104557381330E0,
-7.250036787110E-1));
#4168=CARTESIAN_POINT('',(2.931475882428E-1,-3.528782045751E0,
-8.193673931580E-1));
#4169=CARTESIAN_POINT('',(3.254825525732E-1,-3.948557453766E0,
-9.108080051804E-1));
#4170=CARTESIAN_POINT('',(3.527668983595E-1,-4.224771415705E0,
-9.692761694853E-1));
#4171=CARTESIAN_POINT('',(3.677961673676E-1,-4.362015591723E0,
-9.977999295314E-1));
#4173=CARTESIAN_POINT('',(3.677961673676E-1,-4.362015591723E0,
-9.977999295314E-1));
#4174=CARTESIAN_POINT('',(3.751440755762E-1,-4.429115169686E0,
-9.517131293562E-1));
#4175=CARTESIAN_POINT('',(3.828433411446E-1,-4.496187342458E0,
-9.056451522141E-1));
#4176=CARTESIAN_POINT('',(3.908943655892E-1,-4.563232078721E0,
-8.595960196153E-1));
#4178=CARTESIAN_POINT('',(3.908943655892E-1,-4.563232078721E0,
-8.595960196153E-1));
#4179=CARTESIAN_POINT('',(3.915366042940E-1,-4.568580307990E0,
-8.559226317772E-1));
#4180=CARTESIAN_POINT('',(3.927768059572E-1,-4.578870650608E0,
-8.480944569019E-1));
#4181=CARTESIAN_POINT('',(3.945143327249E-1,-4.593194020522E0,
-8.348169625080E-1));
#4182=CARTESIAN_POINT('',(3.960879131055E-1,-4.606089127838E0,
-8.202790884285E-1));
#4183=CARTESIAN_POINT('',(3.974829796199E-1,-4.617461828800E0,
-8.046534831294E-1));
#4184=CARTESIAN_POINT('',(3.987003313812E-1,-4.627340560431E0,
-7.878869776449E-1));
#4185=CARTESIAN_POINT('',(3.997136258709E-1,-4.635531477639E0,
-7.702534810301E-1));
#4186=CARTESIAN_POINT('',(4.005078813875E-1,-4.641931900769E0,
-7.520624325389E-1));
#4187=CARTESIAN_POINT('',(4.010858509686E-1,-4.646578493887E0,
-7.332459680873E-1));
#4188=CARTESIAN_POINT('',(4.014351768581E-1,-4.649382433648E0,
-7.140086579870E-1));
#4189=CARTESIAN_POINT('',(4.015121763494E-1,-4.65E0,-7.011772041572E-1));
#4190=CARTESIAN_POINT('',(4.015121763494E-1,-4.65E0,-6.94737E-1));
#4192=DIRECTION('',(0.E0,0.E0,1.E0));
#4193=VECTOR('',#4192,4.94737E-1);
#4194=CARTESIAN_POINT('',(4.015121763494E-1,-4.65E0,-6.94737E-1));
#4195=LINE('',#4194,#4193);
#4196=CARTESIAN_POINT('',(4.015121763494E-1,-4.65E0,-2.E-1));
#4197=CARTESIAN_POINT('',(4.015121763494E-1,-4.65E0,-1.934961738621E-1));
#4198=CARTESIAN_POINT('',(4.015906760509E-1,-4.650629852073E0,
-1.805297986334E-1));
#4199=CARTESIAN_POINT('',(4.019482581486E-1,-4.653496648101E0,
-1.610673309390E-1));
#4200=CARTESIAN_POINT('',(4.025434471975E-1,-4.658260641073E0,
-1.420021548862E-1));
#4201=CARTESIAN_POINT('',(4.033649295058E-1,-4.664820151728E0,
-1.236133966270E-1));
#4202=CARTESIAN_POINT('',(4.044091453135E-1,-4.673132170895E0,
-1.059477808843E-1));
#4203=CARTESIAN_POINT('',(4.056811777192E-1,-4.683218574909E0,
-8.903307184148E-2));
#4204=CARTESIAN_POINT('',(4.071647964952E-1,-4.694928964888E0,
-7.318690579558E-2));
#4205=CARTESIAN_POINT('',(4.088366977584E-1,-4.708057241585E0,
-5.865131327246E-2));
#4206=CARTESIAN_POINT('',(4.106898572278E-1,-4.722526089287E0,
-4.547132068313E-2));
#4207=CARTESIAN_POINT('',(4.127308037666E-1,-4.738361932895E0,
-3.366446132759E-2));
#4208=CARTESIAN_POINT('',(4.149293785154E-1,-4.755306202791E0,
-2.347051624219E-2));
#4209=CARTESIAN_POINT('',(4.172504679757E-1,-4.773068577430E0,
-1.504153138233E-2));
#4210=CARTESIAN_POINT('',(4.196812159220E-1,-4.791534788864E0,
-8.398875687663E-3));
#4211=CARTESIAN_POINT('',(4.222261754544E-1,-4.810723242971E0,
-3.559986982602E-3));
#4212=CARTESIAN_POINT('',(4.248483454694E-1,-4.830340760711E0,
-6.427939714557E-4));
#4213=CARTESIAN_POINT('',(4.266115310514E-1,-4.843429845350E0,0.E0));
#4214=CARTESIAN_POINT('',(4.275E-1,-4.85E0,0.E0));
#4216=CARTESIAN_POINT('',(4.275E-1,3.5E-1,0.E0));
#4217=CARTESIAN_POINT('',(4.266115762242E-1,3.434301793997E-1,0.E0));
#4218=CARTESIAN_POINT('',(4.248483329968E-1,3.303406754985E-1,
-6.427004545523E-4));
#4219=CARTESIAN_POINT('',(4.222255887028E-1,3.107188471433E-1,
-3.560728403451E-3));
#4220=CARTESIAN_POINT('',(4.196797400676E-1,2.915236532862E-1,
-8.401761961261E-3));
#4221=CARTESIAN_POINT('',(4.172475076607E-1,2.730459965879E-1,
-1.505105991366E-2));
#4222=CARTESIAN_POINT('',(4.149286472486E-1,2.553005551106E-1,
-2.347407551469E-2));
#4223=CARTESIAN_POINT('',(4.127303004592E-1,2.383580455214E-1,
-3.366701929404E-2));
#4224=CARTESIAN_POINT('',(4.106891561792E-1,2.225206453653E-1,
-4.547540985633E-2));
#4225=CARTESIAN_POINT('',(4.088351291337E-1,2.080449574117E-1,
-5.866369377811E-2));
#4226=CARTESIAN_POINT('',(4.071644814486E-1,1.949264686962E-1,
-7.319061655439E-2));
#4227=CARTESIAN_POINT('',(4.056812019252E-1,1.832187674154E-1,
-8.903285022531E-2));
#4228=CARTESIAN_POINT('',(4.044090389155E-1,1.731313293546E-1,
-1.059488157534E-1));
#4229=CARTESIAN_POINT('',(4.033644289940E-1,1.648161614025E-1,
-1.236229464330E-1));
#4230=CARTESIAN_POINT('',(4.025434410440E-1,1.582605884189E-1,
-1.420037848061E-1));
#4231=CARTESIAN_POINT('',(4.019484390591E-1,1.534980977177E-1,
-1.610603608878E-1));
#4232=CARTESIAN_POINT('',(4.015907067251E-1,1.506300983463E-1,
-1.805258045655E-1));
#4233=CARTESIAN_POINT('',(4.015121763494E-1,1.5E-1,-1.934943888022E-1));
#4234=CARTESIAN_POINT('',(4.015121763494E-1,1.5E-1,-2.E-1));
#4236=DIRECTION('',(0.E0,0.E0,1.E0));
#4237=VECTOR('',#4236,4.94737E-1);
#4238=CARTESIAN_POINT('',(4.015121763494E-1,1.5E-1,-6.94737E-1));
#4239=LINE('',#4238,#4237);
#4240=CARTESIAN_POINT('',(4.015121763494E-1,1.5E-1,-6.94737E-1));
#4241=CARTESIAN_POINT('',(4.015121763494E-1,1.5E-1,-7.011786833777E-1));
#4242=CARTESIAN_POINT('',(4.014351502861E-1,1.493822208160E-1,
-7.140117556133E-1));
#4243=CARTESIAN_POINT('',(4.010857443221E-1,1.465776365901E-1,
-7.332494580381E-1));
#4244=CARTESIAN_POINT('',(4.005080188961E-1,1.419330066540E-1,
-7.520583244245E-1));
#4245=CARTESIAN_POINT('',(3.997136962551E-1,1.355320475017E-1,
-7.702525710028E-1));
#4246=CARTESIAN_POINT('',(3.987002092274E-1,1.273395717328E-1,
-7.878888399150E-1));
#4247=CARTESIAN_POINT('',(3.974830691957E-1,1.174625514236E-1,
-8.046520124132E-1));
#4248=CARTESIAN_POINT('',(3.960883362509E-1,1.060925892827E-1,
-8.202749358659E-1));
#4249=CARTESIAN_POINT('',(3.945141824980E-1,9.319279264094E-2,
-8.348184596392E-1));
#4250=CARTESIAN_POINT('',(3.927766224907E-1,7.886913127795E-2,
-8.480956558562E-1));
#4251=CARTESIAN_POINT('',(3.915365043497E-1,6.857947570633E-2,
-8.559232034248E-1));
#4252=CARTESIAN_POINT('',(3.908943655892E-1,6.323207872101E-2,
-8.595960196153E-1));
#4254=CARTESIAN_POINT('',(3.908943655892E-1,6.323207872101E-2,
-8.595960196153E-1));
#4255=CARTESIAN_POINT('',(3.828433411446E-1,-3.812657542079E-3,
-9.056451522141E-1));
#4256=CARTESIAN_POINT('',(3.751440755762E-1,-7.088483031405E-2,
-9.517131293562E-1));
#4257=CARTESIAN_POINT('',(3.677961673676E-1,-1.379844082774E-1,
-9.977999295314E-1));
#4259=DIRECTION('',(0.E0,1.E0,0.E0));
#4260=VECTOR('',#4259,3.21667068E0);
#4261=CARTESIAN_POINT('',(6.6917068E-1,-3.85833534E0,-1.343882127816E0));
#4262=LINE('',#4261,#4260);
#4263=CARTESIAN_POINT('',(8.7750602E-1,-8.5E-1,-1.75E0));
#4264=CARTESIAN_POINT('',(8.7750602E-1,-8.5E-1,-1.740018165897E0));
#4265=CARTESIAN_POINT('',(8.769084670006E-1,-8.494024470006E-1,
-1.719995387211E0));
#4266=CARTESIAN_POINT('',(8.741858596908E-1,-8.466798396908E-1,
-1.689877015484E0));
#4267=CARTESIAN_POINT('',(8.696259711651E-1,-8.421199511651E-1,
-1.659835993977E0));
#4268=CARTESIAN_POINT('',(8.631445844369E-1,-8.356385644369E-1,
-1.629678342362E0));
#4269=CARTESIAN_POINT('',(8.546785923816E-1,-8.271725723816E-1,
-1.599544602338E0));
#4270=CARTESIAN_POINT('',(8.441676083145E-1,-8.166615883145E-1,
-1.569517251985E0));
#4271=CARTESIAN_POINT('',(8.313747398333E-1,-8.038687198333E-1,
-1.539361072210E0));
#4272=CARTESIAN_POINT('',(8.162882065885E-1,-7.887821865885E-1,
-1.509471414247E0));
#4273=CARTESIAN_POINT('',(7.987036836314E-1,-7.711976636314E-1,
-1.479814055494E0));
#4274=CARTESIAN_POINT('',(7.784856471085E-1,-7.509796271085E-1,
-1.450582746610E0));
#4275=CARTESIAN_POINT('',(7.554284478651E-1,-7.279224278651E-1,
-1.421913565025E0));
#4276=CARTESIAN_POINT('',(7.294878299750E-1,-7.019818099750E-1,
-1.394187028965E0));
#4277=CARTESIAN_POINT('',(7.007753580307E-1,-6.732693380307E-1,
-1.367886416825E0));
#4278=CARTESIAN_POINT('',(6.799840976217E-1,-6.524780776217E-1,
-1.351648079502E0));
#4279=CARTESIAN_POINT('',(6.6917068E-1,-6.4166466E-1,-1.343882127816E0));
#4281=CARTESIAN_POINT('',(6.6917068E-1,-6.4166466E-1,-1.343882127816E0));
#4282=CARTESIAN_POINT('',(6.677535806870E-1,-6.402475606870E-1,
-1.342864399177E0));
#4283=CARTESIAN_POINT('',(6.649524767568E-1,-6.373994924402E-1,
-1.340841468235E0));
#4284=CARTESIAN_POINT('',(6.622168216467E-1,-6.345243622273E-1,
-1.338844364255E0));
#4285=CARTESIAN_POINT('',(6.608651660821E-1,-6.330801968025E-1,
-1.337852450962E0));
#4287=DIRECTION('',(1.E0,0.E0,0.E0));
#4288=VECTOR('',#4287,2.178269667836E0);
#4289=CARTESIAN_POINT('',(6.608651660821E-1,-6.330801968025E-1,
-1.337852450962E0));
#4290=LINE('',#4289,#4288);
#4291=CARTESIAN_POINT('',(2.839134833918E0,-6.330801968025E-1,
-1.337852450962E0));
#4292=CARTESIAN_POINT('',(2.837783127955E0,-6.345244160750E-1,
-1.338844401240E0));
#4293=CARTESIAN_POINT('',(2.835047420804E0,-6.373995983281E-1,
-1.340841542620E0));
#4294=CARTESIAN_POINT('',(2.832246367295E0,-6.402476127053E-1,
-1.342864436536E0));
#4295=CARTESIAN_POINT('',(2.83082932E0,-6.4166466E-1,-1.343882127816E0));
#4297=CARTESIAN_POINT('',(2.83082932E0,-6.4166466E-1,-1.343882127816E0));
#4298=CARTESIAN_POINT('',(2.820010309059E0,-6.524836709406E-1,
-1.351652096497E0));
#4299=CARTESIAN_POINT('',(2.799211824735E0,-6.732821552648E-1,
-1.367897133766E0));
#4300=CARTESIAN_POINT('',(2.770503577535E0,-7.019904024648E-1,
-1.394195792386E0));
#4301=CARTESIAN_POINT('',(2.744567609641E0,-7.279263703591E-1,
-1.421918342141E0));
#4302=CARTESIAN_POINT('',(2.721513506969E0,-7.509804730310E-1,
-1.450583889583E0));
#4303=CARTESIAN_POINT('',(2.701293270534E0,-7.712007094665E-1,
-1.479818584728E0));
#4304=CARTESIAN_POINT('',(2.683707492274E0,-7.887864877260E-1,
-1.509479150268E0));
#4305=CARTESIAN_POINT('',(2.668620979967E0,-8.038730000326E-1,
-1.539370314236E0));
#4306=CARTESIAN_POINT('',(2.655828954863E0,-8.166650251374E-1,
-1.569526079168E0));
#4307=CARTESIAN_POINT('',(2.645318361411E0,-8.271756185893E-1,
-1.599554491055E0));
#4308=CARTESIAN_POINT('',(2.636854443816E0,-8.356395361844E-1,
-1.629682556940E0));
#4309=CARTESIAN_POINT('',(2.630373075378E0,-8.421209046216E-1,
-1.659841058938E0));
#4310=CARTESIAN_POINT('',(2.625813740961E0,-8.466802390385E-1,
-1.689880816889E0));
#4311=CARTESIAN_POINT('',(2.623091524660E0,-8.494024553405E-1,
-1.719996250365E0));
#4312=CARTESIAN_POINT('',(2.62249398E0,-8.5E-1,-1.740018367677E0));
#4313=CARTESIAN_POINT('',(2.62249398E0,-8.5E-1,-1.75E0));
#4315=CARTESIAN_POINT('',(3.677961673676E-1,-1.379844082774E-1,
-9.977999295314E-1));
#4316=CARTESIAN_POINT('',(4.001754436357E-1,-2.274547891973E-1,
-1.059251934033E0));
#4317=CARTESIAN_POINT('',(4.591735027766E-1,-3.572554920736E-1,
-1.148404492628E0));
#4318=CARTESIAN_POINT('',(5.636829886756E-1,-5.194069927859E-1,
-1.259776933979E0));
#4319=CARTESIAN_POINT('',(6.262710191001E-1,-5.961183610498E-1,
-1.312465514260E0));
#4320=CARTESIAN_POINT('',(6.608651660821E-1,-6.330801968025E-1,
-1.337852450962E0));
#4322=DIRECTION('',(1.E0,0.E0,0.E0));
#4323=VECTOR('',#4322,2.718211268822E0);
#4324=CARTESIAN_POINT('',(3.908943655892E-1,6.323207872101E-2,
-8.595960196153E-1));
#4325=LINE('',#4324,#4323);
#4326=CARTESIAN_POINT('',(2.839134833918E0,-6.330801968025E-1,
-1.337852450962E0));
#4327=CARTESIAN_POINT('',(2.873728980900E0,-5.961183610498E-1,
-1.312465514260E0));
#4328=CARTESIAN_POINT('',(2.936317011324E0,-5.194069927859E-1,
-1.259776933979E0));
#4329=CARTESIAN_POINT('',(3.040826497223E0,-3.572554920736E-1,
-1.148404492628E0));
#4330=CARTESIAN_POINT('',(3.099824556364E0,-2.274547891973E-1,
-1.059251934033E0));
#4331=CARTESIAN_POINT('',(3.132203832632E0,-1.379844082774E-1,
-9.977999295314E-1));
#4333=DIRECTION('',(1.E0,0.E0,0.E0));
#4334=VECTOR('',#4333,2.696975647301E0);
#4335=CARTESIAN_POINT('',(4.015121763494E-1,1.5E-1,-6.94737E-1));
#4336=LINE('',#4335,#4334);
#4337=DIRECTION('',(1.E0,0.E0,-4.330608706365E-14));
#4338=VECTOR('',#4337,2.696975647301E0);
#4339=CARTESIAN_POINT('',(4.015121763494E-1,1.5E-1,-2.E-1));
#4340=LINE('',#4339,#4338);
#4341=CARTESIAN_POINT('',(3.132203832632E0,-4.362015591723E0,
-9.977999295314E-1));
#4342=CARTESIAN_POINT('',(3.147233173214E0,-4.224770762108E0,
-9.692760336468E-1));
#4343=CARTESIAN_POINT('',(3.174517570114E0,-3.948555970126E0,
-9.108076839783E-1));
#4344=CARTESIAN_POINT('',(3.206852343202E0,-3.528782888418E0,
-8.193675762777E-1));
#4345=CARTESIAN_POINT('',(3.230235884422E0,-3.104557718604E0,
-7.250037571092E-1));
#4346=CARTESIAN_POINT('',(3.244363830191E0,-2.677330520660E0,
-6.286625821502E-1));
#4347=CARTESIAN_POINT('',(3.2475E0,-2.392542995372E0,-5.640076141046E-1));
#4348=CARTESIAN_POINT('',(3.2475E0,-2.25E0,-5.316463834486E-1));
#4350=CARTESIAN_POINT('',(3.2475E0,-2.25E0,-5.316463834486E-1));
#4351=CARTESIAN_POINT('',(3.2475E0,-2.107456716057E0,-5.640076796184E-1));
#4352=CARTESIAN_POINT('',(3.244363818269E0,-1.822668793905E0,
-6.286627377242E-1));
#4353=CARTESIAN_POINT('',(3.230235845382E0,-1.395441447088E0,
-7.250039438667E-1));
#4354=CARTESIAN_POINT('',(3.206852322874E0,-9.712168582176E-1,
-8.193676314018E-1));
#4355=CARTESIAN_POINT('',(3.174517565451E0,-5.514439838911E-1,
-9.108076936286E-1));
#4356=CARTESIAN_POINT('',(3.147233174073E0,-2.752292457362E-1,
-9.692760320165E-1));
#4357=CARTESIAN_POINT('',(3.132203832632E0,-1.379844082774E-1,
-9.977999295314E-1));
#4359=CARTESIAN_POINT('',(3.132203832632E0,-1.379844082774E-1,
-9.977999295314E-1));
#4360=CARTESIAN_POINT('',(3.124855924424E0,-7.088483031405E-2,
-9.517131293562E-1));
#4361=CARTESIAN_POINT('',(3.117156658855E0,-3.812657542078E-3,
-9.056451522141E-1));
#4362=CARTESIAN_POINT('',(3.109105634411E0,6.323207872101E-2,
-8.595960196153E-1));
#4364=CARTESIAN_POINT('',(3.109105634411E0,6.323207872101E-2,
-8.595960196153E-1));
#4365=CARTESIAN_POINT('',(3.108463495650E0,6.857947570633E-2,
-8.559232034248E-1));
#4366=CARTESIAN_POINT('',(3.107223377509E0,7.886913127793E-2,
-8.480956558562E-1));
#4367=CARTESIAN_POINT('',(3.105485817502E0,9.319279264094E-2,
-8.348184596392E-1));
#4368=CARTESIAN_POINT('',(3.103911663749E0,1.060925892827E-1,
-8.202749358660E-1));
#4369=CARTESIAN_POINT('',(3.102516930804E0,1.174625514236E-1,
-8.046520124132E-1));
#4370=CARTESIAN_POINT('',(3.101299790773E0,1.273395717328E-1,
-7.878888399150E-1));
#4371=CARTESIAN_POINT('',(3.100286303745E0,1.355320475017E-1,
-7.702525710028E-1));
#4372=CARTESIAN_POINT('',(3.099491981104E0,1.419330066540E-1,
-7.520583244245E-1));
#4373=CARTESIAN_POINT('',(3.098914255678E0,1.465776365901E-1,
-7.332494580381E-1));
#4374=CARTESIAN_POINT('',(3.098564849714E0,1.493822208160E-1,
-7.140117556133E-1));
#4375=CARTESIAN_POINT('',(3.098487823651E0,1.5E-1,-7.011786833777E-1));
#4376=CARTESIAN_POINT('',(3.098487823651E0,1.5E-1,-6.94737E-1));
#4378=DIRECTION('',(0.E0,0.E0,1.E0));
#4379=VECTOR('',#4378,4.947369999999E-1);
#4380=CARTESIAN_POINT('',(3.098487823651E0,1.5E-1,-6.94737E-1));
#4381=LINE('',#4380,#4379);
#4382=CARTESIAN_POINT('',(3.098487823651E0,1.5E-1,-2.000000000001E-1));
#4383=CARTESIAN_POINT('',(3.098487823651E0,1.5E-1,-1.934943796369E-1));
#4384=CARTESIAN_POINT('',(3.098409293105E0,1.506300997154E-1,
-1.805257797337E-1));
#4385=CARTESIAN_POINT('',(3.098051559703E0,1.534981076320E-1,
-1.610603112468E-1));
#4386=CARTESIAN_POINT('',(3.097456557368E0,1.582606011364E-1,
-1.420037369533E-1));
#4387=CARTESIAN_POINT('',(3.096635565097E0,1.648162085134E-1,
-1.236228306401E-1));
#4388=CARTESIAN_POINT('',(3.095590955581E0,1.731313731097E-1,
-1.059487329798E-1));
#4389=CARTESIAN_POINT('',(3.094318788556E0,1.832188426968E-1,
-8.903273799430E-2));
#4390=CARTESIAN_POINT('',(3.092835510447E0,1.949265326332E-1,
-7.319053381248E-2));
#4391=CARTESIAN_POINT('',(3.091164848121E0,2.080451355219E-1,
-5.866351422447E-2));
#4392=CARTESIAN_POINT('',(3.089310829927E0,2.225207534908E-1,
-4.547532245176E-2));
#4393=CARTESIAN_POINT('',(3.087269678113E0,2.383582111915E-1,
-3.366690823816E-2));
#4394=CARTESIAN_POINT('',(3.085071334040E0,2.553006991469E-1,
-2.347399312461E-2));
#4395=CARTESIAN_POINT('',(3.082752445580E0,2.730463531439E-1,
-1.505091114405E-2));
#4396=CARTESIAN_POINT('',(3.080320236197E0,2.915238326595E-1,
-8.401711430490E-3));
#4397=CARTESIAN_POINT('',(3.077774383201E0,3.107190580733E-1,
-3.560687303011E-3));
#4398=CARTESIAN_POINT('',(3.075151659917E0,3.303407279237E-1,
-6.427003590940E-4));
#4399=CARTESIAN_POINT('',(3.073388421512E0,3.434301961406E-1,0.E0));
#4400=CARTESIAN_POINT('',(3.0725E0,3.5E-1,0.E0));
#4402=CARTESIAN_POINT('',(3.0725E0,-4.85E0,0.E0));
#4403=CARTESIAN_POINT('',(3.073388493436E0,-4.843429664269E0,0.E0));
#4404=CARTESIAN_POINT('',(3.075151729010E0,-4.830340209473E0,
-6.427984013419E-4));
#4405=CARTESIAN_POINT('',(3.077774103866E0,-4.810721145980E0,
-3.560395954787E-3));
#4406=CARTESIAN_POINT('',(3.080319013516E0,-4.791533054590E0,
-8.399369096230E-3));
#4407=CARTESIAN_POINT('',(3.082749969578E0,-4.773065241073E0,
-1.504292171681E-2));
#4408=CARTESIAN_POINT('',(3.085070809327E0,-4.755304757284E0,
-2.347133570166E-2));
#4409=CARTESIAN_POINT('',(3.087269408709E0,-4.738360289916E0,
-3.366556713709E-2));
#4410=CARTESIAN_POINT('',(3.089310270103E0,-4.722525098294E0,
-4.547212391672E-2));
#4411=CARTESIAN_POINT('',(3.091163516201E0,-4.708055566228E0,
-5.865300006252E-2));
#4412=CARTESIAN_POINT('',(3.092835278721E0,-4.694928371414E0,
-7.318767640697E-2));
#4413=CARTESIAN_POINT('',(3.094318907902E0,-4.683217897774E0,
-8.903408336726E-2));
#4414=CARTESIAN_POINT('',(3.095590903423E0,-4.673131783457E0,
-1.059485092827E-1));
#4415=CARTESIAN_POINT('',(3.096635127523E0,-4.664819697031E0,
-1.236145126041E-1));
#4416=CARTESIAN_POINT('',(3.097456566431E0,-4.658260531894E0,
-1.420025757356E-1));
#4417=CARTESIAN_POINT('',(3.098051753040E0,-4.653496558507E0,
-1.610677760203E-1));
#4418=CARTESIAN_POINT('',(3.098409325356E0,-4.650629840759E0,
-1.805300146919E-1));
#4419=CARTESIAN_POINT('',(3.098487823651E0,-4.65E0,-1.934962534587E-1));
#4420=CARTESIAN_POINT('',(3.098487823651E0,-4.65E0,-2.E-1));
#4422=DIRECTION('',(0.E0,0.E0,1.E0));
#4423=VECTOR('',#4422,4.94737E-1);
#4424=CARTESIAN_POINT('',(3.098487823651E0,-4.65E0,-6.94737E-1));
#4425=LINE('',#4424,#4423);
#4426=CARTESIAN_POINT('',(3.098487823651E0,-4.65E0,-6.94737E-1));
#4427=CARTESIAN_POINT('',(3.098487823651E0,-4.65E0,-7.011772041572E-1));
#4428=CARTESIAN_POINT('',(3.098564823142E0,-4.649382433648E0,
-7.140086579870E-1));
#4429=CARTESIAN_POINT('',(3.098914149031E0,-4.646578493887E0,
-7.332459680873E-1));
#4430=CARTESIAN_POINT('',(3.099492118612E0,-4.641931900769E0,
-7.520624325389E-1));
#4431=CARTESIAN_POINT('',(3.100286374129E0,-4.635531477639E0,
-7.702534810301E-1));
#4432=CARTESIAN_POINT('',(3.101299668619E0,-4.627340560431E0,
-7.878869776449E-1));
#4433=CARTESIAN_POINT('',(3.102517020380E0,-4.617461828800E0,
-8.046534831294E-1));
#4434=CARTESIAN_POINT('',(3.103912086894E0,-4.606089127838E0,
-8.202790884286E-1));
#4435=CARTESIAN_POINT('',(3.105485667275E0,-4.593194020522E0,
-8.348169625080E-1));
#4436=CARTESIAN_POINT('',(3.107223194043E0,-4.578870650608E0,
-8.480944569019E-1));
#4437=CARTESIAN_POINT('',(3.108463395706E0,-4.568580307990E0,
-8.559226317772E-1));
#4438=CARTESIAN_POINT('',(3.109105634411E0,-4.563232078721E0,
-8.595960196153E-1));
#4440=CARTESIAN_POINT('',(3.109105634411E0,-4.563232078721E0,
-8.595960196153E-1));
#4441=CARTESIAN_POINT('',(3.117156658855E0,-4.496187342458E0,
-9.056451522141E-1));
#4442=CARTESIAN_POINT('',(3.124855924424E0,-4.429115169686E0,
-9.517131293562E-1));
#4443=CARTESIAN_POINT('',(3.132203832632E0,-4.362015591723E0,
-9.977999295314E-1));
#4445=DIRECTION('',(0.E0,1.E0,0.E0));
#4446=VECTOR('',#4445,3.21667068E0);
#4447=CARTESIAN_POINT('',(2.83082932E0,-3.85833534E0,-1.343882127816E0));
#4448=LINE('',#4447,#4446);
#4449=CARTESIAN_POINT('',(6.6917068E-1,-3.85833534E0,-1.343882127816E0));
#4450=CARTESIAN_POINT('',(6.799825332349E-1,-3.847523486765E0,
-1.351646955995E0));
#4451=CARTESIAN_POINT('',(7.007715820643E-1,-3.826734437936E0,
-1.367883308325E0));
#4452=CARTESIAN_POINT('',(7.294837241795E-1,-3.798022295820E0,
-1.394182961840E0));
#4453=CARTESIAN_POINT('',(7.554252736375E-1,-3.772080746362E0,
-1.421909835483E0));
#4454=CARTESIAN_POINT('',(7.784839802891E-1,-3.749022039711E0,
-1.450580473950E0));
#4455=CARTESIAN_POINT('',(7.987021077730E-1,-3.728803912227E0,
-1.479811598906E0));
#4456=CARTESIAN_POINT('',(8.162870393585E-1,-3.711218980642E0,
-1.509469279866E0));
#4457=CARTESIAN_POINT('',(8.313735718102E-1,-3.696132448190E0,
-1.539358554320E0));
#4458=CARTESIAN_POINT('',(8.441669785876E-1,-3.683339041412E0,
-1.569515527806E0));
#4459=CARTESIAN_POINT('',(8.546784619787E-1,-3.672827558021E0,
-1.599544156001E0));
#4460=CARTESIAN_POINT('',(8.631444040530E-1,-3.664361615947E0,
-1.629677630834E0));
#4461=CARTESIAN_POINT('',(8.696259008689E-1,-3.657880119131E0,
-1.659835566553E0));
#4462=CARTESIAN_POINT('',(8.741858358213E-1,-3.653320184179E0,
-1.689876789460E0));
#4463=CARTESIAN_POINT('',(8.769084685640E-1,-3.650597551436E0,
-1.719995362725E0));
#4464=CARTESIAN_POINT('',(8.7750602E-1,-3.65E0,-1.740018169789E0));
#4465=CARTESIAN_POINT('',(8.7750602E-1,-3.65E0,-1.75E0));
#4467=CARTESIAN_POINT('',(2.62249398E0,-3.65E0,-1.75E0));
#4468=CARTESIAN_POINT('',(2.62249398E0,-3.65E0,-1.740017805428E0));
#4469=CARTESIAN_POINT('',(2.623091599656E0,-3.650597619656E0,
-1.719994745673E0));
#4470=CARTESIAN_POINT('',(2.625813960999E0,-3.653319980999E0,
-1.689878903953E0));
#4471=CARTESIAN_POINT('',(2.630373551729E0,-3.657879571729E0,
-1.659838393932E0));
#4472=CARTESIAN_POINT('',(2.636855158576E0,-3.664361178576E0,
-1.629679640757E0));
#4473=CARTESIAN_POINT('',(2.645319417550E0,-3.672825437550E0,
-1.599551106715E0));
#4474=CARTESIAN_POINT('',(2.655830391303E0,-3.683336411303E0,
-1.569522322873E0));
#4475=CARTESIAN_POINT('',(2.668622967047E0,-3.696128987047E0,
-1.539366018892E0));
#4476=CARTESIAN_POINT('',(2.683709675425E0,-3.711215695425E0,
-1.509475177047E0));
#4477=CARTESIAN_POINT('',(2.701295680625E0,-3.728801700625E0,
-1.479814839243E0));
#4478=CARTESIAN_POINT('',(2.721516098739E0,-3.749022118739E0,
-1.450580389700E0));
#4479=CARTESIAN_POINT('',(2.744571376766E0,-3.772077396766E0,
-1.421913950195E0));
#4480=CARTESIAN_POINT('',(2.770508134304E0,-3.798014154304E0,
-1.394191288197E0));
#4481=CARTESIAN_POINT('',(2.799215795657E0,-3.826721815657E0,
-1.367893872572E0));
#4482=CARTESIAN_POINT('',(2.820011937082E0,-3.847517957082E0,
-1.351650927288E0));
#4483=CARTESIAN_POINT('',(2.83082932E0,-3.85833534E0,-1.343882127816E0));
#4485=CARTESIAN_POINT('',(2.83082932E0,-3.85833534E0,-1.343882127816E0));
#4486=CARTESIAN_POINT('',(2.832246376904E0,-3.859752396904E0,
-1.342864429634E0));
#4487=CARTESIAN_POINT('',(2.835047439728E0,-3.862600421232E0,
-1.340841528879E0));
#4488=CARTESIAN_POINT('',(2.837783137265E0,-3.865475593872E0,
-1.338844394408E0));
#4489=CARTESIAN_POINT('',(2.839134833918E0,-3.866919803197E0,
-1.337852450962E0));
#4491=CARTESIAN_POINT('',(6.608651660821E-1,-3.866919803197E0,
-1.337852450962E0));
#4492=CARTESIAN_POINT('',(6.622168124724E-1,-3.865475647575E0,
-1.338844357522E0));
#4493=CARTESIAN_POINT('',(6.649524581093E-1,-3.862600526835E0,
-1.340841454694E0));
#4494=CARTESIAN_POINT('',(6.677535712178E-1,-3.859752448782E0,
-1.342864392377E0));
#4495=CARTESIAN_POINT('',(6.6917068E-1,-3.85833534E0,-1.343882127816E0));
#4497=DIRECTION('',(0.E0,-1.E0,0.E0));
#4498=VECTOR('',#4497,2.8E0);
#4499=CARTESIAN_POINT('',(8.7750602E-1,-8.5E-1,-1.75E0));
#4500=LINE('',#4499,#4498);
#4501=DIRECTION('',(1.E0,0.E0,0.E0));
#4502=VECTOR('',#4501,1.74498796E0);
#4503=CARTESIAN_POINT('',(8.7750602E-1,-8.5E-1,-1.75E0));
#4504=LINE('',#4503,#4502);
#4505=DIRECTION('',(0.E0,-1.E0,0.E0));
#4506=VECTOR('',#4505,2.8E0);
#4507=CARTESIAN_POINT('',(2.62249398E0,-8.5E-1,-1.75E0));
#4508=LINE('',#4507,#4506);
#4509=DIRECTION('',(1.E0,0.E0,0.E0));
#4510=VECTOR('',#4509,1.74498796E0);
#4511=CARTESIAN_POINT('',(8.7750602E-1,-3.65E0,-1.75E0));
#4512=LINE('',#4511,#4510);
#4513=CARTESIAN_POINT('',(3.677961673676E-1,-4.362015591723E0,
-9.977999295314E-1));
#4514=CARTESIAN_POINT('',(4.001754436357E-1,-4.272545210803E0,
-1.059251934033E0));
#4515=CARTESIAN_POINT('',(4.591735027766E-1,-4.142744507926E0,
-1.148404492628E0));
#4516=CARTESIAN_POINT('',(5.636829886756E-1,-3.980593007214E0,
-1.259776933979E0));
#4517=CARTESIAN_POINT('',(6.262710191001E-1,-3.903881638950E0,
-1.312465514260E0));
#4518=CARTESIAN_POINT('',(6.608651660821E-1,-3.866919803197E0,
-1.337852450962E0));
#4520=DIRECTION('',(1.E0,0.E0,0.E0));
#4521=VECTOR('',#4520,2.178269667836E0);
#4522=CARTESIAN_POINT('',(6.608651660821E-1,-3.866919803197E0,
-1.337852450962E0));
#4523=LINE('',#4522,#4521);
#4524=CARTESIAN_POINT('',(2.839134833918E0,-3.866919803197E0,
-1.337852450962E0));
#4525=CARTESIAN_POINT('',(2.873728980900E0,-3.903881638950E0,
-1.312465514260E0));
#4526=CARTESIAN_POINT('',(2.936317011324E0,-3.980593007214E0,
-1.259776933979E0));
#4527=CARTESIAN_POINT('',(3.040826497223E0,-4.142744507926E0,
-1.148404492628E0));
#4528=CARTESIAN_POINT('',(3.099824556364E0,-4.272545210803E0,
-1.059251934033E0));
#4529=CARTESIAN_POINT('',(3.132203832632E0,-4.362015591723E0,
-9.977999295314E-1));
#4531=DIRECTION('',(1.E0,0.E0,0.E0));
#4532=VECTOR('',#4531,2.718211268822E0);
#4533=CARTESIAN_POINT('',(3.908943655892E-1,-4.563232078721E0,
-8.595960196153E-1));
#4534=LINE('',#4533,#4532);
#4535=DIRECTION('',(1.E0,0.E0,0.E0));
#4536=VECTOR('',#4535,2.696975647301E0);
#4537=CARTESIAN_POINT('',(4.015121763494E-1,-4.65E0,-6.94737E-1));
#4538=LINE('',#4537,#4536);
#4539=DIRECTION('',(1.E0,0.E0,0.E0));
#4540=VECTOR('',#4539,2.696975647301E0);
#4541=CARTESIAN_POINT('',(4.015121763494E-1,-4.65E0,-2.E-1));
#4542=LINE('',#4541,#4540);
#4543=CARTESIAN_POINT('',(-3.132203832632E0,-1.379844082774E-1,
-9.977999295314E-1));
#4544=CARTESIAN_POINT('',(-3.147233100855E0,-2.752285771188E-1,
-9.692761709767E-1));
#4545=CARTESIAN_POINT('',(-3.174517452245E0,-5.514425937528E-1,
-9.108079952053E-1));
#4546=CARTESIAN_POINT('',(-3.206852432354E0,-9.712182117722E-1,
-8.193673371162E-1));
#4547=CARTESIAN_POINT('',(-3.230235918732E0,-1.395443452890E0,
-7.250034919685E-1));
#4548=CARTESIAN_POINT('',(-3.244363781791E0,-1.822667732781E0,
-6.286629770998E-1));
#4549=CARTESIAN_POINT('',(-3.2475E0,-2.107456211024E0,-5.640077942749E-1));
#4550=CARTESIAN_POINT('',(-3.2475E0,-2.25E0,-5.316463834486E-1));
#4552=CARTESIAN_POINT('',(-3.2475E0,-2.25E0,-5.316463834486E-1));
#4553=CARTESIAN_POINT('',(-3.2475E0,-2.392544076590E0,-5.640078595713E-1));
#4554=CARTESIAN_POINT('',(-3.244363769909E0,-2.677332950765E0,
-6.286631322452E-1));
#4555=CARTESIAN_POINT('',(-3.230235879728E0,-3.104557381330E0,
-7.250036787111E-1));
#4556=CARTESIAN_POINT('',(-3.206852411757E0,-3.528782045751E0,
-8.193673931580E-1));
#4557=CARTESIAN_POINT('',(-3.174517447427E0,-3.948557453766E0,
-9.108080051804E-1));
#4558=CARTESIAN_POINT('',(-3.147233101640E0,-4.224771415705E0,
-9.692761694853E-1));
#4559=CARTESIAN_POINT('',(-3.132203832632E0,-4.362015591723E0,
-9.977999295314E-1));
#4561=CARTESIAN_POINT('',(-3.132203832632E0,-4.362015591723E0,
-9.977999295314E-1));
#4562=CARTESIAN_POINT('',(-3.124855924424E0,-4.429115169686E0,
-9.517131293562E-1));
#4563=CARTESIAN_POINT('',(-3.117156658855E0,-4.496187342458E0,
-9.056451522141E-1));
#4564=CARTESIAN_POINT('',(-3.109105634411E0,-4.563232078721E0,
-8.595960196153E-1));
#4566=CARTESIAN_POINT('',(-3.109105634411E0,-4.563232078721E0,
-8.595960196153E-1));
#4567=CARTESIAN_POINT('',(-3.108463395706E0,-4.568580307990E0,
-8.559226317772E-1));
#4568=CARTESIAN_POINT('',(-3.107223194043E0,-4.578870650608E0,
-8.480944569019E-1));
#4569=CARTESIAN_POINT('',(-3.105485667275E0,-4.593194020522E0,
-8.348169625080E-1));
#4570=CARTESIAN_POINT('',(-3.103912086894E0,-4.606089127838E0,
-8.202790884286E-1));
#4571=CARTESIAN_POINT('',(-3.102517020380E0,-4.617461828800E0,
-8.046534831294E-1));
#4572=CARTESIAN_POINT('',(-3.101299668619E0,-4.627340560431E0,
-7.878869776449E-1));
#4573=CARTESIAN_POINT('',(-3.100286374129E0,-4.635531477639E0,
-7.702534810301E-1));
#4574=CARTESIAN_POINT('',(-3.099492118612E0,-4.641931900769E0,
-7.520624325389E-1));
#4575=CARTESIAN_POINT('',(-3.098914149031E0,-4.646578493887E0,
-7.332459680873E-1));
#4576=CARTESIAN_POINT('',(-3.098564823142E0,-4.649382433648E0,
-7.140086579870E-1));
#4577=CARTESIAN_POINT('',(-3.098487823651E0,-4.65E0,-7.011772041572E-1));
#4578=CARTESIAN_POINT('',(-3.098487823651E0,-4.65E0,-6.94737E-1));
#4580=DIRECTION('',(0.E0,0.E0,1.E0));
#4581=VECTOR('',#4580,4.94737E-1);
#4582=CARTESIAN_POINT('',(-3.098487823651E0,-4.65E0,-6.94737E-1));
#4583=LINE('',#4582,#4581);
#4584=CARTESIAN_POINT('',(-3.098487823651E0,-4.65E0,-2.E-1));
#4585=CARTESIAN_POINT('',(-3.098487823651E0,-4.65E0,-1.934961738621E-1));
#4586=CARTESIAN_POINT('',(-3.098409323949E0,-4.650629852073E0,
-1.805297986334E-1));
#4587=CARTESIAN_POINT('',(-3.098051741851E0,-4.653496648101E0,
-1.610673309390E-1));
#4588=CARTESIAN_POINT('',(-3.097456552802E0,-4.658260641073E0,
-1.420021548862E-1));
#4589=CARTESIAN_POINT('',(-3.096635070494E0,-4.664820151728E0,
-1.236133966270E-1));
#4590=CARTESIAN_POINT('',(-3.095590854687E0,-4.673132170895E0,
-1.059477808843E-1));
#4591=CARTESIAN_POINT('',(-3.094318822281E0,-4.683218574909E0,
-8.903307184148E-2));
#4592=CARTESIAN_POINT('',(-3.092835203505E0,-4.694928964888E0,
-7.318690579558E-2));
#4593=CARTESIAN_POINT('',(-3.091163302242E0,-4.708057241585E0,
-5.865131327246E-2));
#4594=CARTESIAN_POINT('',(-3.089310142772E0,-4.722526089287E0,
-4.547132068313E-2));
#4595=CARTESIAN_POINT('',(-3.087269196233E0,-4.738361932895E0,
-3.366446132759E-2));
#4596=CARTESIAN_POINT('',(-3.085070621485E0,-4.755306202791E0,
-2.347051624218E-2));
#4597=CARTESIAN_POINT('',(-3.082749532024E0,-4.773068577430E0,
-1.504153138233E-2));
#4598=CARTESIAN_POINT('',(-3.080318784078E0,-4.791534788864E0,
-8.398875687670E-3));
#4599=CARTESIAN_POINT('',(-3.077773824546E0,-4.810723242971E0,
-3.559986982600E-3));
#4600=CARTESIAN_POINT('',(-3.075151654531E0,-4.830340760711E0,
-6.427939714561E-4));
#4601=CARTESIAN_POINT('',(-3.073388468949E0,-4.843429845350E0,0.E0));
#4602=CARTESIAN_POINT('',(-3.0725E0,-4.85E0,0.E0));
#4604=CARTESIAN_POINT('',(-3.0725E0,3.5E-1,0.E0));
#4605=CARTESIAN_POINT('',(-3.073388423776E0,3.434301793997E-1,0.E0));
#4606=CARTESIAN_POINT('',(-3.075151667003E0,3.303406754985E-1,
-6.427004545511E-4));
#4607=CARTESIAN_POINT('',(-3.077774411297E0,3.107188471433E-1,
-3.560728403450E-3));
#4608=CARTESIAN_POINT('',(-3.080320259932E0,2.915236532862E-1,
-8.401761961265E-3));
#4609=CARTESIAN_POINT('',(-3.082752492339E0,2.730459965879E-1,
-1.505105991366E-2));
#4610=CARTESIAN_POINT('',(-3.085071352751E0,2.553005551106E-1,
-2.347407551469E-2));
#4611=CARTESIAN_POINT('',(-3.087269699541E0,2.383580455214E-1,
-3.366701929403E-2));
#4612=CARTESIAN_POINT('',(-3.089310843821E0,2.225206453653E-1,
-4.547540985634E-2));
#4613=CARTESIAN_POINT('',(-3.091164870866E0,2.080449574117E-1,
-5.866369377811E-2));
#4614=CARTESIAN_POINT('',(-3.092835518551E0,1.949264686962E-1,
-7.319061655438E-2));
#4615=CARTESIAN_POINT('',(-3.094318798075E0,1.832187674154E-1,
-8.903285022530E-2));
#4616=CARTESIAN_POINT('',(-3.095590961084E0,1.731313293546E-1,
-1.059488157534E-1));
#4617=CARTESIAN_POINT('',(-3.096635571006E0,1.648161614025E-1,
-1.236229464330E-1));
#4618=CARTESIAN_POINT('',(-3.097456558956E0,1.582605884189E-1,
-1.420037848061E-1));
#4619=CARTESIAN_POINT('',(-3.098051560941E0,1.534980977177E-1,
-1.610603608878E-1));
#4620=CARTESIAN_POINT('',(-3.098409293275E0,1.506300983463E-1,
-1.805258045655E-1));
#4621=CARTESIAN_POINT('',(-3.098487823651E0,1.5E-1,-1.934943888022E-1));
#4622=CARTESIAN_POINT('',(-3.098487823651E0,1.5E-1,-2.E-1));
#4624=DIRECTION('',(0.E0,0.E0,1.E0));
#4625=VECTOR('',#4624,4.94737E-1);
#4626=CARTESIAN_POINT('',(-3.098487823651E0,1.5E-1,-6.94737E-1));
#4627=LINE('',#4626,#4625);
#4628=CARTESIAN_POINT('',(-3.098487823651E0,1.5E-1,-6.94737E-1));
#4629=CARTESIAN_POINT('',(-3.098487823651E0,1.5E-1,-7.011786833777E-1));
#4630=CARTESIAN_POINT('',(-3.098564849714E0,1.493822208160E-1,
-7.140117556133E-1));
#4631=CARTESIAN_POINT('',(-3.098914255678E0,1.465776365901E-1,
-7.332494580381E-1));
#4632=CARTESIAN_POINT('',(-3.099491981104E0,1.419330066540E-1,
-7.520583244245E-1));
#4633=CARTESIAN_POINT('',(-3.100286303745E0,1.355320475017E-1,
-7.702525710028E-1));
#4634=CARTESIAN_POINT('',(-3.101299790773E0,1.273395717328E-1,
-7.878888399150E-1));
#4635=CARTESIAN_POINT('',(-3.102516930804E0,1.174625514236E-1,
-8.046520124132E-1));
#4636=CARTESIAN_POINT('',(-3.103911663749E0,1.060925892827E-1,
-8.202749358659E-1));
#4637=CARTESIAN_POINT('',(-3.105485817502E0,9.319279264093E-2,
-8.348184596392E-1));
#4638=CARTESIAN_POINT('',(-3.107223377509E0,7.886913127794E-2,
-8.480956558562E-1));
#4639=CARTESIAN_POINT('',(-3.108463495650E0,6.857947570633E-2,
-8.559232034248E-1));
#4640=CARTESIAN_POINT('',(-3.109105634411E0,6.323207872101E-2,
-8.595960196153E-1));
#4642=CARTESIAN_POINT('',(-3.109105634411E0,6.323207872101E-2,
-8.595960196153E-1));
#4643=CARTESIAN_POINT('',(-3.117156658855E0,-3.812657542079E-3,
-9.056451522141E-1));
#4644=CARTESIAN_POINT('',(-3.124855924424E0,-7.088483031405E-2,
-9.517131293562E-1));
#4645=CARTESIAN_POINT('',(-3.132203832632E0,-1.379844082774E-1,
-9.977999295314E-1));
#4647=DIRECTION('',(0.E0,1.E0,0.E0));
#4648=VECTOR('',#4647,3.21667068E0);
#4649=CARTESIAN_POINT('',(-2.83082932E0,-3.85833534E0,-1.343882127816E0));
#4650=LINE('',#4649,#4648);
#4651=CARTESIAN_POINT('',(-2.62249398E0,-8.5E-1,-1.75E0));
#4652=CARTESIAN_POINT('',(-2.62249398E0,-8.5E-1,-1.740018165897E0));
#4653=CARTESIAN_POINT('',(-2.623091532999E0,-8.494024470006E-1,
-1.719995387211E0));
#4654=CARTESIAN_POINT('',(-2.625814140309E0,-8.466798396908E-1,
-1.689877015484E0));
#4655=CARTESIAN_POINT('',(-2.630374028835E0,-8.421199511651E-1,
-1.659835993977E0));
#4656=CARTESIAN_POINT('',(-2.636855415563E0,-8.356385644369E-1,
-1.629678342362E0));
#4657=CARTESIAN_POINT('',(-2.645321407618E0,-8.271725723816E-1,
-1.599544602338E0));
#4658=CARTESIAN_POINT('',(-2.655832391685E0,-8.166615883145E-1,
-1.569517251985E0));
#4659=CARTESIAN_POINT('',(-2.668625260167E0,-8.038687198333E-1,
-1.539361072210E0));
#4660=CARTESIAN_POINT('',(-2.683711793411E0,-7.887821865885E-1,
-1.509471414247E0));
#4661=CARTESIAN_POINT('',(-2.701296316369E0,-7.711976636314E-1,
-1.479814055494E0));
#4662=CARTESIAN_POINT('',(-2.721514352891E0,-7.509796271085E-1,
-1.450582746610E0));
#4663=CARTESIAN_POINT('',(-2.744571552135E0,-7.279224278651E-1,
-1.421913565025E0));
#4664=CARTESIAN_POINT('',(-2.770512170025E0,-7.019818099750E-1,
-1.394187028965E0));
#4665=CARTESIAN_POINT('',(-2.799224641969E0,-6.732693380308E-1,
-1.367886416825E0));
#4666=CARTESIAN_POINT('',(-2.820015902378E0,-6.524780776217E-1,
-1.351648079502E0));
#4667=CARTESIAN_POINT('',(-2.83082932E0,-6.4166466E-1,-1.343882127816E0));
#4669=CARTESIAN_POINT('',(-2.83082932E0,-6.4166466E-1,-1.343882127816E0));
#4670=CARTESIAN_POINT('',(-2.832246419313E0,-6.402475606870E-1,
-1.342864399177E0));
#4671=CARTESIAN_POINT('',(-2.835047523243E0,-6.373994924402E-1,
-1.340841468235E0));
#4672=CARTESIAN_POINT('',(-2.837783178353E0,-6.345243622274E-1,
-1.338844364255E0));
#4673=CARTESIAN_POINT('',(-2.839134833918E0,-6.330801968025E-1,
-1.337852450962E0));
#4675=DIRECTION('',(1.E0,0.E0,0.E0));
#4676=VECTOR('',#4675,2.178269667836E0);
#4677=CARTESIAN_POINT('',(-2.839134833918E0,-6.330801968025E-1,
-1.337852450962E0));
#4678=LINE('',#4677,#4676);
#4679=CARTESIAN_POINT('',(-6.608651660821E-1,-6.330801968025E-1,
-1.337852450962E0));
#4680=CARTESIAN_POINT('',(-6.622168720450E-1,-6.345244160750E-1,
-1.338844401240E0));
#4681=CARTESIAN_POINT('',(-6.649525791957E-1,-6.373995983281E-1,
-1.340841542620E0));
#4682=CARTESIAN_POINT('',(-6.677536327053E-1,-6.402476127053E-1,
-1.342864436536E0));
#4683=CARTESIAN_POINT('',(-6.6917068E-1,-6.4166466E-1,-1.343882127816E0));
#4685=CARTESIAN_POINT('',(-6.6917068E-1,-6.4166466E-1,-1.343882127816E0));
#4686=CARTESIAN_POINT('',(-6.799896909406E-1,-6.524836709406E-1,
-1.351652096497E0));
#4687=CARTESIAN_POINT('',(-7.007881752648E-1,-6.732821552648E-1,
-1.367897133766E0));
#4688=CARTESIAN_POINT('',(-7.294964224648E-1,-7.019904024648E-1,
-1.394195792386E0));
#4689=CARTESIAN_POINT('',(-7.554323903591E-1,-7.279263703591E-1,
-1.421918342141E0));
#4690=CARTESIAN_POINT('',(-7.784864930310E-1,-7.509804730310E-1,
-1.450583889583E0));
#4691=CARTESIAN_POINT('',(-7.987067294665E-1,-7.712007094665E-1,
-1.479818584728E0));
#4692=CARTESIAN_POINT('',(-8.162925077260E-1,-7.887864877260E-1,
-1.509479150268E0));
#4693=CARTESIAN_POINT('',(-8.313790200326E-1,-8.038730000326E-1,
-1.539370314236E0));
#4694=CARTESIAN_POINT('',(-8.441710451374E-1,-8.166650251374E-1,
-1.569526079168E0));
#4695=CARTESIAN_POINT('',(-8.546816385893E-1,-8.271756185893E-1,
-1.599554491055E0));
#4696=CARTESIAN_POINT('',(-8.631455561844E-1,-8.356395361844E-1,
-1.629682556940E0));
#4697=CARTESIAN_POINT('',(-8.696269246216E-1,-8.421209046216E-1,
-1.659841058938E0));
#4698=CARTESIAN_POINT('',(-8.741862590385E-1,-8.466802390385E-1,
-1.689880816889E0));
#4699=CARTESIAN_POINT('',(-8.769084753405E-1,-8.494024553405E-1,
-1.719996250365E0));
#4700=CARTESIAN_POINT('',(-8.7750602E-1,-8.5E-1,-1.740018367677E0));
#4701=CARTESIAN_POINT('',(-8.7750602E-1,-8.5E-1,-1.75E0));
#4703=CARTESIAN_POINT('',(-3.132203832632E0,-1.379844082774E-1,
-9.977999295314E-1));
#4704=CARTESIAN_POINT('',(-3.099824556364E0,-2.274547891973E-1,
-1.059251934033E0));
#4705=CARTESIAN_POINT('',(-3.040826497223E0,-3.572554920736E-1,
-1.148404492628E0));
#4706=CARTESIAN_POINT('',(-2.936317011324E0,-5.194069927859E-1,
-1.259776933979E0));
#4707=CARTESIAN_POINT('',(-2.873728980900E0,-5.961183610498E-1,
-1.312465514260E0));
#4708=CARTESIAN_POINT('',(-2.839134833918E0,-6.330801968025E-1,
-1.337852450962E0));
#4710=DIRECTION('',(1.E0,0.E0,0.E0));
#4711=VECTOR('',#4710,2.718211268822E0);
#4712=CARTESIAN_POINT('',(-3.109105634411E0,6.323207872101E-2,
-8.595960196153E-1));
#4713=LINE('',#4712,#4711);
#4714=CARTESIAN_POINT('',(-6.608651660821E-1,-6.330801968025E-1,
-1.337852450962E0));
#4715=CARTESIAN_POINT('',(-6.262710191001E-1,-5.961183610498E-1,
-1.312465514260E0));
#4716=CARTESIAN_POINT('',(-5.636829886756E-1,-5.194069927859E-1,
-1.259776933979E0));
#4717=CARTESIAN_POINT('',(-4.591735027766E-1,-3.572554920736E-1,
-1.148404492628E0));
#4718=CARTESIAN_POINT('',(-4.001754436357E-1,-2.274547891973E-1,
-1.059251934033E0));
#4719=CARTESIAN_POINT('',(-3.677961673676E-1,-1.379844082774E-1,
-9.977999295314E-1));
#4721=DIRECTION('',(1.E0,0.E0,0.E0));
#4722=VECTOR('',#4721,2.696975647301E0);
#4723=CARTESIAN_POINT('',(-3.098487823651E0,1.5E-1,-6.94737E-1));
#4724=LINE('',#4723,#4722);
#4725=DIRECTION('',(1.E0,0.E0,-4.330608706365E-14));
#4726=VECTOR('',#4725,2.696975647301E0);
#4727=CARTESIAN_POINT('',(-3.098487823651E0,1.5E-1,-2.E-1));
#4728=LINE('',#4727,#4726);
#4729=CARTESIAN_POINT('',(-3.677961673676E-1,-4.362015591723E0,
-9.977999295314E-1));
#4730=CARTESIAN_POINT('',(-3.527668267857E-1,-4.224770762108E0,
-9.692760336468E-1));
#4731=CARTESIAN_POINT('',(-3.254824298865E-1,-3.948555970126E0,
-9.108076839783E-1));
#4732=CARTESIAN_POINT('',(-2.931476567976E-1,-3.528782888418E0,
-8.193675762777E-1));
#4733=CARTESIAN_POINT('',(-2.697641155783E-1,-3.104557718604E0,
-7.250037571092E-1));
#4734=CARTESIAN_POINT('',(-2.556361698086E-1,-2.677330520660E0,
-6.286625821502E-1));
#4735=CARTESIAN_POINT('',(-2.525E-1,-2.392542995372E0,-5.640076141046E-1));
#4736=CARTESIAN_POINT('',(-2.525E-1,-2.25E0,-5.316463834486E-1));
#4738=CARTESIAN_POINT('',(-2.525E-1,-2.25E0,-5.316463834486E-1));
#4739=CARTESIAN_POINT('',(-2.525E-1,-2.107456716057E0,-5.640076796184E-1));
#4740=CARTESIAN_POINT('',(-2.556361817315E-1,-1.822668793905E0,
-6.286627377242E-1));
#4741=CARTESIAN_POINT('',(-2.697641546183E-1,-1.395441447088E0,
-7.250039438667E-1));
#4742=CARTESIAN_POINT('',(-2.931476771263E-1,-9.712168582176E-1,
-8.193676314018E-1));
#4743=CARTESIAN_POINT('',(-3.254824345486E-1,-5.514439838911E-1,
-9.108076936286E-1));
#4744=CARTESIAN_POINT('',(-3.527668259267E-1,-2.752292457363E-1,
-9.692760320165E-1));
#4745=CARTESIAN_POINT('',(-3.677961673676E-1,-1.379844082774E-1,
-9.977999295314E-1));
#4747=CARTESIAN_POINT('',(-3.677961673676E-1,-1.379844082774E-1,
-9.977999295314E-1));
#4748=CARTESIAN_POINT('',(-3.751440755762E-1,-7.088483031405E-2,
-9.517131293562E-1));
#4749=CARTESIAN_POINT('',(-3.828433411446E-1,-3.812657542078E-3,
-9.056451522141E-1));
#4750=CARTESIAN_POINT('',(-3.908943655892E-1,6.323207872101E-2,
-8.595960196153E-1));
#4752=CARTESIAN_POINT('',(-3.908943655892E-1,6.323207872101E-2,
-8.595960196153E-1));
#4753=CARTESIAN_POINT('',(-3.915365043497E-1,6.857947570634E-2,
-8.559232034248E-1));
#4754=CARTESIAN_POINT('',(-3.927766224907E-1,7.886913127796E-2,
-8.480956558562E-1));
#4755=CARTESIAN_POINT('',(-3.945141824980E-1,9.319279264093E-2,
-8.348184596392E-1));
#4756=CARTESIAN_POINT('',(-3.960883362508E-1,1.060925892827E-1,
-8.202749358660E-1));
#4757=CARTESIAN_POINT('',(-3.974830691958E-1,1.174625514236E-1,
-8.046520124132E-1));
#4758=CARTESIAN_POINT('',(-3.987002092274E-1,1.273395717328E-1,
-7.878888399150E-1));
#4759=CARTESIAN_POINT('',(-3.997136962551E-1,1.355320475018E-1,
-7.702525710028E-1));
#4760=CARTESIAN_POINT('',(-4.005080188961E-1,1.419330066540E-1,
-7.520583244245E-1));
#4761=CARTESIAN_POINT('',(-4.010857443221E-1,1.465776365901E-1,
-7.332494580381E-1));
#4762=CARTESIAN_POINT('',(-4.014351502861E-1,1.493822208160E-1,
-7.140117556133E-1));
#4763=CARTESIAN_POINT('',(-4.015121763494E-1,1.5E-1,-7.011786833777E-1));
#4764=CARTESIAN_POINT('',(-4.015121763494E-1,1.5E-1,-6.94737E-1));
#4766=DIRECTION('',(0.E0,0.E0,1.E0));
#4767=VECTOR('',#4766,4.947369999999E-1);
#4768=CARTESIAN_POINT('',(-4.015121763494E-1,1.5E-1,-6.94737E-1));
#4769=LINE('',#4768,#4767);
#4770=CARTESIAN_POINT('',(-4.015121763494E-1,1.5E-1,-2.000000000001E-1));
#4771=CARTESIAN_POINT('',(-4.015121763494E-1,1.5E-1,-1.934943796369E-1));
#4772=CARTESIAN_POINT('',(-4.015907068954E-1,1.506300997154E-1,
-1.805257797337E-1));
#4773=CARTESIAN_POINT('',(-4.019484402971E-1,1.534981076320E-1,
-1.610603112468E-1));
#4774=CARTESIAN_POINT('',(-4.025434426320E-1,1.582606011364E-1,
-1.420037369533E-1));
#4775=CARTESIAN_POINT('',(-4.033644349025E-1,1.648162085134E-1,
-1.236228306401E-1));
#4776=CARTESIAN_POINT('',(-4.044090444192E-1,1.731313731097E-1,
-1.059487329798E-1));
#4777=CARTESIAN_POINT('',(-4.056812114444E-1,1.832188426968E-1,
-8.903273799429E-2));
#4778=CARTESIAN_POINT('',(-4.071644895528E-1,1.949265326332E-1,
-7.319053381249E-2));
#4779=CARTESIAN_POINT('',(-4.088351518791E-1,2.080451355219E-1,
-5.866351422446E-2));
#4780=CARTESIAN_POINT('',(-4.106891700734E-1,2.225207534908E-1,
-4.547532245176E-2));
#4781=CARTESIAN_POINT('',(-4.127303218873E-1,2.383582111914E-1,
-3.366690823817E-2));
#4782=CARTESIAN_POINT('',(-4.149286659604E-1,2.553006991469E-1,
-2.347399312460E-2));
#4783=CARTESIAN_POINT('',(-4.172475544204E-1,2.730463531439E-1,
-1.505091114405E-2));
#4784=CARTESIAN_POINT('',(-4.196797638025E-1,2.915238326595E-1,
-8.401711430487E-3));
#4785=CARTESIAN_POINT('',(-4.222256167993E-1,3.107190580733E-1,
-3.560687303017E-3));
#4786=CARTESIAN_POINT('',(-4.248483400834E-1,3.303407279237E-1,
-6.427003590923E-4));
#4787=CARTESIAN_POINT('',(-4.266115784880E-1,3.434301961406E-1,0.E0));
#4788=CARTESIAN_POINT('',(-4.275E-1,3.5E-1,0.E0));
#4790=CARTESIAN_POINT('',(-4.275E-1,-4.85E0,0.E0));
#4791=CARTESIAN_POINT('',(-4.266115065641E-1,-4.843429664269E0,0.E0));
#4792=CARTESIAN_POINT('',(-4.248482709900E-1,-4.830340209473E0,
-6.427984013365E-4));
#4793=CARTESIAN_POINT('',(-4.222258961342E-1,-4.810721145980E0,
-3.560395954785E-3));
#4794=CARTESIAN_POINT('',(-4.196809864836E-1,-4.791533054590E0,
-8.399369096225E-3));
#4795=CARTESIAN_POINT('',(-4.172500304220E-1,-4.773065241073E0,
-1.504292171680E-2));
#4796=CARTESIAN_POINT('',(-4.149291906733E-1,-4.755304757284E0,
-2.347133570166E-2));
#4797=CARTESIAN_POINT('',(-4.127305912907E-1,-4.738360289916E0,
-3.366556713707E-2));
#4798=CARTESIAN_POINT('',(-4.106897298966E-1,-4.722525098294E0,
-4.547212391672E-2));
#4799=CARTESIAN_POINT('',(-4.088364837990E-1,-4.708055566228E0,
-5.865300006250E-2));
#4800=CARTESIAN_POINT('',(-4.071647212794E-1,-4.694928371414E0,
-7.318767640699E-2));
#4801=CARTESIAN_POINT('',(-4.056810920981E-1,-4.683217897774E0,
-8.903408336724E-2));
#4802=CARTESIAN_POINT('',(-4.044090965775E-1,-4.673131783457E0,
-1.059485092828E-1));
#4803=CARTESIAN_POINT('',(-4.033648724774E-1,-4.664819697031E0,
-1.236145126041E-1));
#4804=CARTESIAN_POINT('',(-4.025434335686E-1,-4.658260531894E0,
-1.420025757356E-1));
#4805=CARTESIAN_POINT('',(-4.019482469596E-1,-4.653496558507E0,
-1.610677760202E-1));
#4806=CARTESIAN_POINT('',(-4.015906746444E-1,-4.650629840759E0,
-1.805300146919E-1));
#4807=CARTESIAN_POINT('',(-4.015121763494E-1,-4.65E0,-1.934962534587E-1));
#4808=CARTESIAN_POINT('',(-4.015121763494E-1,-4.65E0,-2.E-1));
#4810=DIRECTION('',(0.E0,0.E0,1.E0));
#4811=VECTOR('',#4810,4.94737E-1);
#4812=CARTESIAN_POINT('',(-4.015121763494E-1,-4.65E0,-6.94737E-1));
#4813=LINE('',#4812,#4811);
#4814=CARTESIAN_POINT('',(-4.015121763494E-1,-4.65E0,-6.94737E-1));
#4815=CARTESIAN_POINT('',(-4.015121763494E-1,-4.65E0,-7.011772041572E-1));
#4816=CARTESIAN_POINT('',(-4.014351768581E-1,-4.649382433648E0,
-7.140086579870E-1));
#4817=CARTESIAN_POINT('',(-4.010858509686E-1,-4.646578493887E0,
-7.332459680873E-1));
#4818=CARTESIAN_POINT('',(-4.005078813875E-1,-4.641931900769E0,
-7.520624325389E-1));
#4819=CARTESIAN_POINT('',(-3.997136258709E-1,-4.635531477639E0,
-7.702534810301E-1));
#4820=CARTESIAN_POINT('',(-3.987003313812E-1,-4.627340560431E0,
-7.878869776449E-1));
#4821=CARTESIAN_POINT('',(-3.974829796199E-1,-4.617461828800E0,
-8.046534831294E-1));
#4822=CARTESIAN_POINT('',(-3.960879131055E-1,-4.606089127838E0,
-8.202790884286E-1));
#4823=CARTESIAN_POINT('',(-3.945143327249E-1,-4.593194020522E0,
-8.348169625080E-1));
#4824=CARTESIAN_POINT('',(-3.927768059572E-1,-4.578870650608E0,
-8.480944569019E-1));
#4825=CARTESIAN_POINT('',(-3.915366042940E-1,-4.568580307990E0,
-8.559226317772E-1));
#4826=CARTESIAN_POINT('',(-3.908943655892E-1,-4.563232078721E0,
-8.595960196153E-1));
#4828=CARTESIAN_POINT('',(-3.908943655892E-1,-4.563232078721E0,
-8.595960196153E-1));
#4829=CARTESIAN_POINT('',(-3.828433411446E-1,-4.496187342458E0,
-9.056451522141E-1));
#4830=CARTESIAN_POINT('',(-3.751440755762E-1,-4.429115169686E0,
-9.517131293562E-1));
#4831=CARTESIAN_POINT('',(-3.677961673676E-1,-4.362015591723E0,
-9.977999295314E-1));
#4833=DIRECTION('',(0.E0,1.E0,0.E0));
#4834=VECTOR('',#4833,3.21667068E0);
#4835=CARTESIAN_POINT('',(-6.6917068E-1,-3.85833534E0,-1.343882127816E0));
#4836=LINE('',#4835,#4834);
#4837=CARTESIAN_POINT('',(-2.83082932E0,-3.85833534E0,-1.343882127816E0));
#4838=CARTESIAN_POINT('',(-2.820017466765E0,-3.847523486765E0,
-1.351646955995E0));
#4839=CARTESIAN_POINT('',(-2.799228417936E0,-3.826734437936E0,
-1.367883308325E0));
#4840=CARTESIAN_POINT('',(-2.770516275820E0,-3.798022295820E0,
-1.394182961840E0));
#4841=CARTESIAN_POINT('',(-2.744574726362E0,-3.772080746362E0,
-1.421909835483E0));
#4842=CARTESIAN_POINT('',(-2.721516019711E0,-3.749022039711E0,
-1.450580473950E0));
#4843=CARTESIAN_POINT('',(-2.701297892227E0,-3.728803912227E0,
-1.479811598906E0));
#4844=CARTESIAN_POINT('',(-2.683712960642E0,-3.711218980642E0,
-1.509469279866E0));
#4845=CARTESIAN_POINT('',(-2.668626428190E0,-3.696132448190E0,
-1.539358554320E0));
#4846=CARTESIAN_POINT('',(-2.655833021412E0,-3.683339041412E0,
-1.569515527806E0));
#4847=CARTESIAN_POINT('',(-2.645321538021E0,-3.672827558021E0,
-1.599544156001E0));
#4848=CARTESIAN_POINT('',(-2.636855595947E0,-3.664361615947E0,
-1.629677630834E0));
#4849=CARTESIAN_POINT('',(-2.630374099131E0,-3.657880119131E0,
-1.659835566553E0));
#4850=CARTESIAN_POINT('',(-2.625814164179E0,-3.653320184179E0,
-1.689876789460E0));
#4851=CARTESIAN_POINT('',(-2.623091531436E0,-3.650597551436E0,
-1.719995362725E0));
#4852=CARTESIAN_POINT('',(-2.62249398E0,-3.65E0,-1.740018169789E0));
#4853=CARTESIAN_POINT('',(-2.62249398E0,-3.65E0,-1.75E0));
#4855=CARTESIAN_POINT('',(-8.7750602E-1,-3.65E0,-1.75E0));
#4856=CARTESIAN_POINT('',(-8.7750602E-1,-3.65E0,-1.740017805428E0));
#4857=CARTESIAN_POINT('',(-8.769084003440E-1,-3.650597619656E0,
-1.719994745673E0));
#4858=CARTESIAN_POINT('',(-8.741860390008E-1,-3.653319980999E0,
-1.689878903953E0));
#4859=CARTESIAN_POINT('',(-8.696264482711E-1,-3.657879571729E0,
-1.659838393932E0));
#4860=CARTESIAN_POINT('',(-8.631448414240E-1,-3.664361178576E0,
-1.629679640757E0));
#4861=CARTESIAN_POINT('',(-8.546805824501E-1,-3.672825437550E0,
-1.599551106715E0));
#4862=CARTESIAN_POINT('',(-8.441696086970E-1,-3.683336411303E0,
-1.569522322873E0));
#4863=CARTESIAN_POINT('',(-8.313770329533E-1,-3.696128987047E0,
-1.539366018892E0));
#4864=CARTESIAN_POINT('',(-8.162903245750E-1,-3.711215695425E0,
-1.509475177047E0));
#4865=CARTESIAN_POINT('',(-7.987043193747E-1,-3.728801700625E0,
-1.479814839243E0));
#4866=CARTESIAN_POINT('',(-7.784839012605E-1,-3.749022118739E0,
-1.450580389700E0));
#4867=CARTESIAN_POINT('',(-7.554286232341E-1,-3.772077396766E0,
-1.421913950195E0));
#4868=CARTESIAN_POINT('',(-7.294918656956E-1,-3.798014154304E0,
-1.394191288197E0));
#4869=CARTESIAN_POINT('',(-7.007842043432E-1,-3.826721815657E0,
-1.367893872572E0));
#4870=CARTESIAN_POINT('',(-6.799880629181E-1,-3.847517957082E0,
-1.351650927288E0));
#4871=CARTESIAN_POINT('',(-6.6917068E-1,-3.85833534E0,-1.343882127816E0));
#4873=CARTESIAN_POINT('',(-6.6917068E-1,-3.85833534E0,-1.343882127816E0));
#4874=CARTESIAN_POINT('',(-6.677536230961E-1,-3.859752396904E0,
-1.342864429634E0));
#4875=CARTESIAN_POINT('',(-6.649525602724E-1,-3.862600421232E0,
-1.340841528879E0));
#4876=CARTESIAN_POINT('',(-6.622168627350E-1,-3.865475593872E0,
-1.338844394408E0));
#4877=CARTESIAN_POINT('',(-6.608651660821E-1,-3.866919803197E0,
-1.337852450962E0));
#4879=CARTESIAN_POINT('',(-2.839134833918E0,-3.866919803197E0,
-1.337852450962E0));
#4880=CARTESIAN_POINT('',(-2.837783187528E0,-3.865475647575E0,
-1.338844357522E0));
#4881=CARTESIAN_POINT('',(-2.835047541891E0,-3.862600526835E0,
-1.340841454694E0));
#4882=CARTESIAN_POINT('',(-2.832246428782E0,-3.859752448782E0,
-1.342864392377E0));
#4883=CARTESIAN_POINT('',(-2.83082932E0,-3.85833534E0,-1.343882127816E0));
#4885=DIRECTION('',(0.E0,-1.E0,0.E0));
#4886=VECTOR('',#4885,2.8E0);
#4887=CARTESIAN_POINT('',(-2.62249398E0,-8.5E-1,-1.75E0));
#4888=LINE('',#4887,#4886);
#4889=DIRECTION('',(1.E0,0.E0,0.E0));
#4890=VECTOR('',#4889,1.74498796E0);
#4891=CARTESIAN_POINT('',(-2.62249398E0,-8.5E-1,-1.75E0));
#4892=LINE('',#4891,#4890);
#4893=DIRECTION('',(0.E0,-1.E0,0.E0));
#4894=VECTOR('',#4893,2.8E0);
#4895=CARTESIAN_POINT('',(-8.7750602E-1,-8.5E-1,-1.75E0));
#4896=LINE('',#4895,#4894);
#4897=DIRECTION('',(1.E0,0.E0,0.E0));
#4898=VECTOR('',#4897,1.74498796E0);
#4899=CARTESIAN_POINT('',(-2.62249398E0,-3.65E0,-1.75E0));
#4900=LINE('',#4899,#4898);
#4901=CARTESIAN_POINT('',(-3.132203832632E0,-4.362015591723E0,
-9.977999295314E-1));
#4902=CARTESIAN_POINT('',(-3.099824556364E0,-4.272545210803E0,
-1.059251934033E0));
#4903=CARTESIAN_POINT('',(-3.040826497223E0,-4.142744507926E0,
-1.148404492628E0));
#4904=CARTESIAN_POINT('',(-2.936317011324E0,-3.980593007214E0,
-1.259776933979E0));
#4905=CARTESIAN_POINT('',(-2.873728980900E0,-3.903881638950E0,
-1.312465514260E0));
#4906=CARTESIAN_POINT('',(-2.839134833918E0,-3.866919803197E0,
-1.337852450962E0));
#4908=DIRECTION('',(1.E0,0.E0,0.E0));
#4909=VECTOR('',#4908,2.178269667836E0);
#4910=CARTESIAN_POINT('',(-2.839134833918E0,-3.866919803197E0,
-1.337852450962E0));
#4911=LINE('',#4910,#4909);
#4912=CARTESIAN_POINT('',(-6.608651660821E-1,-3.866919803197E0,
-1.337852450962E0));
#4913=CARTESIAN_POINT('',(-6.262710191001E-1,-3.903881638950E0,
-1.312465514260E0));
#4914=CARTESIAN_POINT('',(-5.636829886756E-1,-3.980593007214E0,
-1.259776933979E0));
#4915=CARTESIAN_POINT('',(-4.591735027766E-1,-4.142744507926E0,
-1.148404492628E0));
#4916=CARTESIAN_POINT('',(-4.001754436357E-1,-4.272545210803E0,
-1.059251934033E0));
#4917=CARTESIAN_POINT('',(-3.677961673676E-1,-4.362015591723E0,
-9.977999295314E-1));
#4919=DIRECTION('',(1.E0,0.E0,0.E0));
#4920=VECTOR('',#4919,2.718211268822E0);
#4921=CARTESIAN_POINT('',(-3.109105634411E0,-4.563232078721E0,
-8.595960196153E-1));
#4922=LINE('',#4921,#4920);
#4923=DIRECTION('',(1.E0,0.E0,0.E0));
#4924=VECTOR('',#4923,2.696975647301E0);
#4925=CARTESIAN_POINT('',(-3.098487823651E0,-4.65E0,-6.94737E-1));
#4926=LINE('',#4925,#4924);
#4927=DIRECTION('',(1.E0,0.E0,0.E0));
#4928=VECTOR('',#4927,2.696975647301E0);
#4929=CARTESIAN_POINT('',(-3.098487823651E0,-4.65E0,-2.E-1));
#4930=LINE('',#4929,#4928);
#4931=CARTESIAN_POINT('',(-6.632203832632E0,-1.379844082774E-1,
-9.977999295314E-1));
#4932=CARTESIAN_POINT('',(-6.647233100855E0,-2.752285771188E-1,
-9.692761709767E-1));
#4933=CARTESIAN_POINT('',(-6.674517452245E0,-5.514425937528E-1,
-9.108079952053E-1));
#4934=CARTESIAN_POINT('',(-6.706852432354E0,-9.712182117722E-1,
-8.193673371162E-1));
#4935=CARTESIAN_POINT('',(-6.730235918732E0,-1.395443452890E0,
-7.250034919685E-1));
#4936=CARTESIAN_POINT('',(-6.744363781791E0,-1.822667732781E0,
-6.286629770998E-1));
#4937=CARTESIAN_POINT('',(-6.7475E0,-2.107456211024E0,-5.640077942749E-1));
#4938=CARTESIAN_POINT('',(-6.7475E0,-2.25E0,-5.316463834486E-1));
#4940=CARTESIAN_POINT('',(-6.7475E0,-2.25E0,-5.316463834486E-1));
#4941=CARTESIAN_POINT('',(-6.7475E0,-2.392544076590E0,-5.640078595713E-1));
#4942=CARTESIAN_POINT('',(-6.744363769909E0,-2.677332950765E0,
-6.286631322452E-1));
#4943=CARTESIAN_POINT('',(-6.730235879728E0,-3.104557381330E0,
-7.250036787111E-1));
#4944=CARTESIAN_POINT('',(-6.706852411757E0,-3.528782045751E0,
-8.193673931580E-1));
#4945=CARTESIAN_POINT('',(-6.674517447427E0,-3.948557453766E0,
-9.108080051804E-1));
#4946=CARTESIAN_POINT('',(-6.647233101640E0,-4.224771415705E0,
-9.692761694853E-1));
#4947=CARTESIAN_POINT('',(-6.632203832632E0,-4.362015591723E0,
-9.977999295314E-1));
#4949=CARTESIAN_POINT('',(-6.632203832632E0,-4.362015591723E0,
-9.977999295314E-1));
#4950=CARTESIAN_POINT('',(-6.624855924424E0,-4.429115169686E0,
-9.517131293562E-1));
#4951=CARTESIAN_POINT('',(-6.617156658855E0,-4.496187342458E0,
-9.056451522141E-1));
#4952=CARTESIAN_POINT('',(-6.609105634411E0,-4.563232078721E0,
-8.595960196153E-1));
#4954=CARTESIAN_POINT('',(-6.609105634411E0,-4.563232078721E0,
-8.595960196153E-1));
#4955=CARTESIAN_POINT('',(-6.608463395706E0,-4.568580307990E0,
-8.559226317772E-1));
#4956=CARTESIAN_POINT('',(-6.607223194043E0,-4.578870650608E0,
-8.480944569019E-1));
#4957=CARTESIAN_POINT('',(-6.605485667275E0,-4.593194020522E0,
-8.348169625080E-1));
#4958=CARTESIAN_POINT('',(-6.603912086894E0,-4.606089127838E0,
-8.202790884285E-1));
#4959=CARTESIAN_POINT('',(-6.602517020380E0,-4.617461828800E0,
-8.046534831294E-1));
#4960=CARTESIAN_POINT('',(-6.601299668619E0,-4.627340560431E0,
-7.878869776449E-1));
#4961=CARTESIAN_POINT('',(-6.600286374129E0,-4.635531477639E0,
-7.702534810301E-1));
#4962=CARTESIAN_POINT('',(-6.599492118612E0,-4.641931900769E0,
-7.520624325389E-1));
#4963=CARTESIAN_POINT('',(-6.598914149031E0,-4.646578493887E0,
-7.332459680873E-1));
#4964=CARTESIAN_POINT('',(-6.598564823142E0,-4.649382433648E0,
-7.140086579870E-1));
#4965=CARTESIAN_POINT('',(-6.598487823651E0,-4.65E0,-7.011772041572E-1));
#4966=CARTESIAN_POINT('',(-6.598487823651E0,-4.65E0,-6.94737E-1));
#4968=DIRECTION('',(0.E0,0.E0,1.E0));
#4969=VECTOR('',#4968,4.94737E-1);
#4970=CARTESIAN_POINT('',(-6.598487823651E0,-4.65E0,-6.94737E-1));
#4971=LINE('',#4970,#4969);
#4972=CARTESIAN_POINT('',(-6.598487823651E0,-4.65E0,-2.E-1));
#4973=CARTESIAN_POINT('',(-6.598487823651E0,-4.65E0,-1.934961738621E-1));
#4974=CARTESIAN_POINT('',(-6.598409323949E0,-4.650629852073E0,
-1.805297986334E-1));
#4975=CARTESIAN_POINT('',(-6.598051741851E0,-4.653496648101E0,
-1.610673309390E-1));
#4976=CARTESIAN_POINT('',(-6.597456552802E0,-4.658260641073E0,
-1.420021548862E-1));
#4977=CARTESIAN_POINT('',(-6.596635070494E0,-4.664820151728E0,
-1.236133966270E-1));
#4978=CARTESIAN_POINT('',(-6.595590854687E0,-4.673132170895E0,
-1.059477808843E-1));
#4979=CARTESIAN_POINT('',(-6.594318822281E0,-4.683218574909E0,
-8.903307184148E-2));
#4980=CARTESIAN_POINT('',(-6.592835203505E0,-4.694928964888E0,
-7.318690579558E-2));
#4981=CARTESIAN_POINT('',(-6.591163302242E0,-4.708057241585E0,
-5.865131327246E-2));
#4982=CARTESIAN_POINT('',(-6.589310142772E0,-4.722526089287E0,
-4.547132068313E-2));
#4983=CARTESIAN_POINT('',(-6.587269196233E0,-4.738361932895E0,
-3.366446132759E-2));
#4984=CARTESIAN_POINT('',(-6.585070621485E0,-4.755306202791E0,
-2.347051624219E-2));
#4985=CARTESIAN_POINT('',(-6.582749532024E0,-4.773068577430E0,
-1.504153138233E-2));
#4986=CARTESIAN_POINT('',(-6.580318784078E0,-4.791534788864E0,
-8.398875687663E-3));
#4987=CARTESIAN_POINT('',(-6.577773824546E0,-4.810723242971E0,
-3.559986982602E-3));
#4988=CARTESIAN_POINT('',(-6.575151654531E0,-4.830340760711E0,
-6.427939714558E-4));
#4989=CARTESIAN_POINT('',(-6.573388468949E0,-4.843429845350E0,0.E0));
#4990=CARTESIAN_POINT('',(-6.5725E0,-4.85E0,0.E0));
#4992=CARTESIAN_POINT('',(-6.5725E0,3.5E-1,0.E0));
#4993=CARTESIAN_POINT('',(-6.573388423776E0,3.434301793997E-1,0.E0));
#4994=CARTESIAN_POINT('',(-6.575151667003E0,3.303406754985E-1,
-6.427004545511E-4));
#4995=CARTESIAN_POINT('',(-6.577774411297E0,3.107188471433E-1,
-3.560728403450E-3));
#4996=CARTESIAN_POINT('',(-6.580320259932E0,2.915236532862E-1,
-8.401761961265E-3));
#4997=CARTESIAN_POINT('',(-6.582752492339E0,2.730459965879E-1,
-1.505105991366E-2));
#4998=CARTESIAN_POINT('',(-6.585071352751E0,2.553005551106E-1,
-2.347407551469E-2));
#4999=CARTESIAN_POINT('',(-6.587269699541E0,2.383580455214E-1,
-3.366701929403E-2));
#5000=CARTESIAN_POINT('',(-6.589310843821E0,2.225206453653E-1,
-4.547540985633E-2));
#5001=CARTESIAN_POINT('',(-6.591164870866E0,2.080449574117E-1,
-5.866369377812E-2));
#5002=CARTESIAN_POINT('',(-6.592835518551E0,1.949264686962E-1,
-7.319061655438E-2));
#5003=CARTESIAN_POINT('',(-6.594318798075E0,1.832187674154E-1,
-8.903285022531E-2));
#5004=CARTESIAN_POINT('',(-6.595590961084E0,1.731313293546E-1,
-1.059488157534E-1));
#5005=CARTESIAN_POINT('',(-6.596635571006E0,1.648161614025E-1,
-1.236229464330E-1));
#5006=CARTESIAN_POINT('',(-6.597456558956E0,1.582605884189E-1,
-1.420037848061E-1));
#5007=CARTESIAN_POINT('',(-6.598051560941E0,1.534980977177E-1,
-1.610603608878E-1));
#5008=CARTESIAN_POINT('',(-6.598409293275E0,1.506300983463E-1,
-1.805258045655E-1));
#5009=CARTESIAN_POINT('',(-6.598487823651E0,1.5E-1,-1.934943888022E-1));
#5010=CARTESIAN_POINT('',(-6.598487823651E0,1.5E-1,-2.E-1));
#5012=DIRECTION('',(0.E0,0.E0,1.E0));
#5013=VECTOR('',#5012,4.94737E-1);
#5014=CARTESIAN_POINT('',(-6.598487823651E0,1.5E-1,-6.94737E-1));
#5015=LINE('',#5014,#5013);
#5016=CARTESIAN_POINT('',(-6.598487823651E0,1.5E-1,-6.94737E-1));
#5017=CARTESIAN_POINT('',(-6.598487823651E0,1.5E-1,-7.011786833777E-1));
#5018=CARTESIAN_POINT('',(-6.598564849714E0,1.493822208160E-1,
-7.140117556133E-1));
#5019=CARTESIAN_POINT('',(-6.598914255678E0,1.465776365901E-1,
-7.332494580381E-1));
#5020=CARTESIAN_POINT('',(-6.599491981104E0,1.419330066540E-1,
-7.520583244245E-1));
#5021=CARTESIAN_POINT('',(-6.600286303745E0,1.355320475017E-1,
-7.702525710028E-1));
#5022=CARTESIAN_POINT('',(-6.601299790773E0,1.273395717328E-1,
-7.878888399150E-1));
#5023=CARTESIAN_POINT('',(-6.602516930804E0,1.174625514236E-1,
-8.046520124132E-1));
#5024=CARTESIAN_POINT('',(-6.603911663749E0,1.060925892827E-1,
-8.202749358659E-1));
#5025=CARTESIAN_POINT('',(-6.605485817502E0,9.319279264093E-2,
-8.348184596392E-1));
#5026=CARTESIAN_POINT('',(-6.607223377509E0,7.886913127794E-2,
-8.480956558562E-1));
#5027=CARTESIAN_POINT('',(-6.608463495650E0,6.857947570633E-2,
-8.559232034248E-1));
#5028=CARTESIAN_POINT('',(-6.609105634411E0,6.323207872101E-2,
-8.595960196153E-1));
#5030=CARTESIAN_POINT('',(-6.609105634411E0,6.323207872101E-2,
-8.595960196153E-1));
#5031=CARTESIAN_POINT('',(-6.617156658855E0,-3.812657542079E-3,
-9.056451522141E-1));
#5032=CARTESIAN_POINT('',(-6.624855924424E0,-7.088483031405E-2,
-9.517131293562E-1));
#5033=CARTESIAN_POINT('',(-6.632203832632E0,-1.379844082774E-1,
-9.977999295314E-1));
#5035=DIRECTION('',(0.E0,1.E0,0.E0));
#5036=VECTOR('',#5035,3.21667068E0);
#5037=CARTESIAN_POINT('',(-6.33082932E0,-3.85833534E0,-1.343882127816E0));
#5038=LINE('',#5037,#5036);
#5039=CARTESIAN_POINT('',(-6.12249398E0,-8.5E-1,-1.75E0));
#5040=CARTESIAN_POINT('',(-6.12249398E0,-8.5E-1,-1.740018165897E0));
#5041=CARTESIAN_POINT('',(-6.123091532999E0,-8.494024470006E-1,
-1.719995387211E0));
#5042=CARTESIAN_POINT('',(-6.125814140309E0,-8.466798396908E-1,
-1.689877015484E0));
#5043=CARTESIAN_POINT('',(-6.130374028835E0,-8.421199511651E-1,
-1.659835993977E0));
#5044=CARTESIAN_POINT('',(-6.136855415563E0,-8.356385644369E-1,
-1.629678342362E0));
#5045=CARTESIAN_POINT('',(-6.145321407618E0,-8.271725723816E-1,
-1.599544602338E0));
#5046=CARTESIAN_POINT('',(-6.155832391685E0,-8.166615883145E-1,
-1.569517251985E0));
#5047=CARTESIAN_POINT('',(-6.168625260167E0,-8.038687198333E-1,
-1.539361072210E0));
#5048=CARTESIAN_POINT('',(-6.183711793411E0,-7.887821865885E-1,
-1.509471414247E0));
#5049=CARTESIAN_POINT('',(-6.201296316369E0,-7.711976636314E-1,
-1.479814055494E0));
#5050=CARTESIAN_POINT('',(-6.221514352891E0,-7.509796271085E-1,
-1.450582746610E0));
#5051=CARTESIAN_POINT('',(-6.244571552135E0,-7.279224278651E-1,
-1.421913565025E0));
#5052=CARTESIAN_POINT('',(-6.270512170025E0,-7.019818099750E-1,
-1.394187028965E0));
#5053=CARTESIAN_POINT('',(-6.299224641969E0,-6.732693380307E-1,
-1.367886416825E0));
#5054=CARTESIAN_POINT('',(-6.320015902378E0,-6.524780776217E-1,
-1.351648079502E0));
#5055=CARTESIAN_POINT('',(-6.33082932E0,-6.4166466E-1,-1.343882127816E0));
#5057=CARTESIAN_POINT('',(-6.33082932E0,-6.4166466E-1,-1.343882127816E0));
#5058=CARTESIAN_POINT('',(-6.332246419313E0,-6.402475606870E-1,
-1.342864399177E0));
#5059=CARTESIAN_POINT('',(-6.335047523243E0,-6.373994924402E-1,
-1.340841468235E0));
#5060=CARTESIAN_POINT('',(-6.337783178353E0,-6.345243622274E-1,
-1.338844364255E0));
#5061=CARTESIAN_POINT('',(-6.339134833918E0,-6.330801968025E-1,
-1.337852450962E0));
#5063=DIRECTION('',(1.E0,0.E0,0.E0));
#5064=VECTOR('',#5063,2.178269667836E0);
#5065=CARTESIAN_POINT('',(-6.339134833918E0,-6.330801968025E-1,
-1.337852450962E0));
#5066=LINE('',#5065,#5064);
#5067=CARTESIAN_POINT('',(-4.160865166082E0,-6.330801968025E-1,
-1.337852450962E0));
#5068=CARTESIAN_POINT('',(-4.162216872045E0,-6.345244160750E-1,
-1.338844401240E0));
#5069=CARTESIAN_POINT('',(-4.164952579196E0,-6.373995983281E-1,
-1.340841542620E0));
#5070=CARTESIAN_POINT('',(-4.167753632705E0,-6.402476127053E-1,
-1.342864436536E0));
#5071=CARTESIAN_POINT('',(-4.16917068E0,-6.4166466E-1,-1.343882127816E0));
#5073=CARTESIAN_POINT('',(-4.16917068E0,-6.4166466E-1,-1.343882127816E0));
#5074=CARTESIAN_POINT('',(-4.179989690941E0,-6.524836709406E-1,
-1.351652096497E0));
#5075=CARTESIAN_POINT('',(-4.200788175265E0,-6.732821552648E-1,
-1.367897133766E0));
#5076=CARTESIAN_POINT('',(-4.229496422465E0,-7.019904024648E-1,
-1.394195792386E0));
#5077=CARTESIAN_POINT('',(-4.255432390359E0,-7.279263703591E-1,
-1.421918342141E0));
#5078=CARTESIAN_POINT('',(-4.278486493031E0,-7.509804730310E-1,
-1.450583889583E0));
#5079=CARTESIAN_POINT('',(-4.298706729466E0,-7.712007094665E-1,
-1.479818584728E0));
#5080=CARTESIAN_POINT('',(-4.316292507726E0,-7.887864877260E-1,
-1.509479150268E0));
#5081=CARTESIAN_POINT('',(-4.331379020033E0,-8.038730000326E-1,
-1.539370314236E0));
#5082=CARTESIAN_POINT('',(-4.344171045137E0,-8.166650251374E-1,
-1.569526079168E0));
#5083=CARTESIAN_POINT('',(-4.354681638589E0,-8.271756185893E-1,
-1.599554491055E0));
#5084=CARTESIAN_POINT('',(-4.363145556184E0,-8.356395361844E-1,
-1.629682556940E0));
#5085=CARTESIAN_POINT('',(-4.369626924622E0,-8.421209046216E-1,
-1.659841058938E0));
#5086=CARTESIAN_POINT('',(-4.374186259039E0,-8.466802390385E-1,
-1.689880816889E0));
#5087=CARTESIAN_POINT('',(-4.376908475340E0,-8.494024553405E-1,
-1.719996250365E0));
#5088=CARTESIAN_POINT('',(-4.37750602E0,-8.5E-1,-1.740018367677E0));
#5089=CARTESIAN_POINT('',(-4.37750602E0,-8.5E-1,-1.75E0));
#5091=CARTESIAN_POINT('',(-6.632203832632E0,-1.379844082774E-1,
-9.977999295314E-1));
#5092=CARTESIAN_POINT('',(-6.599824556364E0,-2.274547891973E-1,
-1.059251934033E0));
#5093=CARTESIAN_POINT('',(-6.540826497223E0,-3.572554920736E-1,
-1.148404492628E0));
#5094=CARTESIAN_POINT('',(-6.436317011324E0,-5.194069927859E-1,
-1.259776933979E0));
#5095=CARTESIAN_POINT('',(-6.373728980900E0,-5.961183610498E-1,
-1.312465514260E0));
#5096=CARTESIAN_POINT('',(-6.339134833918E0,-6.330801968025E-1,
-1.337852450962E0));
#5098=DIRECTION('',(1.E0,0.E0,0.E0));
#5099=VECTOR('',#5098,2.718211268822E0);
#5100=CARTESIAN_POINT('',(-6.609105634411E0,6.323207872101E-2,
-8.595960196153E-1));
#5101=LINE('',#5100,#5099);
#5102=CARTESIAN_POINT('',(-4.160865166082E0,-6.330801968025E-1,
-1.337852450962E0));
#5103=CARTESIAN_POINT('',(-4.126271019100E0,-5.961183610498E-1,
-1.312465514260E0));
#5104=CARTESIAN_POINT('',(-4.063682988676E0,-5.194069927859E-1,
-1.259776933979E0));
#5105=CARTESIAN_POINT('',(-3.959173502777E0,-3.572554920736E-1,
-1.148404492628E0));
#5106=CARTESIAN_POINT('',(-3.900175443636E0,-2.274547891973E-1,
-1.059251934033E0));
#5107=CARTESIAN_POINT('',(-3.867796167368E0,-1.379844082774E-1,
-9.977999295314E-1));
#5109=DIRECTION('',(1.E0,0.E0,0.E0));
#5110=VECTOR('',#5109,2.696975647301E0);
#5111=CARTESIAN_POINT('',(-6.598487823651E0,1.5E-1,-6.94737E-1));
#5112=LINE('',#5111,#5110);
#5113=DIRECTION('',(1.E0,0.E0,-4.330608706365E-14));
#5114=VECTOR('',#5113,2.696975647301E0);
#5115=CARTESIAN_POINT('',(-6.598487823651E0,1.5E-1,-2.E-1));
#5116=LINE('',#5115,#5114);
#5117=CARTESIAN_POINT('',(-3.867796167368E0,-4.362015591723E0,
-9.977999295314E-1));
#5118=CARTESIAN_POINT('',(-3.852766826786E0,-4.224770762108E0,
-9.692760336468E-1));
#5119=CARTESIAN_POINT('',(-3.825482429886E0,-3.948555970126E0,
-9.108076839783E-1));
#5120=CARTESIAN_POINT('',(-3.793147656798E0,-3.528782888418E0,
-8.193675762777E-1));
#5121=CARTESIAN_POINT('',(-3.769764115578E0,-3.104557718604E0,
-7.250037571092E-1));
#5122=CARTESIAN_POINT('',(-3.755636169809E0,-2.677330520660E0,
-6.286625821502E-1));
#5123=CARTESIAN_POINT('',(-3.7525E0,-2.392542995372E0,-5.640076141046E-1));
#5124=CARTESIAN_POINT('',(-3.7525E0,-2.25E0,-5.316463834486E-1));
#5126=CARTESIAN_POINT('',(-3.7525E0,-2.25E0,-5.316463834486E-1));
#5127=CARTESIAN_POINT('',(-3.7525E0,-2.107456716057E0,-5.640076796184E-1));
#5128=CARTESIAN_POINT('',(-3.755636181731E0,-1.822668793905E0,
-6.286627377242E-1));
#5129=CARTESIAN_POINT('',(-3.769764154618E0,-1.395441447088E0,
-7.250039438667E-1));
#5130=CARTESIAN_POINT('',(-3.793147677126E0,-9.712168582176E-1,
-8.193676314018E-1));
#5131=CARTESIAN_POINT('',(-3.825482434549E0,-5.514439838911E-1,
-9.108076936286E-1));
#5132=CARTESIAN_POINT('',(-3.852766825927E0,-2.752292457362E-1,
-9.692760320165E-1));
#5133=CARTESIAN_POINT('',(-3.867796167368E0,-1.379844082774E-1,
-9.977999295314E-1));
#5135=CARTESIAN_POINT('',(-3.867796167368E0,-1.379844082774E-1,
-9.977999295314E-1));
#5136=CARTESIAN_POINT('',(-3.875144075576E0,-7.088483031405E-2,
-9.517131293562E-1));
#5137=CARTESIAN_POINT('',(-3.882843341145E0,-3.812657542078E-3,
-9.056451522141E-1));
#5138=CARTESIAN_POINT('',(-3.890894365589E0,6.323207872101E-2,
-8.595960196153E-1));
#5140=CARTESIAN_POINT('',(-3.890894365589E0,6.323207872101E-2,
-8.595960196153E-1));
#5141=CARTESIAN_POINT('',(-3.891536504350E0,6.857947570633E-2,
-8.559232034248E-1));
#5142=CARTESIAN_POINT('',(-3.892776622491E0,7.886913127793E-2,
-8.480956558562E-1));
#5143=CARTESIAN_POINT('',(-3.894514182498E0,9.319279264094E-2,
-8.348184596392E-1));
#5144=CARTESIAN_POINT('',(-3.896088336251E0,1.060925892827E-1,
-8.202749358660E-1));
#5145=CARTESIAN_POINT('',(-3.897483069196E0,1.174625514236E-1,
-8.046520124132E-1));
#5146=CARTESIAN_POINT('',(-3.898700209227E0,1.273395717328E-1,
-7.878888399150E-1));
#5147=CARTESIAN_POINT('',(-3.899713696255E0,1.355320475017E-1,
-7.702525710028E-1));
#5148=CARTESIAN_POINT('',(-3.900508018896E0,1.419330066540E-1,
-7.520583244245E-1));
#5149=CARTESIAN_POINT('',(-3.901085744322E0,1.465776365901E-1,
-7.332494580381E-1));
#5150=CARTESIAN_POINT('',(-3.901435150286E0,1.493822208160E-1,
-7.140117556133E-1));
#5151=CARTESIAN_POINT('',(-3.901512176349E0,1.5E-1,-7.011786833777E-1));
#5152=CARTESIAN_POINT('',(-3.901512176349E0,1.5E-1,-6.94737E-1));
#5154=DIRECTION('',(0.E0,0.E0,1.E0));
#5155=VECTOR('',#5154,4.947369999999E-1);
#5156=CARTESIAN_POINT('',(-3.901512176349E0,1.5E-1,-6.94737E-1));
#5157=LINE('',#5156,#5155);
#5158=CARTESIAN_POINT('',(-3.901512176349E0,1.5E-1,-2.000000000001E-1));
#5159=CARTESIAN_POINT('',(-3.901512176349E0,1.5E-1,-1.934943796369E-1));
#5160=CARTESIAN_POINT('',(-3.901590706895E0,1.506300997154E-1,
-1.805257797337E-1));
#5161=CARTESIAN_POINT('',(-3.901948440297E0,1.534981076320E-1,
-1.610603112468E-1));
#5162=CARTESIAN_POINT('',(-3.902543442632E0,1.582606011364E-1,
-1.420037369533E-1));
#5163=CARTESIAN_POINT('',(-3.903364434903E0,1.648162085134E-1,
-1.236228306401E-1));
#5164=CARTESIAN_POINT('',(-3.904409044419E0,1.731313731097E-1,
-1.059487329798E-1));
#5165=CARTESIAN_POINT('',(-3.905681211444E0,1.832188426968E-1,
-8.903273799430E-2));
#5166=CARTESIAN_POINT('',(-3.907164489553E0,1.949265326332E-1,
-7.319053381248E-2));
#5167=CARTESIAN_POINT('',(-3.908835151879E0,2.080451355219E-1,
-5.866351422447E-2));
#5168=CARTESIAN_POINT('',(-3.910689170073E0,2.225207534908E-1,
-4.547532245176E-2));
#5169=CARTESIAN_POINT('',(-3.912730321887E0,2.383582111915E-1,
-3.366690823816E-2));
#5170=CARTESIAN_POINT('',(-3.914928665960E0,2.553006991469E-1,
-2.347399312461E-2));
#5171=CARTESIAN_POINT('',(-3.917247554420E0,2.730463531439E-1,
-1.505091114405E-2));
#5172=CARTESIAN_POINT('',(-3.919679763803E0,2.915238326595E-1,
-8.401711430490E-3));
#5173=CARTESIAN_POINT('',(-3.922225616799E0,3.107190580733E-1,
-3.560687303011E-3));
#5174=CARTESIAN_POINT('',(-3.924848340083E0,3.303407279237E-1,
-6.427003590940E-4));
#5175=CARTESIAN_POINT('',(-3.926611578488E0,3.434301961406E-1,0.E0));
#5176=CARTESIAN_POINT('',(-3.9275E0,3.5E-1,0.E0));
#5178=CARTESIAN_POINT('',(-3.9275E0,-4.85E0,0.E0));
#5179=CARTESIAN_POINT('',(-3.926611506564E0,-4.843429664269E0,0.E0));
#5180=CARTESIAN_POINT('',(-3.924848270990E0,-4.830340209473E0,
-6.427984013419E-4));
#5181=CARTESIAN_POINT('',(-3.922225896134E0,-4.810721145980E0,
-3.560395954787E-3));
#5182=CARTESIAN_POINT('',(-3.919680986484E0,-4.791533054590E0,
-8.399369096230E-3));
#5183=CARTESIAN_POINT('',(-3.917250030422E0,-4.773065241073E0,
-1.504292171681E-2));
#5184=CARTESIAN_POINT('',(-3.914929190673E0,-4.755304757284E0,
-2.347133570166E-2));
#5185=CARTESIAN_POINT('',(-3.912730591291E0,-4.738360289916E0,
-3.366556713709E-2));
#5186=CARTESIAN_POINT('',(-3.910689729897E0,-4.722525098294E0,
-4.547212391672E-2));
#5187=CARTESIAN_POINT('',(-3.908836483799E0,-4.708055566228E0,
-5.865300006252E-2));
#5188=CARTESIAN_POINT('',(-3.907164721279E0,-4.694928371414E0,
-7.318767640697E-2));
#5189=CARTESIAN_POINT('',(-3.905681092098E0,-4.683217897774E0,
-8.903408336726E-2));
#5190=CARTESIAN_POINT('',(-3.904409096577E0,-4.673131783457E0,
-1.059485092827E-1));
#5191=CARTESIAN_POINT('',(-3.903364872477E0,-4.664819697031E0,
-1.236145126041E-1));
#5192=CARTESIAN_POINT('',(-3.902543433569E0,-4.658260531894E0,
-1.420025757356E-1));
#5193=CARTESIAN_POINT('',(-3.901948246960E0,-4.653496558507E0,
-1.610677760203E-1));
#5194=CARTESIAN_POINT('',(-3.901590674644E0,-4.650629840759E0,
-1.805300146919E-1));
#5195=CARTESIAN_POINT('',(-3.901512176349E0,-4.65E0,-1.934962534587E-1));
#5196=CARTESIAN_POINT('',(-3.901512176349E0,-4.65E0,-2.E-1));
#5198=DIRECTION('',(0.E0,0.E0,1.E0));
#5199=VECTOR('',#5198,4.94737E-1);
#5200=CARTESIAN_POINT('',(-3.901512176349E0,-4.65E0,-6.94737E-1));
#5201=LINE('',#5200,#5199);
#5202=CARTESIAN_POINT('',(-3.901512176349E0,-4.65E0,-6.94737E-1));
#5203=CARTESIAN_POINT('',(-3.901512176349E0,-4.65E0,-7.011772041572E-1));
#5204=CARTESIAN_POINT('',(-3.901435176858E0,-4.649382433648E0,
-7.140086579870E-1));
#5205=CARTESIAN_POINT('',(-3.901085850969E0,-4.646578493887E0,
-7.332459680873E-1));
#5206=CARTESIAN_POINT('',(-3.900507881388E0,-4.641931900769E0,
-7.520624325389E-1));
#5207=CARTESIAN_POINT('',(-3.899713625871E0,-4.635531477639E0,
-7.702534810301E-1));
#5208=CARTESIAN_POINT('',(-3.898700331381E0,-4.627340560431E0,
-7.878869776449E-1));
#5209=CARTESIAN_POINT('',(-3.897482979620E0,-4.617461828800E0,
-8.046534831294E-1));
#5210=CARTESIAN_POINT('',(-3.896087913106E0,-4.606089127838E0,
-8.202790884286E-1));
#5211=CARTESIAN_POINT('',(-3.894514332725E0,-4.593194020522E0,
-8.348169625080E-1));
#5212=CARTESIAN_POINT('',(-3.892776805957E0,-4.578870650608E0,
-8.480944569019E-1));
#5213=CARTESIAN_POINT('',(-3.891536604294E0,-4.568580307990E0,
-8.559226317772E-1));
#5214=CARTESIAN_POINT('',(-3.890894365589E0,-4.563232078721E0,
-8.595960196153E-1));
#5216=CARTESIAN_POINT('',(-3.890894365589E0,-4.563232078721E0,
-8.595960196153E-1));
#5217=CARTESIAN_POINT('',(-3.882843341145E0,-4.496187342458E0,
-9.056451522141E-1));
#5218=CARTESIAN_POINT('',(-3.875144075576E0,-4.429115169686E0,
-9.517131293562E-1));
#5219=CARTESIAN_POINT('',(-3.867796167368E0,-4.362015591723E0,
-9.977999295314E-1));
#5221=DIRECTION('',(0.E0,1.E0,0.E0));
#5222=VECTOR('',#5221,3.21667068E0);
#5223=CARTESIAN_POINT('',(-4.16917068E0,-3.85833534E0,-1.343882127816E0));
#5224=LINE('',#5223,#5222);
#5225=CARTESIAN_POINT('',(-6.33082932E0,-3.85833534E0,-1.343882127816E0));
#5226=CARTESIAN_POINT('',(-6.320017466765E0,-3.847523486765E0,
-1.351646955995E0));
#5227=CARTESIAN_POINT('',(-6.299228417936E0,-3.826734437936E0,
-1.367883308325E0));
#5228=CARTESIAN_POINT('',(-6.270516275820E0,-3.798022295820E0,
-1.394182961840E0));
#5229=CARTESIAN_POINT('',(-6.244574726362E0,-3.772080746362E0,
-1.421909835483E0));
#5230=CARTESIAN_POINT('',(-6.221516019711E0,-3.749022039711E0,
-1.450580473950E0));
#5231=CARTESIAN_POINT('',(-6.201297892227E0,-3.728803912227E0,
-1.479811598906E0));
#5232=CARTESIAN_POINT('',(-6.183712960642E0,-3.711218980642E0,
-1.509469279866E0));
#5233=CARTESIAN_POINT('',(-6.168626428190E0,-3.696132448190E0,
-1.539358554320E0));
#5234=CARTESIAN_POINT('',(-6.155833021412E0,-3.683339041412E0,
-1.569515527806E0));
#5235=CARTESIAN_POINT('',(-6.145321538021E0,-3.672827558021E0,
-1.599544156001E0));
#5236=CARTESIAN_POINT('',(-6.136855595947E0,-3.664361615947E0,
-1.629677630834E0));
#5237=CARTESIAN_POINT('',(-6.130374099131E0,-3.657880119131E0,
-1.659835566553E0));
#5238=CARTESIAN_POINT('',(-6.125814164179E0,-3.653320184179E0,
-1.689876789460E0));
#5239=CARTESIAN_POINT('',(-6.123091531436E0,-3.650597551436E0,
-1.719995362725E0));
#5240=CARTESIAN_POINT('',(-6.12249398E0,-3.65E0,-1.740018169789E0));
#5241=CARTESIAN_POINT('',(-6.12249398E0,-3.65E0,-1.75E0));
#5243=CARTESIAN_POINT('',(-4.37750602E0,-3.65E0,-1.75E0));
#5244=CARTESIAN_POINT('',(-4.37750602E0,-3.65E0,-1.740017805428E0));
#5245=CARTESIAN_POINT('',(-4.376908400344E0,-3.650597619656E0,
-1.719994745673E0));
#5246=CARTESIAN_POINT('',(-4.374186039001E0,-3.653319980999E0,
-1.689878903953E0));
#5247=CARTESIAN_POINT('',(-4.369626448271E0,-3.657879571729E0,
-1.659838393932E0));
#5248=CARTESIAN_POINT('',(-4.363144841424E0,-3.664361178576E0,
-1.629679640757E0));
#5249=CARTESIAN_POINT('',(-4.354680582450E0,-3.672825437550E0,
-1.599551106715E0));
#5250=CARTESIAN_POINT('',(-4.344169608697E0,-3.683336411303E0,
-1.569522322873E0));
#5251=CARTESIAN_POINT('',(-4.331377032953E0,-3.696128987047E0,
-1.539366018892E0));
#5252=CARTESIAN_POINT('',(-4.316290324575E0,-3.711215695425E0,
-1.509475177047E0));
#5253=CARTESIAN_POINT('',(-4.298704319375E0,-3.728801700625E0,
-1.479814839243E0));
#5254=CARTESIAN_POINT('',(-4.278483901261E0,-3.749022118739E0,
-1.450580389700E0));
#5255=CARTESIAN_POINT('',(-4.255428623234E0,-3.772077396766E0,
-1.421913950195E0));
#5256=CARTESIAN_POINT('',(-4.229491865696E0,-3.798014154304E0,
-1.394191288197E0));
#5257=CARTESIAN_POINT('',(-4.200784204343E0,-3.826721815657E0,
-1.367893872572E0));
#5258=CARTESIAN_POINT('',(-4.179988062918E0,-3.847517957082E0,
-1.351650927288E0));
#5259=CARTESIAN_POINT('',(-4.16917068E0,-3.85833534E0,-1.343882127816E0));
#5261=CARTESIAN_POINT('',(-4.16917068E0,-3.85833534E0,-1.343882127816E0));
#5262=CARTESIAN_POINT('',(-4.167753623096E0,-3.859752396904E0,
-1.342864429635E0));
#5263=CARTESIAN_POINT('',(-4.164952560272E0,-3.862600421232E0,
-1.340841528879E0));
#5264=CARTESIAN_POINT('',(-4.162216862735E0,-3.865475593872E0,
-1.338844394408E0));
#5265=CARTESIAN_POINT('',(-4.160865166082E0,-3.866919803197E0,
-1.337852450962E0));
#5267=CARTESIAN_POINT('',(-6.339134833918E0,-3.866919803197E0,
-1.337852450962E0));
#5268=CARTESIAN_POINT('',(-6.337783187528E0,-3.865475647575E0,
-1.338844357522E0));
#5269=CARTESIAN_POINT('',(-6.335047541891E0,-3.862600526835E0,
-1.340841454694E0));
#5270=CARTESIAN_POINT('',(-6.332246428782E0,-3.859752448782E0,
-1.342864392377E0));
#5271=CARTESIAN_POINT('',(-6.33082932E0,-3.85833534E0,-1.343882127816E0));
#5273=DIRECTION('',(0.E0,-1.E0,0.E0));
#5274=VECTOR('',#5273,2.8E0);
#5275=CARTESIAN_POINT('',(-6.12249398E0,-8.5E-1,-1.75E0));
#5276=LINE('',#5275,#5274);
#5277=DIRECTION('',(1.E0,0.E0,0.E0));
#5278=VECTOR('',#5277,1.74498796E0);
#5279=CARTESIAN_POINT('',(-6.12249398E0,-8.5E-1,-1.75E0));
#5280=LINE('',#5279,#5278);
#5281=DIRECTION('',(0.E0,-1.E0,0.E0));
#5282=VECTOR('',#5281,2.8E0);
#5283=CARTESIAN_POINT('',(-4.37750602E0,-8.5E-1,-1.75E0));
#5284=LINE('',#5283,#5282);
#5285=DIRECTION('',(1.E0,0.E0,0.E0));
#5286=VECTOR('',#5285,1.74498796E0);
#5287=CARTESIAN_POINT('',(-6.12249398E0,-3.65E0,-1.75E0));
#5288=LINE('',#5287,#5286);
#5289=CARTESIAN_POINT('',(-6.632203832632E0,-4.362015591723E0,
-9.977999295314E-1));
#5290=CARTESIAN_POINT('',(-6.599824556364E0,-4.272545210803E0,
-1.059251934033E0));
#5291=CARTESIAN_POINT('',(-6.540826497223E0,-4.142744507926E0,
-1.148404492628E0));
#5292=CARTESIAN_POINT('',(-6.436317011324E0,-3.980593007214E0,
-1.259776933979E0));
#5293=CARTESIAN_POINT('',(-6.373728980900E0,-3.903881638950E0,
-1.312465514260E0));
#5294=CARTESIAN_POINT('',(-6.339134833918E0,-3.866919803197E0,
-1.337852450962E0));
#5296=DIRECTION('',(1.E0,0.E0,0.E0));
#5297=VECTOR('',#5296,2.178269667836E0);
#5298=CARTESIAN_POINT('',(-6.339134833918E0,-3.866919803197E0,
-1.337852450962E0));
#5299=LINE('',#5298,#5297);
#5300=CARTESIAN_POINT('',(-4.160865166082E0,-3.866919803197E0,
-1.337852450962E0));
#5301=CARTESIAN_POINT('',(-4.126271019100E0,-3.903881638950E0,
-1.312465514260E0));
#5302=CARTESIAN_POINT('',(-4.063682988676E0,-3.980593007214E0,
-1.259776933979E0));
#5303=CARTESIAN_POINT('',(-3.959173502777E0,-4.142744507926E0,
-1.148404492628E0));
#5304=CARTESIAN_POINT('',(-3.900175443636E0,-4.272545210803E0,
-1.059251934033E0));
#5305=CARTESIAN_POINT('',(-3.867796167368E0,-4.362015591723E0,
-9.977999295314E-1));
#5307=DIRECTION('',(1.E0,0.E0,0.E0));
#5308=VECTOR('',#5307,2.718211268822E0);
#5309=CARTESIAN_POINT('',(-6.609105634411E0,-4.563232078721E0,
-8.595960196153E-1));
#5310=LINE('',#5309,#5308);
#5311=DIRECTION('',(1.E0,0.E0,0.E0));
#5312=VECTOR('',#5311,2.696975647301E0);
#5313=CARTESIAN_POINT('',(-6.598487823651E0,-4.65E0,-6.94737E-1));
#5314=LINE('',#5313,#5312);
#5315=DIRECTION('',(1.E0,0.E0,0.E0));
#5316=VECTOR('',#5315,2.696975647301E0);
#5317=CARTESIAN_POINT('',(-6.598487823651E0,-4.65E0,-2.E-1));
#5318=LINE('',#5317,#5316);
#5319=CARTESIAN_POINT('',(7.E0,-6.3E0,-8.2E0));
#5320=CARTESIAN_POINT('',(7.E0,-6.3E0,0.E0));
#5321=VERTEX_POINT('',#5319);
#5322=VERTEX_POINT('',#5320);
#5323=CARTESIAN_POINT('',(7.E0,8.5E-1,0.E0));
#5324=VERTEX_POINT('',#5323);
#5325=CARTESIAN_POINT('',(7.E0,8.5E-1,-3.372376476145E-1));
#5326=VERTEX_POINT('',#5325);
#5327=CARTESIAN_POINT('',(-7.E0,-6.3E0,-8.2E0));
#5328=CARTESIAN_POINT('',(-7.E0,-6.3E0,0.E0));
#5329=VERTEX_POINT('',#5327);
#5330=VERTEX_POINT('',#5328);
#5331=CARTESIAN_POINT('',(-7.E0,8.5E-1,0.E0));
#5332=VERTEX_POINT('',#5331);
#5333=CARTESIAN_POINT('',(-7.E0,8.5E-1,-3.372376476145E-1));
#5334=VERTEX_POINT('',#5333);
#5335=CARTESIAN_POINT('',(7.E0,2.7E0,-7.034777130550E0));
#5336=CARTESIAN_POINT('',(-7.E0,2.7E0,-7.034777130550E0));
#5337=VERTEX_POINT('',#5335);
#5338=VERTEX_POINT('',#5336);
#5339=CARTESIAN_POINT('',(6.620096189432E0,4.E-1,-7.975E0));
#5340=CARTESIAN_POINT('',(6.331421054838E0,4.E-1,-7.475E0));
#5341=VERTEX_POINT('',#5339);
#5342=VERTEX_POINT('',#5340);
#5343=CARTESIAN_POINT('',(6.374722325027E0,4.E-1,-7.4E0));
#5344=VERTEX_POINT('',#5343);
#5345=CARTESIAN_POINT('',(-6.374722325027E0,4.E-1,-7.4E0));
#5346=CARTESIAN_POINT('',(-6.331421054838E0,4.E-1,-7.475E0));
#5347=VERTEX_POINT('',#5345);
#5348=VERTEX_POINT('',#5346);
#5349=CARTESIAN_POINT('',(-6.620096189432E0,4.E-1,-7.975E0));
#5350=VERTEX_POINT('',#5349);
#5351=CARTESIAN_POINT('',(6.490192378865E0,4.E-1,-8.2E0));
#5352=VERTEX_POINT('',#5351);
#5353=CARTESIAN_POINT('',(7.E0,4.E-1,-7.4E0));
#5354=VERTEX_POINT('',#5353);
#5355=CARTESIAN_POINT('',(-7.E0,4.E-1,-7.4E0));
#5356=VERTEX_POINT('',#5355);
#5357=CARTESIAN_POINT('',(-6.490192378865E0,4.E-1,-8.2E0));
#5358=VERTEX_POINT('',#5357);
#5359=CARTESIAN_POINT('',(6.620096189432E0,2.7E0,-7.975E0));
#5360=VERTEX_POINT('',#5359);
#5361=CARTESIAN_POINT('',(6.331421054838E0,2.7E0,-7.475E0));
#5362=VERTEX_POINT('',#5361);
#5363=CARTESIAN_POINT('',(6.374722325027E0,2.7E0,-7.4E0));
#5364=VERTEX_POINT('',#5363);
#5365=CARTESIAN_POINT('',(-6.374722325027E0,2.7E0,-7.4E0));
#5366=VERTEX_POINT('',#5365);
#5367=CARTESIAN_POINT('',(-6.331421054838E0,2.7E0,-7.475E0));
#5368=VERTEX_POINT('',#5367);
#5369=CARTESIAN_POINT('',(-6.620096189432E0,2.7E0,-7.975E0));
#5370=VERTEX_POINT('',#5369);
#5371=CARTESIAN_POINT('',(-6.775E0,4.1E0,-2.158771324027E0));
#5372=CARTESIAN_POINT('',(-6.575E0,4.1E0,-2.043301270189E0));
#5373=VERTEX_POINT('',#5371);
#5374=VERTEX_POINT('',#5372);
#5375=CARTESIAN_POINT('',(-6.5E0,4.1E0,-2.086602540378E0));
#5376=VERTEX_POINT('',#5375);
#5377=CARTESIAN_POINT('',(-6.5E0,4.1E0,-2.913397459622E0));
#5378=VERTEX_POINT('',#5377);
#5379=CARTESIAN_POINT('',(-6.575E0,4.1E0,-2.956698729811E0));
#5380=VERTEX_POINT('',#5379);
#5381=CARTESIAN_POINT('',(-6.775E0,4.1E0,-2.841228675973E0));
#5382=VERTEX_POINT('',#5381);
#5383=CARTESIAN_POINT('',(-6.775E0,4.1E0,-5.358771324027E0));
#5384=CARTESIAN_POINT('',(-6.575E0,4.1E0,-5.243301270189E0));
#5385=VERTEX_POINT('',#5383);
#5386=VERTEX_POINT('',#5384);
#5387=CARTESIAN_POINT('',(-6.5E0,4.1E0,-5.286602540378E0));
#5388=VERTEX_POINT('',#5387);
#5389=CARTESIAN_POINT('',(-6.5E0,4.1E0,-6.113397459622E0));
#5390=VERTEX_POINT('',#5389);
#5391=CARTESIAN_POINT('',(-6.575E0,4.1E0,-6.156698729811E0));
#5392=VERTEX_POINT('',#5391);
#5393=CARTESIAN_POINT('',(-6.775E0,4.1E0,-6.041228675973E0));
#5394=VERTEX_POINT('',#5393);
#5395=CARTESIAN_POINT('',(-7.E0,4.1E0,-2.971132486541E0));
#5396=VERTEX_POINT('',#5395);
#5397=CARTESIAN_POINT('',(-7.E0,4.1E0,-2.028867513459E0));
#5398=VERTEX_POINT('',#5397);
#5399=CARTESIAN_POINT('',(-7.E0,4.1E0,-6.171132486541E0));
#5400=VERTEX_POINT('',#5399);
#5401=CARTESIAN_POINT('',(-7.E0,4.1E0,-5.228867513459E0));
#5402=VERTEX_POINT('',#5401);
#5403=CARTESIAN_POINT('',(-6.775E0,6.3E0,-2.158771324027E0));
#5404=VERTEX_POINT('',#5403);
#5405=CARTESIAN_POINT('',(-6.575E0,6.3E0,-2.043301270189E0));
#5406=VERTEX_POINT('',#5405);
#5407=CARTESIAN_POINT('',(-6.5E0,6.3E0,-2.086602540378E0));
#5408=VERTEX_POINT('',#5407);
#5409=CARTESIAN_POINT('',(-6.5E0,6.3E0,-2.913397459622E0));
#5410=VERTEX_POINT('',#5409);
#5411=CARTESIAN_POINT('',(-6.575E0,6.3E0,-2.956698729811E0));
#5412=VERTEX_POINT('',#5411);
#5413=CARTESIAN_POINT('',(-6.775E0,6.3E0,-2.841228675973E0));
#5414=VERTEX_POINT('',#5413);
#5415=CARTESIAN_POINT('',(-6.775E0,6.3E0,-6.041228675973E0));
#5416=VERTEX_POINT('',#5415);
#5417=CARTESIAN_POINT('',(-6.775E0,6.3E0,-5.358771324027E0));
#5418=VERTEX_POINT('',#5417);
#5419=CARTESIAN_POINT('',(-6.575E0,6.3E0,-5.243301270189E0));
#5420=VERTEX_POINT('',#5419);
#5421=CARTESIAN_POINT('',(-6.5E0,6.3E0,-5.286602540378E0));
#5422=VERTEX_POINT('',#5421);
#5423=CARTESIAN_POINT('',(-6.5E0,6.3E0,-6.113397459622E0));
#5424=VERTEX_POINT('',#5423);
#5425=CARTESIAN_POINT('',(-6.575E0,6.3E0,-6.156698729811E0));
#5426=VERTEX_POINT('',#5425);
#5427=CARTESIAN_POINT('',(7.075E0,6.3E0,-2.245373864406E0));
#5428=CARTESIAN_POINT('',(7.275E0,6.3E0,-2.129903810568E0));
#5429=VERTEX_POINT('',#5427);
#5430=VERTEX_POINT('',#5428);
#5431=CARTESIAN_POINT('',(7.5E0,6.3E0,-2.259807621135E0));
#5432=VERTEX_POINT('',#5431);
#5433=CARTESIAN_POINT('',(7.5E0,6.3E0,-2.740192378865E0));
#5434=VERTEX_POINT('',#5433);
#5435=CARTESIAN_POINT('',(7.275E0,6.3E0,-2.870096189432E0));
#5436=VERTEX_POINT('',#5435);
#5437=CARTESIAN_POINT('',(7.075E0,6.3E0,-2.754626135594E0));
#5438=VERTEX_POINT('',#5437);
#5439=CARTESIAN_POINT('',(7.075E0,6.3E0,-5.445373864406E0));
#5440=CARTESIAN_POINT('',(7.275E0,6.3E0,-5.329903810568E0));
#5441=VERTEX_POINT('',#5439);
#5442=VERTEX_POINT('',#5440);
#5443=CARTESIAN_POINT('',(7.5E0,6.3E0,-5.459807621135E0));
#5444=VERTEX_POINT('',#5443);
#5445=CARTESIAN_POINT('',(7.5E0,6.3E0,-5.940192378865E0));
#5446=VERTEX_POINT('',#5445);
#5447=CARTESIAN_POINT('',(7.275E0,6.3E0,-6.070096189432E0));
#5448=VERTEX_POINT('',#5447);
#5449=CARTESIAN_POINT('',(7.075E0,6.3E0,-5.954626135594E0));
#5450=VERTEX_POINT('',#5449);
#5451=CARTESIAN_POINT('',(7.075E0,4.1E0,-2.245373864406E0));
#5452=CARTESIAN_POINT('',(7.275E0,4.1E0,-2.129903810568E0));
#5453=VERTEX_POINT('',#5451);
#5454=VERTEX_POINT('',#5452);
#5455=CARTESIAN_POINT('',(7.5E0,4.1E0,-2.259807621135E0));
#5456=VERTEX_POINT('',#5455);
#5457=CARTESIAN_POINT('',(7.5E0,4.1E0,-2.740192378865E0));
#5458=VERTEX_POINT('',#5457);
#5459=CARTESIAN_POINT('',(7.275E0,4.1E0,-2.870096189432E0));
#5460=VERTEX_POINT('',#5459);
#5461=CARTESIAN_POINT('',(7.075E0,4.1E0,-2.754626135594E0));
#5462=VERTEX_POINT('',#5461);
#5463=CARTESIAN_POINT('',(7.075E0,4.1E0,-5.445373864406E0));
#5464=CARTESIAN_POINT('',(7.275E0,4.1E0,-5.329903810568E0));
#5465=VERTEX_POINT('',#5463);
#5466=VERTEX_POINT('',#5464);
#5467=CARTESIAN_POINT('',(7.5E0,4.1E0,-5.459807621135E0));
#5468=VERTEX_POINT('',#5467);
#5469=CARTESIAN_POINT('',(7.5E0,4.1E0,-5.940192378865E0));
#5470=VERTEX_POINT('',#5469);
#5471=CARTESIAN_POINT('',(7.275E0,4.1E0,-6.070096189432E0));
#5472=VERTEX_POINT('',#5471);
#5473=CARTESIAN_POINT('',(7.075E0,4.1E0,-5.954626135594E0));
#5474=VERTEX_POINT('',#5473);
#5475=CARTESIAN_POINT('',(7.E0,6.3E0,-2.797927405784E0));
#5476=VERTEX_POINT('',#5475);
#5477=CARTESIAN_POINT('',(7.E0,6.3E0,-2.202072594216E0));
#5478=VERTEX_POINT('',#5477);
#5479=CARTESIAN_POINT('',(7.E0,6.3E0,-5.997927405784E0));
#5480=VERTEX_POINT('',#5479);
#5481=CARTESIAN_POINT('',(7.E0,6.3E0,-5.402072594216E0));
#5482=VERTEX_POINT('',#5481);
#5483=CARTESIAN_POINT('',(7.E0,4.1E0,-2.797927405784E0));
#5484=VERTEX_POINT('',#5483);
#5485=CARTESIAN_POINT('',(7.E0,4.1E0,-2.202072594216E0));
#5486=VERTEX_POINT('',#5485);
#5487=CARTESIAN_POINT('',(7.E0,4.1E0,-5.997927405784E0));
#5488=VERTEX_POINT('',#5487);
#5489=CARTESIAN_POINT('',(7.E0,4.1E0,-5.402072594216E0));
#5490=VERTEX_POINT('',#5489);
#5491=CARTESIAN_POINT('',(4.125277674973E0,4.E-1,-7.4E0));
#5492=CARTESIAN_POINT('',(4.168578945162E0,4.E-1,-7.475E0));
#5493=VERTEX_POINT('',#5491);
#5494=VERTEX_POINT('',#5492);
#5495=CARTESIAN_POINT('',(3.879903810568E0,4.E-1,-7.975E0));
#5496=VERTEX_POINT('',#5495);
#5497=CARTESIAN_POINT('',(3.120096189432E0,4.E-1,-7.975E0));
#5498=CARTESIAN_POINT('',(2.831421054838E0,4.E-1,-7.475E0));
#5499=VERTEX_POINT('',#5497);
#5500=VERTEX_POINT('',#5498);
#5501=CARTESIAN_POINT('',(2.874722325027E0,4.E-1,-7.4E0));
#5502=VERTEX_POINT('',#5501);
#5503=CARTESIAN_POINT('',(4.009807621135E0,4.E-1,-8.2E0));
#5504=VERTEX_POINT('',#5503);
#5505=CARTESIAN_POINT('',(2.990192378865E0,4.E-1,-8.2E0));
#5506=VERTEX_POINT('',#5505);
#5507=CARTESIAN_POINT('',(4.125277674973E0,2.7E0,-7.4E0));
#5508=VERTEX_POINT('',#5507);
#5509=CARTESIAN_POINT('',(4.168578945162E0,2.7E0,-7.475E0));
#5510=VERTEX_POINT('',#5509);
#5511=CARTESIAN_POINT('',(3.879903810568E0,2.7E0,-7.975E0));
#5512=VERTEX_POINT('',#5511);
#5513=CARTESIAN_POINT('',(3.120096189432E0,2.7E0,-7.975E0));
#5514=VERTEX_POINT('',#5513);
#5515=CARTESIAN_POINT('',(2.831421054838E0,2.7E0,-7.475E0));
#5516=VERTEX_POINT('',#5515);
#5517=CARTESIAN_POINT('',(2.874722325027E0,2.7E0,-7.4E0));
#5518=VERTEX_POINT('',#5517);
#5519=CARTESIAN_POINT('',(6.668626095911E0,4.44641E0,-4.4E0));
#5520=CARTESIAN_POINT('',(6.668626095911E0,4.44641E0,-3.8E0));
#5521=VERTEX_POINT('',#5519);
#5522=VERTEX_POINT('',#5520);
#5523=CARTESIAN_POINT('',(3.831373904089E0,4.44641E0,-4.4E0));
#5524=VERTEX_POINT('',#5523);
#5525=CARTESIAN_POINT('',(3.831373904089E0,4.44641E0,-3.8E0));
#5526=VERTEX_POINT('',#5525);
#5527=CARTESIAN_POINT('',(6.668626095911E0,5.04641E0,-3.8E0));
#5528=VERTEX_POINT('',#5527);
#5529=CARTESIAN_POINT('',(6.668626095911E0,5.04641E0,-4.4E0));
#5530=VERTEX_POINT('',#5529);
#5531=CARTESIAN_POINT('',(3.831373904089E0,5.04641E0,-4.4E0));
#5532=VERTEX_POINT('',#5531);
#5533=CARTESIAN_POINT('',(3.831373904089E0,5.04641E0,-3.8E0));
#5534=VERTEX_POINT('',#5533);
#5535=CARTESIAN_POINT('',(5.7E0,-9.8E0,-4.35E0));
#5536=CARTESIAN_POINT('',(5.7E0,-9.8E0,-3.85E0));
#5537=VERTEX_POINT('',#5535);
#5538=VERTEX_POINT('',#5536);
#5539=CARTESIAN_POINT('',(4.8E0,-9.8E0,-3.85E0));
#5540=VERTEX_POINT('',#5539);
#5541=CARTESIAN_POINT('',(4.8E0,-9.8E0,-4.35E0));
#5542=VERTEX_POINT('',#5541);
#5543=CARTESIAN_POINT('',(5.7E0,-6.3E0,-4.35E0));
#5544=VERTEX_POINT('',#5543);
#5545=CARTESIAN_POINT('',(5.7E0,-6.3E0,-3.85E0));
#5546=VERTEX_POINT('',#5545);
#5547=CARTESIAN_POINT('',(4.8E0,-6.3E0,-3.85E0));
#5548=VERTEX_POINT('',#5547);
#5549=CARTESIAN_POINT('',(4.8E0,-6.3E0,-4.35E0));
#5550=VERTEX_POINT('',#5549);
#5551=CARTESIAN_POINT('',(7.E0,4.E-1,-8.2E0));
#5552=VERTEX_POINT('',#5551);
#5553=CARTESIAN_POINT('',(7.E0,2.7E0,-7.4E0));
#5554=VERTEX_POINT('',#5553);
#5555=CARTESIAN_POINT('',(-7.E0,4.E-1,-8.2E0));
#5556=VERTEX_POINT('',#5555);
#5557=CARTESIAN_POINT('',(-7.E0,2.7E0,-7.4E0));
#5558=VERTEX_POINT('',#5557);
#5559=CARTESIAN_POINT('',(6.490192378865E0,2.7E0,-8.2E0));
#5560=VERTEX_POINT('',#5559);
#5561=CARTESIAN_POINT('',(-6.490192378865E0,2.7E0,-8.2E0));
#5562=VERTEX_POINT('',#5561);
#5563=CARTESIAN_POINT('',(3.8E0,6.3E0,-4.1E0));
#5564=CARTESIAN_POINT('',(6.7E0,6.3E0,-4.1E0));
#5565=VERTEX_POINT('',#5563);
#5566=VERTEX_POINT('',#5564);
#5567=CARTESIAN_POINT('',(-7.E0,6.3E0,-2.971132486541E0));
#5568=VERTEX_POINT('',#5567);
#5569=CARTESIAN_POINT('',(-7.E0,6.3E0,-2.028867513459E0));
#5570=VERTEX_POINT('',#5569);
#5571=CARTESIAN_POINT('',(-7.E0,6.3E0,-6.171132486541E0));
#5572=VERTEX_POINT('',#5571);
#5573=CARTESIAN_POINT('',(-7.E0,6.3E0,-5.228867513459E0));
#5574=VERTEX_POINT('',#5573);
#5575=CARTESIAN_POINT('',(4.009807621135E0,2.7E0,-8.2E0));
#5576=VERTEX_POINT('',#5575);
#5577=CARTESIAN_POINT('',(2.990192378865E0,2.7E0,-8.2E0));
#5578=VERTEX_POINT('',#5577);
#5579=CARTESIAN_POINT('',(3.85E0,4.E-1,-8.2E0));
#5580=VERTEX_POINT('',#5579);
#5581=CARTESIAN_POINT('',(3.15E0,4.E-1,-8.2E0));
#5582=VERTEX_POINT('',#5581);
#5583=CARTESIAN_POINT('',(3.85E0,-3.9083073E0,-8.2E0));
#5584=CARTESIAN_POINT('',(3.15E0,-3.9083073E0,-8.2E0));
#5585=VERTEX_POINT('',#5583);
#5586=VERTEX_POINT('',#5584);
#5587=CARTESIAN_POINT('',(3.85E0,4.E-1,-7.44E0));
#5588=VERTEX_POINT('',#5587);
#5589=CARTESIAN_POINT('',(3.15E0,4.E-1,-7.44E0));
#5590=VERTEX_POINT('',#5589);
#5591=CARTESIAN_POINT('',(6.7E0,5.04641E0,-4.1E0));
#5592=VERTEX_POINT('',#5591);
#5593=CARTESIAN_POINT('',(3.8E0,5.04641E0,-4.1E0));
#5594=VERTEX_POINT('',#5593);
#5595=CARTESIAN_POINT('',(4.725E0,-2.7E0,-7.986942822023E0));
#5596=CARTESIAN_POINT('',(4.725E0,-3.9083073E0,-8.2E0));
#5597=VERTEX_POINT('',#5595);
#5598=VERTEX_POINT('',#5596);
#5599=CARTESIAN_POINT('',(5.775E0,-2.7E0,-7.986942822023E0));
#5600=CARTESIAN_POINT('',(5.775E0,-2.7E0,-7.349999822023E0));
#5601=VERTEX_POINT('',#5599);
#5602=VERTEX_POINT('',#5600);
#5603=CARTESIAN_POINT('',(4.725E0,-2.7E0,-7.349999822023E0));
#5604=VERTEX_POINT('',#5603);
#5605=CARTESIAN_POINT('',(5.775E0,2.7E0,-8.2E0));
#5606=CARTESIAN_POINT('',(5.775E0,2.7E0,-7.15277666E0));
#5607=VERTEX_POINT('',#5605);
#5608=VERTEX_POINT('',#5606);
#5609=CARTESIAN_POINT('',(4.725E0,2.7E0,-8.2E0));
#5610=CARTESIAN_POINT('',(4.725E0,2.7E0,-7.15277666E0));
#5611=VERTEX_POINT('',#5609);
#5612=VERTEX_POINT('',#5610);
#5613=CARTESIAN_POINT('',(5.775E0,-3.9083073E0,-8.2E0));
#5614=VERTEX_POINT('',#5613);
#5615=CARTESIAN_POINT('',(5.775E0,-1.063242112547E0,-7.349999822023E0));
#5616=VERTEX_POINT('',#5615);
#5617=CARTESIAN_POINT('',(4.725E0,-1.063242112547E0,-7.349999822023E0));
#5618=VERTEX_POINT('',#5617);
#5619=CARTESIAN_POINT('',(4.95000025E0,-2.7E0,-7.349999822023E0));
#5620=CARTESIAN_POINT('',(4.986397005465E0,-2.511837893824E0,
-7.349999822023E0));
#5621=VERTEX_POINT('',#5619);
#5622=VERTEX_POINT('',#5620);
#5623=CARTESIAN_POINT('',(5.513602994535E0,-2.511837893824E0,
-7.349999822023E0));
#5624=CARTESIAN_POINT('',(5.54999975E0,-2.7E0,-7.349999822023E0));
#5625=VERTEX_POINT('',#5623);
#5626=VERTEX_POINT('',#5624);
#5627=CARTESIAN_POINT('',(5.18639702E0,-1.96234237E0,-7.349999822023E0));
#5628=CARTESIAN_POINT('',(5.31360298E0,-1.96234237E0,-7.349999822023E0));
#5629=VERTEX_POINT('',#5627);
#5630=VERTEX_POINT('',#5628);
#5631=VERTEX_POINT('',#1380);
#5632=VERTEX_POINT('',#1388);
#5633=VERTEX_POINT('',#1419);
#5634=CARTESIAN_POINT('',(4.95000025E0,-2.7E0,-7.449999822023E0));
#5635=VERTEX_POINT('',#5634);
#5636=CARTESIAN_POINT('',(5.051853885908E0,-2.7E0,-7.549999822023E0));
#5637=VERTEX_POINT('',#5636);
#5638=CARTESIAN_POINT('',(5.513602994535E0,-2.511837893824E0,
-7.449999822023E0));
#5639=CARTESIAN_POINT('',(5.54999975E0,-2.7E0,-7.449999822023E0));
#5640=VERTEX_POINT('',#5638);
#5641=VERTEX_POINT('',#5639);
#5642=VERTEX_POINT('',#1476);
#5643=VERTEX_POINT('',#1398);
#5644=CARTESIAN_POINT('',(5.448146114092E0,-2.7E0,-7.549999822023E0));
#5645=VERTEX_POINT('',#5644);
#5646=VERTEX_POINT('',#1828);
#5647=VERTEX_POINT('',#1838);
#5648=VERTEX_POINT('',#1869);
#5649=VERTEX_POINT('',#1861);
#5650=VERTEX_POINT('',#1970);
#5651=VERTEX_POINT('',#1980);
#5652=VERTEX_POINT('',#2011);
#5653=VERTEX_POINT('',#2003);
#5654=VERTEX_POINT('',#2034);
#5655=VERTEX_POINT('',#2044);
#5656=VERTEX_POINT('',#2075);
#5657=VERTEX_POINT('',#2067);
#5658=VERTEX_POINT('',#1892);
#5659=VERTEX_POINT('',#1902);
#5660=VERTEX_POINT('',#1933);
#5661=VERTEX_POINT('',#1925);
#5662=CARTESIAN_POINT('',(3.9275E0,3.5E-1,0.E0));
#5663=CARTESIAN_POINT('',(6.5725E0,3.5E-1,0.E0));
#5664=VERTEX_POINT('',#5662);
#5665=VERTEX_POINT('',#5663);
#5666=CARTESIAN_POINT('',(3.9275E0,-4.85E0,0.E0));
#5667=CARTESIAN_POINT('',(6.5725E0,-4.85E0,0.E0));
#5668=VERTEX_POINT('',#5666);
#5669=VERTEX_POINT('',#5667);
#5670=VERTEX_POINT('',#3840);
#5671=CARTESIAN_POINT('',(3.901512176349E0,1.5E-1,-6.94737E-1));
#5672=VERTEX_POINT('',#5671);
#5673=VERTEX_POINT('',#3859);
#5674=CARTESIAN_POINT('',(3.901512176349E0,-4.65E0,-6.94737E-1));
#5675=CARTESIAN_POINT('',(3.901512176349E0,-4.65E0,-2.E-1));
#5676=VERTEX_POINT('',#5674);
#5677=VERTEX_POINT('',#5675);
#5678=VERTEX_POINT('',#3781);
#5679=VERTEX_POINT('',#3984);
#5680=CARTESIAN_POINT('',(6.598487823651E0,1.5E-1,-6.94737E-1));
#5681=VERTEX_POINT('',#5680);
#5682=VERTEX_POINT('',#3965);
#5683=CARTESIAN_POINT('',(6.598487823651E0,-4.65E0,-6.94737E-1));
#5684=CARTESIAN_POINT('',(6.598487823651E0,-4.65E0,-2.E-1));
#5685=VERTEX_POINT('',#5683);
#5686=VERTEX_POINT('',#5684);
#5687=VERTEX_POINT('',#4043);
#5688=CARTESIAN_POINT('',(4.37750602E0,-8.5E-1,-1.75E0));
#5689=CARTESIAN_POINT('',(6.12249398E0,-8.5E-1,-1.75E0));
#5690=VERTEX_POINT('',#5688);
#5691=VERTEX_POINT('',#5689);
#5692=CARTESIAN_POINT('',(4.37750602E0,-3.65E0,-1.75E0));
#5693=CARTESIAN_POINT('',(6.12249398E0,-3.65E0,-1.75E0));
#5694=VERTEX_POINT('',#5692);
#5695=VERTEX_POINT('',#5693);
#5696=CARTESIAN_POINT('',(4.160865166082E0,-6.330801968025E-1,
-1.337852450962E0));
#5697=CARTESIAN_POINT('',(6.339134833918E0,-6.330801968025E-1,
-1.337852450962E0));
#5698=VERTEX_POINT('',#5696);
#5699=VERTEX_POINT('',#5697);
#5700=CARTESIAN_POINT('',(4.160865166082E0,-3.866919803197E0,
-1.337852450962E0));
#5701=CARTESIAN_POINT('',(6.339134833918E0,-3.866919803197E0,
-1.337852450962E0));
#5702=VERTEX_POINT('',#5700);
#5703=VERTEX_POINT('',#5701);
#5704=VERTEX_POINT('',#3758);
#5705=VERTEX_POINT('',#3765);
#5706=VERTEX_POINT('',#3774);
#5707=VERTEX_POINT('',#3904);
#5708=VERTEX_POINT('',#4137);
#5709=VERTEX_POINT('',#3960);
#5710=VERTEX_POINT('',#4048);
#5711=VERTEX_POINT('',#4057);
#5712=VERTEX_POINT('',#3920);
#5713=VERTEX_POINT('',#4124);
#5714=CARTESIAN_POINT('',(3.168626095911E0,4.44641E0,-4.4E0));
#5715=CARTESIAN_POINT('',(3.168626095911E0,4.44641E0,-3.8E0));
#5716=VERTEX_POINT('',#5714);
#5717=VERTEX_POINT('',#5715);
#5718=CARTESIAN_POINT('',(3.313739040889E-1,4.44641E0,-4.4E0));
#5719=VERTEX_POINT('',#5718);
#5720=CARTESIAN_POINT('',(3.313739040889E-1,4.44641E0,-3.8E0));
#5721=VERTEX_POINT('',#5720);
#5722=CARTESIAN_POINT('',(3.168626095911E0,5.04641E0,-3.8E0));
#5723=VERTEX_POINT('',#5722);
#5724=CARTESIAN_POINT('',(3.168626095911E0,5.04641E0,-4.4E0));
#5725=VERTEX_POINT('',#5724);
#5726=CARTESIAN_POINT('',(3.313739040889E-1,5.04641E0,-4.4E0));
#5727=VERTEX_POINT('',#5726);
#5728=CARTESIAN_POINT('',(3.313739040889E-1,5.04641E0,-3.8E0));
#5729=VERTEX_POINT('',#5728);
#5730=CARTESIAN_POINT('',(1.225E0,-2.7E0,-7.986942822023E0));
#5731=CARTESIAN_POINT('',(1.225E0,-3.9083073E0,-8.2E0));
#5732=VERTEX_POINT('',#5730);
#5733=VERTEX_POINT('',#5731);
#5734=CARTESIAN_POINT('',(2.275E0,-2.7E0,-7.986942822023E0));
#5735=CARTESIAN_POINT('',(2.275E0,-2.7E0,-7.349999822023E0));
#5736=VERTEX_POINT('',#5734);
#5737=VERTEX_POINT('',#5735);
#5738=CARTESIAN_POINT('',(1.225E0,-2.7E0,-7.349999822023E0));
#5739=VERTEX_POINT('',#5738);
#5740=CARTESIAN_POINT('',(2.275E0,-3.9083073E0,-8.2E0));
#5741=VERTEX_POINT('',#5740);
#5742=CARTESIAN_POINT('',(2.275E0,-1.063242112547E0,-7.349999822023E0));
#5743=CARTESIAN_POINT('',(2.275E0,2.7E0,-7.15277666E0));
#5744=VERTEX_POINT('',#5742);
#5745=VERTEX_POINT('',#5743);
#5746=CARTESIAN_POINT('',(1.225E0,-1.063242112547E0,-7.349999822023E0));
#5747=CARTESIAN_POINT('',(1.225E0,2.7E0,-7.15277666E0));
#5748=VERTEX_POINT('',#5746);
#5749=VERTEX_POINT('',#5747);
#5750=CARTESIAN_POINT('',(2.333192750113E0,6.069749005049E0,-2.772451049409E0));
#5751=CARTESIAN_POINT('',(3.077548950591E0,6.069749005049E0,-3.516807249887E0));
#5752=VERTEX_POINT('',#5750);
#5753=VERTEX_POINT('',#5751);
#5754=CARTESIAN_POINT('',(2.473022537360E0,6.171132486541E0,-2.843123550038E0));
#5755=CARTESIAN_POINT('',(3.006876449962E0,6.171132486541E0,-3.376977462640E0));
#5756=VERTEX_POINT('',#5754);
#5757=VERTEX_POINT('',#5755);
#5758=CARTESIAN_POINT('',(3.077548950591E0,6.069749005049E0,-4.683192750113E0));
#5759=CARTESIAN_POINT('',(2.333192750113E0,6.069749005049E0,-5.427548950591E0));
#5760=VERTEX_POINT('',#5758);
#5761=VERTEX_POINT('',#5759);
#5762=CARTESIAN_POINT('',(3.006876449962E0,6.171132486541E0,-4.823022537360E0));
#5763=CARTESIAN_POINT('',(2.473022537360E0,6.171132486541E0,-5.356876449962E0));
#5764=VERTEX_POINT('',#5762);
#5765=VERTEX_POINT('',#5763);
#5766=CARTESIAN_POINT('',(1.166807249887E0,6.069749005049E0,-5.427548950591E0));
#5767=CARTESIAN_POINT('',(4.224510494089E-1,6.069749005049E0,
-4.683192750113E0));
#5768=VERTEX_POINT('',#5766);
#5769=VERTEX_POINT('',#5767);
#5770=CARTESIAN_POINT('',(1.026977462640E0,6.171132486541E0,-5.356876449962E0));
#5771=CARTESIAN_POINT('',(4.931235500380E-1,6.171132486541E0,
-4.823022537360E0));
#5772=VERTEX_POINT('',#5770);
#5773=VERTEX_POINT('',#5771);
#5774=CARTESIAN_POINT('',(4.224510494089E-1,6.069749005049E0,
-3.516807249887E0));
#5775=CARTESIAN_POINT('',(1.166807249887E0,6.069749005049E0,-2.772451049409E0));
#5776=VERTEX_POINT('',#5774);
#5777=VERTEX_POINT('',#5775);
#5778=CARTESIAN_POINT('',(4.931235500381E-1,6.171132486541E0,
-3.376977462640E0));
#5779=CARTESIAN_POINT('',(1.026977462640E0,6.171132486541E0,-2.843123550038E0));
#5780=VERTEX_POINT('',#5778);
#5781=VERTEX_POINT('',#5779);
#5782=CARTESIAN_POINT('',(3.908943655892E-1,6.323207872101E-2,
-8.595960196153E-1));
#5783=CARTESIAN_POINT('',(3.109105634411E0,6.323207872101E-2,
-8.595960196153E-1));
#5784=VERTEX_POINT('',#5782);
#5785=VERTEX_POINT('',#5783);
#5786=CARTESIAN_POINT('',(4.015121763494E-1,1.5E-1,-2.E-1));
#5787=CARTESIAN_POINT('',(3.098487823651E0,1.5E-1,-2.000000000001E-1));
#5788=VERTEX_POINT('',#5786);
#5789=VERTEX_POINT('',#5787);
#5790=CARTESIAN_POINT('',(4.015121763494E-1,1.5E-1,-6.94737E-1));
#5791=CARTESIAN_POINT('',(3.098487823651E0,1.5E-1,-6.94737E-1));
#5792=VERTEX_POINT('',#5790);
#5793=VERTEX_POINT('',#5791);
#5794=CARTESIAN_POINT('',(4.015121763494E-1,-4.65E0,-6.94737E-1));
#5795=CARTESIAN_POINT('',(3.098487823651E0,-4.65E0,-6.94737E-1));
#5796=VERTEX_POINT('',#5794);
#5797=VERTEX_POINT('',#5795);
#5798=CARTESIAN_POINT('',(4.015121763494E-1,-4.65E0,-2.E-1));
#5799=CARTESIAN_POINT('',(3.098487823651E0,-4.65E0,-2.E-1));
#5800=VERTEX_POINT('',#5798);
#5801=VERTEX_POINT('',#5799);
#5802=CARTESIAN_POINT('',(3.908943655892E-1,-4.563232078721E0,
-8.595960196153E-1));
#5803=CARTESIAN_POINT('',(3.109105634411E0,-4.563232078721E0,
-8.595960196153E-1));
#5804=VERTEX_POINT('',#5802);
#5805=VERTEX_POINT('',#5803);
#5806=CARTESIAN_POINT('',(6.6917068E-1,-3.85833534E0,-1.343882127816E0));
#5807=CARTESIAN_POINT('',(6.6917068E-1,-6.4166466E-1,-1.343882127816E0));
#5808=VERTEX_POINT('',#5806);
#5809=VERTEX_POINT('',#5807);
#5810=CARTESIAN_POINT('',(2.83082932E0,-3.85833534E0,-1.343882127816E0));
#5811=CARTESIAN_POINT('',(2.83082932E0,-6.4166466E-1,-1.343882127816E0));
#5812=VERTEX_POINT('',#5810);
#5813=VERTEX_POINT('',#5811);
#5814=CARTESIAN_POINT('',(2.2E0,-9.8E0,-4.35E0));
#5815=CARTESIAN_POINT('',(2.2E0,-9.8E0,-3.85E0));
#5816=VERTEX_POINT('',#5814);
#5817=VERTEX_POINT('',#5815);
#5818=CARTESIAN_POINT('',(1.3E0,-9.8E0,-3.85E0));
#5819=VERTEX_POINT('',#5818);
#5820=CARTESIAN_POINT('',(1.3E0,-9.8E0,-4.35E0));
#5821=VERTEX_POINT('',#5820);
#5822=CARTESIAN_POINT('',(2.2E0,-6.3E0,-4.35E0));
#5823=VERTEX_POINT('',#5822);
#5824=CARTESIAN_POINT('',(2.2E0,-6.3E0,-3.85E0));
#5825=VERTEX_POINT('',#5824);
#5826=CARTESIAN_POINT('',(1.3E0,-6.3E0,-3.85E0));
#5827=VERTEX_POINT('',#5826);
#5828=CARTESIAN_POINT('',(1.3E0,-6.3E0,-4.35E0));
#5829=VERTEX_POINT('',#5828);
#5830=CARTESIAN_POINT('',(-3.313739040889E-1,4.44641E0,-4.4E0));
#5831=CARTESIAN_POINT('',(-3.313739040889E-1,4.44641E0,-3.8E0));
#5832=VERTEX_POINT('',#5830);
#5833=VERTEX_POINT('',#5831);
#5834=CARTESIAN_POINT('',(-3.168626095911E0,4.44641E0,-4.4E0));
#5835=VERTEX_POINT('',#5834);
#5836=CARTESIAN_POINT('',(-3.168626095911E0,4.44641E0,-3.8E0));
#5837=VERTEX_POINT('',#5836);
#5838=CARTESIAN_POINT('',(-3.313739040889E-1,5.04641E0,-3.8E0));
#5839=VERTEX_POINT('',#5838);
#5840=CARTESIAN_POINT('',(-3.313739040889E-1,5.04641E0,-4.4E0));
#5841=VERTEX_POINT('',#5840);
#5842=CARTESIAN_POINT('',(-3.168626095911E0,5.04641E0,-4.4E0));
#5843=VERTEX_POINT('',#5842);
#5844=CARTESIAN_POINT('',(-3.168626095911E0,5.04641E0,-3.8E0));
#5845=VERTEX_POINT('',#5844);
#5846=CARTESIAN_POINT('',(-2.275E0,-2.7E0,-7.986942822023E0));
#5847=CARTESIAN_POINT('',(-2.275E0,-3.9083073E0,-8.2E0));
#5848=VERTEX_POINT('',#5846);
#5849=VERTEX_POINT('',#5847);
#5850=CARTESIAN_POINT('',(-1.225E0,-2.7E0,-7.986942822023E0));
#5851=CARTESIAN_POINT('',(-1.225E0,-2.7E0,-7.349999822023E0));
#5852=VERTEX_POINT('',#5850);
#5853=VERTEX_POINT('',#5851);
#5854=CARTESIAN_POINT('',(-2.275E0,-2.7E0,-7.349999822023E0));
#5855=VERTEX_POINT('',#5854);
#5856=CARTESIAN_POINT('',(-1.225E0,-3.9083073E0,-8.2E0));
#5857=VERTEX_POINT('',#5856);
#5858=CARTESIAN_POINT('',(-1.225E0,-1.063242112547E0,-7.349999822023E0));
#5859=CARTESIAN_POINT('',(-1.225E0,2.7E0,-7.15277666E0));
#5860=VERTEX_POINT('',#5858);
#5861=VERTEX_POINT('',#5859);
#5862=CARTESIAN_POINT('',(-2.275E0,-1.063242112547E0,-7.349999822023E0));
#5863=CARTESIAN_POINT('',(-2.275E0,2.7E0,-7.15277666E0));
#5864=VERTEX_POINT('',#5862);
#5865=VERTEX_POINT('',#5863);
#5866=CARTESIAN_POINT('',(-1.166807249887E0,6.069749005049E0,
-2.772451049409E0));
#5867=CARTESIAN_POINT('',(-4.224510494089E-1,6.069749005049E0,
-3.516807249887E0));
#5868=VERTEX_POINT('',#5866);
#5869=VERTEX_POINT('',#5867);
#5870=CARTESIAN_POINT('',(-1.026977462640E0,6.171132486541E0,
-2.843123550038E0));
#5871=CARTESIAN_POINT('',(-4.931235500380E-1,6.171132486541E0,
-3.376977462640E0));
#5872=VERTEX_POINT('',#5870);
#5873=VERTEX_POINT('',#5871);
#5874=CARTESIAN_POINT('',(-4.224510494089E-1,6.069749005049E0,
-4.683192750113E0));
#5875=CARTESIAN_POINT('',(-1.166807249887E0,6.069749005049E0,
-5.427548950591E0));
#5876=VERTEX_POINT('',#5874);
#5877=VERTEX_POINT('',#5875);
#5878=CARTESIAN_POINT('',(-4.931235500380E-1,6.171132486541E0,
-4.823022537360E0));
#5879=CARTESIAN_POINT('',(-1.026977462640E0,6.171132486541E0,
-5.356876449962E0));
#5880=VERTEX_POINT('',#5878);
#5881=VERTEX_POINT('',#5879);
#5882=CARTESIAN_POINT('',(-2.333192750113E0,6.069749005049E0,
-5.427548950591E0));
#5883=CARTESIAN_POINT('',(-3.077548950591E0,6.069749005049E0,
-4.683192750113E0));
#5884=VERTEX_POINT('',#5882);
#5885=VERTEX_POINT('',#5883);
#5886=CARTESIAN_POINT('',(-2.473022537360E0,6.171132486541E0,
-5.356876449962E0));
#5887=CARTESIAN_POINT('',(-3.006876449962E0,6.171132486541E0,
-4.823022537360E0));
#5888=VERTEX_POINT('',#5886);
#5889=VERTEX_POINT('',#5887);
#5890=CARTESIAN_POINT('',(-3.077548950591E0,6.069749005049E0,
-3.516807249887E0));
#5891=CARTESIAN_POINT('',(-2.333192750113E0,6.069749005049E0,
-2.772451049409E0));
#5892=VERTEX_POINT('',#5890);
#5893=VERTEX_POINT('',#5891);
#5894=CARTESIAN_POINT('',(-3.006876449962E0,6.171132486541E0,
-3.376977462640E0));
#5895=CARTESIAN_POINT('',(-2.473022537360E0,6.171132486541E0,
-2.843123550038E0));
#5896=VERTEX_POINT('',#5894);
#5897=VERTEX_POINT('',#5895);
#5898=CARTESIAN_POINT('',(-3.109105634411E0,6.323207872101E-2,
-8.595960196153E-1));
#5899=CARTESIAN_POINT('',(-3.908943655892E-1,6.323207872101E-2,
-8.595960196153E-1));
#5900=VERTEX_POINT('',#5898);
#5901=VERTEX_POINT('',#5899);
#5902=CARTESIAN_POINT('',(-3.098487823651E0,1.5E-1,-2.E-1));
#5903=CARTESIAN_POINT('',(-4.015121763494E-1,1.5E-1,-2.000000000001E-1));
#5904=VERTEX_POINT('',#5902);
#5905=VERTEX_POINT('',#5903);
#5906=CARTESIAN_POINT('',(-3.098487823651E0,1.5E-1,-6.94737E-1));
#5907=CARTESIAN_POINT('',(-4.015121763494E-1,1.5E-1,-6.94737E-1));
#5908=VERTEX_POINT('',#5906);
#5909=VERTEX_POINT('',#5907);
#5910=CARTESIAN_POINT('',(-3.098487823651E0,-4.65E0,-6.94737E-1));
#5911=CARTESIAN_POINT('',(-4.015121763494E-1,-4.65E0,-6.94737E-1));
#5912=VERTEX_POINT('',#5910);
#5913=VERTEX_POINT('',#5911);
#5914=CARTESIAN_POINT('',(-3.098487823651E0,-4.65E0,-2.E-1));
#5915=CARTESIAN_POINT('',(-4.015121763494E-1,-4.65E0,-2.E-1));
#5916=VERTEX_POINT('',#5914);
#5917=VERTEX_POINT('',#5915);
#5918=CARTESIAN_POINT('',(-3.109105634411E0,-4.563232078721E0,
-8.595960196153E-1));
#5919=CARTESIAN_POINT('',(-3.908943655892E-1,-4.563232078721E0,
-8.595960196153E-1));
#5920=VERTEX_POINT('',#5918);
#5921=VERTEX_POINT('',#5919);
#5922=CARTESIAN_POINT('',(-2.83082932E0,-3.85833534E0,-1.343882127816E0));
#5923=CARTESIAN_POINT('',(-2.83082932E0,-6.4166466E-1,-1.343882127816E0));
#5924=VERTEX_POINT('',#5922);
#5925=VERTEX_POINT('',#5923);
#5926=CARTESIAN_POINT('',(-6.6917068E-1,-3.85833534E0,-1.343882127816E0));
#5927=CARTESIAN_POINT('',(-6.6917068E-1,-6.4166466E-1,-1.343882127816E0));
#5928=VERTEX_POINT('',#5926);
#5929=VERTEX_POINT('',#5927);
#5930=CARTESIAN_POINT('',(-1.3E0,-9.8E0,-4.35E0));
#5931=CARTESIAN_POINT('',(-1.3E0,-9.8E0,-3.85E0));
#5932=VERTEX_POINT('',#5930);
#5933=VERTEX_POINT('',#5931);
#5934=CARTESIAN_POINT('',(-2.2E0,-9.8E0,-3.85E0));
#5935=VERTEX_POINT('',#5934);
#5936=CARTESIAN_POINT('',(-2.2E0,-9.8E0,-4.35E0));
#5937=VERTEX_POINT('',#5936);
#5938=CARTESIAN_POINT('',(-1.3E0,-6.3E0,-4.35E0));
#5939=VERTEX_POINT('',#5938);
#5940=CARTESIAN_POINT('',(-1.3E0,-6.3E0,-3.85E0));
#5941=VERTEX_POINT('',#5940);
#5942=CARTESIAN_POINT('',(-2.2E0,-6.3E0,-3.85E0));
#5943=VERTEX_POINT('',#5942);
#5944=CARTESIAN_POINT('',(-2.2E0,-6.3E0,-4.35E0));
#5945=VERTEX_POINT('',#5944);
#5946=CARTESIAN_POINT('',(-3.831373904089E0,4.44641E0,-4.4E0));
#5947=CARTESIAN_POINT('',(-3.831373904089E0,4.44641E0,-3.8E0));
#5948=VERTEX_POINT('',#5946);
#5949=VERTEX_POINT('',#5947);
#5950=CARTESIAN_POINT('',(-6.668626095911E0,4.44641E0,-4.4E0));
#5951=VERTEX_POINT('',#5950);
#5952=CARTESIAN_POINT('',(-6.668626095911E0,4.44641E0,-3.8E0));
#5953=VERTEX_POINT('',#5952);
#5954=CARTESIAN_POINT('',(-3.831373904089E0,5.04641E0,-3.8E0));
#5955=VERTEX_POINT('',#5954);
#5956=CARTESIAN_POINT('',(-3.831373904089E0,5.04641E0,-4.4E0));
#5957=VERTEX_POINT('',#5956);
#5958=CARTESIAN_POINT('',(-6.668626095911E0,5.04641E0,-4.4E0));
#5959=VERTEX_POINT('',#5958);
#5960=CARTESIAN_POINT('',(-6.668626095911E0,5.04641E0,-3.8E0));
#5961=VERTEX_POINT('',#5960);
#5962=CARTESIAN_POINT('',(-5.775E0,-2.7E0,-7.986942822023E0));
#5963=CARTESIAN_POINT('',(-5.775E0,-3.9083073E0,-8.2E0));
#5964=VERTEX_POINT('',#5962);
#5965=VERTEX_POINT('',#5963);
#5966=CARTESIAN_POINT('',(-4.725E0,-2.7E0,-7.986942822023E0));
#5967=CARTESIAN_POINT('',(-4.725E0,-2.7E0,-7.349999822023E0));
#5968=VERTEX_POINT('',#5966);
#5969=VERTEX_POINT('',#5967);
#5970=CARTESIAN_POINT('',(-5.775E0,-2.7E0,-7.349999822023E0));
#5971=VERTEX_POINT('',#5970);
#5972=CARTESIAN_POINT('',(-4.725E0,-3.9083073E0,-8.2E0));
#5973=VERTEX_POINT('',#5972);
#5974=CARTESIAN_POINT('',(-4.725E0,-1.063242112547E0,-7.349999822023E0));
#5975=CARTESIAN_POINT('',(-4.725E0,2.7E0,-7.15277666E0));
#5976=VERTEX_POINT('',#5974);
#5977=VERTEX_POINT('',#5975);
#5978=CARTESIAN_POINT('',(-5.775E0,-1.063242112547E0,-7.349999822023E0));
#5979=CARTESIAN_POINT('',(-5.775E0,2.7E0,-7.15277666E0));
#5980=VERTEX_POINT('',#5978);
#5981=VERTEX_POINT('',#5979);
#5982=CARTESIAN_POINT('',(-4.666807249887E0,6.069749005049E0,
-2.772451049409E0));
#5983=CARTESIAN_POINT('',(-3.922451049409E0,6.069749005049E0,
-3.516807249887E0));
#5984=VERTEX_POINT('',#5982);
#5985=VERTEX_POINT('',#5983);
#5986=CARTESIAN_POINT('',(-4.526977462640E0,6.171132486541E0,
-2.843123550038E0));
#5987=CARTESIAN_POINT('',(-3.993123550038E0,6.171132486541E0,
-3.376977462640E0));
#5988=VERTEX_POINT('',#5986);
#5989=VERTEX_POINT('',#5987);
#5990=CARTESIAN_POINT('',(-3.922451049409E0,6.069749005049E0,
-4.683192750113E0));
#5991=CARTESIAN_POINT('',(-4.666807249887E0,6.069749005049E0,
-5.427548950591E0));
#5992=VERTEX_POINT('',#5990);
#5993=VERTEX_POINT('',#5991);
#5994=CARTESIAN_POINT('',(-3.993123550038E0,6.171132486541E0,
-4.823022537360E0));
#5995=CARTESIAN_POINT('',(-4.526977462640E0,6.171132486541E0,
-5.356876449962E0));
#5996=VERTEX_POINT('',#5994);
#5997=VERTEX_POINT('',#5995);
#5998=CARTESIAN_POINT('',(-5.833192750113E0,6.069749005049E0,
-5.427548950591E0));
#5999=CARTESIAN_POINT('',(-6.577548950591E0,6.069749005049E0,
-4.683192750113E0));
#6000=VERTEX_POINT('',#5998);
#6001=VERTEX_POINT('',#5999);
#6002=CARTESIAN_POINT('',(-5.973022537360E0,6.171132486541E0,
-5.356876449962E0));
#6003=CARTESIAN_POINT('',(-6.506876449962E0,6.171132486541E0,
-4.823022537360E0));
#6004=VERTEX_POINT('',#6002);
#6005=VERTEX_POINT('',#6003);
#6006=CARTESIAN_POINT('',(-6.577548950591E0,6.069749005049E0,
-3.516807249887E0));
#6007=CARTESIAN_POINT('',(-5.833192750113E0,6.069749005049E0,
-2.772451049409E0));
#6008=VERTEX_POINT('',#6006);
#6009=VERTEX_POINT('',#6007);
#6010=CARTESIAN_POINT('',(-6.506876449962E0,6.171132486541E0,
-3.376977462640E0));
#6011=CARTESIAN_POINT('',(-5.973022537360E0,6.171132486541E0,
-2.843123550038E0));
#6012=VERTEX_POINT('',#6010);
#6013=VERTEX_POINT('',#6011);
#6014=CARTESIAN_POINT('',(-6.609105634411E0,6.323207872101E-2,
-8.595960196153E-1));
#6015=CARTESIAN_POINT('',(-3.890894365589E0,6.323207872101E-2,
-8.595960196153E-1));
#6016=VERTEX_POINT('',#6014);
#6017=VERTEX_POINT('',#6015);
#6018=CARTESIAN_POINT('',(-6.598487823651E0,1.5E-1,-2.E-1));
#6019=CARTESIAN_POINT('',(-3.901512176349E0,1.5E-1,-2.000000000001E-1));
#6020=VERTEX_POINT('',#6018);
#6021=VERTEX_POINT('',#6019);
#6022=CARTESIAN_POINT('',(-6.598487823651E0,1.5E-1,-6.94737E-1));
#6023=CARTESIAN_POINT('',(-3.901512176349E0,1.5E-1,-6.94737E-1));
#6024=VERTEX_POINT('',#6022);
#6025=VERTEX_POINT('',#6023);
#6026=CARTESIAN_POINT('',(-6.598487823651E0,-4.65E0,-6.94737E-1));
#6027=CARTESIAN_POINT('',(-3.901512176349E0,-4.65E0,-6.94737E-1));
#6028=VERTEX_POINT('',#6026);
#6029=VERTEX_POINT('',#6027);
#6030=CARTESIAN_POINT('',(-6.598487823651E0,-4.65E0,-2.E-1));
#6031=CARTESIAN_POINT('',(-3.901512176349E0,-4.65E0,-2.E-1));
#6032=VERTEX_POINT('',#6030);
#6033=VERTEX_POINT('',#6031);
#6034=CARTESIAN_POINT('',(-6.609105634411E0,-4.563232078721E0,
-8.595960196153E-1));
#6035=CARTESIAN_POINT('',(-3.890894365589E0,-4.563232078721E0,
-8.595960196153E-1));
#6036=VERTEX_POINT('',#6034);
#6037=VERTEX_POINT('',#6035);
#6038=CARTESIAN_POINT('',(-6.33082932E0,-3.85833534E0,-1.343882127816E0));
#6039=CARTESIAN_POINT('',(-6.33082932E0,-6.4166466E-1,-1.343882127816E0));
#6040=VERTEX_POINT('',#6038);
#6041=VERTEX_POINT('',#6039);
#6042=CARTESIAN_POINT('',(-4.16917068E0,-3.85833534E0,-1.343882127816E0));
#6043=CARTESIAN_POINT('',(-4.16917068E0,-6.4166466E-1,-1.343882127816E0));
#6044=VERTEX_POINT('',#6042);
#6045=VERTEX_POINT('',#6043);
#6046=CARTESIAN_POINT('',(-4.8E0,-9.8E0,-4.35E0));
#6047=CARTESIAN_POINT('',(-4.8E0,-9.8E0,-3.85E0));
#6048=VERTEX_POINT('',#6046);
#6049=VERTEX_POINT('',#6047);
#6050=CARTESIAN_POINT('',(-5.7E0,-9.8E0,-3.85E0));
#6051=VERTEX_POINT('',#6050);
#6052=CARTESIAN_POINT('',(-5.7E0,-9.8E0,-4.35E0));
#6053=VERTEX_POINT('',#6052);
#6054=CARTESIAN_POINT('',(-4.8E0,-6.3E0,-4.35E0));
#6055=VERTEX_POINT('',#6054);
#6056=CARTESIAN_POINT('',(-4.8E0,-6.3E0,-3.85E0));
#6057=VERTEX_POINT('',#6056);
#6058=CARTESIAN_POINT('',(-5.7E0,-6.3E0,-3.85E0));
#6059=VERTEX_POINT('',#6058);
#6060=CARTESIAN_POINT('',(-5.7E0,-6.3E0,-4.35E0));
#6061=VERTEX_POINT('',#6060);
#6062=CARTESIAN_POINT('',(3.E-1,6.3E0,-4.1E0));
#6063=CARTESIAN_POINT('',(3.2E0,6.3E0,-4.1E0));
#6064=VERTEX_POINT('',#6062);
#6065=VERTEX_POINT('',#6063);
#6066=CARTESIAN_POINT('',(3.2E0,5.04641E0,-4.1E0));
#6067=VERTEX_POINT('',#6066);
#6068=CARTESIAN_POINT('',(3.E-1,5.04641E0,-4.1E0));
#6069=VERTEX_POINT('',#6068);
#6070=CARTESIAN_POINT('',(2.275E0,2.7E0,-8.2E0));
#6071=VERTEX_POINT('',#6070);
#6072=CARTESIAN_POINT('',(1.225E0,2.7E0,-8.2E0));
#6073=VERTEX_POINT('',#6072);
#6074=CARTESIAN_POINT('',(1.45000025E0,-2.7E0,-7.349999822023E0));
#6075=CARTESIAN_POINT('',(1.486397005465E0,-2.511837893824E0,
-7.349999822023E0));
#6076=VERTEX_POINT('',#6074);
#6077=VERTEX_POINT('',#6075);
#6078=CARTESIAN_POINT('',(2.013602994535E0,-2.511837893824E0,
-7.349999822023E0));
#6079=CARTESIAN_POINT('',(2.04999975E0,-2.7E0,-7.349999822023E0));
#6080=VERTEX_POINT('',#6078);
#6081=VERTEX_POINT('',#6079);
#6082=CARTESIAN_POINT('',(4.275E-1,3.5E-1,0.E0));
#6083=CARTESIAN_POINT('',(3.0725E0,3.5E-1,0.E0));
#6084=VERTEX_POINT('',#6082);
#6085=VERTEX_POINT('',#6083);
#6086=CARTESIAN_POINT('',(4.275E-1,-4.85E0,0.E0));
#6087=CARTESIAN_POINT('',(3.0725E0,-4.85E0,0.E0));
#6088=VERTEX_POINT('',#6086);
#6089=VERTEX_POINT('',#6087);
#6090=CARTESIAN_POINT('',(8.7750602E-1,-8.5E-1,-1.75E0));
#6091=CARTESIAN_POINT('',(8.7750602E-1,-3.65E0,-1.75E0));
#6092=VERTEX_POINT('',#6090);
#6093=VERTEX_POINT('',#6091);
#6094=CARTESIAN_POINT('',(2.62249398E0,-8.5E-1,-1.75E0));
#6095=CARTESIAN_POINT('',(2.62249398E0,-3.65E0,-1.75E0));
#6096=VERTEX_POINT('',#6094);
#6097=VERTEX_POINT('',#6095);
#6098=VERTEX_POINT('',#4155);
#6099=VERTEX_POINT('',#4162);
#6100=VERTEX_POINT('',#4171);
#6101=VERTEX_POINT('',#4341);
#6102=VERTEX_POINT('',#4348);
#6103=VERTEX_POINT('',#4357);
#6104=VERTEX_POINT('',#4320);
#6105=VERTEX_POINT('',#4326);
#6106=VERTEX_POINT('',#4491);
#6107=VERTEX_POINT('',#4489);
#6108=CARTESIAN_POINT('',(1.68639702E0,-1.96234237E0,-7.349999822023E0));
#6109=CARTESIAN_POINT('',(1.81360298E0,-1.96234237E0,-7.349999822023E0));
#6110=VERTEX_POINT('',#6108);
#6111=VERTEX_POINT('',#6109);
#6112=VERTEX_POINT('',#1126);
#6113=VERTEX_POINT('',#1134);
#6114=VERTEX_POINT('',#1165);
#6115=CARTESIAN_POINT('',(1.45000025E0,-2.7E0,-7.449999822023E0));
#6116=VERTEX_POINT('',#6115);
#6117=CARTESIAN_POINT('',(1.551853885908E0,-2.7E0,-7.549999822023E0));
#6118=VERTEX_POINT('',#6117);
#6119=CARTESIAN_POINT('',(2.013602994535E0,-2.511837893824E0,
-7.449999822023E0));
#6120=CARTESIAN_POINT('',(2.04999975E0,-2.7E0,-7.449999822023E0));
#6121=VERTEX_POINT('',#6119);
#6122=VERTEX_POINT('',#6120);
#6123=VERTEX_POINT('',#1222);
#6124=VERTEX_POINT('',#1144);
#6125=CARTESIAN_POINT('',(1.948146114092E0,-2.7E0,-7.549999822023E0));
#6126=VERTEX_POINT('',#6125);
#6127=CARTESIAN_POINT('',(-3.2E0,6.3E0,-4.1E0));
#6128=CARTESIAN_POINT('',(-3.E-1,6.3E0,-4.1E0));
#6129=VERTEX_POINT('',#6127);
#6130=VERTEX_POINT('',#6128);
#6131=CARTESIAN_POINT('',(-3.E-1,5.04641E0,-4.1E0));
#6132=VERTEX_POINT('',#6131);
#6133=CARTESIAN_POINT('',(-3.2E0,5.04641E0,-4.1E0));
#6134=VERTEX_POINT('',#6133);
#6135=CARTESIAN_POINT('',(-1.225E0,2.7E0,-8.2E0));
#6136=VERTEX_POINT('',#6135);
#6137=CARTESIAN_POINT('',(-2.275E0,2.7E0,-8.2E0));
#6138=VERTEX_POINT('',#6137);
#6139=CARTESIAN_POINT('',(-2.04999975E0,-2.7E0,-7.349999822023E0));
#6140=CARTESIAN_POINT('',(-2.013602994535E0,-2.511837893824E0,
-7.349999822023E0));
#6141=VERTEX_POINT('',#6139);
#6142=VERTEX_POINT('',#6140);
#6143=CARTESIAN_POINT('',(-1.486397005465E0,-2.511837893824E0,
-7.349999822023E0));
#6144=CARTESIAN_POINT('',(-1.45000025E0,-2.7E0,-7.349999822023E0));
#6145=VERTEX_POINT('',#6143);
#6146=VERTEX_POINT('',#6144);
#6147=CARTESIAN_POINT('',(-3.0725E0,3.5E-1,0.E0));
#6148=CARTESIAN_POINT('',(-4.275E-1,3.5E-1,0.E0));
#6149=VERTEX_POINT('',#6147);
#6150=VERTEX_POINT('',#6148);
#6151=CARTESIAN_POINT('',(-3.0725E0,-4.85E0,0.E0));
#6152=CARTESIAN_POINT('',(-4.275E-1,-4.85E0,0.E0));
#6153=VERTEX_POINT('',#6151);
#6154=VERTEX_POINT('',#6152);
#6155=CARTESIAN_POINT('',(-2.62249398E0,-8.5E-1,-1.75E0));
#6156=CARTESIAN_POINT('',(-2.62249398E0,-3.65E0,-1.75E0));
#6157=VERTEX_POINT('',#6155);
#6158=VERTEX_POINT('',#6156);
#6159=CARTESIAN_POINT('',(-8.7750602E-1,-8.5E-1,-1.75E0));
#6160=CARTESIAN_POINT('',(-8.7750602E-1,-3.65E0,-1.75E0));
#6161=VERTEX_POINT('',#6159);
#6162=VERTEX_POINT('',#6160);
#6163=VERTEX_POINT('',#4543);
#6164=VERTEX_POINT('',#4550);
#6165=VERTEX_POINT('',#4559);
#6166=VERTEX_POINT('',#4729);
#6167=VERTEX_POINT('',#4736);
#6168=VERTEX_POINT('',#4745);
#6169=VERTEX_POINT('',#4708);
#6170=VERTEX_POINT('',#4714);
#6171=VERTEX_POINT('',#4879);
#6172=VERTEX_POINT('',#4877);
#6173=CARTESIAN_POINT('',(-1.81360298E0,-1.96234237E0,-7.349999822023E0));
#6174=CARTESIAN_POINT('',(-1.68639702E0,-1.96234237E0,-7.349999822023E0));
#6175=VERTEX_POINT('',#6173);
#6176=VERTEX_POINT('',#6174);
#6177=VERTEX_POINT('',#872);
#6178=VERTEX_POINT('',#880);
#6179=VERTEX_POINT('',#911);
#6180=CARTESIAN_POINT('',(-2.04999975E0,-2.7E0,-7.449999822023E0));
#6181=VERTEX_POINT('',#6180);
#6182=CARTESIAN_POINT('',(-1.948146114092E0,-2.7E0,-7.549999822023E0));
#6183=VERTEX_POINT('',#6182);
#6184=CARTESIAN_POINT('',(-1.486397005465E0,-2.511837893824E0,
-7.449999822023E0));
#6185=CARTESIAN_POINT('',(-1.45000025E0,-2.7E0,-7.449999822023E0));
#6186=VERTEX_POINT('',#6184);
#6187=VERTEX_POINT('',#6185);
#6188=VERTEX_POINT('',#968);
#6189=VERTEX_POINT('',#890);
#6190=CARTESIAN_POINT('',(-1.551853885908E0,-2.7E0,-7.549999822023E0));
#6191=VERTEX_POINT('',#6190);
#6192=CARTESIAN_POINT('',(-6.7E0,6.3E0,-4.1E0));
#6193=CARTESIAN_POINT('',(-3.8E0,6.3E0,-4.1E0));
#6194=VERTEX_POINT('',#6192);
#6195=VERTEX_POINT('',#6193);
#6196=CARTESIAN_POINT('',(-3.8E0,5.04641E0,-4.1E0));
#6197=VERTEX_POINT('',#6196);
#6198=CARTESIAN_POINT('',(-6.7E0,5.04641E0,-4.1E0));
#6199=VERTEX_POINT('',#6198);
#6200=CARTESIAN_POINT('',(-4.725E0,2.7E0,-8.2E0));
#6201=VERTEX_POINT('',#6200);
#6202=CARTESIAN_POINT('',(-5.775E0,2.7E0,-8.2E0));
#6203=VERTEX_POINT('',#6202);
#6204=CARTESIAN_POINT('',(-5.54999975E0,-2.7E0,-7.349999822023E0));
#6205=CARTESIAN_POINT('',(-5.513602994535E0,-2.511837893824E0,
-7.349999822023E0));
#6206=VERTEX_POINT('',#6204);
#6207=VERTEX_POINT('',#6205);
#6208=CARTESIAN_POINT('',(-4.986397005465E0,-2.511837893824E0,
-7.349999822023E0));
#6209=CARTESIAN_POINT('',(-4.95000025E0,-2.7E0,-7.349999822023E0));
#6210=VERTEX_POINT('',#6208);
#6211=VERTEX_POINT('',#6209);
#6212=CARTESIAN_POINT('',(-6.5725E0,3.5E-1,0.E0));
#6213=CARTESIAN_POINT('',(-3.9275E0,3.5E-1,0.E0));
#6214=VERTEX_POINT('',#6212);
#6215=VERTEX_POINT('',#6213);
#6216=CARTESIAN_POINT('',(-6.5725E0,-4.85E0,0.E0));
#6217=CARTESIAN_POINT('',(-3.9275E0,-4.85E0,0.E0));
#6218=VERTEX_POINT('',#6216);
#6219=VERTEX_POINT('',#6217);
#6220=CARTESIAN_POINT('',(-6.12249398E0,-8.5E-1,-1.75E0));
#6221=CARTESIAN_POINT('',(-6.12249398E0,-3.65E0,-1.75E0));
#6222=VERTEX_POINT('',#6220);
#6223=VERTEX_POINT('',#6221);
#6224=CARTESIAN_POINT('',(-4.37750602E0,-8.5E-1,-1.75E0));
#6225=CARTESIAN_POINT('',(-4.37750602E0,-3.65E0,-1.75E0));
#6226=VERTEX_POINT('',#6224);
#6227=VERTEX_POINT('',#6225);
#6228=VERTEX_POINT('',#4931);
#6229=VERTEX_POINT('',#4938);
#6230=VERTEX_POINT('',#4947);
#6231=VERTEX_POINT('',#5117);
#6232=VERTEX_POINT('',#5124);
#6233=VERTEX_POINT('',#5133);
#6234=VERTEX_POINT('',#5096);
#6235=VERTEX_POINT('',#5102);
#6236=VERTEX_POINT('',#5267);
#6237=VERTEX_POINT('',#5265);
#6238=CARTESIAN_POINT('',(-5.31360298E0,-1.96234237E0,-7.349999822023E0));
#6239=CARTESIAN_POINT('',(-5.18639702E0,-1.96234237E0,-7.349999822023E0));
#6240=VERTEX_POINT('',#6238);
#6241=VERTEX_POINT('',#6239);
#6242=VERTEX_POINT('',#3512);
#6243=VERTEX_POINT('',#3520);
#6244=VERTEX_POINT('',#3551);
#6245=CARTESIAN_POINT('',(-5.54999975E0,-2.7E0,-7.449999822023E0));
#6246=VERTEX_POINT('',#6245);
#6247=CARTESIAN_POINT('',(-5.448146114092E0,-2.7E0,-7.549999822023E0));
#6248=VERTEX_POINT('',#6247);
#6249=CARTESIAN_POINT('',(-4.986397005465E0,-2.511837893824E0,
-7.449999822023E0));
#6250=CARTESIAN_POINT('',(-4.95000025E0,-2.7E0,-7.449999822023E0));
#6251=VERTEX_POINT('',#6249);
#6252=VERTEX_POINT('',#6250);
#6253=VERTEX_POINT('',#3608);
#6254=VERTEX_POINT('',#3530);
#6255=CARTESIAN_POINT('',(-5.051853885908E0,-2.7E0,-7.549999822023E0));
#6256=VERTEX_POINT('',#6255);
#6257=CARTESIAN_POINT('',(6.252776749733E-1,4.E-1,-7.4E0));
#6258=CARTESIAN_POINT('',(6.685789451625E-1,4.E-1,-7.475E0));
#6259=VERTEX_POINT('',#6257);
#6260=VERTEX_POINT('',#6258);
#6261=CARTESIAN_POINT('',(3.799038105677E-1,4.E-1,-7.975E0));
#6262=VERTEX_POINT('',#6261);
#6263=CARTESIAN_POINT('',(-3.799038105677E-1,4.E-1,-7.975E0));
#6264=CARTESIAN_POINT('',(-6.685789451625E-1,4.E-1,-7.475E0));
#6265=VERTEX_POINT('',#6263);
#6266=VERTEX_POINT('',#6264);
#6267=CARTESIAN_POINT('',(-6.252776749733E-1,4.E-1,-7.4E0));
#6268=VERTEX_POINT('',#6267);
#6269=CARTESIAN_POINT('',(5.098076211353E-1,4.E-1,-8.2E0));
#6270=VERTEX_POINT('',#6269);
#6271=CARTESIAN_POINT('',(-5.098076211353E-1,4.E-1,-8.2E0));
#6272=VERTEX_POINT('',#6271);
#6273=CARTESIAN_POINT('',(6.252776749733E-1,2.7E0,-7.4E0));
#6274=VERTEX_POINT('',#6273);
#6275=CARTESIAN_POINT('',(6.685789451625E-1,2.7E0,-7.475E0));
#6276=VERTEX_POINT('',#6275);
#6277=CARTESIAN_POINT('',(3.799038105677E-1,2.7E0,-7.975E0));
#6278=VERTEX_POINT('',#6277);
#6279=CARTESIAN_POINT('',(-3.799038105677E-1,2.7E0,-7.975E0));
#6280=VERTEX_POINT('',#6279);
#6281=CARTESIAN_POINT('',(-6.685789451625E-1,2.7E0,-7.475E0));
#6282=VERTEX_POINT('',#6281);
#6283=CARTESIAN_POINT('',(-6.252776749733E-1,2.7E0,-7.4E0));
#6284=VERTEX_POINT('',#6283);
#6285=CARTESIAN_POINT('',(-2.874722325027E0,4.E-1,-7.4E0));
#6286=CARTESIAN_POINT('',(-2.831421054838E0,4.E-1,-7.475E0));
#6287=VERTEX_POINT('',#6285);
#6288=VERTEX_POINT('',#6286);
#6289=CARTESIAN_POINT('',(-3.120096189432E0,4.E-1,-7.975E0));
#6290=VERTEX_POINT('',#6289);
#6291=CARTESIAN_POINT('',(-3.879903810568E0,4.E-1,-7.975E0));
#6292=CARTESIAN_POINT('',(-4.168578945162E0,4.E-1,-7.475E0));
#6293=VERTEX_POINT('',#6291);
#6294=VERTEX_POINT('',#6292);
#6295=CARTESIAN_POINT('',(-4.125277674973E0,4.E-1,-7.4E0));
#6296=VERTEX_POINT('',#6295);
#6297=CARTESIAN_POINT('',(-2.990192378865E0,4.E-1,-8.2E0));
#6298=VERTEX_POINT('',#6297);
#6299=CARTESIAN_POINT('',(-4.009807621135E0,4.E-1,-8.2E0));
#6300=VERTEX_POINT('',#6299);
#6301=CARTESIAN_POINT('',(-2.874722325027E0,2.7E0,-7.4E0));
#6302=VERTEX_POINT('',#6301);
#6303=CARTESIAN_POINT('',(-2.831421054838E0,2.7E0,-7.475E0));
#6304=VERTEX_POINT('',#6303);
#6305=CARTESIAN_POINT('',(-3.120096189432E0,2.7E0,-7.975E0));
#6306=VERTEX_POINT('',#6305);
#6307=CARTESIAN_POINT('',(-3.879903810568E0,2.7E0,-7.975E0));
#6308=VERTEX_POINT('',#6307);
#6309=CARTESIAN_POINT('',(-4.168578945162E0,2.7E0,-7.475E0));
#6310=VERTEX_POINT('',#6309);
#6311=CARTESIAN_POINT('',(-4.125277674973E0,2.7E0,-7.4E0));
#6312=VERTEX_POINT('',#6311);
#6313=CARTESIAN_POINT('',(5.098076211353E-1,2.7E0,-8.2E0));
#6314=VERTEX_POINT('',#6313);
#6315=CARTESIAN_POINT('',(-5.098076211353E-1,2.7E0,-8.2E0));
#6316=VERTEX_POINT('',#6315);
#6317=CARTESIAN_POINT('',(3.5E-1,4.E-1,-8.2E0));
#6318=VERTEX_POINT('',#6317);
#6319=CARTESIAN_POINT('',(-3.5E-1,4.E-1,-8.2E0));
#6320=VERTEX_POINT('',#6319);
#6321=CARTESIAN_POINT('',(3.5E-1,-3.9083073E0,-8.2E0));
#6322=CARTESIAN_POINT('',(-3.5E-1,-3.9083073E0,-8.2E0));
#6323=VERTEX_POINT('',#6321);
#6324=VERTEX_POINT('',#6322);
#6325=CARTESIAN_POINT('',(3.5E-1,4.E-1,-7.44E0));
#6326=VERTEX_POINT('',#6325);
#6327=CARTESIAN_POINT('',(-3.5E-1,4.E-1,-7.44E0));
#6328=VERTEX_POINT('',#6327);
#6329=CARTESIAN_POINT('',(-2.990192378865E0,2.7E0,-8.2E0));
#6330=VERTEX_POINT('',#6329);
#6331=CARTESIAN_POINT('',(-4.009807621135E0,2.7E0,-8.2E0));
#6332=VERTEX_POINT('',#6331);
#6333=CARTESIAN_POINT('',(-3.15E0,4.E-1,-8.2E0));
#6334=VERTEX_POINT('',#6333);
#6335=CARTESIAN_POINT('',(-3.85E0,4.E-1,-8.2E0));
#6336=VERTEX_POINT('',#6335);
#6337=CARTESIAN_POINT('',(-3.15E0,-3.9083073E0,-8.2E0));
#6338=CARTESIAN_POINT('',(-3.85E0,-3.9083073E0,-8.2E0));
#6339=VERTEX_POINT('',#6337);
#6340=VERTEX_POINT('',#6338);
#6341=CARTESIAN_POINT('',(-3.15E0,4.E-1,-7.44E0));
#6342=VERTEX_POINT('',#6341);
#6343=CARTESIAN_POINT('',(-3.85E0,4.E-1,-7.44E0));
#6344=VERTEX_POINT('',#6343);
#6345=CARTESIAN_POINT('',(7.E0,6.3E0,-2.013033107515E0));
#6346=CARTESIAN_POINT('',(7.E0,6.191345603373E0,-1.868843853125E0));
#6347=VERTEX_POINT('',#6345);
#6348=VERTEX_POINT('',#6346);
#6349=CARTESIAN_POINT('',(-7.E0,6.191345603373E0,-1.868843853125E0));
#6350=VERTEX_POINT('',#6349);
#6351=CARTESIAN_POINT('',(-7.E0,6.3E0,-2.013033107515E0));
#6352=VERTEX_POINT('',#6351);
#6353=CARTESIAN_POINT('',(7.E0,6.176047226650E0,-6.421856218275E0));
#6354=CARTESIAN_POINT('',(7.E0,6.3E0,-6.274135055323E0));
#6355=VERTEX_POINT('',#6353);
#6356=VERTEX_POINT('',#6354);
#6357=CARTESIAN_POINT('',(-7.E0,6.3E0,-6.274135055323E0));
#6358=VERTEX_POINT('',#6357);
#6359=CARTESIAN_POINT('',(-7.E0,6.176047226650E0,-6.421856218275E0));
#6360=VERTEX_POINT('',#6359);
#6361=CARTESIAN_POINT('',(7.E0,0.E0,0.E0));
#6362=DIRECTION('',(-1.E0,0.E0,0.E0));
#6363=DIRECTION('',(0.E0,0.E0,1.E0));
#6364=AXIS2_PLACEMENT_3D('',#6361,#6362,#6363);
#6365=PLANE('',#6364);
#6367=ORIENTED_EDGE('',*,*,#6366,.F.);
#6369=ORIENTED_EDGE('',*,*,#6368,.T.);
#6371=ORIENTED_EDGE('',*,*,#6370,.F.);
#6373=ORIENTED_EDGE('',*,*,#6372,.F.);
#6375=ORIENTED_EDGE('',*,*,#6374,.T.);
#6377=ORIENTED_EDGE('',*,*,#6376,.T.);
#6379=ORIENTED_EDGE('',*,*,#6378,.F.);
#6381=ORIENTED_EDGE('',*,*,#6380,.F.);
#6383=ORIENTED_EDGE('',*,*,#6382,.T.);
#6385=ORIENTED_EDGE('',*,*,#6384,.T.);
#6387=ORIENTED_EDGE('',*,*,#6386,.F.);
#6389=ORIENTED_EDGE('',*,*,#6388,.T.);
#6391=ORIENTED_EDGE('',*,*,#6390,.T.);
#6393=ORIENTED_EDGE('',*,*,#6392,.F.);
#6395=ORIENTED_EDGE('',*,*,#6394,.F.);
#6397=ORIENTED_EDGE('',*,*,#6396,.T.);
#6399=ORIENTED_EDGE('',*,*,#6398,.T.);
#6401=ORIENTED_EDGE('',*,*,#6400,.T.);
#6403=ORIENTED_EDGE('',*,*,#6402,.T.);
#6405=ORIENTED_EDGE('',*,*,#6404,.T.);
#6406=EDGE_LOOP('',(#6367,#6369,#6371,#6373,#6375,#6377,#6379,#6381,#6383,#6385,
#6387,#6389,#6391,#6393,#6395,#6397,#6399,#6401,#6403,#6405));
#6407=FACE_OUTER_BOUND('',#6406,.F.);
#6409=CARTESIAN_POINT('',(-2.59022E1,6.15E0,-2.013033107515E0));
#6410=DIRECTION('',(1.E0,0.E0,0.E0));
#6411=DIRECTION('',(0.E0,1.E0,0.E0));
#6412=AXIS2_PLACEMENT_3D('',#6409,#6410,#6411);
#6413=CYLINDRICAL_SURFACE('',#6412,1.5E-1);
#6414=ORIENTED_EDGE('',*,*,#6366,.T.);
#6416=ORIENTED_EDGE('',*,*,#6415,.F.);
#6418=ORIENTED_EDGE('',*,*,#6417,.T.);
#6420=ORIENTED_EDGE('',*,*,#6419,.T.);
#6421=EDGE_LOOP('',(#6414,#6416,#6418,#6420));
#6422=FACE_OUTER_BOUND('',#6421,.F.);
#6424=CARTESIAN_POINT('',(7.E0,8.5E-1,-3.372376476145E-1));
#6425=DIRECTION('',(0.E0,2.756373558170E-1,9.612616959383E-1));
#6426=DIRECTION('',(0.E0,9.612616959383E-1,-2.756373558170E-1));
#6427=AXIS2_PLACEMENT_3D('',#6424,#6425,#6426);
#6428=PLANE('',#6427);
#6429=ORIENTED_EDGE('',*,*,#6415,.T.);
#6430=ORIENTED_EDGE('',*,*,#6404,.F.);
#6432=ORIENTED_EDGE('',*,*,#6431,.T.);
#6434=ORIENTED_EDGE('',*,*,#6433,.T.);
#6435=EDGE_LOOP('',(#6429,#6430,#6432,#6434));
#6436=FACE_OUTER_BOUND('',#6435,.F.);
#6438=CARTESIAN_POINT('',(7.E0,8.5E-1,0.E0));
#6439=DIRECTION('',(0.E0,1.E0,0.E0));
#6440=DIRECTION('',(0.E0,0.E0,-1.E0));
#6441=AXIS2_PLACEMENT_3D('',#6438,#6439,#6440);
#6442=PLANE('',#6441);
#6443=ORIENTED_EDGE('',*,*,#6402,.F.);
#6445=ORIENTED_EDGE('',*,*,#6444,.T.);
#6447=ORIENTED_EDGE('',*,*,#6446,.T.);
#6448=ORIENTED_EDGE('',*,*,#6431,.F.);
#6449=EDGE_LOOP('',(#6443,#6445,#6447,#6448));
#6450=FACE_OUTER_BOUND('',#6449,.F.);
#6452=CARTESIAN_POINT('',(7.E0,-6.3E0,0.E0));
#6453=DIRECTION('',(0.E0,0.E0,1.E0));
#6454=DIRECTION('',(0.E0,1.E0,0.E0));
#6455=AXIS2_PLACEMENT_3D('',#6452,#6453,#6454);
#6456=PLANE('',#6455);
#6457=ORIENTED_EDGE('',*,*,#6400,.F.);
#6459=ORIENTED_EDGE('',*,*,#6458,.T.);
#6461=ORIENTED_EDGE('',*,*,#6460,.T.);
#6462=ORIENTED_EDGE('',*,*,#6444,.F.);
#6463=EDGE_LOOP('',(#6457,#6459,#6461,#6462));
#6464=FACE_OUTER_BOUND('',#6463,.F.);
#6466=ORIENTED_EDGE('',*,*,#6465,.T.);
#6468=ORIENTED_EDGE('',*,*,#6467,.T.);
#6470=ORIENTED_EDGE('',*,*,#6469,.T.);
#6472=ORIENTED_EDGE('',*,*,#6471,.F.);
#6473=EDGE_LOOP('',(#6466,#6468,#6470,#6472));
#6474=FACE_BOUND('',#6473,.F.);
#6476=ORIENTED_EDGE('',*,*,#6475,.T.);
#6478=ORIENTED_EDGE('',*,*,#6477,.T.);
#6480=ORIENTED_EDGE('',*,*,#6479,.T.);
#6482=ORIENTED_EDGE('',*,*,#6481,.F.);
#6483=EDGE_LOOP('',(#6476,#6478,#6480,#6482));
#6484=FACE_BOUND('',#6483,.F.);
#6486=ORIENTED_EDGE('',*,*,#6485,.T.);
#6488=ORIENTED_EDGE('',*,*,#6487,.T.);
#6490=ORIENTED_EDGE('',*,*,#6489,.T.);
#6492=ORIENTED_EDGE('',*,*,#6491,.F.);
#6493=EDGE_LOOP('',(#6486,#6488,#6490,#6492));
#6494=FACE_BOUND('',#6493,.F.);
#6496=ORIENTED_EDGE('',*,*,#6495,.T.);
#6498=ORIENTED_EDGE('',*,*,#6497,.T.);
#6500=ORIENTED_EDGE('',*,*,#6499,.T.);
#6502=ORIENTED_EDGE('',*,*,#6501,.F.);
#6503=EDGE_LOOP('',(#6496,#6498,#6500,#6502));
#6504=FACE_BOUND('',#6503,.F.);
#6506=CARTESIAN_POINT('',(7.E0,-6.3E0,-8.2E0));
#6507=DIRECTION('',(0.E0,-1.E0,0.E0));
#6508=DIRECTION('',(0.E0,0.E0,1.E0));
#6509=AXIS2_PLACEMENT_3D('',#6506,#6507,#6508);
#6510=PLANE('',#6509);
#6511=ORIENTED_EDGE('',*,*,#6398,.F.);
#6513=ORIENTED_EDGE('',*,*,#6512,.T.);
#6515=ORIENTED_EDGE('',*,*,#6514,.T.);
#6516=ORIENTED_EDGE('',*,*,#6458,.F.);
#6517=EDGE_LOOP('',(#6511,#6513,#6515,#6516));
#6518=FACE_OUTER_BOUND('',#6517,.F.);
#6520=ORIENTED_EDGE('',*,*,#6519,.T.);
#6522=ORIENTED_EDGE('',*,*,#6521,.T.);
#6524=ORIENTED_EDGE('',*,*,#6523,.T.);
#6526=ORIENTED_EDGE('',*,*,#6525,.T.);
#6527=EDGE_LOOP('',(#6520,#6522,#6524,#6526));
#6528=FACE_BOUND('',#6527,.F.);
#6530=ORIENTED_EDGE('',*,*,#6529,.T.);
#6532=ORIENTED_EDGE('',*,*,#6531,.T.);
#6534=ORIENTED_EDGE('',*,*,#6533,.T.);
#6536=ORIENTED_EDGE('',*,*,#6535,.T.);
#6537=EDGE_LOOP('',(#6530,#6532,#6534,#6536));
#6538=FACE_BOUND('',#6537,.F.);
#6540=ORIENTED_EDGE('',*,*,#6539,.T.);
#6542=ORIENTED_EDGE('',*,*,#6541,.T.);
#6544=ORIENTED_EDGE('',*,*,#6543,.T.);
#6546=ORIENTED_EDGE('',*,*,#6545,.T.);
#6547=EDGE_LOOP('',(#6540,#6542,#6544,#6546));
#6548=FACE_BOUND('',#6547,.F.);
#6550=ORIENTED_EDGE('',*,*,#6549,.T.);
#6552=ORIENTED_EDGE('',*,*,#6551,.T.);
#6554=ORIENTED_EDGE('',*,*,#6553,.T.);
#6556=ORIENTED_EDGE('',*,*,#6555,.T.);
#6557=EDGE_LOOP('',(#6550,#6552,#6554,#6556));
#6558=FACE_BOUND('',#6557,.F.);
#6560=CARTESIAN_POINT('',(7.E0,2.7E0,-8.2E0));
#6561=DIRECTION('',(0.E0,0.E0,-1.E0));
#6562=DIRECTION('',(0.E0,-1.E0,0.E0));
#6563=AXIS2_PLACEMENT_3D('',#6560,#6561,#6562);
#6564=PLANE('',#6563);
#6566=ORIENTED_EDGE('',*,*,#6565,.T.);
#6568=ORIENTED_EDGE('',*,*,#6567,.T.);
#6570=ORIENTED_EDGE('',*,*,#6569,.T.);
#6572=ORIENTED_EDGE('',*,*,#6571,.T.);
#6574=ORIENTED_EDGE('',*,*,#6573,.T.);
#6576=ORIENTED_EDGE('',*,*,#6575,.T.);
#6578=ORIENTED_EDGE('',*,*,#6577,.T.);
#6580=ORIENTED_EDGE('',*,*,#6579,.F.);
#6582=ORIENTED_EDGE('',*,*,#6581,.T.);
#6584=ORIENTED_EDGE('',*,*,#6583,.F.);
#6586=ORIENTED_EDGE('',*,*,#6585,.T.);
#6588=ORIENTED_EDGE('',*,*,#6587,.T.);
#6589=ORIENTED_EDGE('',*,*,#6512,.F.);
#6590=ORIENTED_EDGE('',*,*,#6396,.F.);
#6592=ORIENTED_EDGE('',*,*,#6591,.T.);
#6594=ORIENTED_EDGE('',*,*,#6593,.T.);
#6596=ORIENTED_EDGE('',*,*,#6595,.T.);
#6598=ORIENTED_EDGE('',*,*,#6597,.T.);
#6600=ORIENTED_EDGE('',*,*,#6599,.T.);
#6602=ORIENTED_EDGE('',*,*,#6601,.F.);
#6604=ORIENTED_EDGE('',*,*,#6603,.T.);
#6606=ORIENTED_EDGE('',*,*,#6605,.F.);
#6608=ORIENTED_EDGE('',*,*,#6607,.T.);
#6610=ORIENTED_EDGE('',*,*,#6609,.F.);
#6612=ORIENTED_EDGE('',*,*,#6611,.T.);
#6614=ORIENTED_EDGE('',*,*,#6613,.T.);
#6616=ORIENTED_EDGE('',*,*,#6615,.T.);
#6618=ORIENTED_EDGE('',*,*,#6617,.T.);
#6620=ORIENTED_EDGE('',*,*,#6619,.T.);
#6622=ORIENTED_EDGE('',*,*,#6621,.T.);
#6624=ORIENTED_EDGE('',*,*,#6623,.T.);
#6626=ORIENTED_EDGE('',*,*,#6625,.F.);
#6628=ORIENTED_EDGE('',*,*,#6627,.T.);
#6630=ORIENTED_EDGE('',*,*,#6629,.F.);
#6632=ORIENTED_EDGE('',*,*,#6631,.T.);
#6634=ORIENTED_EDGE('',*,*,#6633,.F.);
#6636=ORIENTED_EDGE('',*,*,#6635,.T.);
#6638=ORIENTED_EDGE('',*,*,#6637,.T.);
#6640=ORIENTED_EDGE('',*,*,#6639,.T.);
#6642=ORIENTED_EDGE('',*,*,#6641,.T.);
#6644=ORIENTED_EDGE('',*,*,#6643,.T.);
#6646=ORIENTED_EDGE('',*,*,#6645,.T.);
#6648=ORIENTED_EDGE('',*,*,#6647,.T.);
#6650=ORIENTED_EDGE('',*,*,#6649,.F.);
#6652=ORIENTED_EDGE('',*,*,#6651,.T.);
#6654=ORIENTED_EDGE('',*,*,#6653,.F.);
#6656=ORIENTED_EDGE('',*,*,#6655,.T.);
#6658=ORIENTED_EDGE('',*,*,#6657,.F.);
#6659=EDGE_LOOP('',(#6566,#6568,#6570,#6572,#6574,#6576,#6578,#6580,#6582,#6584,
#6586,#6588,#6589,#6590,#6592,#6594,#6596,#6598,#6600,#6602,#6604,#6606,#6608,
#6610,#6612,#6614,#6616,#6618,#6620,#6622,#6624,#6626,#6628,#6630,#6632,#6634,
#6636,#6638,#6640,#6642,#6644,#6646,#6648,#6650,#6652,#6654,#6656,#6658));
#6660=FACE_OUTER_BOUND('',#6659,.F.);
#6662=CARTESIAN_POINT('',(-3.15E0,4.E-1,-7.44E0));
#6663=DIRECTION('',(0.E0,1.737211528246E-1,-9.847948827351E-1));
#6664=DIRECTION('',(0.E0,-9.847948827351E-1,-1.737211528246E-1));
#6665=AXIS2_PLACEMENT_3D('',#6662,#6663,#6664);
#6666=PLANE('',#6665);
#6667=ORIENTED_EDGE('',*,*,#6565,.F.);
#6669=ORIENTED_EDGE('',*,*,#6668,.F.);
#6671=ORIENTED_EDGE('',*,*,#6670,.F.);
#6673=ORIENTED_EDGE('',*,*,#6672,.T.);
#6674=EDGE_LOOP('',(#6667,#6669,#6671,#6673));
#6675=FACE_OUTER_BOUND('',#6674,.F.);
#6677=CARTESIAN_POINT('',(-3.15E0,4.E-1,-7.44E0));
#6678=DIRECTION('',(1.E0,0.E0,0.E0));
#6679=DIRECTION('',(0.E0,0.E0,-1.E0));
#6680=AXIS2_PLACEMENT_3D('',#6677,#6678,#6679);
#6681=PLANE('',#6680);
#6682=ORIENTED_EDGE('',*,*,#6668,.T.);
#6683=ORIENTED_EDGE('',*,*,#6657,.T.);
#6685=ORIENTED_EDGE('',*,*,#6684,.T.);
#6686=EDGE_LOOP('',(#6682,#6683,#6685));
#6687=FACE_OUTER_BOUND('',#6686,.F.);
#6689=CARTESIAN_POINT('',(0.E0,4.E-1,0.E0));
#6690=DIRECTION('',(0.E0,1.E0,0.E0));
#6691=DIRECTION('',(-1.E0,0.E0,0.E0));
#6692=AXIS2_PLACEMENT_3D('',#6689,#6690,#6691);
#6693=PLANE('',#6692);
#6694=ORIENTED_EDGE('',*,*,#6670,.T.);
#6695=ORIENTED_EDGE('',*,*,#6684,.F.);
#6696=ORIENTED_EDGE('',*,*,#6655,.F.);
#6698=ORIENTED_EDGE('',*,*,#6697,.F.);
#6700=ORIENTED_EDGE('',*,*,#6699,.F.);
#6702=ORIENTED_EDGE('',*,*,#6701,.F.);
#6704=ORIENTED_EDGE('',*,*,#6703,.F.);
#6706=ORIENTED_EDGE('',*,*,#6705,.F.);
#6708=ORIENTED_EDGE('',*,*,#6707,.F.);
#6710=ORIENTED_EDGE('',*,*,#6709,.F.);
#6711=ORIENTED_EDGE('',*,*,#6569,.F.);
#6713=ORIENTED_EDGE('',*,*,#6712,.T.);
#6714=EDGE_LOOP('',(#6694,#6695,#6696,#6698,#6700,#6702,#6704,#6706,#6708,#6710,
#6711,#6713));
#6715=FACE_OUTER_BOUND('',#6714,.F.);
#6717=CARTESIAN_POINT('',(-2.990192378865E0,2.7E0,-8.05E0));
#6718=DIRECTION('',(0.E0,1.E0,0.E0));
#6719=DIRECTION('',(-1.E0,0.E0,0.E0));
#6720=AXIS2_PLACEMENT_3D('',#6717,#6718,#6719);
#6721=CYLINDRICAL_SURFACE('',#6720,1.5E-1);
#6722=ORIENTED_EDGE('',*,*,#6697,.T.);
#6723=ORIENTED_EDGE('',*,*,#6653,.T.);
#6725=ORIENTED_EDGE('',*,*,#6724,.T.);
#6727=ORIENTED_EDGE('',*,*,#6726,.T.);
#6728=EDGE_LOOP('',(#6722,#6723,#6725,#6727));
#6729=FACE_OUTER_BOUND('',#6728,.F.);
#6731=CARTESIAN_POINT('',(7.E0,2.7E0,-7.034777130550E0));
#6732=DIRECTION('',(0.E0,1.E0,0.E0));
#6733=DIRECTION('',(0.E0,0.E0,-1.E0));
#6734=AXIS2_PLACEMENT_3D('',#6731,#6732,#6733);
#6735=PLANE('',#6734);
#6737=ORIENTED_EDGE('',*,*,#6736,.T.);
#6739=ORIENTED_EDGE('',*,*,#6738,.T.);
#6740=ORIENTED_EDGE('',*,*,#6724,.F.);
#6741=ORIENTED_EDGE('',*,*,#6651,.F.);
#6743=ORIENTED_EDGE('',*,*,#6742,.T.);
#6745=ORIENTED_EDGE('',*,*,#6744,.F.);
#6747=ORIENTED_EDGE('',*,*,#6746,.F.);
#6748=ORIENTED_EDGE('',*,*,#6643,.F.);
#6750=ORIENTED_EDGE('',*,*,#6749,.F.);
#6752=ORIENTED_EDGE('',*,*,#6751,.T.);
#6754=ORIENTED_EDGE('',*,*,#6753,.T.);
#6756=ORIENTED_EDGE('',*,*,#6755,.T.);
#6758=ORIENTED_EDGE('',*,*,#6757,.T.);
#6760=ORIENTED_EDGE('',*,*,#6759,.T.);
#6762=ORIENTED_EDGE('',*,*,#6761,.F.);
#6763=ORIENTED_EDGE('',*,*,#6627,.F.);
#6765=ORIENTED_EDGE('',*,*,#6764,.T.);
#6767=ORIENTED_EDGE('',*,*,#6766,.F.);
#6769=ORIENTED_EDGE('',*,*,#6768,.F.);
#6770=ORIENTED_EDGE('',*,*,#6619,.F.);
#6772=ORIENTED_EDGE('',*,*,#6771,.F.);
#6774=ORIENTED_EDGE('',*,*,#6773,.T.);
#6776=ORIENTED_EDGE('',*,*,#6775,.T.);
#6778=ORIENTED_EDGE('',*,*,#6777,.T.);
#6780=ORIENTED_EDGE('',*,*,#6779,.T.);
#6782=ORIENTED_EDGE('',*,*,#6781,.T.);
#6784=ORIENTED_EDGE('',*,*,#6783,.F.);
#6785=ORIENTED_EDGE('',*,*,#6603,.F.);
#6787=ORIENTED_EDGE('',*,*,#6786,.T.);
#6789=ORIENTED_EDGE('',*,*,#6788,.F.);
#6791=ORIENTED_EDGE('',*,*,#6790,.F.);
#6792=ORIENTED_EDGE('',*,*,#6595,.F.);
#6794=ORIENTED_EDGE('',*,*,#6793,.F.);
#6796=ORIENTED_EDGE('',*,*,#6795,.T.);
#6798=ORIENTED_EDGE('',*,*,#6797,.T.);
#6800=ORIENTED_EDGE('',*,*,#6799,.F.);
#6801=ORIENTED_EDGE('',*,*,#6390,.F.);
#6803=ORIENTED_EDGE('',*,*,#6802,.T.);
#6805=ORIENTED_EDGE('',*,*,#6804,.T.);
#6807=ORIENTED_EDGE('',*,*,#6806,.T.);
#6809=ORIENTED_EDGE('',*,*,#6808,.T.);
#6811=ORIENTED_EDGE('',*,*,#6810,.T.);
#6813=ORIENTED_EDGE('',*,*,#6812,.F.);
#6814=ORIENTED_EDGE('',*,*,#6581,.F.);
#6816=ORIENTED_EDGE('',*,*,#6815,.T.);
#6818=ORIENTED_EDGE('',*,*,#6817,.F.);
#6820=ORIENTED_EDGE('',*,*,#6819,.F.);
#6821=ORIENTED_EDGE('',*,*,#6573,.F.);
#6823=ORIENTED_EDGE('',*,*,#6822,.F.);
#6825=ORIENTED_EDGE('',*,*,#6824,.T.);
#6827=ORIENTED_EDGE('',*,*,#6826,.T.);
#6829=ORIENTED_EDGE('',*,*,#6828,.T.);
#6830=EDGE_LOOP('',(#6737,#6739,#6740,#6741,#6743,#6745,#6747,#6748,#6750,#6752,
#6754,#6756,#6758,#6760,#6762,#6763,#6765,#6767,#6769,#6770,#6772,#6774,#6776,
#6778,#6780,#6782,#6784,#6785,#6787,#6789,#6791,#6792,#6794,#6796,#6798,#6800,
#6801,#6803,#6805,#6807,#6809,#6811,#6813,#6814,#6816,#6818,#6820,#6821,#6823,
#6825,#6827,#6829));
#6831=FACE_OUTER_BOUND('',#6830,.F.);
#6833=CARTESIAN_POINT('',(-2.874722325027E0,2.7E0,-7.45E0));
#6834=DIRECTION('',(0.E0,1.E0,0.E0));
#6835=DIRECTION('',(-1.E0,0.E0,0.E0));
#6836=AXIS2_PLACEMENT_3D('',#6833,#6834,#6835);
#6837=CYLINDRICAL_SURFACE('',#6836,5.E-2);
#6839=ORIENTED_EDGE('',*,*,#6838,.T.);
#6840=ORIENTED_EDGE('',*,*,#6701,.T.);
#6842=ORIENTED_EDGE('',*,*,#6841,.F.);
#6843=ORIENTED_EDGE('',*,*,#6736,.F.);
#6844=EDGE_LOOP('',(#6839,#6840,#6842,#6843));
#6845=FACE_OUTER_BOUND('',#6844,.F.);
#6847=CARTESIAN_POINT('',(-4.125277674973E0,2.7E0,-7.4E0));
#6848=DIRECTION('',(0.E0,0.E0,1.E0));
#6849=DIRECTION('',(1.E0,0.E0,0.E0));
#6850=AXIS2_PLACEMENT_3D('',#6847,#6848,#6849);
#6851=PLANE('',#6850);
#6852=ORIENTED_EDGE('',*,*,#6838,.F.);
#6853=ORIENTED_EDGE('',*,*,#6828,.F.);
#6855=ORIENTED_EDGE('',*,*,#6854,.T.);
#6856=ORIENTED_EDGE('',*,*,#6703,.T.);
#6857=EDGE_LOOP('',(#6852,#6853,#6855,#6856));
#6858=FACE_OUTER_BOUND('',#6857,.F.);
#6860=CARTESIAN_POINT('',(-4.125277674973E0,2.7E0,-7.45E0));
#6861=DIRECTION('',(0.E0,1.E0,0.E0));
#6862=DIRECTION('',(-1.E0,0.E0,0.E0));
#6863=AXIS2_PLACEMENT_3D('',#6860,#6861,#6862);
#6864=CYLINDRICAL_SURFACE('',#6863,5.E-2);
#6866=ORIENTED_EDGE('',*,*,#6865,.T.);
#6867=ORIENTED_EDGE('',*,*,#6705,.T.);
#6868=ORIENTED_EDGE('',*,*,#6854,.F.);
#6869=ORIENTED_EDGE('',*,*,#6826,.F.);
#6870=EDGE_LOOP('',(#6866,#6867,#6868,#6869));
#6871=FACE_OUTER_BOUND('',#6870,.F.);
#6873=CARTESIAN_POINT('',(-3.879903810568E0,2.7E0,-7.975E0));
#6874=DIRECTION('',(-8.660254037844E-1,0.E0,-5.E-1));
#6875=DIRECTION('',(-5.E-1,0.E0,8.660254037844E-1));
#6876=AXIS2_PLACEMENT_3D('',#6873,#6874,#6875);
#6877=PLANE('',#6876);
#6879=ORIENTED_EDGE('',*,*,#6878,.T.);
#6880=ORIENTED_EDGE('',*,*,#6707,.T.);
#6881=ORIENTED_EDGE('',*,*,#6865,.F.);
#6882=ORIENTED_EDGE('',*,*,#6824,.F.);
#6883=EDGE_LOOP('',(#6879,#6880,#6881,#6882));
#6884=FACE_OUTER_BOUND('',#6883,.F.);
#6886=CARTESIAN_POINT('',(-4.009807621135E0,2.7E0,-8.05E0));
#6887=DIRECTION('',(0.E0,1.E0,0.E0));
#6888=DIRECTION('',(-1.E0,0.E0,0.E0));
#6889=AXIS2_PLACEMENT_3D('',#6886,#6887,#6888);
#6890=CYLINDRICAL_SURFACE('',#6889,1.5E-1);
#6891=ORIENTED_EDGE('',*,*,#6709,.T.);
#6892=ORIENTED_EDGE('',*,*,#6878,.F.);
#6893=ORIENTED_EDGE('',*,*,#6822,.T.);
#6894=ORIENTED_EDGE('',*,*,#6571,.F.);
#6895=EDGE_LOOP('',(#6891,#6892,#6893,#6894));
#6896=FACE_OUTER_BOUND('',#6895,.F.);
#6898=CARTESIAN_POINT('',(-2.831421054838E0,2.7E0,-7.475E0));
#6899=DIRECTION('',(8.660254037844E-1,0.E0,-5.E-1));
#6900=DIRECTION('',(-5.E-1,0.E0,-8.660254037844E-1));
#6901=AXIS2_PLACEMENT_3D('',#6898,#6899,#6900);
#6902=PLANE('',#6901);
#6903=ORIENTED_EDGE('',*,*,#6841,.T.);
#6904=ORIENTED_EDGE('',*,*,#6699,.T.);
#6905=ORIENTED_EDGE('',*,*,#6726,.F.);
#6906=ORIENTED_EDGE('',*,*,#6738,.F.);
#6907=EDGE_LOOP('',(#6903,#6904,#6905,#6906));
#6908=FACE_OUTER_BOUND('',#6907,.F.);
#6910=CARTESIAN_POINT('',(-2.275E0,2.7E0,-8.2E0));
#6911=DIRECTION('',(-1.E0,0.E0,0.E0));
#6912=DIRECTION('',(0.E0,1.E0,0.E0));
#6913=AXIS2_PLACEMENT_3D('',#6910,#6911,#6912);
#6914=PLANE('',#6913);
#6916=ORIENTED_EDGE('',*,*,#6915,.F.);
#6918=ORIENTED_EDGE('',*,*,#6917,.T.);
#6920=ORIENTED_EDGE('',*,*,#6919,.T.);
#6922=ORIENTED_EDGE('',*,*,#6921,.T.);
#6923=ORIENTED_EDGE('',*,*,#6742,.F.);
#6924=ORIENTED_EDGE('',*,*,#6649,.T.);
#6925=EDGE_LOOP('',(#6916,#6918,#6920,#6922,#6923,#6924));
#6926=FACE_OUTER_BOUND('',#6925,.F.);
#6928=CARTESIAN_POINT('',(-1.225E0,-3.9083073E0,-8.2E0));
#6929=DIRECTION('',(0.E0,-1.736481776669E-1,9.848077530122E-1));
#6930=DIRECTION('',(0.E0,9.848077530122E-1,1.736481776669E-1));
#6931=AXIS2_PLACEMENT_3D('',#6928,#6929,#6930);
#6932=PLANE('',#6931);
#6933=ORIENTED_EDGE('',*,*,#6915,.T.);
#6934=ORIENTED_EDGE('',*,*,#6647,.F.);
#6936=ORIENTED_EDGE('',*,*,#6935,.T.);
#6938=ORIENTED_EDGE('',*,*,#6937,.T.);
#6939=EDGE_LOOP('',(#6933,#6934,#6936,#6938));
#6940=FACE_OUTER_BOUND('',#6939,.F.);
#6942=CARTESIAN_POINT('',(-1.225E0,2.7E0,-8.2E0));
#6943=DIRECTION('',(-1.E0,0.E0,0.E0));
#6944=DIRECTION('',(0.E0,1.E0,0.E0));
#6945=AXIS2_PLACEMENT_3D('',#6942,#6943,#6944);
#6946=PLANE('',#6945);
#6947=ORIENTED_EDGE('',*,*,#6935,.F.);
#6948=ORIENTED_EDGE('',*,*,#6645,.F.);
#6949=ORIENTED_EDGE('',*,*,#6746,.T.);
#6951=ORIENTED_EDGE('',*,*,#6950,.F.);
#6953=ORIENTED_EDGE('',*,*,#6952,.F.);
#6955=ORIENTED_EDGE('',*,*,#6954,.F.);
#6956=EDGE_LOOP('',(#6947,#6948,#6949,#6951,#6953,#6955));
#6957=FACE_OUTER_BOUND('',#6956,.F.);
#6959=CARTESIAN_POINT('',(-1.225E0,-1.063242112547E0,-7.349999822023E0));
#6960=DIRECTION('',(0.E0,-5.233595624294E-2,9.986295347546E-1));
#6961=DIRECTION('',(0.E0,9.986295347546E-1,5.233595624294E-2));
#6962=AXIS2_PLACEMENT_3D('',#6959,#6960,#6961);
#6963=PLANE('',#6962);
#6964=ORIENTED_EDGE('',*,*,#6950,.T.);
#6965=ORIENTED_EDGE('',*,*,#6744,.T.);
#6966=ORIENTED_EDGE('',*,*,#6921,.F.);
#6968=ORIENTED_EDGE('',*,*,#6967,.F.);
#6969=EDGE_LOOP('',(#6964,#6965,#6966,#6968));
#6970=FACE_OUTER_BOUND('',#6969,.F.);
#6972=CARTESIAN_POINT('',(-1.225E0,-2.7E0,-7.349999822023E0));
#6973=DIRECTION('',(0.E0,0.E0,1.E0));
#6974=DIRECTION('',(0.E0,1.E0,0.E0));
#6975=AXIS2_PLACEMENT_3D('',#6972,#6973,#6974);
#6976=PLANE('',#6975);
#6978=ORIENTED_EDGE('',*,*,#6977,.T.);
#6980=ORIENTED_EDGE('',*,*,#6979,.T.);
#6982=ORIENTED_EDGE('',*,*,#6981,.T.);
#6984=ORIENTED_EDGE('',*,*,#6983,.F.);
#6985=ORIENTED_EDGE('',*,*,#6952,.T.);
#6986=ORIENTED_EDGE('',*,*,#6967,.T.);
#6987=ORIENTED_EDGE('',*,*,#6919,.F.);
#6989=ORIENTED_EDGE('',*,*,#6988,.F.);
#6991=ORIENTED_EDGE('',*,*,#6990,.T.);
#6993=ORIENTED_EDGE('',*,*,#6992,.T.);
#6994=EDGE_LOOP('',(#6978,#6980,#6982,#6984,#6985,#6986,#6987,#6989,#6991,
#6993));
#6995=FACE_OUTER_BOUND('',#6994,.F.);
#6997=CARTESIAN_POINT('',(-1.75E0,-2.237090111945E0,-7.449999822023E0));
#6998=DIRECTION('',(0.E0,3.420201433257E-1,-9.396926207859E-1));
#6999=DIRECTION('',(0.E0,9.396926207859E-1,3.420201433257E-1));
#7000=AXIS2_PLACEMENT_3D('',#6997,#6998,#6999);
#7001=PLANE('',#7000);
#7003=ORIENTED_EDGE('',*,*,#7002,.F.);
#7005=ORIENTED_EDGE('',*,*,#7004,.T.);
#7007=ORIENTED_EDGE('',*,*,#7006,.F.);
#7009=ORIENTED_EDGE('',*,*,#7008,.T.);
#7010=ORIENTED_EDGE('',*,*,#6977,.F.);
#7012=ORIENTED_EDGE('',*,*,#7011,.T.);
#7013=EDGE_LOOP('',(#7003,#7005,#7007,#7009,#7010,#7012));
#7014=FACE_OUTER_BOUND('',#7013,.F.);
#7016=CARTESIAN_POINT('',(-7.381283701787E0,-3.078796E1,-7.449999822023E0));
#7017=DIRECTION('',(1.899126825887E-1,9.818009844118E-1,0.E0));
#7018=DIRECTION('',(0.E0,0.E0,-1.E0));
#7019=AXIS2_PLACEMENT_3D('',#7016,#7017,#7018);
#7020=CYLINDRICAL_SURFACE('',#7019,1.E-1);
#7021=ORIENTED_EDGE('',*,*,#7002,.T.);
#7023=ORIENTED_EDGE('',*,*,#7022,.T.);
#7025=ORIENTED_EDGE('',*,*,#7024,.F.);
#7027=ORIENTED_EDGE('',*,*,#7026,.T.);
#7029=ORIENTED_EDGE('',*,*,#7028,.T.);
#7030=EDGE_LOOP('',(#7021,#7023,#7025,#7027,#7029));
#7031=FACE_OUTER_BOUND('',#7030,.F.);
#7033=CARTESIAN_POINT('',(-2.013602994535E0,-2.511837893824E0,
-7.349999822023E0));
#7034=DIRECTION('',(-9.396926207859E-1,3.420201433257E-1,0.E0));
#7035=DIRECTION('',(3.420201433257E-1,9.396926207859E-1,0.E0));
#7036=AXIS2_PLACEMENT_3D('',#7033,#7034,#7035);
#7037=PLANE('',#7036);
#7038=ORIENTED_EDGE('',*,*,#7022,.F.);
#7039=ORIENTED_EDGE('',*,*,#7011,.F.);
#7040=ORIENTED_EDGE('',*,*,#6992,.F.);
#7042=ORIENTED_EDGE('',*,*,#7041,.T.);
#7043=EDGE_LOOP('',(#7038,#7039,#7040,#7042));
#7044=FACE_OUTER_BOUND('',#7043,.F.);
#7046=CARTESIAN_POINT('',(-2.04999975E0,-2.7E0,-7.349999822023E0));
#7047=DIRECTION('',(-9.818009844118E-1,1.899126825887E-1,0.E0));
#7048=DIRECTION('',(1.899126825887E-1,9.818009844118E-1,0.E0));
#7049=AXIS2_PLACEMENT_3D('',#7046,#7047,#7048);
#7050=PLANE('',#7049);
#7051=ORIENTED_EDGE('',*,*,#7024,.T.);
#7052=ORIENTED_EDGE('',*,*,#7041,.F.);
#7053=ORIENTED_EDGE('',*,*,#6990,.F.);
#7055=ORIENTED_EDGE('',*,*,#7054,.T.);
#7056=EDGE_LOOP('',(#7051,#7052,#7053,#7055));
#7057=FACE_OUTER_BOUND('',#7056,.F.);
#7059=CARTESIAN_POINT('',(-1.225E0,-2.7E0,-7.986942822023E0));
#7060=DIRECTION('',(0.E0,-1.E0,0.E0));
#7061=DIRECTION('',(0.E0,0.E0,1.E0));
#7062=AXIS2_PLACEMENT_3D('',#7059,#7060,#7061);
#7063=PLANE('',#7062);
#7065=ORIENTED_EDGE('',*,*,#7064,.T.);
#7067=ORIENTED_EDGE('',*,*,#7066,.F.);
#7069=ORIENTED_EDGE('',*,*,#7068,.F.);
#7070=ORIENTED_EDGE('',*,*,#7026,.F.);
#7071=ORIENTED_EDGE('',*,*,#7054,.F.);
#7072=ORIENTED_EDGE('',*,*,#6988,.T.);
#7073=ORIENTED_EDGE('',*,*,#6917,.F.);
#7074=ORIENTED_EDGE('',*,*,#6937,.F.);
#7075=ORIENTED_EDGE('',*,*,#6954,.T.);
#7076=ORIENTED_EDGE('',*,*,#6983,.T.);
#7077=EDGE_LOOP('',(#7065,#7067,#7069,#7070,#7071,#7072,#7073,#7074,#7075,
#7076));
#7078=FACE_OUTER_BOUND('',#7077,.F.);
#7080=CARTESIAN_POINT('',(-1.486397005465E0,-2.511837893824E0,
-7.349999822023E0));
#7081=DIRECTION('',(9.818009844118E-1,1.899126825887E-1,0.E0));
#7082=DIRECTION('',(1.899126825887E-1,-9.818009844118E-1,0.E0));
#7083=AXIS2_PLACEMENT_3D('',#7080,#7081,#7082);
#7084=PLANE('',#7083);
#7086=ORIENTED_EDGE('',*,*,#7085,.T.);
#7087=ORIENTED_EDGE('',*,*,#7064,.F.);
#7088=ORIENTED_EDGE('',*,*,#6981,.F.);
#7090=ORIENTED_EDGE('',*,*,#7089,.T.);
#7091=EDGE_LOOP('',(#7086,#7087,#7088,#7090));
#7092=FACE_OUTER_BOUND('',#7091,.F.);
#7094=CARTESIAN_POINT('',(-7.213023934065E0,2.656683068472E1,
-7.449999822023E0));
#7095=DIRECTION('',(1.899126825887E-1,-9.818009844118E-1,0.E0));
#7096=DIRECTION('',(0.E0,0.E0,-1.E0));
#7097=AXIS2_PLACEMENT_3D('',#7094,#7095,#7096);
#7098=CYLINDRICAL_SURFACE('',#7097,1.E-1);
#7099=ORIENTED_EDGE('',*,*,#7085,.F.);
#7101=ORIENTED_EDGE('',*,*,#7100,.T.);
#7102=ORIENTED_EDGE('',*,*,#7006,.T.);
#7104=ORIENTED_EDGE('',*,*,#7103,.T.);
#7105=ORIENTED_EDGE('',*,*,#7066,.T.);
#7106=EDGE_LOOP('',(#7099,#7101,#7102,#7104,#7105));
#7107=FACE_OUTER_BOUND('',#7106,.F.);
#7109=CARTESIAN_POINT('',(-1.68639702E0,-1.96234237E0,-7.349999822023E0));
#7110=DIRECTION('',(9.396926207859E-1,3.420201433257E-1,0.E0));
#7111=DIRECTION('',(3.420201433257E-1,-9.396926207859E-1,0.E0));
#7112=AXIS2_PLACEMENT_3D('',#7109,#7110,#7111);
#7113=PLANE('',#7112);
#7114=ORIENTED_EDGE('',*,*,#7100,.F.);
#7115=ORIENTED_EDGE('',*,*,#7089,.F.);
#7116=ORIENTED_EDGE('',*,*,#6979,.F.);
#7117=ORIENTED_EDGE('',*,*,#7008,.F.);
#7118=EDGE_LOOP('',(#7114,#7115,#7116,#7117));
#7119=FACE_OUTER_BOUND('',#7118,.F.);
#7121=CARTESIAN_POINT('',(-1.225E0,2.7E0,-7.549999822023E0));
#7122=DIRECTION('',(0.E0,0.E0,-1.E0));
#7123=DIRECTION('',(1.E0,0.E0,0.E0));
#7124=AXIS2_PLACEMENT_3D('',#7121,#7122,#7123);
#7125=PLANE('',#7124);
#7126=ORIENTED_EDGE('',*,*,#7028,.F.);
#7127=ORIENTED_EDGE('',*,*,#7068,.T.);
#7128=ORIENTED_EDGE('',*,*,#7103,.F.);
#7129=ORIENTED_EDGE('',*,*,#7004,.F.);
#7130=EDGE_LOOP('',(#7126,#7127,#7128,#7129));
#7131=FACE_OUTER_BOUND('',#7130,.F.);
#7133=CARTESIAN_POINT('',(-5.098076211353E-1,2.7E0,-8.05E0));
#7134=DIRECTION('',(0.E0,1.E0,0.E0));
#7135=DIRECTION('',(-1.E0,0.E0,0.E0));
#7136=AXIS2_PLACEMENT_3D('',#7133,#7134,#7135);
#7137=CYLINDRICAL_SURFACE('',#7136,1.5E-1);
#7139=ORIENTED_EDGE('',*,*,#7138,.T.);
#7141=ORIENTED_EDGE('',*,*,#7140,.F.);
#7142=ORIENTED_EDGE('',*,*,#6749,.T.);
#7143=ORIENTED_EDGE('',*,*,#6641,.F.);
#7144=EDGE_LOOP('',(#7139,#7141,#7142,#7143));
#7145=FACE_OUTER_BOUND('',#7144,.F.);
#7147=CARTESIAN_POINT('',(3.5E0,4.E-1,0.E0));
#7148=DIRECTION('',(0.E0,1.E0,0.E0));
#7149=DIRECTION('',(-1.E0,0.E0,0.E0));
#7150=AXIS2_PLACEMENT_3D('',#7147,#7148,#7149);
#7151=PLANE('',#7150);
#7153=ORIENTED_EDGE('',*,*,#7152,.T.);
#7155=ORIENTED_EDGE('',*,*,#7154,.F.);
#7156=ORIENTED_EDGE('',*,*,#6631,.F.);
#7158=ORIENTED_EDGE('',*,*,#7157,.F.);
#7160=ORIENTED_EDGE('',*,*,#7159,.F.);
#7162=ORIENTED_EDGE('',*,*,#7161,.F.);
#7164=ORIENTED_EDGE('',*,*,#7163,.F.);
#7166=ORIENTED_EDGE('',*,*,#7165,.F.);
#7168=ORIENTED_EDGE('',*,*,#7167,.F.);
#7169=ORIENTED_EDGE('',*,*,#7138,.F.);
#7170=ORIENTED_EDGE('',*,*,#6639,.F.);
#7172=ORIENTED_EDGE('',*,*,#7171,.T.);
#7173=EDGE_LOOP('',(#7153,#7155,#7156,#7158,#7160,#7162,#7164,#7166,#7168,#7169,
#7170,#7172));
#7174=FACE_OUTER_BOUND('',#7173,.F.);
#7176=CARTESIAN_POINT('',(3.5E-1,4.E-1,-7.44E0));
#7177=DIRECTION('',(0.E0,1.737211528246E-1,-9.847948827351E-1));
#7178=DIRECTION('',(0.E0,-9.847948827351E-1,-1.737211528246E-1));
#7179=AXIS2_PLACEMENT_3D('',#7176,#7177,#7178);
#7180=PLANE('',#7179);
#7181=ORIENTED_EDGE('',*,*,#6635,.F.);
#7183=ORIENTED_EDGE('',*,*,#7182,.F.);
#7184=ORIENTED_EDGE('',*,*,#7152,.F.);
#7186=ORIENTED_EDGE('',*,*,#7185,.T.);
#7187=EDGE_LOOP('',(#7181,#7183,#7184,#7186));
#7188=FACE_OUTER_BOUND('',#7187,.F.);
#7190=CARTESIAN_POINT('',(3.5E-1,4.E-1,-7.44E0));
#7191=DIRECTION('',(1.E0,0.E0,0.E0));
#7192=DIRECTION('',(0.E0,0.E0,-1.E0));
#7193=AXIS2_PLACEMENT_3D('',#7190,#7191,#7192);
#7194=PLANE('',#7193);
#7195=ORIENTED_EDGE('',*,*,#7182,.T.);
#7196=ORIENTED_EDGE('',*,*,#6633,.T.);
#7197=ORIENTED_EDGE('',*,*,#7154,.T.);
#7198=EDGE_LOOP('',(#7195,#7196,#7197));
#7199=FACE_OUTER_BOUND('',#7198,.F.);
#7201=CARTESIAN_POINT('',(-3.5E-1,4.E-1,-8.2E0));
#7202=DIRECTION('',(-1.E0,0.E0,0.E0));
#7203=DIRECTION('',(0.E0,0.E0,1.E0));
#7204=AXIS2_PLACEMENT_3D('',#7201,#7202,#7203);
#7205=PLANE('',#7204);
#7206=ORIENTED_EDGE('',*,*,#7185,.F.);
#7207=ORIENTED_EDGE('',*,*,#7171,.F.);
#7208=ORIENTED_EDGE('',*,*,#6637,.F.);
#7209=EDGE_LOOP('',(#7206,#7207,#7208));
#7210=FACE_OUTER_BOUND('',#7209,.F.);
#7212=CARTESIAN_POINT('',(5.098076211353E-1,2.7E0,-8.05E0));
#7213=DIRECTION('',(0.E0,1.E0,0.E0));
#7214=DIRECTION('',(-1.E0,0.E0,0.E0));
#7215=AXIS2_PLACEMENT_3D('',#7212,#7213,#7214);
#7216=CYLINDRICAL_SURFACE('',#7215,1.5E-1);
#7217=ORIENTED_EDGE('',*,*,#7157,.T.);
#7218=ORIENTED_EDGE('',*,*,#6629,.T.);
#7219=ORIENTED_EDGE('',*,*,#6761,.T.);
#7221=ORIENTED_EDGE('',*,*,#7220,.T.);
#7222=EDGE_LOOP('',(#7217,#7218,#7219,#7221));
#7223=FACE_OUTER_BOUND('',#7222,.F.);
#7225=CARTESIAN_POINT('',(6.685789451625E-1,2.7E0,-7.475E0));
#7226=DIRECTION('',(8.660254037844E-1,0.E0,-5.E-1));
#7227=DIRECTION('',(-5.E-1,0.E0,-8.660254037844E-1));
#7228=AXIS2_PLACEMENT_3D('',#7225,#7226,#7227);
#7229=PLANE('',#7228);
#7231=ORIENTED_EDGE('',*,*,#7230,.T.);
#7232=ORIENTED_EDGE('',*,*,#7159,.T.);
#7233=ORIENTED_EDGE('',*,*,#7220,.F.);
#7234=ORIENTED_EDGE('',*,*,#6759,.F.);
#7235=EDGE_LOOP('',(#7231,#7232,#7233,#7234));
#7236=FACE_OUTER_BOUND('',#7235,.F.);
#7238=CARTESIAN_POINT('',(6.252776749733E-1,2.7E0,-7.45E0));
#7239=DIRECTION('',(0.E0,1.E0,0.E0));
#7240=DIRECTION('',(-1.E0,0.E0,0.E0));
#7241=AXIS2_PLACEMENT_3D('',#7238,#7239,#7240);
#7242=CYLINDRICAL_SURFACE('',#7241,5.E-2);
#7244=ORIENTED_EDGE('',*,*,#7243,.T.);
#7245=ORIENTED_EDGE('',*,*,#7161,.T.);
#7246=ORIENTED_EDGE('',*,*,#7230,.F.);
#7247=ORIENTED_EDGE('',*,*,#6757,.F.);
#7248=EDGE_LOOP('',(#7244,#7245,#7246,#7247));
#7249=FACE_OUTER_BOUND('',#7248,.F.);
#7251=CARTESIAN_POINT('',(-6.252776749733E-1,2.7E0,-7.4E0));
#7252=DIRECTION('',(0.E0,0.E0,1.E0));
#7253=DIRECTION('',(1.E0,0.E0,0.E0));
#7254=AXIS2_PLACEMENT_3D('',#7251,#7252,#7253);
#7255=PLANE('',#7254);
#7256=ORIENTED_EDGE('',*,*,#7243,.F.);
#7257=ORIENTED_EDGE('',*,*,#6755,.F.);
#7259=ORIENTED_EDGE('',*,*,#7258,.T.);
#7260=ORIENTED_EDGE('',*,*,#7163,.T.);
#7261=EDGE_LOOP('',(#7256,#7257,#7259,#7260));
#7262=FACE_OUTER_BOUND('',#7261,.F.);
#7264=CARTESIAN_POINT('',(-6.252776749733E-1,2.7E0,-7.45E0));
#7265=DIRECTION('',(0.E0,1.E0,0.E0));
#7266=DIRECTION('',(-1.E0,0.E0,0.E0));
#7267=AXIS2_PLACEMENT_3D('',#7264,#7265,#7266);
#7268=CYLINDRICAL_SURFACE('',#7267,5.E-2);
#7270=ORIENTED_EDGE('',*,*,#7269,.T.);
#7271=ORIENTED_EDGE('',*,*,#7165,.T.);
#7272=ORIENTED_EDGE('',*,*,#7258,.F.);
#7273=ORIENTED_EDGE('',*,*,#6753,.F.);
#7274=EDGE_LOOP('',(#7270,#7271,#7272,#7273));
#7275=FACE_OUTER_BOUND('',#7274,.F.);
#7277=CARTESIAN_POINT('',(-3.799038105677E-1,2.7E0,-7.975E0));
#7278=DIRECTION('',(-8.660254037844E-1,0.E0,-5.E-1));
#7279=DIRECTION('',(-5.E-1,0.E0,8.660254037844E-1));
#7280=AXIS2_PLACEMENT_3D('',#7277,#7278,#7279);
#7281=PLANE('',#7280);
#7282=ORIENTED_EDGE('',*,*,#7140,.T.);
#7283=ORIENTED_EDGE('',*,*,#7167,.T.);
#7284=ORIENTED_EDGE('',*,*,#7269,.F.);
#7285=ORIENTED_EDGE('',*,*,#6751,.F.);
#7286=EDGE_LOOP('',(#7282,#7283,#7284,#7285));
#7287=FACE_OUTER_BOUND('',#7286,.F.);
#7289=CARTESIAN_POINT('',(1.225E0,2.7E0,-8.2E0));
#7290=DIRECTION('',(-1.E0,0.E0,0.E0));
#7291=DIRECTION('',(0.E0,1.E0,0.E0));
#7292=AXIS2_PLACEMENT_3D('',#7289,#7290,#7291);
#7293=PLANE('',#7292);
#7295=ORIENTED_EDGE('',*,*,#7294,.F.);
#7297=ORIENTED_EDGE('',*,*,#7296,.T.);
#7299=ORIENTED_EDGE('',*,*,#7298,.T.);
#7301=ORIENTED_EDGE('',*,*,#7300,.T.);
#7302=ORIENTED_EDGE('',*,*,#6764,.F.);
#7303=ORIENTED_EDGE('',*,*,#6625,.T.);
#7304=EDGE_LOOP('',(#7295,#7297,#7299,#7301,#7302,#7303));
#7305=FACE_OUTER_BOUND('',#7304,.F.);
#7307=CARTESIAN_POINT('',(2.275E0,-3.9083073E0,-8.2E0));
#7308=DIRECTION('',(0.E0,-1.736481776669E-1,9.848077530122E-1));
#7309=DIRECTION('',(0.E0,9.848077530122E-1,1.736481776669E-1));
#7310=AXIS2_PLACEMENT_3D('',#7307,#7308,#7309);
#7311=PLANE('',#7310);
#7312=ORIENTED_EDGE('',*,*,#7294,.T.);
#7313=ORIENTED_EDGE('',*,*,#6623,.F.);
#7315=ORIENTED_EDGE('',*,*,#7314,.T.);
#7317=ORIENTED_EDGE('',*,*,#7316,.T.);
#7318=EDGE_LOOP('',(#7312,#7313,#7315,#7317));
#7319=FACE_OUTER_BOUND('',#7318,.F.);
#7321=CARTESIAN_POINT('',(2.275E0,2.7E0,-8.2E0));
#7322=DIRECTION('',(-1.E0,0.E0,0.E0));
#7323=DIRECTION('',(0.E0,1.E0,0.E0));
#7324=AXIS2_PLACEMENT_3D('',#7321,#7322,#7323);
#7325=PLANE('',#7324);
#7326=ORIENTED_EDGE('',*,*,#7314,.F.);
#7327=ORIENTED_EDGE('',*,*,#6621,.F.);
#7328=ORIENTED_EDGE('',*,*,#6768,.T.);
#7330=ORIENTED_EDGE('',*,*,#7329,.F.);
#7332=ORIENTED_EDGE('',*,*,#7331,.F.);
#7334=ORIENTED_EDGE('',*,*,#7333,.F.);
#7335=EDGE_LOOP('',(#7326,#7327,#7328,#7330,#7332,#7334));
#7336=FACE_OUTER_BOUND('',#7335,.F.);
#7338=CARTESIAN_POINT('',(2.275E0,-1.063242112547E0,-7.349999822023E0));
#7339=DIRECTION('',(0.E0,-5.233595624294E-2,9.986295347546E-1));
#7340=DIRECTION('',(0.E0,9.986295347546E-1,5.233595624294E-2));
#7341=AXIS2_PLACEMENT_3D('',#7338,#7339,#7340);
#7342=PLANE('',#7341);
#7343=ORIENTED_EDGE('',*,*,#7329,.T.);
#7344=ORIENTED_EDGE('',*,*,#6766,.T.);
#7345=ORIENTED_EDGE('',*,*,#7300,.F.);
#7347=ORIENTED_EDGE('',*,*,#7346,.F.);
#7348=EDGE_LOOP('',(#7343,#7344,#7345,#7347));
#7349=FACE_OUTER_BOUND('',#7348,.F.);
#7351=CARTESIAN_POINT('',(2.275E0,-2.7E0,-7.349999822023E0));
#7352=DIRECTION('',(0.E0,0.E0,1.E0));
#7353=DIRECTION('',(0.E0,1.E0,0.E0));
#7354=AXIS2_PLACEMENT_3D('',#7351,#7352,#7353);
#7355=PLANE('',#7354);
#7357=ORIENTED_EDGE('',*,*,#7356,.T.);
#7359=ORIENTED_EDGE('',*,*,#7358,.T.);
#7361=ORIENTED_EDGE('',*,*,#7360,.T.);
#7363=ORIENTED_EDGE('',*,*,#7362,.F.);
#7364=ORIENTED_EDGE('',*,*,#7331,.T.);
#7365=ORIENTED_EDGE('',*,*,#7346,.T.);
#7366=ORIENTED_EDGE('',*,*,#7298,.F.);
#7368=ORIENTED_EDGE('',*,*,#7367,.F.);
#7370=ORIENTED_EDGE('',*,*,#7369,.T.);
#7372=ORIENTED_EDGE('',*,*,#7371,.T.);
#7373=EDGE_LOOP('',(#7357,#7359,#7361,#7363,#7364,#7365,#7366,#7368,#7370,
#7372));
#7374=FACE_OUTER_BOUND('',#7373,.F.);
#7376=CARTESIAN_POINT('',(1.75E0,-2.237090111945E0,-7.449999822023E0));
#7377=DIRECTION('',(0.E0,3.420201433257E-1,-9.396926207859E-1));
#7378=DIRECTION('',(0.E0,9.396926207859E-1,3.420201433257E-1));
#7379=AXIS2_PLACEMENT_3D('',#7376,#7377,#7378);
#7380=PLANE('',#7379);
#7382=ORIENTED_EDGE('',*,*,#7381,.F.);
#7384=ORIENTED_EDGE('',*,*,#7383,.T.);
#7386=ORIENTED_EDGE('',*,*,#7385,.F.);
#7388=ORIENTED_EDGE('',*,*,#7387,.T.);
#7389=ORIENTED_EDGE('',*,*,#7356,.F.);
#7391=ORIENTED_EDGE('',*,*,#7390,.T.);
#7392=EDGE_LOOP('',(#7382,#7384,#7386,#7388,#7389,#7391));
#7393=FACE_OUTER_BOUND('',#7392,.F.);
#7395=CARTESIAN_POINT('',(-3.480344471688E0,-2.871520463982E1,
-7.449999822023E0));
#7396=DIRECTION('',(1.899126825887E-1,9.818009844118E-1,0.E0));
#7397=DIRECTION('',(0.E0,0.E0,-1.E0));
#7398=AXIS2_PLACEMENT_3D('',#7395,#7396,#7397);
#7399=CYLINDRICAL_SURFACE('',#7398,1.E-1);
#7400=ORIENTED_EDGE('',*,*,#7381,.T.);
#7402=ORIENTED_EDGE('',*,*,#7401,.T.);
#7404=ORIENTED_EDGE('',*,*,#7403,.F.);
#7406=ORIENTED_EDGE('',*,*,#7405,.T.);
#7408=ORIENTED_EDGE('',*,*,#7407,.T.);
#7409=EDGE_LOOP('',(#7400,#7402,#7404,#7406,#7408));
#7410=FACE_OUTER_BOUND('',#7409,.F.);
#7412=CARTESIAN_POINT('',(1.486397005465E0,-2.511837893824E0,
-7.349999822023E0));
#7413=DIRECTION('',(-9.396926207859E-1,3.420201433257E-1,0.E0));
#7414=DIRECTION('',(3.420201433257E-1,9.396926207859E-1,0.E0));
#7415=AXIS2_PLACEMENT_3D('',#7412,#7413,#7414);
#7416=PLANE('',#7415);
#7417=ORIENTED_EDGE('',*,*,#7401,.F.);
#7418=ORIENTED_EDGE('',*,*,#7390,.F.);
#7419=ORIENTED_EDGE('',*,*,#7371,.F.);
#7421=ORIENTED_EDGE('',*,*,#7420,.T.);
#7422=EDGE_LOOP('',(#7417,#7418,#7419,#7421));
#7423=FACE_OUTER_BOUND('',#7422,.F.);
#7425=CARTESIAN_POINT('',(1.45000025E0,-2.7E0,-7.349999822023E0));
#7426=DIRECTION('',(-9.818009844118E-1,1.899126825887E-1,0.E0));
#7427=DIRECTION('',(1.899126825887E-1,9.818009844118E-1,0.E0));
#7428=AXIS2_PLACEMENT_3D('',#7425,#7426,#7427);
#7429=PLANE('',#7428);
#7430=ORIENTED_EDGE('',*,*,#7403,.T.);
#7431=ORIENTED_EDGE('',*,*,#7420,.F.);
#7432=ORIENTED_EDGE('',*,*,#7369,.F.);
#7434=ORIENTED_EDGE('',*,*,#7433,.T.);
#7435=EDGE_LOOP('',(#7430,#7431,#7432,#7434));
#7436=FACE_OUTER_BOUND('',#7435,.F.);
#7438=CARTESIAN_POINT('',(2.275E0,-2.7E0,-7.986942822023E0));
#7439=DIRECTION('',(0.E0,-1.E0,0.E0));
#7440=DIRECTION('',(0.E0,0.E0,1.E0));
#7441=AXIS2_PLACEMENT_3D('',#7438,#7439,#7440);
#7442=PLANE('',#7441);
#7444=ORIENTED_EDGE('',*,*,#7443,.T.);
#7446=ORIENTED_EDGE('',*,*,#7445,.F.);
#7448=ORIENTED_EDGE('',*,*,#7447,.F.);
#7449=ORIENTED_EDGE('',*,*,#7405,.F.);
#7450=ORIENTED_EDGE('',*,*,#7433,.F.);
#7451=ORIENTED_EDGE('',*,*,#7367,.T.);
#7452=ORIENTED_EDGE('',*,*,#7296,.F.);
#7453=ORIENTED_EDGE('',*,*,#7316,.F.);
#7454=ORIENTED_EDGE('',*,*,#7333,.T.);
#7455=ORIENTED_EDGE('',*,*,#7362,.T.);
#7456=EDGE_LOOP('',(#7444,#7446,#7448,#7449,#7450,#7451,#7452,#7453,#7454,
#7455));
#7457=FACE_OUTER_BOUND('',#7456,.F.);
#7459=CARTESIAN_POINT('',(2.013602994535E0,-2.511837893824E0,
-7.349999822023E0));
#7460=DIRECTION('',(9.818009844118E-1,1.899126825887E-1,0.E0));
#7461=DIRECTION('',(1.899126825887E-1,-9.818009844118E-1,0.E0));
#7462=AXIS2_PLACEMENT_3D('',#7459,#7460,#7461);
#7463=PLANE('',#7462);
#7465=ORIENTED_EDGE('',*,*,#7464,.T.);
#7466=ORIENTED_EDGE('',*,*,#7443,.F.);
#7467=ORIENTED_EDGE('',*,*,#7360,.F.);
#7469=ORIENTED_EDGE('',*,*,#7468,.T.);
#7470=EDGE_LOOP('',(#7465,#7466,#7467,#7469));
#7471=FACE_OUTER_BOUND('',#7470,.F.);
#7473=CARTESIAN_POINT('',(-3.018598766216E0,2.297682656229E1,
-7.449999822023E0));
#7474=DIRECTION('',(1.899126825887E-1,-9.818009844118E-1,0.E0));
#7475=DIRECTION('',(0.E0,0.E0,-1.E0));
#7476=AXIS2_PLACEMENT_3D('',#7473,#7474,#7475);
#7477=CYLINDRICAL_SURFACE('',#7476,1.E-1);
#7478=ORIENTED_EDGE('',*,*,#7464,.F.);
#7480=ORIENTED_EDGE('',*,*,#7479,.T.);
#7481=ORIENTED_EDGE('',*,*,#7385,.T.);
#7483=ORIENTED_EDGE('',*,*,#7482,.T.);
#7484=ORIENTED_EDGE('',*,*,#7445,.T.);
#7485=EDGE_LOOP('',(#7478,#7480,#7481,#7483,#7484));
#7486=FACE_OUTER_BOUND('',#7485,.F.);
#7488=CARTESIAN_POINT('',(1.81360298E0,-1.96234237E0,-7.349999822023E0));
#7489=DIRECTION('',(9.396926207859E-1,3.420201433257E-1,0.E0));
#7490=DIRECTION('',(3.420201433257E-1,-9.396926207859E-1,0.E0));
#7491=AXIS2_PLACEMENT_3D('',#7488,#7489,#7490);
#7492=PLANE('',#7491);
#7493=ORIENTED_EDGE('',*,*,#7479,.F.);
#7494=ORIENTED_EDGE('',*,*,#7468,.F.);
#7495=ORIENTED_EDGE('',*,*,#7358,.F.);
#7496=ORIENTED_EDGE('',*,*,#7387,.F.);
#7497=EDGE_LOOP('',(#7493,#7494,#7495,#7496));
#7498=FACE_OUTER_BOUND('',#7497,.F.);
#7500=CARTESIAN_POINT('',(2.275E0,2.7E0,-7.549999822023E0));
#7501=DIRECTION('',(0.E0,0.E0,-1.E0));
#7502=DIRECTION('',(1.E0,0.E0,0.E0));
#7503=AXIS2_PLACEMENT_3D('',#7500,#7501,#7502);
#7504=PLANE('',#7503);
#7505=ORIENTED_EDGE('',*,*,#7407,.F.);
#7506=ORIENTED_EDGE('',*,*,#7447,.T.);
#7507=ORIENTED_EDGE('',*,*,#7482,.F.);
#7508=ORIENTED_EDGE('',*,*,#7383,.F.);
#7509=EDGE_LOOP('',(#7505,#7506,#7507,#7508));
#7510=FACE_OUTER_BOUND('',#7509,.F.);
#7512=CARTESIAN_POINT('',(2.990192378865E0,2.7E0,-8.05E0));
#7513=DIRECTION('',(0.E0,1.E0,0.E0));
#7514=DIRECTION('',(-1.E0,0.E0,0.E0));
#7515=AXIS2_PLACEMENT_3D('',#7512,#7513,#7514);
#7516=CYLINDRICAL_SURFACE('',#7515,1.5E-1);
#7518=ORIENTED_EDGE('',*,*,#7517,.T.);
#7520=ORIENTED_EDGE('',*,*,#7519,.F.);
#7521=ORIENTED_EDGE('',*,*,#6771,.T.);
#7522=ORIENTED_EDGE('',*,*,#6617,.F.);
#7523=EDGE_LOOP('',(#7518,#7520,#7521,#7522));
#7524=FACE_OUTER_BOUND('',#7523,.F.);
#7526=CARTESIAN_POINT('',(7.E0,4.E-1,0.E0));
#7527=DIRECTION('',(0.E0,1.E0,0.E0));
#7528=DIRECTION('',(-1.E0,0.E0,0.E0));
#7529=AXIS2_PLACEMENT_3D('',#7526,#7527,#7528);
#7530=PLANE('',#7529);
#7532=ORIENTED_EDGE('',*,*,#7531,.T.);
#7534=ORIENTED_EDGE('',*,*,#7533,.F.);
#7535=ORIENTED_EDGE('',*,*,#6607,.F.);
#7537=ORIENTED_EDGE('',*,*,#7536,.F.);
#7539=ORIENTED_EDGE('',*,*,#7538,.F.);
#7541=ORIENTED_EDGE('',*,*,#7540,.F.);
#7543=ORIENTED_EDGE('',*,*,#7542,.F.);
#7545=ORIENTED_EDGE('',*,*,#7544,.F.);
#7547=ORIENTED_EDGE('',*,*,#7546,.F.);
#7548=ORIENTED_EDGE('',*,*,#7517,.F.);
#7549=ORIENTED_EDGE('',*,*,#6615,.F.);
#7551=ORIENTED_EDGE('',*,*,#7550,.T.);
#7552=EDGE_LOOP('',(#7532,#7534,#7535,#7537,#7539,#7541,#7543,#7545,#7547,#7548,
#7549,#7551));
#7553=FACE_OUTER_BOUND('',#7552,.F.);
#7555=CARTESIAN_POINT('',(3.85E0,4.E-1,-7.44E0));
#7556=DIRECTION('',(0.E0,1.737211528246E-1,-9.847948827351E-1));
#7557=DIRECTION('',(0.E0,-9.847948827351E-1,-1.737211528246E-1));
#7558=AXIS2_PLACEMENT_3D('',#7555,#7556,#7557);
#7559=PLANE('',#7558);
#7560=ORIENTED_EDGE('',*,*,#6611,.F.);
#7562=ORIENTED_EDGE('',*,*,#7561,.F.);
#7563=ORIENTED_EDGE('',*,*,#7531,.F.);
#7565=ORIENTED_EDGE('',*,*,#7564,.T.);
#7566=EDGE_LOOP('',(#7560,#7562,#7563,#7565));
#7567=FACE_OUTER_BOUND('',#7566,.F.);
#7569=CARTESIAN_POINT('',(3.85E0,4.E-1,-7.44E0));
#7570=DIRECTION('',(1.E0,0.E0,0.E0));
#7571=DIRECTION('',(0.E0,0.E0,-1.E0));
#7572=AXIS2_PLACEMENT_3D('',#7569,#7570,#7571);
#7573=PLANE('',#7572);
#7574=ORIENTED_EDGE('',*,*,#7561,.T.);
#7575=ORIENTED_EDGE('',*,*,#6609,.T.);
#7576=ORIENTED_EDGE('',*,*,#7533,.T.);
#7577=EDGE_LOOP('',(#7574,#7575,#7576));
#7578=FACE_OUTER_BOUND('',#7577,.F.);
#7580=CARTESIAN_POINT('',(3.15E0,4.E-1,-8.2E0));
#7581=DIRECTION('',(-1.E0,0.E0,0.E0));
#7582=DIRECTION('',(0.E0,0.E0,1.E0));
#7583=AXIS2_PLACEMENT_3D('',#7580,#7581,#7582);
#7584=PLANE('',#7583);
#7585=ORIENTED_EDGE('',*,*,#7564,.F.);
#7586=ORIENTED_EDGE('',*,*,#7550,.F.);
#7587=ORIENTED_EDGE('',*,*,#6613,.F.);
#7588=EDGE_LOOP('',(#7585,#7586,#7587));
#7589=FACE_OUTER_BOUND('',#7588,.F.);
#7591=CARTESIAN_POINT('',(4.009807621135E0,2.7E0,-8.05E0));
#7592=DIRECTION('',(0.E0,1.E0,0.E0));
#7593=DIRECTION('',(-1.E0,0.E0,0.E0));
#7594=AXIS2_PLACEMENT_3D('',#7591,#7592,#7593);
#7595=CYLINDRICAL_SURFACE('',#7594,1.5E-1);
#7596=ORIENTED_EDGE('',*,*,#7536,.T.);
#7597=ORIENTED_EDGE('',*,*,#6605,.T.);
#7598=ORIENTED_EDGE('',*,*,#6783,.T.);
#7600=ORIENTED_EDGE('',*,*,#7599,.T.);
#7601=EDGE_LOOP('',(#7596,#7597,#7598,#7600));
#7602=FACE_OUTER_BOUND('',#7601,.F.);
#7604=CARTESIAN_POINT('',(4.168578945162E0,2.7E0,-7.475E0));
#7605=DIRECTION('',(8.660254037844E-1,0.E0,-5.E-1));
#7606=DIRECTION('',(-5.E-1,0.E0,-8.660254037844E-1));
#7607=AXIS2_PLACEMENT_3D('',#7604,#7605,#7606);
#7608=PLANE('',#7607);
#7610=ORIENTED_EDGE('',*,*,#7609,.T.);
#7611=ORIENTED_EDGE('',*,*,#7538,.T.);
#7612=ORIENTED_EDGE('',*,*,#7599,.F.);
#7613=ORIENTED_EDGE('',*,*,#6781,.F.);
#7614=EDGE_LOOP('',(#7610,#7611,#7612,#7613));
#7615=FACE_OUTER_BOUND('',#7614,.F.);
#7617=CARTESIAN_POINT('',(4.125277674973E0,2.7E0,-7.45E0));
#7618=DIRECTION('',(0.E0,1.E0,0.E0));
#7619=DIRECTION('',(-1.E0,0.E0,0.E0));
#7620=AXIS2_PLACEMENT_3D('',#7617,#7618,#7619);
#7621=CYLINDRICAL_SURFACE('',#7620,5.E-2);
#7623=ORIENTED_EDGE('',*,*,#7622,.T.);
#7624=ORIENTED_EDGE('',*,*,#7540,.T.);
#7625=ORIENTED_EDGE('',*,*,#7609,.F.);
#7626=ORIENTED_EDGE('',*,*,#6779,.F.);
#7627=EDGE_LOOP('',(#7623,#7624,#7625,#7626));
#7628=FACE_OUTER_BOUND('',#7627,.F.);
#7630=CARTESIAN_POINT('',(2.874722325027E0,2.7E0,-7.4E0));
#7631=DIRECTION('',(0.E0,0.E0,1.E0));
#7632=DIRECTION('',(1.E0,0.E0,0.E0));
#7633=AXIS2_PLACEMENT_3D('',#7630,#7631,#7632);
#7634=PLANE('',#7633);
#7635=ORIENTED_EDGE('',*,*,#7622,.F.);
#7636=ORIENTED_EDGE('',*,*,#6777,.F.);
#7638=ORIENTED_EDGE('',*,*,#7637,.T.);
#7639=ORIENTED_EDGE('',*,*,#7542,.T.);
#7640=EDGE_LOOP('',(#7635,#7636,#7638,#7639));
#7641=FACE_OUTER_BOUND('',#7640,.F.);
#7643=CARTESIAN_POINT('',(2.874722325027E0,2.7E0,-7.45E0));
#7644=DIRECTION('',(0.E0,1.E0,0.E0));
#7645=DIRECTION('',(-1.E0,0.E0,0.E0));
#7646=AXIS2_PLACEMENT_3D('',#7643,#7644,#7645);
#7647=CYLINDRICAL_SURFACE('',#7646,5.E-2);
#7649=ORIENTED_EDGE('',*,*,#7648,.T.);
#7650=ORIENTED_EDGE('',*,*,#7544,.T.);
#7651=ORIENTED_EDGE('',*,*,#7637,.F.);
#7652=ORIENTED_EDGE('',*,*,#6775,.F.);
#7653=EDGE_LOOP('',(#7649,#7650,#7651,#7652));
#7654=FACE_OUTER_BOUND('',#7653,.F.);
#7656=CARTESIAN_POINT('',(3.120096189432E0,2.7E0,-7.975E0));
#7657=DIRECTION('',(-8.660254037844E-1,0.E0,-5.E-1));
#7658=DIRECTION('',(-5.E-1,0.E0,8.660254037844E-1));
#7659=AXIS2_PLACEMENT_3D('',#7656,#7657,#7658);
#7660=PLANE('',#7659);
#7661=ORIENTED_EDGE('',*,*,#7519,.T.);
#7662=ORIENTED_EDGE('',*,*,#7546,.T.);
#7663=ORIENTED_EDGE('',*,*,#7648,.F.);
#7664=ORIENTED_EDGE('',*,*,#6773,.F.);
#7665=EDGE_LOOP('',(#7661,#7662,#7663,#7664));
#7666=FACE_OUTER_BOUND('',#7665,.F.);
#7668=CARTESIAN_POINT('',(4.725E0,2.7E0,-8.2E0));
#7669=DIRECTION('',(-1.E0,0.E0,0.E0));
#7670=DIRECTION('',(0.E0,1.E0,0.E0));
#7671=AXIS2_PLACEMENT_3D('',#7668,#7669,#7670);
#7672=PLANE('',#7671);
#7674=ORIENTED_EDGE('',*,*,#7673,.F.);
#7676=ORIENTED_EDGE('',*,*,#7675,.T.);
#7678=ORIENTED_EDGE('',*,*,#7677,.T.);
#7680=ORIENTED_EDGE('',*,*,#7679,.T.);
#7681=ORIENTED_EDGE('',*,*,#6786,.F.);
#7682=ORIENTED_EDGE('',*,*,#6601,.T.);
#7683=EDGE_LOOP('',(#7674,#7676,#7678,#7680,#7681,#7682));
#7684=FACE_OUTER_BOUND('',#7683,.F.);
#7686=CARTESIAN_POINT('',(5.775E0,-3.9083073E0,-8.2E0));
#7687=DIRECTION('',(0.E0,-1.736481776669E-1,9.848077530122E-1));
#7688=DIRECTION('',(0.E0,9.848077530122E-1,1.736481776669E-1));
#7689=AXIS2_PLACEMENT_3D('',#7686,#7687,#7688);
#7690=PLANE('',#7689);
#7691=ORIENTED_EDGE('',*,*,#7673,.T.);
#7692=ORIENTED_EDGE('',*,*,#6599,.F.);
#7694=ORIENTED_EDGE('',*,*,#7693,.T.);
#7696=ORIENTED_EDGE('',*,*,#7695,.T.);
#7697=EDGE_LOOP('',(#7691,#7692,#7694,#7696));
#7698=FACE_OUTER_BOUND('',#7697,.F.);
#7700=CARTESIAN_POINT('',(5.775E0,2.7E0,-8.2E0));
#7701=DIRECTION('',(-1.E0,0.E0,0.E0));
#7702=DIRECTION('',(0.E0,1.E0,0.E0));
#7703=AXIS2_PLACEMENT_3D('',#7700,#7701,#7702);
#7704=PLANE('',#7703);
#7705=ORIENTED_EDGE('',*,*,#6790,.T.);
#7707=ORIENTED_EDGE('',*,*,#7706,.F.);
#7709=ORIENTED_EDGE('',*,*,#7708,.F.);
#7711=ORIENTED_EDGE('',*,*,#7710,.F.);
#7712=ORIENTED_EDGE('',*,*,#7693,.F.);
#7713=ORIENTED_EDGE('',*,*,#6597,.F.);
#7714=EDGE_LOOP('',(#7705,#7707,#7709,#7711,#7712,#7713));
#7715=FACE_OUTER_BOUND('',#7714,.F.);
#7717=CARTESIAN_POINT('',(5.775E0,-1.063242112547E0,-7.349999822023E0));
#7718=DIRECTION('',(0.E0,-5.233595624294E-2,9.986295347546E-1));
#7719=DIRECTION('',(0.E0,9.986295347546E-1,5.233595624294E-2));
#7720=AXIS2_PLACEMENT_3D('',#7717,#7718,#7719);
#7721=PLANE('',#7720);
#7722=ORIENTED_EDGE('',*,*,#6788,.T.);
#7723=ORIENTED_EDGE('',*,*,#7679,.F.);
#7725=ORIENTED_EDGE('',*,*,#7724,.F.);
#7726=ORIENTED_EDGE('',*,*,#7706,.T.);
#7727=EDGE_LOOP('',(#7722,#7723,#7725,#7726));
#7728=FACE_OUTER_BOUND('',#7727,.F.);
#7730=CARTESIAN_POINT('',(5.775E0,-2.7E0,-7.349999822023E0));
#7731=DIRECTION('',(0.E0,0.E0,1.E0));
#7732=DIRECTION('',(0.E0,1.E0,0.E0));
#7733=AXIS2_PLACEMENT_3D('',#7730,#7731,#7732);
#7734=PLANE('',#7733);
#7736=ORIENTED_EDGE('',*,*,#7735,.T.);
#7738=ORIENTED_EDGE('',*,*,#7737,.T.);
#7740=ORIENTED_EDGE('',*,*,#7739,.T.);
#7742=ORIENTED_EDGE('',*,*,#7741,.F.);
#7743=ORIENTED_EDGE('',*,*,#7708,.T.);
#7744=ORIENTED_EDGE('',*,*,#7724,.T.);
#7745=ORIENTED_EDGE('',*,*,#7677,.F.);
#7747=ORIENTED_EDGE('',*,*,#7746,.F.);
#7749=ORIENTED_EDGE('',*,*,#7748,.T.);
#7751=ORIENTED_EDGE('',*,*,#7750,.T.);
#7752=EDGE_LOOP('',(#7736,#7738,#7740,#7742,#7743,#7744,#7745,#7747,#7749,
#7751));
#7753=FACE_OUTER_BOUND('',#7752,.F.);
#7755=CARTESIAN_POINT('',(5.25E0,-2.237090111945E0,-7.449999822023E0));
#7756=DIRECTION('',(0.E0,3.420201433257E-1,-9.396926207859E-1));
#7757=DIRECTION('',(0.E0,9.396926207859E-1,3.420201433257E-1));
#7758=AXIS2_PLACEMENT_3D('',#7755,#7756,#7757);
#7759=PLANE('',#7758);
#7761=ORIENTED_EDGE('',*,*,#7760,.F.);
#7763=ORIENTED_EDGE('',*,*,#7762,.T.);
#7765=ORIENTED_EDGE('',*,*,#7764,.F.);
#7767=ORIENTED_EDGE('',*,*,#7766,.T.);
#7768=ORIENTED_EDGE('',*,*,#7735,.F.);
#7770=ORIENTED_EDGE('',*,*,#7769,.T.);
#7771=EDGE_LOOP('',(#7761,#7763,#7765,#7767,#7768,#7770));
#7772=FACE_OUTER_BOUND('',#7771,.F.);
#7774=CARTESIAN_POINT('',(-3.000191253040E-1,-3.036784250126E1,
-7.449999822023E0));
#7775=DIRECTION('',(1.899126825887E-1,9.818009844118E-1,0.E0));
#7776=DIRECTION('',(0.E0,0.E0,-1.E0));
#7777=AXIS2_PLACEMENT_3D('',#7774,#7775,#7776);
#7778=CYLINDRICAL_SURFACE('',#7777,1.E-1);
#7779=ORIENTED_EDGE('',*,*,#7760,.T.);
#7781=ORIENTED_EDGE('',*,*,#7780,.T.);
#7783=ORIENTED_EDGE('',*,*,#7782,.F.);
#7785=ORIENTED_EDGE('',*,*,#7784,.T.);
#7787=ORIENTED_EDGE('',*,*,#7786,.T.);
#7788=EDGE_LOOP('',(#7779,#7781,#7783,#7785,#7787));
#7789=FACE_OUTER_BOUND('',#7788,.F.);
#7791=CARTESIAN_POINT('',(4.986397005465E0,-2.511837893824E0,
-7.349999822023E0));
#7792=DIRECTION('',(-9.396926207859E-1,3.420201433257E-1,0.E0));
#7793=DIRECTION('',(3.420201433257E-1,9.396926207859E-1,0.E0));
#7794=AXIS2_PLACEMENT_3D('',#7791,#7792,#7793);
#7795=PLANE('',#7794);
#7796=ORIENTED_EDGE('',*,*,#7780,.F.);
#7797=ORIENTED_EDGE('',*,*,#7769,.F.);
#7798=ORIENTED_EDGE('',*,*,#7750,.F.);
#7800=ORIENTED_EDGE('',*,*,#7799,.T.);
#7801=EDGE_LOOP('',(#7796,#7797,#7798,#7800));
#7802=FACE_OUTER_BOUND('',#7801,.F.);
#7804=CARTESIAN_POINT('',(4.95000025E0,-2.7E0,-7.349999822023E0));
#7805=DIRECTION('',(-9.818009844118E-1,1.899126825887E-1,0.E0));
#7806=DIRECTION('',(1.899126825887E-1,9.818009844118E-1,0.E0));
#7807=AXIS2_PLACEMENT_3D('',#7804,#7805,#7806);
#7808=PLANE('',#7807);
#7809=ORIENTED_EDGE('',*,*,#7782,.T.);
#7810=ORIENTED_EDGE('',*,*,#7799,.F.);
#7811=ORIENTED_EDGE('',*,*,#7748,.F.);
#7813=ORIENTED_EDGE('',*,*,#7812,.T.);
#7814=EDGE_LOOP('',(#7809,#7810,#7811,#7813));
#7815=FACE_OUTER_BOUND('',#7814,.F.);
#7817=CARTESIAN_POINT('',(5.775E0,-2.7E0,-7.986942822023E0));
#7818=DIRECTION('',(0.E0,-1.E0,0.E0));
#7819=DIRECTION('',(0.E0,0.E0,1.E0));
#7820=AXIS2_PLACEMENT_3D('',#7817,#7818,#7819);
#7821=PLANE('',#7820);
#7823=ORIENTED_EDGE('',*,*,#7822,.T.);
#7825=ORIENTED_EDGE('',*,*,#7824,.F.);
#7827=ORIENTED_EDGE('',*,*,#7826,.F.);
#7828=ORIENTED_EDGE('',*,*,#7784,.F.);
#7829=ORIENTED_EDGE('',*,*,#7812,.F.);
#7830=ORIENTED_EDGE('',*,*,#7746,.T.);
#7831=ORIENTED_EDGE('',*,*,#7675,.F.);
#7832=ORIENTED_EDGE('',*,*,#7695,.F.);
#7833=ORIENTED_EDGE('',*,*,#7710,.T.);
#7834=ORIENTED_EDGE('',*,*,#7741,.T.);
#7835=EDGE_LOOP('',(#7823,#7825,#7827,#7828,#7829,#7830,#7831,#7832,#7833,
#7834));
#7836=FACE_OUTER_BOUND('',#7835,.F.);
#7838=CARTESIAN_POINT('',(5.513602994535E0,-2.511837893824E0,
-7.349999822023E0));
#7839=DIRECTION('',(9.818009844118E-1,1.899126825887E-1,0.E0));
#7840=DIRECTION('',(1.899126825887E-1,-9.818009844118E-1,0.E0));
#7841=AXIS2_PLACEMENT_3D('',#7838,#7839,#7840);
#7842=PLANE('',#7841);
#7844=ORIENTED_EDGE('',*,*,#7843,.T.);
#7845=ORIENTED_EDGE('',*,*,#7822,.F.);
#7846=ORIENTED_EDGE('',*,*,#7739,.F.);
#7848=ORIENTED_EDGE('',*,*,#7847,.T.);
#7849=EDGE_LOOP('',(#7844,#7845,#7846,#7848));
#7850=FACE_OUTER_BOUND('',#7849,.F.);
#7852=CARTESIAN_POINT('',(-1.168141862996E-1,2.606945039511E1,
-7.449999822023E0));
#7853=DIRECTION('',(1.899126825887E-1,-9.818009844118E-1,0.E0));
#7854=DIRECTION('',(0.E0,0.E0,-1.E0));
#7855=AXIS2_PLACEMENT_3D('',#7852,#7853,#7854);
#7856=CYLINDRICAL_SURFACE('',#7855,1.E-1);
#7857=ORIENTED_EDGE('',*,*,#7843,.F.);
#7859=ORIENTED_EDGE('',*,*,#7858,.T.);
#7860=ORIENTED_EDGE('',*,*,#7764,.T.);
#7862=ORIENTED_EDGE('',*,*,#7861,.T.);
#7863=ORIENTED_EDGE('',*,*,#7824,.T.);
#7864=EDGE_LOOP('',(#7857,#7859,#7860,#7862,#7863));
#7865=FACE_OUTER_BOUND('',#7864,.F.);
#7867=CARTESIAN_POINT('',(5.31360298E0,-1.96234237E0,-7.349999822023E0));
#7868=DIRECTION('',(9.396926207859E-1,3.420201433257E-1,0.E0));
#7869=DIRECTION('',(3.420201433257E-1,-9.396926207859E-1,0.E0));
#7870=AXIS2_PLACEMENT_3D('',#7867,#7868,#7869);
#7871=PLANE('',#7870);
#7872=ORIENTED_EDGE('',*,*,#7858,.F.);
#7873=ORIENTED_EDGE('',*,*,#7847,.F.);
#7874=ORIENTED_EDGE('',*,*,#7737,.F.);
#7875=ORIENTED_EDGE('',*,*,#7766,.F.);
#7876=EDGE_LOOP('',(#7872,#7873,#7874,#7875));
#7877=FACE_OUTER_BOUND('',#7876,.F.);
#7879=CARTESIAN_POINT('',(5.775E0,2.7E0,-7.549999822023E0));
#7880=DIRECTION('',(0.E0,0.E0,-1.E0));
#7881=DIRECTION('',(1.E0,0.E0,0.E0));
#7882=AXIS2_PLACEMENT_3D('',#7879,#7880,#7881);
#7883=PLANE('',#7882);
#7884=ORIENTED_EDGE('',*,*,#7786,.F.);
#7885=ORIENTED_EDGE('',*,*,#7826,.T.);
#7886=ORIENTED_EDGE('',*,*,#7861,.F.);
#7887=ORIENTED_EDGE('',*,*,#7762,.F.);
#7888=EDGE_LOOP('',(#7884,#7885,#7886,#7887));
#7889=FACE_OUTER_BOUND('',#7888,.F.);
#7891=CARTESIAN_POINT('',(6.490192378865E0,2.7E0,-8.05E0));
#7892=DIRECTION('',(0.E0,1.E0,0.E0));
#7893=DIRECTION('',(-1.E0,0.E0,0.E0));
#7894=AXIS2_PLACEMENT_3D('',#7891,#7892,#7893);
#7895=CYLINDRICAL_SURFACE('',#7894,1.5E-1);
#7897=ORIENTED_EDGE('',*,*,#7896,.T.);
#7899=ORIENTED_EDGE('',*,*,#7898,.F.);
#7900=ORIENTED_EDGE('',*,*,#6793,.T.);
#7901=ORIENTED_EDGE('',*,*,#6593,.F.);
#7902=EDGE_LOOP('',(#7897,#7899,#7900,#7901));
#7903=FACE_OUTER_BOUND('',#7902,.F.);
#7905=CARTESIAN_POINT('',(7.E0,4.E-1,0.E0));
#7906=DIRECTION('',(0.E0,1.E0,0.E0));
#7907=DIRECTION('',(-1.E0,0.E0,0.E0));
#7908=AXIS2_PLACEMENT_3D('',#7905,#7906,#7907);
#7909=PLANE('',#7908);
#7910=ORIENTED_EDGE('',*,*,#7896,.F.);
#7911=ORIENTED_EDGE('',*,*,#6591,.F.);
#7912=ORIENTED_EDGE('',*,*,#6394,.T.);
#7914=ORIENTED_EDGE('',*,*,#7913,.F.);
#7916=ORIENTED_EDGE('',*,*,#7915,.F.);
#7918=ORIENTED_EDGE('',*,*,#7917,.F.);
#7919=EDGE_LOOP('',(#7910,#7911,#7912,#7914,#7916,#7918));
#7920=FACE_OUTER_BOUND('',#7919,.F.);
#7922=CARTESIAN_POINT('',(7.E0,4.E-1,0.E0));
#7923=DIRECTION('',(0.E0,1.E0,0.E0));
#7924=DIRECTION('',(-1.E0,0.E0,0.E0));
#7925=AXIS2_PLACEMENT_3D('',#7922,#7923,#7924);
#7926=PLANE('',#7925);
#7928=ORIENTED_EDGE('',*,*,#7927,.F.);
#7930=ORIENTED_EDGE('',*,*,#7929,.F.);
#7931=ORIENTED_EDGE('',*,*,#6585,.F.);
#7933=ORIENTED_EDGE('',*,*,#7932,.F.);
#7935=ORIENTED_EDGE('',*,*,#7934,.F.);
#7937=ORIENTED_EDGE('',*,*,#7936,.F.);
#7938=EDGE_LOOP('',(#7928,#7930,#7931,#7933,#7935,#7937));
#7939=FACE_OUTER_BOUND('',#7938,.F.);
#7941=CARTESIAN_POINT('',(6.374722325027E0,2.7E0,-7.4E0));
#7942=DIRECTION('',(0.E0,0.E0,1.E0));
#7943=DIRECTION('',(1.E0,0.E0,0.E0));
#7944=AXIS2_PLACEMENT_3D('',#7941,#7942,#7943);
#7945=PLANE('',#7944);
#7946=ORIENTED_EDGE('',*,*,#7913,.T.);
#7947=ORIENTED_EDGE('',*,*,#6392,.T.);
#7948=ORIENTED_EDGE('',*,*,#6799,.T.);
#7950=ORIENTED_EDGE('',*,*,#7949,.T.);
#7951=EDGE_LOOP('',(#7946,#7947,#7948,#7950));
#7952=FACE_OUTER_BOUND('',#7951,.F.);
#7954=CARTESIAN_POINT('',(6.374722325027E0,2.7E0,-7.45E0));
#7955=DIRECTION('',(0.E0,1.E0,0.E0));
#7956=DIRECTION('',(-1.E0,0.E0,0.E0));
#7957=AXIS2_PLACEMENT_3D('',#7954,#7955,#7956);
#7958=CYLINDRICAL_SURFACE('',#7957,5.E-2);
#7960=ORIENTED_EDGE('',*,*,#7959,.T.);
#7961=ORIENTED_EDGE('',*,*,#7915,.T.);
#7962=ORIENTED_EDGE('',*,*,#7949,.F.);
#7963=ORIENTED_EDGE('',*,*,#6797,.F.);
#7964=EDGE_LOOP('',(#7960,#7961,#7962,#7963));
#7965=FACE_OUTER_BOUND('',#7964,.F.);
#7967=CARTESIAN_POINT('',(6.620096189432E0,2.7E0,-7.975E0));
#7968=DIRECTION('',(-8.660254037844E-1,0.E0,-5.E-1));
#7969=DIRECTION('',(-5.E-1,0.E0,8.660254037844E-1));
#7970=AXIS2_PLACEMENT_3D('',#7967,#7968,#7969);
#7971=PLANE('',#7970);
#7972=ORIENTED_EDGE('',*,*,#7898,.T.);
#7973=ORIENTED_EDGE('',*,*,#7917,.T.);
#7974=ORIENTED_EDGE('',*,*,#7959,.F.);
#7975=ORIENTED_EDGE('',*,*,#6795,.F.);
#7976=EDGE_LOOP('',(#7972,#7973,#7974,#7975));
#7977=FACE_OUTER_BOUND('',#7976,.F.);
#7979=CARTESIAN_POINT('',(-7.E0,2.7E0,-7.4E0));
#7980=DIRECTION('',(0.E0,0.E0,1.E0));
#7981=DIRECTION('',(1.E0,0.E0,0.E0));
#7982=AXIS2_PLACEMENT_3D('',#7979,#7980,#7981);
#7983=PLANE('',#7982);
#7984=ORIENTED_EDGE('',*,*,#7927,.T.);
#7986=ORIENTED_EDGE('',*,*,#7985,.F.);
#7987=ORIENTED_EDGE('',*,*,#6806,.F.);
#7989=ORIENTED_EDGE('',*,*,#7988,.F.);
#7990=EDGE_LOOP('',(#7984,#7986,#7987,#7989));
#7991=FACE_OUTER_BOUND('',#7990,.F.);
#7993=CARTESIAN_POINT('',(-6.374722325027E0,2.7E0,-7.45E0));
#7994=DIRECTION('',(0.E0,1.E0,0.E0));
#7995=DIRECTION('',(-1.E0,0.E0,0.E0));
#7996=AXIS2_PLACEMENT_3D('',#7993,#7994,#7995);
#7997=CYLINDRICAL_SURFACE('',#7996,5.E-2);
#7998=ORIENTED_EDGE('',*,*,#7985,.T.);
#7999=ORIENTED_EDGE('',*,*,#7936,.T.);
#8001=ORIENTED_EDGE('',*,*,#8000,.F.);
#8002=ORIENTED_EDGE('',*,*,#6808,.F.);
#8003=EDGE_LOOP('',(#7998,#7999,#8001,#8002));
#8004=FACE_OUTER_BOUND('',#8003,.F.);
#8006=CARTESIAN_POINT('',(-6.331421054838E0,2.7E0,-7.475E0));
#8007=DIRECTION('',(8.660254037844E-1,0.E0,-5.E-1));
#8008=DIRECTION('',(-5.E-1,0.E0,-8.660254037844E-1));
#8009=AXIS2_PLACEMENT_3D('',#8006,#8007,#8008);
#8010=PLANE('',#8009);
#8011=ORIENTED_EDGE('',*,*,#8000,.T.);
#8012=ORIENTED_EDGE('',*,*,#7934,.T.);
#8014=ORIENTED_EDGE('',*,*,#8013,.F.);
#8015=ORIENTED_EDGE('',*,*,#6810,.F.);
#8016=EDGE_LOOP('',(#8011,#8012,#8014,#8015));
#8017=FACE_OUTER_BOUND('',#8016,.F.);
#8019=CARTESIAN_POINT('',(-6.490192378865E0,2.7E0,-8.05E0));
#8020=DIRECTION('',(0.E0,1.E0,0.E0));
#8021=DIRECTION('',(-1.E0,0.E0,0.E0));
#8022=AXIS2_PLACEMENT_3D('',#8019,#8020,#8021);
#8023=CYLINDRICAL_SURFACE('',#8022,1.5E-1);
#8024=ORIENTED_EDGE('',*,*,#7932,.T.);
#8025=ORIENTED_EDGE('',*,*,#6583,.T.);
#8026=ORIENTED_EDGE('',*,*,#6812,.T.);
#8027=ORIENTED_EDGE('',*,*,#8013,.T.);
#8028=EDGE_LOOP('',(#8024,#8025,#8026,#8027));
#8029=FACE_OUTER_BOUND('',#8028,.F.);
#8031=CARTESIAN_POINT('',(-7.E0,0.E0,0.E0));
#8032=DIRECTION('',(-1.E0,0.E0,0.E0));
#8033=DIRECTION('',(0.E0,0.E0,1.E0));
#8034=AXIS2_PLACEMENT_3D('',#8031,#8032,#8033);
#8035=PLANE('',#8034);
#8036=ORIENTED_EDGE('',*,*,#6417,.F.);
#8037=ORIENTED_EDGE('',*,*,#6433,.F.);
#8038=ORIENTED_EDGE('',*,*,#6446,.F.);
#8039=ORIENTED_EDGE('',*,*,#6460,.F.);
#8040=ORIENTED_EDGE('',*,*,#6514,.F.);
#8041=ORIENTED_EDGE('',*,*,#6587,.F.);
#8042=ORIENTED_EDGE('',*,*,#7929,.T.);
#8043=ORIENTED_EDGE('',*,*,#7988,.T.);
#8044=ORIENTED_EDGE('',*,*,#6804,.F.);
#8046=ORIENTED_EDGE('',*,*,#8045,.F.);
#8048=ORIENTED_EDGE('',*,*,#8047,.F.);
#8050=ORIENTED_EDGE('',*,*,#8049,.F.);
#8052=ORIENTED_EDGE('',*,*,#8051,.F.);
#8054=ORIENTED_EDGE('',*,*,#8053,.T.);
#8056=ORIENTED_EDGE('',*,*,#8055,.T.);
#8058=ORIENTED_EDGE('',*,*,#8057,.F.);
#8060=ORIENTED_EDGE('',*,*,#8059,.F.);
#8062=ORIENTED_EDGE('',*,*,#8061,.T.);
#8064=ORIENTED_EDGE('',*,*,#8063,.T.);
#8066=ORIENTED_EDGE('',*,*,#8065,.F.);
#8067=EDGE_LOOP('',(#8036,#8037,#8038,#8039,#8040,#8041,#8042,#8043,#8044,#8046,
#8048,#8050,#8052,#8054,#8056,#8058,#8060,#8062,#8064,#8066));
#8068=FACE_OUTER_BOUND('',#8067,.F.);
#8070=CARTESIAN_POINT('',(7.E0,6.3E0,-6.4E0));
#8071=DIRECTION('',(0.E0,1.736481776669E-1,-9.848077530122E-1));
#8072=DIRECTION('',(0.E0,-9.848077530122E-1,-1.736481776669E-1));
#8073=AXIS2_PLACEMENT_3D('',#8070,#8071,#8072);
#8074=PLANE('',#8073);
#8076=ORIENTED_EDGE('',*,*,#8075,.F.);
#8077=ORIENTED_EDGE('',*,*,#8045,.T.);
#8078=ORIENTED_EDGE('',*,*,#6802,.F.);
#8079=ORIENTED_EDGE('',*,*,#6388,.F.);
#8080=EDGE_LOOP('',(#8076,#8077,#8078,#8079));
#8081=FACE_OUTER_BOUND('',#8080,.F.);
#8083=CARTESIAN_POINT('',(-2.59022E1,6.15E0,-6.274135055323E0));
#8084=DIRECTION('',(1.E0,0.E0,0.E0));
#8085=DIRECTION('',(0.E0,1.736481776669E-1,-9.848077530122E-1));
#8086=AXIS2_PLACEMENT_3D('',#8083,#8084,#8085);
#8087=CYLINDRICAL_SURFACE('',#8086,1.5E-1);
#8088=ORIENTED_EDGE('',*,*,#6386,.T.);
#8090=ORIENTED_EDGE('',*,*,#8089,.F.);
#8091=ORIENTED_EDGE('',*,*,#8047,.T.);
#8092=ORIENTED_EDGE('',*,*,#8075,.T.);
#8093=EDGE_LOOP('',(#8088,#8090,#8091,#8092));
#8094=FACE_OUTER_BOUND('',#8093,.F.);
#8096=CARTESIAN_POINT('',(7.E0,6.3E0,-1.9E0));
#8097=DIRECTION('',(0.E0,1.E0,0.E0));
#8098=DIRECTION('',(0.E0,0.E0,-1.E0));
#8099=AXIS2_PLACEMENT_3D('',#8096,#8097,#8098);
#8100=PLANE('',#8099);
#8101=ORIENTED_EDGE('',*,*,#6419,.F.);
#8102=ORIENTED_EDGE('',*,*,#8065,.T.);
#8104=ORIENTED_EDGE('',*,*,#8103,.F.);
#8106=ORIENTED_EDGE('',*,*,#8105,.T.);
#8108=ORIENTED_EDGE('',*,*,#8107,.T.);
#8110=ORIENTED_EDGE('',*,*,#8109,.T.);
#8112=ORIENTED_EDGE('',*,*,#8111,.T.);
#8114=ORIENTED_EDGE('',*,*,#8113,.T.);
#8116=ORIENTED_EDGE('',*,*,#8115,.F.);
#8117=ORIENTED_EDGE('',*,*,#8057,.T.);
#8119=ORIENTED_EDGE('',*,*,#8118,.F.);
#8121=ORIENTED_EDGE('',*,*,#8120,.T.);
#8123=ORIENTED_EDGE('',*,*,#8122,.T.);
#8125=ORIENTED_EDGE('',*,*,#8124,.T.);
#8127=ORIENTED_EDGE('',*,*,#8126,.T.);
#8129=ORIENTED_EDGE('',*,*,#8128,.T.);
#8131=ORIENTED_EDGE('',*,*,#8130,.F.);
#8132=ORIENTED_EDGE('',*,*,#8049,.T.);
#8133=ORIENTED_EDGE('',*,*,#8089,.T.);
#8134=ORIENTED_EDGE('',*,*,#6384,.F.);
#8136=ORIENTED_EDGE('',*,*,#8135,.F.);
#8138=ORIENTED_EDGE('',*,*,#8137,.F.);
#8140=ORIENTED_EDGE('',*,*,#8139,.F.);
#8142=ORIENTED_EDGE('',*,*,#8141,.F.);
#8144=ORIENTED_EDGE('',*,*,#8143,.F.);
#8146=ORIENTED_EDGE('',*,*,#8145,.F.);
#8148=ORIENTED_EDGE('',*,*,#8147,.F.);
#8149=ORIENTED_EDGE('',*,*,#6376,.F.);
#8151=ORIENTED_EDGE('',*,*,#8150,.F.);
#8153=ORIENTED_EDGE('',*,*,#8152,.F.);
#8155=ORIENTED_EDGE('',*,*,#8154,.F.);
#8157=ORIENTED_EDGE('',*,*,#8156,.F.);
#8159=ORIENTED_EDGE('',*,*,#8158,.F.);
#8161=ORIENTED_EDGE('',*,*,#8160,.F.);
#8163=ORIENTED_EDGE('',*,*,#8162,.F.);
#8164=ORIENTED_EDGE('',*,*,#6368,.F.);
#8165=EDGE_LOOP('',(#8101,#8102,#8104,#8106,#8108,#8110,#8112,#8114,#8116,#8117,
#8119,#8121,#8123,#8125,#8127,#8129,#8131,#8132,#8133,#8134,#8136,#8138,#8140,
#8142,#8144,#8146,#8148,#8149,#8151,#8153,#8155,#8157,#8159,#8161,#8163,#8164));
#8166=FACE_OUTER_BOUND('',#8165,.F.);
#8168=ORIENTED_EDGE('',*,*,#8167,.T.);
#8170=ORIENTED_EDGE('',*,*,#8169,.T.);
#8171=EDGE_LOOP('',(#8168,#8170));
#8172=FACE_BOUND('',#8171,.F.);
#8174=ORIENTED_EDGE('',*,*,#8173,.T.);
#8176=ORIENTED_EDGE('',*,*,#8175,.T.);
#8177=EDGE_LOOP('',(#8174,#8176));
#8178=FACE_BOUND('',#8177,.F.);
#8180=ORIENTED_EDGE('',*,*,#8179,.T.);
#8182=ORIENTED_EDGE('',*,*,#8181,.T.);
#8183=EDGE_LOOP('',(#8180,#8182));
#8184=FACE_BOUND('',#8183,.F.);
#8186=ORIENTED_EDGE('',*,*,#8185,.T.);
#8188=ORIENTED_EDGE('',*,*,#8187,.T.);
#8189=EDGE_LOOP('',(#8186,#8188));
#8190=FACE_BOUND('',#8189,.F.);
#8192=CARTESIAN_POINT('',(5.25E0,6.3E0,-4.1E0));
#8193=DIRECTION('',(0.E0,1.E0,0.E0));
#8194=DIRECTION('',(-1.E0,0.E0,0.E0));
#8195=AXIS2_PLACEMENT_3D('',#8192,#8193,#8194);
#8196=CYLINDRICAL_SURFACE('',#8195,1.45E0);
#8198=ORIENTED_EDGE('',*,*,#8197,.T.);
#8200=ORIENTED_EDGE('',*,*,#8199,.F.);
#8202=ORIENTED_EDGE('',*,*,#8201,.T.);
#8204=ORIENTED_EDGE('',*,*,#8203,.F.);
#8206=ORIENTED_EDGE('',*,*,#8205,.F.);
#8208=ORIENTED_EDGE('',*,*,#8207,.T.);
#8210=ORIENTED_EDGE('',*,*,#8209,.T.);
#8212=ORIENTED_EDGE('',*,*,#8211,.F.);
#8214=ORIENTED_EDGE('',*,*,#8213,.F.);
#8216=ORIENTED_EDGE('',*,*,#8215,.F.);
#8218=ORIENTED_EDGE('',*,*,#8217,.F.);
#8219=ORIENTED_EDGE('',*,*,#8185,.F.);
#8220=EDGE_LOOP('',(#8198,#8200,#8202,#8204,#8206,#8208,#8210,#8212,#8214,#8216,
#8218,#8219));
#8221=FACE_OUTER_BOUND('',#8220,.F.);
#8223=ORIENTED_EDGE('',*,*,#8222,.T.);
#8225=ORIENTED_EDGE('',*,*,#8224,.T.);
#8227=ORIENTED_EDGE('',*,*,#8226,.T.);
#8229=ORIENTED_EDGE('',*,*,#8228,.T.);
#8230=EDGE_LOOP('',(#8223,#8225,#8227,#8229));
#8231=FACE_BOUND('',#8230,.F.);
#8233=ORIENTED_EDGE('',*,*,#8232,.T.);
#8235=ORIENTED_EDGE('',*,*,#8234,.T.);
#8237=ORIENTED_EDGE('',*,*,#8236,.T.);
#8239=ORIENTED_EDGE('',*,*,#8238,.T.);
#8240=EDGE_LOOP('',(#8233,#8235,#8237,#8239));
#8241=FACE_BOUND('',#8240,.F.);
#8243=CARTESIAN_POINT('',(5.25E0,6.3E0,-4.1E0));
#8244=DIRECTION('',(0.E0,1.E0,0.E0));
#8245=DIRECTION('',(-1.E0,0.E0,0.E0));
#8246=AXIS2_PLACEMENT_3D('',#8243,#8244,#8245);
#8247=CYLINDRICAL_SURFACE('',#8246,1.45E0);
#8248=ORIENTED_EDGE('',*,*,#8215,.T.);
#8250=ORIENTED_EDGE('',*,*,#8249,.T.);
#8251=ORIENTED_EDGE('',*,*,#8199,.T.);
#8252=ORIENTED_EDGE('',*,*,#8197,.F.);
#8253=ORIENTED_EDGE('',*,*,#8187,.F.);
#8254=ORIENTED_EDGE('',*,*,#8217,.T.);
#8255=EDGE_LOOP('',(#8248,#8250,#8251,#8252,#8253,#8254));
#8256=FACE_OUTER_BOUND('',#8255,.F.);
#8258=ORIENTED_EDGE('',*,*,#8257,.T.);
#8260=ORIENTED_EDGE('',*,*,#8259,.T.);
#8262=ORIENTED_EDGE('',*,*,#8261,.T.);
#8264=ORIENTED_EDGE('',*,*,#8263,.T.);
#8265=EDGE_LOOP('',(#8258,#8260,#8262,#8264));
#8266=FACE_BOUND('',#8265,.F.);
#8268=ORIENTED_EDGE('',*,*,#8267,.T.);
#8270=ORIENTED_EDGE('',*,*,#8269,.T.);
#8272=ORIENTED_EDGE('',*,*,#8271,.T.);
#8274=ORIENTED_EDGE('',*,*,#8273,.T.);
#8275=EDGE_LOOP('',(#8268,#8270,#8272,#8274));
#8276=FACE_BOUND('',#8275,.F.);
#8278=CARTESIAN_POINT('',(7.E0,5.04641E0,0.E0));
#8279=DIRECTION('',(0.E0,1.E0,0.E0));
#8280=DIRECTION('',(-1.E0,0.E0,0.E0));
#8281=AXIS2_PLACEMENT_3D('',#8278,#8279,#8280);
#8282=PLANE('',#8281);
#8284=ORIENTED_EDGE('',*,*,#8283,.T.);
#8285=ORIENTED_EDGE('',*,*,#8249,.F.);
#8286=EDGE_LOOP('',(#8284,#8285));
#8287=FACE_OUTER_BOUND('',#8286,.F.);
#8289=CARTESIAN_POINT('',(7.E0,5.04641E0,0.E0));
#8290=DIRECTION('',(0.E0,1.E0,0.E0));
#8291=DIRECTION('',(-1.E0,0.E0,0.E0));
#8292=AXIS2_PLACEMENT_3D('',#8289,#8290,#8291);
#8293=PLANE('',#8292);
#8295=ORIENTED_EDGE('',*,*,#8294,.T.);
#8296=ORIENTED_EDGE('',*,*,#8207,.F.);
#8297=EDGE_LOOP('',(#8295,#8296));
#8298=FACE_OUTER_BOUND('',#8297,.F.);
#8300=CARTESIAN_POINT('',(6.668626095911E0,5.04641E0,-4.4E0));
#8301=DIRECTION('',(0.E0,0.E0,-1.E0));
#8302=DIRECTION('',(-1.E0,0.E0,0.E0));
#8303=AXIS2_PLACEMENT_3D('',#8300,#8301,#8302);
#8304=PLANE('',#8303);
#8305=ORIENTED_EDGE('',*,*,#8213,.T.);
#8307=ORIENTED_EDGE('',*,*,#8306,.F.);
#8308=ORIENTED_EDGE('',*,*,#8201,.F.);
#8309=ORIENTED_EDGE('',*,*,#8283,.F.);
#8310=EDGE_LOOP('',(#8305,#8307,#8308,#8309));
#8311=FACE_OUTER_BOUND('',#8310,.F.);
#8313=CARTESIAN_POINT('',(7.E0,4.44641E0,0.E0));
#8314=DIRECTION('',(0.E0,1.E0,0.E0));
#8315=DIRECTION('',(-1.E0,0.E0,0.E0));
#8316=AXIS2_PLACEMENT_3D('',#8313,#8314,#8315);
#8317=PLANE('',#8316);
#8318=ORIENTED_EDGE('',*,*,#8211,.T.);
#8320=ORIENTED_EDGE('',*,*,#8319,.T.);
#8321=ORIENTED_EDGE('',*,*,#8203,.T.);
#8322=ORIENTED_EDGE('',*,*,#8306,.T.);
#8323=EDGE_LOOP('',(#8318,#8320,#8321,#8322));
#8324=FACE_OUTER_BOUND('',#8323,.F.);
#8326=CARTESIAN_POINT('',(3.831373904089E0,5.04641E0,-3.8E0));
#8327=DIRECTION('',(0.E0,0.E0,1.E0));
#8328=DIRECTION('',(1.E0,0.E0,0.E0));
#8329=AXIS2_PLACEMENT_3D('',#8326,#8327,#8328);
#8330=PLANE('',#8329);
#8331=ORIENTED_EDGE('',*,*,#8209,.F.);
#8332=ORIENTED_EDGE('',*,*,#8294,.F.);
#8333=ORIENTED_EDGE('',*,*,#8205,.T.);
#8334=ORIENTED_EDGE('',*,*,#8319,.F.);
#8335=EDGE_LOOP('',(#8331,#8332,#8333,#8334));
#8336=FACE_OUTER_BOUND('',#8335,.F.);
#8338=CARTESIAN_POINT('',(6.805634918610E0,5.407983038656E0,-4.594974746831E0));
#8339=DIRECTION('',(-6.993398236843E-1,-1.478094111296E-1,6.993398236843E-1));
#8340=DIRECTION('',(-1.045170369329E-1,9.890158633619E-1,1.045170369329E-1));
#8341=AXIS2_PLACEMENT_3D('',#8338,#8339,#8340);
#8342=PLANE('',#8341);
#8343=ORIENTED_EDGE('',*,*,#8257,.F.);
#8345=ORIENTED_EDGE('',*,*,#8344,.F.);
#8346=EDGE_LOOP('',(#8343,#8345));
#8347=FACE_OUTER_BOUND('',#8346,.F.);
#8349=CARTESIAN_POINT('',(6.805634918610E0,6.084529946162E0,-4.594974746831E0));
#8350=DIRECTION('',(-7.071067811865E-1,0.E0,-7.071067811865E-1));
#8351=DIRECTION('',(0.E0,-1.E0,0.E0));
#8352=AXIS2_PLACEMENT_3D('',#8349,#8350,#8351);
#8353=CYLINDRICAL_SURFACE('',#8352,1.E-1);
#8354=ORIENTED_EDGE('',*,*,#8263,.F.);
#8356=ORIENTED_EDGE('',*,*,#8355,.F.);
#8357=ORIENTED_EDGE('',*,*,#8259,.F.);
#8358=ORIENTED_EDGE('',*,*,#8344,.T.);
#8359=EDGE_LOOP('',(#8354,#8356,#8357,#8358));
#8360=FACE_OUTER_BOUND('',#8359,.F.);
#8362=CARTESIAN_POINT('',(6.770279579551E0,6.171132486541E0,-4.559619407771E0));
#8363=DIRECTION('',(-3.535533905933E-1,8.660254037844E-1,3.535533905933E-1));
#8364=DIRECTION('',(6.123724356958E-1,5.E-1,-6.123724356958E-1));
#8365=AXIS2_PLACEMENT_3D('',#8362,#8363,#8364);
#8366=PLANE('',#8365);
#8367=ORIENTED_EDGE('',*,*,#8261,.F.);
#8368=ORIENTED_EDGE('',*,*,#8355,.T.);
#8369=EDGE_LOOP('',(#8367,#8368));
#8370=FACE_OUTER_BOUND('',#8369,.F.);
#8372=CARTESIAN_POINT('',(4.755025253169E0,5.407983038656E0,-5.655634918610E0));
#8373=DIRECTION('',(6.993398236843E-1,-1.478094111296E-1,6.993398236843E-1));
#8374=DIRECTION('',(1.045170369329E-1,9.890158633619E-1,1.045170369329E-1));
#8375=AXIS2_PLACEMENT_3D('',#8372,#8373,#8374);
#8376=PLANE('',#8375);
#8377=ORIENTED_EDGE('',*,*,#8267,.F.);
#8379=ORIENTED_EDGE('',*,*,#8378,.F.);
#8380=EDGE_LOOP('',(#8377,#8379));
#8381=FACE_OUTER_BOUND('',#8380,.F.);
#8383=CARTESIAN_POINT('',(4.755025253169E0,6.084529946162E0,-5.655634918610E0));
#8384=DIRECTION('',(-7.071067811865E-1,0.E0,7.071067811865E-1));
#8385=DIRECTION('',(0.E0,-1.E0,0.E0));
#8386=AXIS2_PLACEMENT_3D('',#8383,#8384,#8385);
#8387=CYLINDRICAL_SURFACE('',#8386,1.E-1);
#8388=ORIENTED_EDGE('',*,*,#8273,.F.);
#8390=ORIENTED_EDGE('',*,*,#8389,.F.);
#8391=ORIENTED_EDGE('',*,*,#8269,.F.);
#8392=ORIENTED_EDGE('',*,*,#8378,.T.);
#8393=EDGE_LOOP('',(#8388,#8390,#8391,#8392));
#8394=FACE_OUTER_BOUND('',#8393,.F.);
#8396=CARTESIAN_POINT('',(4.790380592229E0,6.171132486541E0,-5.620279579551E0));
#8397=DIRECTION('',(3.535533905933E-1,8.660254037844E-1,3.535533905933E-1));
#8398=DIRECTION('',(-6.123724356958E-1,5.E-1,-6.123724356958E-1));
#8399=AXIS2_PLACEMENT_3D('',#8396,#8397,#8398);
#8400=PLANE('',#8399);
#8401=ORIENTED_EDGE('',*,*,#8271,.F.);
#8402=ORIENTED_EDGE('',*,*,#8389,.T.);
#8403=EDGE_LOOP('',(#8401,#8402));
#8404=FACE_OUTER_BOUND('',#8403,.F.);
#8406=CARTESIAN_POINT('',(5.744974746831E0,5.407983038656E0,-2.544365081390E0));
#8407=DIRECTION('',(-6.993398236843E-1,-1.478094111296E-1,-6.993398236843E-1));
#8408=DIRECTION('',(-1.045170369329E-1,9.890158633619E-1,-1.045170369329E-1));
#8409=AXIS2_PLACEMENT_3D('',#8406,#8407,#8408);
#8410=PLANE('',#8409);
#8411=ORIENTED_EDGE('',*,*,#8222,.F.);
#8413=ORIENTED_EDGE('',*,*,#8412,.F.);
#8414=EDGE_LOOP('',(#8411,#8413));
#8415=FACE_OUTER_BOUND('',#8414,.F.);
#8417=CARTESIAN_POINT('',(5.744974746831E0,6.084529946162E0,-2.544365081390E0));
#8418=DIRECTION('',(7.071067811865E-1,0.E0,-7.071067811865E-1));
#8419=DIRECTION('',(0.E0,-1.E0,0.E0));
#8420=AXIS2_PLACEMENT_3D('',#8417,#8418,#8419);
#8421=CYLINDRICAL_SURFACE('',#8420,1.E-1);
#8422=ORIENTED_EDGE('',*,*,#8228,.F.);
#8424=ORIENTED_EDGE('',*,*,#8423,.F.);
#8425=ORIENTED_EDGE('',*,*,#8224,.F.);
#8426=ORIENTED_EDGE('',*,*,#8412,.T.);
#8427=EDGE_LOOP('',(#8422,#8424,#8425,#8426));
#8428=FACE_OUTER_BOUND('',#8427,.F.);
#8430=CARTESIAN_POINT('',(5.709619407771E0,6.171132486541E0,-2.579720420449E0));
#8431=DIRECTION('',(-3.535533905933E-1,8.660254037844E-1,-3.535533905933E-1));
#8432=DIRECTION('',(6.123724356958E-1,5.E-1,6.123724356958E-1));
#8433=AXIS2_PLACEMENT_3D('',#8430,#8431,#8432);
#8434=PLANE('',#8433);
#8435=ORIENTED_EDGE('',*,*,#8226,.F.);
#8436=ORIENTED_EDGE('',*,*,#8423,.T.);
#8437=EDGE_LOOP('',(#8435,#8436));
#8438=FACE_OUTER_BOUND('',#8437,.F.);
#8440=CARTESIAN_POINT('',(3.694365081390E0,5.407983038656E0,-3.605025253169E0));
#8441=DIRECTION('',(6.993398236843E-1,-1.478094111296E-1,-6.993398236843E-1));
#8442=DIRECTION('',(1.045170369329E-1,9.890158633619E-1,-1.045170369329E-1));
#8443=AXIS2_PLACEMENT_3D('',#8440,#8441,#8442);
#8444=PLANE('',#8443);
#8445=ORIENTED_EDGE('',*,*,#8232,.F.);
#8447=ORIENTED_EDGE('',*,*,#8446,.F.);
#8448=EDGE_LOOP('',(#8445,#8447));
#8449=FACE_OUTER_BOUND('',#8448,.F.);
#8451=CARTESIAN_POINT('',(3.694365081390E0,6.084529946162E0,-3.605025253169E0));
#8452=DIRECTION('',(7.071067811865E-1,0.E0,7.071067811865E-1));
#8453=DIRECTION('',(0.E0,-1.E0,0.E0));
#8454=AXIS2_PLACEMENT_3D('',#8451,#8452,#8453);
#8455=CYLINDRICAL_SURFACE('',#8454,1.E-1);
#8456=ORIENTED_EDGE('',*,*,#8238,.F.);
#8458=ORIENTED_EDGE('',*,*,#8457,.F.);
#8459=ORIENTED_EDGE('',*,*,#8234,.F.);
#8460=ORIENTED_EDGE('',*,*,#8446,.T.);
#8461=EDGE_LOOP('',(#8456,#8458,#8459,#8460));
#8462=FACE_OUTER_BOUND('',#8461,.F.);
#8464=CARTESIAN_POINT('',(3.729720420449E0,6.171132486541E0,-3.640380592229E0));
#8465=DIRECTION('',(3.535533905933E-1,8.660254037844E-1,-3.535533905933E-1));
#8466=DIRECTION('',(-6.123724356958E-1,5.E-1,6.123724356958E-1));
#8467=AXIS2_PLACEMENT_3D('',#8464,#8465,#8466);
#8468=PLANE('',#8467);
#8469=ORIENTED_EDGE('',*,*,#8236,.F.);
#8470=ORIENTED_EDGE('',*,*,#8457,.T.);
#8471=EDGE_LOOP('',(#8469,#8470));
#8472=FACE_OUTER_BOUND('',#8471,.F.);
#8474=CARTESIAN_POINT('',(1.75E0,6.3E0,-4.1E0));
#8475=DIRECTION('',(0.E0,1.E0,0.E0));
#8476=DIRECTION('',(-1.E0,0.E0,0.E0));
#8477=AXIS2_PLACEMENT_3D('',#8474,#8475,#8476);
#8478=CYLINDRICAL_SURFACE('',#8477,1.45E0);
#8480=ORIENTED_EDGE('',*,*,#8479,.T.);
#8482=ORIENTED_EDGE('',*,*,#8481,.F.);
#8484=ORIENTED_EDGE('',*,*,#8483,.T.);
#8486=ORIENTED_EDGE('',*,*,#8485,.F.);
#8488=ORIENTED_EDGE('',*,*,#8487,.F.);
#8490=ORIENTED_EDGE('',*,*,#8489,.T.);
#8492=ORIENTED_EDGE('',*,*,#8491,.T.);
#8494=ORIENTED_EDGE('',*,*,#8493,.F.);
#8496=ORIENTED_EDGE('',*,*,#8495,.F.);
#8498=ORIENTED_EDGE('',*,*,#8497,.F.);
#8500=ORIENTED_EDGE('',*,*,#8499,.F.);
#8501=ORIENTED_EDGE('',*,*,#8167,.F.);
#8502=EDGE_LOOP('',(#8480,#8482,#8484,#8486,#8488,#8490,#8492,#8494,#8496,#8498,
#8500,#8501));
#8503=FACE_OUTER_BOUND('',#8502,.F.);
#8505=ORIENTED_EDGE('',*,*,#8504,.T.);
#8507=ORIENTED_EDGE('',*,*,#8506,.T.);
#8509=ORIENTED_EDGE('',*,*,#8508,.T.);
#8511=ORIENTED_EDGE('',*,*,#8510,.T.);
#8512=EDGE_LOOP('',(#8505,#8507,#8509,#8511));
#8513=FACE_BOUND('',#8512,.F.);
#8515=ORIENTED_EDGE('',*,*,#8514,.T.);
#8517=ORIENTED_EDGE('',*,*,#8516,.T.);
#8519=ORIENTED_EDGE('',*,*,#8518,.T.);
#8521=ORIENTED_EDGE('',*,*,#8520,.T.);
#8522=EDGE_LOOP('',(#8515,#8517,#8519,#8521));
#8523=FACE_BOUND('',#8522,.F.);
#8525=CARTESIAN_POINT('',(1.75E0,6.3E0,-4.1E0));
#8526=DIRECTION('',(0.E0,1.E0,0.E0));
#8527=DIRECTION('',(-1.E0,0.E0,0.E0));
#8528=AXIS2_PLACEMENT_3D('',#8525,#8526,#8527);
#8529=CYLINDRICAL_SURFACE('',#8528,1.45E0);
#8530=ORIENTED_EDGE('',*,*,#8497,.T.);
#8532=ORIENTED_EDGE('',*,*,#8531,.T.);
#8533=ORIENTED_EDGE('',*,*,#8481,.T.);
#8534=ORIENTED_EDGE('',*,*,#8479,.F.);
#8535=ORIENTED_EDGE('',*,*,#8169,.F.);
#8536=ORIENTED_EDGE('',*,*,#8499,.T.);
#8537=EDGE_LOOP('',(#8530,#8532,#8533,#8534,#8535,#8536));
#8538=FACE_OUTER_BOUND('',#8537,.F.);
#8540=ORIENTED_EDGE('',*,*,#8539,.T.);
#8542=ORIENTED_EDGE('',*,*,#8541,.T.);
#8544=ORIENTED_EDGE('',*,*,#8543,.T.);
#8546=ORIENTED_EDGE('',*,*,#8545,.T.);
#8547=EDGE_LOOP('',(#8540,#8542,#8544,#8546));
#8548=FACE_BOUND('',#8547,.F.);
#8550=ORIENTED_EDGE('',*,*,#8549,.T.);
#8552=ORIENTED_EDGE('',*,*,#8551,.T.);
#8554=ORIENTED_EDGE('',*,*,#8553,.T.);
#8556=ORIENTED_EDGE('',*,*,#8555,.T.);
#8557=EDGE_LOOP('',(#8550,#8552,#8554,#8556));
#8558=FACE_BOUND('',#8557,.F.);
#8560=CARTESIAN_POINT('',(3.5E0,5.04641E0,0.E0));
#8561=DIRECTION('',(0.E0,1.E0,0.E0));
#8562=DIRECTION('',(-1.E0,0.E0,0.E0));
#8563=AXIS2_PLACEMENT_3D('',#8560,#8561,#8562);
#8564=PLANE('',#8563);
#8566=ORIENTED_EDGE('',*,*,#8565,.T.);
#8567=ORIENTED_EDGE('',*,*,#8531,.F.);
#8568=EDGE_LOOP('',(#8566,#8567));
#8569=FACE_OUTER_BOUND('',#8568,.F.);
#8571=CARTESIAN_POINT('',(3.5E0,5.04641E0,0.E0));
#8572=DIRECTION('',(0.E0,1.E0,0.E0));
#8573=DIRECTION('',(-1.E0,0.E0,0.E0));
#8574=AXIS2_PLACEMENT_3D('',#8571,#8572,#8573);
#8575=PLANE('',#8574);
#8577=ORIENTED_EDGE('',*,*,#8576,.T.);
#8578=ORIENTED_EDGE('',*,*,#8489,.F.);
#8579=EDGE_LOOP('',(#8577,#8578));
#8580=FACE_OUTER_BOUND('',#8579,.F.);
#8582=CARTESIAN_POINT('',(3.168626095911E0,5.04641E0,-4.4E0));
#8583=DIRECTION('',(0.E0,0.E0,-1.E0));
#8584=DIRECTION('',(-1.E0,0.E0,0.E0));
#8585=AXIS2_PLACEMENT_3D('',#8582,#8583,#8584);
#8586=PLANE('',#8585);
#8587=ORIENTED_EDGE('',*,*,#8495,.T.);
#8589=ORIENTED_EDGE('',*,*,#8588,.F.);
#8590=ORIENTED_EDGE('',*,*,#8483,.F.);
#8591=ORIENTED_EDGE('',*,*,#8565,.F.);
#8592=EDGE_LOOP('',(#8587,#8589,#8590,#8591));
#8593=FACE_OUTER_BOUND('',#8592,.F.);
#8595=CARTESIAN_POINT('',(3.5E0,4.44641E0,0.E0));
#8596=DIRECTION('',(0.E0,1.E0,0.E0));
#8597=DIRECTION('',(-1.E0,0.E0,0.E0));
#8598=AXIS2_PLACEMENT_3D('',#8595,#8596,#8597);
#8599=PLANE('',#8598);
#8600=ORIENTED_EDGE('',*,*,#8493,.T.);
#8602=ORIENTED_EDGE('',*,*,#8601,.T.);
#8603=ORIENTED_EDGE('',*,*,#8485,.T.);
#8604=ORIENTED_EDGE('',*,*,#8588,.T.);
#8605=EDGE_LOOP('',(#8600,#8602,#8603,#8604));
#8606=FACE_OUTER_BOUND('',#8605,.F.);
#8608=CARTESIAN_POINT('',(3.313739040889E-1,5.04641E0,-3.8E0));
#8609=DIRECTION('',(0.E0,0.E0,1.E0));
#8610=DIRECTION('',(1.E0,0.E0,0.E0));
#8611=AXIS2_PLACEMENT_3D('',#8608,#8609,#8610);
#8612=PLANE('',#8611);
#8613=ORIENTED_EDGE('',*,*,#8491,.F.);
#8614=ORIENTED_EDGE('',*,*,#8576,.F.);
#8615=ORIENTED_EDGE('',*,*,#8487,.T.);
#8616=ORIENTED_EDGE('',*,*,#8601,.F.);
#8617=EDGE_LOOP('',(#8613,#8614,#8615,#8616));
#8618=FACE_OUTER_BOUND('',#8617,.F.);
#8620=CARTESIAN_POINT('',(3.305634918610E0,5.407983038656E0,-4.594974746831E0));
#8621=DIRECTION('',(-6.993398236843E-1,-1.478094111296E-1,6.993398236843E-1));
#8622=DIRECTION('',(-1.045170369329E-1,9.890158633619E-1,1.045170369329E-1));
#8623=AXIS2_PLACEMENT_3D('',#8620,#8621,#8622);
#8624=PLANE('',#8623);
#8626=ORIENTED_EDGE('',*,*,#8625,.F.);
#8627=ORIENTED_EDGE('',*,*,#8539,.F.);
#8628=EDGE_LOOP('',(#8626,#8627));
#8629=FACE_OUTER_BOUND('',#8628,.F.);
#8631=CARTESIAN_POINT('',(3.305634918610E0,6.084529946162E0,-4.594974746831E0));
#8632=DIRECTION('',(-7.071067811865E-1,0.E0,-7.071067811865E-1));
#8633=DIRECTION('',(0.E0,-1.E0,0.E0));
#8634=AXIS2_PLACEMENT_3D('',#8631,#8632,#8633);
#8635=CYLINDRICAL_SURFACE('',#8634,1.E-1);
#8636=ORIENTED_EDGE('',*,*,#8625,.T.);
#8637=ORIENTED_EDGE('',*,*,#8545,.F.);
#8639=ORIENTED_EDGE('',*,*,#8638,.F.);
#8640=ORIENTED_EDGE('',*,*,#8541,.F.);
#8641=EDGE_LOOP('',(#8636,#8637,#8639,#8640));
#8642=FACE_OUTER_BOUND('',#8641,.F.);
#8644=CARTESIAN_POINT('',(3.270279579551E0,6.171132486541E0,-4.559619407771E0));
#8645=DIRECTION('',(-3.535533905933E-1,8.660254037844E-1,3.535533905933E-1));
#8646=DIRECTION('',(6.123724356958E-1,5.E-1,-6.123724356958E-1));
#8647=AXIS2_PLACEMENT_3D('',#8644,#8645,#8646);
#8648=PLANE('',#8647);
#8649=ORIENTED_EDGE('',*,*,#8638,.T.);
#8650=ORIENTED_EDGE('',*,*,#8543,.F.);
#8651=EDGE_LOOP('',(#8649,#8650));
#8652=FACE_OUTER_BOUND('',#8651,.F.);
#8654=CARTESIAN_POINT('',(1.255025253169E0,5.407983038656E0,-5.655634918610E0));
#8655=DIRECTION('',(6.993398236843E-1,-1.478094111296E-1,6.993398236843E-1));
#8656=DIRECTION('',(1.045170369329E-1,9.890158633619E-1,1.045170369329E-1));
#8657=AXIS2_PLACEMENT_3D('',#8654,#8655,#8656);
#8658=PLANE('',#8657);
#8660=ORIENTED_EDGE('',*,*,#8659,.F.);
#8661=ORIENTED_EDGE('',*,*,#8549,.F.);
#8662=EDGE_LOOP('',(#8660,#8661));
#8663=FACE_OUTER_BOUND('',#8662,.F.);
#8665=CARTESIAN_POINT('',(1.255025253169E0,6.084529946162E0,-5.655634918610E0));
#8666=DIRECTION('',(-7.071067811865E-1,0.E0,7.071067811865E-1));
#8667=DIRECTION('',(0.E0,-1.E0,0.E0));
#8668=AXIS2_PLACEMENT_3D('',#8665,#8666,#8667);
#8669=CYLINDRICAL_SURFACE('',#8668,1.E-1);
#8670=ORIENTED_EDGE('',*,*,#8659,.T.);
#8671=ORIENTED_EDGE('',*,*,#8555,.F.);
#8673=ORIENTED_EDGE('',*,*,#8672,.F.);
#8674=ORIENTED_EDGE('',*,*,#8551,.F.);
#8675=EDGE_LOOP('',(#8670,#8671,#8673,#8674));
#8676=FACE_OUTER_BOUND('',#8675,.F.);
#8678=CARTESIAN_POINT('',(1.290380592229E0,6.171132486541E0,-5.620279579551E0));
#8679=DIRECTION('',(3.535533905933E-1,8.660254037844E-1,3.535533905933E-1));
#8680=DIRECTION('',(-6.123724356958E-1,5.E-1,-6.123724356958E-1));
#8681=AXIS2_PLACEMENT_3D('',#8678,#8679,#8680);
#8682=PLANE('',#8681);
#8683=ORIENTED_EDGE('',*,*,#8672,.T.);
#8684=ORIENTED_EDGE('',*,*,#8553,.F.);
#8685=EDGE_LOOP('',(#8683,#8684));
#8686=FACE_OUTER_BOUND('',#8685,.F.);
#8688=CARTESIAN_POINT('',(2.244974746831E0,5.407983038656E0,-2.544365081390E0));
#8689=DIRECTION('',(-6.993398236843E-1,-1.478094111296E-1,-6.993398236843E-1));
#8690=DIRECTION('',(-1.045170369329E-1,9.890158633619E-1,-1.045170369329E-1));
#8691=AXIS2_PLACEMENT_3D('',#8688,#8689,#8690);
#8692=PLANE('',#8691);
#8694=ORIENTED_EDGE('',*,*,#8693,.F.);
#8695=ORIENTED_EDGE('',*,*,#8504,.F.);
#8696=EDGE_LOOP('',(#8694,#8695));
#8697=FACE_OUTER_BOUND('',#8696,.F.);
#8699=CARTESIAN_POINT('',(2.244974746831E0,6.084529946162E0,-2.544365081390E0));
#8700=DIRECTION('',(7.071067811865E-1,0.E0,-7.071067811865E-1));
#8701=DIRECTION('',(0.E0,-1.E0,0.E0));
#8702=AXIS2_PLACEMENT_3D('',#8699,#8700,#8701);
#8703=CYLINDRICAL_SURFACE('',#8702,1.E-1);
#8704=ORIENTED_EDGE('',*,*,#8693,.T.);
#8705=ORIENTED_EDGE('',*,*,#8510,.F.);
#8707=ORIENTED_EDGE('',*,*,#8706,.F.);
#8708=ORIENTED_EDGE('',*,*,#8506,.F.);
#8709=EDGE_LOOP('',(#8704,#8705,#8707,#8708));
#8710=FACE_OUTER_BOUND('',#8709,.F.);
#8712=CARTESIAN_POINT('',(2.209619407771E0,6.171132486541E0,-2.579720420449E0));
#8713=DIRECTION('',(-3.535533905933E-1,8.660254037844E-1,-3.535533905933E-1));
#8714=DIRECTION('',(6.123724356958E-1,5.E-1,6.123724356958E-1));
#8715=AXIS2_PLACEMENT_3D('',#8712,#8713,#8714);
#8716=PLANE('',#8715);
#8717=ORIENTED_EDGE('',*,*,#8706,.T.);
#8718=ORIENTED_EDGE('',*,*,#8508,.F.);
#8719=EDGE_LOOP('',(#8717,#8718));
#8720=FACE_OUTER_BOUND('',#8719,.F.);
#8722=CARTESIAN_POINT('',(1.943650813896E-1,5.407983038656E0,
-3.605025253169E0));
#8723=DIRECTION('',(6.993398236843E-1,-1.478094111296E-1,-6.993398236843E-1));
#8724=DIRECTION('',(1.045170369329E-1,9.890158633619E-1,-1.045170369329E-1));
#8725=AXIS2_PLACEMENT_3D('',#8722,#8723,#8724);
#8726=PLANE('',#8725);
#8728=ORIENTED_EDGE('',*,*,#8727,.F.);
#8729=ORIENTED_EDGE('',*,*,#8514,.F.);
#8730=EDGE_LOOP('',(#8728,#8729));
#8731=FACE_OUTER_BOUND('',#8730,.F.);
#8733=CARTESIAN_POINT('',(1.943650813896E-1,6.084529946162E0,
-3.605025253169E0));
#8734=DIRECTION('',(7.071067811865E-1,0.E0,7.071067811865E-1));
#8735=DIRECTION('',(0.E0,-1.E0,0.E0));
#8736=AXIS2_PLACEMENT_3D('',#8733,#8734,#8735);
#8737=CYLINDRICAL_SURFACE('',#8736,1.E-1);
#8738=ORIENTED_EDGE('',*,*,#8727,.T.);
#8739=ORIENTED_EDGE('',*,*,#8520,.F.);
#8741=ORIENTED_EDGE('',*,*,#8740,.F.);
#8742=ORIENTED_EDGE('',*,*,#8516,.F.);
#8743=EDGE_LOOP('',(#8738,#8739,#8741,#8742));
#8744=FACE_OUTER_BOUND('',#8743,.F.);
#8746=CARTESIAN_POINT('',(2.297204204489E-1,6.171132486541E0,
-3.640380592229E0));
#8747=DIRECTION('',(3.535533905933E-1,8.660254037844E-1,-3.535533905933E-1));
#8748=DIRECTION('',(-6.123724356958E-1,5.E-1,6.123724356958E-1));
#8749=AXIS2_PLACEMENT_3D('',#8746,#8747,#8748);
#8750=PLANE('',#8749);
#8751=ORIENTED_EDGE('',*,*,#8740,.T.);
#8752=ORIENTED_EDGE('',*,*,#8518,.F.);
#8753=EDGE_LOOP('',(#8751,#8752));
#8754=FACE_OUTER_BOUND('',#8753,.F.);
#8756=CARTESIAN_POINT('',(-1.75E0,6.3E0,-4.1E0));
#8757=DIRECTION('',(0.E0,1.E0,0.E0));
#8758=DIRECTION('',(-1.E0,0.E0,0.E0));
#8759=AXIS2_PLACEMENT_3D('',#8756,#8757,#8758);
#8760=CYLINDRICAL_SURFACE('',#8759,1.45E0);
#8762=ORIENTED_EDGE('',*,*,#8761,.T.);
#8764=ORIENTED_EDGE('',*,*,#8763,.F.);
#8766=ORIENTED_EDGE('',*,*,#8765,.T.);
#8768=ORIENTED_EDGE('',*,*,#8767,.F.);
#8770=ORIENTED_EDGE('',*,*,#8769,.F.);
#8772=ORIENTED_EDGE('',*,*,#8771,.T.);
#8774=ORIENTED_EDGE('',*,*,#8773,.T.);
#8776=ORIENTED_EDGE('',*,*,#8775,.F.);
#8778=ORIENTED_EDGE('',*,*,#8777,.F.);
#8780=ORIENTED_EDGE('',*,*,#8779,.F.);
#8782=ORIENTED_EDGE('',*,*,#8781,.F.);
#8783=ORIENTED_EDGE('',*,*,#8173,.F.);
#8784=EDGE_LOOP('',(#8762,#8764,#8766,#8768,#8770,#8772,#8774,#8776,#8778,#8780,
#8782,#8783));
#8785=FACE_OUTER_BOUND('',#8784,.F.);
#8787=ORIENTED_EDGE('',*,*,#8786,.T.);
#8789=ORIENTED_EDGE('',*,*,#8788,.T.);
#8791=ORIENTED_EDGE('',*,*,#8790,.T.);
#8793=ORIENTED_EDGE('',*,*,#8792,.T.);
#8794=EDGE_LOOP('',(#8787,#8789,#8791,#8793));
#8795=FACE_BOUND('',#8794,.F.);
#8797=ORIENTED_EDGE('',*,*,#8796,.T.);
#8799=ORIENTED_EDGE('',*,*,#8798,.T.);
#8801=ORIENTED_EDGE('',*,*,#8800,.T.);
#8803=ORIENTED_EDGE('',*,*,#8802,.T.);
#8804=EDGE_LOOP('',(#8797,#8799,#8801,#8803));
#8805=FACE_BOUND('',#8804,.F.);
#8807=CARTESIAN_POINT('',(-1.75E0,6.3E0,-4.1E0));
#8808=DIRECTION('',(0.E0,1.E0,0.E0));
#8809=DIRECTION('',(-1.E0,0.E0,0.E0));
#8810=AXIS2_PLACEMENT_3D('',#8807,#8808,#8809);
#8811=CYLINDRICAL_SURFACE('',#8810,1.45E0);
#8812=ORIENTED_EDGE('',*,*,#8779,.T.);
#8814=ORIENTED_EDGE('',*,*,#8813,.T.);
#8815=ORIENTED_EDGE('',*,*,#8763,.T.);
#8816=ORIENTED_EDGE('',*,*,#8761,.F.);
#8817=ORIENTED_EDGE('',*,*,#8175,.F.);
#8818=ORIENTED_EDGE('',*,*,#8781,.T.);
#8819=EDGE_LOOP('',(#8812,#8814,#8815,#8816,#8817,#8818));
#8820=FACE_OUTER_BOUND('',#8819,.F.);
#8822=ORIENTED_EDGE('',*,*,#8821,.T.);
#8824=ORIENTED_EDGE('',*,*,#8823,.T.);
#8826=ORIENTED_EDGE('',*,*,#8825,.T.);
#8828=ORIENTED_EDGE('',*,*,#8827,.T.);
#8829=EDGE_LOOP('',(#8822,#8824,#8826,#8828));
#8830=FACE_BOUND('',#8829,.F.);
#8832=ORIENTED_EDGE('',*,*,#8831,.T.);
#8834=ORIENTED_EDGE('',*,*,#8833,.T.);
#8836=ORIENTED_EDGE('',*,*,#8835,.T.);
#8838=ORIENTED_EDGE('',*,*,#8837,.T.);
#8839=EDGE_LOOP('',(#8832,#8834,#8836,#8838));
#8840=FACE_BOUND('',#8839,.F.);
#8842=CARTESIAN_POINT('',(0.E0,5.04641E0,0.E0));
#8843=DIRECTION('',(0.E0,1.E0,0.E0));
#8844=DIRECTION('',(-1.E0,0.E0,0.E0));
#8845=AXIS2_PLACEMENT_3D('',#8842,#8843,#8844);
#8846=PLANE('',#8845);
#8848=ORIENTED_EDGE('',*,*,#8847,.T.);
#8849=ORIENTED_EDGE('',*,*,#8813,.F.);
#8850=EDGE_LOOP('',(#8848,#8849));
#8851=FACE_OUTER_BOUND('',#8850,.F.);
#8853=CARTESIAN_POINT('',(0.E0,5.04641E0,0.E0));
#8854=DIRECTION('',(0.E0,1.E0,0.E0));
#8855=DIRECTION('',(-1.E0,0.E0,0.E0));
#8856=AXIS2_PLACEMENT_3D('',#8853,#8854,#8855);
#8857=PLANE('',#8856);
#8859=ORIENTED_EDGE('',*,*,#8858,.T.);
#8860=ORIENTED_EDGE('',*,*,#8771,.F.);
#8861=EDGE_LOOP('',(#8859,#8860));
#8862=FACE_OUTER_BOUND('',#8861,.F.);
#8864=CARTESIAN_POINT('',(-3.313739040889E-1,5.04641E0,-4.4E0));
#8865=DIRECTION('',(0.E0,0.E0,-1.E0));
#8866=DIRECTION('',(-1.E0,0.E0,0.E0));
#8867=AXIS2_PLACEMENT_3D('',#8864,#8865,#8866);
#8868=PLANE('',#8867);
#8869=ORIENTED_EDGE('',*,*,#8777,.T.);
#8871=ORIENTED_EDGE('',*,*,#8870,.F.);
#8872=ORIENTED_EDGE('',*,*,#8765,.F.);
#8873=ORIENTED_EDGE('',*,*,#8847,.F.);
#8874=EDGE_LOOP('',(#8869,#8871,#8872,#8873));
#8875=FACE_OUTER_BOUND('',#8874,.F.);
#8877=CARTESIAN_POINT('',(0.E0,4.44641E0,0.E0));
#8878=DIRECTION('',(0.E0,1.E0,0.E0));
#8879=DIRECTION('',(-1.E0,0.E0,0.E0));
#8880=AXIS2_PLACEMENT_3D('',#8877,#8878,#8879);
#8881=PLANE('',#8880);
#8882=ORIENTED_EDGE('',*,*,#8775,.T.);
#8884=ORIENTED_EDGE('',*,*,#8883,.T.);
#8885=ORIENTED_EDGE('',*,*,#8767,.T.);
#8886=ORIENTED_EDGE('',*,*,#8870,.T.);
#8887=EDGE_LOOP('',(#8882,#8884,#8885,#8886));
#8888=FACE_OUTER_BOUND('',#8887,.F.);
#8890=CARTESIAN_POINT('',(-3.168626095911E0,5.04641E0,-3.8E0));
#8891=DIRECTION('',(0.E0,0.E0,1.E0));
#8892=DIRECTION('',(1.E0,0.E0,0.E0));
#8893=AXIS2_PLACEMENT_3D('',#8890,#8891,#8892);
#8894=PLANE('',#8893);
#8895=ORIENTED_EDGE('',*,*,#8773,.F.);
#8896=ORIENTED_EDGE('',*,*,#8858,.F.);
#8897=ORIENTED_EDGE('',*,*,#8769,.T.);
#8898=ORIENTED_EDGE('',*,*,#8883,.F.);
#8899=EDGE_LOOP('',(#8895,#8896,#8897,#8898));
#8900=FACE_OUTER_BOUND('',#8899,.F.);
#8902=CARTESIAN_POINT('',(-1.943650813896E-1,5.407983038656E0,
-4.594974746831E0));
#8903=DIRECTION('',(-6.993398236843E-1,-1.478094111296E-1,6.993398236843E-1));
#8904=DIRECTION('',(-1.045170369329E-1,9.890158633619E-1,1.045170369329E-1));
#8905=AXIS2_PLACEMENT_3D('',#8902,#8903,#8904);
#8906=PLANE('',#8905);
#8908=ORIENTED_EDGE('',*,*,#8907,.F.);
#8909=ORIENTED_EDGE('',*,*,#8821,.F.);
#8910=EDGE_LOOP('',(#8908,#8909));
#8911=FACE_OUTER_BOUND('',#8910,.F.);
#8913=CARTESIAN_POINT('',(-1.943650813896E-1,6.084529946162E0,
-4.594974746831E0));
#8914=DIRECTION('',(-7.071067811865E-1,0.E0,-7.071067811865E-1));
#8915=DIRECTION('',(0.E0,-1.E0,0.E0));
#8916=AXIS2_PLACEMENT_3D('',#8913,#8914,#8915);
#8917=CYLINDRICAL_SURFACE('',#8916,1.E-1);
#8918=ORIENTED_EDGE('',*,*,#8907,.T.);
#8919=ORIENTED_EDGE('',*,*,#8827,.F.);
#8921=ORIENTED_EDGE('',*,*,#8920,.F.);
#8922=ORIENTED_EDGE('',*,*,#8823,.F.);
#8923=EDGE_LOOP('',(#8918,#8919,#8921,#8922));
#8924=FACE_OUTER_BOUND('',#8923,.F.);
#8926=CARTESIAN_POINT('',(-2.297204204489E-1,6.171132486541E0,
-4.559619407771E0));
#8927=DIRECTION('',(-3.535533905933E-1,8.660254037844E-1,3.535533905933E-1));
#8928=DIRECTION('',(6.123724356958E-1,5.E-1,-6.123724356958E-1));
#8929=AXIS2_PLACEMENT_3D('',#8926,#8927,#8928);
#8930=PLANE('',#8929);
#8931=ORIENTED_EDGE('',*,*,#8920,.T.);
#8932=ORIENTED_EDGE('',*,*,#8825,.F.);
#8933=EDGE_LOOP('',(#8931,#8932));
#8934=FACE_OUTER_BOUND('',#8933,.F.);
#8936=CARTESIAN_POINT('',(-2.244974746831E0,5.407983038656E0,
-5.655634918610E0));
#8937=DIRECTION('',(6.993398236843E-1,-1.478094111296E-1,6.993398236843E-1));
#8938=DIRECTION('',(1.045170369329E-1,9.890158633619E-1,1.045170369329E-1));
#8939=AXIS2_PLACEMENT_3D('',#8936,#8937,#8938);
#8940=PLANE('',#8939);
#8942=ORIENTED_EDGE('',*,*,#8941,.F.);
#8943=ORIENTED_EDGE('',*,*,#8831,.F.);
#8944=EDGE_LOOP('',(#8942,#8943));
#8945=FACE_OUTER_BOUND('',#8944,.F.);
#8947=CARTESIAN_POINT('',(-2.244974746831E0,6.084529946162E0,
-5.655634918610E0));
#8948=DIRECTION('',(-7.071067811865E-1,0.E0,7.071067811865E-1));
#8949=DIRECTION('',(0.E0,-1.E0,0.E0));
#8950=AXIS2_PLACEMENT_3D('',#8947,#8948,#8949);
#8951=CYLINDRICAL_SURFACE('',#8950,1.E-1);
#8952=ORIENTED_EDGE('',*,*,#8941,.T.);
#8953=ORIENTED_EDGE('',*,*,#8837,.F.);
#8955=ORIENTED_EDGE('',*,*,#8954,.F.);
#8956=ORIENTED_EDGE('',*,*,#8833,.F.);
#8957=EDGE_LOOP('',(#8952,#8953,#8955,#8956));
#8958=FACE_OUTER_BOUND('',#8957,.F.);
#8960=CARTESIAN_POINT('',(-2.209619407771E0,6.171132486541E0,
-5.620279579551E0));
#8961=DIRECTION('',(3.535533905933E-1,8.660254037844E-1,3.535533905933E-1));
#8962=DIRECTION('',(-6.123724356958E-1,5.E-1,-6.123724356958E-1));
#8963=AXIS2_PLACEMENT_3D('',#8960,#8961,#8962);
#8964=PLANE('',#8963);
#8965=ORIENTED_EDGE('',*,*,#8954,.T.);
#8966=ORIENTED_EDGE('',*,*,#8835,.F.);
#8967=EDGE_LOOP('',(#8965,#8966));
#8968=FACE_OUTER_BOUND('',#8967,.F.);
#8970=CARTESIAN_POINT('',(-1.255025253169E0,5.407983038656E0,
-2.544365081390E0));
#8971=DIRECTION('',(-6.993398236843E-1,-1.478094111296E-1,-6.993398236843E-1));
#8972=DIRECTION('',(-1.045170369329E-1,9.890158633619E-1,-1.045170369329E-1));
#8973=AXIS2_PLACEMENT_3D('',#8970,#8971,#8972);
#8974=PLANE('',#8973);
#8976=ORIENTED_EDGE('',*,*,#8975,.F.);
#8977=ORIENTED_EDGE('',*,*,#8786,.F.);
#8978=EDGE_LOOP('',(#8976,#8977));
#8979=FACE_OUTER_BOUND('',#8978,.F.);
#8981=CARTESIAN_POINT('',(-1.255025253169E0,6.084529946162E0,
-2.544365081390E0));
#8982=DIRECTION('',(7.071067811865E-1,0.E0,-7.071067811865E-1));
#8983=DIRECTION('',(0.E0,-1.E0,0.E0));
#8984=AXIS2_PLACEMENT_3D('',#8981,#8982,#8983);
#8985=CYLINDRICAL_SURFACE('',#8984,1.E-1);
#8986=ORIENTED_EDGE('',*,*,#8975,.T.);
#8987=ORIENTED_EDGE('',*,*,#8792,.F.);
#8989=ORIENTED_EDGE('',*,*,#8988,.F.);
#8990=ORIENTED_EDGE('',*,*,#8788,.F.);
#8991=EDGE_LOOP('',(#8986,#8987,#8989,#8990));
#8992=FACE_OUTER_BOUND('',#8991,.F.);
#8994=CARTESIAN_POINT('',(-1.290380592229E0,6.171132486541E0,
-2.579720420449E0));
#8995=DIRECTION('',(-3.535533905933E-1,8.660254037844E-1,-3.535533905933E-1));
#8996=DIRECTION('',(6.123724356958E-1,5.E-1,6.123724356958E-1));
#8997=AXIS2_PLACEMENT_3D('',#8994,#8995,#8996);
#8998=PLANE('',#8997);
#8999=ORIENTED_EDGE('',*,*,#8988,.T.);
#9000=ORIENTED_EDGE('',*,*,#8790,.F.);
#9001=EDGE_LOOP('',(#8999,#9000));
#9002=FACE_OUTER_BOUND('',#9001,.F.);
#9004=CARTESIAN_POINT('',(-3.305634918610E0,5.407983038656E0,
-3.605025253169E0));
#9005=DIRECTION('',(6.993398236843E-1,-1.478094111296E-1,-6.993398236843E-1));
#9006=DIRECTION('',(1.045170369329E-1,9.890158633619E-1,-1.045170369329E-1));
#9007=AXIS2_PLACEMENT_3D('',#9004,#9005,#9006);
#9008=PLANE('',#9007);
#9010=ORIENTED_EDGE('',*,*,#9009,.F.);
#9011=ORIENTED_EDGE('',*,*,#8796,.F.);
#9012=EDGE_LOOP('',(#9010,#9011));
#9013=FACE_OUTER_BOUND('',#9012,.F.);
#9015=CARTESIAN_POINT('',(-3.305634918610E0,6.084529946162E0,
-3.605025253169E0));
#9016=DIRECTION('',(7.071067811865E-1,0.E0,7.071067811865E-1));
#9017=DIRECTION('',(0.E0,-1.E0,0.E0));
#9018=AXIS2_PLACEMENT_3D('',#9015,#9016,#9017);
#9019=CYLINDRICAL_SURFACE('',#9018,1.E-1);
#9020=ORIENTED_EDGE('',*,*,#9009,.T.);
#9021=ORIENTED_EDGE('',*,*,#8802,.F.);
#9023=ORIENTED_EDGE('',*,*,#9022,.F.);
#9024=ORIENTED_EDGE('',*,*,#8798,.F.);
#9025=EDGE_LOOP('',(#9020,#9021,#9023,#9024));
#9026=FACE_OUTER_BOUND('',#9025,.F.);
#9028=CARTESIAN_POINT('',(-3.270279579551E0,6.171132486541E0,
-3.640380592229E0));
#9029=DIRECTION('',(3.535533905933E-1,8.660254037844E-1,-3.535533905933E-1));
#9030=DIRECTION('',(-6.123724356958E-1,5.E-1,6.123724356958E-1));
#9031=AXIS2_PLACEMENT_3D('',#9028,#9029,#9030);
#9032=PLANE('',#9031);
#9033=ORIENTED_EDGE('',*,*,#9022,.T.);
#9034=ORIENTED_EDGE('',*,*,#8800,.F.);
#9035=EDGE_LOOP('',(#9033,#9034));
#9036=FACE_OUTER_BOUND('',#9035,.F.);
#9038=CARTESIAN_POINT('',(-5.25E0,6.3E0,-4.1E0));
#9039=DIRECTION('',(0.E0,1.E0,0.E0));
#9040=DIRECTION('',(-1.E0,0.E0,0.E0));
#9041=AXIS2_PLACEMENT_3D('',#9038,#9039,#9040);
#9042=CYLINDRICAL_SURFACE('',#9041,1.45E0);
#9044=ORIENTED_EDGE('',*,*,#9043,.T.);
#9046=ORIENTED_EDGE('',*,*,#9045,.F.);
#9048=ORIENTED_EDGE('',*,*,#9047,.T.);
#9050=ORIENTED_EDGE('',*,*,#9049,.F.);
#9052=ORIENTED_EDGE('',*,*,#9051,.F.);
#9054=ORIENTED_EDGE('',*,*,#9053,.T.);
#9056=ORIENTED_EDGE('',*,*,#9055,.T.);
#9058=ORIENTED_EDGE('',*,*,#9057,.F.);
#9060=ORIENTED_EDGE('',*,*,#9059,.F.);
#9062=ORIENTED_EDGE('',*,*,#9061,.F.);
#9064=ORIENTED_EDGE('',*,*,#9063,.F.);
#9065=ORIENTED_EDGE('',*,*,#8179,.F.);
#9066=EDGE_LOOP('',(#9044,#9046,#9048,#9050,#9052,#9054,#9056,#9058,#9060,#9062,
#9064,#9065));
#9067=FACE_OUTER_BOUND('',#9066,.F.);
#9069=ORIENTED_EDGE('',*,*,#9068,.T.);
#9071=ORIENTED_EDGE('',*,*,#9070,.T.);
#9073=ORIENTED_EDGE('',*,*,#9072,.T.);
#9075=ORIENTED_EDGE('',*,*,#9074,.T.);
#9076=EDGE_LOOP('',(#9069,#9071,#9073,#9075));
#9077=FACE_BOUND('',#9076,.F.);
#9079=ORIENTED_EDGE('',*,*,#9078,.T.);
#9081=ORIENTED_EDGE('',*,*,#9080,.T.);
#9083=ORIENTED_EDGE('',*,*,#9082,.T.);
#9085=ORIENTED_EDGE('',*,*,#9084,.T.);
#9086=EDGE_LOOP('',(#9079,#9081,#9083,#9085));
#9087=FACE_BOUND('',#9086,.F.);
#9089=CARTESIAN_POINT('',(-5.25E0,6.3E0,-4.1E0));
#9090=DIRECTION('',(0.E0,1.E0,0.E0));
#9091=DIRECTION('',(-1.E0,0.E0,0.E0));
#9092=AXIS2_PLACEMENT_3D('',#9089,#9090,#9091);
#9093=CYLINDRICAL_SURFACE('',#9092,1.45E0);
#9094=ORIENTED_EDGE('',*,*,#9061,.T.);
#9096=ORIENTED_EDGE('',*,*,#9095,.T.);
#9097=ORIENTED_EDGE('',*,*,#9045,.T.);
#9098=ORIENTED_EDGE('',*,*,#9043,.F.);
#9099=ORIENTED_EDGE('',*,*,#8181,.F.);
#9100=ORIENTED_EDGE('',*,*,#9063,.T.);
#9101=EDGE_LOOP('',(#9094,#9096,#9097,#9098,#9099,#9100));
#9102=FACE_OUTER_BOUND('',#9101,.F.);
#9104=ORIENTED_EDGE('',*,*,#9103,.T.);
#9106=ORIENTED_EDGE('',*,*,#9105,.T.);
#9108=ORIENTED_EDGE('',*,*,#9107,.T.);
#9110=ORIENTED_EDGE('',*,*,#9109,.T.);
#9111=EDGE_LOOP('',(#9104,#9106,#9108,#9110));
#9112=FACE_BOUND('',#9111,.F.);
#9114=ORIENTED_EDGE('',*,*,#9113,.T.);
#9116=ORIENTED_EDGE('',*,*,#9115,.T.);
#9118=ORIENTED_EDGE('',*,*,#9117,.T.);
#9120=ORIENTED_EDGE('',*,*,#9119,.T.);
#9121=EDGE_LOOP('',(#9114,#9116,#9118,#9120));
#9122=FACE_BOUND('',#9121,.F.);
#9124=CARTESIAN_POINT('',(-3.5E0,5.04641E0,0.E0));
#9125=DIRECTION('',(0.E0,1.E0,0.E0));
#9126=DIRECTION('',(-1.E0,0.E0,0.E0));
#9127=AXIS2_PLACEMENT_3D('',#9124,#9125,#9126);
#9128=PLANE('',#9127);
#9130=ORIENTED_EDGE('',*,*,#9129,.T.);
#9131=ORIENTED_EDGE('',*,*,#9095,.F.);
#9132=EDGE_LOOP('',(#9130,#9131));
#9133=FACE_OUTER_BOUND('',#9132,.F.);
#9135=CARTESIAN_POINT('',(-3.5E0,5.04641E0,0.E0));
#9136=DIRECTION('',(0.E0,1.E0,0.E0));
#9137=DIRECTION('',(-1.E0,0.E0,0.E0));
#9138=AXIS2_PLACEMENT_3D('',#9135,#9136,#9137);
#9139=PLANE('',#9138);
#9141=ORIENTED_EDGE('',*,*,#9140,.T.);
#9142=ORIENTED_EDGE('',*,*,#9053,.F.);
#9143=EDGE_LOOP('',(#9141,#9142));
#9144=FACE_OUTER_BOUND('',#9143,.F.);
#9146=CARTESIAN_POINT('',(-3.831373904089E0,5.04641E0,-4.4E0));
#9147=DIRECTION('',(0.E0,0.E0,-1.E0));
#9148=DIRECTION('',(-1.E0,0.E0,0.E0));
#9149=AXIS2_PLACEMENT_3D('',#9146,#9147,#9148);
#9150=PLANE('',#9149);
#9151=ORIENTED_EDGE('',*,*,#9059,.T.);
#9153=ORIENTED_EDGE('',*,*,#9152,.F.);
#9154=ORIENTED_EDGE('',*,*,#9047,.F.);
#9155=ORIENTED_EDGE('',*,*,#9129,.F.);
#9156=EDGE_LOOP('',(#9151,#9153,#9154,#9155));
#9157=FACE_OUTER_BOUND('',#9156,.F.);
#9159=CARTESIAN_POINT('',(-3.5E0,4.44641E0,0.E0));
#9160=DIRECTION('',(0.E0,1.E0,0.E0));
#9161=DIRECTION('',(-1.E0,0.E0,0.E0));
#9162=AXIS2_PLACEMENT_3D('',#9159,#9160,#9161);
#9163=PLANE('',#9162);
#9164=ORIENTED_EDGE('',*,*,#9057,.T.);
#9166=ORIENTED_EDGE('',*,*,#9165,.T.);
#9167=ORIENTED_EDGE('',*,*,#9049,.T.);
#9168=ORIENTED_EDGE('',*,*,#9152,.T.);
#9169=EDGE_LOOP('',(#9164,#9166,#9167,#9168));
#9170=FACE_OUTER_BOUND('',#9169,.F.);
#9172=CARTESIAN_POINT('',(-6.668626095911E0,5.04641E0,-3.8E0));
#9173=DIRECTION('',(0.E0,0.E0,1.E0));
#9174=DIRECTION('',(1.E0,0.E0,0.E0));
#9175=AXIS2_PLACEMENT_3D('',#9172,#9173,#9174);
#9176=PLANE('',#9175);
#9177=ORIENTED_EDGE('',*,*,#9055,.F.);
#9178=ORIENTED_EDGE('',*,*,#9140,.F.);
#9179=ORIENTED_EDGE('',*,*,#9051,.T.);
#9180=ORIENTED_EDGE('',*,*,#9165,.F.);
#9181=EDGE_LOOP('',(#9177,#9178,#9179,#9180));
#9182=FACE_OUTER_BOUND('',#9181,.F.);
#9184=CARTESIAN_POINT('',(-3.694365081390E0,5.407983038656E0,
-4.594974746831E0));
#9185=DIRECTION('',(-6.993398236843E-1,-1.478094111296E-1,6.993398236843E-1));
#9186=DIRECTION('',(-1.045170369329E-1,9.890158633619E-1,1.045170369329E-1));
#9187=AXIS2_PLACEMENT_3D('',#9184,#9185,#9186);
#9188=PLANE('',#9187);
#9190=ORIENTED_EDGE('',*,*,#9189,.F.);
#9191=ORIENTED_EDGE('',*,*,#9103,.F.);
#9192=EDGE_LOOP('',(#9190,#9191));
#9193=FACE_OUTER_BOUND('',#9192,.F.);
#9195=CARTESIAN_POINT('',(-3.694365081390E0,6.084529946162E0,
-4.594974746831E0));
#9196=DIRECTION('',(-7.071067811865E-1,0.E0,-7.071067811865E-1));
#9197=DIRECTION('',(0.E0,-1.E0,0.E0));
#9198=AXIS2_PLACEMENT_3D('',#9195,#9196,#9197);
#9199=CYLINDRICAL_SURFACE('',#9198,1.E-1);
#9200=ORIENTED_EDGE('',*,*,#9189,.T.);
#9201=ORIENTED_EDGE('',*,*,#9109,.F.);
#9203=ORIENTED_EDGE('',*,*,#9202,.F.);
#9204=ORIENTED_EDGE('',*,*,#9105,.F.);
#9205=EDGE_LOOP('',(#9200,#9201,#9203,#9204));
#9206=FACE_OUTER_BOUND('',#9205,.F.);
#9208=CARTESIAN_POINT('',(-3.729720420449E0,6.171132486541E0,
-4.559619407771E0));
#9209=DIRECTION('',(-3.535533905933E-1,8.660254037844E-1,3.535533905933E-1));
#9210=DIRECTION('',(6.123724356958E-1,5.E-1,-6.123724356958E-1));
#9211=AXIS2_PLACEMENT_3D('',#9208,#9209,#9210);
#9212=PLANE('',#9211);
#9213=ORIENTED_EDGE('',*,*,#9202,.T.);
#9214=ORIENTED_EDGE('',*,*,#9107,.F.);
#9215=EDGE_LOOP('',(#9213,#9214));
#9216=FACE_OUTER_BOUND('',#9215,.F.);
#9218=CARTESIAN_POINT('',(-5.744974746831E0,5.407983038656E0,
-5.655634918610E0));
#9219=DIRECTION('',(6.993398236843E-1,-1.478094111296E-1,6.993398236843E-1));
#9220=DIRECTION('',(1.045170369329E-1,9.890158633619E-1,1.045170369329E-1));
#9221=AXIS2_PLACEMENT_3D('',#9218,#9219,#9220);
#9222=PLANE('',#9221);
#9224=ORIENTED_EDGE('',*,*,#9223,.F.);
#9225=ORIENTED_EDGE('',*,*,#9113,.F.);
#9226=EDGE_LOOP('',(#9224,#9225));
#9227=FACE_OUTER_BOUND('',#9226,.F.);
#9229=CARTESIAN_POINT('',(-5.744974746831E0,6.084529946162E0,
-5.655634918610E0));
#9230=DIRECTION('',(-7.071067811865E-1,0.E0,7.071067811865E-1));
#9231=DIRECTION('',(0.E0,-1.E0,0.E0));
#9232=AXIS2_PLACEMENT_3D('',#9229,#9230,#9231);
#9233=CYLINDRICAL_SURFACE('',#9232,1.E-1);
#9234=ORIENTED_EDGE('',*,*,#9223,.T.);
#9235=ORIENTED_EDGE('',*,*,#9119,.F.);
#9237=ORIENTED_EDGE('',*,*,#9236,.F.);
#9238=ORIENTED_EDGE('',*,*,#9115,.F.);
#9239=EDGE_LOOP('',(#9234,#9235,#9237,#9238));
#9240=FACE_OUTER_BOUND('',#9239,.F.);
#9242=CARTESIAN_POINT('',(-5.709619407771E0,6.171132486541E0,
-5.620279579551E0));
#9243=DIRECTION('',(3.535533905933E-1,8.660254037844E-1,3.535533905933E-1));
#9244=DIRECTION('',(-6.123724356958E-1,5.E-1,-6.123724356958E-1));
#9245=AXIS2_PLACEMENT_3D('',#9242,#9243,#9244);
#9246=PLANE('',#9245);
#9247=ORIENTED_EDGE('',*,*,#9236,.T.);
#9248=ORIENTED_EDGE('',*,*,#9117,.F.);
#9249=EDGE_LOOP('',(#9247,#9248));
#9250=FACE_OUTER_BOUND('',#9249,.F.);
#9252=CARTESIAN_POINT('',(-4.755025253169E0,5.407983038656E0,
-2.544365081390E0));
#9253=DIRECTION('',(-6.993398236843E-1,-1.478094111296E-1,-6.993398236843E-1));
#9254=DIRECTION('',(-1.045170369329E-1,9.890158633619E-1,-1.045170369329E-1));
#9255=AXIS2_PLACEMENT_3D('',#9252,#9253,#9254);
#9256=PLANE('',#9255);
#9258=ORIENTED_EDGE('',*,*,#9257,.F.);
#9259=ORIENTED_EDGE('',*,*,#9068,.F.);
#9260=EDGE_LOOP('',(#9258,#9259));
#9261=FACE_OUTER_BOUND('',#9260,.F.);
#9263=CARTESIAN_POINT('',(-4.755025253169E0,6.084529946162E0,
-2.544365081390E0));
#9264=DIRECTION('',(7.071067811865E-1,0.E0,-7.071067811865E-1));
#9265=DIRECTION('',(0.E0,-1.E0,0.E0));
#9266=AXIS2_PLACEMENT_3D('',#9263,#9264,#9265);
#9267=CYLINDRICAL_SURFACE('',#9266,1.E-1);
#9268=ORIENTED_EDGE('',*,*,#9257,.T.);
#9269=ORIENTED_EDGE('',*,*,#9074,.F.);
#9271=ORIENTED_EDGE('',*,*,#9270,.F.);
#9272=ORIENTED_EDGE('',*,*,#9070,.F.);
#9273=EDGE_LOOP('',(#9268,#9269,#9271,#9272));
#9274=FACE_OUTER_BOUND('',#9273,.F.);
#9276=CARTESIAN_POINT('',(-4.790380592229E0,6.171132486541E0,
-2.579720420449E0));
#9277=DIRECTION('',(-3.535533905933E-1,8.660254037844E-1,-3.535533905933E-1));
#9278=DIRECTION('',(6.123724356958E-1,5.E-1,6.123724356958E-1));
#9279=AXIS2_PLACEMENT_3D('',#9276,#9277,#9278);
#9280=PLANE('',#9279);
#9281=ORIENTED_EDGE('',*,*,#9270,.T.);
#9282=ORIENTED_EDGE('',*,*,#9072,.F.);
#9283=EDGE_LOOP('',(#9281,#9282));
#9284=FACE_OUTER_BOUND('',#9283,.F.);
#9286=CARTESIAN_POINT('',(-6.805634918610E0,5.407983038656E0,
-3.605025253169E0));
#9287=DIRECTION('',(6.993398236843E-1,-1.478094111296E-1,-6.993398236843E-1));
#9288=DIRECTION('',(1.045170369329E-1,9.890158633619E-1,-1.045170369329E-1));
#9289=AXIS2_PLACEMENT_3D('',#9286,#9287,#9288);
#9290=PLANE('',#9289);
#9292=ORIENTED_EDGE('',*,*,#9291,.F.);
#9293=ORIENTED_EDGE('',*,*,#9078,.F.);
#9294=EDGE_LOOP('',(#9292,#9293));
#9295=FACE_OUTER_BOUND('',#9294,.F.);
#9297=CARTESIAN_POINT('',(-6.805634918610E0,6.084529946162E0,
-3.605025253169E0));
#9298=DIRECTION('',(7.071067811865E-1,0.E0,7.071067811865E-1));
#9299=DIRECTION('',(0.E0,-1.E0,0.E0));
#9300=AXIS2_PLACEMENT_3D('',#9297,#9298,#9299);
#9301=CYLINDRICAL_SURFACE('',#9300,1.E-1);
#9302=ORIENTED_EDGE('',*,*,#9291,.T.);
#9303=ORIENTED_EDGE('',*,*,#9084,.F.);
#9305=ORIENTED_EDGE('',*,*,#9304,.F.);
#9306=ORIENTED_EDGE('',*,*,#9080,.F.);
#9307=EDGE_LOOP('',(#9302,#9303,#9305,#9306));
#9308=FACE_OUTER_BOUND('',#9307,.F.);
#9310=CARTESIAN_POINT('',(-6.770279579551E0,6.171132486541E0,
-3.640380592229E0));
#9311=DIRECTION('',(3.535533905933E-1,8.660254037844E-1,-3.535533905933E-1));
#9312=DIRECTION('',(-6.123724356958E-1,5.E-1,6.123724356958E-1));
#9313=AXIS2_PLACEMENT_3D('',#9310,#9311,#9312);
#9314=PLANE('',#9313);
#9315=ORIENTED_EDGE('',*,*,#9304,.T.);
#9316=ORIENTED_EDGE('',*,*,#9082,.F.);
#9317=EDGE_LOOP('',(#9315,#9316));
#9318=FACE_OUTER_BOUND('',#9317,.F.);
#9320=CARTESIAN_POINT('',(-6.85E0,6.3E0,-2.028867513459E0));
#9321=DIRECTION('',(0.E0,1.E0,0.E0));
#9322=DIRECTION('',(-1.E0,0.E0,0.E0));
#9323=AXIS2_PLACEMENT_3D('',#9320,#9321,#9322);
#9324=CYLINDRICAL_SURFACE('',#9323,1.5E-1);
#9326=ORIENTED_EDGE('',*,*,#9325,.T.);
#9328=ORIENTED_EDGE('',*,*,#9327,.F.);
#9329=ORIENTED_EDGE('',*,*,#8103,.T.);
#9330=ORIENTED_EDGE('',*,*,#8063,.F.);
#9331=EDGE_LOOP('',(#9326,#9328,#9329,#9330));
#9332=FACE_OUTER_BOUND('',#9331,.F.);
#9334=CARTESIAN_POINT('',(7.E0,4.1E0,0.E0));
#9335=DIRECTION('',(0.E0,1.E0,0.E0));
#9336=DIRECTION('',(-1.E0,0.E0,0.E0));
#9337=AXIS2_PLACEMENT_3D('',#9334,#9335,#9336);
#9338=PLANE('',#9337);
#9340=ORIENTED_EDGE('',*,*,#9339,.F.);
#9342=ORIENTED_EDGE('',*,*,#9341,.F.);
#9344=ORIENTED_EDGE('',*,*,#9343,.F.);
#9346=ORIENTED_EDGE('',*,*,#9345,.F.);
#9348=ORIENTED_EDGE('',*,*,#9347,.F.);
#9350=ORIENTED_EDGE('',*,*,#9349,.F.);
#9351=ORIENTED_EDGE('',*,*,#9325,.F.);
#9352=ORIENTED_EDGE('',*,*,#8061,.F.);
#9353=EDGE_LOOP('',(#9340,#9342,#9344,#9346,#9348,#9350,#9351,#9352));
#9354=FACE_OUTER_BOUND('',#9353,.F.);
#9356=CARTESIAN_POINT('',(7.E0,4.1E0,0.E0));
#9357=DIRECTION('',(0.E0,1.E0,0.E0));
#9358=DIRECTION('',(-1.E0,0.E0,0.E0));
#9359=AXIS2_PLACEMENT_3D('',#9356,#9357,#9358);
#9360=PLANE('',#9359);
#9362=ORIENTED_EDGE('',*,*,#9361,.F.);
#9364=ORIENTED_EDGE('',*,*,#9363,.F.);
#9366=ORIENTED_EDGE('',*,*,#9365,.F.);
#9368=ORIENTED_EDGE('',*,*,#9367,.F.);
#9370=ORIENTED_EDGE('',*,*,#9369,.F.);
#9372=ORIENTED_EDGE('',*,*,#9371,.F.);
#9374=ORIENTED_EDGE('',*,*,#9373,.F.);
#9375=ORIENTED_EDGE('',*,*,#8053,.F.);
#9376=EDGE_LOOP('',(#9362,#9364,#9366,#9368,#9370,#9372,#9374,#9375));
#9377=FACE_OUTER_BOUND('',#9376,.F.);
#9379=CARTESIAN_POINT('',(-6.85E0,6.3E0,-2.971132486541E0));
#9380=DIRECTION('',(0.E0,1.E0,0.E0));
#9381=DIRECTION('',(-1.E0,0.E0,0.E0));
#9382=AXIS2_PLACEMENT_3D('',#9379,#9380,#9381);
#9383=CYLINDRICAL_SURFACE('',#9382,1.5E-1);
#9384=ORIENTED_EDGE('',*,*,#9339,.T.);
#9385=ORIENTED_EDGE('',*,*,#8059,.T.);
#9386=ORIENTED_EDGE('',*,*,#8115,.T.);
#9388=ORIENTED_EDGE('',*,*,#9387,.T.);
#9389=EDGE_LOOP('',(#9384,#9385,#9386,#9388));
#9390=FACE_OUTER_BOUND('',#9389,.F.);
#9392=CARTESIAN_POINT('',(-6.575E0,6.3E0,-2.956698729811E0));
#9393=DIRECTION('',(-5.E-1,0.E0,-8.660254037844E-1));
#9394=DIRECTION('',(-8.660254037844E-1,0.E0,5.E-1));
#9395=AXIS2_PLACEMENT_3D('',#9392,#9393,#9394);
#9396=PLANE('',#9395);
#9398=ORIENTED_EDGE('',*,*,#9397,.T.);
#9399=ORIENTED_EDGE('',*,*,#9341,.T.);
#9400=ORIENTED_EDGE('',*,*,#9387,.F.);
#9401=ORIENTED_EDGE('',*,*,#8113,.F.);
#9402=EDGE_LOOP('',(#9398,#9399,#9400,#9401));
#9403=FACE_OUTER_BOUND('',#9402,.F.);
#9405=CARTESIAN_POINT('',(-6.55E0,6.3E0,-2.913397459622E0));
#9406=DIRECTION('',(0.E0,1.E0,0.E0));
#9407=DIRECTION('',(-1.E0,0.E0,0.E0));
#9408=AXIS2_PLACEMENT_3D('',#9405,#9406,#9407);
#9409=CYLINDRICAL_SURFACE('',#9408,5.E-2);
#9411=ORIENTED_EDGE('',*,*,#9410,.T.);
#9412=ORIENTED_EDGE('',*,*,#9343,.T.);
#9413=ORIENTED_EDGE('',*,*,#9397,.F.);
#9414=ORIENTED_EDGE('',*,*,#8111,.F.);
#9415=EDGE_LOOP('',(#9411,#9412,#9413,#9414));
#9416=FACE_OUTER_BOUND('',#9415,.F.);
#9418=CARTESIAN_POINT('',(-6.5E0,6.3E0,-2.086602540378E0));
#9419=DIRECTION('',(1.E0,0.E0,0.E0));
#9420=DIRECTION('',(0.E0,0.E0,-1.E0));
#9421=AXIS2_PLACEMENT_3D('',#9418,#9419,#9420);
#9422=PLANE('',#9421);
#9424=ORIENTED_EDGE('',*,*,#9423,.T.);
#9425=ORIENTED_EDGE('',*,*,#9345,.T.);
#9426=ORIENTED_EDGE('',*,*,#9410,.F.);
#9427=ORIENTED_EDGE('',*,*,#8109,.F.);
#9428=EDGE_LOOP('',(#9424,#9425,#9426,#9427));
#9429=FACE_OUTER_BOUND('',#9428,.F.);
#9431=CARTESIAN_POINT('',(-6.55E0,6.3E0,-2.086602540378E0));
#9432=DIRECTION('',(0.E0,1.E0,0.E0));
#9433=DIRECTION('',(-1.E0,0.E0,0.E0));
#9434=AXIS2_PLACEMENT_3D('',#9431,#9432,#9433);
#9435=CYLINDRICAL_SURFACE('',#9434,5.E-2);
#9437=ORIENTED_EDGE('',*,*,#9436,.T.);
#9438=ORIENTED_EDGE('',*,*,#9347,.T.);
#9439=ORIENTED_EDGE('',*,*,#9423,.F.);
#9440=ORIENTED_EDGE('',*,*,#8107,.F.);
#9441=EDGE_LOOP('',(#9437,#9438,#9439,#9440));
#9442=FACE_OUTER_BOUND('',#9441,.F.);
#9444=CARTESIAN_POINT('',(-6.775E0,6.3E0,-2.158771324027E0));
#9445=DIRECTION('',(-5.E-1,0.E0,8.660254037844E-1));
#9446=DIRECTION('',(8.660254037844E-1,0.E0,5.E-1));
#9447=AXIS2_PLACEMENT_3D('',#9444,#9445,#9446);
#9448=PLANE('',#9447);
#9449=ORIENTED_EDGE('',*,*,#9327,.T.);
#9450=ORIENTED_EDGE('',*,*,#9349,.T.);
#9451=ORIENTED_EDGE('',*,*,#9436,.F.);
#9452=ORIENTED_EDGE('',*,*,#8105,.F.);
#9453=EDGE_LOOP('',(#9449,#9450,#9451,#9452));
#9454=FACE_OUTER_BOUND('',#9453,.F.);
#9456=CARTESIAN_POINT('',(-6.85E0,6.3E0,-6.171132486541E0));
#9457=DIRECTION('',(0.E0,1.E0,0.E0));
#9458=DIRECTION('',(-1.E0,0.E0,0.E0));
#9459=AXIS2_PLACEMENT_3D('',#9456,#9457,#9458);
#9460=CYLINDRICAL_SURFACE('',#9459,1.5E-1);
#9461=ORIENTED_EDGE('',*,*,#9361,.T.);
#9462=ORIENTED_EDGE('',*,*,#8051,.T.);
#9463=ORIENTED_EDGE('',*,*,#8130,.T.);
#9465=ORIENTED_EDGE('',*,*,#9464,.T.);
#9466=EDGE_LOOP('',(#9461,#9462,#9463,#9465));
#9467=FACE_OUTER_BOUND('',#9466,.F.);
#9469=CARTESIAN_POINT('',(-6.575E0,6.3E0,-6.156698729811E0));
#9470=DIRECTION('',(-5.E-1,0.E0,-8.660254037844E-1));
#9471=DIRECTION('',(-8.660254037844E-1,0.E0,5.E-1));
#9472=AXIS2_PLACEMENT_3D('',#9469,#9470,#9471);
#9473=PLANE('',#9472);
#9474=ORIENTED_EDGE('',*,*,#9464,.F.);
#9475=ORIENTED_EDGE('',*,*,#8128,.F.);
#9477=ORIENTED_EDGE('',*,*,#9476,.T.);
#9478=ORIENTED_EDGE('',*,*,#9363,.T.);
#9479=EDGE_LOOP('',(#9474,#9475,#9477,#9478));
#9480=FACE_OUTER_BOUND('',#9479,.F.);
#9482=CARTESIAN_POINT('',(-6.55E0,6.3E0,-6.113397459622E0));
#9483=DIRECTION('',(0.E0,1.E0,0.E0));
#9484=DIRECTION('',(-1.E0,0.E0,0.E0));
#9485=AXIS2_PLACEMENT_3D('',#9482,#9483,#9484);
#9486=CYLINDRICAL_SURFACE('',#9485,5.E-2);
#9488=ORIENTED_EDGE('',*,*,#9487,.T.);
#9489=ORIENTED_EDGE('',*,*,#9365,.T.);
#9490=ORIENTED_EDGE('',*,*,#9476,.F.);
#9491=ORIENTED_EDGE('',*,*,#8126,.F.);
#9492=EDGE_LOOP('',(#9488,#9489,#9490,#9491));
#9493=FACE_OUTER_BOUND('',#9492,.F.);
#9495=CARTESIAN_POINT('',(-6.5E0,6.3E0,-5.286602540378E0));
#9496=DIRECTION('',(1.E0,0.E0,0.E0));
#9497=DIRECTION('',(0.E0,0.E0,-1.E0));
#9498=AXIS2_PLACEMENT_3D('',#9495,#9496,#9497);
#9499=PLANE('',#9498);
#9501=ORIENTED_EDGE('',*,*,#9500,.T.);
#9502=ORIENTED_EDGE('',*,*,#9367,.T.);
#9503=ORIENTED_EDGE('',*,*,#9487,.F.);
#9504=ORIENTED_EDGE('',*,*,#8124,.F.);
#9505=EDGE_LOOP('',(#9501,#9502,#9503,#9504));
#9506=FACE_OUTER_BOUND('',#9505,.F.);
#9508=CARTESIAN_POINT('',(-6.55E0,6.3E0,-5.286602540378E0));
#9509=DIRECTION('',(0.E0,1.E0,0.E0));
#9510=DIRECTION('',(-1.E0,0.E0,0.E0));
#9511=AXIS2_PLACEMENT_3D('',#9508,#9509,#9510);
#9512=CYLINDRICAL_SURFACE('',#9511,5.E-2);
#9514=ORIENTED_EDGE('',*,*,#9513,.T.);
#9515=ORIENTED_EDGE('',*,*,#9369,.T.);
#9516=ORIENTED_EDGE('',*,*,#9500,.F.);
#9517=ORIENTED_EDGE('',*,*,#8122,.F.);
#9518=EDGE_LOOP('',(#9514,#9515,#9516,#9517));
#9519=FACE_OUTER_BOUND('',#9518,.F.);
#9521=CARTESIAN_POINT('',(-6.775E0,6.3E0,-5.358771324027E0));
#9522=DIRECTION('',(-5.E-1,0.E0,8.660254037844E-1));
#9523=DIRECTION('',(8.660254037844E-1,0.E0,5.E-1));
#9524=AXIS2_PLACEMENT_3D('',#9521,#9522,#9523);
#9525=PLANE('',#9524);
#9527=ORIENTED_EDGE('',*,*,#9526,.T.);
#9528=ORIENTED_EDGE('',*,*,#9371,.T.);
#9529=ORIENTED_EDGE('',*,*,#9513,.F.);
#9530=ORIENTED_EDGE('',*,*,#8120,.F.);
#9531=EDGE_LOOP('',(#9527,#9528,#9529,#9530));
#9532=FACE_OUTER_BOUND('',#9531,.F.);
#9534=CARTESIAN_POINT('',(-6.85E0,6.3E0,-5.228867513459E0));
#9535=DIRECTION('',(0.E0,1.E0,0.E0));
#9536=DIRECTION('',(-1.E0,0.E0,0.E0));
#9537=AXIS2_PLACEMENT_3D('',#9534,#9535,#9536);
#9538=CYLINDRICAL_SURFACE('',#9537,1.5E-1);
#9539=ORIENTED_EDGE('',*,*,#9373,.T.);
#9540=ORIENTED_EDGE('',*,*,#9526,.F.);
#9541=ORIENTED_EDGE('',*,*,#8118,.T.);
#9542=ORIENTED_EDGE('',*,*,#8055,.F.);
#9543=EDGE_LOOP('',(#9539,#9540,#9541,#9542));
#9544=FACE_OUTER_BOUND('',#9543,.F.);
#9546=CARTESIAN_POINT('',(7.05E0,6.3E0,-5.997927405784E0));
#9547=DIRECTION('',(0.E0,1.E0,0.E0));
#9548=DIRECTION('',(-1.E0,0.E0,0.E0));
#9549=AXIS2_PLACEMENT_3D('',#9546,#9547,#9548);
#9550=CYLINDRICAL_SURFACE('',#9549,5.E-2);
#9551=ORIENTED_EDGE('',*,*,#8135,.T.);
#9552=ORIENTED_EDGE('',*,*,#6382,.F.);
#9554=ORIENTED_EDGE('',*,*,#9553,.F.);
#9556=ORIENTED_EDGE('',*,*,#9555,.F.);
#9557=EDGE_LOOP('',(#9551,#9552,#9554,#9556));
#9558=FACE_OUTER_BOUND('',#9557,.F.);
#9560=CARTESIAN_POINT('',(7.E0,4.1E0,0.E0));
#9561=DIRECTION('',(0.E0,1.E0,0.E0));
#9562=DIRECTION('',(-1.E0,0.E0,0.E0));
#9563=AXIS2_PLACEMENT_3D('',#9560,#9561,#9562);
#9564=PLANE('',#9563);
#9566=ORIENTED_EDGE('',*,*,#9565,.T.);
#9567=ORIENTED_EDGE('',*,*,#6372,.T.);
#9569=ORIENTED_EDGE('',*,*,#9568,.T.);
#9571=ORIENTED_EDGE('',*,*,#9570,.T.);
#9573=ORIENTED_EDGE('',*,*,#9572,.T.);
#9575=ORIENTED_EDGE('',*,*,#9574,.T.);
#9577=ORIENTED_EDGE('',*,*,#9576,.T.);
#9579=ORIENTED_EDGE('',*,*,#9578,.T.);
#9580=EDGE_LOOP('',(#9566,#9567,#9569,#9571,#9573,#9575,#9577,#9579));
#9581=FACE_OUTER_BOUND('',#9580,.F.);
#9583=CARTESIAN_POINT('',(7.E0,4.1E0,0.E0));
#9584=DIRECTION('',(0.E0,1.E0,0.E0));
#9585=DIRECTION('',(-1.E0,0.E0,0.E0));
#9586=AXIS2_PLACEMENT_3D('',#9583,#9584,#9585);
#9587=PLANE('',#9586);
#9588=ORIENTED_EDGE('',*,*,#9553,.T.);
#9589=ORIENTED_EDGE('',*,*,#6380,.T.);
#9591=ORIENTED_EDGE('',*,*,#9590,.T.);
#9593=ORIENTED_EDGE('',*,*,#9592,.T.);
#9595=ORIENTED_EDGE('',*,*,#9594,.T.);
#9597=ORIENTED_EDGE('',*,*,#9596,.T.);
#9599=ORIENTED_EDGE('',*,*,#9598,.T.);
#9601=ORIENTED_EDGE('',*,*,#9600,.T.);
#9602=EDGE_LOOP('',(#9588,#9589,#9591,#9593,#9595,#9597,#9599,#9601));
#9603=FACE_OUTER_BOUND('',#9602,.F.);
#9605=CARTESIAN_POINT('',(7.05E0,6.3E0,-2.797927405784E0));
#9606=DIRECTION('',(0.E0,1.E0,0.E0));
#9607=DIRECTION('',(-1.E0,0.E0,0.E0));
#9608=AXIS2_PLACEMENT_3D('',#9605,#9606,#9607);
#9609=CYLINDRICAL_SURFACE('',#9608,5.E-2);
#9610=ORIENTED_EDGE('',*,*,#8150,.T.);
#9611=ORIENTED_EDGE('',*,*,#6374,.F.);
#9612=ORIENTED_EDGE('',*,*,#9565,.F.);
#9614=ORIENTED_EDGE('',*,*,#9613,.F.);
#9615=EDGE_LOOP('',(#9610,#9611,#9612,#9614));
#9616=FACE_OUTER_BOUND('',#9615,.F.);
#9618=CARTESIAN_POINT('',(7.275E0,6.3E0,-2.870096189432E0));
#9619=DIRECTION('',(-5.E-1,0.E0,-8.660254037844E-1));
#9620=DIRECTION('',(-8.660254037844E-1,0.E0,5.E-1));
#9621=AXIS2_PLACEMENT_3D('',#9618,#9619,#9620);
#9622=PLANE('',#9621);
#9623=ORIENTED_EDGE('',*,*,#8152,.T.);
#9624=ORIENTED_EDGE('',*,*,#9613,.T.);
#9625=ORIENTED_EDGE('',*,*,#9578,.F.);
#9627=ORIENTED_EDGE('',*,*,#9626,.F.);
#9628=EDGE_LOOP('',(#9623,#9624,#9625,#9627));
#9629=FACE_OUTER_BOUND('',#9628,.F.);
#9631=CARTESIAN_POINT('',(7.35E0,6.3E0,-2.740192378865E0));
#9632=DIRECTION('',(0.E0,1.E0,0.E0));
#9633=DIRECTION('',(-1.E0,0.E0,0.E0));
#9634=AXIS2_PLACEMENT_3D('',#9631,#9632,#9633);
#9635=CYLINDRICAL_SURFACE('',#9634,1.5E-1);
#9636=ORIENTED_EDGE('',*,*,#8154,.T.);
#9637=ORIENTED_EDGE('',*,*,#9626,.T.);
#9638=ORIENTED_EDGE('',*,*,#9576,.F.);
#9640=ORIENTED_EDGE('',*,*,#9639,.F.);
#9641=EDGE_LOOP('',(#9636,#9637,#9638,#9640));
#9642=FACE_OUTER_BOUND('',#9641,.F.);
#9644=CARTESIAN_POINT('',(7.5E0,6.3E0,-2.259807621135E0));
#9645=DIRECTION('',(1.E0,0.E0,0.E0));
#9646=DIRECTION('',(0.E0,0.E0,-1.E0));
#9647=AXIS2_PLACEMENT_3D('',#9644,#9645,#9646);
#9648=PLANE('',#9647);
#9649=ORIENTED_EDGE('',*,*,#8156,.T.);
#9650=ORIENTED_EDGE('',*,*,#9639,.T.);
#9651=ORIENTED_EDGE('',*,*,#9574,.F.);
#9653=ORIENTED_EDGE('',*,*,#9652,.F.);
#9654=EDGE_LOOP('',(#9649,#9650,#9651,#9653));
#9655=FACE_OUTER_BOUND('',#9654,.F.);
#9657=CARTESIAN_POINT('',(7.35E0,6.3E0,-2.259807621135E0));
#9658=DIRECTION('',(0.E0,1.E0,0.E0));
#9659=DIRECTION('',(-1.E0,0.E0,0.E0));
#9660=AXIS2_PLACEMENT_3D('',#9657,#9658,#9659);
#9661=CYLINDRICAL_SURFACE('',#9660,1.5E-1);
#9662=ORIENTED_EDGE('',*,*,#8158,.T.);
#9663=ORIENTED_EDGE('',*,*,#9652,.T.);
#9664=ORIENTED_EDGE('',*,*,#9572,.F.);
#9666=ORIENTED_EDGE('',*,*,#9665,.F.);
#9667=EDGE_LOOP('',(#9662,#9663,#9664,#9666));
#9668=FACE_OUTER_BOUND('',#9667,.F.);
#9670=CARTESIAN_POINT('',(7.075E0,6.3E0,-2.245373864406E0));
#9671=DIRECTION('',(-5.E-1,0.E0,8.660254037844E-1));
#9672=DIRECTION('',(8.660254037844E-1,0.E0,5.E-1));
#9673=AXIS2_PLACEMENT_3D('',#9670,#9671,#9672);
#9674=PLANE('',#9673);
#9675=ORIENTED_EDGE('',*,*,#8160,.T.);
#9676=ORIENTED_EDGE('',*,*,#9665,.T.);
#9677=ORIENTED_EDGE('',*,*,#9570,.F.);
#9679=ORIENTED_EDGE('',*,*,#9678,.F.);
#9680=EDGE_LOOP('',(#9675,#9676,#9677,#9679));
#9681=FACE_OUTER_BOUND('',#9680,.F.);
#9683=CARTESIAN_POINT('',(7.05E0,6.3E0,-2.202072594216E0));
#9684=DIRECTION('',(0.E0,1.E0,0.E0));
#9685=DIRECTION('',(-1.E0,0.E0,0.E0));
#9686=AXIS2_PLACEMENT_3D('',#9683,#9684,#9685);
#9687=CYLINDRICAL_SURFACE('',#9686,5.E-2);
#9688=ORIENTED_EDGE('',*,*,#8162,.T.);
#9689=ORIENTED_EDGE('',*,*,#9678,.T.);
#9690=ORIENTED_EDGE('',*,*,#9568,.F.);
#9691=ORIENTED_EDGE('',*,*,#6370,.T.);
#9692=EDGE_LOOP('',(#9688,#9689,#9690,#9691));
#9693=FACE_OUTER_BOUND('',#9692,.F.);
#9695=CARTESIAN_POINT('',(7.05E0,6.3E0,-5.402072594216E0));
#9696=DIRECTION('',(0.E0,1.E0,0.E0));
#9697=DIRECTION('',(-1.E0,0.E0,0.E0));
#9698=AXIS2_PLACEMENT_3D('',#9695,#9696,#9697);
#9699=CYLINDRICAL_SURFACE('',#9698,5.E-2);
#9700=ORIENTED_EDGE('',*,*,#8147,.T.);
#9702=ORIENTED_EDGE('',*,*,#9701,.T.);
#9703=ORIENTED_EDGE('',*,*,#9590,.F.);
#9704=ORIENTED_EDGE('',*,*,#6378,.T.);
#9705=EDGE_LOOP('',(#9700,#9702,#9703,#9704));
#9706=FACE_OUTER_BOUND('',#9705,.F.);
#9708=CARTESIAN_POINT('',(7.075E0,6.3E0,-5.445373864406E0));
#9709=DIRECTION('',(-5.E-1,0.E0,8.660254037844E-1));
#9710=DIRECTION('',(8.660254037844E-1,0.E0,5.E-1));
#9711=AXIS2_PLACEMENT_3D('',#9708,#9709,#9710);
#9712=PLANE('',#9711);
#9713=ORIENTED_EDGE('',*,*,#8145,.T.);
#9715=ORIENTED_EDGE('',*,*,#9714,.T.);
#9716=ORIENTED_EDGE('',*,*,#9592,.F.);
#9717=ORIENTED_EDGE('',*,*,#9701,.F.);
#9718=EDGE_LOOP('',(#9713,#9715,#9716,#9717));
#9719=FACE_OUTER_BOUND('',#9718,.F.);
#9721=CARTESIAN_POINT('',(7.35E0,6.3E0,-5.459807621135E0));
#9722=DIRECTION('',(0.E0,1.E0,0.E0));
#9723=DIRECTION('',(-1.E0,0.E0,0.E0));
#9724=AXIS2_PLACEMENT_3D('',#9721,#9722,#9723);
#9725=CYLINDRICAL_SURFACE('',#9724,1.5E-1);
#9726=ORIENTED_EDGE('',*,*,#8143,.T.);
#9728=ORIENTED_EDGE('',*,*,#9727,.T.);
#9729=ORIENTED_EDGE('',*,*,#9594,.F.);
#9730=ORIENTED_EDGE('',*,*,#9714,.F.);
#9731=EDGE_LOOP('',(#9726,#9728,#9729,#9730));
#9732=FACE_OUTER_BOUND('',#9731,.F.);
#9734=CARTESIAN_POINT('',(7.5E0,6.3E0,-5.459807621135E0));
#9735=DIRECTION('',(1.E0,0.E0,0.E0));
#9736=DIRECTION('',(0.E0,0.E0,-1.E0));
#9737=AXIS2_PLACEMENT_3D('',#9734,#9735,#9736);
#9738=PLANE('',#9737);
#9739=ORIENTED_EDGE('',*,*,#8141,.T.);
#9741=ORIENTED_EDGE('',*,*,#9740,.T.);
#9742=ORIENTED_EDGE('',*,*,#9596,.F.);
#9743=ORIENTED_EDGE('',*,*,#9727,.F.);
#9744=EDGE_LOOP('',(#9739,#9741,#9742,#9743));
#9745=FACE_OUTER_BOUND('',#9744,.F.);
#9747=CARTESIAN_POINT('',(7.35E0,6.3E0,-5.940192378865E0));
#9748=DIRECTION('',(0.E0,1.E0,0.E0));
#9749=DIRECTION('',(-1.E0,0.E0,0.E0));
#9750=AXIS2_PLACEMENT_3D('',#9747,#9748,#9749);
#9751=CYLINDRICAL_SURFACE('',#9750,1.5E-1);
#9752=ORIENTED_EDGE('',*,*,#8139,.T.);
#9754=ORIENTED_EDGE('',*,*,#9753,.T.);
#9755=ORIENTED_EDGE('',*,*,#9598,.F.);
#9756=ORIENTED_EDGE('',*,*,#9740,.F.);
#9757=EDGE_LOOP('',(#9752,#9754,#9755,#9756));
#9758=FACE_OUTER_BOUND('',#9757,.F.);
#9760=CARTESIAN_POINT('',(7.275E0,6.3E0,-6.070096189432E0));
#9761=DIRECTION('',(-5.E-1,0.E0,-8.660254037844E-1));
#9762=DIRECTION('',(-8.660254037844E-1,0.E0,5.E-1));
#9763=AXIS2_PLACEMENT_3D('',#9760,#9761,#9762);
#9764=PLANE('',#9763);
#9765=ORIENTED_EDGE('',*,*,#8137,.T.);
#9766=ORIENTED_EDGE('',*,*,#9555,.T.);
#9767=ORIENTED_EDGE('',*,*,#9600,.F.);
#9768=ORIENTED_EDGE('',*,*,#9753,.F.);
#9769=EDGE_LOOP('',(#9765,#9766,#9767,#9768));
#9770=FACE_OUTER_BOUND('',#9769,.F.);
#9772=CARTESIAN_POINT('',(-5.775E0,2.7E0,-8.2E0));
#9773=DIRECTION('',(-1.E0,0.E0,0.E0));
#9774=DIRECTION('',(0.E0,1.E0,0.E0));
#9775=AXIS2_PLACEMENT_3D('',#9772,#9773,#9774);
#9776=PLANE('',#9775);
#9778=ORIENTED_EDGE('',*,*,#9777,.F.);
#9780=ORIENTED_EDGE('',*,*,#9779,.T.);
#9782=ORIENTED_EDGE('',*,*,#9781,.T.);
#9784=ORIENTED_EDGE('',*,*,#9783,.T.);
#9785=ORIENTED_EDGE('',*,*,#6815,.F.);
#9786=ORIENTED_EDGE('',*,*,#6579,.T.);
#9787=EDGE_LOOP('',(#9778,#9780,#9782,#9784,#9785,#9786));
#9788=FACE_OUTER_BOUND('',#9787,.F.);
#9790=CARTESIAN_POINT('',(-4.725E0,-3.9083073E0,-8.2E0));
#9791=DIRECTION('',(0.E0,-1.736481776669E-1,9.848077530122E-1));
#9792=DIRECTION('',(0.E0,9.848077530122E-1,1.736481776669E-1));
#9793=AXIS2_PLACEMENT_3D('',#9790,#9791,#9792);
#9794=PLANE('',#9793);
#9795=ORIENTED_EDGE('',*,*,#9777,.T.);
#9796=ORIENTED_EDGE('',*,*,#6577,.F.);
#9798=ORIENTED_EDGE('',*,*,#9797,.T.);
#9800=ORIENTED_EDGE('',*,*,#9799,.T.);
#9801=EDGE_LOOP('',(#9795,#9796,#9798,#9800));
#9802=FACE_OUTER_BOUND('',#9801,.F.);
#9804=CARTESIAN_POINT('',(-4.725E0,2.7E0,-8.2E0));
#9805=DIRECTION('',(-1.E0,0.E0,0.E0));
#9806=DIRECTION('',(0.E0,1.E0,0.E0));
#9807=AXIS2_PLACEMENT_3D('',#9804,#9805,#9806);
#9808=PLANE('',#9807);
#9809=ORIENTED_EDGE('',*,*,#9797,.F.);
#9810=ORIENTED_EDGE('',*,*,#6575,.F.);
#9811=ORIENTED_EDGE('',*,*,#6819,.T.);
#9813=ORIENTED_EDGE('',*,*,#9812,.F.);
#9815=ORIENTED_EDGE('',*,*,#9814,.F.);
#9817=ORIENTED_EDGE('',*,*,#9816,.F.);
#9818=EDGE_LOOP('',(#9809,#9810,#9811,#9813,#9815,#9817));
#9819=FACE_OUTER_BOUND('',#9818,.F.);
#9821=CARTESIAN_POINT('',(-4.725E0,-1.063242112547E0,-7.349999822023E0));
#9822=DIRECTION('',(0.E0,-5.233595624294E-2,9.986295347546E-1));
#9823=DIRECTION('',(0.E0,9.986295347546E-1,5.233595624294E-2));
#9824=AXIS2_PLACEMENT_3D('',#9821,#9822,#9823);
#9825=PLANE('',#9824);
#9826=ORIENTED_EDGE('',*,*,#9812,.T.);
#9827=ORIENTED_EDGE('',*,*,#6817,.T.);
#9828=ORIENTED_EDGE('',*,*,#9783,.F.);
#9830=ORIENTED_EDGE('',*,*,#9829,.F.);
#9831=EDGE_LOOP('',(#9826,#9827,#9828,#9830));
#9832=FACE_OUTER_BOUND('',#9831,.F.);
#9834=CARTESIAN_POINT('',(-4.725E0,-2.7E0,-7.349999822023E0));
#9835=DIRECTION('',(0.E0,0.E0,1.E0));
#9836=DIRECTION('',(0.E0,1.E0,0.E0));
#9837=AXIS2_PLACEMENT_3D('',#9834,#9835,#9836);
#9838=PLANE('',#9837);
#9840=ORIENTED_EDGE('',*,*,#9839,.T.);
#9842=ORIENTED_EDGE('',*,*,#9841,.T.);
#9844=ORIENTED_EDGE('',*,*,#9843,.T.);
#9846=ORIENTED_EDGE('',*,*,#9845,.F.);
#9847=ORIENTED_EDGE('',*,*,#9814,.T.);
#9848=ORIENTED_EDGE('',*,*,#9829,.T.);
#9849=ORIENTED_EDGE('',*,*,#9781,.F.);
#9851=ORIENTED_EDGE('',*,*,#9850,.F.);
#9853=ORIENTED_EDGE('',*,*,#9852,.T.);
#9855=ORIENTED_EDGE('',*,*,#9854,.T.);
#9856=EDGE_LOOP('',(#9840,#9842,#9844,#9846,#9847,#9848,#9849,#9851,#9853,
#9855));
#9857=FACE_OUTER_BOUND('',#9856,.F.);
#9859=CARTESIAN_POINT('',(-5.25E0,-2.237090111945E0,-7.449999822023E0));
#9860=DIRECTION('',(0.E0,3.420201433257E-1,-9.396926207859E-1));
#9861=DIRECTION('',(0.E0,9.396926207859E-1,3.420201433257E-1));
#9862=AXIS2_PLACEMENT_3D('',#9859,#9860,#9861);
#9863=PLANE('',#9862);
#9865=ORIENTED_EDGE('',*,*,#9864,.F.);
#9867=ORIENTED_EDGE('',*,*,#9866,.T.);
#9869=ORIENTED_EDGE('',*,*,#9868,.F.);
#9871=ORIENTED_EDGE('',*,*,#9870,.T.);
#9872=ORIENTED_EDGE('',*,*,#9839,.F.);
#9874=ORIENTED_EDGE('',*,*,#9873,.T.);
#9875=EDGE_LOOP('',(#9865,#9867,#9869,#9871,#9872,#9874));
#9876=FACE_OUTER_BOUND('',#9875,.F.);
#9878=CARTESIAN_POINT('',(-1.088128370179E1,-3.078796E1,-7.449999822023E0));
#9879=DIRECTION('',(1.899126825887E-1,9.818009844118E-1,0.E0));
#9880=DIRECTION('',(-2.374715695957E-14,0.E0,-1.E0));
#9881=AXIS2_PLACEMENT_3D('',#9878,#9879,#9880);
#9882=CYLINDRICAL_SURFACE('',#9881,1.E-1);
#9883=ORIENTED_EDGE('',*,*,#9864,.T.);
#9885=ORIENTED_EDGE('',*,*,#9884,.T.);
#9887=ORIENTED_EDGE('',*,*,#9886,.F.);
#9889=ORIENTED_EDGE('',*,*,#9888,.T.);
#9891=ORIENTED_EDGE('',*,*,#9890,.T.);
#9892=EDGE_LOOP('',(#9883,#9885,#9887,#9889,#9891));
#9893=FACE_OUTER_BOUND('',#9892,.F.);
#9895=CARTESIAN_POINT('',(-5.513602994535E0,-2.511837893824E0,
-7.349999822023E0));
#9896=DIRECTION('',(-9.396926207859E-1,3.420201433257E-1,0.E0));
#9897=DIRECTION('',(3.420201433257E-1,9.396926207859E-1,0.E0));
#9898=AXIS2_PLACEMENT_3D('',#9895,#9896,#9897);
#9899=PLANE('',#9898);
#9900=ORIENTED_EDGE('',*,*,#9884,.F.);
#9901=ORIENTED_EDGE('',*,*,#9873,.F.);
#9902=ORIENTED_EDGE('',*,*,#9854,.F.);
#9904=ORIENTED_EDGE('',*,*,#9903,.T.);
#9905=EDGE_LOOP('',(#9900,#9901,#9902,#9904));
#9906=FACE_OUTER_BOUND('',#9905,.F.);
#9908=CARTESIAN_POINT('',(-5.54999975E0,-2.7E0,-7.349999822023E0));
#9909=DIRECTION('',(-9.818009844118E-1,1.899126825887E-1,0.E0));
#9910=DIRECTION('',(1.899126825887E-1,9.818009844118E-1,0.E0));
#9911=AXIS2_PLACEMENT_3D('',#9908,#9909,#9910);
#9912=PLANE('',#9911);
#9913=ORIENTED_EDGE('',*,*,#9886,.T.);
#9914=ORIENTED_EDGE('',*,*,#9903,.F.);
#9915=ORIENTED_EDGE('',*,*,#9852,.F.);
#9917=ORIENTED_EDGE('',*,*,#9916,.T.);
#9918=EDGE_LOOP('',(#9913,#9914,#9915,#9917));
#9919=FACE_OUTER_BOUND('',#9918,.F.);
#9921=CARTESIAN_POINT('',(-4.725E0,-2.7E0,-7.986942822023E0));
#9922=DIRECTION('',(0.E0,-1.E0,0.E0));
#9923=DIRECTION('',(0.E0,0.E0,1.E0));
#9924=AXIS2_PLACEMENT_3D('',#9921,#9922,#9923);
#9925=PLANE('',#9924);
#9927=ORIENTED_EDGE('',*,*,#9926,.T.);
#9929=ORIENTED_EDGE('',*,*,#9928,.F.);
#9931=ORIENTED_EDGE('',*,*,#9930,.F.);
#9932=ORIENTED_EDGE('',*,*,#9888,.F.);
#9933=ORIENTED_EDGE('',*,*,#9916,.F.);
#9934=ORIENTED_EDGE('',*,*,#9850,.T.);
#9935=ORIENTED_EDGE('',*,*,#9779,.F.);
#9936=ORIENTED_EDGE('',*,*,#9799,.F.);
#9937=ORIENTED_EDGE('',*,*,#9816,.T.);
#9938=ORIENTED_EDGE('',*,*,#9845,.T.);
#9939=EDGE_LOOP('',(#9927,#9929,#9931,#9932,#9933,#9934,#9935,#9936,#9937,
#9938));
#9940=FACE_OUTER_BOUND('',#9939,.F.);
#9942=CARTESIAN_POINT('',(-4.986397005465E0,-2.511837893824E0,
-7.349999822023E0));
#9943=DIRECTION('',(9.818009844118E-1,1.899126825887E-1,0.E0));
#9944=DIRECTION('',(1.899126825887E-1,-9.818009844118E-1,0.E0));
#9945=AXIS2_PLACEMENT_3D('',#9942,#9943,#9944);
#9946=PLANE('',#9945);
#9948=ORIENTED_EDGE('',*,*,#9947,.T.);
#9949=ORIENTED_EDGE('',*,*,#9926,.F.);
#9950=ORIENTED_EDGE('',*,*,#9843,.F.);
#9952=ORIENTED_EDGE('',*,*,#9951,.T.);
#9953=EDGE_LOOP('',(#9948,#9949,#9950,#9952));
#9954=FACE_OUTER_BOUND('',#9953,.F.);
#9956=CARTESIAN_POINT('',(-1.085251412091E1,2.728796E1,-7.449999822023E0));
#9957=DIRECTION('',(1.899126825887E-1,-9.818009844118E-1,0.E0));
#9958=DIRECTION('',(-1.712289284569E-14,0.E0,-1.E0));
#9959=AXIS2_PLACEMENT_3D('',#9956,#9957,#9958);
#9960=CYLINDRICAL_SURFACE('',#9959,1.E-1);
#9961=ORIENTED_EDGE('',*,*,#9947,.F.);
#9963=ORIENTED_EDGE('',*,*,#9962,.T.);
#9964=ORIENTED_EDGE('',*,*,#9868,.T.);
#9966=ORIENTED_EDGE('',*,*,#9965,.T.);
#9967=ORIENTED_EDGE('',*,*,#9928,.T.);
#9968=EDGE_LOOP('',(#9961,#9963,#9964,#9966,#9967));
#9969=FACE_OUTER_BOUND('',#9968,.F.);
#9971=CARTESIAN_POINT('',(-5.18639702E0,-1.96234237E0,-7.349999822023E0));
#9972=DIRECTION('',(9.396926207859E-1,3.420201433257E-1,0.E0));
#9973=DIRECTION('',(3.420201433257E-1,-9.396926207859E-1,0.E0));
#9974=AXIS2_PLACEMENT_3D('',#9971,#9972,#9973);
#9975=PLANE('',#9974);
#9976=ORIENTED_EDGE('',*,*,#9962,.F.);
#9977=ORIENTED_EDGE('',*,*,#9951,.F.);
#9978=ORIENTED_EDGE('',*,*,#9841,.F.);
#9979=ORIENTED_EDGE('',*,*,#9870,.F.);
#9980=EDGE_LOOP('',(#9976,#9977,#9978,#9979));
#9981=FACE_OUTER_BOUND('',#9980,.F.);
#9983=CARTESIAN_POINT('',(-4.725E0,2.7E0,-7.549999822023E0));
#9984=DIRECTION('',(0.E0,0.E0,-1.E0));
#9985=DIRECTION('',(1.E0,0.E0,0.E0));
#9986=AXIS2_PLACEMENT_3D('',#9983,#9984,#9985);
#9987=PLANE('',#9986);
#9988=ORIENTED_EDGE('',*,*,#9890,.F.);
#9989=ORIENTED_EDGE('',*,*,#9930,.T.);
#9990=ORIENTED_EDGE('',*,*,#9965,.F.);
#9991=ORIENTED_EDGE('',*,*,#9866,.F.);
#9992=EDGE_LOOP('',(#9988,#9989,#9990,#9991));
#9993=FACE_OUTER_BOUND('',#9992,.F.);
#9995=CARTESIAN_POINT('',(-3.85E0,4.E-1,-8.2E0));
#9996=DIRECTION('',(-1.E0,0.E0,0.E0));
#9997=DIRECTION('',(0.E0,0.E0,1.E0));
#9998=AXIS2_PLACEMENT_3D('',#9995,#9996,#9997);
#9999=PLANE('',#9998);
#10000=ORIENTED_EDGE('',*,*,#6672,.F.);
#10001=ORIENTED_EDGE('',*,*,#6712,.F.);
#10002=ORIENTED_EDGE('',*,*,#6567,.F.);
#10003=EDGE_LOOP('',(#10000,#10001,#10002));
#10004=FACE_OUTER_BOUND('',#10003,.F.);
#10006=CARTESIAN_POINT('',(5.7E0,-6.3E0,-4.35E0));
#10007=DIRECTION('',(1.E0,0.E0,0.E0));
#10008=DIRECTION('',(0.E0,0.E0,1.E0));
#10009=AXIS2_PLACEMENT_3D('',#10006,#10007,#10008);
#10010=PLANE('',#10009);
#10012=ORIENTED_EDGE('',*,*,#10011,.T.);
#10014=ORIENTED_EDGE('',*,*,#10013,.T.);
#10016=ORIENTED_EDGE('',*,*,#10015,.F.);
#10017=ORIENTED_EDGE('',*,*,#6519,.F.);
#10018=EDGE_LOOP('',(#10012,#10014,#10016,#10017));
#10019=FACE_OUTER_BOUND('',#10018,.F.);
#10021=CARTESIAN_POINT('',(4.8E0,-6.3E0,-4.35E0));
#10022=DIRECTION('',(0.E0,0.E0,-1.E0));
#10023=DIRECTION('',(1.E0,0.E0,0.E0));
#10024=AXIS2_PLACEMENT_3D('',#10021,#10022,#10023);
#10025=PLANE('',#10024);
#10026=ORIENTED_EDGE('',*,*,#10011,.F.);
#10027=ORIENTED_EDGE('',*,*,#6525,.F.);
#10029=ORIENTED_EDGE('',*,*,#10028,.T.);
#10031=ORIENTED_EDGE('',*,*,#10030,.T.);
#10032=EDGE_LOOP('',(#10026,#10027,#10029,#10031));
#10033=FACE_OUTER_BOUND('',#10032,.F.);
#10035=CARTESIAN_POINT('',(4.8E0,-6.3E0,-3.85E0));
#10036=DIRECTION('',(-1.E0,0.E0,0.E0));
#10037=DIRECTION('',(0.E0,0.E0,-1.E0));
#10038=AXIS2_PLACEMENT_3D('',#10035,#10036,#10037);
#10039=PLANE('',#10038);
#10041=ORIENTED_EDGE('',*,*,#10040,.T.);
#10043=ORIENTED_EDGE('',*,*,#10042,.T.);
#10044=ORIENTED_EDGE('',*,*,#10028,.F.);
#10045=ORIENTED_EDGE('',*,*,#6523,.F.);
#10046=EDGE_LOOP('',(#10041,#10043,#10044,#10045));
#10047=FACE_OUTER_BOUND('',#10046,.F.);
#10049=CARTESIAN_POINT('',(5.7E0,-6.3E0,-3.85E0));
#10050=DIRECTION('',(0.E0,0.E0,1.E0));
#10051=DIRECTION('',(-1.E0,0.E0,0.E0));
#10052=AXIS2_PLACEMENT_3D('',#10049,#10050,#10051);
#10053=PLANE('',#10052);
#10054=ORIENTED_EDGE('',*,*,#10015,.T.);
#10056=ORIENTED_EDGE('',*,*,#10055,.T.);
#10057=ORIENTED_EDGE('',*,*,#10040,.F.);
#10058=ORIENTED_EDGE('',*,*,#6521,.F.);
#10059=EDGE_LOOP('',(#10054,#10056,#10057,#10058));
#10060=FACE_OUTER_BOUND('',#10059,.F.);
#10062=CARTESIAN_POINT('',(7.E0,-9.8E0,0.E0));
#10063=DIRECTION('',(0.E0,-1.E0,0.E0));
#10064=DIRECTION('',(-1.E0,0.E0,0.E0));
#10065=AXIS2_PLACEMENT_3D('',#10062,#10063,#10064);
#10066=PLANE('',#10065);
#10067=ORIENTED_EDGE('',*,*,#10013,.F.);
#10068=ORIENTED_EDGE('',*,*,#10030,.F.);
#10069=ORIENTED_EDGE('',*,*,#10042,.F.);
#10070=ORIENTED_EDGE('',*,*,#10055,.F.);
#10071=EDGE_LOOP('',(#10067,#10068,#10069,#10070));
#10072=FACE_OUTER_BOUND('',#10071,.F.);
#10074=CARTESIAN_POINT('',(2.2E0,-6.3E0,-4.35E0));
#10075=DIRECTION('',(1.E0,0.E0,0.E0));
#10076=DIRECTION('',(0.E0,0.E0,1.E0));
#10077=AXIS2_PLACEMENT_3D('',#10074,#10075,#10076);
#10078=PLANE('',#10077);
#10080=ORIENTED_EDGE('',*,*,#10079,.T.);
#10082=ORIENTED_EDGE('',*,*,#10081,.T.);
#10084=ORIENTED_EDGE('',*,*,#10083,.F.);
#10085=ORIENTED_EDGE('',*,*,#6529,.F.);
#10086=EDGE_LOOP('',(#10080,#10082,#10084,#10085));
#10087=FACE_OUTER_BOUND('',#10086,.F.);
#10089=CARTESIAN_POINT('',(1.3E0,-6.3E0,-4.35E0));
#10090=DIRECTION('',(0.E0,0.E0,-1.E0));
#10091=DIRECTION('',(1.E0,0.E0,0.E0));
#10092=AXIS2_PLACEMENT_3D('',#10089,#10090,#10091);
#10093=PLANE('',#10092);
#10094=ORIENTED_EDGE('',*,*,#10079,.F.);
#10095=ORIENTED_EDGE('',*,*,#6535,.F.);
#10097=ORIENTED_EDGE('',*,*,#10096,.T.);
#10099=ORIENTED_EDGE('',*,*,#10098,.T.);
#10100=EDGE_LOOP('',(#10094,#10095,#10097,#10099));
#10101=FACE_OUTER_BOUND('',#10100,.F.);
#10103=CARTESIAN_POINT('',(1.3E0,-6.3E0,-3.85E0));
#10104=DIRECTION('',(-1.E0,0.E0,0.E0));
#10105=DIRECTION('',(0.E0,0.E0,-1.E0));
#10106=AXIS2_PLACEMENT_3D('',#10103,#10104,#10105);
#10107=PLANE('',#10106);
#10109=ORIENTED_EDGE('',*,*,#10108,.T.);
#10111=ORIENTED_EDGE('',*,*,#10110,.T.);
#10112=ORIENTED_EDGE('',*,*,#10096,.F.);
#10113=ORIENTED_EDGE('',*,*,#6533,.F.);
#10114=EDGE_LOOP('',(#10109,#10111,#10112,#10113));
#10115=FACE_OUTER_BOUND('',#10114,.F.);
#10117=CARTESIAN_POINT('',(2.2E0,-6.3E0,-3.85E0));
#10118=DIRECTION('',(0.E0,0.E0,1.E0));
#10119=DIRECTION('',(-1.E0,0.E0,0.E0));
#10120=AXIS2_PLACEMENT_3D('',#10117,#10118,#10119);
#10121=PLANE('',#10120);
#10122=ORIENTED_EDGE('',*,*,#10083,.T.);
#10124=ORIENTED_EDGE('',*,*,#10123,.T.);
#10125=ORIENTED_EDGE('',*,*,#10108,.F.);
#10126=ORIENTED_EDGE('',*,*,#6531,.F.);
#10127=EDGE_LOOP('',(#10122,#10124,#10125,#10126));
#10128=FACE_OUTER_BOUND('',#10127,.F.);
#10130=CARTESIAN_POINT('',(3.5E0,-9.8E0,0.E0));
#10131=DIRECTION('',(0.E0,-1.E0,0.E0));
#10132=DIRECTION('',(-1.E0,0.E0,0.E0));
#10133=AXIS2_PLACEMENT_3D('',#10130,#10131,#10132);
#10134=PLANE('',#10133);
#10135=ORIENTED_EDGE('',*,*,#10081,.F.);
#10136=ORIENTED_EDGE('',*,*,#10098,.F.);
#10137=ORIENTED_EDGE('',*,*,#10110,.F.);
#10138=ORIENTED_EDGE('',*,*,#10123,.F.);
#10139=EDGE_LOOP('',(#10135,#10136,#10137,#10138));
#10140=FACE_OUTER_BOUND('',#10139,.F.);
#10142=CARTESIAN_POINT('',(-1.3E0,-6.3E0,-4.35E0));
#10143=DIRECTION('',(1.E0,0.E0,0.E0));
#10144=DIRECTION('',(0.E0,0.E0,1.E0));
#10145=AXIS2_PLACEMENT_3D('',#10142,#10143,#10144);
#10146=PLANE('',#10145);
#10148=ORIENTED_EDGE('',*,*,#10147,.T.);
#10150=ORIENTED_EDGE('',*,*,#10149,.T.);
#10152=ORIENTED_EDGE('',*,*,#10151,.F.);
#10153=ORIENTED_EDGE('',*,*,#6539,.F.);
#10154=EDGE_LOOP('',(#10148,#10150,#10152,#10153));
#10155=FACE_OUTER_BOUND('',#10154,.F.);
#10157=CARTESIAN_POINT('',(-2.2E0,-6.3E0,-4.35E0));
#10158=DIRECTION('',(0.E0,0.E0,-1.E0));
#10159=DIRECTION('',(1.E0,0.E0,0.E0));
#10160=AXIS2_PLACEMENT_3D('',#10157,#10158,#10159);
#10161=PLANE('',#10160);
#10162=ORIENTED_EDGE('',*,*,#10147,.F.);
#10163=ORIENTED_EDGE('',*,*,#6545,.F.);
#10165=ORIENTED_EDGE('',*,*,#10164,.T.);
#10167=ORIENTED_EDGE('',*,*,#10166,.T.);
#10168=EDGE_LOOP('',(#10162,#10163,#10165,#10167));
#10169=FACE_OUTER_BOUND('',#10168,.F.);
#10171=CARTESIAN_POINT('',(-2.2E0,-6.3E0,-3.85E0));
#10172=DIRECTION('',(-1.E0,0.E0,0.E0));
#10173=DIRECTION('',(0.E0,0.E0,-1.E0));
#10174=AXIS2_PLACEMENT_3D('',#10171,#10172,#10173);
#10175=PLANE('',#10174);
#10177=ORIENTED_EDGE('',*,*,#10176,.T.);
#10179=ORIENTED_EDGE('',*,*,#10178,.T.);
#10180=ORIENTED_EDGE('',*,*,#10164,.F.);
#10181=ORIENTED_EDGE('',*,*,#6543,.F.);
#10182=EDGE_LOOP('',(#10177,#10179,#10180,#10181));
#10183=FACE_OUTER_BOUND('',#10182,.F.);
#10185=CARTESIAN_POINT('',(-1.3E0,-6.3E0,-3.85E0));
#10186=DIRECTION('',(0.E0,0.E0,1.E0));
#10187=DIRECTION('',(-1.E0,0.E0,0.E0));
#10188=AXIS2_PLACEMENT_3D('',#10185,#10186,#10187);
#10189=PLANE('',#10188);
#10190=ORIENTED_EDGE('',*,*,#10151,.T.);
#10192=ORIENTED_EDGE('',*,*,#10191,.T.);
#10193=ORIENTED_EDGE('',*,*,#10176,.F.);
#10194=ORIENTED_EDGE('',*,*,#6541,.F.);
#10195=EDGE_LOOP('',(#10190,#10192,#10193,#10194));
#10196=FACE_OUTER_BOUND('',#10195,.F.);
#10198=CARTESIAN_POINT('',(0.E0,-9.8E0,0.E0));
#10199=DIRECTION('',(0.E0,-1.E0,0.E0));
#10200=DIRECTION('',(-1.E0,0.E0,0.E0));
#10201=AXIS2_PLACEMENT_3D('',#10198,#10199,#10200);
#10202=PLANE('',#10201);
#10203=ORIENTED_EDGE('',*,*,#10149,.F.);
#10204=ORIENTED_EDGE('',*,*,#10166,.F.);
#10205=ORIENTED_EDGE('',*,*,#10178,.F.);
#10206=ORIENTED_EDGE('',*,*,#10191,.F.);
#10207=EDGE_LOOP('',(#10203,#10204,#10205,#10206));
#10208=FACE_OUTER_BOUND('',#10207,.F.);
#10210=CARTESIAN_POINT('',(-4.8E0,-6.3E0,-4.35E0));
#10211=DIRECTION('',(1.E0,0.E0,0.E0));
#10212=DIRECTION('',(0.E0,0.E0,1.E0));
#10213=AXIS2_PLACEMENT_3D('',#10210,#10211,#10212);
#10214=PLANE('',#10213);
#10216=ORIENTED_EDGE('',*,*,#10215,.T.);
#10218=ORIENTED_EDGE('',*,*,#10217,.T.);
#10220=ORIENTED_EDGE('',*,*,#10219,.F.);
#10221=ORIENTED_EDGE('',*,*,#6549,.F.);
#10222=EDGE_LOOP('',(#10216,#10218,#10220,#10221));
#10223=FACE_OUTER_BOUND('',#10222,.F.);
#10225=CARTESIAN_POINT('',(-5.7E0,-6.3E0,-4.35E0));
#10226=DIRECTION('',(0.E0,0.E0,-1.E0));
#10227=DIRECTION('',(1.E0,0.E0,0.E0));
#10228=AXIS2_PLACEMENT_3D('',#10225,#10226,#10227);
#10229=PLANE('',#10228);
#10230=ORIENTED_EDGE('',*,*,#10215,.F.);
#10231=ORIENTED_EDGE('',*,*,#6555,.F.);
#10233=ORIENTED_EDGE('',*,*,#10232,.T.);
#10235=ORIENTED_EDGE('',*,*,#10234,.T.);
#10236=EDGE_LOOP('',(#10230,#10231,#10233,#10235));
#10237=FACE_OUTER_BOUND('',#10236,.F.);
#10239=CARTESIAN_POINT('',(-5.7E0,-6.3E0,-3.85E0));
#10240=DIRECTION('',(-1.E0,0.E0,0.E0));
#10241=DIRECTION('',(0.E0,0.E0,-1.E0));
#10242=AXIS2_PLACEMENT_3D('',#10239,#10240,#10241);
#10243=PLANE('',#10242);
#10245=ORIENTED_EDGE('',*,*,#10244,.T.);
#10247=ORIENTED_EDGE('',*,*,#10246,.T.);
#10248=ORIENTED_EDGE('',*,*,#10232,.F.);
#10249=ORIENTED_EDGE('',*,*,#6553,.F.);
#10250=EDGE_LOOP('',(#10245,#10247,#10248,#10249));
#10251=FACE_OUTER_BOUND('',#10250,.F.);
#10253=CARTESIAN_POINT('',(-4.8E0,-6.3E0,-3.85E0));
#10254=DIRECTION('',(0.E0,0.E0,1.E0));
#10255=DIRECTION('',(-1.E0,0.E0,0.E0));
#10256=AXIS2_PLACEMENT_3D('',#10253,#10254,#10255);
#10257=PLANE('',#10256);
#10258=ORIENTED_EDGE('',*,*,#10219,.T.);
#10260=ORIENTED_EDGE('',*,*,#10259,.T.);
#10261=ORIENTED_EDGE('',*,*,#10244,.F.);
#10262=ORIENTED_EDGE('',*,*,#6551,.F.);
#10263=EDGE_LOOP('',(#10258,#10260,#10261,#10262));
#10264=FACE_OUTER_BOUND('',#10263,.F.);
#10266=CARTESIAN_POINT('',(-3.5E0,-9.8E0,0.E0));
#10267=DIRECTION('',(0.E0,-1.E0,0.E0));
#10268=DIRECTION('',(-1.E0,0.E0,0.E0));
#10269=AXIS2_PLACEMENT_3D('',#10266,#10267,#10268);
#10270=PLANE('',#10269);
#10271=ORIENTED_EDGE('',*,*,#10217,.F.);
#10272=ORIENTED_EDGE('',*,*,#10234,.F.);
#10273=ORIENTED_EDGE('',*,*,#10246,.F.);
#10274=ORIENTED_EDGE('',*,*,#10259,.F.);
#10275=EDGE_LOOP('',(#10271,#10272,#10273,#10274));
#10276=FACE_OUTER_BOUND('',#10275,.F.);
#10278=CARTESIAN_POINT('',(2.315428571429E1,-2.25E0,0.E0));
#10279=DIRECTION('',(0.E0,0.E0,1.E0));
#10280=DIRECTION('',(1.E0,0.E0,0.E0));
#10281=AXIS2_PLACEMENT_3D('',#10278,#10279,#10280);
#10282=CYLINDRICAL_SURFACE('',#10281,1.940178571429E1);
#10284=ORIENTED_EDGE('',*,*,#10283,.T.);
#10286=ORIENTED_EDGE('',*,*,#10285,.T.);
#10288=ORIENTED_EDGE('',*,*,#10287,.T.);
#10290=ORIENTED_EDGE('',*,*,#10289,.T.);
#10292=ORIENTED_EDGE('',*,*,#10291,.T.);
#10294=ORIENTED_EDGE('',*,*,#10293,.T.);
#10295=ORIENTED_EDGE('',*,*,#6465,.F.);
#10297=ORIENTED_EDGE('',*,*,#10296,.T.);
#10299=ORIENTED_EDGE('',*,*,#10298,.F.);
#10301=ORIENTED_EDGE('',*,*,#10300,.T.);
#10303=ORIENTED_EDGE('',*,*,#10302,.T.);
#10304=EDGE_LOOP('',(#10284,#10286,#10288,#10290,#10292,#10294,#10295,#10297,
#10299,#10301,#10303));
#10305=FACE_OUTER_BOUND('',#10304,.F.);
#10307=CARTESIAN_POINT('',(4.7525E0,-6.3E0,-5.316463834486E-1));
#10308=DIRECTION('',(0.E0,-1.E0,0.E0));
#10309=DIRECTION('',(1.E0,0.E0,0.E0));
#10310=AXIS2_PLACEMENT_3D('',#10307,#10308,#10309);
#10311=CYLINDRICAL_SURFACE('',#10310,1.E0);
#10312=ORIENTED_EDGE('',*,*,#10283,.F.);
#10314=ORIENTED_EDGE('',*,*,#10313,.T.);
#10316=ORIENTED_EDGE('',*,*,#10315,.F.);
#10318=ORIENTED_EDGE('',*,*,#10317,.F.);
#10320=ORIENTED_EDGE('',*,*,#10319,.F.);
#10322=ORIENTED_EDGE('',*,*,#10321,.F.);
#10323=ORIENTED_EDGE('',*,*,#10285,.F.);
#10324=EDGE_LOOP('',(#10312,#10314,#10316,#10318,#10320,#10322,#10323));
#10325=FACE_OUTER_BOUND('',#10324,.F.);
#10327=CARTESIAN_POINT('',(3.65E0,6.323207872101E-2,-8.595960196153E-1));
#10328=DIRECTION('',(0.E0,-5.661603936051E-1,8.242950980765E-1));
#10329=DIRECTION('',(0.E0,-8.242950980765E-1,-5.661603936051E-1));
#10330=AXIS2_PLACEMENT_3D('',#10327,#10328,#10329);
#10331=PLANE('',#10330);
#10333=ORIENTED_EDGE('',*,*,#10332,.F.);
#10334=ORIENTED_EDGE('',*,*,#10313,.F.);
#10335=ORIENTED_EDGE('',*,*,#10302,.F.);
#10337=ORIENTED_EDGE('',*,*,#10336,.T.);
#10339=ORIENTED_EDGE('',*,*,#10338,.F.);
#10341=ORIENTED_EDGE('',*,*,#10340,.F.);
#10342=EDGE_LOOP('',(#10333,#10334,#10335,#10337,#10339,#10341));
#10343=FACE_OUTER_BOUND('',#10342,.F.);
#10345=CARTESIAN_POINT('',(3.65E0,-3.5E-1,-1.75E0));
#10346=DIRECTION('',(1.E0,0.E0,0.E0));
#10347=DIRECTION('',(0.E0,0.E0,-1.E0));
#10348=AXIS2_PLACEMENT_3D('',#10345,#10346,#10347);
#10349=CYLINDRICAL_SURFACE('',#10348,5.E-1);
#10351=ORIENTED_EDGE('',*,*,#10350,.F.);
#10353=ORIENTED_EDGE('',*,*,#10352,.T.);
#10354=ORIENTED_EDGE('',*,*,#10315,.T.);
#10355=ORIENTED_EDGE('',*,*,#10332,.T.);
#10357=ORIENTED_EDGE('',*,*,#10356,.T.);
#10359=ORIENTED_EDGE('',*,*,#10358,.T.);
#10360=EDGE_LOOP('',(#10351,#10353,#10354,#10355,#10357,#10359));
#10361=FACE_OUTER_BOUND('',#10360,.F.);
#10363=CARTESIAN_POINT('',(7.E0,0.E0,-1.75E0));
#10364=DIRECTION('',(0.E0,0.E0,1.E0));
#10365=DIRECTION('',(1.E0,0.E0,0.E0));
#10366=AXIS2_PLACEMENT_3D('',#10363,#10364,#10365);
#10367=PLANE('',#10366);
#10368=ORIENTED_EDGE('',*,*,#10350,.T.);
#10370=ORIENTED_EDGE('',*,*,#10369,.T.);
#10372=ORIENTED_EDGE('',*,*,#10371,.F.);
#10374=ORIENTED_EDGE('',*,*,#10373,.F.);
#10375=EDGE_LOOP('',(#10368,#10370,#10372,#10374));
#10376=FACE_OUTER_BOUND('',#10375,.F.);
#10378=CARTESIAN_POINT('',(6.62249398E0,-6.3E0,-1.75E0));
#10379=DIRECTION('',(0.E0,-1.E0,0.E0));
#10380=DIRECTION('',(1.E0,0.E0,0.E0));
#10381=AXIS2_PLACEMENT_3D('',#10378,#10379,#10380);
#10382=CYLINDRICAL_SURFACE('',#10381,5.E-1);
#10383=ORIENTED_EDGE('',*,*,#10369,.F.);
#10384=ORIENTED_EDGE('',*,*,#10358,.F.);
#10386=ORIENTED_EDGE('',*,*,#10385,.F.);
#10388=ORIENTED_EDGE('',*,*,#10387,.F.);
#10389=EDGE_LOOP('',(#10383,#10384,#10386,#10388));
#10390=FACE_OUTER_BOUND('',#10389,.F.);
#10392=CARTESIAN_POINT('',(5.7475E0,-6.3E0,-5.316463834486E-1));
#10393=DIRECTION('',(0.E0,-1.E0,0.E0));
#10394=DIRECTION('',(1.E0,0.E0,0.E0));
#10395=AXIS2_PLACEMENT_3D('',#10392,#10393,#10394);
#10396=CYLINDRICAL_SURFACE('',#10395,1.E0);
#10398=ORIENTED_EDGE('',*,*,#10397,.F.);
#10400=ORIENTED_EDGE('',*,*,#10399,.F.);
#10402=ORIENTED_EDGE('',*,*,#10401,.F.);
#10403=ORIENTED_EDGE('',*,*,#10385,.T.);
#10404=ORIENTED_EDGE('',*,*,#10356,.F.);
#10405=ORIENTED_EDGE('',*,*,#10340,.T.);
#10407=ORIENTED_EDGE('',*,*,#10406,.F.);
#10408=EDGE_LOOP('',(#10398,#10400,#10402,#10403,#10404,#10405,#10407));
#10409=FACE_OUTER_BOUND('',#10408,.F.);
#10411=CARTESIAN_POINT('',(-1.265428571429E1,-2.25E0,0.E0));
#10412=DIRECTION('',(0.E0,0.E0,1.E0));
#10413=DIRECTION('',(1.E0,0.E0,0.E0));
#10414=AXIS2_PLACEMENT_3D('',#10411,#10412,#10413);
#10415=CYLINDRICAL_SURFACE('',#10414,1.940178571429E1);
#10416=ORIENTED_EDGE('',*,*,#10338,.T.);
#10418=ORIENTED_EDGE('',*,*,#10417,.T.);
#10420=ORIENTED_EDGE('',*,*,#10419,.T.);
#10422=ORIENTED_EDGE('',*,*,#10421,.T.);
#10423=ORIENTED_EDGE('',*,*,#6469,.F.);
#10425=ORIENTED_EDGE('',*,*,#10424,.T.);
#10427=ORIENTED_EDGE('',*,*,#10426,.F.);
#10429=ORIENTED_EDGE('',*,*,#10428,.T.);
#10431=ORIENTED_EDGE('',*,*,#10430,.T.);
#10432=ORIENTED_EDGE('',*,*,#10397,.T.);
#10433=ORIENTED_EDGE('',*,*,#10406,.T.);
#10434=EDGE_LOOP('',(#10416,#10418,#10420,#10422,#10423,#10425,#10427,#10429,
#10431,#10432,#10433));
#10435=FACE_OUTER_BOUND('',#10434,.F.);
#10437=CARTESIAN_POINT('',(3.65E0,-5.E-2,-6.94737E-1));
#10438=DIRECTION('',(1.E0,0.E0,0.E0));
#10439=DIRECTION('',(0.E0,0.E0,-1.E0));
#10440=AXIS2_PLACEMENT_3D('',#10437,#10438,#10439);
#10441=CYLINDRICAL_SURFACE('',#10440,2.E-1);
#10442=ORIENTED_EDGE('',*,*,#10300,.F.);
#10444=ORIENTED_EDGE('',*,*,#10443,.T.);
#10445=ORIENTED_EDGE('',*,*,#10417,.F.);
#10446=ORIENTED_EDGE('',*,*,#10336,.F.);
#10447=EDGE_LOOP('',(#10442,#10444,#10445,#10446));
#10448=FACE_OUTER_BOUND('',#10447,.F.);
#10450=CARTESIAN_POINT('',(3.65E0,1.5E-1,-2.E-1));
#10451=DIRECTION('',(0.E0,-1.E0,0.E0));
#10452=DIRECTION('',(0.E0,0.E0,-1.E0));
#10453=AXIS2_PLACEMENT_3D('',#10450,#10451,#10452);
#10454=PLANE('',#10453);
#10455=ORIENTED_EDGE('',*,*,#10298,.T.);
#10457=ORIENTED_EDGE('',*,*,#10456,.T.);
#10458=ORIENTED_EDGE('',*,*,#10419,.F.);
#10459=ORIENTED_EDGE('',*,*,#10443,.F.);
#10460=EDGE_LOOP('',(#10455,#10457,#10458,#10459));
#10461=FACE_OUTER_BOUND('',#10460,.F.);
#10463=CARTESIAN_POINT('',(3.65E0,3.5E-1,-2.E-1));
#10464=DIRECTION('',(1.E0,0.E0,0.E0));
#10465=DIRECTION('',(0.E0,0.E0,-1.E0));
#10466=AXIS2_PLACEMENT_3D('',#10463,#10464,#10465);
#10467=CYLINDRICAL_SURFACE('',#10466,2.E-1);
#10468=ORIENTED_EDGE('',*,*,#6471,.T.);
#10469=ORIENTED_EDGE('',*,*,#10421,.F.);
#10470=ORIENTED_EDGE('',*,*,#10456,.F.);
#10471=ORIENTED_EDGE('',*,*,#10296,.F.);
#10472=EDGE_LOOP('',(#10468,#10469,#10470,#10471));
#10473=FACE_OUTER_BOUND('',#10472,.F.);
#10475=CARTESIAN_POINT('',(3.65E0,-4.85E0,-2.E-1));
#10476=DIRECTION('',(1.E0,0.E0,0.E0));
#10477=DIRECTION('',(0.E0,0.E0,-1.E0));
#10478=AXIS2_PLACEMENT_3D('',#10475,#10476,#10477);
#10479=CYLINDRICAL_SURFACE('',#10478,2.E-1);
#10480=ORIENTED_EDGE('',*,*,#6467,.F.);
#10481=ORIENTED_EDGE('',*,*,#10293,.F.);
#10483=ORIENTED_EDGE('',*,*,#10482,.T.);
#10484=ORIENTED_EDGE('',*,*,#10424,.F.);
#10485=EDGE_LOOP('',(#10480,#10481,#10483,#10484));
#10486=FACE_OUTER_BOUND('',#10485,.F.);
#10488=CARTESIAN_POINT('',(3.65E0,-4.65E0,-6.94737E-1));
#10489=DIRECTION('',(0.E0,1.E0,0.E0));
#10490=DIRECTION('',(0.E0,0.E0,1.E0));
#10491=AXIS2_PLACEMENT_3D('',#10488,#10489,#10490);
#10492=PLANE('',#10491);
#10493=ORIENTED_EDGE('',*,*,#10291,.F.);
#10495=ORIENTED_EDGE('',*,*,#10494,.T.);
#10496=ORIENTED_EDGE('',*,*,#10426,.T.);
#10497=ORIENTED_EDGE('',*,*,#10482,.F.);
#10498=EDGE_LOOP('',(#10493,#10495,#10496,#10497));
#10499=FACE_OUTER_BOUND('',#10498,.F.);
#10501=CARTESIAN_POINT('',(3.65E0,-4.45E0,-6.94737E-1));
#10502=DIRECTION('',(1.E0,0.E0,0.E0));
#10503=DIRECTION('',(0.E0,0.E0,-1.E0));
#10504=AXIS2_PLACEMENT_3D('',#10501,#10502,#10503);
#10505=CYLINDRICAL_SURFACE('',#10504,2.E-1);
#10506=ORIENTED_EDGE('',*,*,#10289,.F.);
#10508=ORIENTED_EDGE('',*,*,#10507,.T.);
#10509=ORIENTED_EDGE('',*,*,#10428,.F.);
#10510=ORIENTED_EDGE('',*,*,#10494,.F.);
#10511=EDGE_LOOP('',(#10506,#10508,#10509,#10510));
#10512=FACE_OUTER_BOUND('',#10511,.F.);
#10514=CARTESIAN_POINT('',(3.65E0,-3.866919803197E0,-1.337852450962E0));
#10515=DIRECTION('',(0.E0,5.661603936051E-1,8.242950980765E-1));
#10516=DIRECTION('',(0.E0,-8.242950980765E-1,5.661603936051E-1));
#10517=AXIS2_PLACEMENT_3D('',#10514,#10515,#10516);
#10518=PLANE('',#10517);
#10520=ORIENTED_EDGE('',*,*,#10519,.T.);
#10521=ORIENTED_EDGE('',*,*,#10399,.T.);
#10522=ORIENTED_EDGE('',*,*,#10430,.F.);
#10523=ORIENTED_EDGE('',*,*,#10507,.F.);
#10524=ORIENTED_EDGE('',*,*,#10287,.F.);
#10525=ORIENTED_EDGE('',*,*,#10321,.T.);
#10526=EDGE_LOOP('',(#10520,#10521,#10522,#10523,#10524,#10525));
#10527=FACE_OUTER_BOUND('',#10526,.F.);
#10529=CARTESIAN_POINT('',(3.65E0,-4.15E0,-1.75E0));
#10530=DIRECTION('',(1.E0,0.E0,0.E0));
#10531=DIRECTION('',(0.E0,0.E0,-1.E0));
#10532=AXIS2_PLACEMENT_3D('',#10529,#10530,#10531);
#10533=CYLINDRICAL_SURFACE('',#10532,5.E-1);
#10534=ORIENTED_EDGE('',*,*,#10371,.T.);
#10535=ORIENTED_EDGE('',*,*,#10387,.T.);
#10536=ORIENTED_EDGE('',*,*,#10401,.T.);
#10537=ORIENTED_EDGE('',*,*,#10519,.F.);
#10538=ORIENTED_EDGE('',*,*,#10319,.T.);
#10540=ORIENTED_EDGE('',*,*,#10539,.T.);
#10541=EDGE_LOOP('',(#10534,#10535,#10536,#10537,#10538,#10540));
#10542=FACE_OUTER_BOUND('',#10541,.F.);
#10544=CARTESIAN_POINT('',(3.87750602E0,-6.3E0,-1.75E0));
#10545=DIRECTION('',(0.E0,-1.E0,0.E0));
#10546=DIRECTION('',(1.E0,0.E0,0.E0));
#10547=AXIS2_PLACEMENT_3D('',#10544,#10545,#10546);
#10548=CYLINDRICAL_SURFACE('',#10547,5.E-1);
#10549=ORIENTED_EDGE('',*,*,#10373,.T.);
#10550=ORIENTED_EDGE('',*,*,#10539,.F.);
#10551=ORIENTED_EDGE('',*,*,#10317,.T.);
#10552=ORIENTED_EDGE('',*,*,#10352,.F.);
#10553=EDGE_LOOP('',(#10549,#10550,#10551,#10552));
#10554=FACE_OUTER_BOUND('',#10553,.F.);
#10556=CARTESIAN_POINT('',(1.965428571429E1,-2.25E0,0.E0));
#10557=DIRECTION('',(0.E0,0.E0,1.E0));
#10558=DIRECTION('',(1.E0,0.E0,0.E0));
#10559=AXIS2_PLACEMENT_3D('',#10556,#10557,#10558);
#10560=CYLINDRICAL_SURFACE('',#10559,1.940178571429E1);
#10562=ORIENTED_EDGE('',*,*,#10561,.T.);
#10564=ORIENTED_EDGE('',*,*,#10563,.T.);
#10566=ORIENTED_EDGE('',*,*,#10565,.T.);
#10568=ORIENTED_EDGE('',*,*,#10567,.T.);
#10570=ORIENTED_EDGE('',*,*,#10569,.T.);
#10572=ORIENTED_EDGE('',*,*,#10571,.T.);
#10573=ORIENTED_EDGE('',*,*,#6475,.F.);
#10575=ORIENTED_EDGE('',*,*,#10574,.T.);
#10577=ORIENTED_EDGE('',*,*,#10576,.F.);
#10579=ORIENTED_EDGE('',*,*,#10578,.T.);
#10581=ORIENTED_EDGE('',*,*,#10580,.T.);
#10582=EDGE_LOOP('',(#10562,#10564,#10566,#10568,#10570,#10572,#10573,#10575,
#10577,#10579,#10581));
#10583=FACE_OUTER_BOUND('',#10582,.F.);
#10585=CARTESIAN_POINT('',(1.2525E0,-6.3E0,-5.316463834486E-1));
#10586=DIRECTION('',(0.E0,-1.E0,0.E0));
#10587=DIRECTION('',(1.E0,0.E0,0.E0));
#10588=AXIS2_PLACEMENT_3D('',#10585,#10586,#10587);
#10589=CYLINDRICAL_SURFACE('',#10588,1.E0);
#10591=ORIENTED_EDGE('',*,*,#10590,.F.);
#10593=ORIENTED_EDGE('',*,*,#10592,.F.);
#10595=ORIENTED_EDGE('',*,*,#10594,.F.);
#10596=ORIENTED_EDGE('',*,*,#10563,.F.);
#10597=ORIENTED_EDGE('',*,*,#10561,.F.);
#10599=ORIENTED_EDGE('',*,*,#10598,.T.);
#10601=ORIENTED_EDGE('',*,*,#10600,.F.);
#10602=EDGE_LOOP('',(#10591,#10593,#10595,#10596,#10597,#10599,#10601));
#10603=FACE_OUTER_BOUND('',#10602,.F.);
#10605=CARTESIAN_POINT('',(3.7750602E-1,-6.3E0,-1.75E0));
#10606=DIRECTION('',(0.E0,-1.E0,0.E0));
#10607=DIRECTION('',(1.E0,0.E0,0.E0));
#10608=AXIS2_PLACEMENT_3D('',#10605,#10606,#10607);
#10609=CYLINDRICAL_SURFACE('',#10608,5.E-1);
#10610=ORIENTED_EDGE('',*,*,#10590,.T.);
#10612=ORIENTED_EDGE('',*,*,#10611,.F.);
#10614=ORIENTED_EDGE('',*,*,#10613,.T.);
#10616=ORIENTED_EDGE('',*,*,#10615,.F.);
#10617=EDGE_LOOP('',(#10610,#10612,#10614,#10616));
#10618=FACE_OUTER_BOUND('',#10617,.F.);
#10620=CARTESIAN_POINT('',(1.5E-1,-3.5E-1,-1.75E0));
#10621=DIRECTION('',(1.E0,0.E0,0.E0));
#10622=DIRECTION('',(0.E0,0.E0,-1.E0));
#10623=AXIS2_PLACEMENT_3D('',#10620,#10621,#10622);
#10624=CYLINDRICAL_SURFACE('',#10623,5.E-1);
#10625=ORIENTED_EDGE('',*,*,#10611,.T.);
#10626=ORIENTED_EDGE('',*,*,#10600,.T.);
#10628=ORIENTED_EDGE('',*,*,#10627,.T.);
#10630=ORIENTED_EDGE('',*,*,#10629,.T.);
#10632=ORIENTED_EDGE('',*,*,#10631,.T.);
#10634=ORIENTED_EDGE('',*,*,#10633,.F.);
#10635=EDGE_LOOP('',(#10625,#10626,#10628,#10630,#10632,#10634));
#10636=FACE_OUTER_BOUND('',#10635,.F.);
#10638=CARTESIAN_POINT('',(1.5E-1,6.323207872101E-2,-8.595960196153E-1));
#10639=DIRECTION('',(0.E0,-5.661603936051E-1,8.242950980765E-1));
#10640=DIRECTION('',(0.E0,-8.242950980765E-1,-5.661603936051E-1));
#10641=AXIS2_PLACEMENT_3D('',#10638,#10639,#10640);
#10642=PLANE('',#10641);
#10643=ORIENTED_EDGE('',*,*,#10598,.F.);
#10644=ORIENTED_EDGE('',*,*,#10580,.F.);
#10646=ORIENTED_EDGE('',*,*,#10645,.T.);
#10648=ORIENTED_EDGE('',*,*,#10647,.F.);
#10650=ORIENTED_EDGE('',*,*,#10649,.F.);
#10651=ORIENTED_EDGE('',*,*,#10627,.F.);
#10652=EDGE_LOOP('',(#10643,#10644,#10646,#10648,#10650,#10651));
#10653=FACE_OUTER_BOUND('',#10652,.F.);
#10655=CARTESIAN_POINT('',(1.5E-1,-5.E-2,-6.94737E-1));
#10656=DIRECTION('',(1.E0,0.E0,0.E0));
#10657=DIRECTION('',(0.E0,0.E0,-1.E0));
#10658=AXIS2_PLACEMENT_3D('',#10655,#10656,#10657);
#10659=CYLINDRICAL_SURFACE('',#10658,2.E-1);
#10660=ORIENTED_EDGE('',*,*,#10645,.F.);
#10661=ORIENTED_EDGE('',*,*,#10578,.F.);
#10663=ORIENTED_EDGE('',*,*,#10662,.T.);
#10665=ORIENTED_EDGE('',*,*,#10664,.F.);
#10666=EDGE_LOOP('',(#10660,#10661,#10663,#10665));
#10667=FACE_OUTER_BOUND('',#10666,.F.);
#10669=CARTESIAN_POINT('',(1.5E-1,1.5E-1,-2.E-1));
#10670=DIRECTION('',(0.E0,-1.E0,0.E0));
#10671=DIRECTION('',(0.E0,0.E0,-1.E0));
#10672=AXIS2_PLACEMENT_3D('',#10669,#10670,#10671);
#10673=PLANE('',#10672);
#10675=ORIENTED_EDGE('',*,*,#10674,.T.);
#10677=ORIENTED_EDGE('',*,*,#10676,.F.);
#10678=ORIENTED_EDGE('',*,*,#10662,.F.);
#10679=ORIENTED_EDGE('',*,*,#10576,.T.);
#10680=EDGE_LOOP('',(#10675,#10677,#10678,#10679));
#10681=FACE_OUTER_BOUND('',#10680,.F.);
#10683=CARTESIAN_POINT('',(1.5E-1,3.5E-1,-2.E-1));
#10684=DIRECTION('',(1.E0,0.E0,0.E0));
#10685=DIRECTION('',(0.E0,0.E0,-1.E0));
#10686=AXIS2_PLACEMENT_3D('',#10683,#10684,#10685);
#10687=CYLINDRICAL_SURFACE('',#10686,2.E-1);
#10688=ORIENTED_EDGE('',*,*,#10674,.F.);
#10689=ORIENTED_EDGE('',*,*,#10574,.F.);
#10690=ORIENTED_EDGE('',*,*,#6481,.T.);
#10692=ORIENTED_EDGE('',*,*,#10691,.F.);
#10693=EDGE_LOOP('',(#10688,#10689,#10690,#10692));
#10694=FACE_OUTER_BOUND('',#10693,.F.);
#10696=CARTESIAN_POINT('',(-1.615428571429E1,-2.25E0,0.E0));
#10697=DIRECTION('',(0.E0,0.E0,1.E0));
#10698=DIRECTION('',(1.E0,0.E0,0.E0));
#10699=AXIS2_PLACEMENT_3D('',#10696,#10697,#10698);
#10700=CYLINDRICAL_SURFACE('',#10699,1.940178571429E1);
#10702=ORIENTED_EDGE('',*,*,#10701,.T.);
#10704=ORIENTED_EDGE('',*,*,#10703,.T.);
#10705=ORIENTED_EDGE('',*,*,#10647,.T.);
#10706=ORIENTED_EDGE('',*,*,#10664,.T.);
#10707=ORIENTED_EDGE('',*,*,#10676,.T.);
#10708=ORIENTED_EDGE('',*,*,#10691,.T.);
#10709=ORIENTED_EDGE('',*,*,#6479,.F.);
#10711=ORIENTED_EDGE('',*,*,#10710,.T.);
#10713=ORIENTED_EDGE('',*,*,#10712,.F.);
#10715=ORIENTED_EDGE('',*,*,#10714,.T.);
#10717=ORIENTED_EDGE('',*,*,#10716,.T.);
#10718=EDGE_LOOP('',(#10702,#10704,#10705,#10706,#10707,#10708,#10709,#10711,
#10713,#10715,#10717));
#10719=FACE_OUTER_BOUND('',#10718,.F.);
#10721=CARTESIAN_POINT('',(2.2475E0,-6.3E0,-5.316463834486E-1));
#10722=DIRECTION('',(0.E0,-1.E0,0.E0));
#10723=DIRECTION('',(1.E0,0.E0,0.E0));
#10724=AXIS2_PLACEMENT_3D('',#10721,#10722,#10723);
#10725=CYLINDRICAL_SURFACE('',#10724,1.E0);
#10727=ORIENTED_EDGE('',*,*,#10726,.T.);
#10728=ORIENTED_EDGE('',*,*,#10629,.F.);
#10729=ORIENTED_EDGE('',*,*,#10649,.T.);
#10730=ORIENTED_EDGE('',*,*,#10703,.F.);
#10731=ORIENTED_EDGE('',*,*,#10701,.F.);
#10733=ORIENTED_EDGE('',*,*,#10732,.F.);
#10735=ORIENTED_EDGE('',*,*,#10734,.F.);
#10736=EDGE_LOOP('',(#10727,#10728,#10729,#10730,#10731,#10733,#10735));
#10737=FACE_OUTER_BOUND('',#10736,.F.);
#10739=CARTESIAN_POINT('',(3.12249398E0,-6.3E0,-1.75E0));
#10740=DIRECTION('',(0.E0,-1.E0,0.E0));
#10741=DIRECTION('',(1.E0,0.E0,0.E0));
#10742=AXIS2_PLACEMENT_3D('',#10739,#10740,#10741);
#10743=CYLINDRICAL_SURFACE('',#10742,5.E-1);
#10744=ORIENTED_EDGE('',*,*,#10726,.F.);
#10746=ORIENTED_EDGE('',*,*,#10745,.F.);
#10748=ORIENTED_EDGE('',*,*,#10747,.F.);
#10749=ORIENTED_EDGE('',*,*,#10631,.F.);
#10750=EDGE_LOOP('',(#10744,#10746,#10748,#10749));
#10751=FACE_OUTER_BOUND('',#10750,.F.);
#10753=CARTESIAN_POINT('',(1.5E-1,-4.15E0,-1.75E0));
#10754=DIRECTION('',(1.E0,0.E0,0.E0));
#10755=DIRECTION('',(0.E0,0.E0,-1.E0));
#10756=AXIS2_PLACEMENT_3D('',#10753,#10754,#10755);
#10757=CYLINDRICAL_SURFACE('',#10756,5.E-1);
#10758=ORIENTED_EDGE('',*,*,#10615,.T.);
#10760=ORIENTED_EDGE('',*,*,#10759,.T.);
#10761=ORIENTED_EDGE('',*,*,#10745,.T.);
#10762=ORIENTED_EDGE('',*,*,#10734,.T.);
#10764=ORIENTED_EDGE('',*,*,#10763,.F.);
#10765=ORIENTED_EDGE('',*,*,#10592,.T.);
#10766=EDGE_LOOP('',(#10758,#10760,#10761,#10762,#10764,#10765));
#10767=FACE_OUTER_BOUND('',#10766,.F.);
#10769=CARTESIAN_POINT('',(3.5E0,0.E0,-1.75E0));
#10770=DIRECTION('',(0.E0,0.E0,1.E0));
#10771=DIRECTION('',(1.E0,0.E0,0.E0));
#10772=AXIS2_PLACEMENT_3D('',#10769,#10770,#10771);
#10773=PLANE('',#10772);
#10774=ORIENTED_EDGE('',*,*,#10613,.F.);
#10775=ORIENTED_EDGE('',*,*,#10633,.T.);
#10776=ORIENTED_EDGE('',*,*,#10747,.T.);
#10777=ORIENTED_EDGE('',*,*,#10759,.F.);
#10778=EDGE_LOOP('',(#10774,#10775,#10776,#10777));
#10779=FACE_OUTER_BOUND('',#10778,.F.);
#10781=CARTESIAN_POINT('',(1.5E-1,-3.866919803197E0,-1.337852450962E0));
#10782=DIRECTION('',(0.E0,5.661603936051E-1,8.242950980765E-1));
#10783=DIRECTION('',(0.E0,-8.242950980765E-1,5.661603936051E-1));
#10784=AXIS2_PLACEMENT_3D('',#10781,#10782,#10783);
#10785=PLANE('',#10784);
#10786=ORIENTED_EDGE('',*,*,#10594,.T.);
#10787=ORIENTED_EDGE('',*,*,#10763,.T.);
#10788=ORIENTED_EDGE('',*,*,#10732,.T.);
#10789=ORIENTED_EDGE('',*,*,#10716,.F.);
#10791=ORIENTED_EDGE('',*,*,#10790,.F.);
#10792=ORIENTED_EDGE('',*,*,#10565,.F.);
#10793=EDGE_LOOP('',(#10786,#10787,#10788,#10789,#10791,#10792));
#10794=FACE_OUTER_BOUND('',#10793,.F.);
#10796=CARTESIAN_POINT('',(1.5E-1,-4.45E0,-6.94737E-1));
#10797=DIRECTION('',(1.E0,0.E0,0.E0));
#10798=DIRECTION('',(0.E0,0.E0,-1.E0));
#10799=AXIS2_PLACEMENT_3D('',#10796,#10797,#10798);
#10800=CYLINDRICAL_SURFACE('',#10799,2.E-1);
#10802=ORIENTED_EDGE('',*,*,#10801,.F.);
#10803=ORIENTED_EDGE('',*,*,#10567,.F.);
#10804=ORIENTED_EDGE('',*,*,#10790,.T.);
#10805=ORIENTED_EDGE('',*,*,#10714,.F.);
#10806=EDGE_LOOP('',(#10802,#10803,#10804,#10805));
#10807=FACE_OUTER_BOUND('',#10806,.F.);
#10809=CARTESIAN_POINT('',(1.5E-1,-4.65E0,-6.94737E-1));
#10810=DIRECTION('',(0.E0,1.E0,0.E0));
#10811=DIRECTION('',(0.E0,0.E0,1.E0));
#10812=AXIS2_PLACEMENT_3D('',#10809,#10810,#10811);
#10813=PLANE('',#10812);
#10814=ORIENTED_EDGE('',*,*,#10801,.T.);
#10815=ORIENTED_EDGE('',*,*,#10712,.T.);
#10817=ORIENTED_EDGE('',*,*,#10816,.F.);
#10818=ORIENTED_EDGE('',*,*,#10569,.F.);
#10819=EDGE_LOOP('',(#10814,#10815,#10817,#10818));
#10820=FACE_OUTER_BOUND('',#10819,.F.);
#10822=CARTESIAN_POINT('',(1.5E-1,-4.85E0,-2.E-1));
#10823=DIRECTION('',(1.E0,0.E0,0.E0));
#10824=DIRECTION('',(0.E0,0.E0,-1.E0));
#10825=AXIS2_PLACEMENT_3D('',#10822,#10823,#10824);
#10826=CYLINDRICAL_SURFACE('',#10825,2.E-1);
#10827=ORIENTED_EDGE('',*,*,#10816,.T.);
#10828=ORIENTED_EDGE('',*,*,#10710,.F.);
#10829=ORIENTED_EDGE('',*,*,#6477,.F.);
#10830=ORIENTED_EDGE('',*,*,#10571,.F.);
#10831=EDGE_LOOP('',(#10827,#10828,#10829,#10830));
#10832=FACE_OUTER_BOUND('',#10831,.F.);
#10834=CARTESIAN_POINT('',(1.615428571429E1,-2.25E0,0.E0));
#10835=DIRECTION('',(0.E0,0.E0,1.E0));
#10836=DIRECTION('',(1.E0,0.E0,0.E0));
#10837=AXIS2_PLACEMENT_3D('',#10834,#10835,#10836);
#10838=CYLINDRICAL_SURFACE('',#10837,1.940178571429E1);
#10840=ORIENTED_EDGE('',*,*,#10839,.T.);
#10842=ORIENTED_EDGE('',*,*,#10841,.T.);
#10844=ORIENTED_EDGE('',*,*,#10843,.T.);
#10846=ORIENTED_EDGE('',*,*,#10845,.T.);
#10848=ORIENTED_EDGE('',*,*,#10847,.T.);
#10850=ORIENTED_EDGE('',*,*,#10849,.T.);
#10851=ORIENTED_EDGE('',*,*,#6485,.F.);
#10853=ORIENTED_EDGE('',*,*,#10852,.T.);
#10855=ORIENTED_EDGE('',*,*,#10854,.F.);
#10857=ORIENTED_EDGE('',*,*,#10856,.T.);
#10859=ORIENTED_EDGE('',*,*,#10858,.T.);
#10860=EDGE_LOOP('',(#10840,#10842,#10844,#10846,#10848,#10850,#10851,#10853,
#10855,#10857,#10859));
#10861=FACE_OUTER_BOUND('',#10860,.F.);
#10863=CARTESIAN_POINT('',(-2.2475E0,-6.3E0,-5.316463834486E-1));
#10864=DIRECTION('',(0.E0,-1.E0,0.E0));
#10865=DIRECTION('',(1.E0,0.E0,0.E0));
#10866=AXIS2_PLACEMENT_3D('',#10863,#10864,#10865);
#10867=CYLINDRICAL_SURFACE('',#10866,1.E0);
#10869=ORIENTED_EDGE('',*,*,#10868,.F.);
#10871=ORIENTED_EDGE('',*,*,#10870,.F.);
#10873=ORIENTED_EDGE('',*,*,#10872,.F.);
#10874=ORIENTED_EDGE('',*,*,#10841,.F.);
#10875=ORIENTED_EDGE('',*,*,#10839,.F.);
#10877=ORIENTED_EDGE('',*,*,#10876,.T.);
#10879=ORIENTED_EDGE('',*,*,#10878,.F.);
#10880=EDGE_LOOP('',(#10869,#10871,#10873,#10874,#10875,#10877,#10879));
#10881=FACE_OUTER_BOUND('',#10880,.F.);
#10883=CARTESIAN_POINT('',(-3.12249398E0,-6.3E0,-1.75E0));
#10884=DIRECTION('',(0.E0,-1.E0,0.E0));
#10885=DIRECTION('',(1.E0,0.E0,0.E0));
#10886=AXIS2_PLACEMENT_3D('',#10883,#10884,#10885);
#10887=CYLINDRICAL_SURFACE('',#10886,5.E-1);
#10888=ORIENTED_EDGE('',*,*,#10868,.T.);
#10890=ORIENTED_EDGE('',*,*,#10889,.F.);
#10892=ORIENTED_EDGE('',*,*,#10891,.T.);
#10894=ORIENTED_EDGE('',*,*,#10893,.F.);
#10895=EDGE_LOOP('',(#10888,#10890,#10892,#10894));
#10896=FACE_OUTER_BOUND('',#10895,.F.);
#10898=CARTESIAN_POINT('',(-3.35E0,-3.5E-1,-1.75E0));
#10899=DIRECTION('',(1.E0,0.E0,0.E0));
#10900=DIRECTION('',(0.E0,0.E0,-1.E0));
#10901=AXIS2_PLACEMENT_3D('',#10898,#10899,#10900);
#10902=CYLINDRICAL_SURFACE('',#10901,5.E-1);
#10903=ORIENTED_EDGE('',*,*,#10889,.T.);
#10904=ORIENTED_EDGE('',*,*,#10878,.T.);
#10906=ORIENTED_EDGE('',*,*,#10905,.T.);
#10908=ORIENTED_EDGE('',*,*,#10907,.T.);
#10910=ORIENTED_EDGE('',*,*,#10909,.T.);
#10912=ORIENTED_EDGE('',*,*,#10911,.F.);
#10913=EDGE_LOOP('',(#10903,#10904,#10906,#10908,#10910,#10912));
#10914=FACE_OUTER_BOUND('',#10913,.F.);
#10916=CARTESIAN_POINT('',(-3.35E0,6.323207872101E-2,-8.595960196153E-1));
#10917=DIRECTION('',(0.E0,-5.661603936051E-1,8.242950980765E-1));
#10918=DIRECTION('',(0.E0,-8.242950980765E-1,-5.661603936051E-1));
#10919=AXIS2_PLACEMENT_3D('',#10916,#10917,#10918);
#10920=PLANE('',#10919);
#10921=ORIENTED_EDGE('',*,*,#10876,.F.);
#10922=ORIENTED_EDGE('',*,*,#10858,.F.);
#10924=ORIENTED_EDGE('',*,*,#10923,.T.);
#10926=ORIENTED_EDGE('',*,*,#10925,.F.);
#10928=ORIENTED_EDGE('',*,*,#10927,.F.);
#10929=ORIENTED_EDGE('',*,*,#10905,.F.);
#10930=EDGE_LOOP('',(#10921,#10922,#10924,#10926,#10928,#10929));
#10931=FACE_OUTER_BOUND('',#10930,.F.);
#10933=CARTESIAN_POINT('',(-3.35E0,-5.E-2,-6.94737E-1));
#10934=DIRECTION('',(1.E0,0.E0,0.E0));
#10935=DIRECTION('',(0.E0,0.E0,-1.E0));
#10936=AXIS2_PLACEMENT_3D('',#10933,#10934,#10935);
#10937=CYLINDRICAL_SURFACE('',#10936,2.E-1);
#10938=ORIENTED_EDGE('',*,*,#10923,.F.);
#10939=ORIENTED_EDGE('',*,*,#10856,.F.);
#10941=ORIENTED_EDGE('',*,*,#10940,.T.);
#10943=ORIENTED_EDGE('',*,*,#10942,.F.);
#10944=EDGE_LOOP('',(#10938,#10939,#10941,#10943));
#10945=FACE_OUTER_BOUND('',#10944,.F.);
#10947=CARTESIAN_POINT('',(-3.35E0,1.5E-1,-2.E-1));
#10948=DIRECTION('',(0.E0,-1.E0,0.E0));
#10949=DIRECTION('',(0.E0,0.E0,-1.E0));
#10950=AXIS2_PLACEMENT_3D('',#10947,#10948,#10949);
#10951=PLANE('',#10950);
#10953=ORIENTED_EDGE('',*,*,#10952,.T.);
#10955=ORIENTED_EDGE('',*,*,#10954,.F.);
#10956=ORIENTED_EDGE('',*,*,#10940,.F.);
#10957=ORIENTED_EDGE('',*,*,#10854,.T.);
#10958=EDGE_LOOP('',(#10953,#10955,#10956,#10957));
#10959=FACE_OUTER_BOUND('',#10958,.F.);
#10961=CARTESIAN_POINT('',(-3.35E0,3.5E-1,-2.E-1));
#10962=DIRECTION('',(1.E0,0.E0,0.E0));
#10963=DIRECTION('',(0.E0,0.E0,-1.E0));
#10964=AXIS2_PLACEMENT_3D('',#10961,#10962,#10963);
#10965=CYLINDRICAL_SURFACE('',#10964,2.E-1);
#10966=ORIENTED_EDGE('',*,*,#10952,.F.);
#10967=ORIENTED_EDGE('',*,*,#10852,.F.);
#10968=ORIENTED_EDGE('',*,*,#6491,.T.);
#10970=ORIENTED_EDGE('',*,*,#10969,.F.);
#10971=EDGE_LOOP('',(#10966,#10967,#10968,#10970));
#10972=FACE_OUTER_BOUND('',#10971,.F.);
#10974=CARTESIAN_POINT('',(-1.965428571429E1,-2.25E0,0.E0));
#10975=DIRECTION('',(0.E0,0.E0,1.E0));
#10976=DIRECTION('',(1.E0,0.E0,0.E0));
#10977=AXIS2_PLACEMENT_3D('',#10974,#10975,#10976);
#10978=CYLINDRICAL_SURFACE('',#10977,1.940178571429E1);
#10980=ORIENTED_EDGE('',*,*,#10979,.T.);
#10982=ORIENTED_EDGE('',*,*,#10981,.T.);
#10983=ORIENTED_EDGE('',*,*,#10925,.T.);
#10984=ORIENTED_EDGE('',*,*,#10942,.T.);
#10985=ORIENTED_EDGE('',*,*,#10954,.T.);
#10986=ORIENTED_EDGE('',*,*,#10969,.T.);
#10987=ORIENTED_EDGE('',*,*,#6489,.F.);
#10989=ORIENTED_EDGE('',*,*,#10988,.T.);
#10991=ORIENTED_EDGE('',*,*,#10990,.F.);
#10993=ORIENTED_EDGE('',*,*,#10992,.T.);
#10995=ORIENTED_EDGE('',*,*,#10994,.T.);
#10996=EDGE_LOOP('',(#10980,#10982,#10983,#10984,#10985,#10986,#10987,#10989,
#10991,#10993,#10995));
#10997=FACE_OUTER_BOUND('',#10996,.F.);
#10999=CARTESIAN_POINT('',(-1.2525E0,-6.3E0,-5.316463834486E-1));
#11000=DIRECTION('',(0.E0,-1.E0,0.E0));
#11001=DIRECTION('',(1.E0,0.E0,0.E0));
#11002=AXIS2_PLACEMENT_3D('',#10999,#11000,#11001);
#11003=CYLINDRICAL_SURFACE('',#11002,1.E0);
#11005=ORIENTED_EDGE('',*,*,#11004,.T.);
#11006=ORIENTED_EDGE('',*,*,#10907,.F.);
#11007=ORIENTED_EDGE('',*,*,#10927,.T.);
#11008=ORIENTED_EDGE('',*,*,#10981,.F.);
#11009=ORIENTED_EDGE('',*,*,#10979,.F.);
#11011=ORIENTED_EDGE('',*,*,#11010,.F.);
#11013=ORIENTED_EDGE('',*,*,#11012,.F.);
#11014=EDGE_LOOP('',(#11005,#11006,#11007,#11008,#11009,#11011,#11013));
#11015=FACE_OUTER_BOUND('',#11014,.F.);
#11017=CARTESIAN_POINT('',(-3.7750602E-1,-6.3E0,-1.75E0));
#11018=DIRECTION('',(0.E0,-1.E0,0.E0));
#11019=DIRECTION('',(1.E0,0.E0,0.E0));
#11020=AXIS2_PLACEMENT_3D('',#11017,#11018,#11019);
#11021=CYLINDRICAL_SURFACE('',#11020,5.E-1);
#11022=ORIENTED_EDGE('',*,*,#11004,.F.);
#11024=ORIENTED_EDGE('',*,*,#11023,.F.);
#11026=ORIENTED_EDGE('',*,*,#11025,.F.);
#11027=ORIENTED_EDGE('',*,*,#10909,.F.);
#11028=EDGE_LOOP('',(#11022,#11024,#11026,#11027));
#11029=FACE_OUTER_BOUND('',#11028,.F.);
#11031=CARTESIAN_POINT('',(-3.35E0,-4.15E0,-1.75E0));
#11032=DIRECTION('',(1.E0,0.E0,0.E0));
#11033=DIRECTION('',(0.E0,0.E0,-1.E0));
#11034=AXIS2_PLACEMENT_3D('',#11031,#11032,#11033);
#11035=CYLINDRICAL_SURFACE('',#11034,5.E-1);
#11036=ORIENTED_EDGE('',*,*,#10893,.T.);
#11038=ORIENTED_EDGE('',*,*,#11037,.T.);
#11039=ORIENTED_EDGE('',*,*,#11023,.T.);
#11040=ORIENTED_EDGE('',*,*,#11012,.T.);
#11042=ORIENTED_EDGE('',*,*,#11041,.F.);
#11043=ORIENTED_EDGE('',*,*,#10870,.T.);
#11044=EDGE_LOOP('',(#11036,#11038,#11039,#11040,#11042,#11043));
#11045=FACE_OUTER_BOUND('',#11044,.F.);
#11047=CARTESIAN_POINT('',(0.E0,0.E0,-1.75E0));
#11048=DIRECTION('',(0.E0,0.E0,1.E0));
#11049=DIRECTION('',(1.E0,0.E0,0.E0));
#11050=AXIS2_PLACEMENT_3D('',#11047,#11048,#11049);
#11051=PLANE('',#11050);
#11052=ORIENTED_EDGE('',*,*,#10891,.F.);
#11053=ORIENTED_EDGE('',*,*,#10911,.T.);
#11054=ORIENTED_EDGE('',*,*,#11025,.T.);
#11055=ORIENTED_EDGE('',*,*,#11037,.F.);
#11056=EDGE_LOOP('',(#11052,#11053,#11054,#11055));
#11057=FACE_OUTER_BOUND('',#11056,.F.);
#11059=CARTESIAN_POINT('',(-3.35E0,-3.866919803197E0,-1.337852450962E0));
#11060=DIRECTION('',(0.E0,5.661603936051E-1,8.242950980765E-1));
#11061=DIRECTION('',(0.E0,-8.242950980765E-1,5.661603936051E-1));
#11062=AXIS2_PLACEMENT_3D('',#11059,#11060,#11061);
#11063=PLANE('',#11062);
#11064=ORIENTED_EDGE('',*,*,#10872,.T.);
#11065=ORIENTED_EDGE('',*,*,#11041,.T.);
#11066=ORIENTED_EDGE('',*,*,#11010,.T.);
#11067=ORIENTED_EDGE('',*,*,#10994,.F.);
#11069=ORIENTED_EDGE('',*,*,#11068,.F.);
#11070=ORIENTED_EDGE('',*,*,#10843,.F.);
#11071=EDGE_LOOP('',(#11064,#11065,#11066,#11067,#11069,#11070));
#11072=FACE_OUTER_BOUND('',#11071,.F.);
#11074=CARTESIAN_POINT('',(-3.35E0,-4.45E0,-6.94737E-1));
#11075=DIRECTION('',(1.E0,0.E0,0.E0));
#11076=DIRECTION('',(0.E0,0.E0,-1.E0));
#11077=AXIS2_PLACEMENT_3D('',#11074,#11075,#11076);
#11078=CYLINDRICAL_SURFACE('',#11077,2.E-1);
#11080=ORIENTED_EDGE('',*,*,#11079,.F.);
#11081=ORIENTED_EDGE('',*,*,#10845,.F.);
#11082=ORIENTED_EDGE('',*,*,#11068,.T.);
#11083=ORIENTED_EDGE('',*,*,#10992,.F.);
#11084=EDGE_LOOP('',(#11080,#11081,#11082,#11083));
#11085=FACE_OUTER_BOUND('',#11084,.F.);
#11087=CARTESIAN_POINT('',(-3.35E0,-4.65E0,-6.94737E-1));
#11088=DIRECTION('',(0.E0,1.E0,0.E0));
#11089=DIRECTION('',(0.E0,0.E0,1.E0));
#11090=AXIS2_PLACEMENT_3D('',#11087,#11088,#11089);
#11091=PLANE('',#11090);
#11092=ORIENTED_EDGE('',*,*,#11079,.T.);
#11093=ORIENTED_EDGE('',*,*,#10990,.T.);
#11095=ORIENTED_EDGE('',*,*,#11094,.F.);
#11096=ORIENTED_EDGE('',*,*,#10847,.F.);
#11097=EDGE_LOOP('',(#11092,#11093,#11095,#11096));
#11098=FACE_OUTER_BOUND('',#11097,.F.);
#11100=CARTESIAN_POINT('',(-3.35E0,-4.85E0,-2.E-1));
#11101=DIRECTION('',(1.E0,0.E0,0.E0));
#11102=DIRECTION('',(0.E0,0.E0,-1.E0));
#11103=AXIS2_PLACEMENT_3D('',#11100,#11101,#11102);
#11104=CYLINDRICAL_SURFACE('',#11103,2.E-1);
#11105=ORIENTED_EDGE('',*,*,#11094,.T.);
#11106=ORIENTED_EDGE('',*,*,#10988,.F.);
#11107=ORIENTED_EDGE('',*,*,#6487,.F.);
#11108=ORIENTED_EDGE('',*,*,#10849,.F.);
#11109=EDGE_LOOP('',(#11105,#11106,#11107,#11108));
#11110=FACE_OUTER_BOUND('',#11109,.F.);
#11112=CARTESIAN_POINT('',(1.265428571429E1,-2.25E0,0.E0));
#11113=DIRECTION('',(0.E0,0.E0,1.E0));
#11114=DIRECTION('',(1.E0,0.E0,0.E0));
#11115=AXIS2_PLACEMENT_3D('',#11112,#11113,#11114);
#11116=CYLINDRICAL_SURFACE('',#11115,1.940178571429E1);
#11118=ORIENTED_EDGE('',*,*,#11117,.T.);
#11120=ORIENTED_EDGE('',*,*,#11119,.T.);
#11122=ORIENTED_EDGE('',*,*,#11121,.T.);
#11124=ORIENTED_EDGE('',*,*,#11123,.T.);
#11126=ORIENTED_EDGE('',*,*,#11125,.T.);
#11128=ORIENTED_EDGE('',*,*,#11127,.T.);
#11129=ORIENTED_EDGE('',*,*,#6495,.F.);
#11131=ORIENTED_EDGE('',*,*,#11130,.T.);
#11133=ORIENTED_EDGE('',*,*,#11132,.F.);
#11135=ORIENTED_EDGE('',*,*,#11134,.T.);
#11137=ORIENTED_EDGE('',*,*,#11136,.T.);
#11138=EDGE_LOOP('',(#11118,#11120,#11122,#11124,#11126,#11128,#11129,#11131,
#11133,#11135,#11137));
#11139=FACE_OUTER_BOUND('',#11138,.F.);
#11141=CARTESIAN_POINT('',(-5.7475E0,-6.3E0,-5.316463834486E-1));
#11142=DIRECTION('',(0.E0,-1.E0,0.E0));
#11143=DIRECTION('',(1.E0,0.E0,0.E0));
#11144=AXIS2_PLACEMENT_3D('',#11141,#11142,#11143);
#11145=CYLINDRICAL_SURFACE('',#11144,1.E0);
#11147=ORIENTED_EDGE('',*,*,#11146,.F.);
#11149=ORIENTED_EDGE('',*,*,#11148,.F.);
#11151=ORIENTED_EDGE('',*,*,#11150,.F.);
#11152=ORIENTED_EDGE('',*,*,#11119,.F.);
#11153=ORIENTED_EDGE('',*,*,#11117,.F.);
#11155=ORIENTED_EDGE('',*,*,#11154,.T.);
#11157=ORIENTED_EDGE('',*,*,#11156,.F.);
#11158=EDGE_LOOP('',(#11147,#11149,#11151,#11152,#11153,#11155,#11157));
#11159=FACE_OUTER_BOUND('',#11158,.F.);
#11161=CARTESIAN_POINT('',(-6.62249398E0,-6.3E0,-1.75E0));
#11162=DIRECTION('',(0.E0,-1.E0,0.E0));
#11163=DIRECTION('',(1.E0,0.E0,0.E0));
#11164=AXIS2_PLACEMENT_3D('',#11161,#11162,#11163);
#11165=CYLINDRICAL_SURFACE('',#11164,5.E-1);
#11166=ORIENTED_EDGE('',*,*,#11146,.T.);
#11168=ORIENTED_EDGE('',*,*,#11167,.F.);
#11170=ORIENTED_EDGE('',*,*,#11169,.T.);
#11172=ORIENTED_EDGE('',*,*,#11171,.F.);
#11173=EDGE_LOOP('',(#11166,#11168,#11170,#11172));
#11174=FACE_OUTER_BOUND('',#11173,.F.);
#11176=CARTESIAN_POINT('',(-6.85E0,-3.5E-1,-1.75E0));
#11177=DIRECTION('',(1.E0,0.E0,0.E0));
#11178=DIRECTION('',(0.E0,0.E0,-1.E0));
#11179=AXIS2_PLACEMENT_3D('',#11176,#11177,#11178);
#11180=CYLINDRICAL_SURFACE('',#11179,5.E-1);
#11181=ORIENTED_EDGE('',*,*,#11167,.T.);
#11182=ORIENTED_EDGE('',*,*,#11156,.T.);
#11184=ORIENTED_EDGE('',*,*,#11183,.T.);
#11186=ORIENTED_EDGE('',*,*,#11185,.T.);
#11188=ORIENTED_EDGE('',*,*,#11187,.T.);
#11190=ORIENTED_EDGE('',*,*,#11189,.F.);
#11191=EDGE_LOOP('',(#11181,#11182,#11184,#11186,#11188,#11190));
#11192=FACE_OUTER_BOUND('',#11191,.F.);
#11194=CARTESIAN_POINT('',(-6.85E0,6.323207872101E-2,-8.595960196153E-1));
#11195=DIRECTION('',(0.E0,-5.661603936051E-1,8.242950980765E-1));
#11196=DIRECTION('',(0.E0,-8.242950980765E-1,-5.661603936051E-1));
#11197=AXIS2_PLACEMENT_3D('',#11194,#11195,#11196);
#11198=PLANE('',#11197);
#11199=ORIENTED_EDGE('',*,*,#11154,.F.);
#11200=ORIENTED_EDGE('',*,*,#11136,.F.);
#11202=ORIENTED_EDGE('',*,*,#11201,.T.);
#11204=ORIENTED_EDGE('',*,*,#11203,.F.);
#11206=ORIENTED_EDGE('',*,*,#11205,.F.);
#11207=ORIENTED_EDGE('',*,*,#11183,.F.);
#11208=EDGE_LOOP('',(#11199,#11200,#11202,#11204,#11206,#11207));
#11209=FACE_OUTER_BOUND('',#11208,.F.);
#11211=CARTESIAN_POINT('',(-6.85E0,-5.E-2,-6.94737E-1));
#11212=DIRECTION('',(1.E0,0.E0,0.E0));
#11213=DIRECTION('',(0.E0,0.E0,-1.E0));
#11214=AXIS2_PLACEMENT_3D('',#11211,#11212,#11213);
#11215=CYLINDRICAL_SURFACE('',#11214,2.E-1);
#11216=ORIENTED_EDGE('',*,*,#11201,.F.);
#11217=ORIENTED_EDGE('',*,*,#11134,.F.);
#11219=ORIENTED_EDGE('',*,*,#11218,.T.);
#11221=ORIENTED_EDGE('',*,*,#11220,.F.);
#11222=EDGE_LOOP('',(#11216,#11217,#11219,#11221));
#11223=FACE_OUTER_BOUND('',#11222,.F.);
#11225=CARTESIAN_POINT('',(-6.85E0,1.5E-1,-2.E-1));
#11226=DIRECTION('',(0.E0,-1.E0,0.E0));
#11227=DIRECTION('',(0.E0,0.E0,-1.E0));
#11228=AXIS2_PLACEMENT_3D('',#11225,#11226,#11227);
#11229=PLANE('',#11228);
#11231=ORIENTED_EDGE('',*,*,#11230,.T.);
#11233=ORIENTED_EDGE('',*,*,#11232,.F.);
#11234=ORIENTED_EDGE('',*,*,#11218,.F.);
#11235=ORIENTED_EDGE('',*,*,#11132,.T.);
#11236=EDGE_LOOP('',(#11231,#11233,#11234,#11235));
#11237=FACE_OUTER_BOUND('',#11236,.F.);
#11239=CARTESIAN_POINT('',(-6.85E0,3.5E-1,-2.E-1));
#11240=DIRECTION('',(1.E0,0.E0,0.E0));
#11241=DIRECTION('',(0.E0,0.E0,-1.E0));
#11242=AXIS2_PLACEMENT_3D('',#11239,#11240,#11241);
#11243=CYLINDRICAL_SURFACE('',#11242,2.E-1);
#11244=ORIENTED_EDGE('',*,*,#11230,.F.);
#11245=ORIENTED_EDGE('',*,*,#11130,.F.);
#11246=ORIENTED_EDGE('',*,*,#6501,.T.);
#11248=ORIENTED_EDGE('',*,*,#11247,.F.);
#11249=EDGE_LOOP('',(#11244,#11245,#11246,#11248));
#11250=FACE_OUTER_BOUND('',#11249,.F.);
#11252=CARTESIAN_POINT('',(-2.315428571429E1,-2.25E0,0.E0));
#11253=DIRECTION('',(0.E0,0.E0,1.E0));
#11254=DIRECTION('',(1.E0,0.E0,0.E0));
#11255=AXIS2_PLACEMENT_3D('',#11252,#11253,#11254);
#11256=CYLINDRICAL_SURFACE('',#11255,1.940178571429E1);
#11258=ORIENTED_EDGE('',*,*,#11257,.T.);
#11260=ORIENTED_EDGE('',*,*,#11259,.T.);
#11261=ORIENTED_EDGE('',*,*,#11203,.T.);
#11262=ORIENTED_EDGE('',*,*,#11220,.T.);
#11263=ORIENTED_EDGE('',*,*,#11232,.T.);
#11264=ORIENTED_EDGE('',*,*,#11247,.T.);
#11265=ORIENTED_EDGE('',*,*,#6499,.F.);
#11267=ORIENTED_EDGE('',*,*,#11266,.T.);
#11269=ORIENTED_EDGE('',*,*,#11268,.F.);
#11271=ORIENTED_EDGE('',*,*,#11270,.T.);
#11273=ORIENTED_EDGE('',*,*,#11272,.T.);
#11274=EDGE_LOOP('',(#11258,#11260,#11261,#11262,#11263,#11264,#11265,#11267,
#11269,#11271,#11273));
#11275=FACE_OUTER_BOUND('',#11274,.F.);
#11277=CARTESIAN_POINT('',(-4.7525E0,-6.3E0,-5.316463834486E-1));
#11278=DIRECTION('',(0.E0,-1.E0,0.E0));
#11279=DIRECTION('',(1.E0,0.E0,0.E0));
#11280=AXIS2_PLACEMENT_3D('',#11277,#11278,#11279);
#11281=CYLINDRICAL_SURFACE('',#11280,1.E0);
#11283=ORIENTED_EDGE('',*,*,#11282,.T.);
#11284=ORIENTED_EDGE('',*,*,#11185,.F.);
#11285=ORIENTED_EDGE('',*,*,#11205,.T.);
#11286=ORIENTED_EDGE('',*,*,#11259,.F.);
#11287=ORIENTED_EDGE('',*,*,#11257,.F.);
#11289=ORIENTED_EDGE('',*,*,#11288,.F.);
#11291=ORIENTED_EDGE('',*,*,#11290,.F.);
#11292=EDGE_LOOP('',(#11283,#11284,#11285,#11286,#11287,#11289,#11291));
#11293=FACE_OUTER_BOUND('',#11292,.F.);
#11295=CARTESIAN_POINT('',(-3.87750602E0,-6.3E0,-1.75E0));
#11296=DIRECTION('',(0.E0,-1.E0,0.E0));
#11297=DIRECTION('',(1.E0,0.E0,0.E0));
#11298=AXIS2_PLACEMENT_3D('',#11295,#11296,#11297);
#11299=CYLINDRICAL_SURFACE('',#11298,5.E-1);
#11300=ORIENTED_EDGE('',*,*,#11282,.F.);
#11302=ORIENTED_EDGE('',*,*,#11301,.F.);
#11304=ORIENTED_EDGE('',*,*,#11303,.F.);
#11305=ORIENTED_EDGE('',*,*,#11187,.F.);
#11306=EDGE_LOOP('',(#11300,#11302,#11304,#11305));
#11307=FACE_OUTER_BOUND('',#11306,.F.);
#11309=CARTESIAN_POINT('',(-6.85E0,-4.15E0,-1.75E0));
#11310=DIRECTION('',(1.E0,0.E0,0.E0));
#11311=DIRECTION('',(0.E0,0.E0,-1.E0));
#11312=AXIS2_PLACEMENT_3D('',#11309,#11310,#11311);
#11313=CYLINDRICAL_SURFACE('',#11312,5.E-1);
#11314=ORIENTED_EDGE('',*,*,#11171,.T.);
#11316=ORIENTED_EDGE('',*,*,#11315,.T.);
#11317=ORIENTED_EDGE('',*,*,#11301,.T.);
#11318=ORIENTED_EDGE('',*,*,#11290,.T.);
#11320=ORIENTED_EDGE('',*,*,#11319,.F.);
#11321=ORIENTED_EDGE('',*,*,#11148,.T.);
#11322=EDGE_LOOP('',(#11314,#11316,#11317,#11318,#11320,#11321));
#11323=FACE_OUTER_BOUND('',#11322,.F.);
#11325=CARTESIAN_POINT('',(-3.5E0,0.E0,-1.75E0));
#11326=DIRECTION('',(0.E0,0.E0,1.E0));
#11327=DIRECTION('',(1.E0,0.E0,0.E0));
#11328=AXIS2_PLACEMENT_3D('',#11325,#11326,#11327);
#11329=PLANE('',#11328);
#11330=ORIENTED_EDGE('',*,*,#11169,.F.);
#11331=ORIENTED_EDGE('',*,*,#11189,.T.);
#11332=ORIENTED_EDGE('',*,*,#11303,.T.);
#11333=ORIENTED_EDGE('',*,*,#11315,.F.);
#11334=EDGE_LOOP('',(#11330,#11331,#11332,#11333));
#11335=FACE_OUTER_BOUND('',#11334,.F.);
#11337=CARTESIAN_POINT('',(-6.85E0,-3.866919803197E0,-1.337852450962E0));
#11338=DIRECTION('',(0.E0,5.661603936051E-1,8.242950980765E-1));
#11339=DIRECTION('',(0.E0,-8.242950980765E-1,5.661603936051E-1));
#11340=AXIS2_PLACEMENT_3D('',#11337,#11338,#11339);
#11341=PLANE('',#11340);
#11342=ORIENTED_EDGE('',*,*,#11150,.T.);
#11343=ORIENTED_EDGE('',*,*,#11319,.T.);
#11344=ORIENTED_EDGE('',*,*,#11288,.T.);
#11345=ORIENTED_EDGE('',*,*,#11272,.F.);
#11347=ORIENTED_EDGE('',*,*,#11346,.F.);
#11348=ORIENTED_EDGE('',*,*,#11121,.F.);
#11349=EDGE_LOOP('',(#11342,#11343,#11344,#11345,#11347,#11348));
#11350=FACE_OUTER_BOUND('',#11349,.F.);
#11352=CARTESIAN_POINT('',(-6.85E0,-4.45E0,-6.94737E-1));
#11353=DIRECTION('',(1.E0,0.E0,0.E0));
#11354=DIRECTION('',(0.E0,0.E0,-1.E0));
#11355=AXIS2_PLACEMENT_3D('',#11352,#11353,#11354);
#11356=CYLINDRICAL_SURFACE('',#11355,2.E-1);
#11358=ORIENTED_EDGE('',*,*,#11357,.F.);
#11359=ORIENTED_EDGE('',*,*,#11123,.F.);
#11360=ORIENTED_EDGE('',*,*,#11346,.T.);
#11361=ORIENTED_EDGE('',*,*,#11270,.F.);
#11362=EDGE_LOOP('',(#11358,#11359,#11360,#11361));
#11363=FACE_OUTER_BOUND('',#11362,.F.);
#11365=CARTESIAN_POINT('',(-6.85E0,-4.65E0,-6.94737E-1));
#11366=DIRECTION('',(0.E0,1.E0,0.E0));
#11367=DIRECTION('',(0.E0,0.E0,1.E0));
#11368=AXIS2_PLACEMENT_3D('',#11365,#11366,#11367);
#11369=PLANE('',#11368);
#11370=ORIENTED_EDGE('',*,*,#11357,.T.);
#11371=ORIENTED_EDGE('',*,*,#11268,.T.);
#11373=ORIENTED_EDGE('',*,*,#11372,.F.);
#11374=ORIENTED_EDGE('',*,*,#11125,.F.);
#11375=EDGE_LOOP('',(#11370,#11371,#11373,#11374));
#11376=FACE_OUTER_BOUND('',#11375,.F.);
#11378=CARTESIAN_POINT('',(-6.85E0,-4.85E0,-2.E-1));
#11379=DIRECTION('',(1.E0,0.E0,0.E0));
#11380=DIRECTION('',(0.E0,0.E0,-1.E0));
#11381=AXIS2_PLACEMENT_3D('',#11378,#11379,#11380);
#11382=CYLINDRICAL_SURFACE('',#11381,2.E-1);
#11383=ORIENTED_EDGE('',*,*,#11372,.T.);
#11384=ORIENTED_EDGE('',*,*,#11266,.F.);
#11385=ORIENTED_EDGE('',*,*,#6497,.F.);
#11386=ORIENTED_EDGE('',*,*,#11127,.F.);
#11387=EDGE_LOOP('',(#11383,#11384,#11385,#11386));
#11388=FACE_OUTER_BOUND('',#11387,.F.);
#11390=CLOSED_SHELL('',(#6408,#6423,#6437,#6451,#6505,#6559,#6661,#6676,#6688,
#6716,#6730,#6832,#6846,#6859,#6872,#6885,#6897,#6909,#6927,#6941,#6958,#6971,
#6996,#7015,#7032,#7045,#7058,#7079,#7093,#7108,#7120,#7132,#7146,#7175,#7189,
#7200,#7211,#7224,#7237,#7250,#7263,#7276,#7288,#7306,#7320,#7337,#7350,#7375,
#7394,#7411,#7424,#7437,#7458,#7472,#7487,#7499,#7511,#7525,#7554,#7568,#7579,
#7590,#7603,#7616,#7629,#7642,#7655,#7667,#7685,#7699,#7716,#7729,#7754,#7773,
#7790,#7803,#7816,#7837,#7851,#7866,#7878,#7890,#7904,#7921,#7940,#7953,#7966,
#7978,#7992,#8005,#8018,#8030,#8069,#8082,#8095,#8191,#8242,#8277,#8288,#8299,
#8312,#8325,#8337,#8348,#8361,#8371,#8382,#8395,#8405,#8416,#8429,#8439,#8450,
#8463,#8473,#8524,#8559,#8570,#8581,#8594,#8607,#8619,#8630,#8643,#8653,#8664,
#8677,#8687,#8698,#8711,#8721,#8732,#8745,#8755,#8806,#8841,#8852,#8863,#8876,
#8889,#8901,#8912,#8925,#8935,#8946,#8959,#8969,#8980,#8993,#9003,#9014,#9027,
#9037,#9088,#9123,#9134,#9145,#9158,#9171,#9183,#9194,#9207,#9217,#9228,#9241,
#9251,#9262,#9275,#9285,#9296,#9309,#9319,#9333,#9355,#9378,#9391,#9404,#9417,
#9430,#9443,#9455,#9468,#9481,#9494,#9507,#9520,#9533,#9545,#9559,#9582,#9604,
#9617,#9630,#9643,#9656,#9669,#9682,#9694,#9707,#9720,#9733,#9746,#9759,#9771,
#9789,#9803,#9820,#9833,#9858,#9877,#9894,#9907,#9920,#9941,#9955,#9970,#9982,
#9994,#10005,#10020,#10034,#10048,#10061,#10073,#10088,#10102,#10116,#10129,
#10141,#10156,#10170,#10184,#10197,#10209,#10224,#10238,#10252,#10265,#10277,
#10306,#10326,#10344,#10362,#10377,#10391,#10410,#10436,#10449,#10462,#10474,
#10487,#10500,#10513,#10528,#10543,#10555,#10584,#10604,#10619,#10637,#10654,
#10668,#10682,#10695,#10720,#10738,#10752,#10768,#10780,#10795,#10808,#10821,
#10833,#10862,#10882,#10897,#10915,#10932,#10946,#10960,#10973,#10998,#11016,
#11030,#11046,#11058,#11073,#11086,#11099,#11111,#11140,#11160,#11175,#11193,
#11210,#11224,#11238,#11251,#11276,#11294,#11308,#11324,#11336,#11351,#11364,
#11377,#11389));
#11391=MANIFOLD_SOLID_BREP('',#11390);
#11394=PLANE_ANGLE_MEASURE_WITH_UNIT(PLANE_ANGLE_MEASURE(1.745329251994E-2),
#11393);
#11395=(CONVERSION_BASED_UNIT('DEGREE',#11394)NAMED_UNIT(*)PLANE_ANGLE_UNIT());
#11397=UNCERTAINTY_MEASURE_WITH_UNIT(LENGTH_MEASURE(1.930488324914E-4),#11392,
'distance_accuracy_value',
'Maximum model space distance between geometric entities at asserted connectivities');
#11400=APPLICATION_CONTEXT('automotive_design');
#11401=APPLICATION_PROTOCOL_DEFINITION('international standard',
'automotive_design',2001,#11400);
#11402=PRODUCT_DEFINITION_CONTEXT('part definition',#11400,'design');
#11403=PRODUCT_CONTEXT('',#11400,'mechanical');
#11404=PRODUCT('C-284391-4','C-284391-4','NOT SPECIFIED',(#11403));
#11405=PRODUCT_DEFINITION_FORMATION('1','LAST_VERSION',#11404);
#11413=DERIVED_UNIT_ELEMENT(#11412,2.E0);
#11414=DERIVED_UNIT((#11413));
#11415=MEASURE_REPRESENTATION_ITEM('surface area measure',AREA_MEASURE(
9.856893791432E2),#11414);
#11420=DERIVED_UNIT_ELEMENT(#11419,3.E0);
#11421=DERIVED_UNIT((#11420));
#11422=MEASURE_REPRESENTATION_ITEM('volume measure',VOLUME_MEASURE(
1.146921963970E3),#11421);
#11426=CARTESIAN_POINT('centre point',(1.904970028775E-2,-6.968454652839E-1,
-4.261694446037E0));
#11431=DERIVED_UNIT_ELEMENT(#11430,2.E0);
#11432=DERIVED_UNIT((#11431));
#11433=MEASURE_REPRESENTATION_ITEM('surface area measure',AREA_MEASURE(
9.856893791432E2),#11432);
#11438=DERIVED_UNIT_ELEMENT(#11437,3.E0);
#11439=DERIVED_UNIT((#11438));
#11440=MEASURE_REPRESENTATION_ITEM('volume measure',VOLUME_MEASURE(
1.146921963970E3),#11439);
#11444=CARTESIAN_POINT('centre point',(1.904970028775E-2,-6.968454652839E-1,
-4.261694446037E0));
#11449=PRODUCT_RELATED_PRODUCT_CATEGORY('part','',(#11404));
#11451=GENERAL_PROPERTY('','PART_NO','user defined attribute');
#11452=GENERAL_PROPERTY_ASSOCIATION('user defined attribute','',#11451,#11450);
#11453=DESCRIPTIVE_REPRESENTATION_ITEM('PART_NO','284391');
#11457=GENERAL_PROPERTY('','DWG_TITLE','user defined attribute');
#11458=GENERAL_PROPERTY_ASSOCIATION('user defined attribute','',#11457,#11456);
#11459=DESCRIPTIVE_REPRESENTATION_ITEM('DWG_TITLE',
'TERMINAL BLOCK PCB, MOUNT STRAIGHT SIDE WIRE ENTRY,');
#11463=GENERAL_PROPERTY('','DWG_TITLE_2','user defined attribute');
#11464=GENERAL_PROPERTY_ASSOCIATION('user defined attribute','',#11463,#11462);
#11465=DESCRIPTIVE_REPRESENTATION_ITEM('DWG_TITLE_2',
'STACKING W/ INTERLOCK, 3.5mm PITCH');
#11469=GENERAL_PROPERTY('','DESC','user defined attribute');
#11470=GENERAL_PROPERTY_ASSOCIATION('user defined attribute','',#11469,#11468);
#11471=DESCRIPTIVE_REPRESENTATION_ITEM('DESC',
'TERMINAL BLOCK PCB, MOUNT STRAIGHT SIDE WIRE ENTRY, STACKING W/ INTERLOCK, 3.5mm');
#11475=GENERAL_PROPERTY('','DOC_STATUS','user defined attribute');
#11476=GENERAL_PROPERTY_ASSOCIATION('user defined attribute','',#11475,#11474);
#11477=DESCRIPTIVE_REPRESENTATION_ITEM('DOC_STATUS','Active');
#11481=GENERAL_PROPERTY('','MOD_NUM','user defined attribute');
#11482=GENERAL_PROPERTY_ASSOCIATION('user defined attribute','',#11481,#11480);
#11483=DESCRIPTIVE_REPRESENTATION_ITEM('MOD_NUM','MOD52921');
#11487=GENERAL_PROPERTY('','PDMREV','user defined attribute');
#11488=GENERAL_PROPERTY_ASSOCIATION('user defined attribute','',#11487,#11486);
#11489=DESCRIPTIVE_REPRESENTATION_ITEM('PDMREV','0+');
#11493=GENERAL_PROPERTY('','PDMDB','user defined attribute');
#11494=GENERAL_PROPERTY_ASSOCIATION('user defined attribute','',#11493,#11492);
#11495=DESCRIPTIVE_REPRESENTATION_ITEM('PDMDB','');
#11499=GENERAL_PROPERTY('','PDMRL','user defined attribute');
#11500=GENERAL_PROPERTY_ASSOCIATION('user defined attribute','',#11499,#11498);
#11501=DESCRIPTIVE_REPRESENTATION_ITEM('PDMRL','');
#11505=GENERAL_PROPERTY('','PROI_REVISION','user defined attribute');
#11506=GENERAL_PROPERTY_ASSOCIATION('user defined attribute','',#11505,#11504);
#11507=DESCRIPTIVE_REPRESENTATION_ITEM('PROI_REVISION','');
#11511=GENERAL_PROPERTY('','PROI_VERSION','user defined attribute');
#11512=GENERAL_PROPERTY_ASSOCIATION('user defined attribute','',#11511,#11510);
#11513=DESCRIPTIVE_REPRESENTATION_ITEM('PROI_VERSION','0');
#11517=GENERAL_PROPERTY('','PROI_BRANCH','user defined attribute');
#11518=GENERAL_PROPERTY_ASSOCIATION('user defined attribute','',#11517,#11516);
#11519=DESCRIPTIVE_REPRESENTATION_ITEM('PROI_BRANCH','');
#11523=GENERAL_PROPERTY('','PROI_RELEASE','user defined attribute');
#11524=GENERAL_PROPERTY_ASSOCIATION('user defined attribute','',#11523,#11522);
#11525=DESCRIPTIVE_REPRESENTATION_ITEM('PROI_RELEASE','');
#11529=GENERAL_PROPERTY('','PTC_MODIFIED','user defined attribute');
#11530=GENERAL_PROPERTY_ASSOCIATION('user defined attribute','',#11529,#11528);
#11531=DESCRIPTIVE_REPRESENTATION_ITEM('PTC_MODIFIED','NO');
#11534=DESCRIPTIVE_REPRESENTATION_ITEM('attribute description','Yes No');
#11539=GENERAL_PROPERTY('','PROI_CREATED_BY','user defined attribute');
#11540=GENERAL_PROPERTY_ASSOCIATION('user defined attribute','',#11539,#11538);
#11541=DESCRIPTIVE_REPRESENTATION_ITEM('PROI_CREATED_BY','');
#11545=GENERAL_PROPERTY('','PROI_CREATED_ON','user defined attribute');
#11546=GENERAL_PROPERTY_ASSOCIATION('user defined attribute','',#11545,#11544);
#11547=DESCRIPTIVE_REPRESENTATION_ITEM('PROI_CREATED_ON',
'11/4/2008 12:35:53 PM');
#11551=GENERAL_PROPERTY('','PROI_LOCATION','user defined attribute');
#11552=GENERAL_PROPERTY_ASSOCIATION('user defined attribute','',#11551,#11550);
#11553=DESCRIPTIVE_REPRESENTATION_ITEM('PROI_LOCATION','');
#11557=GENERAL_PROPERTY('','PTC_COMMON_NAME','user defined attribute');
#11558=GENERAL_PROPERTY_ASSOCIATION('user defined attribute','',#11557,#11556);
#11559=DESCRIPTIVE_REPRESENTATION_ITEM('PTC_COMMON_NAME','c-284391-4.prt');
#11563=GENERAL_PROPERTY('','PTC_ORGANIZATION_ID','user defined attribute');
#11564=GENERAL_PROPERTY_ASSOCIATION('user defined attribute','',#11563,#11562);
#11565=DESCRIPTIVE_REPRESENTATION_ITEM('PTC_ORGANIZATION_ID','TE');
#11569=GENERAL_PROPERTY('','PTC_WM_REVISION','user defined attribute');
#11570=GENERAL_PROPERTY_ASSOCIATION('user defined attribute','',#11569,#11568);
#11571=DESCRIPTIVE_REPRESENTATION_ITEM('PTC_WM_REVISION','');
#11575=GENERAL_PROPERTY('','PTC_WM_ITERATION','user defined attribute');
#11576=GENERAL_PROPERTY_ASSOCIATION('user defined attribute','',#11575,#11574);
#11577=DESCRIPTIVE_REPRESENTATION_ITEM('PTC_WM_ITERATION','0');
#11581=GENERAL_PROPERTY('','PTC_WM_VERSION','user defined attribute');
#11582=GENERAL_PROPERTY_ASSOCIATION('user defined attribute','',#11581,#11580);
#11583=DESCRIPTIVE_REPRESENTATION_ITEM('PTC_WM_VERSION','.0');
#11587=GENERAL_PROPERTY('','PTC_WM_LIFECYCLE_STATE','user defined attribute');
#11588=GENERAL_PROPERTY_ASSOCIATION('user defined attribute','',#11587,#11586);
#11589=DESCRIPTIVE_REPRESENTATION_ITEM('PTC_WM_LIFECYCLE_STATE','');
#11593=GENERAL_PROPERTY('','PTC_WM_LIFECYCLE','user defined attribute');
#11594=GENERAL_PROPERTY_ASSOCIATION('user defined attribute','',#11593,#11592);
#11595=DESCRIPTIVE_REPRESENTATION_ITEM('PTC_WM_LIFECYCLE','');
#11599=GENERAL_PROPERTY('','PTC_WM_LOCATION','user defined attribute');
#11600=GENERAL_PROPERTY_ASSOCIATION('user defined attribute','',#11599,#11598);
#11601=DESCRIPTIVE_REPRESENTATION_ITEM('PTC_WM_LOCATION','');
#11605=GENERAL_PROPERTY('','PTC_WM_CREATED_BY','user defined attribute');
#11606=GENERAL_PROPERTY_ASSOCIATION('user defined attribute','',#11605,#11604);
#11607=DESCRIPTIVE_REPRESENTATION_ITEM('PTC_WM_CREATED_BY','');
#11611=GENERAL_PROPERTY('','PTC_WM_CREATED_ON','user defined attribute');
#11612=GENERAL_PROPERTY_ASSOCIATION('user defined attribute','',#11611,#11610);
#11613=DESCRIPTIVE_REPRESENTATION_ITEM('PTC_WM_CREATED_ON','');
#11617=GENERAL_PROPERTY('','PTC_WM_MODIFIED_BY','user defined attribute');
#11618=GENERAL_PROPERTY_ASSOCIATION('user defined attribute','',#11617,#11616);
#11619=DESCRIPTIVE_REPRESENTATION_ITEM('PTC_WM_MODIFIED_BY','');
#11623=GENERAL_PROPERTY('','PTC_WM_MODIFIED_ON','user defined attribute');
#11624=GENERAL_PROPERTY_ASSOCIATION('user defined attribute','',#11623,#11622);
#11625=DESCRIPTIVE_REPRESENTATION_ITEM('PTC_WM_MODIFIED_ON','');
#11629=GENERAL_PROPERTY('','PTC_WM_TEAM','user defined attribute');
#11630=GENERAL_PROPERTY_ASSOCIATION('user defined attribute','',#11629,#11628);
#11631=DESCRIPTIVE_REPRESENTATION_ITEM('PTC_WM_TEAM','');
#11635=GENERAL_PROPERTY('','EXPORT_RESTRICTED','user defined attribute');
#11636=GENERAL_PROPERTY_ASSOCIATION('user defined attribute','',#11635,#11634);
#11637=DESCRIPTIVE_REPRESENTATION_ITEM('EXPORT_RESTRICTED','NULL');
#11641=GENERAL_PROPERTY('','PART_REV','user defined attribute');
#11642=GENERAL_PROPERTY_ASSOCIATION('user defined attribute','',#11641,#11640);
#11643=DESCRIPTIVE_REPRESENTATION_ITEM('PART_REV','C');
#11647=GENERAL_PROPERTY('','COMMENTS','user defined attribute');
#11648=GENERAL_PROPERTY_ASSOCIATION('user defined attribute','',#11647,#11646);
#11649=DESCRIPTIVE_REPRESENTATION_ITEM('COMMENTS','-');
#1=DRAUGHTING_PRE_DEFINED_COLOUR('black');
#2=COLOUR_RGB('',0.E0,0.E0,3.6E-1);
#3=COLOUR_RGB('',0.E0,0.E0,4.8E-1);
#4=DRAUGHTING_PRE_DEFINED_COLOUR('blue');
#5=COLOUR_RGB('',0.E0,5.8824E-2,4.58824E-1);
#6=COLOUR_RGB('',0.E0,1.80392E-1,4.78431E-1);
#7=COLOUR_RGB('',0.E0,3.6E-1,9.E-2);
#8=COLOUR_RGB('',0.E0,3.6E-1,2.7E-1);
#9=COLOUR_RGB('',0.E0,5.6E-1,6.4E-1);
#10=COLOUR_RGB('',0.E0,5.8E-1,8.E-1);
#11=COLOUR_RGB('',0.E0,7.1E-1,6.6E-1);
#12=COLOUR_RGB('',0.E0,7.13E-1,0.E0);
#13=COLOUR_RGB('',0.E0,9.5E-1,8.4E-1);
#14=DRAUGHTING_PRE_DEFINED_COLOUR('green');
#15=DRAUGHTING_PRE_DEFINED_COLOUR('cyan');
#16=COLOUR_RGB('',1.1765E-2,1.9608E-2,3.9216E-2);
#17=COLOUR_RGB('',4.E-2,0.E0,1.6E-1);
#18=COLOUR_RGB('',3.9216E-2,2.19608E-1,1.21569E-1);
#19=COLOUR_RGB('',3.9216E-2,3.60784E-1,2.E-1);
#20=COLOUR_RGB('',5.098E-2,7.0588E-2,1.01961E-1);
#21=COLOUR_RGB('',9.E-2,0.E0,1.2E-1);
#22=COLOUR_RGB('',9.0196E-2,1.60784E-1,1.09804E-1);
#23=COLOUR_RGB('',9.0196E-2,3.80392E-1,6.70588E-1);
#24=COLOUR_RGB('',1.E-1,0.E0,2.5E-1);
#25=COLOUR_RGB('',1.01961E-1,4.78431E-1,3.88235E-1);
#26=COLOUR_RGB('',1.09804E-1,1.4902E-1,9.0196E-2);
#27=COLOUR_RGB('',1.4902E-1,3.09804E-1,5.29412E-1);
#28=COLOUR_RGB('',1.4902E-1,4.E-1,1.60784E-1);
#29=COLOUR_RGB('',1.6E-1,3.2E-2,0.E0);
#30=COLOUR_RGB('',1.60784E-1,4.5098E-1,7.21569E-1);
#31=COLOUR_RGB('',1.6E-1,4.6E-1,6.5E-1);
#32=COLOUR_RGB('',1.6E-1,1.E0,1.6E-1);
#33=COLOUR_RGB('',2.E-1,3.2E-2,0.E0);
#34=COLOUR_RGB('',2.11765E-1,4.11765E-1,1.4902E-1);
#35=COLOUR_RGB('',2.39216E-1,2.39216E-1,2.31373E-1);
#36=COLOUR_RGB('',2.39216E-1,2.70588E-1,1.80392E-1);
#37=COLOUR_RGB('',2.5098E-1,2.90196E-1,3.29412E-1);
#38=COLOUR_RGB('',2.90196E-1,4.31373E-1,2.E-1);
#39=COLOUR_RGB('',3.1E-1,3.1E-1,5.6E-1);
#40=COLOUR_RGB('',3.09804E-1,6.58824E-1,2.E-1);
#41=COLOUR_RGB('',3.2E-1,1.5E-1,0.E0);
#42=COLOUR_RGB('',3.60784E-1,3.1373E-2,1.68627E-1);
#43=COLOUR_RGB('',3.68627E-1,2.E-1,1.21569E-1);
#44=COLOUR_RGB('',3.88235E-1,2.39216E-1,6.11765E-1);
#45=COLOUR_RGB('',4.E-1,4.E-1,4.E-1);
#46=COLOUR_RGB('',4.11765E-1,5.8824E-2,7.8431E-2);
#47=COLOUR_RGB('',4.11765E-1,3.29412E-1,2.19608E-1);
#48=COLOUR_RGB('',4.2E-1,4.2E-1,1.E0);
#49=COLOUR_RGB('',4.4E-1,8.5E-1,1.E0);
#50=COLOUR_RGB('',4.58824E-1,4.5098E-1,3.09804E-1);
#51=COLOUR_RGB('',4.70588E-1,5.09804E-1,5.4902E-1);
#52=COLOUR_RGB('',4.78431E-1,4.90196E-1,4.58824E-1);
#53=COLOUR_RGB('',4.90196E-1,3.60784E-1,2.19608E-1);
#54=COLOUR_RGB('',4.9E-1,4.9E-1,0.E0);
#55=COLOUR_RGB('',4.9E-1,1.E0,0.E0);
#56=COLOUR_RGB('',5.E-1,0.E0,0.E0);
#57=COLOUR_RGB('',5.E-1,0.E0,2.3E-1);
#58=COLOUR_RGB('',5.E-1,5.E-1,5.E-1);
#59=COLOUR_RGB('',5.21569E-1,2.19608E-1,1.68627E-1);
#60=COLOUR_RGB('',5.3E-1,0.E0,0.E0);
#61=COLOUR_RGB('',5.29412E-1,5.80392E-1,6.5098E-1);
#62=COLOUR_RGB('',5.4E-1,0.E0,4.4E-1);
#63=COLOUR_RGB('',5.5E-1,3.E-1,0.E0);
#64=COLOUR_RGB('',5.6E-1,1.E-1,5.E-2);
#65=COLOUR_RGB('',5.60784E-1,5.80392E-1,6.19608E-1);
#66=COLOUR_RGB('',5.68627E-1,5.8824E-2,4.E-1);
#67=COLOUR_RGB('',5.8E-1,2.2E-1,1.E-2);
#68=COLOUR_RGB('',5.88235E-1,1.21569E-1,1.09804E-1);
#69=COLOUR_RGB('',6.E-1,6.E-1,6.E-1);
#70=COLOUR_RGB('',6.11765E-1,5.60784E-1,3.80392E-1);
#71=COLOUR_RGB('',6.11765E-1,6.11765E-1,6.5098E-1);
#72=COLOUR_RGB('',6.2E-1,0.E0,5.5E-1);
#73=COLOUR_RGB('',6.19608E-1,6.39216E-1,6.90196E-1);
#74=COLOUR_RGB('',6.35294E-1,6.86275E-1,7.4902E-1);
#75=COLOUR_RGB('',6.4E-1,0.E0,2.5E-1);
#76=COLOUR_RGB('',6.4E-1,1.E-2,0.E0);
#77=COLOUR_RGB('',6.39216E-1,5.4902E-1,4.78431E-1);
#78=COLOUR_RGB('',6.5098E-1,6.70588E-1,7.09804E-1);
#79=COLOUR_RGB('',6.70588E-1,1.21569E-1,1.09804E-1);
#80=COLOUR_RGB('',6.78431E-1,4.78431E-1,3.09804E-1);
#81=COLOUR_RGB('',6.8E-1,7.5E-1,1.E0);
#82=COLOUR_RGB('',7.09804E-1,7.0588E-2,2.E-1);
#83=COLOUR_RGB('',7.1E-1,3.1E-1,0.E0);
#84=COLOUR_RGB('',7.2E-1,7.2E-1,7.2E-1);
#85=COLOUR_RGB('',7.29412E-1,7.41176E-1,7.29412E-1);
#86=COLOUR_RGB('',7.41176E-1,7.29412E-1,6.70588E-1);
#87=COLOUR_RGB('',7.4E-1,1.E0,2.6E-1);
#88=COLOUR_RGB('',7.5E-1,3.E-2,0.E0);
#89=COLOUR_RGB('',7.4902E-1,8.90196E-1,7.29412E-1);
#90=COLOUR_RGB('',7.6E-1,0.E0,4.7E-1);
#91=COLOUR_RGB('',7.80392E-1,9.0196E-2,7.0588E-2);
#92=COLOUR_RGB('',7.88235E-1,2.19608E-1,5.4902E-1);
#93=COLOUR_RGB('',8.1E-1,4.E-2,0.E0);
#94=COLOUR_RGB('',8.1E-1,6.1E-1,0.E0);
#95=COLOUR_RGB('',8.2E-1,4.E-2,6.6E-1);
#96=COLOUR_RGB('',8.31373E-1,8.5098E-1,8.58824E-1);
#97=COLOUR_RGB('',8.5098E-1,7.29412E-1,5.4902E-1);
#98=COLOUR_RGB('',8.5E-1,8.5E-1,8.5E-1);
#99=COLOUR_RGB('',8.78431E-1,3.68627E-1,1.21569E-1);
#100=COLOUR_RGB('',8.784E-1,9.49E-1,1.E0);
#101=COLOUR_RGB('',8.90196E-1,5.88235E-1,1.41176E-1);
#102=COLOUR_RGB('',9.E-1,1.E0,0.E0);
#103=COLOUR_RGB('',9.09804E-1,6.11765E-1,7.09804E-1);
#104=COLOUR_RGB('',9.37E-1,7.85E-1,0.E0);
#105=COLOUR_RGB('',9.41176E-1,9.29412E-1,9.01961E-1);
#106=COLOUR_RGB('',9.5E-1,2.2E-1,8.1E-1);
#107=COLOUR_RGB('',9.6E-1,3.7E-1,3.E-1);
#108=COLOUR_RGB('',9.6E-1,7.1E-1,3.75E-1);
#109=COLOUR_RGB('',9.80392E-1,1.E0,1.E0);
#110=COLOUR_RGB('',9.88235E-1,1.09804E-1,7.8431E-2);
#111=COLOUR_RGB('',9.88235E-1,7.21569E-1,1.29412E-1);
#112=COLOUR_RGB('',9.88235E-1,9.21569E-1,8.E-1);
#113=DRAUGHTING_PRE_DEFINED_COLOUR('red');
#114=COLOUR_RGB('',1.E0,0.E0,6.1E-1);
#115=COLOUR_RGB('',1.E0,4.E-2,0.E0);
#116=COLOUR_RGB('',1.E0,2.3E-1,0.E0);
#117=COLOUR_RGB('',1.E0,3.5E-1,5.2E-1);
#118=COLOUR_RGB('',1.E0,3.6E-1,0.E0);
#119=COLOUR_RGB('',1.E0,3.88235E-1,2.11765E-1);
#120=COLOUR_RGB('',1.E0,4.9E-1,3.7E-1);
#121=COLOUR_RGB('',1.E0,5.E-1,0.E0);
#122=COLOUR_RGB('',1.E0,5.6E-1,7.8E-1);
#123=COLOUR_RGB('',1.E0,6.4E-1,4.9E-1);
#124=COLOUR_RGB('',1.E0,6.7E-1,0.E0);
#125=COLOUR_RGB('',1.E0,7.6E-1,6.5E-1);
#126=COLOUR_RGB('',1.E0,8.39216E-1,3.01961E-1);
#127=COLOUR_RGB('',1.E0,8.6E-1,4.E-2);
#128=COLOUR_RGB('',1.E0,9.60784E-1,2.58824E-1);
#129=COLOUR_RGB('',1.E0,9.60784E-1,8.90196E-1);
#130=COLOUR_RGB('',1.E0,9.8E-1,7.2E-1);
#131=DRAUGHTING_PRE_DEFINED_COLOUR('yellow');
#132=COLOUR_RGB('',1.E0,1.E0,3.9216E-2);
#133=DRAUGHTING_PRE_DEFINED_COLOUR('white');
#138=CIRCLE('',#137,1.5E-1);
#179=CIRCLE('',#178,1.5E-1);
#236=CIRCLE('',#235,1.940178571429E1);
#245=CIRCLE('',#244,1.940178571429E1);
#254=CIRCLE('',#253,1.940178571429E1);
#263=CIRCLE('',#262,1.940178571429E1);
#272=CIRCLE('',#271,1.940178571429E1);
#281=CIRCLE('',#280,1.940178571429E1);
#290=CIRCLE('',#289,1.940178571429E1);
#299=CIRCLE('',#298,1.940178571429E1);
#568=CIRCLE('',#567,1.5E-1);
#577=CIRCLE('',#576,5.E-2);
#586=CIRCLE('',#585,5.E-2);
#595=CIRCLE('',#594,1.5E-1);
#608=CIRCLE('',#607,5.E-2);
#617=CIRCLE('',#616,1.5E-1);
#634=CIRCLE('',#633,1.5E-1);
#643=CIRCLE('',#642,5.E-2);
#652=CIRCLE('',#651,5.E-2);
#661=CIRCLE('',#660,1.5E-1);
#678=CIRCLE('',#677,1.5E-1);
#687=CIRCLE('',#686,5.E-2);
#696=CIRCLE('',#695,5.E-2);
#705=CIRCLE('',#704,1.5E-1);
#722=CIRCLE('',#721,1.5E-1);
#731=CIRCLE('',#730,5.E-2);
#748=CIRCLE('',#747,5.E-2);
#757=CIRCLE('',#756,1.5E-1);
#774=CIRCLE('',#773,1.5E-1);
#783=CIRCLE('',#782,5.E-2);
#881=B_SPLINE_CURVE_WITH_KNOTS('',3,(#872,#873,#874,#875,#876,#877,#878,#879,
#880),.UNSPECIFIED.,.F.,.F.,(4,1,1,1,1,1,4),(0.E0,1.25E-1,2.5E-1,3.75E-1,5.E-1,
7.5E-1,1.E0),.UNSPECIFIED.);
#891=B_SPLINE_CURVE_WITH_KNOTS('',3,(#882,#883,#884,#885,#886,#887,#888,#889,
#890),.UNSPECIFIED.,.F.,.F.,(4,1,1,1,1,1,4),(0.E0,2.5E-1,5.E-1,6.25E-1,7.5E-1,
8.75E-1,1.E0),.UNSPECIFIED.);
#901=B_SPLINE_CURVE_WITH_KNOTS('',3,(#892,#893,#894,#895,#896,#897,#898,#899,
#900),.UNSPECIFIED.,.F.,.F.,(4,1,1,1,1,1,4),(0.E0,1.25E-1,2.5E-1,5.E-1,7.5E-1,
8.75E-1,1.E0),.UNSPECIFIED.);
#912=B_SPLINE_CURVE_WITH_KNOTS('',3,(#902,#903,#904,#905,#906,#907,#908,#909,
#910,#911),.UNSPECIFIED.,.F.,.F.,(4,1,1,1,1,1,1,4),(0.E0,2.5E-1,5.E-1,6.25E-1,
7.5E-1,8.75E-1,9.375E-1,1.E0),.UNSPECIFIED.);
#958=B_SPLINE_CURVE_WITH_KNOTS('',3,(#949,#950,#951,#952,#953,#954,#955,#956,
#957),.UNSPECIFIED.,.F.,.F.,(4,1,1,1,1,1,4),(0.E0,1.25E-1,2.5E-1,5.E-1,7.5E-1,
8.75E-1,1.E0),.UNSPECIFIED.);
#969=B_SPLINE_CURVE_WITH_KNOTS('',3,(#959,#960,#961,#962,#963,#964,#965,#966,
#967,#968),.UNSPECIFIED.,.F.,.F.,(4,1,1,1,1,1,1,4),(0.E0,6.25E-2,1.25E-1,2.5E-1,
3.75E-1,5.E-1,7.5E-1,1.E0),.UNSPECIFIED.);
#998=CIRCLE('',#997,1.5E-1);
#1007=CIRCLE('',#1006,5.E-2);
#1016=CIRCLE('',#1015,5.E-2);
#1025=CIRCLE('',#1024,1.5E-1);
#1135=B_SPLINE_CURVE_WITH_KNOTS('',3,(#1126,#1127,#1128,#1129,#1130,#1131,#1132,
#1133,#1134),.UNSPECIFIED.,.F.,.F.,(4,1,1,1,1,1,4),(0.E0,1.25E-1,2.5E-1,3.75E-1,
5.E-1,7.5E-1,1.E0),.UNSPECIFIED.);
#1145=B_SPLINE_CURVE_WITH_KNOTS('',3,(#1136,#1137,#1138,#1139,#1140,#1141,#1142,
#1143,#1144),.UNSPECIFIED.,.F.,.F.,(4,1,1,1,1,1,4),(0.E0,2.5E-1,5.E-1,6.25E-1,
7.5E-1,8.75E-1,1.E0),.UNSPECIFIED.);
#1155=B_SPLINE_CURVE_WITH_KNOTS('',3,(#1146,#1147,#1148,#1149,#1150,#1151,#1152,
#1153,#1154),.UNSPECIFIED.,.F.,.F.,(4,1,1,1,1,1,4),(0.E0,1.25E-1,2.5E-1,5.E-1,
7.5E-1,8.75E-1,1.E0),.UNSPECIFIED.);
#1166=B_SPLINE_CURVE_WITH_KNOTS('',3,(#1156,#1157,#1158,#1159,#1160,#1161,#1162,
#1163,#1164,#1165),.UNSPECIFIED.,.F.,.F.,(4,1,1,1,1,1,1,4),(0.E0,2.5E-1,5.E-1,
6.25E-1,7.5E-1,8.75E-1,9.375E-1,1.E0),.UNSPECIFIED.);
#1212=B_SPLINE_CURVE_WITH_KNOTS('',3,(#1203,#1204,#1205,#1206,#1207,#1208,#1209,
#1210,#1211),.UNSPECIFIED.,.F.,.F.,(4,1,1,1,1,1,4),(0.E0,1.25E-1,2.5E-1,5.E-1,
7.5E-1,8.75E-1,1.E0),.UNSPECIFIED.);
#1223=B_SPLINE_CURVE_WITH_KNOTS('',3,(#1213,#1214,#1215,#1216,#1217,#1218,#1219,
#1220,#1221,#1222),.UNSPECIFIED.,.F.,.F.,(4,1,1,1,1,1,1,4),(0.E0,6.25E-2,
1.25E-1,2.5E-1,3.75E-1,5.E-1,7.5E-1,1.E0),.UNSPECIFIED.);
#1252=CIRCLE('',#1251,1.5E-1);
#1261=CIRCLE('',#1260,5.E-2);
#1270=CIRCLE('',#1269,5.E-2);
#1279=CIRCLE('',#1278,1.5E-1);
#1389=B_SPLINE_CURVE_WITH_KNOTS('',3,(#1380,#1381,#1382,#1383,#1384,#1385,#1386,
#1387,#1388),.UNSPECIFIED.,.F.,.F.,(4,1,1,1,1,1,4),(0.E0,1.25E-1,2.5E-1,3.75E-1,
5.E-1,7.5E-1,1.E0),.UNSPECIFIED.);
#1399=B_SPLINE_CURVE_WITH_KNOTS('',3,(#1390,#1391,#1392,#1393,#1394,#1395,#1396,
#1397,#1398),.UNSPECIFIED.,.F.,.F.,(4,1,1,1,1,1,4),(0.E0,2.5E-1,5.E-1,6.25E-1,
7.5E-1,8.75E-1,1.E0),.UNSPECIFIED.);
#1409=B_SPLINE_CURVE_WITH_KNOTS('',3,(#1400,#1401,#1402,#1403,#1404,#1405,#1406,
#1407,#1408),.UNSPECIFIED.,.F.,.F.,(4,1,1,1,1,1,4),(0.E0,1.25E-1,2.5E-1,5.E-1,
7.5E-1,8.75E-1,1.E0),.UNSPECIFIED.);
#1420=B_SPLINE_CURVE_WITH_KNOTS('',3,(#1410,#1411,#1412,#1413,#1414,#1415,#1416,
#1417,#1418,#1419),.UNSPECIFIED.,.F.,.F.,(4,1,1,1,1,1,1,4),(0.E0,2.5E-1,5.E-1,
6.25E-1,7.5E-1,8.75E-1,9.375E-1,1.E0),.UNSPECIFIED.);
#1466=B_SPLINE_CURVE_WITH_KNOTS('',3,(#1457,#1458,#1459,#1460,#1461,#1462,#1463,
#1464,#1465),.UNSPECIFIED.,.F.,.F.,(4,1,1,1,1,1,4),(0.E0,1.25E-1,2.5E-1,5.E-1,
7.5E-1,8.75E-1,1.E0),.UNSPECIFIED.);
#1477=B_SPLINE_CURVE_WITH_KNOTS('',3,(#1467,#1468,#1469,#1470,#1471,#1472,#1473,
#1474,#1475,#1476),.UNSPECIFIED.,.F.,.F.,(4,1,1,1,1,1,1,4),(0.E0,6.25E-2,
1.25E-1,2.5E-1,3.75E-1,5.E-1,7.5E-1,1.E0),.UNSPECIFIED.);
#1498=CIRCLE('',#1497,1.5E-1);
#1507=CIRCLE('',#1506,5.E-2);
#1520=CIRCLE('',#1519,1.5E-1);
#1529=CIRCLE('',#1528,5.E-2);
#1558=CIRCLE('',#1557,1.5E-1);
#1599=CIRCLE('',#1598,1.5E-1);
#1644=CIRCLE('',#1643,1.45E0);
#1649=CIRCLE('',#1648,1.45E0);
#1654=CIRCLE('',#1653,1.45E0);
#1659=CIRCLE('',#1658,1.45E0);
#1664=CIRCLE('',#1663,1.45E0);
#1669=CIRCLE('',#1668,1.45E0);
#1674=CIRCLE('',#1673,1.45E0);
#1679=CIRCLE('',#1678,1.45E0);
#1688=CIRCLE('',#1687,1.5E-1);
#1697=CIRCLE('',#1696,5.E-2);
#1706=CIRCLE('',#1705,5.E-2);
#1715=CIRCLE('',#1714,1.5E-1);
#1720=CIRCLE('',#1719,1.5E-1);
#1729=CIRCLE('',#1728,5.E-2);
#1738=CIRCLE('',#1737,5.E-2);
#1747=CIRCLE('',#1746,1.5E-1);
#1756=CIRCLE('',#1755,5.E-2);
#1765=CIRCLE('',#1764,1.5E-1);
#1774=CIRCLE('',#1773,1.5E-1);
#1783=CIRCLE('',#1782,5.E-2);
#1788=CIRCLE('',#1787,5.E-2);
#1797=CIRCLE('',#1796,1.5E-1);
#1806=CIRCLE('',#1805,1.5E-1);
#1815=CIRCLE('',#1814,5.E-2);
#1839=B_SPLINE_CURVE_WITH_KNOTS('',3,(#1828,#1829,#1830,#1831,#1832,#1833,#1834,
#1835,#1836,#1837,#1838),.UNSPECIFIED.,.F.,.F.,(4,1,1,1,1,1,1,1,4),(0.E0,
1.25E-1,2.5E-1,3.75E-1,5.E-1,6.25E-1,7.5E-1,8.75E-1,1.E0),.UNSPECIFIED.);
#1862=B_SPLINE_CURVE_WITH_KNOTS('',3,(#1840,#1841,#1842,#1843,#1844,#1845,#1846,
#1847,#1848,#1849,#1850,#1851,#1852,#1853,#1854,#1855,#1856,#1857,#1858,#1859,
#1860,#1861),.UNSPECIFIED.,.F.,.F.,(4,1,1,1,1,1,1,1,1,1,1,1,1,1,1,1,1,1,1,4),(
0.E0,5.263157894737E-2,1.052631578947E-1,1.578947368421E-1,2.105263157895E-1,
2.631578947368E-1,3.157894736842E-1,3.684210526316E-1,4.210526315789E-1,
4.736842105263E-1,5.263157894737E-1,5.789473684211E-1,6.315789473684E-1,
6.842105263158E-1,7.368421052632E-1,7.894736842105E-1,8.421052631579E-1,
8.947368421053E-1,9.473684210526E-1,1.E0),.UNSPECIFIED.);
#1868=B_SPLINE_CURVE_WITH_KNOTS('',3,(#1863,#1864,#1865,#1866,#1867),
.UNSPECIFIED.,.F.,.F.,(4,1,4),(0.E0,5.E-1,1.E0),.UNSPECIFIED.);
#1891=B_SPLINE_CURVE_WITH_KNOTS('',3,(#1869,#1870,#1871,#1872,#1873,#1874,#1875,
#1876,#1877,#1878,#1879,#1880,#1881,#1882,#1883,#1884,#1885,#1886,#1887,#1888,
#1889,#1890),.UNSPECIFIED.,.F.,.F.,(4,1,1,1,1,1,1,1,1,1,1,1,1,1,1,1,1,1,1,4),(
0.E0,5.263157894737E-2,1.052631578947E-1,1.578947368421E-1,2.105263157895E-1,
2.631578947368E-1,3.157894736842E-1,3.684210526316E-1,4.210526315789E-1,
4.736842105263E-1,5.263157894737E-1,5.789473684211E-1,6.315789473684E-1,
6.842105263158E-1,7.368421052632E-1,7.894736842105E-1,8.421052631579E-1,
8.947368421053E-1,9.473684210526E-1,1.E0),.UNSPECIFIED.);
#1903=B_SPLINE_CURVE_WITH_KNOTS('',3,(#1892,#1893,#1894,#1895,#1896,#1897,#1898,
#1899,#1900,#1901,#1902),.UNSPECIFIED.,.F.,.F.,(4,1,1,1,1,1,1,1,4),(0.E0,
1.25E-1,2.5E-1,3.75E-1,5.E-1,6.25E-1,7.5E-1,8.75E-1,1.E0),.UNSPECIFIED.);
#1926=B_SPLINE_CURVE_WITH_KNOTS('',3,(#1904,#1905,#1906,#1907,#1908,#1909,#1910,
#1911,#1912,#1913,#1914,#1915,#1916,#1917,#1918,#1919,#1920,#1921,#1922,#1923,
#1924,#1925),.UNSPECIFIED.,.F.,.F.,(4,1,1,1,1,1,1,1,1,1,1,1,1,1,1,1,1,1,1,4),(
0.E0,5.263157894737E-2,1.052631578947E-1,1.578947368421E-1,2.105263157895E-1,
2.631578947368E-1,3.157894736842E-1,3.684210526316E-1,4.210526315789E-1,
4.736842105263E-1,5.263157894737E-1,5.789473684211E-1,6.315789473684E-1,
6.842105263158E-1,7.368421052632E-1,7.894736842105E-1,8.421052631579E-1,
8.947368421053E-1,9.473684210526E-1,1.E0),.UNSPECIFIED.);
#1932=B_SPLINE_CURVE_WITH_KNOTS('',3,(#1927,#1928,#1929,#1930,#1931),
.UNSPECIFIED.,.F.,.F.,(4,1,4),(0.E0,5.E-1,1.E0),.UNSPECIFIED.);
#1955=B_SPLINE_CURVE_WITH_KNOTS('',3,(#1933,#1934,#1935,#1936,#1937,#1938,#1939,
#1940,#1941,#1942,#1943,#1944,#1945,#1946,#1947,#1948,#1949,#1950,#1951,#1952,
#1953,#1954),.UNSPECIFIED.,.F.,.F.,(4,1,1,1,1,1,1,1,1,1,1,1,1,1,1,1,1,1,1,4),(
0.E0,5.263157894737E-2,1.052631578947E-1,1.578947368421E-1,2.105263157895E-1,
2.631578947368E-1,3.157894736842E-1,3.684210526316E-1,4.210526315789E-1,
4.736842105263E-1,5.263157894737E-1,5.789473684211E-1,6.315789473684E-1,
6.842105263158E-1,7.368421052632E-1,7.894736842105E-1,8.421052631579E-1,
8.947368421053E-1,9.473684210526E-1,1.E0),.UNSPECIFIED.);
#1960=CIRCLE('',#1959,1.45E0);
#1965=CIRCLE('',#1964,1.45E0);
#1981=B_SPLINE_CURVE_WITH_KNOTS('',3,(#1970,#1971,#1972,#1973,#1974,#1975,#1976,
#1977,#1978,#1979,#1980),.UNSPECIFIED.,.F.,.F.,(4,1,1,1,1,1,1,1,4),(0.E0,
1.25E-1,2.5E-1,3.75E-1,5.E-1,6.25E-1,7.5E-1,8.75E-1,1.E0),.UNSPECIFIED.);
#2004=B_SPLINE_CURVE_WITH_KNOTS('',3,(#1982,#1983,#1984,#1985,#1986,#1987,#1988,
#1989,#1990,#1991,#1992,#1993,#1994,#1995,#1996,#1997,#1998,#1999,#2000,#2001,
#2002,#2003),.UNSPECIFIED.,.F.,.F.,(4,1,1,1,1,1,1,1,1,1,1,1,1,1,1,1,1,1,1,4),(
0.E0,5.263157894737E-2,1.052631578947E-1,1.578947368421E-1,2.105263157895E-1,
2.631578947368E-1,3.157894736842E-1,3.684210526316E-1,4.210526315789E-1,
4.736842105263E-1,5.263157894737E-1,5.789473684211E-1,6.315789473684E-1,
6.842105263158E-1,7.368421052632E-1,7.894736842105E-1,8.421052631579E-1,
8.947368421053E-1,9.473684210526E-1,1.E0),.UNSPECIFIED.);
#2010=B_SPLINE_CURVE_WITH_KNOTS('',3,(#2005,#2006,#2007,#2008,#2009),
.UNSPECIFIED.,.F.,.F.,(4,1,4),(0.E0,5.E-1,1.E0),.UNSPECIFIED.);
#2033=B_SPLINE_CURVE_WITH_KNOTS('',3,(#2011,#2012,#2013,#2014,#2015,#2016,#2017,
#2018,#2019,#2020,#2021,#2022,#2023,#2024,#2025,#2026,#2027,#2028,#2029,#2030,
#2031,#2032),.UNSPECIFIED.,.F.,.F.,(4,1,1,1,1,1,1,1,1,1,1,1,1,1,1,1,1,1,1,4),(
0.E0,5.263157894737E-2,1.052631578947E-1,1.578947368421E-1,2.105263157895E-1,
2.631578947368E-1,3.157894736842E-1,3.684210526316E-1,4.210526315789E-1,
4.736842105263E-1,5.263157894737E-1,5.789473684211E-1,6.315789473684E-1,
6.842105263158E-1,7.368421052632E-1,7.894736842105E-1,8.421052631579E-1,
8.947368421053E-1,9.473684210526E-1,1.E0),.UNSPECIFIED.);
#2045=B_SPLINE_CURVE_WITH_KNOTS('',3,(#2034,#2035,#2036,#2037,#2038,#2039,#2040,
#2041,#2042,#2043,#2044),.UNSPECIFIED.,.F.,.F.,(4,1,1,1,1,1,1,1,4),(0.E0,
1.25E-1,2.5E-1,3.75E-1,5.E-1,6.25E-1,7.5E-1,8.75E-1,1.E0),.UNSPECIFIED.);
#2068=B_SPLINE_CURVE_WITH_KNOTS('',3,(#2046,#2047,#2048,#2049,#2050,#2051,#2052,
#2053,#2054,#2055,#2056,#2057,#2058,#2059,#2060,#2061,#2062,#2063,#2064,#2065,
#2066,#2067),.UNSPECIFIED.,.F.,.F.,(4,1,1,1,1,1,1,1,1,1,1,1,1,1,1,1,1,1,1,4),(
0.E0,5.263157894737E-2,1.052631578947E-1,1.578947368421E-1,2.105263157895E-1,
2.631578947368E-1,3.157894736842E-1,3.684210526316E-1,4.210526315789E-1,
4.736842105263E-1,5.263157894737E-1,5.789473684211E-1,6.315789473684E-1,
6.842105263158E-1,7.368421052632E-1,7.894736842105E-1,8.421052631579E-1,
8.947368421053E-1,9.473684210526E-1,1.E0),.UNSPECIFIED.);
#2074=B_SPLINE_CURVE_WITH_KNOTS('',3,(#2069,#2070,#2071,#2072,#2073),
.UNSPECIFIED.,.F.,.F.,(4,1,4),(0.E0,5.E-1,1.E0),.UNSPECIFIED.);
#2097=B_SPLINE_CURVE_WITH_KNOTS('',3,(#2075,#2076,#2077,#2078,#2079,#2080,#2081,
#2082,#2083,#2084,#2085,#2086,#2087,#2088,#2089,#2090,#2091,#2092,#2093,#2094,
#2095,#2096),.UNSPECIFIED.,.F.,.F.,(4,1,1,1,1,1,1,1,1,1,1,1,1,1,1,1,1,1,1,4),(
0.E0,5.263157894737E-2,1.052631578947E-1,1.578947368421E-1,2.105263157895E-1,
2.631578947368E-1,3.157894736842E-1,3.684210526316E-1,4.210526315789E-1,
4.736842105263E-1,5.263157894737E-1,5.789473684211E-1,6.315789473684E-1,
6.842105263158E-1,7.368421052632E-1,7.894736842105E-1,8.421052631579E-1,
8.947368421053E-1,9.473684210526E-1,1.E0),.UNSPECIFIED.);
#2106=CIRCLE('',#2105,1.45E0);
#2115=CIRCLE('',#2114,1.45E0);
#2124=CIRCLE('',#2123,1.45E0);
#2133=CIRCLE('',#2132,1.45E0);
#2197=B_SPLINE_CURVE_WITH_KNOTS('',3,(#2186,#2187,#2188,#2189,#2190,#2191,#2192,
#2193,#2194,#2195,#2196),.UNSPECIFIED.,.F.,.F.,(4,1,1,1,1,1,1,1,4),(0.E0,
1.25E-1,2.5E-1,3.75E-1,5.E-1,6.25E-1,7.5E-1,8.75E-1,1.E0),.UNSPECIFIED.);
#2219=B_SPLINE_CURVE_WITH_KNOTS('',3,(#2198,#2199,#2200,#2201,#2202,#2203,#2204,
#2205,#2206,#2207,#2208,#2209,#2210,#2211,#2212,#2213,#2214,#2215,#2216,#2217,
#2218),.UNSPECIFIED.,.F.,.F.,(4,1,1,1,1,1,1,1,1,1,1,1,1,1,1,1,1,1,4),(0.E0,
5.555555555556E-2,1.111111111111E-1,1.666666666667E-1,2.222222222222E-1,
2.777777777778E-1,3.333333333333E-1,3.888888888889E-1,4.444444444444E-1,5.E-1,
5.555555555556E-1,6.111111111111E-1,6.666666666667E-1,7.222222222222E-1,
7.777777777778E-1,8.333333333333E-1,8.888888888889E-1,9.444444444444E-1,1.E0),
.UNSPECIFIED.);
#2225=B_SPLINE_CURVE_WITH_KNOTS('',3,(#2220,#2221,#2222,#2223,#2224),
.UNSPECIFIED.,.F.,.F.,(4,1,4),(0.E0,5.E-1,1.E0),.UNSPECIFIED.);
#2247=B_SPLINE_CURVE_WITH_KNOTS('',3,(#2226,#2227,#2228,#2229,#2230,#2231,#2232,
#2233,#2234,#2235,#2236,#2237,#2238,#2239,#2240,#2241,#2242,#2243,#2244,#2245,
#2246),.UNSPECIFIED.,.F.,.F.,(4,1,1,1,1,1,1,1,1,1,1,1,1,1,1,1,1,1,4),(0.E0,
5.555555555556E-2,1.111111111111E-1,1.666666666667E-1,2.222222222222E-1,
2.777777777778E-1,3.333333333333E-1,3.888888888889E-1,4.444444444444E-1,5.E-1,
5.555555555556E-1,6.111111111111E-1,6.666666666667E-1,7.222222222222E-1,
7.777777777778E-1,8.333333333333E-1,8.888888888889E-1,9.444444444444E-1,1.E0),
.UNSPECIFIED.);
#2259=B_SPLINE_CURVE_WITH_KNOTS('',3,(#2248,#2249,#2250,#2251,#2252,#2253,#2254,
#2255,#2256,#2257,#2258),.UNSPECIFIED.,.F.,.F.,(4,1,1,1,1,1,1,1,4),(0.E0,
1.25E-1,2.5E-1,3.75E-1,5.E-1,6.25E-1,7.5E-1,8.75E-1,1.E0),.UNSPECIFIED.);
#2281=B_SPLINE_CURVE_WITH_KNOTS('',3,(#2260,#2261,#2262,#2263,#2264,#2265,#2266,
#2267,#2268,#2269,#2270,#2271,#2272,#2273,#2274,#2275,#2276,#2277,#2278,#2279,
#2280),.UNSPECIFIED.,.F.,.F.,(4,1,1,1,1,1,1,1,1,1,1,1,1,1,1,1,1,1,4),(0.E0,
5.555555555556E-2,1.111111111111E-1,1.666666666667E-1,2.222222222222E-1,
2.777777777778E-1,3.333333333333E-1,3.888888888889E-1,4.444444444444E-1,5.E-1,
5.555555555556E-1,6.111111111111E-1,6.666666666667E-1,7.222222222222E-1,
7.777777777778E-1,8.333333333333E-1,8.888888888889E-1,9.444444444444E-1,1.E0),
.UNSPECIFIED.);
#2287=B_SPLINE_CURVE_WITH_KNOTS('',3,(#2282,#2283,#2284,#2285,#2286),
.UNSPECIFIED.,.F.,.F.,(4,1,4),(0.E0,5.E-1,1.E0),.UNSPECIFIED.);
#2309=B_SPLINE_CURVE_WITH_KNOTS('',3,(#2288,#2289,#2290,#2291,#2292,#2293,#2294,
#2295,#2296,#2297,#2298,#2299,#2300,#2301,#2302,#2303,#2304,#2305,#2306,#2307,
#2308),.UNSPECIFIED.,.F.,.F.,(4,1,1,1,1,1,1,1,1,1,1,1,1,1,1,1,1,1,4),(0.E0,
5.555555555556E-2,1.111111111111E-1,1.666666666667E-1,2.222222222222E-1,
2.777777777778E-1,3.333333333333E-1,3.888888888889E-1,4.444444444444E-1,5.E-1,
5.555555555556E-1,6.111111111111E-1,6.666666666667E-1,7.222222222222E-1,
7.777777777778E-1,8.333333333333E-1,8.888888888889E-1,9.444444444444E-1,1.E0),
.UNSPECIFIED.);
#2314=CIRCLE('',#2313,1.45E0);
#2319=CIRCLE('',#2318,1.45E0);
#2335=B_SPLINE_CURVE_WITH_KNOTS('',3,(#2324,#2325,#2326,#2327,#2328,#2329,#2330,
#2331,#2332,#2333,#2334),.UNSPECIFIED.,.F.,.F.,(4,1,1,1,1,1,1,1,4),(0.E0,
1.25E-1,2.5E-1,3.75E-1,5.E-1,6.25E-1,7.5E-1,8.75E-1,1.E0),.UNSPECIFIED.);
#2357=B_SPLINE_CURVE_WITH_KNOTS('',3,(#2336,#2337,#2338,#2339,#2340,#2341,#2342,
#2343,#2344,#2345,#2346,#2347,#2348,#2349,#2350,#2351,#2352,#2353,#2354,#2355,
#2356),.UNSPECIFIED.,.F.,.F.,(4,1,1,1,1,1,1,1,1,1,1,1,1,1,1,1,1,1,4),(0.E0,
5.555555555556E-2,1.111111111111E-1,1.666666666667E-1,2.222222222222E-1,
2.777777777778E-1,3.333333333333E-1,3.888888888889E-1,4.444444444444E-1,5.E-1,
5.555555555556E-1,6.111111111111E-1,6.666666666667E-1,7.222222222222E-1,
7.777777777778E-1,8.333333333333E-1,8.888888888889E-1,9.444444444444E-1,1.E0),
.UNSPECIFIED.);
#2363=B_SPLINE_CURVE_WITH_KNOTS('',3,(#2358,#2359,#2360,#2361,#2362),
.UNSPECIFIED.,.F.,.F.,(4,1,4),(0.E0,5.E-1,1.E0),.UNSPECIFIED.);
#2385=B_SPLINE_CURVE_WITH_KNOTS('',3,(#2364,#2365,#2366,#2367,#2368,#2369,#2370,
#2371,#2372,#2373,#2374,#2375,#2376,#2377,#2378,#2379,#2380,#2381,#2382,#2383,
#2384),.UNSPECIFIED.,.F.,.F.,(4,1,1,1,1,1,1,1,1,1,1,1,1,1,1,1,1,1,4),(0.E0,
5.555555555556E-2,1.111111111111E-1,1.666666666667E-1,2.222222222222E-1,
2.777777777778E-1,3.333333333333E-1,3.888888888889E-1,4.444444444444E-1,5.E-1,
5.555555555556E-1,6.111111111111E-1,6.666666666667E-1,7.222222222222E-1,
7.777777777778E-1,8.333333333333E-1,8.888888888889E-1,9.444444444444E-1,1.E0),
.UNSPECIFIED.);
#2397=B_SPLINE_CURVE_WITH_KNOTS('',3,(#2386,#2387,#2388,#2389,#2390,#2391,#2392,
#2393,#2394,#2395,#2396),.UNSPECIFIED.,.F.,.F.,(4,1,1,1,1,1,1,1,4),(0.E0,
1.25E-1,2.5E-1,3.75E-1,5.E-1,6.25E-1,7.5E-1,8.75E-1,1.E0),.UNSPECIFIED.);
#2419=B_SPLINE_CURVE_WITH_KNOTS('',3,(#2398,#2399,#2400,#2401,#2402,#2403,#2404,
#2405,#2406,#2407,#2408,#2409,#2410,#2411,#2412,#2413,#2414,#2415,#2416,#2417,
#2418),.UNSPECIFIED.,.F.,.F.,(4,1,1,1,1,1,1,1,1,1,1,1,1,1,1,1,1,1,4),(0.E0,
5.555555555556E-2,1.111111111111E-1,1.666666666667E-1,2.222222222222E-1,
2.777777777778E-1,3.333333333333E-1,3.888888888889E-1,4.444444444444E-1,5.E-1,
5.555555555556E-1,6.111111111111E-1,6.666666666667E-1,7.222222222222E-1,
7.777777777778E-1,8.333333333333E-1,8.888888888889E-1,9.444444444444E-1,1.E0),
.UNSPECIFIED.);
#2425=B_SPLINE_CURVE_WITH_KNOTS('',3,(#2420,#2421,#2422,#2423,#2424),
.UNSPECIFIED.,.F.,.F.,(4,1,4),(0.E0,5.E-1,1.E0),.UNSPECIFIED.);
#2447=B_SPLINE_CURVE_WITH_KNOTS('',3,(#2426,#2427,#2428,#2429,#2430,#2431,#2432,
#2433,#2434,#2435,#2436,#2437,#2438,#2439,#2440,#2441,#2442,#2443,#2444,#2445,
#2446),.UNSPECIFIED.,.F.,.F.,(4,1,1,1,1,1,1,1,1,1,1,1,1,1,1,1,1,1,4),(0.E0,
5.555555555556E-2,1.111111111111E-1,1.666666666667E-1,2.222222222222E-1,
2.777777777778E-1,3.333333333333E-1,3.888888888889E-1,4.444444444444E-1,5.E-1,
5.555555555556E-1,6.111111111111E-1,6.666666666667E-1,7.222222222222E-1,
7.777777777778E-1,8.333333333333E-1,8.888888888889E-1,9.444444444444E-1,1.E0),
.UNSPECIFIED.);
#2456=CIRCLE('',#2455,1.45E0);
#2465=CIRCLE('',#2464,1.45E0);
#2474=CIRCLE('',#2473,1.45E0);
#2483=CIRCLE('',#2482,1.45E0);
#2547=B_SPLINE_CURVE_WITH_KNOTS('',3,(#2536,#2537,#2538,#2539,#2540,#2541,#2542,
#2543,#2544,#2545,#2546),.UNSPECIFIED.,.F.,.F.,(4,1,1,1,1,1,1,1,4),(0.E0,
1.25E-1,2.5E-1,3.75E-1,5.E-1,6.25E-1,7.5E-1,8.75E-1,1.E0),.UNSPECIFIED.);
#2569=B_SPLINE_CURVE_WITH_KNOTS('',3,(#2548,#2549,#2550,#2551,#2552,#2553,#2554,
#2555,#2556,#2557,#2558,#2559,#2560,#2561,#2562,#2563,#2564,#2565,#2566,#2567,
#2568),.UNSPECIFIED.,.F.,.F.,(4,1,1,1,1,1,1,1,1,1,1,1,1,1,1,1,1,1,4),(0.E0,
5.555555555556E-2,1.111111111111E-1,1.666666666667E-1,2.222222222222E-1,
2.777777777778E-1,3.333333333333E-1,3.888888888889E-1,4.444444444444E-1,5.E-1,
5.555555555556E-1,6.111111111111E-1,6.666666666667E-1,7.222222222222E-1,
7.777777777778E-1,8.333333333333E-1,8.888888888889E-1,9.444444444444E-1,1.E0),
.UNSPECIFIED.);
#2575=B_SPLINE_CURVE_WITH_KNOTS('',3,(#2570,#2571,#2572,#2573,#2574),
.UNSPECIFIED.,.F.,.F.,(4,1,4),(0.E0,5.E-1,1.E0),.UNSPECIFIED.);
#2597=B_SPLINE_CURVE_WITH_KNOTS('',3,(#2576,#2577,#2578,#2579,#2580,#2581,#2582,
#2583,#2584,#2585,#2586,#2587,#2588,#2589,#2590,#2591,#2592,#2593,#2594,#2595,
#2596),.UNSPECIFIED.,.F.,.F.,(4,1,1,1,1,1,1,1,1,1,1,1,1,1,1,1,1,1,4),(0.E0,
5.555555555556E-2,1.111111111111E-1,1.666666666667E-1,2.222222222222E-1,
2.777777777778E-1,3.333333333333E-1,3.888888888889E-1,4.444444444444E-1,5.E-1,
5.555555555556E-1,6.111111111111E-1,6.666666666667E-1,7.222222222222E-1,
7.777777777778E-1,8.333333333333E-1,8.888888888889E-1,9.444444444444E-1,1.E0),
.UNSPECIFIED.);
#2609=B_SPLINE_CURVE_WITH_KNOTS('',3,(#2598,#2599,#2600,#2601,#2602,#2603,#2604,
#2605,#2606,#2607,#2608),.UNSPECIFIED.,.F.,.F.,(4,1,1,1,1,1,1,1,4),(0.E0,
1.25E-1,2.5E-1,3.75E-1,5.E-1,6.25E-1,7.5E-1,8.75E-1,1.E0),.UNSPECIFIED.);
#2631=B_SPLINE_CURVE_WITH_KNOTS('',3,(#2610,#2611,#2612,#2613,#2614,#2615,#2616,
#2617,#2618,#2619,#2620,#2621,#2622,#2623,#2624,#2625,#2626,#2627,#2628,#2629,
#2630),.UNSPECIFIED.,.F.,.F.,(4,1,1,1,1,1,1,1,1,1,1,1,1,1,1,1,1,1,4),(0.E0,
5.555555555556E-2,1.111111111111E-1,1.666666666667E-1,2.222222222222E-1,
2.777777777778E-1,3.333333333333E-1,3.888888888889E-1,4.444444444444E-1,5.E-1,
5.555555555556E-1,6.111111111111E-1,6.666666666667E-1,7.222222222222E-1,
7.777777777778E-1,8.333333333333E-1,8.888888888889E-1,9.444444444444E-1,1.E0),
.UNSPECIFIED.);
#2637=B_SPLINE_CURVE_WITH_KNOTS('',3,(#2632,#2633,#2634,#2635,#2636),
.UNSPECIFIED.,.F.,.F.,(4,1,4),(0.E0,5.E-1,1.E0),.UNSPECIFIED.);
#2659=B_SPLINE_CURVE_WITH_KNOTS('',3,(#2638,#2639,#2640,#2641,#2642,#2643,#2644,
#2645,#2646,#2647,#2648,#2649,#2650,#2651,#2652,#2653,#2654,#2655,#2656,#2657,
#2658),.UNSPECIFIED.,.F.,.F.,(4,1,1,1,1,1,1,1,1,1,1,1,1,1,1,1,1,1,4),(0.E0,
5.555555555556E-2,1.111111111111E-1,1.666666666667E-1,2.222222222222E-1,
2.777777777778E-1,3.333333333333E-1,3.888888888889E-1,4.444444444444E-1,5.E-1,
5.555555555556E-1,6.111111111111E-1,6.666666666667E-1,7.222222222222E-1,
7.777777777778E-1,8.333333333333E-1,8.888888888889E-1,9.444444444444E-1,1.E0),
.UNSPECIFIED.);
#2664=CIRCLE('',#2663,1.45E0);
#2669=CIRCLE('',#2668,1.45E0);
#2685=B_SPLINE_CURVE_WITH_KNOTS('',3,(#2674,#2675,#2676,#2677,#2678,#2679,#2680,
#2681,#2682,#2683,#2684),.UNSPECIFIED.,.F.,.F.,(4,1,1,1,1,1,1,1,4),(0.E0,
1.25E-1,2.5E-1,3.75E-1,5.E-1,6.25E-1,7.5E-1,8.75E-1,1.E0),.UNSPECIFIED.);
#2707=B_SPLINE_CURVE_WITH_KNOTS('',3,(#2686,#2687,#2688,#2689,#2690,#2691,#2692,
#2693,#2694,#2695,#2696,#2697,#2698,#2699,#2700,#2701,#2702,#2703,#2704,#2705,
#2706),.UNSPECIFIED.,.F.,.F.,(4,1,1,1,1,1,1,1,1,1,1,1,1,1,1,1,1,1,4),(0.E0,
5.555555555556E-2,1.111111111111E-1,1.666666666667E-1,2.222222222222E-1,
2.777777777778E-1,3.333333333333E-1,3.888888888889E-1,4.444444444444E-1,5.E-1,
5.555555555556E-1,6.111111111111E-1,6.666666666667E-1,7.222222222222E-1,
7.777777777778E-1,8.333333333333E-1,8.888888888889E-1,9.444444444444E-1,1.E0),
.UNSPECIFIED.);
#2713=B_SPLINE_CURVE_WITH_KNOTS('',3,(#2708,#2709,#2710,#2711,#2712),
.UNSPECIFIED.,.F.,.F.,(4,1,4),(0.E0,5.E-1,1.E0),.UNSPECIFIED.);
#2735=B_SPLINE_CURVE_WITH_KNOTS('',3,(#2714,#2715,#2716,#2717,#2718,#2719,#2720,
#2721,#2722,#2723,#2724,#2725,#2726,#2727,#2728,#2729,#2730,#2731,#2732,#2733,
#2734),.UNSPECIFIED.,.F.,.F.,(4,1,1,1,1,1,1,1,1,1,1,1,1,1,1,1,1,1,4),(0.E0,
5.555555555556E-2,1.111111111111E-1,1.666666666667E-1,2.222222222222E-1,
2.777777777778E-1,3.333333333333E-1,3.888888888889E-1,4.444444444444E-1,5.E-1,
5.555555555556E-1,6.111111111111E-1,6.666666666667E-1,7.222222222222E-1,
7.777777777778E-1,8.333333333333E-1,8.888888888889E-1,9.444444444444E-1,1.E0),
.UNSPECIFIED.);
#2747=B_SPLINE_CURVE_WITH_KNOTS('',3,(#2736,#2737,#2738,#2739,#2740,#2741,#2742,
#2743,#2744,#2745,#2746),.UNSPECIFIED.,.F.,.F.,(4,1,1,1,1,1,1,1,4),(0.E0,
1.25E-1,2.5E-1,3.75E-1,5.E-1,6.25E-1,7.5E-1,8.75E-1,1.E0),.UNSPECIFIED.);
#2769=B_SPLINE_CURVE_WITH_KNOTS('',3,(#2748,#2749,#2750,#2751,#2752,#2753,#2754,
#2755,#2756,#2757,#2758,#2759,#2760,#2761,#2762,#2763,#2764,#2765,#2766,#2767,
#2768),.UNSPECIFIED.,.F.,.F.,(4,1,1,1,1,1,1,1,1,1,1,1,1,1,1,1,1,1,4),(0.E0,
5.555555555556E-2,1.111111111111E-1,1.666666666667E-1,2.222222222222E-1,
2.777777777778E-1,3.333333333333E-1,3.888888888889E-1,4.444444444444E-1,5.E-1,
5.555555555556E-1,6.111111111111E-1,6.666666666667E-1,7.222222222222E-1,
7.777777777778E-1,8.333333333333E-1,8.888888888889E-1,9.444444444444E-1,1.E0),
.UNSPECIFIED.);
#2775=B_SPLINE_CURVE_WITH_KNOTS('',3,(#2770,#2771,#2772,#2773,#2774),
.UNSPECIFIED.,.F.,.F.,(4,1,4),(0.E0,5.E-1,1.E0),.UNSPECIFIED.);
#2797=B_SPLINE_CURVE_WITH_KNOTS('',3,(#2776,#2777,#2778,#2779,#2780,#2781,#2782,
#2783,#2784,#2785,#2786,#2787,#2788,#2789,#2790,#2791,#2792,#2793,#2794,#2795,
#2796),.UNSPECIFIED.,.F.,.F.,(4,1,1,1,1,1,1,1,1,1,1,1,1,1,1,1,1,1,4),(0.E0,
5.555555555556E-2,1.111111111111E-1,1.666666666667E-1,2.222222222222E-1,
2.777777777778E-1,3.333333333333E-1,3.888888888889E-1,4.444444444444E-1,5.E-1,
5.555555555556E-1,6.111111111111E-1,6.666666666667E-1,7.222222222222E-1,
7.777777777778E-1,8.333333333333E-1,8.888888888889E-1,9.444444444444E-1,1.E0),
.UNSPECIFIED.);
#2806=CIRCLE('',#2805,1.45E0);
#2815=CIRCLE('',#2814,1.45E0);
#2824=CIRCLE('',#2823,1.45E0);
#2833=CIRCLE('',#2832,1.45E0);
#2897=B_SPLINE_CURVE_WITH_KNOTS('',3,(#2886,#2887,#2888,#2889,#2890,#2891,#2892,
#2893,#2894,#2895,#2896),.UNSPECIFIED.,.F.,.F.,(4,1,1,1,1,1,1,1,4),(0.E0,
1.25E-1,2.5E-1,3.75E-1,5.E-1,6.25E-1,7.5E-1,8.75E-1,1.E0),.UNSPECIFIED.);
#2919=B_SPLINE_CURVE_WITH_KNOTS('',3,(#2898,#2899,#2900,#2901,#2902,#2903,#2904,
#2905,#2906,#2907,#2908,#2909,#2910,#2911,#2912,#2913,#2914,#2915,#2916,#2917,
#2918),.UNSPECIFIED.,.F.,.F.,(4,1,1,1,1,1,1,1,1,1,1,1,1,1,1,1,1,1,4),(0.E0,
5.555555555556E-2,1.111111111111E-1,1.666666666667E-1,2.222222222222E-1,
2.777777777778E-1,3.333333333333E-1,3.888888888889E-1,4.444444444444E-1,5.E-1,
5.555555555556E-1,6.111111111111E-1,6.666666666667E-1,7.222222222222E-1,
7.777777777778E-1,8.333333333333E-1,8.888888888889E-1,9.444444444444E-1,1.E0),
.UNSPECIFIED.);
#2925=B_SPLINE_CURVE_WITH_KNOTS('',3,(#2920,#2921,#2922,#2923,#2924),
.UNSPECIFIED.,.F.,.F.,(4,1,4),(0.E0,5.E-1,1.E0),.UNSPECIFIED.);
#2947=B_SPLINE_CURVE_WITH_KNOTS('',3,(#2926,#2927,#2928,#2929,#2930,#2931,#2932,
#2933,#2934,#2935,#2936,#2937,#2938,#2939,#2940,#2941,#2942,#2943,#2944,#2945,
#2946),.UNSPECIFIED.,.F.,.F.,(4,1,1,1,1,1,1,1,1,1,1,1,1,1,1,1,1,1,4),(0.E0,
5.555555555556E-2,1.111111111111E-1,1.666666666667E-1,2.222222222222E-1,
2.777777777778E-1,3.333333333333E-1,3.888888888889E-1,4.444444444444E-1,5.E-1,
5.555555555556E-1,6.111111111111E-1,6.666666666667E-1,7.222222222222E-1,
7.777777777778E-1,8.333333333333E-1,8.888888888889E-1,9.444444444444E-1,1.E0),
.UNSPECIFIED.);
#2959=B_SPLINE_CURVE_WITH_KNOTS('',3,(#2948,#2949,#2950,#2951,#2952,#2953,#2954,
#2955,#2956,#2957,#2958),.UNSPECIFIED.,.F.,.F.,(4,1,1,1,1,1,1,1,4),(0.E0,
1.25E-1,2.5E-1,3.75E-1,5.E-1,6.25E-1,7.5E-1,8.75E-1,1.E0),.UNSPECIFIED.);
#2981=B_SPLINE_CURVE_WITH_KNOTS('',3,(#2960,#2961,#2962,#2963,#2964,#2965,#2966,
#2967,#2968,#2969,#2970,#2971,#2972,#2973,#2974,#2975,#2976,#2977,#2978,#2979,
#2980),.UNSPECIFIED.,.F.,.F.,(4,1,1,1,1,1,1,1,1,1,1,1,1,1,1,1,1,1,4),(0.E0,
5.555555555556E-2,1.111111111111E-1,1.666666666667E-1,2.222222222222E-1,
2.777777777778E-1,3.333333333333E-1,3.888888888889E-1,4.444444444444E-1,5.E-1,
5.555555555556E-1,6.111111111111E-1,6.666666666667E-1,7.222222222222E-1,
7.777777777778E-1,8.333333333333E-1,8.888888888889E-1,9.444444444444E-1,1.E0),
.UNSPECIFIED.);
#2987=B_SPLINE_CURVE_WITH_KNOTS('',3,(#2982,#2983,#2984,#2985,#2986),
.UNSPECIFIED.,.F.,.F.,(4,1,4),(0.E0,5.E-1,1.E0),.UNSPECIFIED.);
#3009=B_SPLINE_CURVE_WITH_KNOTS('',3,(#2988,#2989,#2990,#2991,#2992,#2993,#2994,
#2995,#2996,#2997,#2998,#2999,#3000,#3001,#3002,#3003,#3004,#3005,#3006,#3007,
#3008),.UNSPECIFIED.,.F.,.F.,(4,1,1,1,1,1,1,1,1,1,1,1,1,1,1,1,1,1,4),(0.E0,
5.555555555556E-2,1.111111111111E-1,1.666666666667E-1,2.222222222222E-1,
2.777777777778E-1,3.333333333333E-1,3.888888888889E-1,4.444444444444E-1,5.E-1,
5.555555555556E-1,6.111111111111E-1,6.666666666667E-1,7.222222222222E-1,
7.777777777778E-1,8.333333333333E-1,8.888888888889E-1,9.444444444444E-1,1.E0),
.UNSPECIFIED.);
#3014=CIRCLE('',#3013,1.45E0);
#3019=CIRCLE('',#3018,1.45E0);
#3035=B_SPLINE_CURVE_WITH_KNOTS('',3,(#3024,#3025,#3026,#3027,#3028,#3029,#3030,
#3031,#3032,#3033,#3034),.UNSPECIFIED.,.F.,.F.,(4,1,1,1,1,1,1,1,4),(0.E0,
1.25E-1,2.5E-1,3.75E-1,5.E-1,6.25E-1,7.5E-1,8.75E-1,1.E0),.UNSPECIFIED.);
#3057=B_SPLINE_CURVE_WITH_KNOTS('',3,(#3036,#3037,#3038,#3039,#3040,#3041,#3042,
#3043,#3044,#3045,#3046,#3047,#3048,#3049,#3050,#3051,#3052,#3053,#3054,#3055,
#3056),.UNSPECIFIED.,.F.,.F.,(4,1,1,1,1,1,1,1,1,1,1,1,1,1,1,1,1,1,4),(0.E0,
5.555555555556E-2,1.111111111111E-1,1.666666666667E-1,2.222222222222E-1,
2.777777777778E-1,3.333333333333E-1,3.888888888889E-1,4.444444444444E-1,5.E-1,
5.555555555556E-1,6.111111111111E-1,6.666666666667E-1,7.222222222222E-1,
7.777777777778E-1,8.333333333333E-1,8.888888888889E-1,9.444444444444E-1,1.E0),
.UNSPECIFIED.);
#3063=B_SPLINE_CURVE_WITH_KNOTS('',3,(#3058,#3059,#3060,#3061,#3062),
.UNSPECIFIED.,.F.,.F.,(4,1,4),(0.E0,5.E-1,1.E0),.UNSPECIFIED.);
#3085=B_SPLINE_CURVE_WITH_KNOTS('',3,(#3064,#3065,#3066,#3067,#3068,#3069,#3070,
#3071,#3072,#3073,#3074,#3075,#3076,#3077,#3078,#3079,#3080,#3081,#3082,#3083,
#3084),.UNSPECIFIED.,.F.,.F.,(4,1,1,1,1,1,1,1,1,1,1,1,1,1,1,1,1,1,4),(0.E0,
5.555555555556E-2,1.111111111111E-1,1.666666666667E-1,2.222222222222E-1,
2.777777777778E-1,3.333333333333E-1,3.888888888889E-1,4.444444444444E-1,5.E-1,
5.555555555556E-1,6.111111111111E-1,6.666666666667E-1,7.222222222222E-1,
7.777777777778E-1,8.333333333333E-1,8.888888888889E-1,9.444444444444E-1,1.E0),
.UNSPECIFIED.);
#3097=B_SPLINE_CURVE_WITH_KNOTS('',3,(#3086,#3087,#3088,#3089,#3090,#3091,#3092,
#3093,#3094,#3095,#3096),.UNSPECIFIED.,.F.,.F.,(4,1,1,1,1,1,1,1,4),(0.E0,
1.25E-1,2.5E-1,3.75E-1,5.E-1,6.25E-1,7.5E-1,8.75E-1,1.E0),.UNSPECIFIED.);
#3119=B_SPLINE_CURVE_WITH_KNOTS('',3,(#3098,#3099,#3100,#3101,#3102,#3103,#3104,
#3105,#3106,#3107,#3108,#3109,#3110,#3111,#3112,#3113,#3114,#3115,#3116,#3117,
#3118),.UNSPECIFIED.,.F.,.F.,(4,1,1,1,1,1,1,1,1,1,1,1,1,1,1,1,1,1,4),(0.E0,
5.555555555556E-2,1.111111111111E-1,1.666666666667E-1,2.222222222222E-1,
2.777777777778E-1,3.333333333333E-1,3.888888888889E-1,4.444444444444E-1,5.E-1,
5.555555555556E-1,6.111111111111E-1,6.666666666667E-1,7.222222222222E-1,
7.777777777778E-1,8.333333333333E-1,8.888888888889E-1,9.444444444444E-1,1.E0),
.UNSPECIFIED.);
#3125=B_SPLINE_CURVE_WITH_KNOTS('',3,(#3120,#3121,#3122,#3123,#3124),
.UNSPECIFIED.,.F.,.F.,(4,1,4),(0.E0,5.E-1,1.E0),.UNSPECIFIED.);
#3147=B_SPLINE_CURVE_WITH_KNOTS('',3,(#3126,#3127,#3128,#3129,#3130,#3131,#3132,
#3133,#3134,#3135,#3136,#3137,#3138,#3139,#3140,#3141,#3142,#3143,#3144,#3145,
#3146),.UNSPECIFIED.,.F.,.F.,(4,1,1,1,1,1,1,1,1,1,1,1,1,1,1,1,1,1,4),(0.E0,
5.555555555556E-2,1.111111111111E-1,1.666666666667E-1,2.222222222222E-1,
2.777777777778E-1,3.333333333333E-1,3.888888888889E-1,4.444444444444E-1,5.E-1,
5.555555555556E-1,6.111111111111E-1,6.666666666667E-1,7.222222222222E-1,
7.777777777778E-1,8.333333333333E-1,8.888888888889E-1,9.444444444444E-1,1.E0),
.UNSPECIFIED.);
#3156=CIRCLE('',#3155,1.45E0);
#3165=CIRCLE('',#3164,1.45E0);
#3174=CIRCLE('',#3173,1.45E0);
#3183=CIRCLE('',#3182,1.45E0);
#3228=CIRCLE('',#3227,1.5E-1);
#3237=CIRCLE('',#3236,5.E-2);
#3246=CIRCLE('',#3245,5.E-2);
#3255=CIRCLE('',#3254,1.5E-1);
#3260=CIRCLE('',#3259,1.5E-1);
#3269=CIRCLE('',#3268,5.E-2);
#3278=CIRCLE('',#3277,5.E-2);
#3287=CIRCLE('',#3286,1.5E-1);
#3344=CIRCLE('',#3343,5.E-2);
#3349=CIRCLE('',#3348,5.E-2);
#3358=CIRCLE('',#3357,1.5E-1);
#3367=CIRCLE('',#3366,1.5E-1);
#3376=CIRCLE('',#3375,5.E-2);
#3381=CIRCLE('',#3380,5.E-2);
#3390=CIRCLE('',#3389,1.5E-1);
#3399=CIRCLE('',#3398,1.5E-1);
#3521=B_SPLINE_CURVE_WITH_KNOTS('',3,(#3512,#3513,#3514,#3515,#3516,#3517,#3518,
#3519,#3520),.UNSPECIFIED.,.F.,.F.,(4,1,1,1,1,1,4),(0.E0,1.25E-1,2.5E-1,3.75E-1,
5.E-1,7.5E-1,1.E0),.UNSPECIFIED.);
#3531=B_SPLINE_CURVE_WITH_KNOTS('',3,(#3522,#3523,#3524,#3525,#3526,#3527,#3528,
#3529,#3530),.UNSPECIFIED.,.F.,.F.,(4,1,1,1,1,1,4),(0.E0,2.5E-1,5.E-1,6.25E-1,
7.5E-1,8.75E-1,1.E0),.UNSPECIFIED.);
#3541=B_SPLINE_CURVE_WITH_KNOTS('',3,(#3532,#3533,#3534,#3535,#3536,#3537,#3538,
#3539,#3540),.UNSPECIFIED.,.F.,.F.,(4,1,1,1,1,1,4),(0.E0,1.25E-1,2.5E-1,5.E-1,
7.5E-1,8.75E-1,1.E0),.UNSPECIFIED.);
#3552=B_SPLINE_CURVE_WITH_KNOTS('',3,(#3542,#3543,#3544,#3545,#3546,#3547,#3548,
#3549,#3550,#3551),.UNSPECIFIED.,.F.,.F.,(4,1,1,1,1,1,1,4),(0.E0,2.5E-1,5.E-1,
6.25E-1,7.5E-1,8.75E-1,9.375E-1,1.E0),.UNSPECIFIED.);
#3598=B_SPLINE_CURVE_WITH_KNOTS('',3,(#3589,#3590,#3591,#3592,#3593,#3594,#3595,
#3596,#3597),.UNSPECIFIED.,.F.,.F.,(4,1,1,1,1,1,4),(0.E0,1.25E-1,2.5E-1,5.E-1,
7.5E-1,8.75E-1,1.E0),.UNSPECIFIED.);
#3609=B_SPLINE_CURVE_WITH_KNOTS('',3,(#3599,#3600,#3601,#3602,#3603,#3604,#3605,
#3606,#3607,#3608),.UNSPECIFIED.,.F.,.F.,(4,1,1,1,1,1,1,4),(0.E0,6.25E-2,
1.25E-1,2.5E-1,3.75E-1,5.E-1,7.5E-1,1.E0),.UNSPECIFIED.);
#3766=B_SPLINE_CURVE_WITH_KNOTS('',3,(#3758,#3759,#3760,#3761,#3762,#3763,#3764,
#3765),.UNSPECIFIED.,.F.,.F.,(4,1,1,1,1,4),(0.E0,2.E-1,4.E-1,6.E-1,8.E-1,1.E0),
.UNSPECIFIED.);
#3775=B_SPLINE_CURVE_WITH_KNOTS('',3,(#3767,#3768,#3769,#3770,#3771,#3772,#3773,
#3774),.UNSPECIFIED.,.F.,.F.,(4,1,1,1,1,4),(0.E0,2.E-1,4.E-1,6.E-1,8.E-1,1.E0),
.UNSPECIFIED.);
#3780=B_SPLINE_CURVE_WITH_KNOTS('',3,(#3776,#3777,#3778,#3779),.UNSPECIFIED.,
.F.,.F.,(4,4),(0.E0,1.E0),.UNSPECIFIED.);
#3795=B_SPLINE_CURVE_WITH_KNOTS('',3,(#3781,#3782,#3783,#3784,#3785,#3786,#3787,
#3788,#3789,#3790,#3791,#3792,#3793,#3794),.UNSPECIFIED.,.F.,.F.,(4,1,1,1,1,1,1,
1,1,1,1,4),(0.E0,9.090909090909E-2,1.818181818182E-1,2.727272727273E-1,
3.636363636364E-1,4.545454545455E-1,5.454545454545E-1,6.363636363636E-1,
7.272727272727E-1,8.181818181818E-1,9.090909090909E-1,1.E0),.UNSPECIFIED.);
#3820=B_SPLINE_CURVE_WITH_KNOTS('',3,(#3800,#3801,#3802,#3803,#3804,#3805,#3806,
#3807,#3808,#3809,#3810,#3811,#3812,#3813,#3814,#3815,#3816,#3817,#3818,#3819),
.UNSPECIFIED.,.F.,.F.,(4,1,1,1,1,1,1,1,1,1,1,1,1,1,1,1,1,4),(0.E0,
5.882352941176E-2,1.176470588235E-1,1.764705882353E-1,2.352941176471E-1,
2.941176470588E-1,3.529411764706E-1,4.117647058824E-1,4.705882352941E-1,
5.294117647059E-1,5.882352941176E-1,6.470588235294E-1,7.058823529412E-1,
7.647058823529E-1,8.235294117647E-1,8.823529411765E-1,9.411764705882E-1,1.E0),
.UNSPECIFIED.);
#3841=B_SPLINE_CURVE_WITH_KNOTS('',3,(#3821,#3822,#3823,#3824,#3825,#3826,#3827,
#3828,#3829,#3830,#3831,#3832,#3833,#3834,#3835,#3836,#3837,#3838,#3839,#3840),
.UNSPECIFIED.,.F.,.F.,(4,1,1,1,1,1,1,1,1,1,1,1,1,1,1,1,1,4),(0.E0,
5.882352941176E-2,1.176470588235E-1,1.764705882353E-1,2.352941176471E-1,
2.941176470588E-1,3.529411764706E-1,4.117647058824E-1,4.705882352941E-1,
5.294117647059E-1,5.882352941176E-1,6.470588235294E-1,7.058823529412E-1,
7.647058823529E-1,8.235294117647E-1,8.823529411765E-1,9.411764705882E-1,1.E0),
.UNSPECIFIED.);
#3860=B_SPLINE_CURVE_WITH_KNOTS('',3,(#3846,#3847,#3848,#3849,#3850,#3851,#3852,
#3853,#3854,#3855,#3856,#3857,#3858,#3859),.UNSPECIFIED.,.F.,.F.,(4,1,1,1,1,1,1,
1,1,1,1,4),(0.E0,9.090909090909E-2,1.818181818182E-1,2.727272727273E-1,
3.636363636364E-1,4.545454545455E-1,5.454545454545E-1,6.363636363636E-1,
7.272727272727E-1,8.181818181818E-1,9.090909090909E-1,1.E0),.UNSPECIFIED.);
#3865=B_SPLINE_CURVE_WITH_KNOTS('',3,(#3861,#3862,#3863,#3864),.UNSPECIFIED.,
.F.,.F.,(4,4),(0.E0,1.E0),.UNSPECIFIED.);
#3876=B_SPLINE_CURVE_WITH_KNOTS('',3,(#3870,#3871,#3872,#3873,#3874,#3875),
.UNSPECIFIED.,.F.,.F.,(4,1,1,4),(0.E0,5.E-1,7.5E-1,1.E0),.UNSPECIFIED.);
#3887=B_SPLINE_CURVE_WITH_KNOTS('',3,(#3881,#3882,#3883,#3884,#3885,#3886),
.UNSPECIFIED.,.F.,.F.,(4,1,1,4),(0.E0,2.5E-1,5.E-1,1.E0),.UNSPECIFIED.);
#3905=B_SPLINE_CURVE_WITH_KNOTS('',3,(#3888,#3889,#3890,#3891,#3892,#3893,#3894,
#3895,#3896,#3897,#3898,#3899,#3900,#3901,#3902,#3903,#3904),.UNSPECIFIED.,.F.,
.F.,(4,1,1,1,1,1,1,1,1,1,1,1,1,1,4),(0.E0,7.142857142857E-2,1.428571428571E-1,
2.142857142857E-1,2.857142857143E-1,3.571428571429E-1,4.285714285714E-1,5.E-1,
5.714285714286E-1,6.428571428571E-1,7.142857142857E-1,7.857142857143E-1,
8.571428571429E-1,9.285714285714E-1,1.E0),.UNSPECIFIED.);
#3911=B_SPLINE_CURVE_WITH_KNOTS('',3,(#3906,#3907,#3908,#3909,#3910),
.UNSPECIFIED.,.F.,.F.,(4,1,4),(0.E0,5.E-1,1.E0),.UNSPECIFIED.);
#3921=B_SPLINE_CURVE_WITH_KNOTS('',3,(#3916,#3917,#3918,#3919,#3920),
.UNSPECIFIED.,.F.,.F.,(4,1,4),(0.E0,5.E-1,1.E0),.UNSPECIFIED.);
#3939=B_SPLINE_CURVE_WITH_KNOTS('',3,(#3922,#3923,#3924,#3925,#3926,#3927,#3928,
#3929,#3930,#3931,#3932,#3933,#3934,#3935,#3936,#3937,#3938),.UNSPECIFIED.,.F.,
.F.,(4,1,1,1,1,1,1,1,1,1,1,1,1,1,4),(0.E0,7.142857142857E-2,1.428571428571E-1,
2.142857142857E-1,2.857142857143E-1,3.571428571429E-1,4.285714285714E-1,5.E-1,
5.714285714286E-1,6.428571428571E-1,7.142857142857E-1,7.857142857143E-1,
8.571428571429E-1,9.285714285714E-1,1.E0),.UNSPECIFIED.);
#3964=B_SPLINE_CURVE_WITH_KNOTS('',3,(#3960,#3961,#3962,#3963),.UNSPECIFIED.,
.F.,.F.,(4,4),(0.E0,1.E0),.UNSPECIFIED.);
#3979=B_SPLINE_CURVE_WITH_KNOTS('',3,(#3965,#3966,#3967,#3968,#3969,#3970,#3971,
#3972,#3973,#3974,#3975,#3976,#3977,#3978),.UNSPECIFIED.,.F.,.F.,(4,1,1,1,1,1,1,
1,1,1,1,4),(0.E0,9.090909090909E-2,1.818181818182E-1,2.727272727273E-1,
3.636363636364E-1,4.545454545455E-1,5.454545454545E-1,6.363636363636E-1,
7.272727272727E-1,8.181818181818E-1,9.090909090909E-1,1.E0),.UNSPECIFIED.);
#4004=B_SPLINE_CURVE_WITH_KNOTS('',3,(#3984,#3985,#3986,#3987,#3988,#3989,#3990,
#3991,#3992,#3993,#3994,#3995,#3996,#3997,#3998,#3999,#4000,#4001,#4002,#4003),
.UNSPECIFIED.,.F.,.F.,(4,1,1,1,1,1,1,1,1,1,1,1,1,1,1,1,1,4),(0.E0,
5.882352941176E-2,1.176470588235E-1,1.764705882353E-1,2.352941176471E-1,
2.941176470588E-1,3.529411764706E-1,4.117647058824E-1,4.705882352941E-1,
5.294117647059E-1,5.882352941176E-1,6.470588235294E-1,7.058823529412E-1,
7.647058823529E-1,8.235294117647E-1,8.823529411765E-1,9.411764705882E-1,1.E0),
.UNSPECIFIED.);
#4025=B_SPLINE_CURVE_WITH_KNOTS('',3,(#4005,#4006,#4007,#4008,#4009,#4010,#4011,
#4012,#4013,#4014,#4015,#4016,#4017,#4018,#4019,#4020,#4021,#4022,#4023,#4024),
.UNSPECIFIED.,.F.,.F.,(4,1,1,1,1,1,1,1,1,1,1,1,1,1,1,1,1,4),(0.E0,
5.882352941176E-2,1.176470588235E-1,1.764705882353E-1,2.352941176471E-1,
2.941176470588E-1,3.529411764706E-1,4.117647058824E-1,4.705882352941E-1,
5.294117647059E-1,5.882352941176E-1,6.470588235294E-1,7.058823529412E-1,
7.647058823529E-1,8.235294117647E-1,8.823529411765E-1,9.411764705882E-1,1.E0),
.UNSPECIFIED.);
#4044=B_SPLINE_CURVE_WITH_KNOTS('',3,(#4030,#4031,#4032,#4033,#4034,#4035,#4036,
#4037,#4038,#4039,#4040,#4041,#4042,#4043),.UNSPECIFIED.,.F.,.F.,(4,1,1,1,1,1,1,
1,1,1,1,4),(0.E0,9.090909090909E-2,1.818181818182E-1,2.727272727273E-1,
3.636363636364E-1,4.545454545455E-1,5.454545454545E-1,6.363636363636E-1,
7.272727272727E-1,8.181818181818E-1,9.090909090909E-1,1.E0),.UNSPECIFIED.);
#4049=B_SPLINE_CURVE_WITH_KNOTS('',3,(#4045,#4046,#4047,#4048),.UNSPECIFIED.,
.F.,.F.,(4,4),(0.E0,1.E0),.UNSPECIFIED.);
#4058=B_SPLINE_CURVE_WITH_KNOTS('',3,(#4050,#4051,#4052,#4053,#4054,#4055,#4056,
#4057),.UNSPECIFIED.,.F.,.F.,(4,1,1,1,1,4),(0.E0,2.E-1,4.E-1,6.E-1,8.E-1,1.E0),
.UNSPECIFIED.);
#4067=B_SPLINE_CURVE_WITH_KNOTS('',3,(#4059,#4060,#4061,#4062,#4063,#4064,#4065,
#4066),.UNSPECIFIED.,.F.,.F.,(4,1,1,1,1,4),(0.E0,2.E-1,4.E-1,6.E-1,8.E-1,1.E0),
.UNSPECIFIED.);
#4098=B_SPLINE_CURVE_WITH_KNOTS('',3,(#4092,#4093,#4094,#4095,#4096,#4097),
.UNSPECIFIED.,.F.,.F.,(4,1,1,4),(0.E0,2.5E-1,5.E-1,1.E0),.UNSPECIFIED.);
#4105=B_SPLINE_CURVE_WITH_KNOTS('',3,(#4099,#4100,#4101,#4102,#4103,#4104),
.UNSPECIFIED.,.F.,.F.,(4,1,1,4),(0.E0,5.E-1,7.5E-1,1.E0),.UNSPECIFIED.);
#4123=B_SPLINE_CURVE_WITH_KNOTS('',3,(#4106,#4107,#4108,#4109,#4110,#4111,#4112,
#4113,#4114,#4115,#4116,#4117,#4118,#4119,#4120,#4121,#4122),.UNSPECIFIED.,.F.,
.F.,(4,1,1,1,1,1,1,1,1,1,1,1,1,1,4),(0.E0,7.142857142857E-2,1.428571428571E-1,
2.142857142857E-1,2.857142857143E-1,3.571428571429E-1,4.285714285714E-1,5.E-1,
5.714285714286E-1,6.428571428571E-1,7.142857142857E-1,7.857142857143E-1,
8.571428571429E-1,9.285714285714E-1,1.E0),.UNSPECIFIED.);
#4130=B_SPLINE_CURVE_WITH_KNOTS('',3,(#4124,#4125,#4126,#4127,#4128,#4129),
.UNSPECIFIED.,.F.,.F.,(4,1,1,4),(0.E0,3.333333333333E-1,6.666666666667E-1,1.E0),
.UNSPECIFIED.);
#4136=B_SPLINE_CURVE_WITH_KNOTS('',3,(#4131,#4132,#4133,#4134,#4135),
.UNSPECIFIED.,.F.,.F.,(4,1,4),(0.E0,5.E-1,1.E0),.UNSPECIFIED.);
#4154=B_SPLINE_CURVE_WITH_KNOTS('',3,(#4137,#4138,#4139,#4140,#4141,#4142,#4143,
#4144,#4145,#4146,#4147,#4148,#4149,#4150,#4151,#4152,#4153),.UNSPECIFIED.,.F.,
.F.,(4,1,1,1,1,1,1,1,1,1,1,1,1,1,4),(0.E0,7.142857142857E-2,1.428571428571E-1,
2.142857142857E-1,2.857142857143E-1,3.571428571429E-1,4.285714285714E-1,5.E-1,
5.714285714286E-1,6.428571428571E-1,7.142857142857E-1,7.857142857143E-1,
8.571428571429E-1,9.285714285714E-1,1.E0),.UNSPECIFIED.);
#4163=B_SPLINE_CURVE_WITH_KNOTS('',3,(#4155,#4156,#4157,#4158,#4159,#4160,#4161,
#4162),.UNSPECIFIED.,.F.,.F.,(4,1,1,1,1,4),(0.E0,2.E-1,4.E-1,6.E-1,8.E-1,1.E0),
.UNSPECIFIED.);
#4172=B_SPLINE_CURVE_WITH_KNOTS('',3,(#4164,#4165,#4166,#4167,#4168,#4169,#4170,
#4171),.UNSPECIFIED.,.F.,.F.,(4,1,1,1,1,4),(0.E0,2.E-1,4.E-1,6.E-1,8.E-1,1.E0),
.UNSPECIFIED.);
#4177=B_SPLINE_CURVE_WITH_KNOTS('',3,(#4173,#4174,#4175,#4176),.UNSPECIFIED.,
.F.,.F.,(4,4),(0.E0,1.E0),.UNSPECIFIED.);
#4191=B_SPLINE_CURVE_WITH_KNOTS('',3,(#4178,#4179,#4180,#4181,#4182,#4183,#4184,
#4185,#4186,#4187,#4188,#4189,#4190),.UNSPECIFIED.,.F.,.F.,(4,1,1,1,1,1,1,1,1,1,
4),(0.E0,1.E-1,2.E-1,3.E-1,4.E-1,5.E-1,6.E-1,7.E-1,8.E-1,9.E-1,1.E0),
.UNSPECIFIED.);
#4215=B_SPLINE_CURVE_WITH_KNOTS('',3,(#4196,#4197,#4198,#4199,#4200,#4201,#4202,
#4203,#4204,#4205,#4206,#4207,#4208,#4209,#4210,#4211,#4212,#4213,#4214),
.UNSPECIFIED.,.F.,.F.,(4,1,1,1,1,1,1,1,1,1,1,1,1,1,1,1,4),(0.E0,6.25E-2,1.25E-1,
1.875E-1,2.5E-1,3.125E-1,3.75E-1,4.375E-1,5.E-1,5.625E-1,6.25E-1,6.875E-1,
7.5E-1,8.125E-1,8.75E-1,9.375E-1,1.E0),.UNSPECIFIED.);
#4235=B_SPLINE_CURVE_WITH_KNOTS('',3,(#4216,#4217,#4218,#4219,#4220,#4221,#4222,
#4223,#4224,#4225,#4226,#4227,#4228,#4229,#4230,#4231,#4232,#4233,#4234),
.UNSPECIFIED.,.F.,.F.,(4,1,1,1,1,1,1,1,1,1,1,1,1,1,1,1,4),(0.E0,6.25E-2,1.25E-1,
1.875E-1,2.5E-1,3.125E-1,3.75E-1,4.375E-1,5.E-1,5.625E-1,6.25E-1,6.875E-1,
7.5E-1,8.125E-1,8.75E-1,9.375E-1,1.E0),.UNSPECIFIED.);
#4253=B_SPLINE_CURVE_WITH_KNOTS('',3,(#4240,#4241,#4242,#4243,#4244,#4245,#4246,
#4247,#4248,#4249,#4250,#4251,#4252),.UNSPECIFIED.,.F.,.F.,(4,1,1,1,1,1,1,1,1,1,
4),(0.E0,1.E-1,2.E-1,3.E-1,4.E-1,5.E-1,6.E-1,7.E-1,8.E-1,9.E-1,1.E0),
.UNSPECIFIED.);
#4258=B_SPLINE_CURVE_WITH_KNOTS('',3,(#4254,#4255,#4256,#4257),.UNSPECIFIED.,
.F.,.F.,(4,4),(0.E0,1.E0),.UNSPECIFIED.);
#4280=B_SPLINE_CURVE_WITH_KNOTS('',3,(#4263,#4264,#4265,#4266,#4267,#4268,#4269,
#4270,#4271,#4272,#4273,#4274,#4275,#4276,#4277,#4278,#4279),.UNSPECIFIED.,.F.,
.F.,(4,1,1,1,1,1,1,1,1,1,1,1,1,1,4),(0.E0,7.142857142857E-2,1.428571428571E-1,
2.142857142857E-1,2.857142857143E-1,3.571428571429E-1,4.285714285714E-1,5.E-1,
5.714285714286E-1,6.428571428571E-1,7.142857142857E-1,7.857142857143E-1,
8.571428571429E-1,9.285714285714E-1,1.E0),.UNSPECIFIED.);
#4286=B_SPLINE_CURVE_WITH_KNOTS('',3,(#4281,#4282,#4283,#4284,#4285),
.UNSPECIFIED.,.F.,.F.,(4,1,4),(0.E0,5.E-1,1.E0),.UNSPECIFIED.);
#4296=B_SPLINE_CURVE_WITH_KNOTS('',3,(#4291,#4292,#4293,#4294,#4295),
.UNSPECIFIED.,.F.,.F.,(4,1,4),(0.E0,5.E-1,1.E0),.UNSPECIFIED.);
#4314=B_SPLINE_CURVE_WITH_KNOTS('',3,(#4297,#4298,#4299,#4300,#4301,#4302,#4303,
#4304,#4305,#4306,#4307,#4308,#4309,#4310,#4311,#4312,#4313),.UNSPECIFIED.,.F.,
.F.,(4,1,1,1,1,1,1,1,1,1,1,1,1,1,4),(0.E0,7.142857142857E-2,1.428571428571E-1,
2.142857142857E-1,2.857142857143E-1,3.571428571429E-1,4.285714285714E-1,5.E-1,
5.714285714286E-1,6.428571428571E-1,7.142857142857E-1,7.857142857143E-1,
8.571428571429E-1,9.285714285714E-1,1.E0),.UNSPECIFIED.);
#4321=B_SPLINE_CURVE_WITH_KNOTS('',3,(#4315,#4316,#4317,#4318,#4319,#4320),
.UNSPECIFIED.,.F.,.F.,(4,1,1,4),(0.E0,5.E-1,7.5E-1,1.E0),.UNSPECIFIED.);
#4332=B_SPLINE_CURVE_WITH_KNOTS('',3,(#4326,#4327,#4328,#4329,#4330,#4331),
.UNSPECIFIED.,.F.,.F.,(4,1,1,4),(0.E0,2.5E-1,5.E-1,1.E0),.UNSPECIFIED.);
#4349=B_SPLINE_CURVE_WITH_KNOTS('',3,(#4341,#4342,#4343,#4344,#4345,#4346,#4347,
#4348),.UNSPECIFIED.,.F.,.F.,(4,1,1,1,1,4),(0.E0,2.E-1,4.E-1,6.E-1,8.E-1,1.E0),
.UNSPECIFIED.);
#4358=B_SPLINE_CURVE_WITH_KNOTS('',3,(#4350,#4351,#4352,#4353,#4354,#4355,#4356,
#4357),.UNSPECIFIED.,.F.,.F.,(4,1,1,1,1,4),(0.E0,2.E-1,4.E-1,6.E-1,8.E-1,1.E0),
.UNSPECIFIED.);
#4363=B_SPLINE_CURVE_WITH_KNOTS('',3,(#4359,#4360,#4361,#4362),.UNSPECIFIED.,
.F.,.F.,(4,4),(0.E0,1.E0),.UNSPECIFIED.);
#4377=B_SPLINE_CURVE_WITH_KNOTS('',3,(#4364,#4365,#4366,#4367,#4368,#4369,#4370,
#4371,#4372,#4373,#4374,#4375,#4376),.UNSPECIFIED.,.F.,.F.,(4,1,1,1,1,1,1,1,1,1,
4),(0.E0,1.E-1,2.E-1,3.E-1,4.E-1,5.E-1,6.E-1,7.E-1,8.E-1,9.E-1,1.E0),
.UNSPECIFIED.);
#4401=B_SPLINE_CURVE_WITH_KNOTS('',3,(#4382,#4383,#4384,#4385,#4386,#4387,#4388,
#4389,#4390,#4391,#4392,#4393,#4394,#4395,#4396,#4397,#4398,#4399,#4400),
.UNSPECIFIED.,.F.,.F.,(4,1,1,1,1,1,1,1,1,1,1,1,1,1,1,1,4),(0.E0,6.25E-2,1.25E-1,
1.875E-1,2.5E-1,3.125E-1,3.75E-1,4.375E-1,5.E-1,5.625E-1,6.25E-1,6.875E-1,
7.5E-1,8.125E-1,8.75E-1,9.375E-1,1.E0),.UNSPECIFIED.);
#4421=B_SPLINE_CURVE_WITH_KNOTS('',3,(#4402,#4403,#4404,#4405,#4406,#4407,#4408,
#4409,#4410,#4411,#4412,#4413,#4414,#4415,#4416,#4417,#4418,#4419,#4420),
.UNSPECIFIED.,.F.,.F.,(4,1,1,1,1,1,1,1,1,1,1,1,1,1,1,1,4),(0.E0,6.25E-2,1.25E-1,
1.875E-1,2.5E-1,3.125E-1,3.75E-1,4.375E-1,5.E-1,5.625E-1,6.25E-1,6.875E-1,
7.5E-1,8.125E-1,8.75E-1,9.375E-1,1.E0),.UNSPECIFIED.);
#4439=B_SPLINE_CURVE_WITH_KNOTS('',3,(#4426,#4427,#4428,#4429,#4430,#4431,#4432,
#4433,#4434,#4435,#4436,#4437,#4438),.UNSPECIFIED.,.F.,.F.,(4,1,1,1,1,1,1,1,1,1,
4),(0.E0,1.E-1,2.E-1,3.E-1,4.E-1,5.E-1,6.E-1,7.E-1,8.E-1,9.E-1,1.E0),
.UNSPECIFIED.);
#4444=B_SPLINE_CURVE_WITH_KNOTS('',3,(#4440,#4441,#4442,#4443),.UNSPECIFIED.,
.F.,.F.,(4,4),(0.E0,1.E0),.UNSPECIFIED.);
#4466=B_SPLINE_CURVE_WITH_KNOTS('',3,(#4449,#4450,#4451,#4452,#4453,#4454,#4455,
#4456,#4457,#4458,#4459,#4460,#4461,#4462,#4463,#4464,#4465),.UNSPECIFIED.,.F.,
.F.,(4,1,1,1,1,1,1,1,1,1,1,1,1,1,4),(0.E0,7.142857142857E-2,1.428571428571E-1,
2.142857142857E-1,2.857142857143E-1,3.571428571429E-1,4.285714285714E-1,5.E-1,
5.714285714286E-1,6.428571428571E-1,7.142857142857E-1,7.857142857143E-1,
8.571428571429E-1,9.285714285714E-1,1.E0),.UNSPECIFIED.);
#4484=B_SPLINE_CURVE_WITH_KNOTS('',3,(#4467,#4468,#4469,#4470,#4471,#4472,#4473,
#4474,#4475,#4476,#4477,#4478,#4479,#4480,#4481,#4482,#4483),.UNSPECIFIED.,.F.,
.F.,(4,1,1,1,1,1,1,1,1,1,1,1,1,1,4),(0.E0,7.142857142857E-2,1.428571428571E-1,
2.142857142857E-1,2.857142857143E-1,3.571428571429E-1,4.285714285714E-1,5.E-1,
5.714285714286E-1,6.428571428571E-1,7.142857142857E-1,7.857142857143E-1,
8.571428571429E-1,9.285714285714E-1,1.E0),.UNSPECIFIED.);
#4490=B_SPLINE_CURVE_WITH_KNOTS('',3,(#4485,#4486,#4487,#4488,#4489),
.UNSPECIFIED.,.F.,.F.,(4,1,4),(0.E0,5.E-1,1.E0),.UNSPECIFIED.);
#4496=B_SPLINE_CURVE_WITH_KNOTS('',3,(#4491,#4492,#4493,#4494,#4495),
.UNSPECIFIED.,.F.,.F.,(4,1,4),(0.E0,5.E-1,1.E0),.UNSPECIFIED.);
#4519=B_SPLINE_CURVE_WITH_KNOTS('',3,(#4513,#4514,#4515,#4516,#4517,#4518),
.UNSPECIFIED.,.F.,.F.,(4,1,1,4),(0.E0,5.E-1,7.5E-1,1.E0),.UNSPECIFIED.);
#4530=B_SPLINE_CURVE_WITH_KNOTS('',3,(#4524,#4525,#4526,#4527,#4528,#4529),
.UNSPECIFIED.,.F.,.F.,(4,1,1,4),(0.E0,2.5E-1,5.E-1,1.E0),.UNSPECIFIED.);
#4551=B_SPLINE_CURVE_WITH_KNOTS('',3,(#4543,#4544,#4545,#4546,#4547,#4548,#4549,
#4550),.UNSPECIFIED.,.F.,.F.,(4,1,1,1,1,4),(0.E0,2.E-1,4.E-1,6.E-1,8.E-1,1.E0),
.UNSPECIFIED.);
#4560=B_SPLINE_CURVE_WITH_KNOTS('',3,(#4552,#4553,#4554,#4555,#4556,#4557,#4558,
#4559),.UNSPECIFIED.,.F.,.F.,(4,1,1,1,1,4),(0.E0,2.E-1,4.E-1,6.E-1,8.E-1,1.E0),
.UNSPECIFIED.);
#4565=B_SPLINE_CURVE_WITH_KNOTS('',3,(#4561,#4562,#4563,#4564),.UNSPECIFIED.,
.F.,.F.,(4,4),(0.E0,1.E0),.UNSPECIFIED.);
#4579=B_SPLINE_CURVE_WITH_KNOTS('',3,(#4566,#4567,#4568,#4569,#4570,#4571,#4572,
#4573,#4574,#4575,#4576,#4577,#4578),.UNSPECIFIED.,.F.,.F.,(4,1,1,1,1,1,1,1,1,1,
4),(0.E0,1.E-1,2.E-1,3.E-1,4.E-1,5.E-1,6.E-1,7.E-1,8.E-1,9.E-1,1.E0),
.UNSPECIFIED.);
#4603=B_SPLINE_CURVE_WITH_KNOTS('',3,(#4584,#4585,#4586,#4587,#4588,#4589,#4590,
#4591,#4592,#4593,#4594,#4595,#4596,#4597,#4598,#4599,#4600,#4601,#4602),
.UNSPECIFIED.,.F.,.F.,(4,1,1,1,1,1,1,1,1,1,1,1,1,1,1,1,4),(0.E0,6.25E-2,1.25E-1,
1.875E-1,2.5E-1,3.125E-1,3.75E-1,4.375E-1,5.E-1,5.625E-1,6.25E-1,6.875E-1,
7.5E-1,8.125E-1,8.75E-1,9.375E-1,1.E0),.UNSPECIFIED.);
#4623=B_SPLINE_CURVE_WITH_KNOTS('',3,(#4604,#4605,#4606,#4607,#4608,#4609,#4610,
#4611,#4612,#4613,#4614,#4615,#4616,#4617,#4618,#4619,#4620,#4621,#4622),
.UNSPECIFIED.,.F.,.F.,(4,1,1,1,1,1,1,1,1,1,1,1,1,1,1,1,4),(0.E0,6.25E-2,1.25E-1,
1.875E-1,2.5E-1,3.125E-1,3.75E-1,4.375E-1,5.E-1,5.625E-1,6.25E-1,6.875E-1,
7.5E-1,8.125E-1,8.75E-1,9.375E-1,1.E0),.UNSPECIFIED.);
#4641=B_SPLINE_CURVE_WITH_KNOTS('',3,(#4628,#4629,#4630,#4631,#4632,#4633,#4634,
#4635,#4636,#4637,#4638,#4639,#4640),.UNSPECIFIED.,.F.,.F.,(4,1,1,1,1,1,1,1,1,1,
4),(0.E0,1.E-1,2.E-1,3.E-1,4.E-1,5.E-1,6.E-1,7.E-1,8.E-1,9.E-1,1.E0),
.UNSPECIFIED.);
#4646=B_SPLINE_CURVE_WITH_KNOTS('',3,(#4642,#4643,#4644,#4645),.UNSPECIFIED.,
.F.,.F.,(4,4),(0.E0,1.E0),.UNSPECIFIED.);
#4668=B_SPLINE_CURVE_WITH_KNOTS('',3,(#4651,#4652,#4653,#4654,#4655,#4656,#4657,
#4658,#4659,#4660,#4661,#4662,#4663,#4664,#4665,#4666,#4667),.UNSPECIFIED.,.F.,
.F.,(4,1,1,1,1,1,1,1,1,1,1,1,1,1,4),(0.E0,7.142857142857E-2,1.428571428571E-1,
2.142857142857E-1,2.857142857143E-1,3.571428571429E-1,4.285714285714E-1,5.E-1,
5.714285714286E-1,6.428571428571E-1,7.142857142857E-1,7.857142857143E-1,
8.571428571429E-1,9.285714285714E-1,1.E0),.UNSPECIFIED.);
#4674=B_SPLINE_CURVE_WITH_KNOTS('',3,(#4669,#4670,#4671,#4672,#4673),
.UNSPECIFIED.,.F.,.F.,(4,1,4),(0.E0,5.E-1,1.E0),.UNSPECIFIED.);
#4684=B_SPLINE_CURVE_WITH_KNOTS('',3,(#4679,#4680,#4681,#4682,#4683),
.UNSPECIFIED.,.F.,.F.,(4,1,4),(0.E0,5.E-1,1.E0),.UNSPECIFIED.);
#4702=B_SPLINE_CURVE_WITH_KNOTS('',3,(#4685,#4686,#4687,#4688,#4689,#4690,#4691,
#4692,#4693,#4694,#4695,#4696,#4697,#4698,#4699,#4700,#4701),.UNSPECIFIED.,.F.,
.F.,(4,1,1,1,1,1,1,1,1,1,1,1,1,1,4),(0.E0,7.142857142857E-2,1.428571428571E-1,
2.142857142857E-1,2.857142857143E-1,3.571428571429E-1,4.285714285714E-1,5.E-1,
5.714285714286E-1,6.428571428571E-1,7.142857142857E-1,7.857142857143E-1,
8.571428571429E-1,9.285714285714E-1,1.E0),.UNSPECIFIED.);
#4709=B_SPLINE_CURVE_WITH_KNOTS('',3,(#4703,#4704,#4705,#4706,#4707,#4708),
.UNSPECIFIED.,.F.,.F.,(4,1,1,4),(0.E0,5.E-1,7.5E-1,1.E0),.UNSPECIFIED.);
#4720=B_SPLINE_CURVE_WITH_KNOTS('',3,(#4714,#4715,#4716,#4717,#4718,#4719),
.UNSPECIFIED.,.F.,.F.,(4,1,1,4),(0.E0,2.5E-1,5.E-1,1.E0),.UNSPECIFIED.);
#4737=B_SPLINE_CURVE_WITH_KNOTS('',3,(#4729,#4730,#4731,#4732,#4733,#4734,#4735,
#4736),.UNSPECIFIED.,.F.,.F.,(4,1,1,1,1,4),(0.E0,2.E-1,4.E-1,6.E-1,8.E-1,1.E0),
.UNSPECIFIED.);
#4746=B_SPLINE_CURVE_WITH_KNOTS('',3,(#4738,#4739,#4740,#4741,#4742,#4743,#4744,
#4745),.UNSPECIFIED.,.F.,.F.,(4,1,1,1,1,4),(0.E0,2.E-1,4.E-1,6.E-1,8.E-1,1.E0),
.UNSPECIFIED.);
#4751=B_SPLINE_CURVE_WITH_KNOTS('',3,(#4747,#4748,#4749,#4750),.UNSPECIFIED.,
.F.,.F.,(4,4),(0.E0,1.E0),.UNSPECIFIED.);
#4765=B_SPLINE_CURVE_WITH_KNOTS('',3,(#4752,#4753,#4754,#4755,#4756,#4757,#4758,
#4759,#4760,#4761,#4762,#4763,#4764),.UNSPECIFIED.,.F.,.F.,(4,1,1,1,1,1,1,1,1,1,
4),(0.E0,1.E-1,2.E-1,3.E-1,4.E-1,5.E-1,6.E-1,7.E-1,8.E-1,9.E-1,1.E0),
.UNSPECIFIED.);
#4789=B_SPLINE_CURVE_WITH_KNOTS('',3,(#4770,#4771,#4772,#4773,#4774,#4775,#4776,
#4777,#4778,#4779,#4780,#4781,#4782,#4783,#4784,#4785,#4786,#4787,#4788),
.UNSPECIFIED.,.F.,.F.,(4,1,1,1,1,1,1,1,1,1,1,1,1,1,1,1,4),(0.E0,6.25E-2,1.25E-1,
1.875E-1,2.5E-1,3.125E-1,3.75E-1,4.375E-1,5.E-1,5.625E-1,6.25E-1,6.875E-1,
7.5E-1,8.125E-1,8.75E-1,9.375E-1,1.E0),.UNSPECIFIED.);
#4809=B_SPLINE_CURVE_WITH_KNOTS('',3,(#4790,#4791,#4792,#4793,#4794,#4795,#4796,
#4797,#4798,#4799,#4800,#4801,#4802,#4803,#4804,#4805,#4806,#4807,#4808),
.UNSPECIFIED.,.F.,.F.,(4,1,1,1,1,1,1,1,1,1,1,1,1,1,1,1,4),(0.E0,6.25E-2,1.25E-1,
1.875E-1,2.5E-1,3.125E-1,3.75E-1,4.375E-1,5.E-1,5.625E-1,6.25E-1,6.875E-1,
7.5E-1,8.125E-1,8.75E-1,9.375E-1,1.E0),.UNSPECIFIED.);
#4827=B_SPLINE_CURVE_WITH_KNOTS('',3,(#4814,#4815,#4816,#4817,#4818,#4819,#4820,
#4821,#4822,#4823,#4824,#4825,#4826),.UNSPECIFIED.,.F.,.F.,(4,1,1,1,1,1,1,1,1,1,
4),(0.E0,1.E-1,2.E-1,3.E-1,4.E-1,5.E-1,6.E-1,7.E-1,8.E-1,9.E-1,1.E0),
.UNSPECIFIED.);
#4832=B_SPLINE_CURVE_WITH_KNOTS('',3,(#4828,#4829,#4830,#4831),.UNSPECIFIED.,
.F.,.F.,(4,4),(0.E0,1.E0),.UNSPECIFIED.);
#4854=B_SPLINE_CURVE_WITH_KNOTS('',3,(#4837,#4838,#4839,#4840,#4841,#4842,#4843,
#4844,#4845,#4846,#4847,#4848,#4849,#4850,#4851,#4852,#4853),.UNSPECIFIED.,.F.,
.F.,(4,1,1,1,1,1,1,1,1,1,1,1,1,1,4),(0.E0,7.142857142857E-2,1.428571428571E-1,
2.142857142857E-1,2.857142857143E-1,3.571428571429E-1,4.285714285714E-1,5.E-1,
5.714285714286E-1,6.428571428571E-1,7.142857142857E-1,7.857142857143E-1,
8.571428571429E-1,9.285714285714E-1,1.E0),.UNSPECIFIED.);
#4872=B_SPLINE_CURVE_WITH_KNOTS('',3,(#4855,#4856,#4857,#4858,#4859,#4860,#4861,
#4862,#4863,#4864,#4865,#4866,#4867,#4868,#4869,#4870,#4871),.UNSPECIFIED.,.F.,
.F.,(4,1,1,1,1,1,1,1,1,1,1,1,1,1,4),(0.E0,7.142857142857E-2,1.428571428571E-1,
2.142857142857E-1,2.857142857143E-1,3.571428571429E-1,4.285714285714E-1,5.E-1,
5.714285714286E-1,6.428571428571E-1,7.142857142857E-1,7.857142857143E-1,
8.571428571429E-1,9.285714285714E-1,1.E0),.UNSPECIFIED.);
#4878=B_SPLINE_CURVE_WITH_KNOTS('',3,(#4873,#4874,#4875,#4876,#4877),
.UNSPECIFIED.,.F.,.F.,(4,1,4),(0.E0,5.E-1,1.E0),.UNSPECIFIED.);
#4884=B_SPLINE_CURVE_WITH_KNOTS('',3,(#4879,#4880,#4881,#4882,#4883),
.UNSPECIFIED.,.F.,.F.,(4,1,4),(0.E0,5.E-1,1.E0),.UNSPECIFIED.);
#4907=B_SPLINE_CURVE_WITH_KNOTS('',3,(#4901,#4902,#4903,#4904,#4905,#4906),
.UNSPECIFIED.,.F.,.F.,(4,1,1,4),(0.E0,5.E-1,7.5E-1,1.E0),.UNSPECIFIED.);
#4918=B_SPLINE_CURVE_WITH_KNOTS('',3,(#4912,#4913,#4914,#4915,#4916,#4917),
.UNSPECIFIED.,.F.,.F.,(4,1,1,4),(0.E0,2.5E-1,5.E-1,1.E0),.UNSPECIFIED.);
#4939=B_SPLINE_CURVE_WITH_KNOTS('',3,(#4931,#4932,#4933,#4934,#4935,#4936,#4937,
#4938),.UNSPECIFIED.,.F.,.F.,(4,1,1,1,1,4),(0.E0,2.E-1,4.E-1,6.E-1,8.E-1,1.E0),
.UNSPECIFIED.);
#4948=B_SPLINE_CURVE_WITH_KNOTS('',3,(#4940,#4941,#4942,#4943,#4944,#4945,#4946,
#4947),.UNSPECIFIED.,.F.,.F.,(4,1,1,1,1,4),(0.E0,2.E-1,4.E-1,6.E-1,8.E-1,1.E0),
.UNSPECIFIED.);
#4953=B_SPLINE_CURVE_WITH_KNOTS('',3,(#4949,#4950,#4951,#4952),.UNSPECIFIED.,
.F.,.F.,(4,4),(0.E0,1.E0),.UNSPECIFIED.);
#4967=B_SPLINE_CURVE_WITH_KNOTS('',3,(#4954,#4955,#4956,#4957,#4958,#4959,#4960,
#4961,#4962,#4963,#4964,#4965,#4966),.UNSPECIFIED.,.F.,.F.,(4,1,1,1,1,1,1,1,1,1,
4),(0.E0,1.E-1,2.E-1,3.E-1,4.E-1,5.E-1,6.E-1,7.E-1,8.E-1,9.E-1,1.E0),
.UNSPECIFIED.);
#4991=B_SPLINE_CURVE_WITH_KNOTS('',3,(#4972,#4973,#4974,#4975,#4976,#4977,#4978,
#4979,#4980,#4981,#4982,#4983,#4984,#4985,#4986,#4987,#4988,#4989,#4990),
.UNSPECIFIED.,.F.,.F.,(4,1,1,1,1,1,1,1,1,1,1,1,1,1,1,1,4),(0.E0,6.25E-2,1.25E-1,
1.875E-1,2.5E-1,3.125E-1,3.75E-1,4.375E-1,5.E-1,5.625E-1,6.25E-1,6.875E-1,
7.5E-1,8.125E-1,8.75E-1,9.375E-1,1.E0),.UNSPECIFIED.);
#5011=B_SPLINE_CURVE_WITH_KNOTS('',3,(#4992,#4993,#4994,#4995,#4996,#4997,#4998,
#4999,#5000,#5001,#5002,#5003,#5004,#5005,#5006,#5007,#5008,#5009,#5010),
.UNSPECIFIED.,.F.,.F.,(4,1,1,1,1,1,1,1,1,1,1,1,1,1,1,1,4),(0.E0,6.25E-2,1.25E-1,
1.875E-1,2.5E-1,3.125E-1,3.75E-1,4.375E-1,5.E-1,5.625E-1,6.25E-1,6.875E-1,
7.5E-1,8.125E-1,8.75E-1,9.375E-1,1.E0),.UNSPECIFIED.);
#5029=B_SPLINE_CURVE_WITH_KNOTS('',3,(#5016,#5017,#5018,#5019,#5020,#5021,#5022,
#5023,#5024,#5025,#5026,#5027,#5028),.UNSPECIFIED.,.F.,.F.,(4,1,1,1,1,1,1,1,1,1,
4),(0.E0,1.E-1,2.E-1,3.E-1,4.E-1,5.E-1,6.E-1,7.E-1,8.E-1,9.E-1,1.E0),
.UNSPECIFIED.);
#5034=B_SPLINE_CURVE_WITH_KNOTS('',3,(#5030,#5031,#5032,#5033),.UNSPECIFIED.,
.F.,.F.,(4,4),(0.E0,1.E0),.UNSPECIFIED.);
#5056=B_SPLINE_CURVE_WITH_KNOTS('',3,(#5039,#5040,#5041,#5042,#5043,#5044,#5045,
#5046,#5047,#5048,#5049,#5050,#5051,#5052,#5053,#5054,#5055),.UNSPECIFIED.,.F.,
.F.,(4,1,1,1,1,1,1,1,1,1,1,1,1,1,4),(0.E0,7.142857142857E-2,1.428571428571E-1,
2.142857142857E-1,2.857142857143E-1,3.571428571429E-1,4.285714285714E-1,5.E-1,
5.714285714286E-1,6.428571428571E-1,7.142857142857E-1,7.857142857143E-1,
8.571428571429E-1,9.285714285714E-1,1.E0),.UNSPECIFIED.);
#5062=B_SPLINE_CURVE_WITH_KNOTS('',3,(#5057,#5058,#5059,#5060,#5061),
.UNSPECIFIED.,.F.,.F.,(4,1,4),(0.E0,5.E-1,1.E0),.UNSPECIFIED.);
#5072=B_SPLINE_CURVE_WITH_KNOTS('',3,(#5067,#5068,#5069,#5070,#5071),
.UNSPECIFIED.,.F.,.F.,(4,1,4),(0.E0,5.E-1,1.E0),.UNSPECIFIED.);
#5090=B_SPLINE_CURVE_WITH_KNOTS('',3,(#5073,#5074,#5075,#5076,#5077,#5078,#5079,
#5080,#5081,#5082,#5083,#5084,#5085,#5086,#5087,#5088,#5089),.UNSPECIFIED.,.F.,
.F.,(4,1,1,1,1,1,1,1,1,1,1,1,1,1,4),(0.E0,7.142857142857E-2,1.428571428571E-1,
2.142857142857E-1,2.857142857143E-1,3.571428571429E-1,4.285714285714E-1,5.E-1,
5.714285714286E-1,6.428571428571E-1,7.142857142857E-1,7.857142857143E-1,
8.571428571429E-1,9.285714285714E-1,1.E0),.UNSPECIFIED.);
#5097=B_SPLINE_CURVE_WITH_KNOTS('',3,(#5091,#5092,#5093,#5094,#5095,#5096),
.UNSPECIFIED.,.F.,.F.,(4,1,1,4),(0.E0,5.E-1,7.5E-1,1.E0),.UNSPECIFIED.);
#5108=B_SPLINE_CURVE_WITH_KNOTS('',3,(#5102,#5103,#5104,#5105,#5106,#5107),
.UNSPECIFIED.,.F.,.F.,(4,1,1,4),(0.E0,2.5E-1,5.E-1,1.E0),.UNSPECIFIED.);
#5125=B_SPLINE_CURVE_WITH_KNOTS('',3,(#5117,#5118,#5119,#5120,#5121,#5122,#5123,
#5124),.UNSPECIFIED.,.F.,.F.,(4,1,1,1,1,4),(0.E0,2.E-1,4.E-1,6.E-1,8.E-1,1.E0),
.UNSPECIFIED.);
#5134=B_SPLINE_CURVE_WITH_KNOTS('',3,(#5126,#5127,#5128,#5129,#5130,#5131,#5132,
#5133),.UNSPECIFIED.,.F.,.F.,(4,1,1,1,1,4),(0.E0,2.E-1,4.E-1,6.E-1,8.E-1,1.E0),
.UNSPECIFIED.);
#5139=B_SPLINE_CURVE_WITH_KNOTS('',3,(#5135,#5136,#5137,#5138),.UNSPECIFIED.,
.F.,.F.,(4,4),(0.E0,1.E0),.UNSPECIFIED.);
#5153=B_SPLINE_CURVE_WITH_KNOTS('',3,(#5140,#5141,#5142,#5143,#5144,#5145,#5146,
#5147,#5148,#5149,#5150,#5151,#5152),.UNSPECIFIED.,.F.,.F.,(4,1,1,1,1,1,1,1,1,1,
4),(0.E0,1.E-1,2.E-1,3.E-1,4.E-1,5.E-1,6.E-1,7.E-1,8.E-1,9.E-1,1.E0),
.UNSPECIFIED.);
#5177=B_SPLINE_CURVE_WITH_KNOTS('',3,(#5158,#5159,#5160,#5161,#5162,#5163,#5164,
#5165,#5166,#5167,#5168,#5169,#5170,#5171,#5172,#5173,#5174,#5175,#5176),
.UNSPECIFIED.,.F.,.F.,(4,1,1,1,1,1,1,1,1,1,1,1,1,1,1,1,4),(0.E0,6.25E-2,1.25E-1,
1.875E-1,2.5E-1,3.125E-1,3.75E-1,4.375E-1,5.E-1,5.625E-1,6.25E-1,6.875E-1,
7.5E-1,8.125E-1,8.75E-1,9.375E-1,1.E0),.UNSPECIFIED.);
#5197=B_SPLINE_CURVE_WITH_KNOTS('',3,(#5178,#5179,#5180,#5181,#5182,#5183,#5184,
#5185,#5186,#5187,#5188,#5189,#5190,#5191,#5192,#5193,#5194,#5195,#5196),
.UNSPECIFIED.,.F.,.F.,(4,1,1,1,1,1,1,1,1,1,1,1,1,1,1,1,4),(0.E0,6.25E-2,1.25E-1,
1.875E-1,2.5E-1,3.125E-1,3.75E-1,4.375E-1,5.E-1,5.625E-1,6.25E-1,6.875E-1,
7.5E-1,8.125E-1,8.75E-1,9.375E-1,1.E0),.UNSPECIFIED.);
#5215=B_SPLINE_CURVE_WITH_KNOTS('',3,(#5202,#5203,#5204,#5205,#5206,#5207,#5208,
#5209,#5210,#5211,#5212,#5213,#5214),.UNSPECIFIED.,.F.,.F.,(4,1,1,1,1,1,1,1,1,1,
4),(0.E0,1.E-1,2.E-1,3.E-1,4.E-1,5.E-1,6.E-1,7.E-1,8.E-1,9.E-1,1.E0),
.UNSPECIFIED.);
#5220=B_SPLINE_CURVE_WITH_KNOTS('',3,(#5216,#5217,#5218,#5219),.UNSPECIFIED.,
.F.,.F.,(4,4),(0.E0,1.E0),.UNSPECIFIED.);
#5242=B_SPLINE_CURVE_WITH_KNOTS('',3,(#5225,#5226,#5227,#5228,#5229,#5230,#5231,
#5232,#5233,#5234,#5235,#5236,#5237,#5238,#5239,#5240,#5241),.UNSPECIFIED.,.F.,
.F.,(4,1,1,1,1,1,1,1,1,1,1,1,1,1,4),(0.E0,7.142857142857E-2,1.428571428571E-1,
2.142857142857E-1,2.857142857143E-1,3.571428571429E-1,4.285714285714E-1,5.E-1,
5.714285714286E-1,6.428571428571E-1,7.142857142857E-1,7.857142857143E-1,
8.571428571429E-1,9.285714285714E-1,1.E0),.UNSPECIFIED.);
#5260=B_SPLINE_CURVE_WITH_KNOTS('',3,(#5243,#5244,#5245,#5246,#5247,#5248,#5249,
#5250,#5251,#5252,#5253,#5254,#5255,#5256,#5257,#5258,#5259),.UNSPECIFIED.,.F.,
.F.,(4,1,1,1,1,1,1,1,1,1,1,1,1,1,4),(0.E0,7.142857142857E-2,1.428571428571E-1,
2.142857142857E-1,2.857142857143E-1,3.571428571429E-1,4.285714285714E-1,5.E-1,
5.714285714286E-1,6.428571428571E-1,7.142857142857E-1,7.857142857143E-1,
8.571428571429E-1,9.285714285714E-1,1.E0),.UNSPECIFIED.);
#5266=B_SPLINE_CURVE_WITH_KNOTS('',3,(#5261,#5262,#5263,#5264,#5265),
.UNSPECIFIED.,.F.,.F.,(4,1,4),(0.E0,5.E-1,1.E0),.UNSPECIFIED.);
#5272=B_SPLINE_CURVE_WITH_KNOTS('',3,(#5267,#5268,#5269,#5270,#5271),
.UNSPECIFIED.,.F.,.F.,(4,1,4),(0.E0,5.E-1,1.E0),.UNSPECIFIED.);
#5295=B_SPLINE_CURVE_WITH_KNOTS('',3,(#5289,#5290,#5291,#5292,#5293,#5294),
.UNSPECIFIED.,.F.,.F.,(4,1,1,4),(0.E0,5.E-1,7.5E-1,1.E0),.UNSPECIFIED.);
#5306=B_SPLINE_CURVE_WITH_KNOTS('',3,(#5300,#5301,#5302,#5303,#5304,#5305),
.UNSPECIFIED.,.F.,.F.,(4,1,1,4),(0.E0,2.5E-1,5.E-1,1.E0),.UNSPECIFIED.);
#6366=EDGE_CURVE('',#6347,#6348,#138,.T.);
#6368=EDGE_CURVE('',#6347,#5478,#142,.T.);
#6370=EDGE_CURVE('',#5486,#5478,#146,.T.);
#6372=EDGE_CURVE('',#5484,#5486,#150,.T.);
#6374=EDGE_CURVE('',#5484,#5476,#154,.T.);
#6376=EDGE_CURVE('',#5476,#5482,#158,.T.);
#6378=EDGE_CURVE('',#5490,#5482,#162,.T.);
#6380=EDGE_CURVE('',#5488,#5490,#166,.T.);
#6382=EDGE_CURVE('',#5488,#5480,#170,.T.);
#6384=EDGE_CURVE('',#5480,#6356,#174,.T.);
#6386=EDGE_CURVE('',#6355,#6356,#179,.T.);
#6388=EDGE_CURVE('',#6355,#5337,#183,.T.);
#6390=EDGE_CURVE('',#5337,#5554,#187,.T.);
#6392=EDGE_CURVE('',#5354,#5554,#191,.T.);
#6394=EDGE_CURVE('',#5552,#5354,#195,.T.);
#6396=EDGE_CURVE('',#5552,#5321,#199,.T.);
#6398=EDGE_CURVE('',#5321,#5322,#203,.T.);
#6400=EDGE_CURVE('',#5322,#5324,#207,.T.);
#6402=EDGE_CURVE('',#5324,#5326,#211,.T.);
#6404=EDGE_CURVE('',#5326,#6348,#215,.T.);
#6408=ADVANCED_FACE('',(#6407),#6365,.F.);
#6415=EDGE_CURVE('',#6350,#6348,#219,.T.);
#6417=EDGE_CURVE('',#6350,#6352,#1558,.T.);
#6419=EDGE_CURVE('',#6352,#6347,#1683,.T.);
#6423=ADVANCED_FACE('',(#6422),#6413,.T.);
#6431=EDGE_CURVE('',#5326,#5334,#223,.T.);
#6433=EDGE_CURVE('',#5334,#6350,#1562,.T.);
#6437=ADVANCED_FACE('',(#6436),#6428,.T.);
#6444=EDGE_CURVE('',#5324,#5332,#227,.T.);
#6446=EDGE_CURVE('',#5332,#5334,#1566,.T.);
#6451=ADVANCED_FACE('',(#6450),#6442,.T.);
#6458=EDGE_CURVE('',#5322,#5330,#231,.T.);
#6460=EDGE_CURVE('',#5330,#5332,#1570,.T.);
#6465=EDGE_CURVE('',#5664,#5668,#236,.T.);
#6467=EDGE_CURVE('',#5668,#5669,#240,.T.);
#6469=EDGE_CURVE('',#5669,#5665,#245,.T.);
#6471=EDGE_CURVE('',#5664,#5665,#249,.T.);
#6475=EDGE_CURVE('',#6084,#6088,#254,.T.);
#6477=EDGE_CURVE('',#6088,#6089,#258,.T.);
#6479=EDGE_CURVE('',#6089,#6085,#263,.T.);
#6481=EDGE_CURVE('',#6084,#6085,#267,.T.);
#6485=EDGE_CURVE('',#6149,#6153,#272,.T.);
#6487=EDGE_CURVE('',#6153,#6154,#276,.T.);
#6489=EDGE_CURVE('',#6154,#6150,#281,.T.);
#6491=EDGE_CURVE('',#6149,#6150,#285,.T.);
#6495=EDGE_CURVE('',#6214,#6218,#290,.T.);
#6497=EDGE_CURVE('',#6218,#6219,#294,.T.);
#6499=EDGE_CURVE('',#6219,#6215,#299,.T.);
#6501=EDGE_CURVE('',#6214,#6215,#303,.T.);
#6505=ADVANCED_FACE('',(#6464,#6474,#6484,#6494,#6504),#6456,.T.);
#6512=EDGE_CURVE('',#5321,#5329,#307,.T.);
#6514=EDGE_CURVE('',#5329,#5330,#1574,.T.);
#6519=EDGE_CURVE('',#5544,#5546,#311,.T.);
#6521=EDGE_CURVE('',#5546,#5548,#315,.T.);
#6523=EDGE_CURVE('',#5548,#5550,#319,.T.);
#6525=EDGE_CURVE('',#5550,#5544,#323,.T.);
#6529=EDGE_CURVE('',#5823,#5825,#327,.T.);
#6531=EDGE_CURVE('',#5825,#5827,#331,.T.);
#6533=EDGE_CURVE('',#5827,#5829,#335,.T.);
#6535=EDGE_CURVE('',#5829,#5823,#339,.T.);
#6539=EDGE_CURVE('',#5939,#5941,#343,.T.);
#6541=EDGE_CURVE('',#5941,#5943,#347,.T.);
#6543=EDGE_CURVE('',#5943,#5945,#351,.T.);
#6545=EDGE_CURVE('',#5945,#5939,#355,.T.);
#6549=EDGE_CURVE('',#6055,#6057,#359,.T.);
#6551=EDGE_CURVE('',#6057,#6059,#363,.T.);
#6553=EDGE_CURVE('',#6059,#6061,#367,.T.);
#6555=EDGE_CURVE('',#6061,#6055,#371,.T.);
#6559=ADVANCED_FACE('',(#6518,#6528,#6538,#6548,#6558),#6510,.T.);
#6565=EDGE_CURVE('',#6339,#6340,#375,.T.);
#6567=EDGE_CURVE('',#6340,#6336,#379,.T.);
#6569=EDGE_CURVE('',#6336,#6300,#383,.T.);
#6571=EDGE_CURVE('',#6300,#6332,#387,.T.);
#6573=EDGE_CURVE('',#6332,#6201,#391,.T.);
#6575=EDGE_CURVE('',#6201,#5973,#395,.T.);
#6577=EDGE_CURVE('',#5973,#5965,#399,.T.);
#6579=EDGE_CURVE('',#6203,#5965,#403,.T.);
#6581=EDGE_CURVE('',#6203,#5562,#407,.T.);
#6583=EDGE_CURVE('',#5358,#5562,#411,.T.);
#6585=EDGE_CURVE('',#5358,#5556,#415,.T.);
#6587=EDGE_CURVE('',#5556,#5329,#1578,.T.);
#6591=EDGE_CURVE('',#5552,#5352,#419,.T.);
#6593=EDGE_CURVE('',#5352,#5560,#423,.T.);
#6595=EDGE_CURVE('',#5560,#5607,#427,.T.);
#6597=EDGE_CURVE('',#5607,#5614,#431,.T.);
#6599=EDGE_CURVE('',#5614,#5598,#435,.T.);
#6601=EDGE_CURVE('',#5611,#5598,#439,.T.);
#6603=EDGE_CURVE('',#5611,#5576,#443,.T.);
#6605=EDGE_CURVE('',#5504,#5576,#447,.T.);
#6607=EDGE_CURVE('',#5504,#5580,#451,.T.);
#6609=EDGE_CURVE('',#5585,#5580,#455,.T.);
#6611=EDGE_CURVE('',#5585,#5586,#459,.T.);
#6613=EDGE_CURVE('',#5586,#5582,#463,.T.);
#6615=EDGE_CURVE('',#5582,#5506,#467,.T.);
#6617=EDGE_CURVE('',#5506,#5578,#471,.T.);
#6619=EDGE_CURVE('',#5578,#6071,#475,.T.);
#6621=EDGE_CURVE('',#6071,#5741,#479,.T.);
#6623=EDGE_CURVE('',#5741,#5733,#483,.T.);
#6625=EDGE_CURVE('',#6073,#5733,#487,.T.);
#6627=EDGE_CURVE('',#6073,#6314,#491,.T.);
#6629=EDGE_CURVE('',#6270,#6314,#495,.T.);
#6631=EDGE_CURVE('',#6270,#6318,#499,.T.);
#6633=EDGE_CURVE('',#6323,#6318,#503,.T.);
#6635=EDGE_CURVE('',#6323,#6324,#507,.T.);
#6637=EDGE_CURVE('',#6324,#6320,#511,.T.);
#6639=EDGE_CURVE('',#6320,#6272,#515,.T.);
#6641=EDGE_CURVE('',#6272,#6316,#519,.T.);
#6643=EDGE_CURVE('',#6316,#6136,#523,.T.);
#6645=EDGE_CURVE('',#6136,#5857,#527,.T.);
#6647=EDGE_CURVE('',#5857,#5849,#531,.T.);
#6649=EDGE_CURVE('',#6138,#5849,#535,.T.);
#6651=EDGE_CURVE('',#6138,#6330,#539,.T.);
#6653=EDGE_CURVE('',#6298,#6330,#543,.T.);
#6655=EDGE_CURVE('',#6298,#6334,#547,.T.);
#6657=EDGE_CURVE('',#6339,#6334,#551,.T.);
#6661=ADVANCED_FACE('',(#6660),#6564,.T.);
#6668=EDGE_CURVE('',#6342,#6339,#555,.T.);
#6670=EDGE_CURVE('',#6344,#6342,#559,.T.);
#6672=EDGE_CURVE('',#6344,#6340,#3629,.T.);
#6676=ADVANCED_FACE('',(#6675),#6666,.T.);
#6684=EDGE_CURVE('',#6334,#6342,#563,.T.);
#6688=ADVANCED_FACE('',(#6687),#6681,.F.);
#6697=EDGE_CURVE('',#6290,#6298,#568,.T.);
#6699=EDGE_CURVE('',#6288,#6290,#572,.T.);
#6701=EDGE_CURVE('',#6287,#6288,#577,.T.);
#6703=EDGE_CURVE('',#6296,#6287,#581,.T.);
#6705=EDGE_CURVE('',#6294,#6296,#586,.T.);
#6707=EDGE_CURVE('',#6293,#6294,#590,.T.);
#6709=EDGE_CURVE('',#6300,#6293,#595,.T.);
#6712=EDGE_CURVE('',#6336,#6344,#599,.T.);
#6716=ADVANCED_FACE('',(#6715),#6693,.T.);
#6724=EDGE_CURVE('',#6330,#6306,#617,.T.);
#6726=EDGE_CURVE('',#6306,#6290,#603,.T.);
#6730=ADVANCED_FACE('',(#6729),#6721,.T.);
#6736=EDGE_CURVE('',#6302,#6304,#608,.T.);
#6738=EDGE_CURVE('',#6304,#6306,#612,.T.);
#6742=EDGE_CURVE('',#6138,#5865,#621,.T.);
#6744=EDGE_CURVE('',#5861,#5865,#625,.T.);
#6746=EDGE_CURVE('',#6136,#5861,#629,.T.);
#6749=EDGE_CURVE('',#6280,#6316,#634,.T.);
#6751=EDGE_CURVE('',#6280,#6282,#638,.T.);
#6753=EDGE_CURVE('',#6282,#6284,#643,.T.);
#6755=EDGE_CURVE('',#6284,#6274,#647,.T.);
#6757=EDGE_CURVE('',#6274,#6276,#652,.T.);
#6759=EDGE_CURVE('',#6276,#6278,#656,.T.);
#6761=EDGE_CURVE('',#6314,#6278,#661,.T.);
#6764=EDGE_CURVE('',#6073,#5749,#665,.T.);
#6766=EDGE_CURVE('',#5745,#5749,#669,.T.);
#6768=EDGE_CURVE('',#6071,#5745,#673,.T.);
#6771=EDGE_CURVE('',#5514,#5578,#678,.T.);
#6773=EDGE_CURVE('',#5514,#5516,#682,.T.);
#6775=EDGE_CURVE('',#5516,#5518,#687,.T.);
#6777=EDGE_CURVE('',#5518,#5508,#691,.T.);
#6779=EDGE_CURVE('',#5508,#5510,#696,.T.);
#6781=EDGE_CURVE('',#5510,#5512,#700,.T.);
#6783=EDGE_CURVE('',#5576,#5512,#705,.T.);
#6786=EDGE_CURVE('',#5611,#5612,#709,.T.);
#6788=EDGE_CURVE('',#5608,#5612,#713,.T.);
#6790=EDGE_CURVE('',#5607,#5608,#717,.T.);
#6793=EDGE_CURVE('',#5360,#5560,#722,.T.);
#6795=EDGE_CURVE('',#5360,#5362,#726,.T.);
#6797=EDGE_CURVE('',#5362,#5364,#731,.T.);
#6799=EDGE_CURVE('',#5554,#5364,#735,.T.);
#6802=EDGE_CURVE('',#5337,#5338,#739,.T.);
#6804=EDGE_CURVE('',#5338,#5558,#1590,.T.);
#6806=EDGE_CURVE('',#5558,#5366,#743,.T.);
#6808=EDGE_CURVE('',#5366,#5368,#748,.T.);
#6810=EDGE_CURVE('',#5368,#5370,#752,.T.);
#6812=EDGE_CURVE('',#5562,#5370,#757,.T.);
#6815=EDGE_CURVE('',#6203,#5981,#761,.T.);
#6817=EDGE_CURVE('',#5977,#5981,#765,.T.);
#6819=EDGE_CURVE('',#6201,#5977,#769,.T.);
#6822=EDGE_CURVE('',#6308,#6332,#774,.T.);
#6824=EDGE_CURVE('',#6308,#6310,#778,.T.);
#6826=EDGE_CURVE('',#6310,#6312,#783,.T.);
#6828=EDGE_CURVE('',#6312,#6302,#787,.T.);
#6832=ADVANCED_FACE('',(#6831),#6735,.T.);
#6838=EDGE_CURVE('',#6302,#6287,#791,.T.);
#6841=EDGE_CURVE('',#6304,#6288,#807,.T.);
#6846=ADVANCED_FACE('',(#6845),#6837,.F.);
#6854=EDGE_CURVE('',#6312,#6296,#795,.T.);
#6859=ADVANCED_FACE('',(#6858),#6851,.F.);
#6865=EDGE_CURVE('',#6310,#6294,#799,.T.);
#6872=ADVANCED_FACE('',(#6871),#6864,.F.);
#6878=EDGE_CURVE('',#6308,#6293,#803,.T.);
#6885=ADVANCED_FACE('',(#6884),#6877,.F.);
#6897=ADVANCED_FACE('',(#6896),#6890,.T.);
#6909=ADVANCED_FACE('',(#6908),#6902,.F.);
#6915=EDGE_CURVE('',#5848,#5849,#811,.T.);
#6917=EDGE_CURVE('',#5848,#5855,#815,.T.);
#6919=EDGE_CURVE('',#5855,#5864,#819,.T.);
#6921=EDGE_CURVE('',#5864,#5865,#823,.T.);
#6927=ADVANCED_FACE('',(#6926),#6914,.F.);
#6935=EDGE_CURVE('',#5857,#5852,#827,.T.);
#6937=EDGE_CURVE('',#5852,#5848,#940,.T.);
#6941=ADVANCED_FACE('',(#6940),#6932,.F.);
#6950=EDGE_CURVE('',#5860,#5861,#831,.T.);
#6952=EDGE_CURVE('',#5853,#5860,#835,.T.);
#6954=EDGE_CURVE('',#5852,#5853,#839,.T.);
#6958=ADVANCED_FACE('',(#6957),#6946,.T.);
#6967=EDGE_CURVE('',#5860,#5864,#843,.T.);
#6971=ADVANCED_FACE('',(#6970),#6963,.F.);
#6977=EDGE_CURVE('',#6175,#6176,#847,.T.);
#6979=EDGE_CURVE('',#6176,#6145,#851,.T.);
#6981=EDGE_CURVE('',#6145,#6146,#855,.T.);
#6983=EDGE_CURVE('',#5853,#6146,#859,.T.);
#6988=EDGE_CURVE('',#6141,#5855,#863,.T.);
#6990=EDGE_CURVE('',#6141,#6142,#867,.T.);
#6992=EDGE_CURVE('',#6142,#6175,#871,.T.);
#6996=ADVANCED_FACE('',(#6995),#6976,.F.);
#7002=EDGE_CURVE('',#6177,#6178,#881,.T.);
#7004=EDGE_CURVE('',#6177,#6189,#985,.T.);
#7006=EDGE_CURVE('',#6188,#6189,#891,.T.);
#7008=EDGE_CURVE('',#6188,#6176,#973,.T.);
#7011=EDGE_CURVE('',#6175,#6178,#916,.T.);
#7015=ADVANCED_FACE('',(#7014),#7001,.T.);
#7022=EDGE_CURVE('',#6178,#6179,#912,.T.);
#7024=EDGE_CURVE('',#6181,#6179,#924,.T.);
#7026=EDGE_CURVE('',#6181,#6183,#901,.T.);
#7028=EDGE_CURVE('',#6183,#6177,#977,.T.);
#7032=ADVANCED_FACE('',(#7031),#7020,.T.);
#7041=EDGE_CURVE('',#6142,#6179,#920,.T.);
#7045=ADVANCED_FACE('',(#7044),#7037,.T.);
#7054=EDGE_CURVE('',#6141,#6181,#936,.T.);
#7058=ADVANCED_FACE('',(#7057),#7050,.T.);
#7064=EDGE_CURVE('',#6146,#6187,#928,.T.);
#7066=EDGE_CURVE('',#6191,#6187,#958,.T.);
#7068=EDGE_CURVE('',#6183,#6191,#932,.T.);
#7079=ADVANCED_FACE('',(#7078),#7063,.F.);
#7085=EDGE_CURVE('',#6186,#6187,#944,.T.);
#7089=EDGE_CURVE('',#6145,#6186,#948,.T.);
#7093=ADVANCED_FACE('',(#7092),#7084,.T.);
#7100=EDGE_CURVE('',#6186,#6188,#969,.T.);
#7103=EDGE_CURVE('',#6189,#6191,#981,.T.);
#7108=ADVANCED_FACE('',(#7107),#7098,.T.);
#7120=ADVANCED_FACE('',(#7119),#7113,.T.);
#7132=ADVANCED_FACE('',(#7131),#7125,.T.);
#7138=EDGE_CURVE('',#6272,#6265,#1025,.T.);
#7140=EDGE_CURVE('',#6280,#6265,#1061,.T.);
#7146=ADVANCED_FACE('',(#7145),#7137,.T.);
#7152=EDGE_CURVE('',#6328,#6326,#989,.T.);
#7154=EDGE_CURVE('',#6318,#6326,#993,.T.);
#7157=EDGE_CURVE('',#6262,#6270,#998,.T.);
#7159=EDGE_CURVE('',#6260,#6262,#1002,.T.);
#7161=EDGE_CURVE('',#6259,#6260,#1007,.T.);
#7163=EDGE_CURVE('',#6268,#6259,#1011,.T.);
#7165=EDGE_CURVE('',#6266,#6268,#1016,.T.);
#7167=EDGE_CURVE('',#6265,#6266,#1020,.T.);
#7171=EDGE_CURVE('',#6320,#6328,#1029,.T.);
#7175=ADVANCED_FACE('',(#7174),#7151,.T.);
#7182=EDGE_CURVE('',#6326,#6323,#1033,.T.);
#7185=EDGE_CURVE('',#6328,#6324,#1037,.T.);
#7189=ADVANCED_FACE('',(#7188),#7180,.T.);
#7200=ADVANCED_FACE('',(#7199),#7194,.F.);
#7211=ADVANCED_FACE('',(#7210),#7205,.F.);
#7220=EDGE_CURVE('',#6278,#6262,#1041,.T.);
#7224=ADVANCED_FACE('',(#7223),#7216,.T.);
#7230=EDGE_CURVE('',#6276,#6260,#1045,.T.);
#7237=ADVANCED_FACE('',(#7236),#7229,.F.);
#7243=EDGE_CURVE('',#6274,#6259,#1049,.T.);
#7250=ADVANCED_FACE('',(#7249),#7242,.F.);
#7258=EDGE_CURVE('',#6284,#6268,#1053,.T.);
#7263=ADVANCED_FACE('',(#7262),#7255,.F.);
#7269=EDGE_CURVE('',#6282,#6266,#1057,.T.);
#7276=ADVANCED_FACE('',(#7275),#7268,.F.);
#7288=ADVANCED_FACE('',(#7287),#7281,.F.);
#7294=EDGE_CURVE('',#5732,#5733,#1065,.T.);
#7296=EDGE_CURVE('',#5732,#5739,#1069,.T.);
#7298=EDGE_CURVE('',#5739,#5748,#1073,.T.);
#7300=EDGE_CURVE('',#5748,#5749,#1077,.T.);
#7306=ADVANCED_FACE('',(#7305),#7293,.F.);
#7314=EDGE_CURVE('',#5741,#5736,#1081,.T.);
#7316=EDGE_CURVE('',#5736,#5732,#1194,.T.);
#7320=ADVANCED_FACE('',(#7319),#7311,.F.);
#7329=EDGE_CURVE('',#5744,#5745,#1085,.T.);
#7331=EDGE_CURVE('',#5737,#5744,#1089,.T.);
#7333=EDGE_CURVE('',#5736,#5737,#1093,.T.);
#7337=ADVANCED_FACE('',(#7336),#7325,.T.);
#7346=EDGE_CURVE('',#5744,#5748,#1097,.T.);
#7350=ADVANCED_FACE('',(#7349),#7342,.F.);
#7356=EDGE_CURVE('',#6110,#6111,#1101,.T.);
#7358=EDGE_CURVE('',#6111,#6080,#1105,.T.);
#7360=EDGE_CURVE('',#6080,#6081,#1109,.T.);
#7362=EDGE_CURVE('',#5737,#6081,#1113,.T.);
#7367=EDGE_CURVE('',#6076,#5739,#1117,.T.);
#7369=EDGE_CURVE('',#6076,#6077,#1121,.T.);
#7371=EDGE_CURVE('',#6077,#6110,#1125,.T.);
#7375=ADVANCED_FACE('',(#7374),#7355,.F.);
#7381=EDGE_CURVE('',#6112,#6113,#1135,.T.);
#7383=EDGE_CURVE('',#6112,#6124,#1239,.T.);
#7385=EDGE_CURVE('',#6123,#6124,#1145,.T.);
#7387=EDGE_CURVE('',#6123,#6111,#1227,.T.);
#7390=EDGE_CURVE('',#6110,#6113,#1170,.T.);
#7394=ADVANCED_FACE('',(#7393),#7380,.T.);
#7401=EDGE_CURVE('',#6113,#6114,#1166,.T.);
#7403=EDGE_CURVE('',#6116,#6114,#1178,.T.);
#7405=EDGE_CURVE('',#6116,#6118,#1155,.T.);
#7407=EDGE_CURVE('',#6118,#6112,#1231,.T.);
#7411=ADVANCED_FACE('',(#7410),#7399,.T.);
#7420=EDGE_CURVE('',#6077,#6114,#1174,.T.);
#7424=ADVANCED_FACE('',(#7423),#7416,.T.);
#7433=EDGE_CURVE('',#6076,#6116,#1190,.T.);
#7437=ADVANCED_FACE('',(#7436),#7429,.T.);
#7443=EDGE_CURVE('',#6081,#6122,#1182,.T.);
#7445=EDGE_CURVE('',#6126,#6122,#1212,.T.);
#7447=EDGE_CURVE('',#6118,#6126,#1186,.T.);
#7458=ADVANCED_FACE('',(#7457),#7442,.F.);
#7464=EDGE_CURVE('',#6121,#6122,#1198,.T.);
#7468=EDGE_CURVE('',#6080,#6121,#1202,.T.);
#7472=ADVANCED_FACE('',(#7471),#7463,.T.);
#7479=EDGE_CURVE('',#6121,#6123,#1223,.T.);
#7482=EDGE_CURVE('',#6124,#6126,#1235,.T.);
#7487=ADVANCED_FACE('',(#7486),#7477,.T.);
#7499=ADVANCED_FACE('',(#7498),#7492,.T.);
#7511=ADVANCED_FACE('',(#7510),#7504,.T.);
#7517=EDGE_CURVE('',#5506,#5499,#1279,.T.);
#7519=EDGE_CURVE('',#5514,#5499,#1315,.T.);
#7525=ADVANCED_FACE('',(#7524),#7516,.T.);
#7531=EDGE_CURVE('',#5590,#5588,#1243,.T.);
#7533=EDGE_CURVE('',#5580,#5588,#1247,.T.);
#7536=EDGE_CURVE('',#5496,#5504,#1252,.T.);
#7538=EDGE_CURVE('',#5494,#5496,#1256,.T.);
#7540=EDGE_CURVE('',#5493,#5494,#1261,.T.);
#7542=EDGE_CURVE('',#5502,#5493,#1265,.T.);
#7544=EDGE_CURVE('',#5500,#5502,#1270,.T.);
#7546=EDGE_CURVE('',#5499,#5500,#1274,.T.);
#7550=EDGE_CURVE('',#5582,#5590,#1283,.T.);
#7554=ADVANCED_FACE('',(#7553),#7530,.T.);
#7561=EDGE_CURVE('',#5588,#5585,#1287,.T.);
#7564=EDGE_CURVE('',#5590,#5586,#1291,.T.);
#7568=ADVANCED_FACE('',(#7567),#7559,.T.);
#7579=ADVANCED_FACE('',(#7578),#7573,.F.);
#7590=ADVANCED_FACE('',(#7589),#7584,.F.);
#7599=EDGE_CURVE('',#5512,#5496,#1295,.T.);
#7603=ADVANCED_FACE('',(#7602),#7595,.T.);
#7609=EDGE_CURVE('',#5510,#5494,#1299,.T.);
#7616=ADVANCED_FACE('',(#7615),#7608,.F.);
#7622=EDGE_CURVE('',#5508,#5493,#1303,.T.);
#7629=ADVANCED_FACE('',(#7628),#7621,.F.);
#7637=EDGE_CURVE('',#5518,#5502,#1307,.T.);
#7642=ADVANCED_FACE('',(#7641),#7634,.F.);
#7648=EDGE_CURVE('',#5516,#5500,#1311,.T.);
#7655=ADVANCED_FACE('',(#7654),#7647,.F.);
#7667=ADVANCED_FACE('',(#7666),#7660,.F.);
#7673=EDGE_CURVE('',#5597,#5598,#1319,.T.);
#7675=EDGE_CURVE('',#5597,#5604,#1323,.T.);
#7677=EDGE_CURVE('',#5604,#5618,#1327,.T.);
#7679=EDGE_CURVE('',#5618,#5612,#1331,.T.);
#7685=ADVANCED_FACE('',(#7684),#7672,.F.);
#7693=EDGE_CURVE('',#5614,#5601,#1347,.T.);
#7695=EDGE_CURVE('',#5601,#5597,#1448,.T.);
#7699=ADVANCED_FACE('',(#7698),#7690,.F.);
#7706=EDGE_CURVE('',#5616,#5608,#1335,.T.);
#7708=EDGE_CURVE('',#5602,#5616,#1339,.T.);
#7710=EDGE_CURVE('',#5601,#5602,#1343,.T.);
#7716=ADVANCED_FACE('',(#7715),#7704,.T.);
#7724=EDGE_CURVE('',#5616,#5618,#1351,.T.);
#7729=ADVANCED_FACE('',(#7728),#7721,.F.);
#7735=EDGE_CURVE('',#5629,#5630,#1355,.T.);
#7737=EDGE_CURVE('',#5630,#5625,#1359,.T.);
#7739=EDGE_CURVE('',#5625,#5626,#1363,.T.);
#7741=EDGE_CURVE('',#5602,#5626,#1367,.T.);
#7746=EDGE_CURVE('',#5621,#5604,#1371,.T.);
#7748=EDGE_CURVE('',#5621,#5622,#1375,.T.);
#7750=EDGE_CURVE('',#5622,#5629,#1379,.T.);
#7754=ADVANCED_FACE('',(#7753),#7734,.F.);
#7760=EDGE_CURVE('',#5631,#5632,#1389,.T.);
#7762=EDGE_CURVE('',#5631,#5643,#1493,.T.);
#7764=EDGE_CURVE('',#5642,#5643,#1399,.T.);
#7766=EDGE_CURVE('',#5642,#5630,#1481,.T.);
#7769=EDGE_CURVE('',#5629,#5632,#1424,.T.);
#7773=ADVANCED_FACE('',(#7772),#7759,.T.);
#7780=EDGE_CURVE('',#5632,#5633,#1420,.T.);
#7782=EDGE_CURVE('',#5635,#5633,#1432,.T.);
#7784=EDGE_CURVE('',#5635,#5637,#1409,.T.);
#7786=EDGE_CURVE('',#5637,#5631,#1485,.T.);
#7790=ADVANCED_FACE('',(#7789),#7778,.T.);
#7799=EDGE_CURVE('',#5622,#5633,#1428,.T.);
#7803=ADVANCED_FACE('',(#7802),#7795,.T.);
#7812=EDGE_CURVE('',#5621,#5635,#1444,.T.);
#7816=ADVANCED_FACE('',(#7815),#7808,.T.);
#7822=EDGE_CURVE('',#5626,#5641,#1436,.T.);
#7824=EDGE_CURVE('',#5645,#5641,#1466,.T.);
#7826=EDGE_CURVE('',#5637,#5645,#1440,.T.);
#7837=ADVANCED_FACE('',(#7836),#7821,.F.);
#7843=EDGE_CURVE('',#5640,#5641,#1452,.T.);
#7847=EDGE_CURVE('',#5625,#5640,#1456,.T.);
#7851=ADVANCED_FACE('',(#7850),#7842,.T.);
#7858=EDGE_CURVE('',#5640,#5642,#1477,.T.);
#7861=EDGE_CURVE('',#5643,#5645,#1489,.T.);
#7866=ADVANCED_FACE('',(#7865),#7856,.T.);
#7878=ADVANCED_FACE('',(#7877),#7871,.T.);
#7890=ADVANCED_FACE('',(#7889),#7883,.T.);
#7896=EDGE_CURVE('',#5352,#5341,#1498,.T.);
#7898=EDGE_CURVE('',#5360,#5341,#1541,.T.);
#7904=ADVANCED_FACE('',(#7903),#7895,.T.);
#7913=EDGE_CURVE('',#5344,#5354,#1502,.T.);
#7915=EDGE_CURVE('',#5342,#5344,#1507,.T.);
#7917=EDGE_CURVE('',#5341,#5342,#1511,.T.);
#7921=ADVANCED_FACE('',(#7920),#7909,.T.);
#7927=EDGE_CURVE('',#5356,#5347,#1515,.T.);
#7929=EDGE_CURVE('',#5556,#5356,#1582,.T.);
#7932=EDGE_CURVE('',#5350,#5358,#1520,.T.);
#7934=EDGE_CURVE('',#5348,#5350,#1524,.T.);
#7936=EDGE_CURVE('',#5347,#5348,#1529,.T.);
#7940=ADVANCED_FACE('',(#7939),#7926,.T.);
#7949=EDGE_CURVE('',#5364,#5344,#1533,.T.);
#7953=ADVANCED_FACE('',(#7952),#7945,.F.);
#7959=EDGE_CURVE('',#5362,#5342,#1537,.T.);
#7966=ADVANCED_FACE('',(#7965),#7958,.F.);
#7978=ADVANCED_FACE('',(#7977),#7971,.F.);
#7985=EDGE_CURVE('',#5366,#5347,#1545,.T.);
#7988=EDGE_CURVE('',#5356,#5558,#1586,.T.);
#7992=ADVANCED_FACE('',(#7991),#7983,.F.);
#8000=EDGE_CURVE('',#5368,#5348,#1549,.T.);
#8005=ADVANCED_FACE('',(#8004),#7997,.F.);
#8013=EDGE_CURVE('',#5370,#5350,#1553,.T.);
#8018=ADVANCED_FACE('',(#8017),#8010,.F.);
#8030=ADVANCED_FACE('',(#8029),#8023,.T.);
#8045=EDGE_CURVE('',#6360,#5338,#1594,.T.);
#8047=EDGE_CURVE('',#6358,#6360,#1599,.T.);
#8049=EDGE_CURVE('',#5572,#6358,#1603,.T.);
#8051=EDGE_CURVE('',#5400,#5572,#1607,.T.);
#8053=EDGE_CURVE('',#5400,#5402,#1611,.T.);
#8055=EDGE_CURVE('',#5402,#5574,#1615,.T.);
#8057=EDGE_CURVE('',#5568,#5574,#1619,.T.);
#8059=EDGE_CURVE('',#5396,#5568,#1623,.T.);
#8061=EDGE_CURVE('',#5396,#5398,#1627,.T.);
#8063=EDGE_CURVE('',#5398,#5570,#1631,.T.);
#8065=EDGE_CURVE('',#6352,#5570,#1635,.T.);
#8069=ADVANCED_FACE('',(#8068),#8035,.T.);
#8075=EDGE_CURVE('',#6360,#6355,#1639,.T.);
#8082=ADVANCED_FACE('',(#8081),#8074,.T.);
#8089=EDGE_CURVE('',#6358,#6356,#1751,.T.);
#8095=ADVANCED_FACE('',(#8094),#8087,.T.);
#8103=EDGE_CURVE('',#5404,#5570,#1688,.T.);
#8105=EDGE_CURVE('',#5404,#5406,#1692,.T.);
#8107=EDGE_CURVE('',#5406,#5408,#1697,.T.);
#8109=EDGE_CURVE('',#5408,#5410,#1701,.T.);
#8111=EDGE_CURVE('',#5410,#5412,#1706,.T.);
#8113=EDGE_CURVE('',#5412,#5414,#1710,.T.);
#8115=EDGE_CURVE('',#5568,#5414,#1715,.T.);
#8118=EDGE_CURVE('',#5418,#5574,#1720,.T.);
#8120=EDGE_CURVE('',#5418,#5420,#1724,.T.);
#8122=EDGE_CURVE('',#5420,#5422,#1729,.T.);
#8124=EDGE_CURVE('',#5422,#5424,#1733,.T.);
#8126=EDGE_CURVE('',#5424,#5426,#1738,.T.);
#8128=EDGE_CURVE('',#5426,#5416,#1742,.T.);
#8130=EDGE_CURVE('',#5572,#5416,#1747,.T.);
#8135=EDGE_CURVE('',#5450,#5480,#1756,.T.);
#8137=EDGE_CURVE('',#5448,#5450,#1760,.T.);
#8139=EDGE_CURVE('',#5446,#5448,#1765,.T.);
#8141=EDGE_CURVE('',#5444,#5446,#1769,.T.);
#8143=EDGE_CURVE('',#5442,#5444,#1774,.T.);
#8145=EDGE_CURVE('',#5441,#5442,#1778,.T.);
#8147=EDGE_CURVE('',#5482,#5441,#1783,.T.);
#8150=EDGE_CURVE('',#5438,#5476,#1788,.T.);
#8152=EDGE_CURVE('',#5436,#5438,#1792,.T.);
#8154=EDGE_CURVE('',#5434,#5436,#1797,.T.);
#8156=EDGE_CURVE('',#5432,#5434,#1801,.T.);
#8158=EDGE_CURVE('',#5430,#5432,#1806,.T.);
#8160=EDGE_CURVE('',#5429,#5430,#1810,.T.);
#8162=EDGE_CURVE('',#5478,#5429,#1815,.T.);
#8167=EDGE_CURVE('',#6064,#6065,#1654,.T.);
#8169=EDGE_CURVE('',#6065,#6064,#1659,.T.);
#8173=EDGE_CURVE('',#6129,#6130,#1664,.T.);
#8175=EDGE_CURVE('',#6130,#6129,#1669,.T.);
#8179=EDGE_CURVE('',#6194,#6195,#1674,.T.);
#8181=EDGE_CURVE('',#6195,#6194,#1679,.T.);
#8185=EDGE_CURVE('',#5565,#5566,#1644,.T.);
#8187=EDGE_CURVE('',#5566,#5565,#1649,.T.);
#8191=ADVANCED_FACE('',(#8166,#8172,#8178,#8184,#8190),#8100,.T.);
#8197=EDGE_CURVE('',#5565,#5594,#1819,.T.);
#8199=EDGE_CURVE('',#5532,#5594,#1965,.T.);
#8201=EDGE_CURVE('',#5532,#5524,#1823,.T.);
#8203=EDGE_CURVE('',#5526,#5524,#2133,.T.);
#8205=EDGE_CURVE('',#5534,#5526,#2141,.T.);
#8207=EDGE_CURVE('',#5534,#5528,#2115,.T.);
#8209=EDGE_CURVE('',#5528,#5522,#1827,.T.);
#8211=EDGE_CURVE('',#5521,#5522,#2124,.T.);
#8213=EDGE_CURVE('',#5530,#5521,#2119,.T.);
#8215=EDGE_CURVE('',#5592,#5530,#1960,.T.);
#8217=EDGE_CURVE('',#5566,#5592,#1969,.T.);
#8222=EDGE_CURVE('',#5646,#5647,#1839,.T.);
#8224=EDGE_CURVE('',#5647,#5649,#1862,.T.);
#8226=EDGE_CURVE('',#5649,#5648,#1868,.T.);
#8228=EDGE_CURVE('',#5648,#5646,#1891,.T.);
#8232=EDGE_CURVE('',#5658,#5659,#1903,.T.);
#8234=EDGE_CURVE('',#5659,#5661,#1926,.T.);
#8236=EDGE_CURVE('',#5661,#5660,#1932,.T.);
#8238=EDGE_CURVE('',#5660,#5658,#1955,.T.);
#8242=ADVANCED_FACE('',(#8221,#8231,#8241),#8196,.F.);
#8249=EDGE_CURVE('',#5530,#5532,#2106,.T.);
#8257=EDGE_CURVE('',#5650,#5651,#1981,.T.);
#8259=EDGE_CURVE('',#5651,#5653,#2004,.T.);
#8261=EDGE_CURVE('',#5653,#5652,#2010,.T.);
#8263=EDGE_CURVE('',#5652,#5650,#2033,.T.);
#8267=EDGE_CURVE('',#5654,#5655,#2045,.T.);
#8269=EDGE_CURVE('',#5655,#5657,#2068,.T.);
#8271=EDGE_CURVE('',#5657,#5656,#2074,.T.);
#8273=EDGE_CURVE('',#5656,#5654,#2097,.T.);
#8277=ADVANCED_FACE('',(#8256,#8266,#8276),#8247,.F.);
#8283=EDGE_CURVE('',#5530,#5532,#2101,.T.);
#8288=ADVANCED_FACE('',(#8287),#8282,.T.);
#8294=EDGE_CURVE('',#5534,#5528,#2110,.T.);
#8299=ADVANCED_FACE('',(#8298),#8293,.T.);
#8306=EDGE_CURVE('',#5524,#5521,#2137,.T.);
#8312=ADVANCED_FACE('',(#8311),#8304,.F.);
#8319=EDGE_CURVE('',#5522,#5526,#2128,.T.);
#8325=ADVANCED_FACE('',(#8324),#8317,.T.);
#8337=ADVANCED_FACE('',(#8336),#8330,.F.);
#8344=EDGE_CURVE('',#5651,#5650,#2145,.T.);
#8348=ADVANCED_FACE('',(#8347),#8342,.T.);
#8355=EDGE_CURVE('',#5653,#5652,#2149,.T.);
#8361=ADVANCED_FACE('',(#8360),#8353,.T.);
#8371=ADVANCED_FACE('',(#8370),#8366,.T.);
#8378=EDGE_CURVE('',#5655,#5654,#2153,.T.);
#8382=ADVANCED_FACE('',(#8381),#8376,.T.);
#8389=EDGE_CURVE('',#5657,#5656,#2157,.T.);
#8395=ADVANCED_FACE('',(#8394),#8387,.T.);
#8405=ADVANCED_FACE('',(#8404),#8400,.T.);
#8412=EDGE_CURVE('',#5647,#5646,#2161,.T.);
#8416=ADVANCED_FACE('',(#8415),#8410,.T.);
#8423=EDGE_CURVE('',#5649,#5648,#2165,.T.);
#8429=ADVANCED_FACE('',(#8428),#8421,.T.);
#8439=ADVANCED_FACE('',(#8438),#8434,.T.);
#8446=EDGE_CURVE('',#5659,#5658,#2169,.T.);
#8450=ADVANCED_FACE('',(#8449),#8444,.T.);
#8457=EDGE_CURVE('',#5661,#5660,#2173,.T.);
#8463=ADVANCED_FACE('',(#8462),#8455,.T.);
#8473=ADVANCED_FACE('',(#8472),#8468,.T.);
#8479=EDGE_CURVE('',#6064,#6069,#2177,.T.);
#8481=EDGE_CURVE('',#5727,#6069,#2319,.T.);
#8483=EDGE_CURVE('',#5727,#5719,#2181,.T.);
#8485=EDGE_CURVE('',#5721,#5719,#2483,.T.);
#8487=EDGE_CURVE('',#5729,#5721,#2491,.T.);
#8489=EDGE_CURVE('',#5729,#5723,#2465,.T.);
#8491=EDGE_CURVE('',#5723,#5717,#2185,.T.);
#8493=EDGE_CURVE('',#5716,#5717,#2474,.T.);
#8495=EDGE_CURVE('',#5725,#5716,#2469,.T.);
#8497=EDGE_CURVE('',#6067,#5725,#2314,.T.);
#8499=EDGE_CURVE('',#6065,#6067,#2323,.T.);
#8504=EDGE_CURVE('',#5753,#5752,#2197,.T.);
#8506=EDGE_CURVE('',#5752,#5756,#2219,.T.);
#8508=EDGE_CURVE('',#5756,#5757,#2225,.T.);
#8510=EDGE_CURVE('',#5757,#5753,#2247,.T.);
#8514=EDGE_CURVE('',#5777,#5776,#2259,.T.);
#8516=EDGE_CURVE('',#5776,#5780,#2281,.T.);
#8518=EDGE_CURVE('',#5780,#5781,#2287,.T.);
#8520=EDGE_CURVE('',#5781,#5777,#2309,.T.);
#8524=ADVANCED_FACE('',(#8503,#8513,#8523),#8478,.F.);
#8531=EDGE_CURVE('',#5725,#5727,#2456,.T.);
#8539=EDGE_CURVE('',#5761,#5760,#2335,.T.);
#8541=EDGE_CURVE('',#5760,#5764,#2357,.T.);
#8543=EDGE_CURVE('',#5764,#5765,#2363,.T.);
#8545=EDGE_CURVE('',#5765,#5761,#2385,.T.);
#8549=EDGE_CURVE('',#5769,#5768,#2397,.T.);
#8551=EDGE_CURVE('',#5768,#5772,#2419,.T.);
#8553=EDGE_CURVE('',#5772,#5773,#2425,.T.);
#8555=EDGE_CURVE('',#5773,#5769,#2447,.T.);
#8559=ADVANCED_FACE('',(#8538,#8548,#8558),#8529,.F.);
#8565=EDGE_CURVE('',#5725,#5727,#2451,.T.);
#8570=ADVANCED_FACE('',(#8569),#8564,.T.);
#8576=EDGE_CURVE('',#5729,#5723,#2460,.T.);
#8581=ADVANCED_FACE('',(#8580),#8575,.T.);
#8588=EDGE_CURVE('',#5719,#5716,#2487,.T.);
#8594=ADVANCED_FACE('',(#8593),#8586,.F.);
#8601=EDGE_CURVE('',#5717,#5721,#2478,.T.);
#8607=ADVANCED_FACE('',(#8606),#8599,.T.);
#8619=ADVANCED_FACE('',(#8618),#8612,.F.);
#8625=EDGE_CURVE('',#5760,#5761,#2495,.T.);
#8630=ADVANCED_FACE('',(#8629),#8624,.T.);
#8638=EDGE_CURVE('',#5764,#5765,#2499,.T.);
#8643=ADVANCED_FACE('',(#8642),#8635,.T.);
#8653=ADVANCED_FACE('',(#8652),#8648,.T.);
#8659=EDGE_CURVE('',#5768,#5769,#2503,.T.);
#8664=ADVANCED_FACE('',(#8663),#8658,.T.);
#8672=EDGE_CURVE('',#5772,#5773,#2507,.T.);
#8677=ADVANCED_FACE('',(#8676),#8669,.T.);
#8687=ADVANCED_FACE('',(#8686),#8682,.T.);
#8693=EDGE_CURVE('',#5752,#5753,#2511,.T.);
#8698=ADVANCED_FACE('',(#8697),#8692,.T.);
#8706=EDGE_CURVE('',#5756,#5757,#2515,.T.);
#8711=ADVANCED_FACE('',(#8710),#8703,.T.);
#8721=ADVANCED_FACE('',(#8720),#8716,.T.);
#8727=EDGE_CURVE('',#5776,#5777,#2519,.T.);
#8732=ADVANCED_FACE('',(#8731),#8726,.T.);
#8740=EDGE_CURVE('',#5780,#5781,#2523,.T.);
#8745=ADVANCED_FACE('',(#8744),#8737,.T.);
#8755=ADVANCED_FACE('',(#8754),#8750,.T.);
#8761=EDGE_CURVE('',#6129,#6134,#2527,.T.);
#8763=EDGE_CURVE('',#5843,#6134,#2669,.T.);
#8765=EDGE_CURVE('',#5843,#5835,#2531,.T.);
#8767=EDGE_CURVE('',#5837,#5835,#2833,.T.);
#8769=EDGE_CURVE('',#5845,#5837,#2841,.T.);
#8771=EDGE_CURVE('',#5845,#5839,#2815,.T.);
#8773=EDGE_CURVE('',#5839,#5833,#2535,.T.);
#8775=EDGE_CURVE('',#5832,#5833,#2824,.T.);
#8777=EDGE_CURVE('',#5841,#5832,#2819,.T.);
#8779=EDGE_CURVE('',#6132,#5841,#2664,.T.);
#8781=EDGE_CURVE('',#6130,#6132,#2673,.T.);
#8786=EDGE_CURVE('',#5869,#5868,#2547,.T.);
#8788=EDGE_CURVE('',#5868,#5872,#2569,.T.);
#8790=EDGE_CURVE('',#5872,#5873,#2575,.T.);
#8792=EDGE_CURVE('',#5873,#5869,#2597,.T.);
#8796=EDGE_CURVE('',#5893,#5892,#2609,.T.);
#8798=EDGE_CURVE('',#5892,#5896,#2631,.T.);
#8800=EDGE_CURVE('',#5896,#5897,#2637,.T.);
#8802=EDGE_CURVE('',#5897,#5893,#2659,.T.);
#8806=ADVANCED_FACE('',(#8785,#8795,#8805),#8760,.F.);
#8813=EDGE_CURVE('',#5841,#5843,#2806,.T.);
#8821=EDGE_CURVE('',#5877,#5876,#2685,.T.);
#8823=EDGE_CURVE('',#5876,#5880,#2707,.T.);
#8825=EDGE_CURVE('',#5880,#5881,#2713,.T.);
#8827=EDGE_CURVE('',#5881,#5877,#2735,.T.);
#8831=EDGE_CURVE('',#5885,#5884,#2747,.T.);
#8833=EDGE_CURVE('',#5884,#5888,#2769,.T.);
#8835=EDGE_CURVE('',#5888,#5889,#2775,.T.);
#8837=EDGE_CURVE('',#5889,#5885,#2797,.T.);
#8841=ADVANCED_FACE('',(#8820,#8830,#8840),#8811,.F.);
#8847=EDGE_CURVE('',#5841,#5843,#2801,.T.);
#8852=ADVANCED_FACE('',(#8851),#8846,.T.);
#8858=EDGE_CURVE('',#5845,#5839,#2810,.T.);
#8863=ADVANCED_FACE('',(#8862),#8857,.T.);
#8870=EDGE_CURVE('',#5835,#5832,#2837,.T.);
#8876=ADVANCED_FACE('',(#8875),#8868,.F.);
#8883=EDGE_CURVE('',#5833,#5837,#2828,.T.);
#8889=ADVANCED_FACE('',(#8888),#8881,.T.);
#8901=ADVANCED_FACE('',(#8900),#8894,.F.);
#8907=EDGE_CURVE('',#5876,#5877,#2845,.T.);
#8912=ADVANCED_FACE('',(#8911),#8906,.T.);
#8920=EDGE_CURVE('',#5880,#5881,#2849,.T.);
#8925=ADVANCED_FACE('',(#8924),#8917,.T.);
#8935=ADVANCED_FACE('',(#8934),#8930,.T.);
#8941=EDGE_CURVE('',#5884,#5885,#2853,.T.);
#8946=ADVANCED_FACE('',(#8945),#8940,.T.);
#8954=EDGE_CURVE('',#5888,#5889,#2857,.T.);
#8959=ADVANCED_FACE('',(#8958),#8951,.T.);
#8969=ADVANCED_FACE('',(#8968),#8964,.T.);
#8975=EDGE_CURVE('',#5868,#5869,#2861,.T.);
#8980=ADVANCED_FACE('',(#8979),#8974,.T.);
#8988=EDGE_CURVE('',#5872,#5873,#2865,.T.);
#8993=ADVANCED_FACE('',(#8992),#8985,.T.);
#9003=ADVANCED_FACE('',(#9002),#8998,.T.);
#9009=EDGE_CURVE('',#5892,#5893,#2869,.T.);
#9014=ADVANCED_FACE('',(#9013),#9008,.T.);
#9022=EDGE_CURVE('',#5896,#5897,#2873,.T.);
#9027=ADVANCED_FACE('',(#9026),#9019,.T.);
#9037=ADVANCED_FACE('',(#9036),#9032,.T.);
#9043=EDGE_CURVE('',#6194,#6199,#2877,.T.);
#9045=EDGE_CURVE('',#5959,#6199,#3019,.T.);
#9047=EDGE_CURVE('',#5959,#5951,#2881,.T.);
#9049=EDGE_CURVE('',#5953,#5951,#3183,.T.);
#9051=EDGE_CURVE('',#5961,#5953,#3191,.T.);
#9053=EDGE_CURVE('',#5961,#5955,#3165,.T.);
#9055=EDGE_CURVE('',#5955,#5949,#2885,.T.);
#9057=EDGE_CURVE('',#5948,#5949,#3174,.T.);
#9059=EDGE_CURVE('',#5957,#5948,#3169,.T.);
#9061=EDGE_CURVE('',#6197,#5957,#3014,.T.);
#9063=EDGE_CURVE('',#6195,#6197,#3023,.T.);
#9068=EDGE_CURVE('',#5985,#5984,#2897,.T.);
#9070=EDGE_CURVE('',#5984,#5988,#2919,.T.);
#9072=EDGE_CURVE('',#5988,#5989,#2925,.T.);
#9074=EDGE_CURVE('',#5989,#5985,#2947,.T.);
#9078=EDGE_CURVE('',#6009,#6008,#2959,.T.);
#9080=EDGE_CURVE('',#6008,#6012,#2981,.T.);
#9082=EDGE_CURVE('',#6012,#6013,#2987,.T.);
#9084=EDGE_CURVE('',#6013,#6009,#3009,.T.);
#9088=ADVANCED_FACE('',(#9067,#9077,#9087),#9042,.F.);
#9095=EDGE_CURVE('',#5957,#5959,#3156,.T.);
#9103=EDGE_CURVE('',#5993,#5992,#3035,.T.);
#9105=EDGE_CURVE('',#5992,#5996,#3057,.T.);
#9107=EDGE_CURVE('',#5996,#5997,#3063,.T.);
#9109=EDGE_CURVE('',#5997,#5993,#3085,.T.);
#9113=EDGE_CURVE('',#6001,#6000,#3097,.T.);
#9115=EDGE_CURVE('',#6000,#6004,#3119,.T.);
#9117=EDGE_CURVE('',#6004,#6005,#3125,.T.);
#9119=EDGE_CURVE('',#6005,#6001,#3147,.T.);
#9123=ADVANCED_FACE('',(#9102,#9112,#9122),#9093,.F.);
#9129=EDGE_CURVE('',#5957,#5959,#3151,.T.);
#9134=ADVANCED_FACE('',(#9133),#9128,.T.);
#9140=EDGE_CURVE('',#5961,#5955,#3160,.T.);
#9145=ADVANCED_FACE('',(#9144),#9139,.T.);
#9152=EDGE_CURVE('',#5951,#5948,#3187,.T.);
#9158=ADVANCED_FACE('',(#9157),#9150,.F.);
#9165=EDGE_CURVE('',#5949,#5953,#3178,.T.);
#9171=ADVANCED_FACE('',(#9170),#9163,.T.);
#9183=ADVANCED_FACE('',(#9182),#9176,.F.);
#9189=EDGE_CURVE('',#5992,#5993,#3195,.T.);
#9194=ADVANCED_FACE('',(#9193),#9188,.T.);
#9202=EDGE_CURVE('',#5996,#5997,#3199,.T.);
#9207=ADVANCED_FACE('',(#9206),#9199,.T.);
#9217=ADVANCED_FACE('',(#9216),#9212,.T.);
#9223=EDGE_CURVE('',#6000,#6001,#3203,.T.);
#9228=ADVANCED_FACE('',(#9227),#9222,.T.);
#9236=EDGE_CURVE('',#6004,#6005,#3207,.T.);
#9241=ADVANCED_FACE('',(#9240),#9233,.T.);
#9251=ADVANCED_FACE('',(#9250),#9246,.T.);
#9257=EDGE_CURVE('',#5984,#5985,#3211,.T.);
#9262=ADVANCED_FACE('',(#9261),#9256,.T.);
#9270=EDGE_CURVE('',#5988,#5989,#3215,.T.);
#9275=ADVANCED_FACE('',(#9274),#9267,.T.);
#9285=ADVANCED_FACE('',(#9284),#9280,.T.);
#9291=EDGE_CURVE('',#6008,#6009,#3219,.T.);
#9296=ADVANCED_FACE('',(#9295),#9290,.T.);
#9304=EDGE_CURVE('',#6012,#6013,#3223,.T.);
#9309=ADVANCED_FACE('',(#9308),#9301,.T.);
#9319=ADVANCED_FACE('',(#9318),#9314,.T.);
#9325=EDGE_CURVE('',#5398,#5373,#3255,.T.);
#9327=EDGE_CURVE('',#5404,#5373,#3311,.T.);
#9333=ADVANCED_FACE('',(#9332),#9324,.T.);
#9339=EDGE_CURVE('',#5382,#5396,#3228,.T.);
#9341=EDGE_CURVE('',#5380,#5382,#3232,.T.);
#9343=EDGE_CURVE('',#5378,#5380,#3237,.T.);
#9345=EDGE_CURVE('',#5376,#5378,#3241,.T.);
#9347=EDGE_CURVE('',#5374,#5376,#3246,.T.);
#9349=EDGE_CURVE('',#5373,#5374,#3250,.T.);
#9355=ADVANCED_FACE('',(#9354),#9338,.T.);
#9361=EDGE_CURVE('',#5394,#5400,#3260,.T.);
#9363=EDGE_CURVE('',#5392,#5394,#3264,.T.);
#9365=EDGE_CURVE('',#5390,#5392,#3269,.T.);
#9367=EDGE_CURVE('',#5388,#5390,#3273,.T.);
#9369=EDGE_CURVE('',#5386,#5388,#3278,.T.);
#9371=EDGE_CURVE('',#5385,#5386,#3282,.T.);
#9373=EDGE_CURVE('',#5402,#5385,#3287,.T.);
#9378=ADVANCED_FACE('',(#9377),#9360,.T.);
#9387=EDGE_CURVE('',#5414,#5382,#3291,.T.);
#9391=ADVANCED_FACE('',(#9390),#9383,.T.);
#9397=EDGE_CURVE('',#5412,#5380,#3295,.T.);
#9404=ADVANCED_FACE('',(#9403),#9396,.F.);
#9410=EDGE_CURVE('',#5410,#5378,#3299,.T.);
#9417=ADVANCED_FACE('',(#9416),#9409,.F.);
#9423=EDGE_CURVE('',#5408,#5376,#3303,.T.);
#9430=ADVANCED_FACE('',(#9429),#9422,.F.);
#9436=EDGE_CURVE('',#5406,#5374,#3307,.T.);
#9443=ADVANCED_FACE('',(#9442),#9435,.F.);
#9455=ADVANCED_FACE('',(#9454),#9448,.F.);
#9464=EDGE_CURVE('',#5416,#5394,#3315,.T.);
#9468=ADVANCED_FACE('',(#9467),#9460,.T.);
#9476=EDGE_CURVE('',#5426,#5392,#3319,.T.);
#9481=ADVANCED_FACE('',(#9480),#9473,.F.);
#9487=EDGE_CURVE('',#5424,#5390,#3323,.T.);
#9494=ADVANCED_FACE('',(#9493),#9486,.F.);
#9500=EDGE_CURVE('',#5422,#5388,#3327,.T.);
#9507=ADVANCED_FACE('',(#9506),#9499,.F.);
#9513=EDGE_CURVE('',#5420,#5386,#3331,.T.);
#9520=ADVANCED_FACE('',(#9519),#9512,.F.);
#9526=EDGE_CURVE('',#5418,#5385,#3335,.T.);
#9533=ADVANCED_FACE('',(#9532),#9525,.F.);
#9545=ADVANCED_FACE('',(#9544),#9538,.T.);
#9553=EDGE_CURVE('',#5474,#5488,#3376,.T.);
#9555=EDGE_CURVE('',#5450,#5474,#3339,.T.);
#9559=ADVANCED_FACE('',(#9558),#9550,.F.);
#9565=EDGE_CURVE('',#5462,#5484,#3344,.T.);
#9568=EDGE_CURVE('',#5486,#5453,#3349,.T.);
#9570=EDGE_CURVE('',#5453,#5454,#3353,.T.);
#9572=EDGE_CURVE('',#5454,#5456,#3358,.T.);
#9574=EDGE_CURVE('',#5456,#5458,#3362,.T.);
#9576=EDGE_CURVE('',#5458,#5460,#3367,.T.);
#9578=EDGE_CURVE('',#5460,#5462,#3371,.T.);
#9582=ADVANCED_FACE('',(#9581),#9564,.F.);
#9590=EDGE_CURVE('',#5490,#5465,#3381,.T.);
#9592=EDGE_CURVE('',#5465,#5466,#3385,.T.);
#9594=EDGE_CURVE('',#5466,#5468,#3390,.T.);
#9596=EDGE_CURVE('',#5468,#5470,#3394,.T.);
#9598=EDGE_CURVE('',#5470,#5472,#3399,.T.);
#9600=EDGE_CURVE('',#5472,#5474,#3403,.T.);
#9604=ADVANCED_FACE('',(#9603),#9587,.F.);
#9613=EDGE_CURVE('',#5438,#5462,#3407,.T.);
#9617=ADVANCED_FACE('',(#9616),#9609,.F.);
#9626=EDGE_CURVE('',#5436,#5460,#3411,.T.);
#9630=ADVANCED_FACE('',(#9629),#9622,.T.);
#9639=EDGE_CURVE('',#5434,#5458,#3415,.T.);
#9643=ADVANCED_FACE('',(#9642),#9635,.T.);
#9652=EDGE_CURVE('',#5432,#5456,#3419,.T.);
#9656=ADVANCED_FACE('',(#9655),#9648,.T.);
#9665=EDGE_CURVE('',#5430,#5454,#3423,.T.);
#9669=ADVANCED_FACE('',(#9668),#9661,.T.);
#9678=EDGE_CURVE('',#5429,#5453,#3427,.T.);
#9682=ADVANCED_FACE('',(#9681),#9674,.T.);
#9694=ADVANCED_FACE('',(#9693),#9687,.F.);
#9701=EDGE_CURVE('',#5441,#5465,#3431,.T.);
#9707=ADVANCED_FACE('',(#9706),#9699,.F.);
#9714=EDGE_CURVE('',#5442,#5466,#3435,.T.);
#9720=ADVANCED_FACE('',(#9719),#9712,.T.);
#9727=EDGE_CURVE('',#5444,#5468,#3439,.T.);
#9733=ADVANCED_FACE('',(#9732),#9725,.T.);
#9740=EDGE_CURVE('',#5446,#5470,#3443,.T.);
#9746=ADVANCED_FACE('',(#9745),#9738,.T.);
#9753=EDGE_CURVE('',#5448,#5472,#3447,.T.);
#9759=ADVANCED_FACE('',(#9758),#9751,.T.);
#9771=ADVANCED_FACE('',(#9770),#9764,.T.);
#9777=EDGE_CURVE('',#5964,#5965,#3451,.T.);
#9779=EDGE_CURVE('',#5964,#5971,#3455,.T.);
#9781=EDGE_CURVE('',#5971,#5980,#3459,.T.);
#9783=EDGE_CURVE('',#5980,#5981,#3463,.T.);
#9789=ADVANCED_FACE('',(#9788),#9776,.F.);
#9797=EDGE_CURVE('',#5973,#5968,#3467,.T.);
#9799=EDGE_CURVE('',#5968,#5964,#3580,.T.);
#9803=ADVANCED_FACE('',(#9802),#9794,.F.);
#9812=EDGE_CURVE('',#5976,#5977,#3471,.T.);
#9814=EDGE_CURVE('',#5969,#5976,#3475,.T.);
#9816=EDGE_CURVE('',#5968,#5969,#3479,.T.);
#9820=ADVANCED_FACE('',(#9819),#9808,.T.);
#9829=EDGE_CURVE('',#5976,#5980,#3483,.T.);
#9833=ADVANCED_FACE('',(#9832),#9825,.F.);
#9839=EDGE_CURVE('',#6240,#6241,#3487,.T.);
#9841=EDGE_CURVE('',#6241,#6210,#3491,.T.);
#9843=EDGE_CURVE('',#6210,#6211,#3495,.T.);
#9845=EDGE_CURVE('',#5969,#6211,#3499,.T.);
#9850=EDGE_CURVE('',#6206,#5971,#3503,.T.);
#9852=EDGE_CURVE('',#6206,#6207,#3507,.T.);
#9854=EDGE_CURVE('',#6207,#6240,#3511,.T.);
#9858=ADVANCED_FACE('',(#9857),#9838,.F.);
#9864=EDGE_CURVE('',#6242,#6243,#3521,.T.);
#9866=EDGE_CURVE('',#6242,#6254,#3625,.T.);
#9868=EDGE_CURVE('',#6253,#6254,#3531,.T.);
#9870=EDGE_CURVE('',#6253,#6241,#3613,.T.);
#9873=EDGE_CURVE('',#6240,#6243,#3556,.T.);
#9877=ADVANCED_FACE('',(#9876),#9863,.T.);
#9884=EDGE_CURVE('',#6243,#6244,#3552,.T.);
#9886=EDGE_CURVE('',#6246,#6244,#3564,.T.);
#9888=EDGE_CURVE('',#6246,#6248,#3541,.T.);
#9890=EDGE_CURVE('',#6248,#6242,#3617,.T.);
#9894=ADVANCED_FACE('',(#9893),#9882,.T.);
#9903=EDGE_CURVE('',#6207,#6244,#3560,.T.);
#9907=ADVANCED_FACE('',(#9906),#9899,.T.);
#9916=EDGE_CURVE('',#6206,#6246,#3576,.T.);
#9920=ADVANCED_FACE('',(#9919),#9912,.T.);
#9926=EDGE_CURVE('',#6211,#6252,#3568,.T.);
#9928=EDGE_CURVE('',#6256,#6252,#3598,.T.);
#9930=EDGE_CURVE('',#6248,#6256,#3572,.T.);
#9941=ADVANCED_FACE('',(#9940),#9925,.F.);
#9947=EDGE_CURVE('',#6251,#6252,#3584,.T.);
#9951=EDGE_CURVE('',#6210,#6251,#3588,.T.);
#9955=ADVANCED_FACE('',(#9954),#9946,.T.);
#9962=EDGE_CURVE('',#6251,#6253,#3609,.T.);
#9965=EDGE_CURVE('',#6254,#6256,#3621,.T.);
#9970=ADVANCED_FACE('',(#9969),#9960,.T.);
#9982=ADVANCED_FACE('',(#9981),#9975,.T.);
#9994=ADVANCED_FACE('',(#9993),#9987,.T.);
#10005=ADVANCED_FACE('',(#10004),#9999,.F.);
#10011=EDGE_CURVE('',#5544,#5537,#3633,.T.);
#10013=EDGE_CURVE('',#5537,#5538,#3649,.T.);
#10015=EDGE_CURVE('',#5546,#5538,#3645,.T.);
#10020=ADVANCED_FACE('',(#10019),#10010,.T.);
#10028=EDGE_CURVE('',#5550,#5542,#3637,.T.);
#10030=EDGE_CURVE('',#5542,#5537,#3653,.T.);
#10034=ADVANCED_FACE('',(#10033),#10025,.T.);
#10040=EDGE_CURVE('',#5548,#5540,#3641,.T.);
#10042=EDGE_CURVE('',#5540,#5542,#3657,.T.);
#10048=ADVANCED_FACE('',(#10047),#10039,.T.);
#10055=EDGE_CURVE('',#5538,#5540,#3661,.T.);
#10061=ADVANCED_FACE('',(#10060),#10053,.T.);
#10073=ADVANCED_FACE('',(#10072),#10066,.T.);
#10079=EDGE_CURVE('',#5823,#5816,#3665,.T.);
#10081=EDGE_CURVE('',#5816,#5817,#3681,.T.);
#10083=EDGE_CURVE('',#5825,#5817,#3677,.T.);
#10088=ADVANCED_FACE('',(#10087),#10078,.T.);
#10096=EDGE_CURVE('',#5829,#5821,#3669,.T.);
#10098=EDGE_CURVE('',#5821,#5816,#3685,.T.);
#10102=ADVANCED_FACE('',(#10101),#10093,.T.);
#10108=EDGE_CURVE('',#5827,#5819,#3673,.T.);
#10110=EDGE_CURVE('',#5819,#5821,#3689,.T.);
#10116=ADVANCED_FACE('',(#10115),#10107,.T.);
#10123=EDGE_CURVE('',#5817,#5819,#3693,.T.);
#10129=ADVANCED_FACE('',(#10128),#10121,.T.);
#10141=ADVANCED_FACE('',(#10140),#10134,.T.);
#10147=EDGE_CURVE('',#5939,#5932,#3697,.T.);
#10149=EDGE_CURVE('',#5932,#5933,#3713,.T.);
#10151=EDGE_CURVE('',#5941,#5933,#3709,.T.);
#10156=ADVANCED_FACE('',(#10155),#10146,.T.);
#10164=EDGE_CURVE('',#5945,#5937,#3701,.T.);
#10166=EDGE_CURVE('',#5937,#5932,#3717,.T.);
#10170=ADVANCED_FACE('',(#10169),#10161,.T.);
#10176=EDGE_CURVE('',#5943,#5935,#3705,.T.);
#10178=EDGE_CURVE('',#5935,#5937,#3721,.T.);
#10184=ADVANCED_FACE('',(#10183),#10175,.T.);
#10191=EDGE_CURVE('',#5933,#5935,#3725,.T.);
#10197=ADVANCED_FACE('',(#10196),#10189,.T.);
#10209=ADVANCED_FACE('',(#10208),#10202,.T.);
#10215=EDGE_CURVE('',#6055,#6048,#3729,.T.);
#10217=EDGE_CURVE('',#6048,#6049,#3745,.T.);
#10219=EDGE_CURVE('',#6057,#6049,#3741,.T.);
#10224=ADVANCED_FACE('',(#10223),#10214,.T.);
#10232=EDGE_CURVE('',#6061,#6053,#3733,.T.);
#10234=EDGE_CURVE('',#6053,#6048,#3749,.T.);
#10238=ADVANCED_FACE('',(#10237),#10229,.T.);
#10244=EDGE_CURVE('',#6059,#6051,#3737,.T.);
#10246=EDGE_CURVE('',#6051,#6053,#3753,.T.);
#10252=ADVANCED_FACE('',(#10251),#10243,.T.);
#10259=EDGE_CURVE('',#6049,#6051,#3757,.T.);
#10265=ADVANCED_FACE('',(#10264),#10257,.T.);
#10277=ADVANCED_FACE('',(#10276),#10270,.T.);
#10283=EDGE_CURVE('',#5704,#5705,#3766,.T.);
#10285=EDGE_CURVE('',#5705,#5706,#3775,.T.);
#10287=EDGE_CURVE('',#5706,#5678,#3780,.T.);
#10289=EDGE_CURVE('',#5678,#5676,#3795,.T.);
#10291=EDGE_CURVE('',#5676,#5677,#3799,.T.);
#10293=EDGE_CURVE('',#5677,#5668,#3820,.T.);
#10296=EDGE_CURVE('',#5664,#5670,#3841,.T.);
#10298=EDGE_CURVE('',#5672,#5670,#3845,.T.);
#10300=EDGE_CURVE('',#5672,#5673,#3860,.T.);
#10302=EDGE_CURVE('',#5673,#5704,#3865,.T.);
#10306=ADVANCED_FACE('',(#10305),#10282,.F.);
#10313=EDGE_CURVE('',#5704,#5698,#3876,.T.);
#10315=EDGE_CURVE('',#5707,#5698,#3911,.T.);
#10317=EDGE_CURVE('',#5708,#5707,#3869,.T.);
#10319=EDGE_CURVE('',#5702,#5708,#4136,.T.);
#10321=EDGE_CURVE('',#5706,#5702,#4105,.T.);
#10326=ADVANCED_FACE('',(#10325),#10311,.F.);
#10332=EDGE_CURVE('',#5698,#5699,#3915,.T.);
#10336=EDGE_CURVE('',#5673,#5682,#3880,.T.);
#10338=EDGE_CURVE('',#5709,#5682,#3964,.T.);
#10340=EDGE_CURVE('',#5699,#5709,#3887,.T.);
#10344=ADVANCED_FACE('',(#10343),#10331,.T.);
#10350=EDGE_CURVE('',#5690,#5691,#3943,.T.);
#10352=EDGE_CURVE('',#5690,#5707,#3905,.T.);
#10356=EDGE_CURVE('',#5699,#5712,#3921,.T.);
#10358=EDGE_CURVE('',#5712,#5691,#3939,.T.);
#10362=ADVANCED_FACE('',(#10361),#10349,.T.);
#10369=EDGE_CURVE('',#5691,#5695,#3947,.T.);
#10371=EDGE_CURVE('',#5694,#5695,#3951,.T.);
#10373=EDGE_CURVE('',#5690,#5694,#3955,.T.);
#10377=ADVANCED_FACE('',(#10376),#10367,.T.);
#10385=EDGE_CURVE('',#5713,#5712,#3959,.T.);
#10387=EDGE_CURVE('',#5695,#5713,#4123,.T.);
#10391=ADVANCED_FACE('',(#10390),#10382,.T.);
#10397=EDGE_CURVE('',#5710,#5711,#4058,.T.);
#10399=EDGE_CURVE('',#5703,#5710,#4098,.T.);
#10401=EDGE_CURVE('',#5713,#5703,#4130,.T.);
#10406=EDGE_CURVE('',#5711,#5709,#4067,.T.);
#10410=ADVANCED_FACE('',(#10409),#10396,.F.);
#10417=EDGE_CURVE('',#5682,#5681,#3979,.T.);
#10419=EDGE_CURVE('',#5681,#5679,#3983,.T.);
#10421=EDGE_CURVE('',#5679,#5665,#4004,.T.);
#10424=EDGE_CURVE('',#5669,#5686,#4025,.T.);
#10426=EDGE_CURVE('',#5685,#5686,#4029,.T.);
#10428=EDGE_CURVE('',#5685,#5687,#4044,.T.);
#10430=EDGE_CURVE('',#5687,#5710,#4049,.T.);
#10436=ADVANCED_FACE('',(#10435),#10415,.F.);
#10443=EDGE_CURVE('',#5672,#5681,#4071,.T.);
#10449=ADVANCED_FACE('',(#10448),#10441,.F.);
#10456=EDGE_CURVE('',#5670,#5679,#4075,.T.);
#10462=ADVANCED_FACE('',(#10461),#10454,.T.);
#10474=ADVANCED_FACE('',(#10473),#10467,.T.);
#10482=EDGE_CURVE('',#5677,#5686,#4079,.T.);
#10487=ADVANCED_FACE('',(#10486),#10479,.T.);
#10494=EDGE_CURVE('',#5676,#5685,#4083,.T.);
#10500=ADVANCED_FACE('',(#10499),#10492,.T.);
#10507=EDGE_CURVE('',#5678,#5687,#4087,.T.);
#10513=ADVANCED_FACE('',(#10512),#10505,.F.);
#10519=EDGE_CURVE('',#5702,#5703,#4091,.T.);
#10528=ADVANCED_FACE('',(#10527),#10518,.T.);
#10539=EDGE_CURVE('',#5708,#5694,#4154,.T.);
#10543=ADVANCED_FACE('',(#10542),#10533,.T.);
#10555=ADVANCED_FACE('',(#10554),#10548,.T.);
#10561=EDGE_CURVE('',#6098,#6099,#4163,.T.);
#10563=EDGE_CURVE('',#6099,#6100,#4172,.T.);
#10565=EDGE_CURVE('',#6100,#5804,#4177,.T.);
#10567=EDGE_CURVE('',#5804,#5796,#4191,.T.);
#10569=EDGE_CURVE('',#5796,#5800,#4195,.T.);
#10571=EDGE_CURVE('',#5800,#6088,#4215,.T.);
#10574=EDGE_CURVE('',#6084,#5788,#4235,.T.);
#10576=EDGE_CURVE('',#5792,#5788,#4239,.T.);
#10578=EDGE_CURVE('',#5792,#5784,#4253,.T.);
#10580=EDGE_CURVE('',#5784,#6098,#4258,.T.);
#10584=ADVANCED_FACE('',(#10583),#10560,.F.);
#10590=EDGE_CURVE('',#5808,#5809,#4262,.T.);
#10592=EDGE_CURVE('',#6106,#5808,#4496,.T.);
#10594=EDGE_CURVE('',#6100,#6106,#4519,.T.);
#10598=EDGE_CURVE('',#6098,#6104,#4321,.T.);
#10600=EDGE_CURVE('',#5809,#6104,#4286,.T.);
#10604=ADVANCED_FACE('',(#10603),#10589,.F.);
#10611=EDGE_CURVE('',#6092,#5809,#4280,.T.);
#10613=EDGE_CURVE('',#6092,#6093,#4500,.T.);
#10615=EDGE_CURVE('',#5808,#6093,#4466,.T.);
#10619=ADVANCED_FACE('',(#10618),#10609,.T.);
#10627=EDGE_CURVE('',#6104,#6105,#4290,.T.);
#10629=EDGE_CURVE('',#6105,#5813,#4296,.T.);
#10631=EDGE_CURVE('',#5813,#6096,#4314,.T.);
#10633=EDGE_CURVE('',#6092,#6096,#4504,.T.);
#10637=ADVANCED_FACE('',(#10636),#10624,.T.);
#10645=EDGE_CURVE('',#5784,#5785,#4325,.T.);
#10647=EDGE_CURVE('',#6103,#5785,#4363,.T.);
#10649=EDGE_CURVE('',#6105,#6103,#4332,.T.);
#10654=ADVANCED_FACE('',(#10653),#10642,.T.);
#10662=EDGE_CURVE('',#5792,#5793,#4336,.T.);
#10664=EDGE_CURVE('',#5785,#5793,#4377,.T.);
#10668=ADVANCED_FACE('',(#10667),#10659,.F.);
#10674=EDGE_CURVE('',#5788,#5789,#4340,.T.);
#10676=EDGE_CURVE('',#5793,#5789,#4381,.T.);
#10682=ADVANCED_FACE('',(#10681),#10673,.T.);
#10691=EDGE_CURVE('',#5789,#6085,#4401,.T.);
#10695=ADVANCED_FACE('',(#10694),#10687,.T.);
#10701=EDGE_CURVE('',#6101,#6102,#4349,.T.);
#10703=EDGE_CURVE('',#6102,#6103,#4358,.T.);
#10710=EDGE_CURVE('',#6089,#5801,#4421,.T.);
#10712=EDGE_CURVE('',#5797,#5801,#4425,.T.);
#10714=EDGE_CURVE('',#5797,#5805,#4439,.T.);
#10716=EDGE_CURVE('',#5805,#6101,#4444,.T.);
#10720=ADVANCED_FACE('',(#10719),#10700,.F.);
#10726=EDGE_CURVE('',#5812,#5813,#4448,.T.);
#10732=EDGE_CURVE('',#6107,#6101,#4530,.T.);
#10734=EDGE_CURVE('',#5812,#6107,#4490,.T.);
#10738=ADVANCED_FACE('',(#10737),#10725,.F.);
#10745=EDGE_CURVE('',#6097,#5812,#4484,.T.);
#10747=EDGE_CURVE('',#6096,#6097,#4508,.T.);
#10752=ADVANCED_FACE('',(#10751),#10743,.T.);
#10759=EDGE_CURVE('',#6093,#6097,#4512,.T.);
#10763=EDGE_CURVE('',#6106,#6107,#4523,.T.);
#10768=ADVANCED_FACE('',(#10767),#10757,.T.);
#10780=ADVANCED_FACE('',(#10779),#10773,.T.);
#10790=EDGE_CURVE('',#5804,#5805,#4534,.T.);
#10795=ADVANCED_FACE('',(#10794),#10785,.T.);
#10801=EDGE_CURVE('',#5796,#5797,#4538,.T.);
#10808=ADVANCED_FACE('',(#10807),#10800,.F.);
#10816=EDGE_CURVE('',#5800,#5801,#4542,.T.);
#10821=ADVANCED_FACE('',(#10820),#10813,.T.);
#10833=ADVANCED_FACE('',(#10832),#10826,.T.);
#10839=EDGE_CURVE('',#6163,#6164,#4551,.T.);
#10841=EDGE_CURVE('',#6164,#6165,#4560,.T.);
#10843=EDGE_CURVE('',#6165,#5920,#4565,.T.);
#10845=EDGE_CURVE('',#5920,#5912,#4579,.T.);
#10847=EDGE_CURVE('',#5912,#5916,#4583,.T.);
#10849=EDGE_CURVE('',#5916,#6153,#4603,.T.);
#10852=EDGE_CURVE('',#6149,#5904,#4623,.T.);
#10854=EDGE_CURVE('',#5908,#5904,#4627,.T.);
#10856=EDGE_CURVE('',#5908,#5900,#4641,.T.);
#10858=EDGE_CURVE('',#5900,#6163,#4646,.T.);
#10862=ADVANCED_FACE('',(#10861),#10838,.F.);
#10868=EDGE_CURVE('',#5924,#5925,#4650,.T.);
#10870=EDGE_CURVE('',#6171,#5924,#4884,.T.);
#10872=EDGE_CURVE('',#6165,#6171,#4907,.T.);
#10876=EDGE_CURVE('',#6163,#6169,#4709,.T.);
#10878=EDGE_CURVE('',#5925,#6169,#4674,.T.);
#10882=ADVANCED_FACE('',(#10881),#10867,.F.);
#10889=EDGE_CURVE('',#6157,#5925,#4668,.T.);
#10891=EDGE_CURVE('',#6157,#6158,#4888,.T.);
#10893=EDGE_CURVE('',#5924,#6158,#4854,.T.);
#10897=ADVANCED_FACE('',(#10896),#10887,.T.);
#10905=EDGE_CURVE('',#6169,#6170,#4678,.T.);
#10907=EDGE_CURVE('',#6170,#5929,#4684,.T.);
#10909=EDGE_CURVE('',#5929,#6161,#4702,.T.);
#10911=EDGE_CURVE('',#6157,#6161,#4892,.T.);
#10915=ADVANCED_FACE('',(#10914),#10902,.T.);
#10923=EDGE_CURVE('',#5900,#5901,#4713,.T.);
#10925=EDGE_CURVE('',#6168,#5901,#4751,.T.);
#10927=EDGE_CURVE('',#6170,#6168,#4720,.T.);
#10932=ADVANCED_FACE('',(#10931),#10920,.T.);
#10940=EDGE_CURVE('',#5908,#5909,#4724,.T.);
#10942=EDGE_CURVE('',#5901,#5909,#4765,.T.);
#10946=ADVANCED_FACE('',(#10945),#10937,.F.);
#10952=EDGE_CURVE('',#5904,#5905,#4728,.T.);
#10954=EDGE_CURVE('',#5909,#5905,#4769,.T.);
#10960=ADVANCED_FACE('',(#10959),#10951,.T.);
#10969=EDGE_CURVE('',#5905,#6150,#4789,.T.);
#10973=ADVANCED_FACE('',(#10972),#10965,.T.);
#10979=EDGE_CURVE('',#6166,#6167,#4737,.T.);
#10981=EDGE_CURVE('',#6167,#6168,#4746,.T.);
#10988=EDGE_CURVE('',#6154,#5917,#4809,.T.);
#10990=EDGE_CURVE('',#5913,#5917,#4813,.T.);
#10992=EDGE_CURVE('',#5913,#5921,#4827,.T.);
#10994=EDGE_CURVE('',#5921,#6166,#4832,.T.);
#10998=ADVANCED_FACE('',(#10997),#10978,.F.);
#11004=EDGE_CURVE('',#5928,#5929,#4836,.T.);
#11010=EDGE_CURVE('',#6172,#6166,#4918,.T.);
#11012=EDGE_CURVE('',#5928,#6172,#4878,.T.);
#11016=ADVANCED_FACE('',(#11015),#11003,.F.);
#11023=EDGE_CURVE('',#6162,#5928,#4872,.T.);
#11025=EDGE_CURVE('',#6161,#6162,#4896,.T.);
#11030=ADVANCED_FACE('',(#11029),#11021,.T.);
#11037=EDGE_CURVE('',#6158,#6162,#4900,.T.);
#11041=EDGE_CURVE('',#6171,#6172,#4911,.T.);
#11046=ADVANCED_FACE('',(#11045),#11035,.T.);
#11058=ADVANCED_FACE('',(#11057),#11051,.T.);
#11068=EDGE_CURVE('',#5920,#5921,#4922,.T.);
#11073=ADVANCED_FACE('',(#11072),#11063,.T.);
#11079=EDGE_CURVE('',#5912,#5913,#4926,.T.);
#11086=ADVANCED_FACE('',(#11085),#11078,.F.);
#11094=EDGE_CURVE('',#5916,#5917,#4930,.T.);
#11099=ADVANCED_FACE('',(#11098),#11091,.T.);
#11111=ADVANCED_FACE('',(#11110),#11104,.T.);
#11117=EDGE_CURVE('',#6228,#6229,#4939,.T.);
#11119=EDGE_CURVE('',#6229,#6230,#4948,.T.);
#11121=EDGE_CURVE('',#6230,#6036,#4953,.T.);
#11123=EDGE_CURVE('',#6036,#6028,#4967,.T.);
#11125=EDGE_CURVE('',#6028,#6032,#4971,.T.);
#11127=EDGE_CURVE('',#6032,#6218,#4991,.T.);
#11130=EDGE_CURVE('',#6214,#6020,#5011,.T.);
#11132=EDGE_CURVE('',#6024,#6020,#5015,.T.);
#11134=EDGE_CURVE('',#6024,#6016,#5029,.T.);
#11136=EDGE_CURVE('',#6016,#6228,#5034,.T.);
#11140=ADVANCED_FACE('',(#11139),#11116,.F.);
#11146=EDGE_CURVE('',#6040,#6041,#5038,.T.);
#11148=EDGE_CURVE('',#6236,#6040,#5272,.T.);
#11150=EDGE_CURVE('',#6230,#6236,#5295,.T.);
#11154=EDGE_CURVE('',#6228,#6234,#5097,.T.);
#11156=EDGE_CURVE('',#6041,#6234,#5062,.T.);
#11160=ADVANCED_FACE('',(#11159),#11145,.F.);
#11167=EDGE_CURVE('',#6222,#6041,#5056,.T.);
#11169=EDGE_CURVE('',#6222,#6223,#5276,.T.);
#11171=EDGE_CURVE('',#6040,#6223,#5242,.T.);
#11175=ADVANCED_FACE('',(#11174),#11165,.T.);
#11183=EDGE_CURVE('',#6234,#6235,#5066,.T.);
#11185=EDGE_CURVE('',#6235,#6045,#5072,.T.);
#11187=EDGE_CURVE('',#6045,#6226,#5090,.T.);
#11189=EDGE_CURVE('',#6222,#6226,#5280,.T.);
#11193=ADVANCED_FACE('',(#11192),#11180,.T.);
#11201=EDGE_CURVE('',#6016,#6017,#5101,.T.);
#11203=EDGE_CURVE('',#6233,#6017,#5139,.T.);
#11205=EDGE_CURVE('',#6235,#6233,#5108,.T.);
#11210=ADVANCED_FACE('',(#11209),#11198,.T.);
#11218=EDGE_CURVE('',#6024,#6025,#5112,.T.);
#11220=EDGE_CURVE('',#6017,#6025,#5153,.T.);
#11224=ADVANCED_FACE('',(#11223),#11215,.F.);
#11230=EDGE_CURVE('',#6020,#6021,#5116,.T.);
#11232=EDGE_CURVE('',#6025,#6021,#5157,.T.);
#11238=ADVANCED_FACE('',(#11237),#11229,.T.);
#11247=EDGE_CURVE('',#6021,#6215,#5177,.T.);
#11251=ADVANCED_FACE('',(#11250),#11243,.T.);
#11257=EDGE_CURVE('',#6231,#6232,#5125,.T.);
#11259=EDGE_CURVE('',#6232,#6233,#5134,.T.);
#11266=EDGE_CURVE('',#6219,#6033,#5197,.T.);
#11268=EDGE_CURVE('',#6029,#6033,#5201,.T.);
#11270=EDGE_CURVE('',#6029,#6037,#5215,.T.);
#11272=EDGE_CURVE('',#6037,#6231,#5220,.T.);
#11276=ADVANCED_FACE('',(#11275),#11256,.F.);
#11282=EDGE_CURVE('',#6044,#6045,#5224,.T.);
#11288=EDGE_CURVE('',#6237,#6231,#5306,.T.);
#11290=EDGE_CURVE('',#6044,#6237,#5266,.T.);
#11294=ADVANCED_FACE('',(#11293),#11281,.F.);
#11301=EDGE_CURVE('',#6227,#6044,#5260,.T.);
#11303=EDGE_CURVE('',#6226,#6227,#5284,.T.);
#11308=ADVANCED_FACE('',(#11307),#11299,.T.);
#11315=EDGE_CURVE('',#6223,#6227,#5288,.T.);
#11319=EDGE_CURVE('',#6236,#6237,#5299,.T.);
#11324=ADVANCED_FACE('',(#11323),#11313,.T.);
#11336=ADVANCED_FACE('',(#11335),#11329,.T.);
#11346=EDGE_CURVE('',#6036,#6037,#5310,.T.);
#11351=ADVANCED_FACE('',(#11350),#11341,.T.);
#11357=EDGE_CURVE('',#6028,#6029,#5314,.T.);
#11364=ADVANCED_FACE('',(#11363),#11356,.F.);
#11372=EDGE_CURVE('',#6032,#6033,#5318,.T.);
#11377=ADVANCED_FACE('',(#11376),#11369,.T.);
#11389=ADVANCED_FACE('',(#11388),#11382,.T.);
#11392=(LENGTH_UNIT()NAMED_UNIT(*)SI_UNIT(.MILLI.,.METRE.));
#11393=(NAMED_UNIT(*)PLANE_ANGLE_UNIT()SI_UNIT($,.RADIAN.));
#11396=(NAMED_UNIT(*)SI_UNIT($,.STERADIAN.)SOLID_ANGLE_UNIT());
#11398=(GEOMETRIC_REPRESENTATION_CONTEXT(3)GLOBAL_UNCERTAINTY_ASSIGNED_CONTEXT((
#11397))GLOBAL_UNIT_ASSIGNED_CONTEXT((#11392,#11395,#11396))REPRESENTATION_CONTEXT('ID1','3'));
#11399=ADVANCED_BREP_SHAPE_REPRESENTATION('',(#11391),#11398);
#11406=PRODUCT_DEFINITION('part definition','',#11405,#11402);
#11407=PRODUCT_DEFINITION_SHAPE('','SHAPE FOR C-284391-4.',#11406);
#11408=SHAPE_ASPECT('','solid data associated with C-284391-4',#11407,.F.);
#11409=PROPERTY_DEFINITION('',
'shape for solid data with which properties are associated',#11408);
#11410=SHAPE_REPRESENTATION('',(#11391),#11398);
#11411=SHAPE_DEFINITION_REPRESENTATION(#11409,#11410);
#11412=(LENGTH_UNIT()NAMED_UNIT(*)SI_UNIT(.MILLI.,.METRE.));
#11416=PROPERTY_DEFINITION('geometric validation property','area of C-284391-4',
#11408);
#11417=REPRESENTATION('surface area',(#11415),#11398);
#11418=PROPERTY_DEFINITION_REPRESENTATION(#11416,#11417);
#11419=(LENGTH_UNIT()NAMED_UNIT(*)SI_UNIT(.MILLI.,.METRE.));
#11423=PROPERTY_DEFINITION('geometric validation property',
'volume of C-284391-4',#11408);
#11424=REPRESENTATION('volume',(#11422),#11398);
#11425=PROPERTY_DEFINITION_REPRESENTATION(#11423,#11424);
#11427=PROPERTY_DEFINITION('geometric validation property',
'centroid of C-284391-4',#11408);
#11428=REPRESENTATION('centroid',(#11426),#11398);
#11429=PROPERTY_DEFINITION_REPRESENTATION(#11427,#11428);
#11430=(LENGTH_UNIT()NAMED_UNIT(*)SI_UNIT(.MILLI.,.METRE.));
#11434=PROPERTY_DEFINITION('geometric validation property','area of C-284391-4',
#11407);
#11435=REPRESENTATION('surface area',(#11433),#11398);
#11436=PROPERTY_DEFINITION_REPRESENTATION(#11434,#11435);
#11437=(LENGTH_UNIT()NAMED_UNIT(*)SI_UNIT(.MILLI.,.METRE.));
#11441=PROPERTY_DEFINITION('geometric validation property',
'volume of C-284391-4',#11407);
#11442=REPRESENTATION('volume',(#11440),#11398);
#11443=PROPERTY_DEFINITION_REPRESENTATION(#11441,#11442);
#11445=PROPERTY_DEFINITION('geometric validation property',
'centroid of C-284391-4',#11407);
#11446=REPRESENTATION('centroid',(#11444),#11398);
#11447=PROPERTY_DEFINITION_REPRESENTATION(#11445,#11446);
#11448=SHAPE_DEFINITION_REPRESENTATION(#11407,#11399);
#11450=PROPERTY_DEFINITION('PART_NO','user defined attribute',#11406);
#11454=REPRESENTATION('',(#11453),#11398);
#11455=PROPERTY_DEFINITION_REPRESENTATION(#11450,#11454);
#11456=PROPERTY_DEFINITION('DWG_TITLE','user defined attribute',#11406);
#11460=REPRESENTATION('',(#11459),#11398);
#11461=PROPERTY_DEFINITION_REPRESENTATION(#11456,#11460);
#11462=PROPERTY_DEFINITION('DWG_TITLE_2','user defined attribute',#11406);
#11466=REPRESENTATION('',(#11465),#11398);
#11467=PROPERTY_DEFINITION_REPRESENTATION(#11462,#11466);
#11468=PROPERTY_DEFINITION('DESC','user defined attribute',#11406);
#11472=REPRESENTATION('',(#11471),#11398);
#11473=PROPERTY_DEFINITION_REPRESENTATION(#11468,#11472);
#11474=PROPERTY_DEFINITION('DOC_STATUS','user defined attribute',#11406);
#11478=REPRESENTATION('',(#11477),#11398);
#11479=PROPERTY_DEFINITION_REPRESENTATION(#11474,#11478);
#11480=PROPERTY_DEFINITION('MOD_NUM','user defined attribute',#11406);
#11484=REPRESENTATION('',(#11483),#11398);
#11485=PROPERTY_DEFINITION_REPRESENTATION(#11480,#11484);
#11486=PROPERTY_DEFINITION('PDMREV','user defined attribute',#11406);
#11490=REPRESENTATION('',(#11489),#11398);
#11491=PROPERTY_DEFINITION_REPRESENTATION(#11486,#11490);
#11492=PROPERTY_DEFINITION('PDMDB','user defined attribute',#11406);
#11496=REPRESENTATION('',(#11495),#11398);
#11497=PROPERTY_DEFINITION_REPRESENTATION(#11492,#11496);
#11498=PROPERTY_DEFINITION('PDMRL','user defined attribute',#11406);
#11502=REPRESENTATION('',(#11501),#11398);
#11503=PROPERTY_DEFINITION_REPRESENTATION(#11498,#11502);
#11504=PROPERTY_DEFINITION('PROI_REVISION','user defined attribute',#11406);
#11508=REPRESENTATION('',(#11507),#11398);
#11509=PROPERTY_DEFINITION_REPRESENTATION(#11504,#11508);
#11510=PROPERTY_DEFINITION('PROI_VERSION','user defined attribute',#11406);
#11514=REPRESENTATION('',(#11513),#11398);
#11515=PROPERTY_DEFINITION_REPRESENTATION(#11510,#11514);
#11516=PROPERTY_DEFINITION('PROI_BRANCH','user defined attribute',#11406);
#11520=REPRESENTATION('',(#11519),#11398);
#11521=PROPERTY_DEFINITION_REPRESENTATION(#11516,#11520);
#11522=PROPERTY_DEFINITION('PROI_RELEASE','user defined attribute',#11406);
#11526=REPRESENTATION('',(#11525),#11398);
#11527=PROPERTY_DEFINITION_REPRESENTATION(#11522,#11526);
#11528=PROPERTY_DEFINITION('PTC_MODIFIED','user defined attribute',#11406);
#11532=REPRESENTATION('',(#11531),#11398);
#11533=PROPERTY_DEFINITION_REPRESENTATION(#11528,#11532);
#11535=REPRESENTATION('',(#11534),#11398);
#11536=PROPERTY_DEFINITION('attribute type designation','Yes No',#11529);
#11537=PROPERTY_DEFINITION_REPRESENTATION(#11536,#11535);
#11538=PROPERTY_DEFINITION('PROI_CREATED_BY','user defined attribute',#11406);
#11542=REPRESENTATION('',(#11541),#11398);
#11543=PROPERTY_DEFINITION_REPRESENTATION(#11538,#11542);
#11544=PROPERTY_DEFINITION('PROI_CREATED_ON','user defined attribute',#11406);
#11548=REPRESENTATION('',(#11547),#11398);
#11549=PROPERTY_DEFINITION_REPRESENTATION(#11544,#11548);
#11550=PROPERTY_DEFINITION('PROI_LOCATION','user defined attribute',#11406);
#11554=REPRESENTATION('',(#11553),#11398);
#11555=PROPERTY_DEFINITION_REPRESENTATION(#11550,#11554);
#11556=PROPERTY_DEFINITION('PTC_COMMON_NAME','user defined attribute',#11406);
#11560=REPRESENTATION('',(#11559),#11398);
#11561=PROPERTY_DEFINITION_REPRESENTATION(#11556,#11560);
#11562=PROPERTY_DEFINITION('PTC_ORGANIZATION_ID','user defined attribute',
#11406);
#11566=REPRESENTATION('',(#11565),#11398);
#11567=PROPERTY_DEFINITION_REPRESENTATION(#11562,#11566);
#11568=PROPERTY_DEFINITION('PTC_WM_REVISION','user defined attribute',#11406);
#11572=REPRESENTATION('',(#11571),#11398);
#11573=PROPERTY_DEFINITION_REPRESENTATION(#11568,#11572);
#11574=PROPERTY_DEFINITION('PTC_WM_ITERATION','user defined attribute',#11406);
#11578=REPRESENTATION('',(#11577),#11398);
#11579=PROPERTY_DEFINITION_REPRESENTATION(#11574,#11578);
#11580=PROPERTY_DEFINITION('PTC_WM_VERSION','user defined attribute',#11406);
#11584=REPRESENTATION('',(#11583),#11398);
#11585=PROPERTY_DEFINITION_REPRESENTATION(#11580,#11584);
#11586=PROPERTY_DEFINITION('PTC_WM_LIFECYCLE_STATE','user defined attribute',
#11406);
#11590=REPRESENTATION('',(#11589),#11398);
#11591=PROPERTY_DEFINITION_REPRESENTATION(#11586,#11590);
#11592=PROPERTY_DEFINITION('PTC_WM_LIFECYCLE','user defined attribute',#11406);
#11596=REPRESENTATION('',(#11595),#11398);
#11597=PROPERTY_DEFINITION_REPRESENTATION(#11592,#11596);
#11598=PROPERTY_DEFINITION('PTC_WM_LOCATION','user defined attribute',#11406);
#11602=REPRESENTATION('',(#11601),#11398);
#11603=PROPERTY_DEFINITION_REPRESENTATION(#11598,#11602);
#11604=PROPERTY_DEFINITION('PTC_WM_CREATED_BY','user defined attribute',#11406);
#11608=REPRESENTATION('',(#11607),#11398);
#11609=PROPERTY_DEFINITION_REPRESENTATION(#11604,#11608);
#11610=PROPERTY_DEFINITION('PTC_WM_CREATED_ON','user defined attribute',#11406);
#11614=REPRESENTATION('',(#11613),#11398);
#11615=PROPERTY_DEFINITION_REPRESENTATION(#11610,#11614);
#11616=PROPERTY_DEFINITION('PTC_WM_MODIFIED_BY','user defined attribute',
#11406);
#11620=REPRESENTATION('',(#11619),#11398);
#11621=PROPERTY_DEFINITION_REPRESENTATION(#11616,#11620);
#11622=PROPERTY_DEFINITION('PTC_WM_MODIFIED_ON','user defined attribute',
#11406);
#11626=REPRESENTATION('',(#11625),#11398);
#11627=PROPERTY_DEFINITION_REPRESENTATION(#11622,#11626);
#11628=PROPERTY_DEFINITION('PTC_WM_TEAM','user defined attribute',#11406);
#11632=REPRESENTATION('',(#11631),#11398);
#11633=PROPERTY_DEFINITION_REPRESENTATION(#11628,#11632);
#11634=PROPERTY_DEFINITION('EXPORT_RESTRICTED','user defined attribute',#11406);
#11638=REPRESENTATION('',(#11637),#11398);
#11639=PROPERTY_DEFINITION_REPRESENTATION(#11634,#11638);
#11640=PROPERTY_DEFINITION('PART_REV','user defined attribute',#11406);
#11644=REPRESENTATION('',(#11643),#11398);
#11645=PROPERTY_DEFINITION_REPRESENTATION(#11640,#11644);
#11646=PROPERTY_DEFINITION('COMMENTS','user defined attribute',#11406);
#11650=REPRESENTATION('',(#11649),#11398);
#11651=PROPERTY_DEFINITION_REPRESENTATION(#11646,#11650);
ENDSEC;
END-ISO-10303-21;
